pqif,seed,nloop,sigma2,tau_rec,tau_div,tau_con,tau_chn,sim,vrest,gain
0.0,0,15,10.839460217448066,-0.0006919116708236,-0.0002804785493305,-0.0048939554632269,-6.271758751071616e-05,1,-8.5,14.44
0.0,1,15,10.849923574170631,-0.0098454971963239,0.0007256319866632,-0.0048983129174969,0.0004990681833738,1,-8.5,14.44
0.0,2,15,9.54177328586929,-0.0093425629336911,0.0010815581755275,-0.0048964847142259,0.000324441920696,1,-8.5,14.44
0.0,3,15,10.53903515209011,0.0105920676395684,-0.0009128840986702,-0.0049293955118956,-6.696349128464718e-05,1,-8.5,14.44
0.0,4,15,11.645812206483576,-0.0184198214049297,-0.0001044255700543,-0.0049015585457869,-6.630617355727384e-05,1,-8.5,14.44
0.0,5,15,11.058683400718596,-0.0056351385526393,-0.0017017699684576,-0.0049221913432767,0.0001601382807702,1,-8.5,14.44
0.0,6,15,10.263471669587297,-0.0052537203313742,0.0018221527205027,-0.0048825613737755,-6.327685673004264e-05,1,-8.5,14.44
0.0,7,15,10.28028688156693,0.0047303570762997,-0.0001781249740515,-0.0048608372923486,-0.0001774685342633,1,-8.5,14.44
0.0,8,15,10.408580007744618,-0.0133515645923932,-0.0003083310105841,-0.0049243798548595,0.0003754115532797,1,-8.5,14.44
0.0,9,15,11.148427605222514,0.0168104448228338,-0.0012279387822782,-0.0049228152966381,-0.0003920136456884,1,-8.5,14.44
0.0,10,15,9.343470465654766,0.0022622537174695,-3.922043593189299e-05,-0.0049072035861956,2.7607719198931494e-05,1,-8.5,14.44
0.0,11,15,13.313248683484831,-5.808905896306761e-05,0.0009192122195604,-0.004927806183924,0.0002295293025784,1,-8.5,14.44
0.0,12,15,11.897785526064135,0.0148473894862716,-0.0003693332454511,-0.0048188293465201,-6.40074523688694e-05,1,-8.5,14.44
0.0,13,15,9.950043408131757,-0.0037209294310506,0.0006836486741002,-0.0048562679808506,-3.8964714436189165e-05,1,-8.5,14.44
0.0,14,15,10.398711591362774,0.005889621525359,-0.0005399180591151,-0.0048829011195622,-0.0001011270439958,1,-8.5,14.44
0.0,15,15,11.122357782683894,-0.0224338815064695,-0.0009901251419064,-0.004902628863385,0.0003955909952998,1,-8.5,14.44
0.0,16,15,10.802843057296805,0.0117481312038925,0.0014384400132721,-0.0048873572193849,0.0002333245843063,1,-8.5,14.44
0.0,17,15,10.53604509188036,-0.0004509745789333,0.0002330876107223,-0.0048903325257483,-0.0001922770523327,1,-8.5,14.44
0.0,18,15,9.930736603606976,0.003965651690283,-0.0013117889082367,-0.0048369184840226,-0.0001111216440867,1,-8.5,14.44
0.0,19,15,10.373661128975384,-0.0085474407396458,-0.0006872495223188,-0.004891877776733,0.0001233128632994,1,-8.5,14.44
0.0,20,15,10.226243231328532,-0.0163104270918906,0.0008675338608547,-0.0048824482356186,0.000507843469621,1,-8.5,14.44
0.0,21,15,12.093560669512703,0.0047402800005226,-0.0003142467065229,-0.0049459594588174,-0.0001132092984725,1,-8.5,14.44
0.0,22,15,11.180962795872263,0.0214164907245727,-0.0010698830311718,-0.0049023267125304,-0.0005063973876733,1,-8.5,14.44
0.0,23,15,10.566036258900686,0.0101044755623852,-0.0004459579839094,-0.0048632311326169,4.744953130239156e-05,1,-8.5,14.44
0.0,24,15,11.85362017708414,0.0084250383724562,-0.0011049400959881,-0.0049206485639054,3.815048486220949e-05,1,-8.5,14.44
0.0,25,15,9.8651653358191,-0.0054902644341505,0.0050272550996091,-0.0049223899725651,-0.0003497647616706,1,-8.5,14.44
0.0,26,15,10.675263407731435,-0.0003159507800976,-0.0013660704272001,-0.0049110818129472,-0.0001067408866501,1,-8.5,14.44
0.0,27,15,11.038000104137542,0.0142927500205714,-0.0002390842298467,-0.004916316609097,6.128652828928468e-05,1,-8.5,14.44
0.0,28,15,11.93073561344314,-0.0137912570616768,0.0008523238088628,-0.0049036050029228,8.169125669156111e-05,1,-8.5,14.44
0.0,29,15,9.76921810642387,-0.0072773168905371,0.0002825317594701,-0.0049113918847465,3.269837926810435e-05,1,-8.5,14.44
0.0,30,15,10.19743257414369,0.0031656133768807,-0.0009776917172076,-0.0048802276953796,-4.688683498937584e-05,1,-8.5,14.44
0.0,31,15,10.447857919635542,-0.0242083680848775,0.0002439323691583,-0.0048140015346231,0.0002588581488132,1,-8.5,14.44
0.0,32,15,9.741092366713472,-0.0058493696937454,0.0001808123945657,-0.0049059960321589,0.0001762677965685,1,-8.5,14.44
0.0,33,15,10.280514257876156,-0.0067445149366238,0.0004799514654658,-0.0048743330478382,-0.0001318654677555,1,-8.5,14.44
0.0,34,15,11.725277407603455,-0.007161334587931,-0.000505729422099,-0.0049340934856851,-8.893122825855712e-05,1,-8.5,14.44
0.0,35,15,11.036512839333191,0.0087828188402538,-0.0021527403021537,-0.0049053253192775,-9.426470625403306e-05,1,-8.5,14.44
0.0,36,15,10.29823126874806,-0.0089173181217943,4.882508729294077e-05,-0.0049299677308831,0.0002573002329403,1,-8.5,14.44
0.0,37,15,11.197621388826803,0.0098618182624968,0.001495807744873,-0.0049226797216292,-0.000448150399215,1,-8.5,14.44
0.0,38,15,9.82600986114857,-0.0011216677324757,-0.0009955614357601,-0.0049233325191598,-4.408871046459963e-05,1,-8.5,14.44
0.0,39,15,10.823689538771571,0.0015233811931715,-0.0008433380040305,-0.0049068873391361,-0.0001561480651479,1,-8.5,14.44
0.0,40,15,9.958962175778668,-0.0019829964224106,-0.0007044822019204,-0.0048438211628263,-0.000370947122934,1,-8.5,14.44
0.0,41,15,9.412840869926653,0.0018845865450936,-0.0004095493902229,-0.0048437467078281,-0.0003536281954397,1,-8.5,14.44
0.0,42,15,12.089037717623246,-0.0094022416440265,0.0008312597937913,-0.0049389856606843,0.0001691917333143,1,-8.5,14.44
0.0,43,15,11.071817170501204,0.0018118134907356,-0.0008111928826402,-0.0049218652743283,-0.0001463793546918,1,-8.5,14.44
0.0,44,15,8.86574076813229,-0.0022145867048991,-5.264339232532008e-05,-0.0048282402937676,-0.0002368016967344,1,-8.5,14.44
0.0,45,15,9.852002378401789,-0.0076453280562125,0.0004381774156541,-0.0048404149096992,-0.0002803497804354,1,-8.5,14.44
0.0,46,15,11.26236588634518,-0.0008791458909489,0.0008595937800212,-0.004800786220564,-3.55929757955893e-05,1,-8.5,14.44
0.0,47,15,10.982289940038717,-0.0011573602031942,-0.0014545066359397,-0.0049309242357033,5.113269736755291e-06,1,-8.5,14.44
0.0,48,15,10.927216982047623,0.0079678374425437,-0.0007060435519986,-0.0048816790025395,-0.0002034455858736,1,-8.5,14.44
0.0,49,15,10.25697581892322,-0.0039673628761078,0.0005712719800364,-0.0047191523675908,0.0001584345308254,1,-8.5,14.44
0.25,0,15,12.027977562255929,-0.0139211530506806,-2.815081885936473e-05,-0.0047061328818059,0.0001403483821114,1,-8.5,14.44
0.25,1,15,11.81350027059379,-0.0234349536338165,0.0009263205206922,-0.0048486821401911,0.0005863232773166,1,-8.5,14.44
0.25,2,15,11.149374837866064,-0.0225325229855238,0.0011837493367705,-0.0047625422095502,0.0006911464373325,1,-8.5,14.44
0.25,3,15,11.50753719902818,-0.0019127044070521,-0.000757941929335,-0.0046858509909464,-5.9118444183768616e-05,1,-8.5,14.44
0.25,4,15,13.248149410472609,-0.0403977462108726,-0.0002848700002714,-0.0047968063121428,-7.445296962211671e-05,1,-8.5,14.44
0.25,5,15,12.121845262963616,-0.0203332936592173,-0.0014355925736378,-0.0048046789331161,0.0002372488861661,1,-8.5,14.44
0.25,6,15,11.65079276456907,-0.0182342882206953,0.0020842237632436,-0.0047535199694078,0.0001286420304489,1,-8.5,14.44
0.25,7,15,11.422513364734897,-0.0175139078893195,-0.0001177865475768,-0.0047107204403982,-0.0001659865371872,1,-8.5,14.44
0.25,8,15,11.372111474735204,-0.0377324846180373,-0.0004871178547965,-0.0047296812926437,0.001148867933658,1,-8.5,14.44
0.25,9,15,11.827624148542622,0.0012522805435039,-0.0006657413532457,-0.0046508673854164,6.281664740332096e-05,1,-8.5,14.44
0.25,10,15,10.490290451912188,-0.0165197991982898,-0.000879325881096,-0.0047474484660279,0.0003878637767128,1,-8.5,14.44
0.25,11,15,13.10451923650736,-0.0191178688254576,0.0008967532532102,-0.004700682964401,0.0007811698924209,1,-8.5,14.44
0.25,12,15,12.370482540829787,-0.0178424638414512,-0.0004254529935384,-0.00464654673742,0.0001786236303768,1,-8.5,14.44
0.25,13,15,11.098599293779795,-0.0214864576775764,0.0008536210701453,-0.0047790909365701,0.0004400483185666,1,-8.5,14.44
0.25,14,15,11.157979454696193,-0.0243735015459236,-0.0008382605695738,-0.0047197950754685,-0.000286586358,1,-8.5,14.44
0.25,15,15,11.582551575552738,-0.0267263508479452,-0.0010014007326265,-0.004769017013971,0.0004015707568301,1,-8.5,14.44
0.25,16,15,11.956331193970804,-0.0130081400745301,0.0009652117997479,-0.0046767566180683,0.0003664248791866,1,-8.5,14.44
0.25,17,15,11.652636505350609,-0.0205345052347289,0.0006270832054416,-0.0047198289762998,-0.0004036387832538,1,-8.5,14.44
0.25,18,15,11.05040241644647,-0.0005047413085522,-0.00162557489371,-0.0047395595045689,8.930244757432315e-06,1,-8.5,14.44
0.25,19,15,11.459224319776467,-0.0245074580085417,-0.0007037920545995,-0.0047516813605085,0.0004346806225116,1,-8.5,14.44
0.25,20,15,11.734031292177455,-0.0395650877868146,0.0011366369479135,-0.0047752721251687,0.0006480442443941,1,-8.5,14.44
0.25,21,15,12.29153190121689,0.0010573146535542,0.0001093745072582,-0.0047937224480894,-1.819758220959294e-05,1,-8.5,14.44
0.25,22,15,11.759701451567066,-0.0100587816309371,-0.0009059504776045,-0.0047568054773183,0.0002865736456588,1,-8.5,14.44
0.25,23,15,11.844409319781107,-0.0122312157257748,-0.000657570071087,-0.0047321389630082,0.0001559442362014,1,-8.5,14.44
0.25,24,15,12.584198964809838,-0.0243020781782753,-0.0011676590055965,-0.0048461681181848,0.0001015951230403,1,-8.5,14.44
0.25,25,15,10.835701499467646,-0.0266614944291644,0.0052099078893364,-0.0047764624277088,-0.0008373050200593,1,-8.5,14.44
0.25,26,15,12.121986816727023,-0.0101120635493215,-0.0016373981975398,-0.0047850927191955,-1.756290418670535e-06,1,-8.5,14.44
0.25,27,15,12.45955471721802,-0.0117376945226884,-0.000430027267685,-0.0045904161795305,0.0003314312854919,1,-8.5,14.44
0.25,28,15,11.92651324785608,-0.0268080724296573,0.0006823448117858,-0.0047600533103283,0.0004618436532203,1,-8.5,14.44
0.25,29,15,11.074709037248686,-0.0340501002090697,5.071571921485912e-05,-0.0047313080733044,4.770899308652196e-05,1,-8.5,14.44
0.25,30,15,11.202594049262082,-0.0204347527891669,-0.0010951422468041,-0.0046027411739861,0.0002930418598209,1,-8.5,14.44
0.25,31,15,11.391729276899746,-0.0268066397329742,0.0004245534930598,-0.004611526986973,0.0008805269927761,1,-8.5,14.44
0.25,32,15,10.770956821978851,-0.0289288450204042,0.000184859079544,-0.0048141139110953,0.0004802310724714,1,-8.5,14.44
0.25,33,15,11.125543436520406,-0.0235444673412395,0.0009472969547159,-0.004630755662192,2.309288953214148e-05,1,-8.5,14.44
0.25,34,15,12.355281321989368,-0.0302269719791566,-0.0007789340784132,-0.0047068952337197,3.5108752411018794e-05,1,-8.5,14.44
0.25,35,15,11.857240160806803,-0.0076423531555873,-0.0018853468334992,-0.0047656887275245,0.0001122672598121,1,-8.5,14.44
0.25,36,15,11.332518868445892,-0.0268816202005226,0.0001296592166442,-0.0045939603502666,9.806999238070884e-05,1,-8.5,14.44
0.25,37,15,11.69477069750402,-0.003110310492202,0.0010227771882543,-0.0047927710150593,0.0001754666638848,1,-8.5,14.44
0.25,38,15,11.292823075773276,-0.0197066140664035,-0.0007765164536134,-0.0045787442901005,0.0003070535083411,1,-8.5,14.44
0.25,39,15,11.893196405733388,-0.0262475159867193,-0.0006937641666765,-0.0046918684783191,-4.147870862404441e-06,1,-8.5,14.44
0.25,40,15,11.248700279801342,-0.0337570028310884,-0.0010962407459008,-0.0047486825647868,-8.841958261729509e-06,1,-8.5,14.44
0.25,41,15,10.360610796170024,-0.0181002014927692,-0.00032207436847,-0.0047223397262351,-1.9079601414868347e-05,1,-8.5,14.44
0.25,42,15,13.075882031939727,-0.0274943160086902,0.0007074649848642,-0.0047747116946388,0.0007438239538241,1,-8.5,14.44
0.25,43,15,12.018131338685684,-0.0065730936906858,-0.000274471965211,-0.0048304947201145,-6.373183063087238e-05,1,-8.5,14.44
0.25,44,15,9.774763820309088,-0.017057634186115,-0.0004294181294641,-0.0045399690609122,-0.0004843600214082,1,-8.5,14.44
0.25,45,15,11.14764390262769,-0.0258269201356118,0.0005631093054759,-0.0046924369715257,-0.0002688358772486,1,-8.5,14.44
0.25,46,15,12.67438382132787,-0.010980123261126,0.000892547585907,-0.0043935377801618,0.0002540914418404,1,-8.5,14.44
0.25,47,15,11.762164442667418,-0.0096895205276905,-0.0015503968232146,-0.0048110224951771,0.0001858076528338,1,-8.5,14.44
0.25,48,15,11.619623061771538,-0.013414119398119,-0.0009858850906215,-0.0046377480193848,-0.0001073235590418,1,-8.5,14.44
0.25,49,15,11.15980813745765,-0.0177839109220317,0.0003688010223406,-0.0045684137888238,0.0007190719859189,1,-8.5,14.44
0.5,0,15,13.15409283140345,-0.0239520281740693,-0.0001129597099904,-0.0044581132398303,0.0001560783492674,1,-8.5,14.44
0.5,1,15,13.286427440925763,-0.0461398471081753,0.0013530105287913,-0.0046510459326395,0.0004068449238851,1,-8.5,14.44
0.5,2,15,12.269702888988077,-0.0396852987690229,0.0012721419248597,-0.0047226234714729,0.0006210613882538,1,-8.5,14.44
0.5,3,15,13.139365404485655,-0.0167911185059995,-0.0010761584997392,-0.0046236867989135,-4.548742685529857e-05,1,-8.5,14.44
0.5,4,15,14.570334120315694,-0.0528786171181125,-0.0003659337251905,-0.0046923433069322,-0.0001706785142814,1,-8.5,14.44
0.5,5,15,12.917217140130948,-0.0329873806112634,-0.0018984806398912,-0.0043543279438095,0.0006025332263646,1,-8.5,14.44
0.5,6,15,13.12492420695161,-0.0332021492177451,0.0022757152920854,-0.0046784219868225,0.0003004340457651,1,-8.5,14.44
0.5,7,15,12.812335090433653,-0.0403719416706641,-0.0005892349984672,-0.0047052648042841,0.0004773345099063,1,-8.5,14.44
0.5,8,15,13.162516130575456,-0.0484122289639436,-0.0006378776182538,-0.004649115749237,0.0007852612231235,1,-8.5,14.44
0.5,9,15,12.567894926699193,-0.0067248092198284,-0.0007075034585736,-0.0045918365260138,4.294462593344941e-05,1,-8.5,14.44
0.5,10,15,11.654940008793414,-0.0274332514682625,-0.00075841207689,-0.0046426602435936,0.0002162795729725,1,-8.5,14.44
0.5,11,15,13.59919331064827,-0.0369250909075092,0.0008454645330841,-0.0044396982349717,0.0011248166098807,1,-8.5,14.44
0.5,12,15,13.504155418487713,-0.0346955727722042,-9.285572323145854e-05,-0.0045082838000541,0.0004972656407409,1,-8.5,14.44
0.5,13,15,12.500611876710355,-0.0480809094982616,0.0006332373660077,-0.0045657387537762,0.001135907875633,1,-8.5,14.44
0.5,14,15,12.107401347384355,-0.0381500517937081,-0.0005083892039047,-0.0046482787119752,-0.0004440375357567,1,-8.5,14.44
0.5,15,15,12.895382203022216,-0.0473261291267083,-0.0011240054801697,-0.0044411057378423,0.0004849747852995,1,-8.5,14.44
0.5,16,15,12.838153640497158,-0.0477764619964005,0.0009319594567453,-0.0046853182399498,0.0005415471916867,1,-8.5,14.44
0.5,17,15,13.11577423020007,-0.0392970911181791,0.000647353774276,-0.0047595056735743,0.0003085724253077,1,-8.5,14.44
0.5,18,15,11.856551674521397,-0.0142727619936639,-0.0014424841462702,-0.0046864632237757,-4.73262850636602e-05,1,-8.5,14.44
0.5,19,15,13.104928453100984,-0.0388171139961514,-0.0013373764408588,-0.0046889010261275,0.0005214337877073,1,-8.5,14.44
0.5,20,15,12.774235792382738,-0.0518871754705932,0.000880261262681,-0.0045537789832789,0.0013363192350333,1,-8.5,14.44
0.5,21,15,13.29492553156856,-0.0096609679779791,-0.00045274305234,-0.0046099524215795,0.0004856402408185,1,-8.5,14.44
0.5,22,15,13.473528629732446,-0.034237361051712,-0.0007893486266116,-0.0045293872856031,0.0005213648005885,1,-8.5,14.44
0.5,23,15,13.0225687783855,-0.0284596895706486,-0.0003786659230251,-0.0046924042055553,0.0003714787678069,1,-8.5,14.44
0.5,24,15,13.001817004801907,-0.0348480669389907,-0.0009359656053568,-0.0046928847448145,3.668892954756163e-05,1,-8.5,14.44
0.5,25,15,11.920697954116624,-0.0412045148075122,0.0064559258645534,-0.0046145903417421,-0.000149121165288,1,-8.5,14.44
0.5,26,15,13.019061654942025,-0.0204044960823839,-0.0017759089838766,-0.004615056074231,6.82336569240207e-05,1,-8.5,14.44
0.5,27,15,13.715909210593614,-0.0215173839948318,-0.0002652637914651,-0.0044608427138551,0.0005385124439918,1,-8.5,14.44
0.5,28,15,13.648994130354994,-0.0518913035657793,0.0001708987250986,-0.0046306944973919,0.0008700664153614,1,-8.5,14.44
0.5,29,15,12.336816081824844,-0.0630935691112344,0.0005206310201739,-0.0046643631102009,0.0003808474507443,1,-8.5,14.44
0.5,30,15,13.130069682043372,-0.0456094150646725,-0.0009799790201069,-0.0044865759315302,0.0006693884469989,1,-8.5,14.44
0.5,31,15,12.62114889814382,-0.0586608827010066,0.0002165088629463,-0.0046857635896601,0.0011285754264357,1,-8.5,14.44
0.5,32,15,12.061608880843592,-0.0480008300984622,9.660766483437068e-05,-0.0047554194077934,0.0009895506887356,1,-8.5,14.44
0.5,33,15,12.10633222658049,-0.0517533852854679,0.0006988806518085,-0.0047587987737429,0.0003014021178772,1,-8.5,14.44
0.5,34,15,13.91653299138135,-0.0466969492015603,-0.0005812207614603,-0.0045972369513896,0.0005964772542261,1,-8.5,14.44
0.5,35,15,12.928582419747904,-0.0295365675732577,-0.0022839264872326,-0.0046136075940802,0.0006516778067103,1,-8.5,14.44
0.5,36,15,12.779668694156571,-0.0471914063734588,0.0002012594628457,-0.0045440265235093,0.0001592739147071,1,-8.5,14.44
0.5,37,15,13.638612049423392,-0.0244410832585851,0.0011731702158549,-0.0048016104183086,0.000255540999878,1,-8.5,14.44
0.5,38,15,12.75892800020648,-0.0377872474389503,-0.0013276300649875,-0.0047901279395989,0.0003713841625271,1,-8.5,14.44
0.5,39,15,13.25140269531876,-0.0486284121094495,-0.0009150129273683,-0.0047491594383824,0.0003176891910183,1,-8.5,14.44
0.5,40,15,12.06314662633903,-0.0591077609448988,-0.0013570726056032,-0.0046186609093614,0.0001655256451132,1,-8.5,14.44
0.5,41,15,11.73221827040914,-0.0365586049495452,-0.0001507600416276,-0.0045778085610676,0.0001935436728216,1,-8.5,14.44
0.5,42,15,13.785750761872828,-0.032451863520796,0.0011267560155583,-0.0046382818874146,0.0008268404800143,1,-8.5,14.44
0.5,43,15,13.687308026317856,-0.0185143090294783,-0.0003165837012721,-0.0047626947637258,0.0001570051744261,1,-8.5,14.44
0.5,44,15,11.058125189644205,-0.0374755902779109,-0.0003659831518702,-0.004587563851964,-0.0003508166887863,1,-8.5,14.44
0.5,45,15,12.448665343834938,-0.0402356312206467,0.0005010035266204,-0.0046291899371601,0.0001820855611571,1,-8.5,14.44
0.5,46,15,14.202910268594437,-0.0337260285765558,0.0008934897407257,-0.004338005025616,0.0008910720101742,1,-8.5,14.44
0.5,47,15,12.65290929844546,-0.0361667673739835,-0.0015500402622088,-0.0047714597242801,0.0003200500078186,1,-8.5,14.44
0.5,48,15,12.658848876391168,-0.0358499288789066,-0.0011833132275142,-0.0043863259116875,0.0003268732914988,1,-8.5,14.44
0.5,49,15,12.68200192368804,-0.0368554571302011,0.0002326090272607,-0.0046781630331631,0.0005748115853044,1,-8.5,14.44
0.75,0,15,15.46132273901129,-0.059323942176687,-0.0001851991264565,-0.0047054060213507,0.0007603869766361,1,-8.5,14.44
0.75,1,15,15.050732348405528,-0.0661572628861636,0.0007617751604732,-0.0046899584135497,0.0011606739933237,1,-8.5,14.44
0.75,2,15,13.981559214212568,-0.0636678068749448,0.0012657031348212,-0.0045873196928102,0.001090604707873,1,-8.5,14.44
0.75,3,15,15.277983548907333,-0.030674836801848,-0.0005921540592553,-0.004602968113058,0.0002188709692152,1,-8.5,14.44
0.75,4,15,16.248534503013058,-0.0627876474224673,9.791912852291246e-05,-0.0045829472698666,0.0003456218436614,1,-8.5,14.44
0.75,5,15,15.01004726044715,-0.0560954167158308,-0.0018664700114008,-0.004516583440902,0.0005706225081255,1,-8.5,14.44
0.75,6,15,15.181355879526878,-0.0411161767272512,0.0021954116813942,-0.0047576102497154,0.0007264772163142,1,-8.5,14.44
0.75,7,15,14.2439137840283,-0.0552155452120426,-0.0005348750407011,-0.0045810404329109,0.0007116915111358,1,-8.5,14.44
0.75,8,15,14.493889733583778,-0.0640478876201497,-0.0003155709942932,-0.0045979692417009,0.000133814121886,1,-8.5,14.44
0.75,9,15,14.362681151108672,-0.027649716896467,-0.0008821753350599,-0.0045791732315604,-0.0001489560415015,1,-8.5,14.44
0.75,10,15,13.442481386736386,-0.0398842060209909,-0.0004807085610562,-0.0046842626246592,0.0003009188722239,1,-8.5,14.44
0.75,11,15,15.359269391323595,-0.0438980231528929,0.0011905671264218,-0.0045706462589107,0.0012909684522518,1,-8.5,14.44
0.75,12,15,14.97373173905059,-0.045240171240176,-0.0002899180790167,-0.0044654156116216,0.0003627283976624,1,-8.5,14.44
0.75,13,15,14.077758704035706,-0.0645832833667812,0.0010825906634343,-0.0045046347600162,0.0009649757044636,1,-8.5,14.44
0.75,14,15,13.971390838294674,-0.0539077086999695,-9.321376241680976e-05,-0.0045509750307085,-0.0006774702321371,1,-8.5,14.44
0.75,15,15,14.4513063004298,-0.0623394502380816,-0.0010740320954958,-0.0044746204384111,0.0005185580923799,1,-8.5,14.44
0.75,16,15,14.3104663164869,-0.0514264450710557,0.0008998276223394,-0.0047611518357977,0.0007557559158282,1,-8.5,14.44
0.75,17,15,14.166464512612974,-0.0582223596935354,0.0009715920262846,-0.0046573809179004,0.0005110879167183,1,-8.5,14.44
0.75,18,15,14.056320267214142,-0.040175157165527,-0.0010052672352406,-0.0045883222427339,0.0003701236658782,1,-8.5,14.44
0.75,19,15,14.76352230694058,-0.0502102413776617,-0.0012068649600048,-0.0047219622947682,0.0007972781671049,1,-8.5,14.44
0.75,20,15,14.422359565196071,-0.0663891759269597,0.0011862128385322,-0.0045555864185111,0.0007959384161366,1,-8.5,14.44
0.75,21,15,13.98301167686588,-0.0299282088687331,0.0001008471690302,-0.0046617216242833,0.0001613907238168,1,-8.5,14.44
0.75,22,15,15.38319520219241,-0.04114148619752,-0.0007007050075397,-0.0042211732346839,-3.2649437302029663e-06,1,-8.5,14.44
0.75,23,15,14.949961997606543,-0.0388979090848151,-0.0004549658564071,-0.0046696488135563,6.087968795285485e-05,1,-8.5,14.44
0.75,24,15,14.995400547304389,-0.0453093198856036,-0.0014503659490482,-0.0046408077186008,-5.072715325609991e-05,1,-8.5,14.44
0.75,25,15,14.044422179250066,-0.0614788124457459,0.0048971990069019,-0.0044825883408538,0.0003144603198685,1,-8.5,14.44
0.75,26,15,15.082298461068913,-0.0309134806010101,-0.0018221769855263,-0.0045441237094182,0.0003098923156602,1,-8.5,14.44
0.75,27,15,15.112232629594343,-0.0399448284447253,-0.0004408065651436,-0.0046174718313919,0.0003707980940106,1,-8.5,14.44
0.75,28,15,14.28550902720042,-0.0606100676231578,0.0004440454081092,-0.004645162024777,0.0007305318583245,1,-8.5,14.44
0.75,29,15,14.41751713492858,-0.0745338672690727,0.0003637776321036,-0.0045651592543742,0.0004464398069246,1,-8.5,14.44
0.75,30,15,14.42544271363986,-0.0549262666992777,-0.0010101425152149,-0.0044634401837145,0.000839226895096,1,-8.5,14.44
0.75,31,15,14.427092253375768,-0.072437893876709,0.0004612038430469,-0.0043309045673847,0.0014125659957363,1,-8.5,14.44
0.75,32,15,13.3135410995721,-0.0555822614623421,0.000188348611617,-0.0046915644864611,0.0006523693733629,1,-8.5,14.44
0.75,33,15,13.464010414022017,-0.0576739017583678,0.0009405428455993,-0.0047431227489707,0.0003837409754734,1,-8.5,14.44
0.75,34,15,15.366552609330292,-0.0636993769379602,4.26224115955617e-05,-0.0046063400685716,0.0007002110160105,1,-8.5,14.44
0.75,35,15,14.939983292554876,-0.051383302062096,-0.0021992579534231,-0.0045817280113083,0.0007013619632709,1,-8.5,14.44
0.75,36,15,14.517274230221506,-0.0542085613743361,0.0002177466538557,-0.0045178944320696,0.0004849223002886,1,-8.5,14.44
0.75,37,15,15.13524735763031,-0.0420996152772426,0.0010090803463648,-0.0047256112182057,0.0003958467526731,1,-8.5,14.44
0.75,38,15,13.729040066245162,-0.0642304086041481,-0.000998086959012,-0.0046682047127088,0.0006710634283295,1,-8.5,14.44
0.75,39,15,14.676676566029949,-0.0568709547930374,-0.0009587529139034,-0.0046228677182957,0.0003014284815692,1,-8.5,14.44
0.75,40,15,13.384163412309702,-0.0756473829995008,-0.0010814432424503,-0.0045222821048194,0.0001496202599588,1,-8.5,14.44
0.75,41,15,13.209915815170874,-0.0532048111091306,-0.0005226325877515,-0.0045251796666011,0.000374438612004,1,-8.5,14.44
0.75,42,15,15.044178357564869,-0.0525580746135795,0.0007159341165322,-0.0046247552407503,0.0012980893107747,1,-8.5,14.44
0.75,43,15,15.3476446843684,-0.033570662813906,-0.000378913910832,-0.0046453824469909,0.0003147621889253,1,-8.5,14.44
0.75,44,15,12.5685709856723,-0.0515621228750001,-0.0003045399258623,-0.0044940324926727,-0.0003454900257464,1,-8.5,14.44
0.75,45,15,13.850322385848065,-0.056665033339301,0.0003985979223802,-0.004569995966392,0.0002064227760859,1,-8.5,14.44
0.75,46,15,15.644056627405105,-0.0396130369869691,0.0008805751691416,-0.0041007763912631,0.0005870959929043,1,-8.5,14.44
0.75,47,15,14.4090676345452,-0.0529956296167717,-0.0016517403330954,-0.0046499166568539,0.0005574629773801,1,-8.5,14.44
0.75,48,15,14.488616503963916,-0.0639302862861612,-0.0015158355473241,-0.0043915175331731,0.0002651753009847,1,-8.5,14.44
0.75,49,15,14.310740605257,-0.0475146892575064,0.0002618383578588,-0.0042670606827336,0.0013013049288067,1,-8.5,14.44
1.0,0,15,17.042911422685503,-0.0718240251714107,-0.0002663316324614,-0.004830061507147,0.0008702634781173,1,,10.74
1.0,1,15,17.059271685350453,-0.0758203797897126,0.0010779532835344,-0.0045702556736969,0.0015965003467498,1,,10.74
1.0,2,15,16.173288396398917,-0.0728702294151479,0.0014470045644377,-0.0047458927500763,0.0008476590476876,1,,10.74
1.0,3,15,16.903870687201977,-0.048642459619904,-0.0005689414880273,-0.0047121289489999,0.0003325103588634,1,,10.74
1.0,4,15,17.753902999480808,-0.077147732801348,-0.0003474698062279,-0.0047366233089052,0.0002806427421849,1,,10.74
1.0,5,15,17.18305298907256,-0.0673168933738011,-0.0018336148976229,-0.0047383979895279,0.0007611645565388,1,,10.74
1.0,6,15,17.33455495165729,-0.0568640264408431,0.0020426693078979,-0.0044691457517079,0.0018614439785291,1,,10.74
1.0,7,15,16.08006085748369,-0.0614204168814192,-0.0006821830859432,-0.0046223968769132,0.000731904688006,1,,10.74
1.0,8,15,17.00785394966759,-0.0746690946213013,-0.0003314976155911,-0.0047872029108533,0.0007218590529565,1,,10.74
1.0,9,15,16.596768069591807,-0.0445955977541074,-0.0010798305724193,-0.0046261643720096,2.169520497698988e-05,1,,10.74
1.0,10,15,15.041938492173417,-0.0554631383402873,-0.0007947573384599,-0.0046558864324968,0.0004672421819939,1,,10.74
1.0,11,15,17.26379692379342,-0.0706571093227134,0.0008200109579241,-0.004699089396944,0.0012808562330527,1,,10.74
1.0,12,15,17.260618074034916,-0.0637583615320145,-0.0006374117600659,-0.0045999976766834,0.0003008802716467,1,,10.74
1.0,13,15,16.36165342616602,-0.0812924700353583,0.0007359471053934,-0.0046098961891718,0.001207447821275,1,,10.74
1.0,14,15,16.30057466206712,-0.0734766529014343,9.559141900358382e-05,-0.0047242742305411,0.0004010864960301,1,,10.74
1.0,15,15,16.635628991902745,-0.0781853494489051,-0.0012084600439709,-0.0046457275055586,0.0011382823614783,1,,10.74
1.0,16,15,16.64017631335009,-0.07518908115107,0.0006315567832882,-0.0047497652426835,0.0008860537690678,1,,10.74
1.0,17,15,16.632923091350676,-0.082272642288342,0.0010932915489496,-0.0045432115776014,0.0014119316665543,1,,10.74
1.0,18,15,16.382577321119832,-0.0606838734865135,-0.0010833702906953,-0.0046739384749351,0.0007150608976108,1,,10.74
1.0,19,15,16.905076892975487,-0.0732552074064504,-0.001180714920572,-0.0047392165330786,0.0006256808252936,1,,10.74
1.0,20,15,16.94746790275071,-0.0820876646512396,0.0010295985112227,-0.0047922480712196,0.0010340686917707,1,,10.74
1.0,21,15,16.041370905420784,-0.060528564163601,-0.0003342778836181,-0.0047786247680801,0.0007454197331575,1,,10.74
1.0,22,15,17.78846784930718,-0.0523880223330249,-0.0008011973614188,-0.0044303152834749,0.0001180905849652,1,,10.74
1.0,23,15,16.542082942945413,-0.0589178794233375,-0.0002211961828487,-0.0046963871764063,0.0003879676709939,1,,10.74
1.0,24,15,16.58938994794568,-0.0812662997564113,-0.0012214674965626,-0.0047547565068167,0.0008098135784955,1,,10.74
1.0,25,15,16.072587131506253,-0.077480349057568,0.0054260278291193,-0.0045298534209083,0.0009016146968172,1,,10.74
1.0,26,15,17.118788644438112,-0.0580897936689479,-0.0015664569625779,-0.0047776446524048,0.0004707027587949,1,,10.74
1.0,27,15,16.750095610989177,-0.0673403487243114,0.0002083944144715,-0.0047405518248751,0.0008497308182921,1,,10.74
1.0,28,15,16.83795976082029,-0.0785173656427549,0.0002703013621762,-0.0046285265943804,0.0013005773017009,1,,10.74
1.0,29,15,16.2304921553296,-0.0870313733125879,0.0001081863743253,-0.0046480059395501,0.0009676224578303,1,,10.74
1.0,30,15,17.168586415123144,-0.0668697586583654,-0.0015230877240864,-0.0047261244578039,0.000907221912894,1,,10.74
1.0,31,15,16.483554573054615,-0.0866988800781345,0.0006484052131503,-0.0044116308520887,0.0017922983159392,1,,10.74
1.0,32,15,15.096110621173898,-0.0841623946025265,5.002590329403927e-05,-0.0047553160784476,0.0011006686269074,1,,10.74
1.0,33,15,15.3248797480943,-0.0695849882291892,0.0005964827166319,-0.0046707668475064,0.0008126043844435,1,,10.74
1.0,34,15,17.652296836233603,-0.0849029886269232,-0.0004199118792966,-0.0047061443724991,0.0007398787261405,1,,10.74
1.0,35,15,16.78148017673925,-0.0509550063383917,-0.0021163963705243,-0.0047020816793813,0.000621288515117,1,,10.74
1.0,36,15,16.692702264049732,-0.0708910586835877,0.0002857692998786,-0.0046767214692137,0.0011011459251366,1,,10.74
1.0,37,15,17.583186772913194,-0.0532094964361728,0.0013604962818909,-0.0047913864026868,3.208806272330368e-05,1,,10.74
1.0,38,15,15.303934321984906,-0.0724790114014959,-0.0009907620167343,-0.0047191902432889,0.0008370486087444,1,,10.74
1.0,39,15,16.744704001615133,-0.0702403808326942,-0.000834985778276,-0.0047934268723374,0.0006285832362924,1,,10.74
1.0,40,15,15.451869616795614,-0.0874169137707191,-0.0012066314678188,-0.0045920346132043,0.0003904587682225,1,,10.74
1.0,41,15,15.148412818017446,-0.0703567345826009,-0.0003138221427465,-0.0047205827815298,0.0007286339963744,1,,10.74
1.0,42,15,17.252365974035015,-0.065548020815408,0.0008802737308928,-0.0047639990397128,0.0009813230604437,1,,10.74
1.0,43,15,18.113913625251044,-0.0478427733428063,-0.0005883927121332,-0.0047574751163231,0.0004010197425452,1,,10.74
1.0,44,15,14.560127603956335,-0.0757907613259592,-0.0003408412395649,-0.0047155305871299,0.0001954786566783,1,,10.74
1.0,45,15,15.804067373696206,-0.0841792603203159,2.893383442568711e-05,-0.0046228895688873,0.000961662406862,1,,10.74
1.0,46,15,18.228448147335317,-0.0624764809862537,0.0010373904282055,-0.0041221157519975,0.0013003494264043,1,,10.74
1.0,47,15,16.737360068317724,-0.079155371769985,-0.0016239921568981,-0.0047915407174603,0.0007306184403305,1,,10.74
1.0,48,15,16.434435946298457,-0.0723878840550364,-0.0007039232051603,-0.0043860209358588,0.0001556490731751,1,,10.74
1.0,49,15,16.807754853241153,-0.0785666922135178,0.0001919549976067,-0.0043768987826189,0.0017686370962594,1,,10.74
0.0,0,15,13.969890738059089,0.0144899821605558,-0.0003729428635501,-0.0049105665510711,-0.0001356328695857,2,-12.3,10.68
0.0,1,15,14.113060226653252,0.0032753947204434,0.0010363394897804,-0.0049337112632472,0.0001689841754016,2,-12.3,10.68
0.0,2,15,12.79050010360104,0.0018052756274706,0.0013753357161826,-0.0049206789528335,0.0003547516760006,2,-12.3,10.68
0.0,3,15,13.781205259612808,0.0236668543618205,-0.0010585309249645,-0.0049552027351309,-0.000237773960723,2,-12.3,10.68
0.0,4,15,15.021981419716973,-0.0088685909322571,4.497305754280223e-05,-0.0049272662778845,-0.0001513729306514,2,-12.3,10.68
0.0,5,15,13.96817136170522,0.0055137115774771,-0.0018968228759325,-0.0049423945912768,0.0001062258130196,2,-12.3,10.68
0.0,6,15,13.505050151667447,0.0106822902347888,0.0018149323891243,-0.0049278923446899,-0.0001940894951458,2,-12.3,10.68
0.0,7,15,13.276970201240992,0.0170890433556071,-4.597992307442783e-05,-0.0048945344296039,-0.0003247395098814,2,-12.3,10.68
0.0,8,15,13.76477250444814,-0.0032456377042984,-0.0002723530886034,-0.0049333770568398,0.0003256055813133,2,-12.3,10.68
0.0,9,15,13.566898374247865,0.0350708730000986,-0.0013644207485184,-0.0049388616928878,-0.0006517290356992,2,-12.3,10.68
0.0,10,15,12.977485241882318,0.0151910368357506,-0.0004217219920441,-0.0049443604801547,7.900878133705906e-06,2,-12.3,10.68
0.0,11,15,15.707906555132247,0.0065608112866991,0.0007274987149039,-0.0049233989250282,0.0003529446056683,2,-12.3,10.68
0.0,12,15,15.35816312080201,0.0155257112138736,-0.0008502467795496,-0.0048605921203169,-0.0002351241382028,2,-12.3,10.68
0.0,13,15,13.08356555135266,0.0042891908013101,0.0009332057714129,-0.0048945882229576,-0.0003579740002919,2,-12.3,10.68
0.0,14,15,13.17438426585106,0.0178583099906053,-0.0006110279389228,-0.0049327036530277,-0.0003451007153556,2,-12.3,10.68
0.0,15,15,13.776218089257812,-0.0006586262462583,-0.0010052895516617,-0.0049292506566661,0.0002965782677832,2,-12.3,10.68
0.0,16,15,13.636890547687226,0.0160638887043912,0.0010835455098316,-0.0049427456650079,0.0001772688530262,2,-12.3,10.68
0.0,17,15,13.70316822921119,0.0051567679601618,0.0008451911072145,-0.0049381991985675,-0.0002150020145834,2,-12.3,10.68
0.0,18,15,13.077131483730472,0.0177840902696273,-0.0011379490412481,-0.0048741183545423,-0.0002154585087411,2,-12.3,10.68
0.0,19,15,13.556018470356776,-0.0005046555063977,-0.0005111070790452,-0.0049482508791063,-2.9506989299059223e-05,2,-12.3,10.68
0.0,20,15,13.564247552633462,-0.0003922709342419,0.001166986946581,-0.0049257996969054,0.0002385495206449,2,-12.3,10.68
0.0,21,15,14.226829039338618,0.0143686335655775,0.000240202520257,-0.0049421982381514,-0.0001587071204324,2,-12.3,10.68
0.0,22,15,14.529253537289424,0.0246702114153384,-0.0008900572387135,-0.0048854059773803,-0.0006336994969538,2,-12.3,10.68
0.0,23,15,13.615409461378226,0.0181474125080079,-0.0006402906193164,-0.0049080529978801,-0.0001236233538949,2,-12.3,10.68
0.0,24,15,13.872327519291677,0.0136581668944448,-0.0012789955427319,-0.0049403220409333,7.024796188187472e-05,2,-12.3,10.68
0.0,25,15,12.889842636340894,0.0062438643465739,0.0057548093390505,-0.0049561426166717,-0.0001839673174287,2,-12.3,10.68
0.0,26,15,14.193834680225637,0.0135331131296405,-0.0016430729903551,-0.0049132100379164,-0.0002649126115572,2,-12.3,10.68
0.0,27,15,14.870747227424111,0.0274870800645701,-4.141387028668863e-05,-0.0049487719428875,-0.0003038245412852,2,-12.3,10.68
0.0,28,15,14.27650501866959,0.0044204327862708,0.0010115993886159,-0.004929098294649,-0.0001747497716537,2,-12.3,10.68
0.0,29,15,12.886639994335196,0.0013800527941147,0.0007185308737907,-0.0049338798408866,-7.423857923591534e-05,2,-12.3,10.68
0.0,30,15,13.562584427285996,0.006465601543124,-0.000911254084985,-0.004921034527089,-9.356451017989396e-05,2,-12.3,10.68
0.0,31,15,13.22645629110759,-0.0080893415114131,0.0006697788794917,-0.0048847673499469,7.071528163330496e-05,2,-12.3,10.68
0.0,32,15,12.18650967889474,0.0064631540447939,0.0004274728436415,-0.0049517962428737,-6.737565502651215e-05,2,-12.3,10.68
0.0,33,15,12.546132959634615,0.0122713937677945,0.0006076356279178,-0.0049234554820625,-0.0003537024365975,2,-12.3,10.68
0.0,34,15,15.355637496908049,3.508357126511664e-05,-0.0004981070967807,-0.0049273596774589,-0.0002038176998072,2,-12.3,10.68
0.0,35,15,13.89154110527702,0.0153232402036008,-0.0025215065053967,-0.0049252732441226,-0.0002527312271513,2,-12.3,10.68
0.0,36,15,13.651842936303842,0.0081027353074881,0.0006122104716475,-0.0049542829049244,0.0001000168365977,2,-12.3,10.68
0.0,37,15,13.816756346911497,0.0085752648628545,0.0009483736225402,-0.0049650219320503,-0.0002471569418556,2,-12.3,10.68
0.0,38,15,12.742284016148652,0.0050880756905019,-0.0006743943948219,-0.0049540018386847,-8.315756976894543e-05,2,-12.3,10.68
0.0,39,15,13.912332489999796,0.0033446371584894,-0.0004123350295785,-0.0049455464012292,-0.0001273328610176,2,-12.3,10.68
0.0,40,15,12.684833953256058,0.0035243377586256,-0.0010630344537394,-0.0049141619152054,-0.0003584747942225,2,-12.3,10.68
0.0,41,15,12.31869384170036,0.0110620510705944,-0.0008661316078103,-0.0049104618409891,-0.0003406368367502,2,-12.3,10.68
0.0,42,15,14.17178045534292,-0.0027967640648017,0.0004874200790128,-0.0049749339836335,7.203511908198286e-05,2,-12.3,10.68
0.0,43,15,14.343328520107006,0.0156379721672204,-0.0012280940843902,-0.0049516899998341,-0.0002935482213613,2,-12.3,10.68
0.0,44,15,11.740150867282262,0.0059203568699514,-0.0005218428875829,-0.0048861824231647,-0.000406776322715,2,-12.3,10.68
0.0,45,15,13.068899544994906,6.10330245383696e-05,0.0003466981270026,-0.0049234733648405,-0.000175216122282,2,-12.3,10.68
0.0,46,15,14.52803756269255,0.0029202381633046,0.0007551970181953,-0.0049018775197114,-0.0001400121895119,2,-12.3,10.68
0.0,47,15,14.09385419604539,0.0147847716981396,-0.00134210902108,-0.0049529623853261,-0.0001382002351487,2,-12.3,10.68
0.0,48,15,13.842067504119814,0.0054888796766365,-0.0013423353328281,-0.0048901459665791,-0.0001445927052645,2,-12.3,10.68
0.0,49,15,13.64364059306948,0.0037172151433267,4.568627781336727e-05,-0.0047558671251233,7.661234708194152e-05,2,-12.3,10.68
0.25,0,15,14.777928863758577,-0.0060154596564234,-0.0003328075575192,-0.0048297840135937,0.0001135128292899,2,-12.3,10.68
0.25,1,15,14.748952441814856,-0.0170606300602353,0.0008721550092758,-0.0048972107486801,0.0004165428896158,2,-12.3,10.68
0.25,2,15,13.694096063661222,-0.0167575712139089,0.0011150395806108,-0.0047951306587522,0.0006921864333337,2,-12.3,10.68
0.25,3,15,14.24109779646879,0.0058792435306421,-0.0012230287996819,-0.0047899784319369,-0.0001421401859595,2,-12.3,10.68
0.25,4,15,15.64993492044915,-0.0313162282860199,-0.0001920833630654,-0.0048724171986362,-0.0001553121702782,2,-12.3,10.68
0.25,5,15,14.47386687895144,-0.0098705574732598,-0.0016996373899371,-0.004870582922428,0.0001457183688265,2,-12.3,10.68
0.25,6,15,14.43857730508048,-0.0078912906161217,0.0020286792334448,-0.0048322255819673,0.0001417828510741,2,-12.3,10.68
0.25,7,15,13.89413527888276,-0.0046714511314961,-0.000318149703147,-0.0047687697954233,-0.0001890609104003,2,-12.3,10.68
0.25,8,15,13.9145303892179,-0.0334894870634688,-0.0004719152178677,-0.0048648107463855,0.0008229126547611,2,-12.3,10.68
0.25,9,15,14.36868683845122,0.008097184812716,-0.0009868804688348,-0.0048120976599972,-0.0001856118122304,2,-12.3,10.68
0.25,10,15,13.118246886064664,-0.0091007466166886,-0.0007064745276915,-0.0048652206998734,0.0001280610290517,2,-12.3,10.68
0.25,11,15,15.950833632047358,-0.0076404482036453,0.0007618276364187,-0.0047585888483967,0.0006994941948449,2,-12.3,10.68
0.25,12,15,15.500708660612185,-0.0124040236745476,-0.0001503732913821,-0.0047583730304868,0.0001686442694242,2,-12.3,10.68
0.25,13,15,13.818668651143827,-0.0161257072975515,0.0006901452133468,-0.0048075724040351,0.0002812464176246,2,-12.3,10.68
0.25,14,15,13.890994375011273,-0.0128817705022467,-0.0001498302866747,-0.0048043729396114,-0.0003930715837944,2,-12.3,10.68
0.25,15,15,14.301002625316851,-0.025966832424139,-0.0009563563364546,-0.0048156673709783,0.0004351996495609,2,-12.3,10.68
0.25,16,15,14.071443846234828,-0.0032996725507907,0.0010195558496688,-0.0048073762694573,0.000212233248672,2,-12.3,10.68
0.25,17,15,14.880816171869922,-0.0194136406480598,0.0004996261348752,-0.0048544362144347,-0.0001324210558954,2,-12.3,10.68
0.25,18,15,14.075969318957725,-0.0043402230937656,-0.0014703103377242,-0.0048498608454044,0.0001304835745082,2,-12.3,10.68
0.25,19,15,14.054199331028553,-0.0112909376592656,-0.0011576037380507,-0.004844402068769,0.0001158863586202,2,-12.3,10.68
0.25,20,15,14.308621508074292,-0.0233549654473136,0.0005993489551094,-0.004809312726143,0.0004813821670926,2,-12.3,10.68
0.25,21,15,14.994611263611278,0.0004399895228019,-0.0003003734657619,-0.0048774755921735,3.794509598974979e-05,2,-12.3,10.68
0.25,22,15,14.870197603923057,-0.0048447441197128,-0.0008231659026257,-0.0048316251855615,5.742473304697075e-05,2,-12.3,10.68
0.25,23,15,14.864569776367471,0.0024966257476435,-0.0001074572724442,-0.0047963845180604,7.589811610776979e-05,2,-12.3,10.68
0.25,24,15,14.498693886622682,-0.0155382026682841,-0.0011557773598065,-0.004891433531111,0.0002427544320834,2,-12.3,10.68
0.25,25,15,13.44681713732822,-0.0146043691575126,0.0055675642923398,-0.0048390640280113,-0.0005646276873142,2,-12.3,10.68
0.25,26,15,14.78422799060435,-0.0019944932146893,-0.0020028489561398,-0.0048858366210049,-3.9584029690419264e-05,2,-12.3,10.68
0.25,27,15,14.82697004012197,-0.0103713594612344,-0.000145033811074,-0.0047278468263567,0.0003894819330848,2,-12.3,10.68
0.25,28,15,14.681353396988955,-0.0081804049629836,0.0008220125261297,-0.0048383411582885,0.0002047509907392,2,-12.3,10.68
0.25,29,15,13.498730845380017,-0.0273631116531813,0.0002301324916461,-0.0048423617718028,-9.579975781084586e-06,2,-12.3,10.68
0.25,30,15,13.99149573056234,-0.0151990158778031,-0.000769709276257,-0.0047494613672917,0.0003636714294481,2,-12.3,10.68
0.25,31,15,13.881108357816649,-0.0231879988836049,0.0006099206175366,-0.0046733090218318,0.0010497203925959,2,-12.3,10.68
0.25,32,15,12.960883394638197,-0.0257368724058052,0.00020534427918,-0.0048756759823503,0.0005055306111813,2,-12.3,10.68
0.25,33,15,13.341571991966935,-0.0126654239114163,0.0009789002055138,-0.0047948937881131,-0.0001834814395712,2,-12.3,10.68
0.25,34,15,16.028045226193285,-0.030787676621547,-0.0008700461280022,-0.0048460836158812,-1.9466707147869507e-05,2,-12.3,10.68
0.25,35,15,14.073587223322791,-0.0021256009891833,-0.0021003792313567,-0.0048503417816578,-2.985003572375678e-06,2,-12.3,10.68
0.25,36,15,14.2891417097651,-0.0135970208179254,0.000199225113723,-0.0047963176749479,5.9342702556629005e-05,2,-12.3,10.68
0.25,37,15,14.397172779686604,-0.008416917290214,0.0013827498484186,-0.0048675009758725,0.0002225435346963,2,-12.3,10.68
0.25,38,15,13.305549006727484,-0.0093354141386497,-0.0007928075617136,-0.0047941140326452,8.179896359214494e-05,2,-12.3,10.68
0.25,39,15,14.566990656738012,-0.0265828080336145,-0.0005272875346556,-0.0048714509775454,7.351342347123453e-05,2,-12.3,10.68
0.25,40,15,13.283071285099618,-0.0271227280297513,-0.0010942555548622,-0.004864813363914,3.782085726430746e-05,2,-12.3,10.68
0.25,41,15,12.945151303161218,-0.0162450568649407,-0.0007662907294378,-0.0047993437387191,-9.174898957768436e-06,2,-12.3,10.68
0.25,42,15,14.98289260558042,-0.0160709595213417,0.0005802684273258,-0.0048456989786224,0.0003068855915776,2,-12.3,10.68
0.25,43,15,14.897330954725083,-0.0043159881880858,-0.0007500589038897,-0.0048932251826374,-6.470189488319458e-05,2,-12.3,10.68
0.25,44,15,12.174984346858524,-0.0064241688043203,2.5868791107390345e-05,-0.00467268733402,-0.000691064646552,2,-12.3,10.68
0.25,45,15,13.90603892377407,-0.0188466312021728,0.0002513119456549,-0.0048712206750907,-0.0001529752945346,2,-12.3,10.68
0.25,46,15,15.82408079666257,-0.0086858583507213,0.0009168723708252,-0.0044407507139671,0.0002549115943961,2,-12.3,10.68
0.25,47,15,13.948497386122824,-0.0082404079155482,-0.001184887333687,-0.0048788028847189,0.000147952918455,2,-12.3,10.68
0.25,48,15,14.283299840587532,-0.0110115769405701,-0.0014498710133313,-0.0046510561270142,-2.2547086149830907e-05,2,-12.3,10.68
0.25,49,15,14.4319742724365,-0.0122990685393746,9.657288711912008e-05,-0.0046934936422922,0.0003508769096445,2,-12.3,10.68
0.5,0,15,15.50550615739271,-0.025745225955165,1.8556833866287228e-05,-0.0046316934965885,0.0002505713967278,2,-12.3,10.68
0.5,1,15,15.432198289978604,-0.046460769190973,0.0013181831294285,-0.0047818378777186,0.0005414195548335,2,-12.3,10.68
0.5,2,15,14.404443963403123,-0.0455671656433606,0.0012229796189264,-0.0048157674116084,0.0008215525819128,2,-12.3,10.68
0.5,3,15,15.187453858032075,-0.0194072954147757,-0.0010338236120485,-0.0047322467574424,0.0001042713194083,2,-12.3,10.68
0.5,4,15,16.487380829999985,-0.0525996746700519,-0.0006543903896037,-0.0048295721425843,9.458699490742266e-05,2,-12.3,10.68
0.5,5,15,15.150551500561368,-0.0285469700591873,-0.0017198951226311,-0.0045896587675077,0.0004555014962982,2,-12.3,10.68
0.5,6,15,15.5300241364086,-0.0202096575316944,0.0022096400529236,-0.00480512973536,0.0002621232033488,2,-12.3,10.68
0.5,7,15,14.953091769325091,-0.0369508335618538,-0.0005669332638283,-0.0047894833259037,0.0002985699013747,2,-12.3,10.68
0.5,8,15,15.270037731926475,-0.0397098723707973,-0.0003557254721552,-0.0047325350363467,0.0005590234827981,2,-12.3,10.68
0.5,9,15,14.741854069968651,-1.9349262865452625e-05,-0.0007855890304213,-0.0047410299244634,-0.0002097892982765,2,-12.3,10.68
0.5,10,15,13.75252380590619,-0.0263977405657966,-0.0009247597171118,-0.0048240314709839,0.000256008114261,2,-12.3,10.68
0.5,11,15,15.986340492751088,-0.0282187212467567,0.0007265888469683,-0.0045482336371146,0.0012228647316937,2,-12.3,10.68
0.5,12,15,15.867987807885465,-0.0262494251089409,-0.0002334456314261,-0.0046708675506603,0.0003091080780621,2,-12.3,10.68
0.5,13,15,14.459927499819292,-0.0435175812516186,0.0008863567417867,-0.0047060099918749,0.0010107505323061,2,-12.3,10.68
0.5,14,15,14.468722414810076,-0.0319811577324626,-0.0005877135401645,-0.0047007516413329,-0.0004067564018694,2,-12.3,10.68
0.5,15,15,14.826663693455608,-0.0435128889638922,-0.0007076342075732,-0.0046747367798849,0.0004656598397941,2,-12.3,10.68
0.5,16,15,14.79854250377951,-0.0382755548020488,0.000692227109757,-0.0048190540222915,0.000606926529344,2,-12.3,10.68
0.5,17,15,15.213501065330156,-0.0350448397596442,0.0008146680951943,-0.0048184665731281,0.0003186911068913,2,-12.3,10.68
0.5,18,15,14.447156291885548,-0.0118121534412963,-0.0013476445791529,-0.0047657423652353,1.3119944817589945e-05,2,-12.3,10.68
0.5,19,15,15.342999144612037,-0.0338287940017336,-0.0011535065919808,-0.004784541435525,0.0005008373835527,2,-12.3,10.68
0.5,20,15,15.101498790480685,-0.0512264465285203,0.000632149648496,-0.0046979464880208,0.0010335628236485,2,-12.3,10.68
0.5,21,15,14.970141360550135,-0.0160791254350691,-0.000350653733032,-0.0047594461916051,0.0003157903625797,2,-12.3,10.68
0.5,22,15,15.34586235608917,-0.027537028111569,-0.0009055162461556,-0.0046128764916253,0.0001922395673537,2,-12.3,10.68
0.5,23,15,15.139208356794365,-0.024939368587989,-0.0004200454728877,-0.0047777451730639,0.0004939854661101,2,-12.3,10.68
0.5,24,15,15.041354511551472,-0.0278006671567556,-0.0010039884702142,-0.0048509571148271,3.780698477307744e-05,2,-12.3,10.68
0.5,25,15,14.285881101832716,-0.0319310259868183,0.0054523825671009,-0.0047337833549462,-0.0002211168987816,2,-12.3,10.68
0.5,26,15,15.405054157726518,-0.0139494105299179,-0.0014275628217508,-0.0047212903355703,4.684680845468556e-05,2,-12.3,10.68
0.5,27,15,15.64040811796086,-0.0303701977017387,-1.6251672899650436e-05,-0.0047339988695976,0.0005615347283622,2,-12.3,10.68
0.5,28,15,15.083541705693207,-0.037069206778727,4.749935211526197e-05,-0.0047573662522136,0.0006843719448172,2,-12.3,10.68
0.5,29,15,14.406559207721768,-0.0611777808579934,0.0003147324326474,-0.0047666836234784,0.0003223154378965,2,-12.3,10.68
0.5,30,15,15.169042606311042,-0.0391013937803698,-0.0010212546679754,-0.0045399994799758,0.0004731428983342,2,-12.3,10.68
0.5,31,15,14.437930567632757,-0.0563587834371019,0.0005310785600395,-0.0047345097373072,0.0011973582715321,2,-12.3,10.68
0.5,32,15,13.995771355395528,-0.0483491402053998,0.0001477668317493,-0.0048436496212015,0.0010245246917069,2,-12.3,10.68
0.5,33,15,14.348266646482411,-0.0353188602647367,0.0009482087193798,-0.0048384750818585,-4.6883820444375725e-05,2,-12.3,10.68
0.5,34,15,16.32840974811889,-0.0403494816246926,-0.0006759685492085,-0.0047758484572332,0.0002622036393496,2,-12.3,10.68
0.5,35,15,15.047263193810227,-0.0233943166695916,-0.0023617122385992,-0.0047765931075955,0.0003459397605375,2,-12.3,10.68
0.5,36,15,14.96296408273018,-0.0422638375678137,0.0001974472797018,-0.0047257282876769,0.0003942556199953,2,-12.3,10.68
0.5,37,15,15.15375460163484,-0.0274477959495062,0.0009410269460368,-0.0048758105034931,0.0001375560932769,2,-12.3,10.68
0.5,38,15,14.21391088258928,-0.0345046581465412,-0.0009653533104048,-0.0048758196885432,0.0002412622042295,2,-12.3,10.68
0.5,39,15,15.292336419432775,-0.040269201397533,-0.0013311794278356,-0.0048436500526646,0.0002804031357644,2,-12.3,10.68
0.5,40,15,13.92991883307096,-0.0544171465182103,-0.0014085884261567,-0.004669854356787,0.0002127554346069,2,-12.3,10.68
0.5,41,15,13.7638265260879,-0.0397165148435529,-0.0006182703352829,-0.0047740362022604,0.000281959991411,2,-12.3,10.68
0.5,42,15,15.427045148711125,-0.0390831127566226,0.0005841149015442,-0.0047967085432325,0.0006803156154151,2,-12.3,10.68
0.5,43,15,16.11397733848932,-0.0155432486802223,-0.0003969704791637,-0.0048491318074381,0.0002198563751252,2,-12.3,10.68
0.5,44,15,12.76482239910788,-0.0337251895444737,-0.0003149618744204,-0.0046830772829714,-0.000409008228583,2,-12.3,10.68
0.5,45,15,14.745473628638464,-0.0415855723706607,0.0005288589850684,-0.0048069524993591,0.0003902623536806,2,-12.3,10.68
0.5,46,15,15.939708329209523,-0.0287578189218482,0.0007372720805583,-0.0045358812470856,0.0006616690601169,2,-12.3,10.68
0.5,47,15,14.619430362060664,-0.0252449122105136,-0.0018328055318291,-0.0048544805661632,0.0003407391361311,2,-12.3,10.68
0.5,48,15,14.896611481355604,-0.0273017994982122,-0.0012191969223465,-0.0045442809556208,0.0001450120378608,2,-12.3,10.68
0.5,49,15,14.9324960052277,-0.0402431347478549,0.0005556973847741,-0.0047175165248471,0.0008052132878266,2,-12.3,10.68
0.75,0,15,16.495504002598707,-0.0570084579577051,-0.0002605587900032,-0.004809863383928,0.0006942545259601,2,-12.3,10.68
0.75,1,15,16.341343954844234,-0.0615252281193646,0.0010292613070533,-0.0046708496150329,0.0010598843169385,2,-12.3,10.68
0.75,2,15,15.291083170918649,-0.0564658917691843,0.0010657145642359,-0.0047734120696473,0.0007253547989299,2,-12.3,10.68
0.75,3,15,15.906374575811396,-0.0322089469468232,-0.0010460082139669,-0.0046845860112899,0.0002386249393955,2,-12.3,10.68
0.75,4,15,17.257696793926325,-0.0648281215106896,-1.491685041873374e-06,-0.0046831203524852,0.0004485913896334,2,-12.3,10.68
0.75,5,15,16.092105634964764,-0.0507447844160659,-0.0016621675604738,-0.0046216961019325,0.0004410726863779,2,-12.3,10.68
0.75,6,15,16.303823431830782,-0.0419526304447471,0.0021967823526366,-0.0047246688622049,0.0013101573433457,2,-12.3,10.68
0.75,7,15,15.42849526604635,-0.0444301159290983,-0.000673603839547,-0.0047132657532835,0.0003837318243821,2,-12.3,10.68
0.75,8,15,15.7831235017393,-0.0639880323047735,-0.000127187443699,-0.004764555326915,0.0005484473795167,2,-12.3,10.68
0.75,9,15,15.82862032551816,-0.0279754211019703,-0.0011239532659976,-0.0046608562088451,-0.0001592712552123,2,-12.3,10.68
0.75,10,15,14.600097163324556,-0.0373888916227636,-0.0004611497846135,-0.0047327350157579,0.0002756985804601,2,-12.3,10.68
0.75,11,15,16.640763520242206,-0.0399563674847115,0.0008318989644232,-0.0046939218586919,0.0011676551066649,2,-12.3,10.68
0.75,12,15,16.531888624470668,-0.0465654755789864,-0.0002589379888406,-0.0045539689945752,0.0002921940943491,2,-12.3,10.68
0.75,13,15,15.170808524458106,-0.0625593970413553,0.0007281095115805,-0.0046188276930678,0.000844358416606,2,-12.3,10.68
0.75,14,15,15.061001395617206,-0.049646650035949,-0.000153774159421,-0.0046721835099206,-0.0003294375488085,2,-12.3,10.68
0.75,15,15,15.792519145752976,-0.0628759361613959,-0.001231769563274,-0.0046268766301336,0.0006303708508116,2,-12.3,10.68
0.75,16,15,15.402547686151406,-0.0525927905018856,0.0006479028410258,-0.0048108526349707,0.0005286426492855,2,-12.3,10.68
0.75,17,15,15.89563395952413,-0.0519389736611271,0.0011953051890852,-0.0047136730961748,0.0004361090875171,2,-12.3,10.68
0.75,18,15,15.343747522263875,-0.040918131198552,-0.0007273491003094,-0.0047175058821284,0.0002922330611794,2,-12.3,10.68
0.75,19,15,15.92060372418038,-0.0516872127267726,-0.001309744625125,-0.0047864541317051,0.0005471722307924,2,-12.3,10.68
0.75,20,15,15.974227475915638,-0.0571310896611435,0.0012979593342261,-0.0047296126395141,0.0007854477340081,2,-12.3,10.68
0.75,21,15,15.562145706524756,-0.0295184803504902,0.0002810930492256,-0.0047044157428235,0.0003551437267721,2,-12.3,10.68
0.75,22,15,16.53595209348015,-0.0439158601342892,-0.0005635620155634,-0.0041941536550853,-6.840516630801579e-05,2,-12.3,10.68
0.75,23,15,16.10489081681818,-0.0405728933514604,-0.000537330564551,-0.0047705370153517,0.0004530911327402,2,-12.3,10.68
0.75,24,15,15.720507988868752,-0.0521055469361436,-0.0014657055456994,-0.004740993603092,0.0001067158031281,2,-12.3,10.68
0.75,25,15,15.181145912034482,-0.0598376008615989,0.0050269564883136,-0.004640017589353,0.000426757048382,2,-12.3,10.68
0.75,26,15,16.17411258280542,-0.0334633783789854,-0.0019370887455403,-0.0046946624433422,0.0002688704996365,2,-12.3,10.68
0.75,27,15,16.273645085958652,-0.036762827028471,-0.0002290248041491,-0.0047038830071373,0.0004543640188126,2,-12.3,10.68
0.75,28,15,15.742219678235942,-0.0530024380505021,0.0002017163814518,-0.0047208165938344,0.0007649925471431,2,-12.3,10.68
0.75,29,15,15.422370073445826,-0.072705443856839,-7.842894539977374e-06,-0.0046767255235192,0.000750091737025,2,-12.3,10.68
0.75,30,15,15.713578603751737,-0.0564583441062387,-0.0011612255320289,-0.0046085270097932,0.0007945387612088,2,-12.3,10.68
0.75,31,15,15.313996617850789,-0.0744087027118435,0.0002580877744901,-0.0045762905059976,0.0014189603347734,2,-12.3,10.68
0.75,32,15,14.474994834590326,-0.0670473003426126,5.944764453987944e-05,-0.0047969872293825,0.0006604507450605,2,-12.3,10.68
0.75,33,15,14.524007870579023,-0.0541333769901884,0.0004827286638293,-0.004788257994104,0.0004248598962952,2,-12.3,10.68
0.75,34,15,16.841987378220768,-0.0668243934882352,-0.0004540664140145,-0.0047602951960316,0.000785498803064,2,-12.3,10.68
0.75,35,15,16.107166024453246,-0.0459320476468184,-0.0022632143530602,-0.0047117654093031,0.000604941465505,2,-12.3,10.68
0.75,36,15,15.468803853555285,-0.0556550699712746,0.0001687968948236,-0.0046690960996003,0.0004132942446786,2,-12.3,10.68
0.75,37,15,16.210292102154977,-0.0402293241403857,0.001128828678754,-0.0048224592375286,0.0003220310471853,2,-12.3,10.68
0.75,38,15,14.765603916864524,-0.0620003133238979,-0.0009592166896582,-0.004764660967239,0.0005803834451668,2,-12.3,10.68
0.75,39,15,15.79417884709115,-0.0551014092971822,-0.0007959192824566,-0.0047808755349015,0.0003727552724208,2,-12.3,10.68
0.75,40,15,14.60260920616237,-0.0751978107633081,-0.0013879098426131,-0.0046064222319045,0.0003074572934561,2,-12.3,10.68
0.75,41,15,14.335990189332838,-0.0568459913923647,-0.0006055520283362,-0.0046365624180139,0.0005916809541595,2,-12.3,10.68
0.75,42,15,16.298032453088318,-0.0521734753779302,0.0007141210550376,-0.0047424914768932,0.0009629859103752,2,-12.3,10.68
0.75,43,15,16.995977783008797,-0.0349503314516245,-0.0002386939805711,-0.0047394791951,0.0002885416993238,2,-12.3,10.68
0.75,44,15,13.902214905409473,-0.048380912448697,1.6134826059723925e-05,-0.0045728132660507,-0.0004499576550981,2,-12.3,10.68
0.75,45,15,15.009489848378434,-0.057156098519266,0.0004169637742923,-0.0046825461776283,0.0002170042517572,2,-12.3,10.68
0.75,46,15,17.32430581604065,-0.0333586531149747,0.0008461888696788,-0.0041606408579378,0.0009126816127696,2,-12.3,10.68
0.75,47,15,15.544598638791564,-0.0583309109155678,-0.0017278559007459,-0.0047696061683761,0.0006541996887193,2,-12.3,10.68
0.75,48,15,15.803734680198026,-0.056445112802824,-0.0014567130092995,-0.0044264742827121,0.0002128992409665,2,-12.3,10.68
0.75,49,15,15.460712762598414,-0.0485456652582686,0.0001535318739833,-0.0043933673384407,0.0012368416794914,2,-12.3,10.68
1.0,0,15,17.042911422685503,-0.0718240251714107,-0.0002663316324614,-0.004830061507147,0.0008702634781173,2,,10.74
1.0,1,15,17.059271685350453,-0.0758203797897126,0.0010779532835344,-0.0045702556736969,0.0015965003467498,2,,10.74
1.0,2,15,16.173288396398917,-0.0728702294151479,0.0014470045644377,-0.0047458927500763,0.0008476590476876,2,,10.74
1.0,3,15,16.903870687201977,-0.048642459619904,-0.0005689414880273,-0.0047121289489999,0.0003325103588634,2,,10.74
1.0,4,15,17.753902999480808,-0.077147732801348,-0.0003474698062279,-0.0047366233089052,0.0002806427421849,2,,10.74
1.0,5,15,17.18305298907256,-0.0673168933738011,-0.0018336148976229,-0.0047383979895279,0.0007611645565388,2,,10.74
1.0,6,15,17.33455495165729,-0.0568640264408431,0.0020426693078979,-0.0044691457517079,0.0018614439785291,2,,10.74
1.0,7,15,16.08006085748369,-0.0614204168814192,-0.0006821830859432,-0.0046223968769132,0.000731904688006,2,,10.74
1.0,8,15,17.00785394966759,-0.0746690946213013,-0.0003314976155911,-0.0047872029108533,0.0007218590529565,2,,10.74
1.0,9,15,16.596768069591807,-0.0445955977541074,-0.0010798305724193,-0.0046261643720096,2.169520497698988e-05,2,,10.74
1.0,10,15,15.041938492173417,-0.0554631383402873,-0.0007947573384599,-0.0046558864324968,0.0004672421819939,2,,10.74
1.0,11,15,17.26379692379342,-0.0706571093227134,0.0008200109579241,-0.004699089396944,0.0012808562330527,2,,10.74
1.0,12,15,17.260618074034916,-0.0637583615320145,-0.0006374117600659,-0.0045999976766834,0.0003008802716467,2,,10.74
1.0,13,15,16.36165342616602,-0.0812924700353583,0.0007359471053934,-0.0046098961891718,0.001207447821275,2,,10.74
1.0,14,15,16.30057466206712,-0.0734766529014343,9.559141900358382e-05,-0.0047242742305411,0.0004010864960301,2,,10.74
1.0,15,15,16.635628991902745,-0.0781853494489051,-0.0012084600439709,-0.0046457275055586,0.0011382823614783,2,,10.74
1.0,16,15,16.64017631335009,-0.07518908115107,0.0006315567832882,-0.0047497652426835,0.0008860537690678,2,,10.74
1.0,17,15,16.632923091350676,-0.082272642288342,0.0010932915489496,-0.0045432115776014,0.0014119316665543,2,,10.74
1.0,18,15,16.382577321119832,-0.0606838734865135,-0.0010833702906953,-0.0046739384749351,0.0007150608976108,2,,10.74
1.0,19,15,16.905076892975487,-0.0732552074064504,-0.001180714920572,-0.0047392165330786,0.0006256808252936,2,,10.74
1.0,20,15,16.94746790275071,-0.0820876646512396,0.0010295985112227,-0.0047922480712196,0.0010340686917707,2,,10.74
1.0,21,15,16.041370905420784,-0.060528564163601,-0.0003342778836181,-0.0047786247680801,0.0007454197331575,2,,10.74
1.0,22,15,17.78846784930718,-0.0523880223330249,-0.0008011973614188,-0.0044303152834749,0.0001180905849652,2,,10.74
1.0,23,15,16.542082942945413,-0.0589178794233375,-0.0002211961828487,-0.0046963871764063,0.0003879676709939,2,,10.74
1.0,24,15,16.58938994794568,-0.0812662997564113,-0.0012214674965626,-0.0047547565068167,0.0008098135784955,2,,10.74
1.0,25,15,16.072587131506253,-0.077480349057568,0.0054260278291193,-0.0045298534209083,0.0009016146968172,2,,10.74
1.0,26,15,17.118788644438112,-0.0580897936689479,-0.0015664569625779,-0.0047776446524048,0.0004707027587949,2,,10.74
1.0,27,15,16.750095610989177,-0.0673403487243114,0.0002083944144715,-0.0047405518248751,0.0008497308182921,2,,10.74
1.0,28,15,16.83795976082029,-0.0785173656427549,0.0002703013621762,-0.0046285265943804,0.0013005773017009,2,,10.74
1.0,29,15,16.2304921553296,-0.0870313733125879,0.0001081863743253,-0.0046480059395501,0.0009676224578303,2,,10.74
1.0,30,15,17.168586415123144,-0.0668697586583654,-0.0015230877240864,-0.0047261244578039,0.000907221912894,2,,10.74
1.0,31,15,16.483554573054615,-0.0866988800781345,0.0006484052131503,-0.0044116308520887,0.0017922983159392,2,,10.74
1.0,32,15,15.096110621173898,-0.0841623946025265,5.002590329403927e-05,-0.0047553160784476,0.0011006686269074,2,,10.74
1.0,33,15,15.3248797480943,-0.0695849882291892,0.0005964827166319,-0.0046707668475064,0.0008126043844435,2,,10.74
1.0,34,15,17.652296836233603,-0.0849029886269232,-0.0004199118792966,-0.0047061443724991,0.0007398787261405,2,,10.74
1.0,35,15,16.78148017673925,-0.0509550063383917,-0.0021163963705243,-0.0047020816793813,0.000621288515117,2,,10.74
1.0,36,15,16.692702264049732,-0.0708910586835877,0.0002857692998786,-0.0046767214692137,0.0011011459251366,2,,10.74
1.0,37,15,17.583186772913194,-0.0532094964361728,0.0013604962818909,-0.0047913864026868,3.208806272330368e-05,2,,10.74
1.0,38,15,15.303934321984906,-0.0724790114014959,-0.0009907620167343,-0.0047191902432889,0.0008370486087444,2,,10.74
1.0,39,15,16.744704001615133,-0.0702403808326942,-0.000834985778276,-0.0047934268723374,0.0006285832362924,2,,10.74
1.0,40,15,15.451869616795614,-0.0874169137707191,-0.0012066314678188,-0.0045920346132043,0.0003904587682225,2,,10.74
1.0,41,15,15.148412818017446,-0.0703567345826009,-0.0003138221427465,-0.0047205827815298,0.0007286339963744,2,,10.74
1.0,42,15,17.252365974035015,-0.065548020815408,0.0008802737308928,-0.0047639990397128,0.0009813230604437,2,,10.74
1.0,43,15,18.113913625251044,-0.0478427733428063,-0.0005883927121332,-0.0047574751163231,0.0004010197425452,2,,10.74
1.0,44,15,14.560127603956335,-0.0757907613259592,-0.0003408412395649,-0.0047155305871299,0.0001954786566783,2,,10.74
1.0,45,15,15.804067373696206,-0.0841792603203159,2.893383442568711e-05,-0.0046228895688873,0.000961662406862,2,,10.74
1.0,46,15,18.228448147335317,-0.0624764809862537,0.0010373904282055,-0.0041221157519975,0.0013003494264043,2,,10.74
1.0,47,15,16.737360068317724,-0.079155371769985,-0.0016239921568981,-0.0047915407174603,0.0007306184403305,2,,10.74
1.0,48,15,16.434435946298457,-0.0723878840550364,-0.0007039232051603,-0.0043860209358588,0.0001556490731751,2,,10.74
1.0,49,15,16.807754853241153,-0.0785666922135178,0.0001919549976067,-0.0043768987826189,0.0017686370962594,2,,10.74
0.0,0,15,17.460399723916982,0.0123383892383551,-5.393361240992697e-05,-0.0049370493155454,-4.544217068970022e-05,3,-17.0,8.65
0.0,1,15,17.786813618848544,0.0166653443574578,0.0007039786798791,-0.0049661713322339,-3.490502744090496e-05,3,-17.0,8.65
0.0,2,15,16.091656723667416,0.0089539664083897,0.0014202138704553,-0.004939918717564,0.0002528304018674,3,-17.0,8.65
0.0,3,15,17.141625776031685,0.0268299020192324,-0.0010577016146997,-0.0049663091439786,-0.000230772794657,3,-17.0,8.65
0.0,4,15,19.04357780329879,-0.0094873599576963,-0.0002274218626113,-0.0049443112336202,-0.0001227476286307,3,-17.0,8.65
0.0,5,15,17.894094894800578,0.0126322818578464,-0.0017624012514089,-0.0049623433687861,-5.303414467671839e-05,3,-17.0,8.65
0.0,6,15,17.13465512103311,0.025748046807893,0.0019280239700193,-0.0049237484323067,-0.0006570867219627,3,-17.0,8.65
0.0,7,15,16.864402708835925,0.0275131917671762,-0.0006217786596775,-0.0048816965373982,-0.0003909660176473,3,-17.0,8.65
0.0,8,15,17.110088415734513,0.0049268721978537,-0.0005853340828826,-0.0049501596405193,0.0002071997130431,3,-17.0,8.65
0.0,9,15,17.25404996365801,0.0325283302180404,-0.0013428431808114,-0.0049549774980359,-0.0005272948224093,3,-17.0,8.65
0.0,10,15,15.616068707868315,0.0267962861004982,-0.0008123468476732,-0.0049639386548567,-0.0001622798897922,3,-17.0,8.65
0.0,11,15,18.21187446124727,0.0075607179161215,0.0005001970483046,-0.0049313416573104,0.0003305043605745,3,-17.0,8.65
0.0,12,15,18.45367077023895,0.0248813504953193,-0.0007893569471474,-0.0048740637702661,-0.0002928861603018,3,-17.0,8.65
0.0,13,15,16.686005756598398,0.0152712505044405,0.0011246048699571,-0.0049201644707068,-0.000476903712882,3,-17.0,8.65
0.0,14,15,16.665108747952193,0.0239603620810382,-0.000635895071848,-0.0049383813000333,-0.000503296670326,3,-17.0,8.65
0.0,15,15,16.95493090228335,0.0067635180261633,-0.0009495704884028,-0.0049448245457886,0.0001331789604785,3,-17.0,8.65
0.0,16,15,17.898624742049897,0.0194696868857444,0.0012797937441528,-0.004959800870586,0.0001375400421775,3,-17.0,8.65
0.0,17,15,17.481854657109448,0.0088917331875962,0.0007786573064937,-0.0049551110851123,-0.0002860143873356,3,-17.0,8.65
0.0,18,15,17.029313633807025,0.0205483382453889,-0.0011975225050737,-0.0049215453158173,-0.0002830576526791,3,-17.0,8.65
0.0,19,15,16.830829321459248,0.0118647998707739,-0.0005872513559148,-0.0049723378288489,-2.49360880694985e-05,3,-17.0,8.65
0.0,20,15,17.831018199088902,0.0117557338799013,0.0009577137164717,-0.0049692760636204,-2.796755322882911e-05,3,-17.0,8.65
0.0,21,15,17.01492196669969,0.0206024600356939,-0.0004865290729218,-0.0049196397695837,-7.59010928731935e-05,3,-17.0,8.65
0.0,22,15,18.01038681701199,0.0346203084583121,-0.0006633420009179,-0.0049622286306401,-0.0007216056780574,3,-17.0,8.65
0.0,23,15,17.220239087058317,0.0261953488564454,-0.0001130665336642,-0.0049413367319791,-9.686528350698343e-05,3,-17.0,8.65
0.0,24,15,17.472274126109326,0.0248511076024484,-0.0010651373060107,-0.0049653026336896,-0.000180371609707,3,-17.0,8.65
0.0,25,15,16.48245999764552,0.0103022867686641,0.0051358058366703,-0.0049791843380782,-0.0002882425579806,3,-17.0,8.65
0.0,26,15,18.16592561901243,0.0225264129834356,-0.0016234541568153,-0.0049613799151944,-0.0002922400741265,3,-17.0,8.65
0.0,27,15,17.771911794576358,0.0236140854412618,-0.0008213575840897,-0.0049443840071373,-0.0001450973304354,3,-17.0,8.65
0.0,28,15,17.670755013678377,0.0103619344635165,0.0006499078654947,-0.0049538388737228,-9.460936915852836e-05,3,-17.0,8.65
0.0,29,15,16.73978327378089,0.0153696149313213,0.0002077566926267,-0.004958687361802,-0.0001410813822101,3,-17.0,8.65
0.0,30,15,16.913208509806914,0.0150513714685017,-0.0008934620460826,-0.004939322547093,-0.0001558740075476,3,-17.0,8.65
0.0,31,15,16.983494625648238,-0.0082802732272747,0.0002752982566215,-0.0048838147642932,0.0002204420566793,3,-17.0,8.65
0.0,32,15,15.67875799199685,0.0157469144883685,0.000640366795012,-0.0049614267978044,-0.0001193887423987,3,-17.0,8.65
0.0,33,15,15.927235791900898,0.0156808190498616,0.0009704992368614,-0.0048898569032674,-0.0006627707774874,3,-17.0,8.65
0.0,34,15,18.787680274981824,0.0048719909684148,-7.715076020693369e-05,-0.0049532429558921,-0.0001311407484404,3,-17.0,8.65
0.0,35,15,17.308790566397654,0.0186272190369263,-0.0021893074318098,-0.0049332901689564,-0.000343223966195,3,-17.0,8.65
0.0,36,15,16.939099852574966,0.010473836915472,0.0003201171689983,-0.004972557633918,8.358265924782616e-05,3,-17.0,8.65
0.0,37,15,17.54181782482768,0.0177172743719527,0.0013942023484641,-0.0049728958148946,-0.0001594177108773,3,-17.0,8.65
0.0,38,15,16.129513448739303,0.0219883769571077,-0.0008051951697603,-0.0049473314089294,-0.0003508179823013,3,-17.0,8.65
0.0,39,15,17.965562907758077,0.0206883696887525,-0.0008703268683885,-0.0049435770445137,-0.0003264937101748,3,-17.0,8.65
0.0,40,15,15.892329201687502,-0.0035638950204288,-0.0008631822977793,-0.0049369066326412,-0.0002616072827845,3,-17.0,8.65
0.0,41,15,15.93287523270848,0.0230300314501601,-0.0012105283420502,-0.0049101986196669,-0.0005025655941161,3,-17.0,8.65
0.0,42,15,17.775716212884717,0.0057479320750632,-1.7656747361812768e-05,-0.0049752937279392,-4.552683221031612e-06,3,-17.0,8.65
0.0,43,15,18.376283837796016,0.0193859332135849,-0.0009266176920975,-0.0049694912664168,-0.0003362156319527,3,-17.0,8.65
0.0,44,15,15.393664568505942,0.0149599117685039,0.0003365256274535,-0.0048652832751568,-0.0003465044427277,3,-17.0,8.65
0.0,45,15,17.00057747515273,-0.0033139065064843,0.0002413708862558,-0.0049314265716018,-0.0003343661843815,3,-17.0,8.65
0.0,46,15,18.315626965590408,0.0085684888950012,0.0003662219696046,-0.0049000237945178,-0.0002401995671921,3,-17.0,8.65
0.0,47,15,17.880114990021365,0.0152762298029268,-0.0015444265615944,-0.0049445605209041,-2.900745792794072e-05,3,-17.0,8.65
0.0,48,15,17.4842588855844,0.0277152786599812,-0.001503557300531,-0.0049357970638993,-0.0003820984426547,3,-17.0,8.65
0.0,49,15,16.976726600637615,0.0085861009451233,0.0004603607895828,-0.0048882719290969,-5.447861050855476e-09,3,-17.0,8.65
0.25,0,15,17.405700600626272,-0.0066932411093353,4.9406686008333047e-05,-0.004893908275847,0.0002740712912267,3,-17.0,8.65
0.25,1,15,17.600758625506078,-0.0040397150290732,0.0013410175054864,-0.0049027710013558,0.000443537689767,3,-17.0,8.65
0.25,2,15,16.35776216954278,-0.0068942920685845,0.0013469878319288,-0.0048806431679922,0.0005050241741165,3,-17.0,8.65
0.25,3,15,16.78776731780659,0.0096435535497729,-0.0007349120385163,-0.0048219858860834,-0.0002538153628946,3,-17.0,8.65
0.25,4,15,18.736858832688107,-0.0239976670026474,-0.0001824885585064,-0.0049114562700192,8.889756697222137e-05,3,-17.0,8.65
0.25,5,15,17.49926464516654,-0.012077488646925,-0.0015402917616438,-0.0048796521613661,0.000209543116095,3,-17.0,8.65
0.25,6,15,17.05706951164637,-0.0078672097160679,0.0020135046230993,-0.0048821362295638,2.4349633511966424e-05,3,-17.0,8.65
0.25,7,15,16.813517152466524,-0.0050806769668523,-4.702826257698189e-05,-0.0047340795479098,-0.000180028839017,3,-17.0,8.65
0.25,8,15,17.04099507503462,-0.0307602064108669,-0.0007221393420973,-0.0048877007085443,0.0008102769904051,3,-17.0,8.65
0.25,9,15,17.05568757435428,0.0040080842757901,-0.0011469100486378,-0.0048872916481652,-0.000306181785248,3,-17.0,8.65
0.25,10,15,15.38335048324778,-0.0081374966973584,-0.0008604202254389,-0.0048803496825618,8.034006381368615e-05,3,-17.0,8.65
0.25,11,15,18.01179794193073,-0.0050971855637778,0.0009888458448819,-0.0048083804060055,0.0005724971082332,3,-17.0,8.65
0.25,12,15,17.611860228142188,-0.0056157805716205,-0.0001838610970404,-0.0048145082283568,2.845805216404173e-06,3,-17.0,8.65
0.25,13,15,16.472142685326272,-0.0156013938117504,0.0007824801561734,-0.0048527554033437,0.0002447500006378,3,-17.0,8.65
0.25,14,15,16.580460350414622,-0.0095274510924022,-0.0004568033684162,-0.0048671322274399,-3.0460506950693736e-06,3,-17.0,8.65
0.25,15,15,17.06879477347088,-0.0121761720717152,-0.0009533265224247,-0.0049037560754546,0.0003121270001787,3,-17.0,8.65
0.25,16,15,17.41322502027556,-0.0006051372662899,0.001255552231271,-0.0048688981012878,0.0003376871362833,3,-17.0,8.65
0.25,17,15,16.930836953859824,-0.0060466800832147,0.0003782547195122,-0.0048558793215294,-0.0001221477906474,3,-17.0,8.65
0.25,18,15,17.06090635202515,0.0064305851311113,-0.0014856571206389,-0.0048564383183384,-0.0001590461767516,3,-17.0,8.65
0.25,19,15,16.759884868434956,-0.0187775164618862,-0.0006945228264739,-0.0048833643383378,0.0002637463795844,3,-17.0,8.65
0.25,20,15,17.3876552053948,-0.0190634745377975,0.0009308050184942,-0.0048533496767166,0.0004066291464103,3,-17.0,8.65
0.25,21,15,17.033199578299197,0.0134966976516347,-0.0001061755714658,-0.0048764807607096,-8.731239638170444e-05,3,-17.0,8.65
0.25,22,15,17.39626598296335,-0.0019358371785386,-0.0006090345739444,-0.004883841198122,-9.886046805512133e-05,3,-17.0,8.65
0.25,23,15,16.793963965912894,-0.0005410956411418,-0.0004575407685531,-0.0048532225666543,-2.477408032527556e-05,3,-17.0,8.65
0.25,24,15,17.171243520092034,-0.012898226350894,-0.0013079319881218,-0.0049045929797219,2.958583820537529e-05,3,-17.0,8.65
0.25,25,15,16.04109631392031,-0.0208949581840226,0.0055468123167625,-0.004907890995589,-0.0001798944606091,3,-17.0,8.65
0.25,26,15,17.600984509325418,-0.0009191394482655,-0.001382984456472,-0.0049256685147973,9.9234784287368e-06,3,-17.0,8.65
0.25,27,15,17.591603221958724,-0.0039282683954822,-0.0002674188962653,-0.0048886527579658,-0.0001322630775468,3,-17.0,8.65
0.25,28,15,17.382714649672057,-0.0053239978925138,0.0009899749447918,-0.0048178714993216,0.0001776157361094,3,-17.0,8.65
0.25,29,15,16.068610661550764,-0.0197718587241825,-9.39010053048284e-05,-0.0048886251519409,-2.2991330315850143e-05,3,-17.0,8.65
0.25,30,15,16.463175483518498,-0.0089456844775347,-0.000964176918538,-0.0047948113675621,0.0003529511482578,3,-17.0,8.65
0.25,31,15,16.467947104442757,-0.0183265222481028,0.0005032350872982,-0.0047187182146799,0.0005557565035042,3,-17.0,8.65
0.25,32,15,15.987677255078315,-0.0096832425185426,0.0001980100340935,-0.0048897379694541,0.0004110906055785,3,-17.0,8.65
0.25,33,15,15.721085866466074,-0.0109003469310302,0.0007487815780473,-0.0048823565798844,7.111789722901602e-05,3,-17.0,8.65
0.25,34,15,18.700627670752965,-0.0236476301139198,-0.000397340568591,-0.0048603890487421,-0.000342181466693,3,-17.0,8.65
0.25,35,15,17.263143340009854,-0.0095593676077217,-0.0021485641855989,-0.0048890637698879,1.592410211021707e-06,3,-17.0,8.65
0.25,36,15,17.1070261648676,-0.0043226111100098,0.0007266584863711,-0.0047907096059821,-2.336456842762385e-05,3,-17.0,8.65
0.25,37,15,17.207206729790478,0.0007759350622656,0.0013788804905117,-0.0048771864104599,-0.0001739275590391,3,-17.0,8.65
0.25,38,15,16.11276612837066,-0.0043860486389809,-0.0009853673173063,-0.004834180466249,0.0001705185270352,3,-17.0,8.65
0.25,39,15,17.379677722593264,-0.0179370412019537,-0.0007805603424444,-0.0049022464450973,-8.583220707726111e-05,3,-17.0,8.65
0.25,40,15,15.691780363766288,-0.0230036592384772,-0.0008082492951862,-0.0049004734688664,-7.8203971202362e-05,3,-17.0,8.65
0.25,41,15,15.490144221933669,-0.0065181705959189,-0.0002684982225099,-0.0048274487135184,1.8006746448141802e-05,3,-17.0,8.65
0.25,42,15,17.69443759163239,-0.0121313179477196,0.0001682205542617,-0.0048746259170283,0.0003330560088273,3,-17.0,8.65
0.25,43,15,18.210617489324854,0.010963845813429,-0.0004845954777487,-0.0049223726616701,-0.0003014891247143,3,-17.0,8.65
0.25,44,15,14.695657887425144,-0.0027552176443242,0.0001964255682279,-0.004766146653857,-0.0002913315899192,3,-17.0,8.65
0.25,45,15,16.614621908719542,-0.018716042273591,0.0001035368260673,-0.0048782517879722,-0.0002238242103733,3,-17.0,8.65
0.25,46,15,18.348927908563223,-0.0088318077623592,0.0006013224617035,-0.0045979642115726,0.0004170409911759,3,-17.0,8.65
0.25,47,15,17.520809179486697,-0.005204947956048,-0.0013297788608596,-0.0048722081120144,0.0001541866760563,3,-17.0,8.65
0.25,48,15,17.3045071507863,0.0006754650342397,-0.001219597508204,-0.0047726767593052,-0.0001986773427429,3,-17.0,8.65
0.25,49,15,16.95053264058777,-0.010686960005384,0.0001468002214035,-0.0047788573919065,0.0003233312956488,3,-17.0,8.65
0.5,0,15,17.494289609893944,-0.0199969648504696,0.0003715031393577,-0.0047472433697041,0.0002799362205548,3,-17.0,8.65
0.5,1,15,17.391585624963135,-0.0443884699151039,0.0011497811149722,-0.0048226626548802,0.0005609382046622,3,-17.0,8.65
0.5,2,15,16.391716802452525,-0.0348123537269837,0.0013238100833617,-0.0048052400729618,0.0003791686236977,3,-17.0,8.65
0.5,3,15,16.907993948598627,-0.0144515926454544,-0.0012611704629971,-0.0048144332551299,0.0002029437278917,3,-17.0,8.65
0.5,4,15,18.38858270719152,-0.0546970043938651,-0.0004619284576816,-0.0048412166429848,0.0001493992157202,3,-17.0,8.65
0.5,5,15,17.015903878580644,-0.0255334450034598,-0.0015286365481836,-0.0047124266854677,0.0003694824807521,3,-17.0,8.65
0.5,6,15,17.052123759731487,-0.0214890602377973,0.0020013985498129,-0.0048160690840809,0.0005320585433127,3,-17.0,8.65
0.5,7,15,16.320162063784778,-0.0307276106808225,-0.000733088556838,-0.0048171385133103,0.0002478967002313,3,-17.0,8.65
0.5,8,15,16.967656625674714,-0.0434311636639875,-0.000615425696854,-0.0047987633993064,0.0007475237401044,3,-17.0,8.65
0.5,9,15,16.952418327513318,-0.0033836905684335,-0.0006146711730226,-0.0047915660701768,-0.0002075233848279,3,-17.0,8.65
0.5,10,15,15.559452586226344,-0.0253887883072436,-0.0007365786392354,-0.0048322524488068,0.0004456405788259,3,-17.0,8.65
0.5,11,15,17.632657014601513,-0.0300371866906824,0.0006147692011071,-0.0047095512579699,0.0011395853806776,3,-17.0,8.65
0.5,12,15,18.121681082727115,-0.0227792994219189,-0.0001048728905812,-0.0046434507015016,0.0002080044165538,3,-17.0,8.65
0.5,13,15,16.510431335073594,-0.0401957063119624,0.000825264113601,-0.0046849309697356,0.0008379902420425,3,-17.0,8.65
0.5,14,15,16.182509643367066,-0.0316553427478506,-0.0004637312119203,-0.0047993066228864,-3.5979426149876226e-05,3,-17.0,8.65
0.5,15,15,16.87871222533501,-0.0276437000889321,-0.000727870174981,-0.0047556763332338,0.0004548721444697,3,-17.0,8.65
0.5,16,15,16.768319378759035,-0.0432746116845948,0.0009675328915777,-0.0048514280847286,0.0004891752828262,3,-17.0,8.65
0.5,17,15,16.906858420525044,-0.0284043981171599,0.000754284456284,-0.004866148253168,-6.673151063471166e-05,3,-17.0,8.65
0.5,18,15,16.3047306848662,-0.0163443814232832,-0.0013855840695351,-0.0048150872315818,0.0001273751056575,3,-17.0,8.65
0.5,19,15,17.185765320957636,-0.0358248654747044,-0.0011317813897586,-0.004810097184525,0.000450134963709,3,-17.0,8.65
0.5,20,15,17.09951946697503,-0.0455194115993566,0.0009650146952787,-0.0047858352571419,0.0008321598144453,3,-17.0,8.65
0.5,21,15,16.798466314505664,-0.0112310890204558,-0.0005430192632455,-0.0048367530731612,9.942774331436372e-05,3,-17.0,8.65
0.5,22,15,17.54271804383581,-0.0203619099424596,-0.0005835347220457,-0.0047158299926935,4.644117070149256e-05,3,-17.0,8.65
0.5,23,15,17.060481528106845,-0.0237522707415598,-0.0003556261272841,-0.0048196865778276,0.0002696939121299,3,-17.0,8.65
0.5,24,15,16.98462950297763,-0.0278366993808666,-0.0008278605875523,-0.0048784626939861,6.736514711049473e-06,3,-17.0,8.65
0.5,25,15,16.00087406962367,-0.0458008261903636,0.0054255524079983,-0.0047758033472577,0.0004456435470714,3,-17.0,8.65
0.5,26,15,17.318955492057526,-0.0163328471712122,-0.0012804253290463,-0.0047371339702891,4.469956958489949e-05,3,-17.0,8.65
0.5,27,15,17.82095057696612,-0.0181852794383104,-0.0002391894288898,-0.0047785740605521,0.0002157542910162,3,-17.0,8.65
0.5,28,15,16.91150943667541,-0.0347718032934806,0.0003618689965502,-0.004799496855584,0.0008367636803235,3,-17.0,8.65
0.5,29,15,16.00461860822522,-0.0489538081279538,-0.000166695526892,-0.004810466199009,0.000340216029204,3,-17.0,8.65
0.5,30,15,16.901328874281184,-0.042875202513622,-0.0011600343268201,-0.0047420046013251,0.0005489216092316,3,-17.0,8.65
0.5,31,15,16.23243023941221,-0.0524704489879956,0.0005255052368509,-0.0047752646624458,0.0009797965276426,3,-17.0,8.65
0.5,32,15,15.862340194077678,-0.0428612845896319,0.0003647642276305,-0.0048427214982426,0.0006549408045778,3,-17.0,8.65
0.5,33,15,15.395369027303762,-0.0369549829773719,0.0008131107539214,-0.0048402548912981,0.0002579223660529,3,-17.0,8.65
0.5,34,15,17.954818488489217,-0.0430365295777811,-0.0007340847044909,-0.0048590000156048,0.0001707255363278,3,-17.0,8.65
0.5,35,15,17.06116516276345,-0.0244627893741955,-0.0021954500595581,-0.0048420776177267,0.0002390941616728,3,-17.0,8.65
0.5,36,15,16.846607868732452,-0.0435061822979931,-0.0002031240816093,-0.004798619519185,0.0003542335216447,3,-17.0,8.65
0.5,37,15,16.996689169420968,-0.0228870660288034,0.0005819802225761,-0.0049029172433227,4.117280554742266e-05,3,-17.0,8.65
0.5,38,15,16.02642958508216,-0.0301730772176399,-0.0012817897775817,-0.0048881168153707,0.0002826620520547,3,-17.0,8.65
0.5,39,15,17.03705451700341,-0.0405054993654421,-0.0011131562814077,-0.0048359444855267,0.0004775460894962,3,-17.0,8.65
0.5,40,15,15.512914428404144,-0.0519504683915524,-0.001273373391756,-0.0048034142603354,0.0001298290206902,3,-17.0,8.65
0.5,41,15,15.447590338797,-0.0294873616826533,-0.0001638548728526,-0.0048107980835298,0.000289534962917,3,-17.0,8.65
0.5,42,15,17.451635321564808,-0.0306297305516898,0.000539076880611,-0.0047754795607394,0.0006887551628823,3,-17.0,8.65
0.5,43,15,18.206180819537675,-0.0149839764678172,-0.0005977419188833,-0.0048568058537339,4.784941760353356e-05,3,-17.0,8.65
0.5,44,15,14.702725270832266,-0.0328657120382838,-8.671365983031363e-05,-0.0047353929662081,-0.0002860875281216,3,-17.0,8.65
0.5,45,15,16.327311923827484,-0.0443641852268482,0.0005031328095048,-0.0048108594994171,0.000274459867657,3,-17.0,8.65
0.5,46,15,17.364317665329672,-0.0255670684697204,0.0007133988857316,-0.0045690431000203,0.0004573621477461,3,-17.0,8.65
0.5,47,15,17.1445262839717,-0.0329715195946526,-0.0017278704580355,-0.0048605858169028,0.0003518845607706,3,-17.0,8.65
0.5,48,15,16.941462990270487,-0.027432287756715,-0.0014006271170943,-0.0046464767470178,-1.0895857460856169e-05,3,-17.0,8.65
0.5,49,15,16.642119896083994,-0.0346398682381978,-0.0001503164843897,-0.0046766283444254,0.0007726193926963,3,-17.0,8.65
0.75,0,15,17.52657339375838,-0.0532782005877882,-0.0003322792000051,-0.0048248358521115,0.0005251096174491,3,-17.0,8.65
0.75,1,15,17.05957093563588,-0.0603458464951467,0.000875367614165,-0.0047015366881042,0.0012682993508747,3,-17.0,8.65
0.75,2,15,15.96648950396924,-0.0527223186099157,0.0011487876280447,-0.0047441726728805,0.0004603950150156,3,-17.0,8.65
0.75,3,15,16.93403644610414,-0.0277487011829429,-0.0008607922836964,-0.0047172550838612,0.0002619107400387,3,-17.0,8.65
0.75,4,15,18.443092479418095,-0.0658039495631365,-0.0005109589193184,-0.0047902047846057,0.0004325282860518,3,-17.0,8.65
0.75,5,15,17.118169182083026,-0.049782043339107,-0.0018467016117323,-0.004695741718315,0.0004614375920013,3,-17.0,8.65
0.75,6,15,17.187979423243625,-0.0407232203697587,0.0020809202703554,-0.0046909693489567,0.0012910283452256,3,-17.0,8.65
0.75,7,15,16.257173558628793,-0.0523831810329029,-0.0004240162177176,-0.0047450275838558,0.0004984277151353,3,-17.0,8.65
0.75,8,15,16.718818021475716,-0.0601153563313032,-0.0006189042823453,-0.0047391677992309,0.0004513596867337,3,-17.0,8.65
0.75,9,15,16.881337958350542,-0.0255999929630001,-0.0010228002156192,-0.0047604836591855,-0.0001108315854976,3,-17.0,8.65
0.75,10,15,15.414675390786652,-0.0397477112652452,-0.0006127026997009,-0.0047446598383036,0.0004231603315749,3,-17.0,8.65
0.75,11,15,17.81146031564394,-0.0415070323322724,0.0003908802166336,-0.0046967283941121,0.0013898424356723,3,-17.0,8.65
0.75,12,15,17.385670913259332,-0.0436345332450335,-7.76484923995034e-05,-0.0046588295259667,0.0002413536802281,3,-17.0,8.65
0.75,13,15,16.29094762883941,-0.0564693348057263,0.0011217101728635,-0.0044245988461875,0.0008520149240165,3,-17.0,8.65
0.75,14,15,16.429310403701955,-0.0462151445582782,-8.84615152303612e-05,-0.0047765516766984,0.0002375032562812,3,-17.0,8.65
0.75,15,15,17.040824037064723,-0.0566103468712695,-0.0011702036056619,-0.0047765426582434,0.0007860929411802,3,-17.0,8.65
0.75,16,15,16.689139306496713,-0.0521489390734216,0.0007028149024507,-0.0047788638558255,0.0008155058707679,3,-17.0,8.65
0.75,17,15,16.784934622669923,-0.0583916911757408,0.0010096507114234,-0.004631078580621,0.0008230494786837,3,-17.0,8.65
0.75,18,15,16.456081816563785,-0.0463043486026174,-0.0010084068950513,-0.0047652523705856,0.0003225426155165,3,-17.0,8.65
0.75,19,15,16.61518370810632,-0.0574043984570249,-0.0012766537647401,-0.0047382820116798,0.0006361618286829,3,-17.0,8.65
0.75,20,15,16.97454899329005,-0.0596942446912773,0.0014916411428983,-0.0048121260546931,0.0007352471563071,3,-17.0,8.65
0.75,21,15,16.52039739391761,-0.0300469328943344,-0.0001457348104592,-0.0048150690468638,0.0002345302961342,3,-17.0,8.65
0.75,22,15,17.903863094838016,-0.040850193241678,-0.0008357590947542,-0.0043884144159092,-0.0001806457886243,3,-17.0,8.65
0.75,23,15,17.782254885195243,-0.0416390739330474,-0.0007023644090685,-0.0047457223537227,0.0005039312762626,3,-17.0,8.65
0.75,24,15,16.463778615934476,-0.0496568856166167,-0.0014836523649315,-0.0048237929245073,0.0001007894559123,3,-17.0,8.65
0.75,25,15,16.11583111320779,-0.0565401041367216,0.0050537907348839,-0.0047751507119239,0.0002263347101171,3,-17.0,8.65
0.75,26,15,17.184435252058847,-0.0366780666627,-0.0015698573094169,-0.0047018790500133,0.000364334310397,3,-17.0,8.65
0.75,27,15,17.16487347777804,-0.0404363869106886,2.809869095670944e-05,-0.0047229699307293,0.00032894467445,3,-17.0,8.65
0.75,28,15,16.490687022155136,-0.0486023523619261,0.0001275100555451,-0.0047359129191445,0.0005803893875691,3,-17.0,8.65
0.75,29,15,16.139360745510903,-0.0695371369748025,0.0002402467627159,-0.0047451999361641,0.0006369822998312,3,-17.0,8.65
0.75,30,15,16.718601975994606,-0.0545105450932622,-0.0009954254683071,-0.0046455867394628,0.0007431469762522,3,-17.0,8.65
0.75,31,15,16.33820350393395,-0.0670951381819191,0.0003025171591615,-0.0046008461777471,0.0011964911244547,3,-17.0,8.65
0.75,32,15,15.478997465175016,-0.0592182480058863,0.0002350601658443,-0.0048087891351259,0.0007309583980113,3,-17.0,8.65
0.75,33,15,15.456765936645487,-0.0527370474268608,0.000555820267139,-0.0048271319987961,0.0003754298565057,3,-17.0,8.65
0.75,34,15,17.88915424402562,-0.063023670500181,-0.0006685005636283,-0.0047364307269007,0.0005058110044348,3,-17.0,8.65
0.75,35,15,17.30187751572924,-0.0448103517846184,-0.0022313239313675,-0.0048300273665277,0.0004096897795747,3,-17.0,8.65
0.75,36,15,16.583318863618246,-0.0543803438792447,0.0001027696892103,-0.0046816805544106,0.0006446518604385,3,-17.0,8.65
0.75,37,15,16.92244284511776,-0.0404390746679527,0.0011259743052126,-0.0048236751157346,-0.0001201418209761,3,-17.0,8.65
0.75,38,15,15.517108731705637,-0.0602411215368071,-0.0010035731971674,-0.0048010602188502,0.0006720117561024,3,-17.0,8.65
0.75,39,15,16.565157343839836,-0.0524163706331839,-0.0006228754196396,-0.0047722218559754,0.0005961045000157,3,-17.0,8.65
0.75,40,15,15.25073927326976,-0.0735726056514405,-0.0014619049322134,-0.0046841660607473,0.0003039612511006,3,-17.0,8.65
0.75,41,15,15.256480585836275,-0.0464468607263727,-0.0007651543667428,-0.0047046933635783,0.0004443827677401,3,-17.0,8.65
0.75,42,15,17.145112339277432,-0.055425676453316,0.0007795338088389,-0.0047201633216478,0.0009664083920446,3,-17.0,8.65
0.75,43,15,18.531981094922788,-0.0350071711940493,-0.0005617236541872,-0.0047585120019654,0.0001922135663381,3,-17.0,8.65
0.75,44,15,14.566919512986315,-0.049738577193038,2.0491546262701296e-05,-0.0046906529103924,-0.0003324163634352,3,-17.0,8.65
0.75,45,15,15.874372491508831,-0.0534854061585463,0.000564894532555,-0.0046487595631913,0.0001544371020721,3,-17.0,8.65
0.75,46,15,18.32531291542104,-0.0401751753455179,0.0010797208498701,-0.0043656033238405,0.000672440667999,3,-17.0,8.65
0.75,47,15,17.226805509195092,-0.0624599912585085,-0.0015818540878222,-0.0048083677957867,0.0006190304505207,3,-17.0,8.65
0.75,48,15,16.69260060699414,-0.0491749167311933,-0.0015063658184635,-0.0046060966498496,7.072496034637203e-05,3,-17.0,8.65
0.75,49,15,16.747838792969173,-0.0556270527923657,0.0004071177343868,-0.0046694757553548,0.0011887917820885,3,-17.0,8.65
1.0,0,15,17.042911422685503,-0.0718240251714107,-0.0002663316324614,-0.004830061507147,0.0008702634781173,3,,10.74
1.0,1,15,17.059271685350453,-0.0758203797897126,0.0010779532835344,-0.0045702556736969,0.0015965003467498,3,,10.74
1.0,2,15,16.173288396398917,-0.0728702294151479,0.0014470045644377,-0.0047458927500763,0.0008476590476876,3,,10.74
1.0,3,15,16.903870687201977,-0.048642459619904,-0.0005689414880273,-0.0047121289489999,0.0003325103588634,3,,10.74
1.0,4,15,17.753902999480808,-0.077147732801348,-0.0003474698062279,-0.0047366233089052,0.0002806427421849,3,,10.74
1.0,5,15,17.18305298907256,-0.0673168933738011,-0.0018336148976229,-0.0047383979895279,0.0007611645565388,3,,10.74
1.0,6,15,17.33455495165729,-0.0568640264408431,0.0020426693078979,-0.0044691457517079,0.0018614439785291,3,,10.74
1.0,7,15,16.08006085748369,-0.0614204168814192,-0.0006821830859432,-0.0046223968769132,0.000731904688006,3,,10.74
1.0,8,15,17.00785394966759,-0.0746690946213013,-0.0003314976155911,-0.0047872029108533,0.0007218590529565,3,,10.74
1.0,9,15,16.596768069591807,-0.0445955977541074,-0.0010798305724193,-0.0046261643720096,2.169520497698988e-05,3,,10.74
1.0,10,15,15.041938492173417,-0.0554631383402873,-0.0007947573384599,-0.0046558864324968,0.0004672421819939,3,,10.74
1.0,11,15,17.26379692379342,-0.0706571093227134,0.0008200109579241,-0.004699089396944,0.0012808562330527,3,,10.74
1.0,12,15,17.260618074034916,-0.0637583615320145,-0.0006374117600659,-0.0045999976766834,0.0003008802716467,3,,10.74
1.0,13,15,16.36165342616602,-0.0812924700353583,0.0007359471053934,-0.0046098961891718,0.001207447821275,3,,10.74
1.0,14,15,16.30057466206712,-0.0734766529014343,9.559141900358382e-05,-0.0047242742305411,0.0004010864960301,3,,10.74
1.0,15,15,16.635628991902745,-0.0781853494489051,-0.0012084600439709,-0.0046457275055586,0.0011382823614783,3,,10.74
1.0,16,15,16.64017631335009,-0.07518908115107,0.0006315567832882,-0.0047497652426835,0.0008860537690678,3,,10.74
1.0,17,15,16.632923091350676,-0.082272642288342,0.0010932915489496,-0.0045432115776014,0.0014119316665543,3,,10.74
1.0,18,15,16.382577321119832,-0.0606838734865135,-0.0010833702906953,-0.0046739384749351,0.0007150608976108,3,,10.74
1.0,19,15,16.905076892975487,-0.0732552074064504,-0.001180714920572,-0.0047392165330786,0.0006256808252936,3,,10.74
1.0,20,15,16.94746790275071,-0.0820876646512396,0.0010295985112227,-0.0047922480712196,0.0010340686917707,3,,10.74
1.0,21,15,16.041370905420784,-0.060528564163601,-0.0003342778836181,-0.0047786247680801,0.0007454197331575,3,,10.74
1.0,22,15,17.78846784930718,-0.0523880223330249,-0.0008011973614188,-0.0044303152834749,0.0001180905849652,3,,10.74
1.0,23,15,16.542082942945413,-0.0589178794233375,-0.0002211961828487,-0.0046963871764063,0.0003879676709939,3,,10.74
1.0,24,15,16.58938994794568,-0.0812662997564113,-0.0012214674965626,-0.0047547565068167,0.0008098135784955,3,,10.74
1.0,25,15,16.072587131506253,-0.077480349057568,0.0054260278291193,-0.0045298534209083,0.0009016146968172,3,,10.74
1.0,26,15,17.118788644438112,-0.0580897936689479,-0.0015664569625779,-0.0047776446524048,0.0004707027587949,3,,10.74
1.0,27,15,16.750095610989177,-0.0673403487243114,0.0002083944144715,-0.0047405518248751,0.0008497308182921,3,,10.74
1.0,28,15,16.83795976082029,-0.0785173656427549,0.0002703013621762,-0.0046285265943804,0.0013005773017009,3,,10.74
1.0,29,15,16.2304921553296,-0.0870313733125879,0.0001081863743253,-0.0046480059395501,0.0009676224578303,3,,10.74
1.0,30,15,17.168586415123144,-0.0668697586583654,-0.0015230877240864,-0.0047261244578039,0.000907221912894,3,,10.74
1.0,31,15,16.483554573054615,-0.0866988800781345,0.0006484052131503,-0.0044116308520887,0.0017922983159392,3,,10.74
1.0,32,15,15.096110621173898,-0.0841623946025265,5.002590329403927e-05,-0.0047553160784476,0.0011006686269074,3,,10.74
1.0,33,15,15.3248797480943,-0.0695849882291892,0.0005964827166319,-0.0046707668475064,0.0008126043844435,3,,10.74
1.0,34,15,17.652296836233603,-0.0849029886269232,-0.0004199118792966,-0.0047061443724991,0.0007398787261405,3,,10.74
1.0,35,15,16.78148017673925,-0.0509550063383917,-0.0021163963705243,-0.0047020816793813,0.000621288515117,3,,10.74
1.0,36,15,16.692702264049732,-0.0708910586835877,0.0002857692998786,-0.0046767214692137,0.0011011459251366,3,,10.74
1.0,37,15,17.583186772913194,-0.0532094964361728,0.0013604962818909,-0.0047913864026868,3.208806272330368e-05,3,,10.74
1.0,38,15,15.303934321984906,-0.0724790114014959,-0.0009907620167343,-0.0047191902432889,0.0008370486087444,3,,10.74
1.0,39,15,16.744704001615133,-0.0702403808326942,-0.000834985778276,-0.0047934268723374,0.0006285832362924,3,,10.74
1.0,40,15,15.451869616795614,-0.0874169137707191,-0.0012066314678188,-0.0045920346132043,0.0003904587682225,3,,10.74
1.0,41,15,15.148412818017446,-0.0703567345826009,-0.0003138221427465,-0.0047205827815298,0.0007286339963744,3,,10.74
1.0,42,15,17.252365974035015,-0.065548020815408,0.0008802737308928,-0.0047639990397128,0.0009813230604437,3,,10.74
1.0,43,15,18.113913625251044,-0.0478427733428063,-0.0005883927121332,-0.0047574751163231,0.0004010197425452,3,,10.74
1.0,44,15,14.560127603956335,-0.0757907613259592,-0.0003408412395649,-0.0047155305871299,0.0001954786566783,3,,10.74
1.0,45,15,15.804067373696206,-0.0841792603203159,2.893383442568711e-05,-0.0046228895688873,0.000961662406862,3,,10.74
1.0,46,15,18.228448147335317,-0.0624764809862537,0.0010373904282055,-0.0041221157519975,0.0013003494264043,3,,10.74
1.0,47,15,16.737360068317724,-0.079155371769985,-0.0016239921568981,-0.0047915407174603,0.0007306184403305,3,,10.74
1.0,48,15,16.434435946298457,-0.0723878840550364,-0.0007039232051603,-0.0043860209358588,0.0001556490731751,3,,10.74
1.0,49,15,16.807754853241153,-0.0785666922135178,0.0001919549976067,-0.0043768987826189,0.0017686370962594,3,,10.74
0.0,0,15,20.26517461157693,0.0229180626457559,0.0002397572590906,-0.0049662935742453,-0.000135969383736,4,-22.0,7.18
0.0,1,15,20.987905596976685,0.0193580000486104,0.0011389516746707,-0.0049695563586683,6.648200010569816e-05,4,-22.0,7.18
0.0,2,15,18.81018671074979,0.0184890023938596,0.0012601873303938,-0.0049347755631071,0.0001618859612866,4,-22.0,7.18
0.0,3,15,20.290377117474883,0.0402518022658879,-0.0005791971636859,-0.0049802674735719,-0.000429248770369,4,-22.0,7.18
0.0,4,15,22.360892369918883,0.0144913162695533,0.0004329255296123,-0.004976428742101,-0.000359082473594,4,-22.0,7.18
0.0,5,15,20.583323979622065,0.0148419404503223,-0.001571476230824,-0.004980145255473,-7.402973920367342e-05,4,-22.0,7.18
0.0,6,15,20.038611489615505,0.0362292520324769,0.0015963990657748,-0.0049409343065985,-0.0004032131628212,4,-22.0,7.18
0.0,7,15,19.593251035138472,0.0306087851888911,-0.0002285435139342,-0.0049469725311165,-0.0003382128180136,4,-22.0,7.18
0.0,8,15,20.562329374833,0.0114649198694899,-0.0005232595359058,-0.0049542133719837,0.000191876606122,4,-22.0,7.18
0.0,9,15,20.056029873857717,0.0538200066728426,-0.001118667748412,-0.0049768284785322,-0.0007027935902648,4,-22.0,7.18
0.0,10,15,18.60227639256461,0.0302170679344112,-0.0007338029669496,-0.0049626457893377,-0.0001906610986621,4,-22.0,7.18
0.0,11,15,20.99692436761335,0.010595218137929,0.0010786076751127,-0.0049329238397387,0.0002683719769508,4,-22.0,7.18
0.0,12,15,20.714346822900488,0.0301043348215024,-0.000593935203362,-0.0049126512675725,-0.0003204390928475,4,-22.0,7.18
0.0,13,15,19.536389019592708,0.0140420326502287,0.0012085294029188,-0.0049429466777447,-0.0004945978057236,4,-22.0,7.18
0.0,14,15,19.92022806118293,0.0336438368730417,-0.0004844917179608,-0.00494794369833,-0.0003478798209396,4,-22.0,7.18
0.0,15,15,20.13395720791113,0.0149628609466093,-0.0009077337088741,-0.0049581614880856,-3.4328059710402253e-06,4,-22.0,7.18
0.0,16,15,20.818649833668857,0.0353313785408881,0.0009713394975171,-0.0049711716059721,-0.0001818222849501,4,-22.0,7.18
0.0,17,15,20.117063688429305,0.0301934423903595,0.0012083592426189,-0.004966644187061,-0.0005848361070015,4,-22.0,7.18
0.0,18,15,20.35197645689148,0.0349014913183799,-0.0013407076110051,-0.0049471276458731,-0.0004294716173666,4,-22.0,7.18
0.0,19,15,19.986031517422205,0.0183651271034051,-0.0011938013880638,-0.0049634951255846,-9.86553684195206e-05,4,-22.0,7.18
0.0,20,15,20.849446915582757,0.0178348742309699,0.0009797329947801,-0.0049627295941468,4.78993865121396e-05,4,-22.0,7.18
0.0,21,15,19.693769850046955,0.0317330378692638,-7.114878293959475e-05,-0.0049539163328972,-0.0002381768978443,4,-22.0,7.18
0.0,22,15,20.95476587394861,0.0354075251082111,-0.0003805297335492,-0.0049518094468153,-0.0006989275149113,4,-22.0,7.18
0.0,23,15,20.493885294643352,0.0339534425738895,-0.0003468199143912,-0.0049529592840726,-0.000246411832411,4,-22.0,7.18
0.0,24,15,20.46375303534028,0.0329248240508318,-0.0010285974767042,-0.0049546037932923,-0.0001494724890232,4,-22.0,7.18
0.0,25,15,19.196431910848577,0.025031709224346,0.0051549579831103,-0.00496517360518,-0.0003239036546728,4,-22.0,7.18
0.0,26,15,20.99865058530486,0.0279376513231573,-0.001246224048306,-0.0049249284160381,-0.0004565363578935,4,-22.0,7.18
0.0,27,15,21.34972300817888,0.0339725835483781,-0.000421713017308,-0.0049732416006901,-0.000293459480424,4,-22.0,7.18
0.0,28,15,20.77843534236004,0.0222481860637953,0.0011090694441973,-0.0049433866444696,-0.0003061344999503,4,-22.0,7.18
0.0,29,15,19.28431746969689,0.0178165925361703,0.0004223250664206,-0.0049616755705177,-0.0001617795203534,4,-22.0,7.18
0.0,30,15,20.03459677909028,0.0238882756005457,-0.0008394503524568,-0.0049575382006541,-0.0002734799561522,4,-22.0,7.18
0.0,31,15,19.72557770089758,0.0152376087302385,0.0008825605297117,-0.0049183130916911,-7.384407545265604e-05,4,-22.0,7.18
0.0,32,15,18.459124107212123,0.0198520492148775,0.000297529341875,-0.0049761415392345,-0.0001694405610425,4,-22.0,7.18
0.0,33,15,18.49652030391567,0.0298394939411805,0.0011155705435726,-0.0049561945570386,-0.0006657505715954,4,-22.0,7.18
0.0,34,15,21.987036575000257,0.0162449774380073,-0.0002215918872091,-0.0049532192761301,-0.0001567548001789,4,-22.0,7.18
0.0,35,15,21.816022168970694,0.0311475298297952,-0.0019484372378059,-0.0049080341244272,-0.0005552427985433,4,-22.0,7.18
0.0,36,15,20.257443484587107,0.0192803164627472,0.0005828369603527,-0.0049888093270361,-7.455252540104055e-05,4,-22.0,7.18
0.0,37,15,20.1731232774469,0.0310270719125151,0.0011242136269623,-0.0049797711205456,-0.0003974510361221,4,-22.0,7.18
0.0,38,15,18.45250643680792,0.0371951311607934,-0.0010515981932225,-0.004966537937328,-0.0003779796347811,4,-22.0,7.18
0.0,39,15,20.482129020655645,0.0209568192775059,-0.0010133990514287,-0.0049598156794807,-0.0003115624842059,4,-22.0,7.18
0.0,40,15,18.97631679431028,0.0142229590906065,-0.0011358617439803,-0.0049597576351742,-0.0003222703515977,4,-22.0,7.18
0.0,41,15,18.171337539596863,0.028336865597988,-0.0007909106523381,-0.0049626378004526,-0.0004222113144622,4,-22.0,7.18
0.0,42,15,20.708461756907205,0.0138448663277252,-7.860003005560323e-05,-0.0049879110900387,-9.119549315741249e-05,4,-22.0,7.18
0.0,43,15,21.84422005134496,0.022835729060511,-0.000780923364039,-0.0049775987373424,-0.0003700889990813,4,-22.0,7.18
0.0,44,15,17.840984634064828,0.0250343272290156,-0.0003330023974498,-0.0049531530305824,-0.0003798751690482,4,-22.0,7.18
0.0,45,15,19.7759526440678,0.0067156439333086,0.0003900991108012,-0.0049421352796935,-0.0003882374822694,4,-22.0,7.18
0.0,46,15,21.332349803770025,0.0102400796903914,0.0009477383512931,-0.0049344698134253,-0.0002356451864303,4,-22.0,7.18
0.0,47,15,20.673079011966298,0.0224997490636642,-0.0014664381960677,-0.0049765377811217,-0.0001195256148205,4,-22.0,7.18
0.0,48,15,20.335897536484453,0.0348307126296961,-0.0011987674345279,-0.0049258849422604,-0.0004142067864888,4,-22.0,7.18
0.0,49,15,20.317175174740992,0.0208777570658747,6.447553506072077e-05,-0.0048964639999267,-0.0002615083114749,4,-22.0,7.18
0.25,0,15,19.612131367016165,0.0023559534647248,0.0001651980082357,-0.0048893493035587,6.316446616035642e-05,4,-22.0,7.18
0.25,1,15,19.94028771775637,-0.0005103869760971,0.0013659172948672,-0.0049013625695977,0.0002823911542568,4,-22.0,7.18
0.25,2,15,18.805373616820003,-0.0070036530497351,0.0013798701238709,-0.004879992365441,0.0004681707077922,4,-22.0,7.18
0.25,3,15,18.80316643160188,0.0164674785611929,-0.0008345593656621,-0.0048844691469053,-0.0002808978243584,4,-22.0,7.18
0.25,4,15,20.74597486805981,-0.0158432929289151,4.019694661204496e-05,-0.0049132190229717,1.4815053174544252e-05,4,-22.0,7.18
0.25,5,15,19.817627860089768,-0.0067637184072421,-0.001300217868483,-0.0048872923470172,0.0001757523138477,4,-22.0,7.18
0.25,6,15,19.055138360444047,0.0030835745746815,0.0018470756699605,-0.0048858667906694,-2.9178550084586454e-06,4,-22.0,7.18
0.25,7,15,18.76998913361104,-0.0035455410074145,-0.0002146176041836,-0.0048015746083779,-0.0001061376835692,4,-22.0,7.18
0.25,8,15,19.122830865500305,-0.0249864851619353,-0.0007840898955638,-0.0049320755221948,0.0005435688204576,4,-22.0,7.18
0.25,9,15,19.34490322310058,0.0122541061417059,-0.0012953906812246,-0.0049230776822197,-0.0003967959822389,4,-22.0,7.18
0.25,10,15,17.432218309811233,-0.0008051478485884,-0.000980658129468,-0.0048977933429367,0.0001100265753725,4,-22.0,7.18
0.25,11,15,20.27364235761681,0.0090271141527704,0.0010194540808541,-0.0048638446789906,0.000459124555081,4,-22.0,7.18
0.25,12,15,20.24867583942416,-0.0076880813878084,0.0002962310849359,-0.0048181598074809,0.0001089827053027,4,-22.0,7.18
0.25,13,15,18.643136048113718,0.003062256229445,0.0010911521466211,-0.0048754588784991,-0.0001651255751465,4,-22.0,7.18
0.25,14,15,18.59656842009742,-0.0053902747054634,-0.0004431197444295,-0.0048744132587044,3.0281829554484777e-05,4,-22.0,7.18
0.25,15,15,19.27112053119474,-0.0195467691094802,-0.0009491478229932,-0.0048607838273336,0.0005742142376532,4,-22.0,7.18
0.25,16,15,19.58052957228646,0.0126516637261826,0.0007713112101785,-0.00488167727045,0.000181824463321,4,-22.0,7.18
0.25,17,15,19.62659768956673,-0.0016435118711377,0.0003508651213215,-0.0048677709289882,-0.0003567625060747,4,-22.0,7.18
0.25,18,15,19.19420091466196,0.0131408617880548,-0.0013711748388231,-0.0048839915514205,-0.0001642603239969,4,-22.0,7.18
0.25,19,15,19.2172380874,-0.0103978489993765,-0.0009628888091559,-0.0048867390913872,-2.6732363220368426e-05,4,-22.0,7.18
0.25,20,15,19.597631447011405,-0.0063817869089051,0.000698606221235,-0.0049131310259457,0.0001072100470639,4,-22.0,7.18
0.25,21,15,19.04383246661949,0.0175063559136666,-1.1655772646958987e-05,-0.0049214924226508,-0.0001640165910796,4,-22.0,7.18
0.25,22,15,19.635624372979464,0.0079456123474664,-0.0006453848730696,-0.0048915702900962,-0.0003279969669789,4,-22.0,7.18
0.25,23,15,19.091561142983565,-0.0003343406811319,-0.0006100700287141,-0.0048610341642,0.0001100255220702,4,-22.0,7.18
0.25,24,15,18.841709507882467,0.0046024362920235,-0.0010720395432937,-0.0049415473897399,1.4418691693674535e-05,4,-22.0,7.18
0.25,25,15,18.3938466183425,-0.0105924009954107,0.0050539118119335,-0.0049034430038581,-4.849577897206691e-05,4,-22.0,7.18
0.25,26,15,19.934767560202403,0.0021232717694283,-0.0018271410531121,-0.004946295498496,2.886030863866444e-05,4,-22.0,7.18
0.25,27,15,19.844123631670477,0.0035637428430927,-0.0003167993318401,-0.0049042530944758,-0.0001049450922349,4,-22.0,7.18
0.25,28,15,19.464785590618227,0.0014093196373755,0.00094868235215,-0.0048631884898114,2.105188310580018e-05,4,-22.0,7.18
0.25,29,15,17.951233276868592,-0.0198192149651656,0.0002041111732964,-0.0049132413494704,0.0002086100275371,4,-22.0,7.18
0.25,30,15,18.59223673207646,0.002385178006487,-0.0005577625527519,-0.0048582782211905,0.000132056540339,4,-22.0,7.18
0.25,31,15,18.98695551905773,-0.0092137457360005,0.000479465019063,-0.0047891818922308,0.0004236863919788,4,-22.0,7.18
0.25,32,15,17.707922829476278,-0.0074942239684501,0.0002278517931468,-0.0048655577890571,0.0004210989057665,4,-22.0,7.18
0.25,33,15,17.537466979993514,-0.0038258715281583,0.0009527468268193,-0.0048932756365106,-7.038558906114902e-05,4,-22.0,7.18
0.25,34,15,21.050692137692963,-0.0126410314805725,-0.0007144606812514,-0.004923017453012,-0.0001275839632671,4,-22.0,7.18
0.25,35,15,19.59123707969725,0.0035631519558245,-0.0018598827187572,-0.0049299741537069,-7.351277139630829e-05,4,-22.0,7.18
0.25,36,15,19.537004682783337,-0.0007179063171701,0.000482588055377,-0.0048937459801486,1.996047034866555e-05,4,-22.0,7.18
0.25,37,15,19.487732014794805,0.0075291677533584,0.001596211156209,-0.0049128699665234,-0.0001037266022722,4,-22.0,7.18
0.25,38,15,17.889831270087594,0.0090224645683307,-0.0006114669747129,-0.004910889072669,-0.0002216691218083,4,-22.0,7.18
0.25,39,15,18.783570674088573,-0.0091940796212748,-0.000557653761836,-0.004925553650066,-8.815745615029331e-05,4,-22.0,7.18
0.25,40,15,17.507430776983433,-0.021449301585674,-0.0009490076077828,-0.0048941390844698,-0.0001194722912198,4,-22.0,7.18
0.25,41,15,17.214634536706452,-0.0025284717057369,-0.0007283380979085,-0.0048714401704555,9.778579325570026e-05,4,-22.0,7.18
0.25,42,15,20.245502695794908,-0.0050882267092326,0.0002188365225199,-0.0048990192555683,0.0001859333818792,4,-22.0,7.18
0.25,43,15,20.793173987587608,0.0129073412672372,-0.0008490554826638,-0.004896047236027,-0.0002685865313389,4,-22.0,7.18
0.25,44,15,16.742105057766118,0.0034148207958314,7.859701133579739e-05,-0.0047652694122969,-0.0003844037384936,4,-22.0,7.18
0.25,45,15,19.008310554380465,-0.0185962971977707,0.0005121371031218,-0.0048716602679371,-1.0796833843313092e-05,4,-22.0,7.18
0.25,46,15,20.46761429233716,-0.0093213860083997,0.0008829030584814,-0.0046673336734167,0.0002639849303527,4,-22.0,7.18
0.25,47,15,20.06413620164473,0.0033103251325264,-0.0012485127616615,-0.0048704856938194,0.0001250920713521,4,-22.0,7.18
0.25,48,15,19.46413445633703,0.0061122805630737,-0.0012555392777358,-0.0047425480186602,-0.0001876604930232,4,-22.0,7.18
0.25,49,15,19.56647133605749,0.0026152568931942,0.000233270902937,-0.0047961009840625,3.877335720191353e-05,4,-22.0,7.18
0.5,0,15,19.20776396964938,-0.0183605632707228,0.000311499100494,-0.0047988809721162,0.000211784699101,4,-22.0,7.18
0.5,1,15,18.878251956968647,-0.0379797496969926,0.0011979336894899,-0.0048387884330134,0.0006626649953488,4,-22.0,7.18
0.5,2,15,17.605264692720695,-0.0374010991472751,0.0019146744243995,-0.0048006901795213,0.000525357412371,4,-22.0,7.18
0.5,3,15,18.195388266684382,-0.0137943130944292,-0.0011375954443844,-0.004821846700225,0.0001555034894186,4,-22.0,7.18
0.5,4,15,19.967490872361008,-0.0452021175587884,-0.0004837271164765,-0.004885234680683,0.0001942977388805,4,-22.0,7.18
0.5,5,15,18.470803388744745,-0.0180434192668724,-0.0014529124897295,-0.0046983737471072,0.000302866740114,4,-22.0,7.18
0.5,6,15,18.58553403775857,-0.0193722904002319,0.0022277603825391,-0.0048112969234808,0.0006130192353669,4,-22.0,7.18
0.5,7,15,17.77971030025631,-0.0326787215331202,-0.0004510785009601,-0.0048077352539575,0.0001177132443236,4,-22.0,7.18
0.5,8,15,18.254851979653758,-0.0383702351289143,-0.0002807661860122,-0.0048239660595403,0.0003933868608027,4,-22.0,7.18
0.5,9,15,18.505407144784737,0.002739084329037,-0.0006693903918134,-0.0048086949288094,-0.0003776361823354,4,-22.0,7.18
0.5,10,15,16.85217094033537,-0.0269724658625871,-0.0008404754333981,-0.0048264674719101,0.0003389946802079,4,-22.0,7.18
0.5,11,15,19.07244404393708,-0.0225266633725152,0.0005476600548032,-0.004731704782203,0.0009344253746931,4,-22.0,7.18
0.5,12,15,19.15148002565798,-0.0277070894852252,0.0004420277187878,-0.0047680196873899,0.0002777335873332,4,-22.0,7.18
0.5,13,15,17.49535142562567,-0.0441511412440664,0.000644337804472,-0.0047116420552646,0.0008553871023119,4,-22.0,7.18
0.5,14,15,17.425392302187138,-0.0307742200247658,-0.0002349163427421,-0.004792552793373,9.07437484738563e-05,4,-22.0,7.18
0.5,15,15,18.229546662882317,-0.0322492284372877,-0.0009314029611741,-0.0047729454358602,0.00061041237465,4,-22.0,7.18
0.5,16,15,18.063645923941586,-0.0389504160240258,0.0008212988755531,-0.0048544715655588,0.0005385899093409,4,-22.0,7.18
0.5,17,15,18.42626016963589,-0.029778499174567,0.0007320184436776,-0.0048495155931305,0.0001529697115513,4,-22.0,7.18
0.5,18,15,17.973746775151614,-0.0059852613585696,-0.0013920356996827,-0.0048322170619826,-2.7208267852660927e-05,4,-22.0,7.18
0.5,19,15,18.55957801921057,-0.0350348513107924,-0.0010594983643308,-0.0048132823713683,0.0004426453790453,4,-22.0,7.18
0.5,20,15,18.66785699784474,-0.0410653077652005,0.0011031899738164,-0.0048286787383354,0.0007175953445226,4,-22.0,7.18
0.5,21,15,17.995776931222156,-0.0105842881647499,-0.0003461668661589,-0.0048802510905576,4.3976054124647256e-05,4,-22.0,7.18
0.5,22,15,18.48282051978832,-0.0161751352590264,-0.0006099847888861,-0.0046994660521361,-0.0001101772323354,4,-22.0,7.18
0.5,23,15,18.68960921220005,-0.0261224366581818,-0.0006640004665523,-0.0047771288057955,0.0003623513165919,4,-22.0,7.18
0.5,24,15,18.19970437790367,-0.0235773645795273,-0.0009206659803664,-0.0049041497954217,0.0001334046100857,4,-22.0,7.18
0.5,25,15,17.4503963269544,-0.0360246782043845,0.0052420474561218,-0.0047813151138777,0.0003331587730927,4,-22.0,7.18
0.5,26,15,18.810485108553557,-0.0152268874839134,-0.0017560906616555,-0.0047667865593833,0.0001268115131574,4,-22.0,7.18
0.5,27,15,19.12346640130811,-0.0124042447239955,-0.0002684068739415,-0.0048235371990989,-5.0445077127920325e-05,4,-22.0,7.18
0.5,28,15,17.804243663243454,-0.037508442108008,0.0002782877594997,-0.0048014103500831,0.0008483620640056,4,-22.0,7.18
0.5,29,15,17.280757245128676,-0.0458631671629999,0.0002619649187285,-0.0048624792732131,0.0003954867128715,4,-22.0,7.18
0.5,30,15,18.158656409588467,-0.0369240361065492,-0.001079075809353,-0.0047430195236529,0.0004951074228944,4,-22.0,7.18
0.5,31,15,17.709448001463784,-0.051559307396108,0.0006557048359815,-0.004737708733982,0.0009873266366135,4,-22.0,7.18
0.5,32,15,16.873635443564396,-0.0392098465759673,0.0005293670044541,-0.004890689824414,0.0006805459580287,4,-22.0,7.18
0.5,33,15,16.72359630788763,-0.0324797301193894,0.0008440906352288,-0.0048514478569306,0.0004616164736492,4,-22.0,7.18
0.5,34,15,19.5114429740326,-0.0332209522586522,-0.0006502075661174,-0.004844033314638,-1.1435056050695125e-05,4,-22.0,7.18
0.5,35,15,18.64877116537976,-0.0147338904677046,-0.0020885715099903,-0.0048320794213383,0.0001885068080262,4,-22.0,7.18
0.5,36,15,18.245029666848737,-0.0337496739849288,-0.0001409261165889,-0.0048197043097483,0.0002928066752761,4,-22.0,7.18
0.5,37,15,18.49772372136061,-0.0218410949015631,0.0009779388068753,-0.0048926448976461,9.29990896504614e-07,4,-22.0,7.18
0.5,38,15,16.872749327340163,-0.0315680336236517,-0.0014406635192864,-0.0048873402374231,0.0003288216047622,4,-22.0,7.18
0.5,39,15,17.85175829270711,-0.0306174510254655,-0.0007663595881641,-0.0048831274606309,0.0002523851261742,4,-22.0,7.18
0.5,40,15,16.69008647324354,-0.0521652593240152,-0.0011800825019738,-0.0048153188999323,8.859416149164314e-05,4,-22.0,7.18
0.5,41,15,16.465878201817233,-0.0304118650332679,0.000278389087884,-0.0048522793668364,0.0001120198907566,4,-22.0,7.18
0.5,42,15,18.62551698678877,-0.0397491807180697,0.0006591064331306,-0.0047913823526794,0.000779745956529,4,-22.0,7.18
0.5,43,15,19.734984179548416,-0.0090480697777462,-0.0004787972045788,-0.0048500969874717,3.478435136712895e-05,4,-22.0,7.18
0.5,44,15,15.83949055826125,-0.0316613888006964,7.391463618585242e-05,-0.0047595326174674,-0.0002063136473754,4,-22.0,7.18
0.5,45,15,17.72992592340328,-0.0397678291365893,0.000147568113793,-0.0048374042235026,0.0004338685035592,4,-22.0,7.18
0.5,46,15,19.028813661033027,-0.0221124311562718,0.0008050811008123,-0.004574520884936,0.000517770960582,4,-22.0,7.18
0.5,47,15,18.67459234447866,-0.0263164264945564,-0.0015747897562911,-0.0048474722260779,0.0003338907093906,4,-22.0,7.18
0.5,48,15,18.02561874249647,-0.0275881931864978,-0.0010470320632338,-0.0046878539741224,-6.105416372392331e-05,4,-22.0,7.18
0.5,49,15,18.611341204418995,-0.0195344840476811,0.000256398925819,-0.0046391858393885,0.000735104825413,4,-22.0,7.18
0.75,0,15,17.869095977843614,-0.0493706478293783,-8.412571110095645e-05,-0.0048486529027012,0.0005271694228299,4,-22.0,7.18
0.75,1,15,17.842210673124775,-0.0560226747970785,0.000969189080951,-0.004661657870913,0.0012812373162665,4,-22.0,7.18
0.75,2,15,16.69325762650125,-0.0590717376392666,0.0013386391256144,-0.0047504032809665,0.0006295739773827,4,-22.0,7.18
0.75,3,15,17.633055996994955,-0.0254628413954259,-0.0008779183807975,-0.0047548865064364,9.5217270058376e-05,4,-22.0,7.18
0.75,4,15,19.046701514904964,-0.0645684967528856,-0.0002493167999439,-0.0047924339024895,0.0005653624219697,4,-22.0,7.18
0.75,5,15,17.828581834099708,-0.046777314664726,-0.0017422373279214,-0.0047340280086434,0.0005932233841139,4,-22.0,7.18
0.75,6,15,17.853335805721255,-0.0359454746364797,0.0020270614209746,-0.0046618116678987,0.0014132745940344,4,-22.0,7.18
0.75,7,15,16.695884441036977,-0.0406441419027645,-0.0004469870776174,-0.0046805882211646,0.0002447337033434,4,-22.0,7.18
0.75,8,15,17.333397756684217,-0.0606510132299106,-0.0004705944901529,-0.0047510314078031,0.000765614730857,4,-22.0,7.18
0.75,9,15,17.520559741798387,-0.0276369399576821,-0.0009548975308457,-0.0047666010865232,-1.6097815589538575e-05,4,-22.0,7.18
0.75,10,15,15.750888479954028,-0.0378482648996092,-0.0007161020787405,-0.0047301142537382,0.0004639536369838,4,-22.0,7.18
0.75,11,15,18.31732859364934,-0.0434078792532495,0.0005376991203061,-0.0047096696642126,0.0015261900699125,4,-22.0,7.18
0.75,12,15,18.111741225249688,-0.0433255688278389,-8.052018596481341e-05,-0.0046882866048518,0.0003685489684091,4,-22.0,7.18
0.75,13,15,16.94787883795776,-0.058695756860888,0.0011029309496173,-0.0045483279759903,0.0006300760857762,4,-22.0,7.18
0.75,14,15,16.952223963353028,-0.0477724922878498,0.0002349371001035,-0.004773439956248,0.0004309777531362,4,-22.0,7.18
0.75,15,15,17.467276880986045,-0.0577058372194838,-0.0012281213246096,-0.0047388080274407,0.0008185625297552,4,-22.0,7.18
0.75,16,15,17.286525336140947,-0.0539298166831338,0.0007343977456371,-0.0048011829488918,0.0004809424412219,4,-22.0,7.18
0.75,17,15,17.47546811564608,-0.0582354996419833,0.0010578583012495,-0.0046291804042638,0.0005760736802536,4,-22.0,7.18
0.75,18,15,17.062582081680624,-0.0455782372992968,-0.0009383903493301,-0.0047299702457986,0.0003912997209701,4,-22.0,7.18
0.75,19,15,17.236081741410523,-0.0564583728661669,-0.0011207340175813,-0.0047005155606194,0.0005737240606457,4,-22.0,7.18
0.75,20,15,17.912803591692622,-0.0634697296342433,0.0013108439629577,-0.0047996586291707,0.0008641768690314,4,-22.0,7.18
0.75,21,15,17.111912214225757,-0.0327492933670133,9.820925778227156e-05,-0.004833562610836,0.0003585027927368,4,-22.0,7.18
0.75,22,15,18.23397130988786,-0.0414814097216017,-0.0003896162555691,-0.0043686264457236,-0.0003123590561441,4,-22.0,7.18
0.75,23,15,17.904459849102853,-0.0423701058742289,-0.0005522815898118,-0.0047611028206578,0.0005787727888627,4,-22.0,7.18
0.75,24,15,17.567256041250253,-0.0421500178420423,-0.0013277045880211,-0.004859972878236,0.0002437332648434,4,-22.0,7.18
0.75,25,15,16.72848645151926,-0.0583400610654454,0.0049988919352123,-0.0047364799757522,0.0007099100285802,4,-22.0,7.18
0.75,26,15,17.87986878209278,-0.032394751390303,-0.0016553941659624,-0.0047311903227865,0.0003079252002933,4,-22.0,7.18
0.75,27,15,18.341519837425245,-0.0341220293059135,-0.0003353087293717,-0.0046893803690335,0.0004532840235814,4,-22.0,7.18
0.75,28,15,17.07880452686029,-0.0548367137950305,0.0001850705482352,-0.0047426234346075,0.0008053574449972,4,-22.0,7.18
0.75,29,15,16.45251372489136,-0.0680886000538148,0.0001009828299818,-0.0047970033889217,0.0005764134236502,4,-22.0,7.18
0.75,30,15,17.699052323120817,-0.0489355331089231,-0.0011876570167135,-0.0046541318133769,0.0008039064881181,4,-22.0,7.18
0.75,31,15,16.99025120696812,-0.0689326499838085,0.0005344187884032,-0.0045388499017993,0.0013003332530912,4,-22.0,7.18
0.75,32,15,15.844918445505812,-0.0635835434131502,0.0001637373016908,-0.004748329717088,0.0009515493340478,4,-22.0,7.18
0.75,33,15,16.06165288572967,-0.0571984714705752,0.000415695794135,-0.0048287793283897,0.0006172780156736,4,-22.0,7.18
0.75,34,15,18.619242170714,-0.0598348113940995,-0.0004382653318381,-0.0047937977604003,0.0004012160398075,4,-22.0,7.18
0.75,35,15,18.00946143854606,-0.0434144237256322,-0.0020407631474069,-0.0048189928174722,0.0003687787901995,4,-22.0,7.18
0.75,36,15,17.41815247691747,-0.047305990758091,0.0002319762732798,-0.0047191732354619,0.0005059681103025,4,-22.0,7.18
0.75,37,15,17.703302235765108,-0.0376445699861999,0.0013700601286949,-0.0048451858735603,0.0002689360804638,4,-22.0,7.18
0.75,38,15,16.028892113630302,-0.0611343864638732,-0.0009321792621797,-0.0048306793254162,0.0007570948412461,4,-22.0,7.18
0.75,39,15,17.20792263313417,-0.0527365601218815,-0.0006371633002443,-0.0048135906192287,0.000553805744679,4,-22.0,7.18
0.75,40,15,15.907610467958223,-0.0690341721757374,-0.0013403489446317,-0.0046820439116912,0.0002159825755048,4,-22.0,7.18
0.75,41,15,15.621505257701008,-0.0492649684525596,-0.0007526059287795,-0.0046878632458552,0.0003676829554326,4,-22.0,7.18
0.75,42,15,17.80511685324809,-0.0513752898723447,0.0005113752160101,-0.0047243919765807,0.0011573932793758,4,-22.0,7.18
0.75,43,15,19.33814992180925,-0.0287758354417907,-0.0006729701773785,-0.0047294812563799,0.0001656598777195,4,-22.0,7.18
0.75,44,15,15.261155059539371,-0.053530647948048,-2.7607084466310413e-05,-0.0046878700240555,-0.000169164508347,4,-22.0,7.18
0.75,45,15,16.557136966168542,-0.0500654876477945,0.0004381835093572,-0.0046524623046303,0.0002618203746901,4,-22.0,7.18
0.75,46,15,19.43118058475974,-0.0331272382846323,0.0010906320369172,-0.00442405611685,0.0007111395187858,4,-22.0,7.18
0.75,47,15,17.58486194752099,-0.0617097389820816,-0.0013653065850543,-0.0048062904391114,0.0006885521596098,4,-22.0,7.18
0.75,48,15,17.577177988780285,-0.0541664384816648,-0.001508933835379,-0.0044901487347025,0.0001844201325858,4,-22.0,7.18
0.75,49,15,17.472061822732822,-0.0504306225737032,0.0005743548124568,-0.004582332102569,0.0012710036270795,4,-22.0,7.18
1.0,0,15,17.042911422685503,-0.0718240251714107,-0.0002663316324614,-0.004830061507147,0.0008702634781173,4,,10.74
1.0,1,15,17.059271685350453,-0.0758203797897126,0.0010779532835344,-0.0045702556736969,0.0015965003467498,4,,10.74
1.0,2,15,16.173288396398917,-0.0728702294151479,0.0014470045644377,-0.0047458927500763,0.0008476590476876,4,,10.74
1.0,3,15,16.903870687201977,-0.048642459619904,-0.0005689414880273,-0.0047121289489999,0.0003325103588634,4,,10.74
1.0,4,15,17.753902999480808,-0.077147732801348,-0.0003474698062279,-0.0047366233089052,0.0002806427421849,4,,10.74
1.0,5,15,17.18305298907256,-0.0673168933738011,-0.0018336148976229,-0.0047383979895279,0.0007611645565388,4,,10.74
1.0,6,15,17.33455495165729,-0.0568640264408431,0.0020426693078979,-0.0044691457517079,0.0018614439785291,4,,10.74
1.0,7,15,16.08006085748369,-0.0614204168814192,-0.0006821830859432,-0.0046223968769132,0.000731904688006,4,,10.74
1.0,8,15,17.00785394966759,-0.0746690946213013,-0.0003314976155911,-0.0047872029108533,0.0007218590529565,4,,10.74
1.0,9,15,16.596768069591807,-0.0445955977541074,-0.0010798305724193,-0.0046261643720096,2.169520497698988e-05,4,,10.74
1.0,10,15,15.041938492173417,-0.0554631383402873,-0.0007947573384599,-0.0046558864324968,0.0004672421819939,4,,10.74
1.0,11,15,17.26379692379342,-0.0706571093227134,0.0008200109579241,-0.004699089396944,0.0012808562330527,4,,10.74
1.0,12,15,17.260618074034916,-0.0637583615320145,-0.0006374117600659,-0.0045999976766834,0.0003008802716467,4,,10.74
1.0,13,15,16.36165342616602,-0.0812924700353583,0.0007359471053934,-0.0046098961891718,0.001207447821275,4,,10.74
1.0,14,15,16.30057466206712,-0.0734766529014343,9.559141900358382e-05,-0.0047242742305411,0.0004010864960301,4,,10.74
1.0,15,15,16.635628991902745,-0.0781853494489051,-0.0012084600439709,-0.0046457275055586,0.0011382823614783,4,,10.74
1.0,16,15,16.64017631335009,-0.07518908115107,0.0006315567832882,-0.0047497652426835,0.0008860537690678,4,,10.74
1.0,17,15,16.632923091350676,-0.082272642288342,0.0010932915489496,-0.0045432115776014,0.0014119316665543,4,,10.74
1.0,18,15,16.382577321119832,-0.0606838734865135,-0.0010833702906953,-0.0046739384749351,0.0007150608976108,4,,10.74
1.0,19,15,16.905076892975487,-0.0732552074064504,-0.001180714920572,-0.0047392165330786,0.0006256808252936,4,,10.74
1.0,20,15,16.94746790275071,-0.0820876646512396,0.0010295985112227,-0.0047922480712196,0.0010340686917707,4,,10.74
1.0,21,15,16.041370905420784,-0.060528564163601,-0.0003342778836181,-0.0047786247680801,0.0007454197331575,4,,10.74
1.0,22,15,17.78846784930718,-0.0523880223330249,-0.0008011973614188,-0.0044303152834749,0.0001180905849652,4,,10.74
1.0,23,15,16.542082942945413,-0.0589178794233375,-0.0002211961828487,-0.0046963871764063,0.0003879676709939,4,,10.74
1.0,24,15,16.58938994794568,-0.0812662997564113,-0.0012214674965626,-0.0047547565068167,0.0008098135784955,4,,10.74
1.0,25,15,16.072587131506253,-0.077480349057568,0.0054260278291193,-0.0045298534209083,0.0009016146968172,4,,10.74
1.0,26,15,17.118788644438112,-0.0580897936689479,-0.0015664569625779,-0.0047776446524048,0.0004707027587949,4,,10.74
1.0,27,15,16.750095610989177,-0.0673403487243114,0.0002083944144715,-0.0047405518248751,0.0008497308182921,4,,10.74
1.0,28,15,16.83795976082029,-0.0785173656427549,0.0002703013621762,-0.0046285265943804,0.0013005773017009,4,,10.74
1.0,29,15,16.2304921553296,-0.0870313733125879,0.0001081863743253,-0.0046480059395501,0.0009676224578303,4,,10.74
1.0,30,15,17.168586415123144,-0.0668697586583654,-0.0015230877240864,-0.0047261244578039,0.000907221912894,4,,10.74
1.0,31,15,16.483554573054615,-0.0866988800781345,0.0006484052131503,-0.0044116308520887,0.0017922983159392,4,,10.74
1.0,32,15,15.096110621173898,-0.0841623946025265,5.002590329403927e-05,-0.0047553160784476,0.0011006686269074,4,,10.74
1.0,33,15,15.3248797480943,-0.0695849882291892,0.0005964827166319,-0.0046707668475064,0.0008126043844435,4,,10.74
1.0,34,15,17.652296836233603,-0.0849029886269232,-0.0004199118792966,-0.0047061443724991,0.0007398787261405,4,,10.74
1.0,35,15,16.78148017673925,-0.0509550063383917,-0.0021163963705243,-0.0047020816793813,0.000621288515117,4,,10.74
1.0,36,15,16.692702264049732,-0.0708910586835877,0.0002857692998786,-0.0046767214692137,0.0011011459251366,4,,10.74
1.0,37,15,17.583186772913194,-0.0532094964361728,0.0013604962818909,-0.0047913864026868,3.208806272330368e-05,4,,10.74
1.0,38,15,15.303934321984906,-0.0724790114014959,-0.0009907620167343,-0.0047191902432889,0.0008370486087444,4,,10.74
1.0,39,15,16.744704001615133,-0.0702403808326942,-0.000834985778276,-0.0047934268723374,0.0006285832362924,4,,10.74
1.0,40,15,15.451869616795614,-0.0874169137707191,-0.0012066314678188,-0.0045920346132043,0.0003904587682225,4,,10.74
1.0,41,15,15.148412818017446,-0.0703567345826009,-0.0003138221427465,-0.0047205827815298,0.0007286339963744,4,,10.74
1.0,42,15,17.252365974035015,-0.065548020815408,0.0008802737308928,-0.0047639990397128,0.0009813230604437,4,,10.74
1.0,43,15,18.113913625251044,-0.0478427733428063,-0.0005883927121332,-0.0047574751163231,0.0004010197425452,4,,10.74
1.0,44,15,14.560127603956335,-0.0757907613259592,-0.0003408412395649,-0.0047155305871299,0.0001954786566783,4,,10.74
1.0,45,15,15.804067373696206,-0.0841792603203159,2.893383442568711e-05,-0.0046228895688873,0.000961662406862,4,,10.74
1.0,46,15,18.228448147335317,-0.0624764809862537,0.0010373904282055,-0.0041221157519975,0.0013003494264043,4,,10.74
1.0,47,15,16.737360068317724,-0.079155371769985,-0.0016239921568981,-0.0047915407174603,0.0007306184403305,4,,10.74
1.0,48,15,16.434435946298457,-0.0723878840550364,-0.0007039232051603,-0.0043860209358588,0.0001556490731751,4,,10.74
1.0,49,15,16.807754853241153,-0.0785666922135178,0.0001919549976067,-0.0043768987826189,0.0017686370962594,4,,10.74
0.0,0,15,6.081620701639557,0.0112585532353905,0.0048769366754791,-0.0048548901282429,9.601328103771864e-06,9,-8.5,14.44
0.0,1,15,6.350596110552334,-0.0005354068864604,0.0069230844846763,-0.0048593877469831,0.0003046207914849,9,-8.5,14.44
0.0,2,15,6.010217403064093,0.0021256020562737,0.0051189352090445,-0.0048501005679043,0.0001397425573515,9,-8.5,14.44
0.0,3,15,6.218709444308969,0.0233537453584225,0.0042385014635825,-0.0048531016950507,-0.0001098888073829,9,-8.5,14.44
0.0,4,15,6.257881656513648,0.0120065836657568,0.0069001519756341,-0.0048487027260389,0.0002286087048201,9,-8.5,14.44
0.0,5,15,6.000169829706731,0.0276633987612048,0.0056061579221756,-0.0048469873286547,-0.0003170640357589,9,-8.5,14.44
0.0,6,15,5.859028515576522,0.0230201862767649,0.004007842830597,-0.004827908430509,-9.774577127147264e-05,9,-8.5,14.44
0.0,7,15,6.4207682301474,0.0179722414952845,0.0063947713451943,-0.0048682474917172,-9.139856885967908e-05,9,-8.5,14.44
0.0,8,15,6.391753604654864,0.0141004633326806,0.0069723957413244,-0.0048517919002817,-0.0002042457125691,9,-8.5,14.44
0.0,9,15,6.138052896757023,0.010708725752169,0.007529103793585,-0.0048533991710715,-3.620634025987371e-05,9,-8.5,14.44
0.0,10,15,6.459555585182829,0.0071098523571254,0.00722059664973,-0.0048628821414051,4.4166642747456337e-05,9,-8.5,14.44
0.0,11,15,6.59165399299183,0.0024679090432647,0.0069053564822762,-0.0048685561729903,7.899216355402143e-05,9,-8.5,14.44
0.0,12,15,6.340064950929166,0.0126267217115183,0.0036144724832934,-0.0048507572167426,0.000207318480916,9,-8.5,14.44
0.0,13,15,6.134905093888587,0.0091860759301099,0.0059156344171014,-0.0048433420953391,-0.0002447742674391,9,-8.5,14.44
0.0,14,15,6.660863142643506,0.0099524481317303,0.0062548974152169,-0.004865306012185,-0.0001012570721507,9,-8.5,14.44
0.0,15,15,6.514375967407391,0.0186936101592874,0.0064750132467103,-0.0048601665558988,-7.271372229617531e-05,9,-8.5,14.44
0.0,16,15,6.321417316237696,0.0137960696363271,0.0052919597696899,-0.0048566667239765,-5.151550456770232e-05,9,-8.5,14.44
0.0,17,15,6.374750834435301,0.0177032672713675,0.0048949819533604,-0.0048651482010039,2.160025327995934e-06,9,-8.5,14.44
0.0,18,15,6.4058437045728045,0.0095140868954633,0.0042659324478875,-0.0048626503162555,0.0002079525114653,9,-8.5,14.44
0.0,19,15,6.579691558340887,0.0213931061069885,0.0054070121597915,-0.0048715577407204,-0.0001766453941762,9,-8.5,14.44
0.0,20,15,6.242587469666912,0.0105343302538421,0.0070358196542057,-0.00485892462672,-0.0001563707690086,9,-8.5,14.44
0.0,21,15,6.077640647379964,0.0089828800264124,0.0047377764031759,-0.0048480757409554,-0.0002368335581238,9,-8.5,14.44
0.0,22,15,5.946581833192205,0.0186726915361459,0.0039352564226301,-0.004846303025862,5.1397288305243776e-05,9,-8.5,14.44
0.0,23,15,5.814737770273174,0.0133191019240072,0.0018445806840447,-0.0048437101224619,-5.991154769790528e-06,9,-8.5,14.44
0.0,24,15,5.762152844317857,0.0007992436983731,0.0037571873343293,-0.0048282671449371,0.0002071426074992,9,-8.5,14.44
0.0,25,15,6.569540089191845,0.0123903246851952,0.0060033980359968,-0.0048613349822351,-5.8313831456296434e-05,9,-8.5,14.44
0.0,26,15,6.652559718582551,0.0089821119696391,0.0057195559697702,-0.0048685394763511,5.480068047753467e-05,9,-8.5,14.44
0.0,27,15,6.407048439983804,0.0135635975266451,0.0050736331307657,-0.004865918554533,-9.67079761748768e-05,9,-8.5,14.44
0.0,28,15,5.590622515471335,0.0119449634754344,0.0047695325414941,-0.0048241335740816,-7.11756395642544e-05,9,-8.5,14.44
0.0,29,15,6.323229610818978,0.013802164546823,0.004741684391285,-0.0048512603119852,2.361463997575862e-05,9,-8.5,14.44
0.0,30,15,6.866633246881227,0.0240794630193717,0.0059636019607,-0.0048747910880542,-0.0001425813501695,9,-8.5,14.44
0.0,31,15,6.178373552992019,0.0141094275676786,0.0068404681001461,-0.0048490269495301,0.0001198688709046,9,-8.5,14.44
0.0,32,15,6.097626232108346,0.0180326383152909,0.0069075778375719,-0.0048526949254707,-0.0001689333193775,9,-8.5,14.44
0.0,33,15,6.776480845112513,-0.0021397634725284,0.0066331625638106,-0.0048836083731624,0.0001240470211777,9,-8.5,14.44
0.0,34,15,6.698954317393185,0.0222300339241123,0.0053140822466344,-0.0048528437911671,-0.0002182337955722,9,-8.5,14.44
0.0,35,15,6.320645791435007,0.0082086838976924,0.0048759212534724,-0.004848190546959,-2.5451716060706824e-05,9,-8.5,14.44
0.0,36,15,6.223375190332613,0.0226289484899764,0.0043160762494353,-0.0048532437797023,-0.0001134585860717,9,-8.5,14.44
0.0,37,15,6.331281103767878,0.0153682071448353,0.0052487265720509,-0.0048569951509779,-0.0002183794025099,9,-8.5,14.44
0.0,38,15,6.172470586611123,0.020013912418487,0.0060842189516897,-0.0048434318616247,-0.0002541489154568,9,-8.5,14.44
0.0,39,15,6.272152596635278,-8.873702314015982e-05,0.004847210080026,-0.004851085071723,0.000156568427946,9,-8.5,14.44
0.0,40,15,6.614175647261866,0.0149263833774826,0.0067225901234617,-0.004860808415102,-3.675109071050854e-05,9,-8.5,14.44
0.0,41,15,6.871458057519783,0.0204064642226266,0.0058290312804887,-0.0048669174110226,-1.2773480944158111e-05,9,-8.5,14.44
0.0,42,15,6.309857516568952,0.0069995953557119,0.0065792625795601,-0.0048741089813153,-0.0002377019201415,9,-8.5,14.44
0.0,43,15,6.088517692303266,0.0175374331322362,0.0040552403502276,-0.0048403455487801,-8.24608819010662e-05,9,-8.5,14.44
0.0,44,15,5.995699010155615,0.0018333842747876,0.005877378923183,-0.0048606347725895,0.0001089922546145,9,-8.5,14.44
0.0,45,15,5.435308110245566,0.0160451167371174,0.0032171405432843,-0.0048303112579776,-3.310358010022325e-05,9,-8.5,14.44
0.0,46,15,6.472975146371514,-0.0005301891290295,0.0065031030983713,-0.0048660973387233,3.361852016362104e-05,9,-8.5,14.44
0.0,47,15,7.292020128318767,0.0056987929109552,0.0094621908199799,-0.0048846462766908,-1.05817410349246e-05,9,-8.5,14.44
0.0,48,15,6.22252613297167,0.0138914621848292,0.0038591270024169,-0.004862373300543,3.60055319023782e-05,9,-8.5,14.44
0.0,49,15,6.230195661380726,0.0086936869977458,0.0046617413854867,-0.0048449148689226,-0.0001010494435929,9,-8.5,14.44
0.25,0,15,7.463632096863185,0.0370786584995923,0.0081911533851373,-0.0046021898267435,-0.0006742260182436,9,-8.5,14.44
0.25,1,15,7.1832710897250855,0.0437335065124098,0.0063518633693557,-0.004455880184958,-0.0006770694476116,9,-8.5,14.44
0.25,2,15,6.755077774296575,0.0351093028988992,0.0060811211038701,-0.0046188387867062,-0.000739009695989,9,-8.5,14.44
0.25,3,15,7.314935839871855,0.0438673836371921,0.0076814271262813,-0.0045668714512259,-0.0005664125305431,9,-8.5,14.44
0.25,4,15,7.332847846098746,0.0369931581373061,0.0074881046904998,-0.0044565878255677,-0.0001699262279898,9,-8.5,14.44
0.25,5,15,7.248054293921146,0.0476229806611629,0.0075800619864568,-0.0044888801145165,-0.0006456231503434,9,-8.5,14.44
0.25,6,15,6.63116166432532,0.0529198827818885,0.0066933728028476,-0.0045309557046176,-0.0008970109960136,9,-8.5,14.44
0.25,7,15,6.607542407919506,0.0404021808623287,0.0064150232357563,-0.0046909370020681,-0.00052251488852,9,-8.5,14.44
0.25,8,15,6.770773775951352,0.0385911324839379,0.0059928469758713,-0.0045202565775502,-0.0006875032680293,9,-8.5,14.44
0.25,9,15,6.911928019677663,0.0495903122710704,0.0084447551155416,-0.0044420660552649,-0.0010055602972112,9,-8.5,14.44
0.25,10,15,7.088911602482281,0.0583309712171332,0.0056257365263296,-0.0043977892713922,-0.0008788381792081,9,-8.5,14.44
0.25,11,15,6.9401590940545415,0.0426194632392162,0.0061996475394524,-0.0044089917783256,-0.0003557482491936,9,-8.5,14.44
0.25,12,15,6.805674725526317,0.0451222914481487,0.0041422888541251,-0.0044779122943509,-0.0006788507087297,9,-8.5,14.44
0.25,13,15,7.295237678776098,0.0364318556221252,0.0079406101209637,-0.004588240066216,-0.000433789236364,9,-8.5,14.44
0.25,14,15,6.7419645906857655,0.0552576897883266,0.0057318458086156,-0.0045195219289514,-0.0008014013171626,9,-8.5,14.44
0.25,15,15,7.498574556150816,0.0295632099135227,0.008986109518307,-0.0045622910959791,-0.000545432008685,9,-8.5,14.44
0.25,16,15,6.593830053930974,0.0507438178488413,0.004515540715217,-0.0046936244625987,-0.0009429677460685,9,-8.5,14.44
0.25,17,15,7.31060666953901,0.0434165742972252,0.0080307414366081,-0.0045595897588156,-0.0007149003423088,9,-8.5,14.44
0.25,18,15,6.720024504060588,0.0597492530638866,0.0045783479406074,-0.0043413067190494,-0.000585706966976,9,-8.5,14.44
0.25,19,15,6.708042838886688,0.0431918945461001,0.0052749928318349,-0.00468214806981,-0.0006825860285683,9,-8.5,14.44
0.25,20,15,6.86251723055285,0.0451156837873545,0.0061160455370654,-0.004617022913497,-0.000757003425911,9,-8.5,14.44
0.25,21,15,6.613231637569966,0.055521622622251,0.0045202333879879,-0.0045890942245759,-0.0005136218460465,9,-8.5,14.44
0.25,22,15,6.542611221578633,0.0559036248364981,0.0042930372091313,-0.0046107870492241,-0.0005739360025965,9,-8.5,14.44
0.25,23,15,6.86302752084756,0.0335409760692257,0.0044380268270208,-0.0044846937681987,-0.0003845031538492,9,-8.5,14.44
0.25,24,15,6.819100068240564,0.0334865270702741,0.0053452342356731,-0.0044801862522718,-0.000704021899861,9,-8.5,14.44
0.25,25,15,6.903335639343834,0.0438195740117445,0.0065594162988349,-0.0045158173043647,-0.000650412882535,9,-8.5,14.44
0.25,26,15,6.675848972355437,0.0434483980613862,0.0049203160567778,-0.0046275828914736,-0.0002867667439403,9,-8.5,14.44
0.25,27,15,6.848157307571379,0.049857212299906,0.0056922658854602,-0.0045595533380888,-0.0010644895123968,9,-8.5,14.44
0.25,28,15,6.97592397095934,0.0324800255975078,0.0051857021888222,-0.0045902580338944,-0.0004640998928773,9,-8.5,14.44
0.25,29,15,7.215770952009453,0.0412534203647339,0.0089040113085433,-0.004350560627759,-0.0003958139719548,9,-8.5,14.44
0.25,30,15,6.770594981249321,0.0375264520388552,0.006570747221951,-0.0045970824371922,-0.0006178032865133,9,-8.5,14.44
0.25,31,15,6.540057226625479,0.0478709649065286,0.0046318434140253,-0.0045680195864915,-0.0004068756715483,9,-8.5,14.44
0.25,32,15,7.107373373483084,0.04452018422155,0.0073902930129588,-0.0044743854329848,-0.0008095900503766,9,-8.5,14.44
0.25,33,15,6.8532783269464606,0.0383212052686076,0.0055012499426586,-0.0046673454547363,-0.0001963695640398,9,-8.5,14.44
0.25,34,15,7.276172477959037,0.0357114944656443,0.0065703691658824,-0.0045196735218108,-0.0005135127307401,9,-8.5,14.44
0.25,35,15,6.995164235689324,0.0439878863837455,0.0059542401993279,-0.0044972957248748,-0.0008244756190898,9,-8.5,14.44
0.25,36,15,6.497816067979851,0.0468020439667527,0.0047821491673785,-0.0045880584809463,-0.0004466910675895,9,-8.5,14.44
0.25,37,15,7.377489656147252,0.0364409910870501,0.0062142547014677,-0.0045155607736233,-0.0005665464547548,9,-8.5,14.44
0.25,38,15,6.3775626108271295,0.038215410108002,0.0027960265918157,-0.0045695751526926,-0.0004344620045905,9,-8.5,14.44
0.25,39,15,6.700900527200044,0.0402292501354771,0.0074024179962227,-0.0044192376034894,-0.0010490928336871,9,-8.5,14.44
0.25,40,15,7.399487334643225,0.03862704955686,0.0082995553149209,-0.0045521893435805,-0.0005771873182862,9,-8.5,14.44
0.25,41,15,6.999473299218785,0.0408176225363413,0.0077820072966807,-0.0046000559320324,-0.0005453629113688,9,-8.5,14.44
0.25,42,15,6.846376011333154,0.0435007937410284,0.0040498280573772,-0.0044969317681361,-0.0005676146650674,9,-8.5,14.44
0.25,43,15,7.280899498371127,0.0536631019966802,0.006870827660333,-0.0043880359777143,-0.0005403157507674,9,-8.5,14.44
0.25,44,15,6.705036987557151,0.0471200728142092,0.0049502939909685,-0.0044323456582861,-0.0004545600970737,9,-8.5,14.44
0.25,45,15,6.210405254149116,0.046920859282366,0.0030141988601564,-0.0046636756642266,-0.0006096508783472,9,-8.5,14.44
0.25,46,15,6.649397301027971,0.0590088888487318,0.0052160366085069,-0.0045561374387803,-0.0008743967713949,9,-8.5,14.44
0.25,47,15,7.066936876147845,0.0469829502200005,0.0075883514340408,-0.0045205047889768,-0.0008150372630074,9,-8.5,14.44
0.25,48,15,6.693297667620714,0.0536222082795018,0.0032966929007275,-0.0043234183813504,-0.0005273066374801,9,-8.5,14.44
0.25,49,15,6.688191733973765,0.0400976707299091,0.0057743028897808,-0.0045245545542739,-0.0005815515655893,9,-8.5,14.44
0.5,0,15,7.045576645370841,0.063311466538799,0.0077737793600182,-0.0045865186964561,-0.0008689334977006,9,-8.5,14.44
0.5,1,15,6.924114771969953,0.061180310553242,0.0068501051030863,-0.0045659354833687,-0.0009006640499855,9,-8.5,14.44
0.5,2,15,6.907382976369641,0.0613156394484041,0.006116229755949,-0.004594828070278,-0.0013625234958288,9,-8.5,14.44
0.5,3,15,7.441277921700277,0.0679388640679846,0.0076632192255251,-0.004448855262039,-0.0009556147577542,9,-8.5,14.44
0.5,4,15,7.666929268107824,0.0514634046045001,0.0095471534398982,-0.0043933175455413,-0.0009410985924146,9,-8.5,14.44
0.5,5,15,7.328842283830811,0.0580929978702769,0.0080915808158287,-0.0044166846895566,-0.0008600875687254,9,-8.5,14.44
0.5,6,15,7.624188018542245,0.0677910755008211,0.010569641987949,-0.0046037132758895,-0.0013348798118033,9,-8.5,14.44
0.5,7,15,7.591165710603227,0.0689384308288645,0.0108742826079403,-0.0045678552182617,-0.0012364877254967,9,-8.5,14.44
0.5,8,15,7.466260274157841,0.0584506716770298,0.0082448584046051,-0.0045907225430316,-0.0013177803614553,9,-8.5,14.44
0.5,9,15,7.279219988148367,0.0485420394735454,0.0114401456539369,-0.004431150037034,-0.0009588822932649,9,-8.5,14.44
0.5,10,15,7.696271503322015,0.0717191569776899,0.0104798116476136,-0.0043435277121315,-0.0011244293876661,9,-8.5,14.44
0.5,11,15,7.317748180599562,0.0599934548988105,0.0092922461296999,-0.0044755847295688,-0.0006435031904593,9,-8.5,14.44
0.5,12,15,7.675928202494497,0.0590091871693825,0.0083749038070619,-0.004517263072485,-0.0011413606118809,9,-8.5,14.44
0.5,13,15,7.252346274400764,0.0628653832345041,0.0089410029238134,-0.004479846727885,-0.0010470905324535,9,-8.5,14.44
0.5,14,15,7.624686804600061,0.0668196918464398,0.0106013920923392,-0.0045486191311276,-0.0012890461274945,9,-8.5,14.44
0.5,15,15,7.148435857231894,0.0712862407162927,0.0097924082382237,-0.0044506273787704,-0.0011129977695958,9,-8.5,14.44
0.5,16,15,7.075803153616094,0.0673759393408007,0.0061018688608313,-0.0045966629136587,-0.0010224194830799,9,-8.5,14.44
0.5,17,15,7.817186158227482,0.0543243962100674,0.0104909009228346,-0.0043302892632758,-0.0008766354115673,9,-8.5,14.44
0.5,18,15,7.795022583840392,0.0567496810491201,0.0078984691753972,-0.0044117849489168,-0.0007916038462837,9,-8.5,14.44
0.5,19,15,7.375066594958084,0.0524147381414988,0.007360025728121,-0.004667234748775,-0.0010947676228859,9,-8.5,14.44
0.5,20,15,7.072929505996143,0.0682517012923682,0.006337338163014,-0.0046153836812112,-0.0014586265348452,9,-8.5,14.44
0.5,21,15,7.268468241572597,0.0504452320304038,0.0090042918949639,-0.0044940945757415,-0.0006155891396049,9,-8.5,14.44
0.5,22,15,6.97100498362425,0.0725829242204999,0.0057979380447456,-0.0046902124708457,-0.0008996835836957,9,-8.5,14.44
0.5,23,15,7.483090168122485,0.0660012024879837,0.0088110910307881,-0.0044321538296944,-0.0011166781906094,9,-8.5,14.44
0.5,24,15,7.071764105131774,0.0648683242428462,0.0068744245578106,-0.0044587422139324,-0.0011226564181268,9,-8.5,14.44
0.5,25,15,7.522412444042407,0.0609538202569503,0.0084027750971421,-0.0043842355301934,-0.0006875746774211,9,-8.5,14.44
0.5,26,15,7.587347449999372,0.0591475918998216,0.0098633055216186,-0.0044938808661737,-0.0009608518720054,9,-8.5,14.44
0.5,27,15,7.704564717977501,0.0631221938406892,0.0090478219533653,-0.0044793365564541,-0.0010264989018989,9,-8.5,14.44
0.5,28,15,8.051811520010345,0.0477971338652118,0.0096724670110748,-0.0044066695048512,-0.000686447779916,9,-8.5,14.44
0.5,29,15,6.899611233910644,0.0697352272518947,0.0063154723625736,-0.004411168107438,-0.0010110094208113,9,-8.5,14.44
0.5,30,15,7.480888756445802,0.0676826057152567,0.0110842761688517,-0.0045499577508049,-0.0005629854011613,9,-8.5,14.44
0.5,31,15,6.907881054649986,0.0741114081354867,0.0066994673489218,-0.0045640237575392,-0.0008404380244347,9,-8.5,14.44
0.5,32,15,7.586417384755503,0.0674498787767146,0.0088888595212474,-0.0043459138617157,-0.0012577348317969,9,-8.5,14.44
0.5,33,15,7.293315625619697,0.0655921347964768,0.0077712575860627,-0.0045409950979338,-0.000859215237716,9,-8.5,14.44
0.5,34,15,7.688710392980286,0.045999347050389,0.0103914914436878,-0.004335570322764,-0.0013510055454885,9,-8.5,14.44
0.5,35,15,7.297882278661158,0.0774129073455107,0.0063059167483239,-0.0043429441456866,-0.0011622929101128,9,-8.5,14.44
0.5,36,15,7.511911657695905,0.0542961172859475,0.0087599033706278,-0.0043472598859558,-0.0007970613293164,9,-8.5,14.44
0.5,37,15,7.146908184666739,0.0661566257372002,0.0077754835759939,-0.0046471029587799,-0.0008839678283149,9,-8.5,14.44
0.5,38,15,6.760743306535535,0.0710372917555711,0.0056564362153947,-0.0046526615454359,-0.000831845418956,9,-8.5,14.44
0.5,39,15,7.357669152236363,0.0603816743635752,0.0083842114536478,-0.0043670091529326,-0.0014160568876181,9,-8.5,14.44
0.5,40,15,7.337821233165476,0.0714764428409252,0.0086920853772134,-0.0044419375287646,-0.0008270240876232,9,-8.5,14.44
0.5,41,15,6.894959341874271,0.0662743262258235,0.0058196312863312,-0.0046692380158762,-0.000977883201451,9,-8.5,14.44
0.5,42,15,7.335877213937564,0.0754014996648164,0.008109269053203,-0.0045583475498972,-0.0008451232242965,9,-8.5,14.44
0.5,43,15,7.442181276586771,0.0612541940986291,0.0092261895930123,-0.0044380381604348,-0.0009353319200425,9,-8.5,14.44
0.5,44,15,7.223239159343807,0.0602115832781966,0.0065592470882252,-0.0043288165769098,-0.0008241577789439,9,-8.5,14.44
0.5,45,15,7.67210846764009,0.0574608335051491,0.0089612796372561,-0.0045867897902033,-0.0007807191896687,9,-8.5,14.44
0.5,46,15,7.530254768416175,0.0593280324078913,0.0106127205230715,-0.0043860479491242,-0.0011392198235729,9,-8.5,14.44
0.5,47,15,7.123838974837296,0.0558416759702769,0.0055079780165201,-0.0044934774611475,-0.0010140394501237,9,-8.5,14.44
0.5,48,15,7.821422212717186,0.0584775819464021,0.0104171515093322,-0.0044913446502027,-0.0010477541918775,9,-8.5,14.44
0.5,49,15,7.578377600653596,0.0527293319077301,0.0110010230844377,-0.0045193553345549,-0.0009820245914424,9,-8.5,14.44
0.75,0,15,6.82759737926351,0.0919232379202859,0.008407089848035,-0.0046354743229492,-0.0013855592983607,9,-8.5,14.44
0.75,1,15,8.007470784812309,0.0678088442265728,0.0156055931320535,-0.0044888693005541,-0.0013033750084472,9,-8.5,14.44
0.75,2,15,8.074060315666411,0.0821359045847246,0.0139522114093291,-0.0046556055672349,-0.0016040447227462,9,-8.5,14.44
0.75,3,15,7.885329047571288,0.0824829242190236,0.0114441592417571,-0.0043857944468242,-0.0011377049260507,9,-8.5,14.44
0.75,4,15,8.319698588162355,0.0668609556372315,0.0162037483148501,-0.0044619372908092,-0.0016613429127701,9,-8.5,14.44
0.75,5,15,7.658514447266594,0.0787043763172099,0.0159902505899251,-0.004527743407854,-0.0014595048326187,9,-8.5,14.44
0.75,6,15,7.323950690466977,0.0901462275836577,0.0111517292596918,-0.0046358201522741,-0.0015184357679728,9,-8.5,14.44
0.75,7,15,7.648540827184441,0.0869785355321264,0.0099106951947955,-0.0044364566345264,-0.0012512307298365,9,-8.5,14.44
0.75,8,15,7.65324954411843,0.0980069713029837,0.012612983107211,-0.0045331415952751,-0.0015338360607103,9,-8.5,14.44
0.75,9,15,7.72730122357527,0.0788041172929263,0.0146809638729315,-0.0044251380474731,-0.0017706713701575,9,-8.5,14.44
0.75,10,15,7.8430444814342755,0.0902619717777511,0.0158684082831808,-0.0045351956321658,-0.0014394656865301,9,-8.5,14.44
0.75,11,15,8.035610851896639,0.0845952402590104,0.0148864586288862,-0.0044605467006758,-0.0016511397385595,9,-8.5,14.44
0.75,12,15,8.274964842030005,0.0790978046311888,0.0147638121390305,-0.0044052154769406,-0.0015636866282961,9,-8.5,14.44
0.75,13,15,7.915071645037533,0.0707226912052808,0.0131445444351565,-0.0044930366635465,-0.0012049766841493,9,-8.5,14.44
0.75,14,15,7.054798898219897,0.0974220121148025,0.0088965931837436,-0.004610827532482,-0.0016087049874,9,-8.5,14.44
0.75,15,15,8.324131005174285,0.0851267992268305,0.0159736797120964,-0.0044967118964736,-0.001760088354186,9,-8.5,14.44
0.75,16,15,8.032121377099058,0.0874658046610625,0.0146642504865649,-0.0044129808356966,-0.0016060202187603,9,-8.5,14.44
0.75,17,15,7.968128003474751,0.0933736859317517,0.0115907751754907,-0.0045067664871877,-0.0017449377342679,9,-8.5,14.44
0.75,18,15,8.211081839956398,0.0846067316888858,0.0149661520973305,-0.0043511756245859,-0.0013065756797024,9,-8.5,14.44
0.75,19,15,6.976739487533248,0.0854685505865191,0.0085727689072981,-0.004641988513375,-0.0010688381566872,9,-8.5,14.44
0.75,20,15,7.278166584278138,0.1013479467640847,0.0088430165325883,-0.004659937579937,-0.0015839283642778,9,-8.5,14.44
0.75,21,15,7.934758454240246,0.0808452535773351,0.0142184741896328,-0.0044469267762343,-0.0014799143395592,9,-8.5,14.44
0.75,22,15,8.341165220287191,0.0740552231678596,0.0156351867181514,-0.0045452134505028,-0.0014464118923174,9,-8.5,14.44
0.75,23,15,7.823339410324293,0.0855469336794572,0.0134416621852897,-0.0045835368022782,-0.0015327375266951,9,-8.5,14.44
0.75,24,15,7.717055824581374,0.0870602241123559,0.0151096174112741,-0.0044963536439647,-0.0016270129259,9,-8.5,14.44
0.75,25,15,8.142625714826188,0.080305019083573,0.0132755787810133,-0.00440914428399,-0.0017303344829987,9,-8.5,14.44
0.75,26,15,8.378747972796486,0.0620761206285121,0.0161830257939925,-0.0044673886974259,-0.0013653908001498,9,-8.5,14.44
0.75,27,15,7.904569302908333,0.0899432567212258,0.012286162091432,-0.0045156152071225,-0.0018748230881939,9,-8.5,14.44
0.75,28,15,7.778847392399706,0.0752701061627663,0.0129557011935183,-0.0045782159192215,-0.0013248007513404,9,-8.5,14.44
0.75,29,15,7.97834936728027,0.0871433890089741,0.01711296913599,-0.0043741342726609,-0.0015795816217935,9,-8.5,14.44
0.75,30,15,7.973502601017353,0.0786027694583293,0.0140424781322475,-0.0046085407573882,-0.0015348760256375,9,-8.5,14.44
0.75,31,15,8.321907634873437,0.0839382655183822,0.0168557879868669,-0.0044965020489872,-0.0011633333465009,9,-8.5,14.44
0.75,32,15,7.804278998692257,0.0890289983289077,0.0147864381182435,-0.0045141391566982,-0.0017706612111023,9,-8.5,14.44
0.75,33,15,7.839963891864236,0.0824641281690492,0.0151470054746047,-0.0046084875669325,-0.0013702902420041,9,-8.5,14.44
0.75,34,15,8.25118301943304,0.0712080886245745,0.0168488275513346,-0.0044025862701858,-0.001176710217717,9,-8.5,14.44
0.75,35,15,8.043716568634357,0.076408315048667,0.0120258784516592,-0.0044023600200308,-0.0015637790902709,9,-8.5,14.44
0.75,36,15,8.169245681939588,0.073047772775274,0.016693678300261,-0.0045199513397984,-0.0012178983022204,9,-8.5,14.44
0.75,37,15,7.880666811117684,0.0757382306937539,0.012606367833702,-0.0045875790938153,-0.0009417728256402,9,-8.5,14.44
0.75,38,15,7.790446995530012,0.0838669991595083,0.0128784860361168,-0.004653926509168,-0.0014241192928947,9,-8.5,14.44
0.75,39,15,7.633235820822438,0.0827961232264752,0.0145281753685527,-0.0044072541658472,-0.0013647877935343,9,-8.5,14.44
0.75,40,15,7.876569397745845,0.0881439328898201,0.0131150264170179,-0.0045694481420593,-0.0015146739124436,9,-8.5,14.44
0.75,41,15,7.884533825282721,0.0772442230071231,0.0109864886501862,-0.0044187338345388,-0.0013803528773582,9,-8.5,14.44
0.75,42,15,7.985188942327251,0.0717989018351886,0.013457959286278,-0.0042919144687246,-0.0013813364110051,9,-8.5,14.44
0.75,43,15,7.704679878728752,0.0850050605504236,0.0150833491085004,-0.0045864912302417,-0.0010917603462723,9,-8.5,14.44
0.75,44,15,7.88048224032191,0.0672058855573084,0.0132271165699985,-0.0044944898607581,-0.0011839818944226,9,-8.5,14.44
0.75,45,15,7.563643293588611,0.0849477028087203,0.0105062682541117,-0.0045314498640385,-0.0011817070639493,9,-8.5,14.44
0.75,46,15,7.546969230114835,0.0797831052846442,0.0109440505256012,-0.0043807348300167,-0.0013418183240912,9,-8.5,14.44
0.75,47,15,8.247015955398162,0.0711505006653706,0.0139599742273371,-0.00451732186568,-0.0014950947436608,9,-8.5,14.44
0.75,48,15,8.27975237492839,0.080002704036724,0.0153556634656754,-0.0044549717676509,-0.0015164610576449,9,-8.5,14.44
0.75,49,15,8.19119031987082,0.0838183777950397,0.0136814190152193,-0.0044433177788993,-0.0014471962114504,9,-8.5,14.44
1.0,0,15,8.738662633620681,0.0866668809060661,0.0150319693769693,-0.0047752393648375,-0.0027633141794395,9,,10.74
1.0,1,15,8.945996533670668,0.0893866256745455,0.020126069397855,-0.0047834647388185,-0.0027912107532649,9,,10.74
1.0,2,15,8.496086494419124,0.1164810556236086,0.0143064148150489,-0.004717123717384,-0.0032857762100758,9,,10.74
1.0,3,15,9.352420156882724,0.1046201759094156,0.0249654626341331,-0.00479258666913,-0.00339392875084,9,,10.74
1.0,4,15,8.668876362861566,0.1006584019176646,0.0189166581039727,-0.004761674432393,-0.0032093647198039,9,,10.74
1.0,5,15,8.394188329848445,0.1144142806242037,0.0184381181802597,-0.0047334328682835,-0.0033148868876082,9,,10.74
1.0,6,15,8.215389524412826,0.1082576633435536,0.0168304513897366,-0.0047457273693909,-0.0032186522367214,9,,10.74
1.0,7,15,9.667082301713858,0.0815749035368131,0.0227090353621871,-0.0048052200615198,-0.0030204265935562,9,,10.74
1.0,8,15,8.328660186458757,0.1123705767280355,0.0172535853646747,-0.0047364060241334,-0.0028807000281257,9,,10.74
1.0,9,15,8.291619438699414,0.1068886238500282,0.0180274107125849,-0.0047494672042629,-0.0029064080834617,9,,10.74
1.0,10,15,8.475678916435344,0.1046009180222254,0.016914719385017,-0.0047638753490147,-0.0029639725033446,9,,10.74
1.0,11,15,8.017353480734936,0.1150165406964868,0.0166807637604124,-0.0047315193702232,-0.0028262361980932,9,,10.74
1.0,12,15,8.418182879019259,0.1134012919814714,0.0214099896426714,-0.004717981909433,-0.0032890062811195,9,,10.74
1.0,13,15,6.840623461453752,0.1459451570757332,0.0098955880760231,-0.0046811650418707,-0.0025986789376148,9,,10.74
1.0,14,15,8.016675814436207,0.103393342601064,0.0169427007734554,-0.0047574336962075,-0.0025137233501918,9,,10.74
1.0,15,15,8.740790838543713,0.1077347995971897,0.0163039110929574,-0.004761378102838,-0.0030189490151712,9,,10.74
1.0,16,15,8.304158385093729,0.1171525254548383,0.0197114894749719,-0.0047518060987555,-0.0034828809556345,9,,10.74
1.0,17,15,8.892781751415693,0.1093255417405672,0.0203350271570725,-0.0047493793801312,-0.0033358230722081,9,,10.74
1.0,18,15,7.680435897244551,0.12583324620367,0.0148840687096968,-0.0047315414094388,-0.0027780955974022,9,,10.74
1.0,19,15,8.566180122175004,0.10031324279463,0.0208922557534615,-0.0047243253294871,-0.0032360399747482,9,,10.74
1.0,20,15,8.744533848431429,0.1038294106799037,0.0213511475144875,-0.004759538315598,-0.0033037130169196,9,,10.74
1.0,21,15,9.433086400785694,0.0914460134867173,0.0231784235013913,-0.0047880441754554,-0.0033492629945415,9,,10.74
1.0,22,15,7.497219222229771,0.1220943256860196,0.0141343469342396,-0.0047041217876996,-0.0023935553980468,9,,10.74
1.0,23,15,8.598617784635985,0.0928663126476636,0.021272990549541,-0.0047594496270191,-0.0032687044201267,9,,10.74
1.0,24,15,8.624391042303678,0.0977092232379758,0.0215086979843721,-0.004762604927069,-0.0031098774775883,9,,10.74
1.0,25,15,8.017402248650715,0.1032854250672574,0.0176492678764749,-0.0047441308185875,-0.0030231560557268,9,,10.74
1.0,26,15,8.805960465992436,0.0926300885302345,0.0182163816813733,-0.0047647365704264,-0.0029248841761078,9,,10.74
1.0,27,15,8.053751711593838,0.1070730260516471,0.0168195231738954,-0.0047524862872439,-0.0029423435921178,9,,10.74
1.0,28,15,9.682984858108766,0.0915512613816489,0.0226208471775686,-0.0048088294418675,-0.0034493915942709,9,,10.74
1.0,29,15,8.016688446791024,0.1022816946031042,0.0172508494226478,-0.0047500305101136,-0.002725970469766,9,,10.74
1.0,30,15,7.757061939649008,0.1245146635190652,0.0152005214128095,-0.0047369435190751,-0.0025734224766962,9,,10.74
1.0,31,15,7.872748337383473,0.1232467427851035,0.0187859338520386,-0.0047347301976329,-0.0029503372099065,9,,10.74
1.0,32,15,8.906010766658895,0.0923316672462723,0.0222962303737735,-0.0047774001306319,-0.0031412209821889,9,,10.74
1.0,33,15,6.870042931194169,0.1390788467572533,0.0104058030304629,-0.004686208635238,-0.001794492605035,9,,10.74
1.0,34,15,8.515153315518248,0.0956253426379438,0.0187020243026995,-0.0047592150868523,-0.002861369001332,9,,10.74
1.0,35,15,8.791347752116783,0.0950798250326622,0.0162303145570323,-0.0047858819152266,-0.0027182048662036,9,,10.74
1.0,36,15,7.84778635615643,0.1276172567723378,0.0155162678918658,-0.004728405488776,-0.0030698381804489,9,,10.74
1.0,37,15,8.455397229787346,0.0972778827746073,0.0186514143925921,-0.0047344060332467,-0.0027909140452759,9,,10.74
1.0,38,15,8.91471712561068,0.0935159534297025,0.0216502312549418,-0.0047598424743733,-0.0030109631593231,9,,10.74
1.0,39,15,8.57022993208838,0.1025653851582475,0.0189950295825242,-0.0047743811669163,-0.0030100253492679,9,,10.74
1.0,40,15,8.473364536854046,0.1012611280931354,0.0174015316616426,-0.0047604794443684,-0.00297358471581,9,,10.74
1.0,41,15,9.021028843515836,0.0930587004826384,0.022703667502425,-0.0047637711435785,-0.0031110065232448,9,,10.74
1.0,42,15,8.681692837083126,0.0843993926987861,0.0180956670604695,-0.0047854280189439,-0.0026640439453348,9,,10.74
1.0,43,15,7.131536840640258,0.1337775173434664,0.0114615647811379,-0.0046976118029247,-0.002906613965145,9,,10.74
1.0,44,15,8.709646831075112,0.1069391179587201,0.0160490555131384,-0.0047719189402786,-0.0031984866369896,9,,10.74
1.0,45,15,8.751115583022829,0.0974256958314663,0.0221595339236157,-0.0047641186603667,-0.0035086757281363,9,,10.74
1.0,46,15,7.389654602628889,0.1181431970409407,0.0140340665426026,-0.0047026312788915,-0.0024323559257675,9,,10.74
1.0,47,15,8.64137769756786,0.1097582959362578,0.0207416170985711,-0.0047401901516871,-0.0031742566500269,9,,10.74
1.0,48,15,8.577522113190325,0.1137659051265871,0.0191087547344138,-0.00472808150023,-0.0028894416209636,9,,10.74
1.0,49,15,8.966191726227294,0.096375521858507,0.0212575340777815,-0.0047723757027638,-0.0034198942794392,9,,10.74
0.0,0,15,8.788533087332356,0.0392842779674641,0.005691307426671,-0.0048588207045639,-0.0004666642869422,10,-12.3,10.68
0.0,1,15,8.363551469472155,0.0395088773393494,0.0052540263725918,-0.004829582678416,-0.0004395269563513,10,-12.3,10.68
0.0,2,15,8.147554054778363,0.0376737973153043,0.0061609755149953,-0.0048465209694623,-0.0003119952716081,10,-12.3,10.68
0.0,3,15,8.157067599879044,0.0398705623568764,0.0044707340353605,-0.0048421602813894,-0.0002943944613096,10,-12.3,10.68
0.0,4,15,8.816265441674094,0.037761979359372,0.007194271939206,-0.0048471570111265,-0.0003427710348431,10,-12.3,10.68
0.0,5,15,8.582587917255918,0.0437769347517467,0.008848386531279,-0.004838105661142,-0.0005609960027275,10,-12.3,10.68
0.0,6,15,9.188095012439966,0.0405557423602552,0.0070244655118189,-0.004849986798745,-0.0006164041535496,10,-12.3,10.68
0.0,7,15,8.80736695003933,0.0420686497807795,0.0062607528203071,-0.0048676308567816,-0.0004877183466169,10,-12.3,10.68
0.0,8,15,9.231176664416145,0.0278118628175032,0.0099956892217615,-0.0048613695211915,-0.0005087008127453,10,-12.3,10.68
0.0,9,15,8.751186222798324,0.0369427321221945,0.0086223252243434,-0.0048428844660261,-0.000537871923118,10,-12.3,10.68
0.0,10,15,7.939088873403501,0.0506104403244309,0.0050269585366724,-0.0048424386090036,-0.0004814802797814,10,-12.3,10.68
0.0,11,15,8.25241295060024,0.0379358060625007,0.0065374423262419,-0.0048306580212702,-0.0006542916588234,10,-12.3,10.68
0.0,12,15,8.29268469839641,0.0527804618641376,0.0054674103902806,-0.0048349283398378,-0.0004980677717458,10,-12.3,10.68
0.0,13,15,9.359053697721093,0.0300067283017032,0.006101274997921,-0.0048593354867258,-0.0006017684568878,10,-12.3,10.68
0.0,14,15,9.087285923253544,0.0376686516780973,0.0066017126690036,-0.0048713357443878,-0.0004844288950434,10,-12.3,10.68
0.0,15,15,8.594778924585157,0.0620248754977859,0.0073918730788202,-0.0048425701135051,-0.0007419465157241,10,-12.3,10.68
0.0,16,15,8.784728189950057,0.0282763182349623,0.005617765832452,-0.0048668463744914,-0.0005269055507639,10,-12.3,10.68
0.0,17,15,8.387563324121652,0.0401378577692087,0.0051091426662625,-0.0048384231274764,-0.0005002351971447,10,-12.3,10.68
0.0,18,15,8.58683603444655,0.0424360689412863,0.0056125125794012,-0.0048542828933821,-0.0006974610932578,10,-12.3,10.68
0.0,19,15,9.018869986321242,0.0363649766283778,0.0088289077401055,-0.0048684738922035,-0.0004545136307121,10,-12.3,10.68
0.0,20,15,8.568760142609303,0.0445247065044098,0.0061101630188888,-0.0048584408854327,-0.00067219742919,10,-12.3,10.68
0.0,21,15,8.578632500590995,0.0330045447312839,0.0072250417522876,-0.0048470128269338,-0.0006050209856518,10,-12.3,10.68
0.0,22,15,8.137486671330851,0.0425140493132026,0.0042506949181077,-0.0048309554805352,-0.0005289557090679,10,-12.3,10.68
0.0,23,15,8.5380464229756,0.0416644939771573,0.0065190963239054,-0.0048583574137378,-0.0007221309340279,10,-12.3,10.68
0.0,24,15,8.96365500544062,0.0316782666174113,0.0090496987948696,-0.0048475130829739,-0.0005149855060321,10,-12.3,10.68
0.0,25,15,8.637489376206634,0.0345707329119202,0.0066815542562267,-0.0048448002887152,-0.0006519287262331,10,-12.3,10.68
0.0,26,15,8.370886727163871,0.0371017604415764,0.0061063589996545,-0.004860829930573,-0.0004121211515804,10,-12.3,10.68
0.0,27,15,9.188711572973272,0.0416053256091822,0.0072734937231839,-0.0048615318460634,-0.0003264174610551,10,-12.3,10.68
0.0,28,15,7.783484316345734,0.0554368870961149,0.0048865919850511,-0.0048132425397871,-0.0003449786294124,10,-12.3,10.68
0.0,29,15,9.4417544914956,0.0329904821326143,0.0071619701751285,-0.0048698304864181,-0.0005591285678452,10,-12.3,10.68
0.0,30,15,9.076866118698236,0.0453208128946123,0.0060350621269843,-0.0048553706305585,-0.0005350603632531,10,-12.3,10.68
0.0,31,15,8.664038690188452,0.0347331374736191,0.008706881949102,-0.0048372932863222,-0.000334421911775,10,-12.3,10.68
0.0,32,15,8.975025736560507,0.0388517692714593,0.0090739135546259,-0.0048614266818804,-0.0005254385914315,10,-12.3,10.68
0.0,33,15,8.632262333849924,0.0299375535124279,0.0070587416297824,-0.0048470228432913,-0.000494805880872,10,-12.3,10.68
0.0,34,15,9.03996870939113,0.0400593487110218,0.0079161297525472,-0.0048596481097796,-0.0005514583595984,10,-12.3,10.68
0.0,35,15,8.362449869038942,0.0430057679007875,0.0068775361675351,-0.004843248401563,-0.000596919909576,10,-12.3,10.68
0.0,36,15,8.898651287120849,0.0397952983862638,0.0075897594031733,-0.0048554821163813,-0.0006249246505034,10,-12.3,10.68
0.0,37,15,9.089944212610446,0.0334490929958373,0.0057918153936201,-0.0048625994604522,-0.0005081572858756,10,-12.3,10.68
0.0,38,15,8.234389957820873,0.0379143001255937,0.0068548618587736,-0.0048346570284106,-0.0005453629356153,10,-12.3,10.68
0.0,39,15,8.956917328087968,0.0287966966309492,0.0082463344250979,-0.0048555245563398,-0.0004148194305182,10,-12.3,10.68
0.0,40,15,8.917673484667699,0.0345319968112759,0.0071640222922277,-0.0048541806453448,-0.000602124346799,10,-12.3,10.68
0.0,41,15,7.977391380704332,0.0435377607951434,0.0073218216231095,-0.0048263205242029,-0.0004372733840223,10,-12.3,10.68
0.0,42,15,8.003378310671028,0.0442283196671317,0.0052218307612489,-0.0048410039948643,-0.0005862129703419,10,-12.3,10.68
0.0,43,15,8.814271700161926,0.0361958259888344,0.0077045003443716,-0.0048528759403231,-0.0004713208930541,10,-12.3,10.68
0.0,44,15,8.654391827198065,0.034791696503662,0.0082335891100934,-0.0048625030277964,-0.0006020616847164,10,-12.3,10.68
0.0,45,15,8.729742076248137,0.0353950951668847,0.0055090490094006,-0.0048483872533419,-0.0005606067939543,10,-12.3,10.68
0.0,46,15,8.42147350002072,0.0387239033235282,0.0065055850076917,-0.0048309553965651,-0.0005710966958275,10,-12.3,10.68
0.0,47,15,8.96664483498766,0.0390301215125329,0.0090090664407838,-0.0048523932551343,-0.0005524418089157,10,-12.3,10.68
0.0,48,15,8.473815329068337,0.0565992907527442,0.0055527548542087,-0.0048586433877348,-0.0006894581710997,10,-12.3,10.68
0.0,49,15,9.318581281504455,0.0278645446033216,0.006977621167448,-0.0048715142835086,-0.0003009793796679,10,-12.3,10.68
0.25,0,15,8.327622022061838,0.0535794846060373,0.0097888425528255,-0.0046883777962762,-0.0007660497625506,10,-12.3,10.68
0.25,1,15,7.560252148489314,0.0650796338622099,0.0057112234711737,-0.0046363248170732,-0.0009915559250722,10,-12.3,10.68
0.25,2,15,8.337871798849138,0.0541477927639146,0.0079335340765156,-0.0046820916085384,-0.0008088365926913,10,-12.3,10.68
0.25,3,15,8.754952295698567,0.0584447346319313,0.0083094071625229,-0.0046498907208139,-0.0008001013582722,10,-12.3,10.68
0.25,4,15,7.961159706234581,0.0533689207691058,0.0087677665109134,-0.0046991595933559,-0.0008416079856751,10,-12.3,10.68
0.25,5,15,8.261848352563058,0.058582822223152,0.0091822380308611,-0.0047319795904495,-0.0009278990359625,10,-12.3,10.68
0.25,6,15,7.951765314364341,0.065208932922722,0.0077020679494218,-0.0047326100016564,-0.0010547340718088,10,-12.3,10.68
0.25,7,15,7.951527727218187,0.0532996738962206,0.0077293741161803,-0.004719460157659,-0.0007220201408981,10,-12.3,10.68
0.25,8,15,8.718189745296169,0.0523467361587032,0.0073529592786037,-0.0047089660052199,-0.000938511697851,10,-12.3,10.68
0.25,9,15,7.94174401703332,0.0622613381968549,0.0090690769901762,-0.0046625457472481,-0.0010214702891959,10,-12.3,10.68
0.25,10,15,8.419986946311734,0.065505465215702,0.0072099337479298,-0.0046370356348539,-0.001065957140739,10,-12.3,10.68
0.25,11,15,8.382877564790276,0.056351815624004,0.0105746923483682,-0.0046833461370362,-0.0006961264404418,10,-12.3,10.68
0.25,12,15,7.954427863812241,0.0679154645913294,0.0068844411955962,-0.0046528236562748,-0.0011949398948207,10,-12.3,10.68
0.25,13,15,8.02496462261683,0.0726426676771291,0.0072425562762157,-0.0046777636504957,-0.0012325982433489,10,-12.3,10.68
0.25,14,15,8.36895466517359,0.0567057549985192,0.0075588605789808,-0.004726845033973,-0.0009119963013684,10,-12.3,10.68
0.25,15,15,8.271373307033121,0.0643397327322761,0.008168716309712,-0.0046775217871023,-0.0008121331030763,10,-12.3,10.68
0.25,16,15,8.308293218088506,0.0619728425414032,0.0080549248246627,-0.0047693560119068,-0.0011158168322921,10,-12.3,10.68
0.25,17,15,8.99589675416325,0.0546530566034787,0.0089666160634285,-0.0047299321246293,-0.0010217895424872,10,-12.3,10.68
0.25,18,15,8.38455513619946,0.0694939910228617,0.009474997265557,-0.004664500575249,-0.0008751396126023,10,-12.3,10.68
0.25,19,15,8.396721580556878,0.0539079691327449,0.0062422246518806,-0.0048100184759793,-0.0008494138947161,10,-12.3,10.68
0.25,20,15,7.918699743011374,0.0711922202104602,0.0051784880338534,-0.0047618227186071,-0.0010355982988515,10,-12.3,10.68
0.25,21,15,8.143956998284963,0.0699190823947998,0.0064042464147888,-0.0047038511263327,-0.0009106723921921,10,-12.3,10.68
0.25,22,15,8.757663030969304,0.0529774809827617,0.0070042025074665,-0.0047453443673032,-0.0007255694236174,10,-12.3,10.68
0.25,23,15,7.71991608998564,0.0703869441252687,0.0032135236522968,-0.0047586224169415,-0.0010981336408538,10,-12.3,10.68
0.25,24,15,8.172863559493543,0.0546056838126786,0.0062357032324727,-0.0047115153403643,-0.000735913276217,10,-12.3,10.68
0.25,25,15,8.611934188484122,0.0654522513048119,0.0092649364122748,-0.0047207348912054,-0.0010809479694896,10,-12.3,10.68
0.25,26,15,8.214303800459408,0.0588095388070494,0.0073793824372279,-0.0047822886696819,-0.0008757255957676,10,-12.3,10.68
0.25,27,15,8.357037076036109,0.0650508429717177,0.0086683839825228,-0.0047412671224663,-0.0012057421336346,10,-12.3,10.68
0.25,28,15,9.119534169217332,0.0357679494621208,0.0097002444015578,-0.0047699833661099,-0.0006088974015029,10,-12.3,10.68
0.25,29,15,8.770712222589747,0.0581421905596148,0.0079975135507681,-0.0047613607867892,-0.0010372068737264,10,-12.3,10.68
0.25,30,15,7.93644600150027,0.0707468556401794,0.0069751470129265,-0.0047659025379574,-0.0012914161794714,10,-12.3,10.68
0.25,31,15,8.020861776009896,0.0666822950242086,0.0069760805264309,-0.0047064200808349,-0.0008719718448815,10,-12.3,10.68
0.25,32,15,9.037233096108052,0.0544172225687591,0.0095989911262873,-0.0047332043070953,-0.0006949418450419,10,-12.3,10.68
0.25,33,15,7.6917216906307955,0.07365379251964,0.0053423666503271,-0.0047076322266346,-0.0008685977299898,10,-12.3,10.68
0.25,34,15,8.167305425338586,0.0572138365603301,0.0065481463317497,-0.0047173922448854,-0.0007828752699448,10,-12.3,10.68
0.25,35,15,7.987718552546736,0.0679006891613777,0.0056505488714375,-0.0046859275327496,-0.0010907763017976,10,-12.3,10.68
0.25,36,15,8.249637773334975,0.0675254934088245,0.0077296119300479,-0.004730389471409,-0.0011149211834801,10,-12.3,10.68
0.25,37,15,8.96973991464289,0.0498767288447844,0.0084007450728573,-0.0046792870197501,-0.0009512544722723,10,-12.3,10.68
0.25,38,15,8.075170815381611,0.0543513420130429,0.0080784917971407,-0.0046646211220912,-0.0008376859776179,10,-12.3,10.68
0.25,39,15,8.132109682450878,0.0588358662308205,0.0080586451023564,-0.0046091925815496,-0.0011260463785056,10,-12.3,10.68
0.25,40,15,9.377339610042313,0.0570116104988824,0.0100350857371088,-0.0047760269026013,-0.0009515332668685,10,-12.3,10.68
0.25,41,15,8.282572154916869,0.0564675305493404,0.0085819316073312,-0.0046936826833747,-0.0007179007442144,10,-12.3,10.68
0.25,42,15,8.921974175627088,0.0600036387493488,0.006324072344901,-0.0046649742506262,-0.0008747437429465,10,-12.3,10.68
0.25,43,15,8.419624911513942,0.0732842177560063,0.0072409343037445,-0.0047101030626013,-0.0009488496520277,10,-12.3,10.68
0.25,44,15,7.6352047591273955,0.0711561546762269,0.0046811052473578,-0.0047296331078406,-0.000793382190236,10,-12.3,10.68
0.25,45,15,7.516748522646669,0.0847686976740471,0.0053830975499687,-0.0047417984664038,-0.0010951955857236,10,-12.3,10.68
0.25,46,15,8.553772228890681,0.0621005245823921,0.0078752599163986,-0.0046932670384929,-0.0010696665908075,10,-12.3,10.68
0.25,47,15,9.192973276624024,0.0475188484137528,0.0101652670030311,-0.0047727067128691,-0.0009202395715697,10,-12.3,10.68
0.25,48,15,7.917531924539681,0.0676484968965523,0.0054506979182407,-0.0045818388083785,-0.0007316542398727,10,-12.3,10.68
0.25,49,15,8.84800007981341,0.054147968993178,0.0091628862191476,-0.0047831309240983,-0.0009620139285732,10,-12.3,10.68
0.5,0,15,7.968193971951368,0.077255038684,0.0119348858294658,-0.0047243193191784,-0.001220938154532,10,-12.3,10.68
0.5,1,15,8.246245241982503,0.0762203021094397,0.0114337634691168,-0.0047307053661741,-0.0011684116807699,10,-12.3,10.68
0.5,2,15,8.683307308998849,0.0575921390535442,0.0135344373541376,-0.0046460431927723,-0.000963725375527,10,-12.3,10.68
0.5,3,15,8.416852676939666,0.0832802673760773,0.0105415859581976,-0.0046432232373658,-0.001528506959634,10,-12.3,10.68
0.5,4,15,8.102561303822343,0.0790084159365525,0.0101036568930393,-0.0046628074785913,-0.0013504407728929,10,-12.3,10.68
0.5,5,15,8.09756149292863,0.0697879283994435,0.0124339262897008,-0.0046313891158577,-0.0009029569430388,10,-12.3,10.68
0.5,6,15,7.182356726392211,0.09273031641029,0.0047391585647778,-0.0046941777518363,-0.0013166239759039,10,-12.3,10.68
0.5,7,15,8.268620951687895,0.0773309365324879,0.0113334502184544,-0.0046395407250729,-0.0009602351578595,10,-12.3,10.68
0.5,8,15,8.080995232269322,0.0786307288266794,0.0104189294688915,-0.0047061915376355,-0.0014141961023427,10,-12.3,10.68
0.5,9,15,8.142580303019363,0.0692516326015474,0.0119221288350326,-0.0046235926569008,-0.0008555387579383,10,-12.3,10.68
0.5,10,15,7.635793995392671,0.1010745546559386,0.0095291516363344,-0.0046768899986455,-0.0013062434383084,10,-12.3,10.68
0.5,11,15,7.927914306835654,0.0845743742977171,0.0091698748277906,-0.0046765024909684,-0.0012934156416743,10,-12.3,10.68
0.5,12,15,8.496300066809738,0.0594981204893206,0.0116818261602266,-0.004651995554735,-0.001210948178676,10,-12.3,10.68
0.5,13,15,8.038857110042196,0.0733125613989181,0.012832559041023,-0.0047300761163084,-0.0011726123753077,10,-12.3,10.68
0.5,14,15,8.384017005154657,0.0807703925551663,0.0114445636948806,-0.0046652468193705,-0.0010153731526479,10,-12.3,10.68
0.5,15,15,7.165526872096937,0.1030215818971891,0.0057000313492014,-0.0047453847034048,-0.0014034616435269,10,-12.3,10.68
0.5,16,15,7.650415151156954,0.0834199564689193,0.0083741680281191,-0.0047261461414043,-0.0009809778047629,10,-12.3,10.68
0.5,17,15,9.185226643730584,0.0648706538871017,0.0139509347774075,-0.0046960470685559,-0.0010154779882234,10,-12.3,10.68
0.5,18,15,8.292927030485755,0.0803626114181123,0.0093272118805434,-0.0046168186638249,-0.0013464576085155,10,-12.3,10.68
0.5,19,15,8.187370561639248,0.0617358459242416,0.0107933678757401,-0.0046438293921112,-0.0008555408270083,10,-12.3,10.68
0.5,20,15,7.750721904638564,0.0915153514148697,0.0074180278487716,-0.0045590547384474,-0.0016285312263813,10,-12.3,10.68
0.5,21,15,8.286661912508093,0.0813765560847808,0.0116387672963672,-0.0046507549489508,-0.0010120047548107,10,-12.3,10.68
0.5,22,15,7.899544938863618,0.0825680005904758,0.0092566058632765,-0.0047141063550449,-0.0010023501527366,10,-12.3,10.68
0.5,23,15,7.849768142332675,0.0813331551661741,0.0096049103058391,-0.004688820175013,-0.001409221443902,10,-12.3,10.68
0.5,24,15,8.053256261773925,0.0760591598079692,0.0095208508697766,-0.0047039875952753,-0.0012944496525331,10,-12.3,10.68
0.5,25,15,8.109369483765933,0.0768985914447326,0.0119411296960426,-0.004649055940222,-0.0010285362997377,10,-12.3,10.68
0.5,26,15,8.25772802921861,0.0729629832296386,0.0090522588772665,-0.0046106515731608,-0.0011342480651316,10,-12.3,10.68
0.5,27,15,8.178762223019545,0.0841559263406845,0.010375352307818,-0.0047203894471073,-0.001280689588691,10,-12.3,10.68
0.5,28,15,8.42278444849644,0.0742080261974035,0.009355938365863,-0.0045577673999444,-0.0009998547330974,10,-12.3,10.68
0.5,29,15,8.678373118335779,0.0739742601715133,0.0121525479749461,-0.0046457568103671,-0.00101122080366,10,-12.3,10.68
0.5,30,15,7.746826292088137,0.100170154735013,0.0079066592740055,-0.004681723216383,-0.0012641297552572,10,-12.3,10.68
0.5,31,15,7.457515805580861,0.099041617641974,0.0079253405312908,-0.0047015995537775,-0.0009682382360802,10,-12.3,10.68
0.5,32,15,8.080564187532614,0.0887544687769604,0.0108416536981262,-0.0046545916802579,-0.0012547470145978,10,-12.3,10.68
0.5,33,15,7.953178134502332,0.0836762376573335,0.0101299891971977,-0.0046847688923723,-0.0010548896514781,10,-12.3,10.68
0.5,34,15,7.695028286206115,0.0758932728967274,0.0066175862306247,-0.0047212771883682,-0.0010708371666191,10,-12.3,10.68
0.5,35,15,8.230593790726253,0.0879901940303584,0.0107792941951548,-0.0047102377336618,-0.0014353969514331,10,-12.3,10.68
0.5,36,15,7.792263838284584,0.0924274160780324,0.0070377833212936,-0.004664689189734,-0.0011851402740353,10,-12.3,10.68
0.5,37,15,7.510450539625793,0.0934532698404579,0.0101670578149826,-0.0047094096911999,-0.0012017809715327,10,-12.3,10.68
0.5,38,15,8.351767445278359,0.0708220750733168,0.0126231304435134,-0.0046926837505824,-0.0008482318350017,10,-12.3,10.68
0.5,39,15,7.635752044411419,0.0749637039009862,0.0077470757879821,-0.0046980368783939,-0.0015443976544357,10,-12.3,10.68
0.5,40,15,7.951275295166709,0.0897160773089828,0.0102041598697712,-0.0046901034426528,-0.0015012449851301,10,-12.3,10.68
0.5,41,15,7.9589686414403955,0.0759011624827181,0.0101813470965704,-0.0047097075160703,-0.0008659524744118,10,-12.3,10.68
0.5,42,15,7.739278619637434,0.0829039527864919,0.0071469698607338,-0.0047474765630615,-0.0009966475600411,10,-12.3,10.68
0.5,43,15,8.426506313473446,0.0701417617484546,0.0114729021898379,-0.0047038420460683,-0.0013631506904244,10,-12.3,10.68
0.5,44,15,8.667147414444411,0.068381374324046,0.0116321612504137,-0.0045900856479901,-0.0009589867223143,10,-12.3,10.68
0.5,45,15,7.792165055835222,0.0895818526741602,0.0105445778347488,-0.0047394422227744,-0.0010823798864429,10,-12.3,10.68
0.5,46,15,7.414580385327306,0.1033891828214216,0.0074805947263912,-0.0046854116632198,-0.0014020328220114,10,-12.3,10.68
0.5,47,15,7.912294257061388,0.0741690959103222,0.0106534187196651,-0.0046479229205192,-0.001214496725785,10,-12.3,10.68
0.5,48,15,7.942407677177218,0.0794263077739888,0.0093214243600984,-0.0045867081933858,-0.0009631010515494,10,-12.3,10.68
0.5,49,15,7.9529743169127665,0.0798841889030391,0.0071846655416028,-0.0047534541617371,-0.0009831501010384,10,-12.3,10.68
0.75,0,15,8.004263376833336,0.0858926671637716,0.0171146477718152,-0.0047012280305687,-0.0015572919007551,10,-12.3,10.68
0.75,1,15,8.408194398447067,0.0868413420246131,0.0174481962922856,-0.0047080600356341,-0.0014345900241019,10,-12.3,10.68
0.75,2,15,7.360453920525779,0.1028510198825542,0.0085922433848939,-0.0047696495102267,-0.0014354261318353,10,-12.3,10.68
0.75,3,15,8.240567572698637,0.0972675011140992,0.0140512876549275,-0.0046188067879698,-0.0013375214152192,10,-12.3,10.68
0.75,4,15,8.641840020053875,0.0770475233495708,0.0184991597669392,-0.004721713339705,-0.0016724924240556,10,-12.3,10.68
0.75,5,15,8.55223542206766,0.0837962484748716,0.0199508931402882,-0.0046821792576805,-0.0012168582527788,10,-12.3,10.68
0.75,6,15,8.4079997762719,0.0941767299607394,0.018495018972637,-0.0046439722942591,-0.0019343576245066,10,-12.3,10.68
0.75,7,15,8.347191190073772,0.0809128112252305,0.0169861162170028,-0.0046651679877851,-0.0011013029990246,10,-12.3,10.68
0.75,8,15,7.719566640534847,0.1078703212066021,0.0122682251795335,-0.0047003616169273,-0.0013379927139599,10,-12.3,10.68
0.75,9,15,7.6437038400015584,0.0887611135647518,0.0136669609598546,-0.0047462529447026,-0.0019110581227957,10,-12.3,10.68
0.75,10,15,8.31483209154739,0.1090926401965698,0.0153411029709828,-0.0047420272983233,-0.0017198069507909,10,-12.3,10.68
0.75,11,15,8.223616351561162,0.1080902444670909,0.0140870765844359,-0.0046936911624838,-0.001823680099409,10,-12.3,10.68
0.75,12,15,8.548701701749248,0.0941491118278506,0.0173791570590508,-0.0046119680980602,-0.0015402831291522,10,-12.3,10.68
0.75,13,15,7.583728348881109,0.1095711822074412,0.0153638698655965,-0.0047474576919032,-0.0016313720402506,10,-12.3,10.68
0.75,14,15,8.504456755505444,0.0863150758405001,0.0156298017965446,-0.0047270411615603,-0.0014389480539107,10,-12.3,10.68
0.75,15,15,7.794547053617725,0.1139268295975612,0.0161199717794873,-0.0047614681565095,-0.0015740289011432,10,-12.3,10.68
0.75,16,15,7.711169501530595,0.0965471495810227,0.0132915216188753,-0.0047229495040059,-0.0016958842039097,10,-12.3,10.68
0.75,17,15,8.209301696604557,0.1093983495620716,0.0135481195834817,-0.0046725704809729,-0.0016174089466748,10,-12.3,10.68
0.75,18,15,8.609873034634612,0.0923385864145574,0.0148362640567619,-0.0046763981936514,-0.0012970022270831,10,-12.3,10.68
0.75,19,15,7.57091136232203,0.0979469069997562,0.0109284486135852,-0.0047413029951377,-0.0015777881441248,10,-12.3,10.68
0.75,20,15,7.733090054032885,0.1194911017965305,0.0131277065807799,-0.0047162658940173,-0.0017518707759563,10,-12.3,10.68
0.75,21,15,7.978240720230229,0.103045883157517,0.0155167233908138,-0.0046382897560555,-0.0017496431919508,10,-12.3,10.68
0.75,22,15,8.022237208258659,0.0914267987124884,0.0135166392205068,-0.0047402158502359,-0.0010575870238065,10,-12.3,10.68
0.75,23,15,8.280841622862436,0.081200083050727,0.0131809249664648,-0.0047296875064829,-0.0015953393253408,10,-12.3,10.68
0.75,24,15,8.439415205219643,0.084415250707892,0.016328159495627,-0.0046260142455997,-0.0013793158660637,10,-12.3,10.68
0.75,25,15,8.761330325001076,0.0837353060270316,0.01696401369875,-0.0047771005519813,-0.0016387975681665,10,-12.3,10.68
0.75,26,15,8.343793484094583,0.075934041668944,0.0159060593860817,-0.0046951282624496,-0.0011643237594144,10,-12.3,10.68
0.75,27,15,7.849810066818986,0.0997536397913139,0.0153656440529161,-0.0047368060753754,-0.0017583345481915,10,-12.3,10.68
0.75,28,15,7.771364359541346,0.0972774300824689,0.0123918213593379,-0.00470549651883,-0.0013731521401784,10,-12.3,10.68
0.75,29,15,8.189136536928823,0.0952906269209503,0.0147943257466488,-0.0047016282828346,-0.0016873942813357,10,-12.3,10.68
0.75,30,15,7.726329582827726,0.1042053840542736,0.0136681495556443,-0.0046991825020655,-0.0013012169097655,10,-12.3,10.68
0.75,31,15,8.420900404950492,0.0961704854162743,0.0154835870625583,-0.0045022399551234,-0.0013641590328508,10,-12.3,10.68
0.75,32,15,7.861631941431223,0.0981563420923241,0.0137645292825386,-0.0046534962390906,-0.0017279453093593,10,-12.3,10.68
0.75,33,15,8.898544350767526,0.085479762690164,0.0184218756601764,-0.0046575900621218,-0.001362712159509,10,-12.3,10.68
0.75,34,15,8.156460509518816,0.0888495215902678,0.0153444834278768,-0.004708297016521,-0.0013365038289963,10,-12.3,10.68
0.75,35,15,8.510741600557752,0.0834790968940158,0.0149996735860726,-0.0046877075846057,-0.0012834432030564,10,-12.3,10.68
0.75,36,15,8.554867872840635,0.0869889402970979,0.013657982900617,-0.0047254387371008,-0.0013919083699207,10,-12.3,10.68
0.75,37,15,8.120692128070575,0.0868287372705732,0.0158640198234426,-0.0047241328140191,-0.0011915675403238,10,-12.3,10.68
0.75,38,15,8.43934167853976,0.0943427677698023,0.0160213710646196,-0.0047215260192274,-0.0013610919230576,10,-12.3,10.68
0.75,39,15,7.36625664132501,0.1017205731715829,0.0107234902670778,-0.0046909094309957,-0.0018014884375639,10,-12.3,10.68
0.75,40,15,7.932708935467582,0.103003078902933,0.014891995880692,-0.0047491684286648,-0.0015060106559735,10,-12.3,10.68
0.75,41,15,8.145330693994767,0.0900033467792436,0.0156547551204964,-0.0046619044886893,-0.0012072489573024,10,-12.3,10.68
0.75,42,15,8.612831581941311,0.0794152684455769,0.0165756995127316,-0.0047375589504795,-0.0014877773188607,10,-12.3,10.68
0.75,43,15,8.30934410577898,0.0871309972154154,0.0128373580718522,-0.0046896146542356,-0.0015830141249607,10,-12.3,10.68
0.75,44,15,8.674861196058806,0.0820824309598799,0.0169178775737069,-0.0046808945344371,-0.0012992160070585,10,-12.3,10.68
0.75,45,15,8.046242207312156,0.0940681646686131,0.0136826517377137,-0.0046764332790079,-0.0012678121572444,10,-12.3,10.68
0.75,46,15,8.502360922340245,0.0945777941402564,0.0176396348321433,-0.0046476990592338,-0.001495637608799,10,-12.3,10.68
0.75,47,15,8.641144826674616,0.0954564557578129,0.0177674499264606,-0.0046849918327379,-0.0015862197961149,10,-12.3,10.68
0.75,48,15,8.433424393983497,0.0965056228028166,0.0158271280792607,-0.0046783753681059,-0.0017428355540106,10,-12.3,10.68
0.75,49,15,8.478469757170641,0.0905873594643421,0.0163762258985371,-0.0045421201211657,-0.0013832119245214,10,-12.3,10.68
1.0,0,15,8.738662633620681,0.0866668809060661,0.0150319693769693,-0.0047752393648375,-0.0027633141794395,10,,10.74
1.0,1,15,8.945996533670668,0.0893866256745455,0.020126069397855,-0.0047834647388185,-0.0027912107532649,10,,10.74
1.0,2,15,8.496086494419124,0.1164810556236086,0.0143064148150489,-0.004717123717384,-0.0032857762100758,10,,10.74
1.0,3,15,9.352420156882724,0.1046201759094156,0.0249654626341331,-0.00479258666913,-0.00339392875084,10,,10.74
1.0,4,15,8.668876362861566,0.1006584019176646,0.0189166581039727,-0.004761674432393,-0.0032093647198039,10,,10.74
1.0,5,15,8.394188329848445,0.1144142806242037,0.0184381181802597,-0.0047334328682835,-0.0033148868876082,10,,10.74
1.0,6,15,8.215389524412826,0.1082576633435536,0.0168304513897366,-0.0047457273693909,-0.0032186522367214,10,,10.74
1.0,7,15,9.667082301713858,0.0815749035368131,0.0227090353621871,-0.0048052200615198,-0.0030204265935562,10,,10.74
1.0,8,15,8.328660186458757,0.1123705767280355,0.0172535853646747,-0.0047364060241334,-0.0028807000281257,10,,10.74
1.0,9,15,8.291619438699414,0.1068886238500282,0.0180274107125849,-0.0047494672042629,-0.0029064080834617,10,,10.74
1.0,10,15,8.475678916435344,0.1046009180222254,0.016914719385017,-0.0047638753490147,-0.0029639725033446,10,,10.74
1.0,11,15,8.017353480734936,0.1150165406964868,0.0166807637604124,-0.0047315193702232,-0.0028262361980932,10,,10.74
1.0,12,15,8.418182879019259,0.1134012919814714,0.0214099896426714,-0.004717981909433,-0.0032890062811195,10,,10.74
1.0,13,15,6.840623461453752,0.1459451570757332,0.0098955880760231,-0.0046811650418707,-0.0025986789376148,10,,10.74
1.0,14,15,8.016675814436207,0.103393342601064,0.0169427007734554,-0.0047574336962075,-0.0025137233501918,10,,10.74
1.0,15,15,8.740790838543713,0.1077347995971897,0.0163039110929574,-0.004761378102838,-0.0030189490151712,10,,10.74
1.0,16,15,8.304158385093729,0.1171525254548383,0.0197114894749719,-0.0047518060987555,-0.0034828809556345,10,,10.74
1.0,17,15,8.892781751415693,0.1093255417405672,0.0203350271570725,-0.0047493793801312,-0.0033358230722081,10,,10.74
1.0,18,15,7.680435897244551,0.12583324620367,0.0148840687096968,-0.0047315414094388,-0.0027780955974022,10,,10.74
1.0,19,15,8.566180122175004,0.10031324279463,0.0208922557534615,-0.0047243253294871,-0.0032360399747482,10,,10.74
1.0,20,15,8.744533848431429,0.1038294106799037,0.0213511475144875,-0.004759538315598,-0.0033037130169196,10,,10.74
1.0,21,15,9.433086400785694,0.0914460134867173,0.0231784235013913,-0.0047880441754554,-0.0033492629945415,10,,10.74
1.0,22,15,7.497219222229771,0.1220943256860196,0.0141343469342396,-0.0047041217876996,-0.0023935553980468,10,,10.74
1.0,23,15,8.598617784635985,0.0928663126476636,0.021272990549541,-0.0047594496270191,-0.0032687044201267,10,,10.74
1.0,24,15,8.624391042303678,0.0977092232379758,0.0215086979843721,-0.004762604927069,-0.0031098774775883,10,,10.74
1.0,25,15,8.017402248650715,0.1032854250672574,0.0176492678764749,-0.0047441308185875,-0.0030231560557268,10,,10.74
1.0,26,15,8.805960465992436,0.0926300885302345,0.0182163816813733,-0.0047647365704264,-0.0029248841761078,10,,10.74
1.0,27,15,8.053751711593838,0.1070730260516471,0.0168195231738954,-0.0047524862872439,-0.0029423435921178,10,,10.74
1.0,28,15,9.682984858108766,0.0915512613816489,0.0226208471775686,-0.0048088294418675,-0.0034493915942709,10,,10.74
1.0,29,15,8.016688446791024,0.1022816946031042,0.0172508494226478,-0.0047500305101136,-0.002725970469766,10,,10.74
1.0,30,15,7.757061939649008,0.1245146635190652,0.0152005214128095,-0.0047369435190751,-0.0025734224766962,10,,10.74
1.0,31,15,7.872748337383473,0.1232467427851035,0.0187859338520386,-0.0047347301976329,-0.0029503372099065,10,,10.74
1.0,32,15,8.906010766658895,0.0923316672462723,0.0222962303737735,-0.0047774001306319,-0.0031412209821889,10,,10.74
1.0,33,15,6.870042931194169,0.1390788467572533,0.0104058030304629,-0.004686208635238,-0.001794492605035,10,,10.74
1.0,34,15,8.515153315518248,0.0956253426379438,0.0187020243026995,-0.0047592150868523,-0.002861369001332,10,,10.74
1.0,35,15,8.791347752116783,0.0950798250326622,0.0162303145570323,-0.0047858819152266,-0.0027182048662036,10,,10.74
1.0,36,15,7.84778635615643,0.1276172567723378,0.0155162678918658,-0.004728405488776,-0.0030698381804489,10,,10.74
1.0,37,15,8.455397229787346,0.0972778827746073,0.0186514143925921,-0.0047344060332467,-0.0027909140452759,10,,10.74
1.0,38,15,8.91471712561068,0.0935159534297025,0.0216502312549418,-0.0047598424743733,-0.0030109631593231,10,,10.74
1.0,39,15,8.57022993208838,0.1025653851582475,0.0189950295825242,-0.0047743811669163,-0.0030100253492679,10,,10.74
1.0,40,15,8.473364536854046,0.1012611280931354,0.0174015316616426,-0.0047604794443684,-0.00297358471581,10,,10.74
1.0,41,15,9.021028843515836,0.0930587004826384,0.022703667502425,-0.0047637711435785,-0.0031110065232448,10,,10.74
1.0,42,15,8.681692837083126,0.0843993926987861,0.0180956670604695,-0.0047854280189439,-0.0026640439453348,10,,10.74
1.0,43,15,7.131536840640258,0.1337775173434664,0.0114615647811379,-0.0046976118029247,-0.002906613965145,10,,10.74
1.0,44,15,8.709646831075112,0.1069391179587201,0.0160490555131384,-0.0047719189402786,-0.0031984866369896,10,,10.74
1.0,45,15,8.751115583022829,0.0974256958314663,0.0221595339236157,-0.0047641186603667,-0.0035086757281363,10,,10.74
1.0,46,15,7.389654602628889,0.1181431970409407,0.0140340665426026,-0.0047026312788915,-0.0024323559257675,10,,10.74
1.0,47,15,8.64137769756786,0.1097582959362578,0.0207416170985711,-0.0047401901516871,-0.0031742566500269,10,,10.74
1.0,48,15,8.577522113190325,0.1137659051265871,0.0191087547344138,-0.00472808150023,-0.0028894416209636,10,,10.74
1.0,49,15,8.966191726227294,0.096375521858507,0.0212575340777815,-0.0047723757027638,-0.0034198942794392,10,,10.74
0.0,0,15,11.438800296161974,0.0492034017207935,0.0069361307356195,-0.0048644290646438,-0.0010271359907543,11,-17.0,8.65
0.0,1,15,11.163462744245098,0.0502537067511829,0.0075388165491071,-0.0048569975324833,-0.0008280920838987,11,-17.0,8.65
0.0,2,15,11.233037467400903,0.0528293309497188,0.0085464729383413,-0.0048481170010012,-0.0011112735816056,11,-17.0,8.65
0.0,3,15,10.275232624144792,0.0668846368200966,0.0068704531828735,-0.0048539192127372,-0.0010920389533992,11,-17.0,8.65
0.0,4,15,10.669860347339611,0.0536678950742857,0.0087409096612329,-0.0048533579833923,-0.0009295957031339,11,-17.0,8.65
0.0,5,15,9.980810454122889,0.062477446673328,0.0086325491234722,-0.0048365714386855,-0.0011679201065467,11,-17.0,8.65
0.0,6,15,10.692830440005418,0.0685491380200145,0.0063808679907857,-0.00484600603508,-0.0013243747624277,11,-17.0,8.65
0.0,7,15,10.54286148446096,0.065873834132844,0.0059220768779003,-0.0048443975947973,-0.0013102639695493,11,-17.0,8.65
0.0,8,15,11.230580715534543,0.0499803577971635,0.0090767276551911,-0.0048486493085858,-0.0008621155010231,11,-17.0,8.65
0.0,9,15,11.70787905275454,0.055158127514008,0.0070285116477391,-0.0048600009630825,-0.001051181073013,11,-17.0,8.65
0.0,10,15,10.932326199717233,0.0569798426349221,0.0070382208455917,-0.0048400786945246,-0.0007871692480144,11,-17.0,8.65
0.0,11,15,10.340133184199,0.0639526918353352,0.0068935179179136,-0.0048516666475471,-0.0012253773068529,11,-17.0,8.65
0.0,12,15,11.26673163174445,0.058802048195669,0.0068083308029261,-0.0048643993926326,-0.0012052147148711,11,-17.0,8.65
0.0,13,15,10.605267461898285,0.0589336697917345,0.0088575189928435,-0.0048516837649233,-0.0012262336445765,11,-17.0,8.65
0.0,14,15,11.77939400855223,0.062084822784807,0.0078545097775984,-0.0048712614879531,-0.0012484872860421,11,-17.0,8.65
0.0,15,15,10.516134147475158,0.0661589554501358,0.0081220571052995,-0.0048395811228099,-0.0008532545268525,11,-17.0,8.65
0.0,16,15,10.172928270634216,0.0675871341278796,0.0068835643527227,-0.0048283772070346,-0.0012119061577556,11,-17.0,8.65
0.0,17,15,10.364017497180829,0.0622868545346233,0.007429140156203,-0.0048117852869719,-0.0012102181086632,11,-17.0,8.65
0.0,18,15,10.240667513287969,0.0527988267390102,0.0070074178175243,-0.004849085096624,-0.0010736600591081,11,-17.0,8.65
0.0,19,15,10.91512215787355,0.0576648940888847,0.0098842227390938,-0.0048432847069887,-0.0010776829512696,11,-17.0,8.65
0.0,20,15,9.936842281542615,0.0758434425153578,0.0088993162272589,-0.0048223071440672,-0.0016469005297734,11,-17.0,8.65
0.0,21,15,10.172640183038183,0.062977933434705,0.0063485359581125,-0.0048315949963703,-0.0012525674527182,11,-17.0,8.65
0.0,22,15,10.283672601559829,0.0515249837468382,0.0068335704732622,-0.0048490620923845,-0.0011121765573233,11,-17.0,8.65
0.0,23,15,10.760308199281416,0.0589833385293249,0.0088417824773869,-0.0048520208563709,-0.0010977461259017,11,-17.0,8.65
0.0,24,15,11.195825645409334,0.0583654635802351,0.0072333794625739,-0.0048549550554722,-0.0010049510663131,11,-17.0,8.65
0.0,25,15,10.99788546272264,0.0458490694326983,0.0070720197624381,-0.004853418251303,-0.001134700797936,11,-17.0,8.65
0.0,26,15,11.02753450040186,0.045879123706433,0.007564817356943,-0.0048513304795363,-0.0007460550358725,11,-17.0,8.65
0.0,27,15,10.867186386858585,0.0739212608319714,0.0046891364692718,-0.0048686630459141,-0.0013183707295814,11,-17.0,8.65
0.0,28,15,10.276855152796283,0.0586167490997793,0.0065375852917249,-0.0048355002899063,-0.0010703570166102,11,-17.0,8.65
0.0,29,15,10.814671651145945,0.0524636457269581,0.0079043888200088,-0.0048359142667344,-0.0011645585268335,11,-17.0,8.65
0.0,30,15,11.190067091878666,0.0743928501819026,0.0063752981597933,-0.0048665005707551,-0.0011290511083027,11,-17.0,8.65
0.0,31,15,10.129405615828926,0.064097156188292,0.0083676254199226,-0.0048267976135603,-0.0010241971451682,11,-17.0,8.65
0.0,32,15,10.875105132684048,0.065551377216412,0.0084649802041213,-0.0048402767978757,-0.0011307288225553,11,-17.0,8.65
0.0,33,15,10.261457875575529,0.0642768815549978,0.007173569980366,-0.0048468577351585,-0.0009289891066033,11,-17.0,8.65
0.0,34,15,10.88479986255561,0.064879409749062,0.0056056058843309,-0.0048402891621334,-0.0013439741006394,11,-17.0,8.65
0.0,35,15,11.435473874173796,0.0688638054775819,0.0067238301717153,-0.0048559886883441,-0.0012702193789051,11,-17.0,8.65
0.0,36,15,10.418952479022678,0.0699399198493838,0.008360357089922,-0.0048386931588727,-0.0012727944838107,11,-17.0,8.65
0.0,37,15,10.611284962819155,0.0609107892171446,0.008332969697497,-0.0048549459764298,-0.0013115864723012,11,-17.0,8.65
0.0,38,15,10.648742033030487,0.0538684533366866,0.0086263189123522,-0.0048329021804057,-0.0012279450856451,11,-17.0,8.65
0.0,39,15,10.995909367756305,0.0604517248314968,0.0095493293839533,-0.0048425555201079,-0.0009789825591691,11,-17.0,8.65
0.0,40,15,11.854417005399124,0.0690255713419747,0.0050803892328304,-0.0048753714138987,-0.0012336918032391,11,-17.0,8.65
0.0,41,15,11.01070875924716,0.0618515372749755,0.0074609182787176,-0.0048403542555554,-0.0010508933604926,11,-17.0,8.65
0.0,42,15,11.19801143227286,0.0597459826520364,0.0070592829819491,-0.0048731392479347,-0.001003461713329,11,-17.0,8.65
0.0,43,15,10.33791947780441,0.0715237390446288,0.0082203621834381,-0.0048367500608726,-0.0013502910843463,11,-17.0,8.65
0.0,44,15,10.60959018178022,0.0527650260333898,0.0094339074798692,-0.0048441426172864,-0.001279662226524,11,-17.0,8.65
0.0,45,15,11.242099136994558,0.0510954123034007,0.0080399832260404,-0.0048646209987582,-0.0010438734356271,11,-17.0,8.65
0.0,46,15,10.643531343076347,0.0561968517533859,0.0056952257499955,-0.0048325633899728,-0.0010300548764905,11,-17.0,8.65
0.0,47,15,11.02601987320084,0.0587528396665367,0.0100096613157699,-0.0048497764823718,-0.0012493214535743,11,-17.0,8.65
0.0,48,15,11.642889987530994,0.0613418826408872,0.0069405634004072,-0.0048741106624872,-0.0010771903702656,11,-17.0,8.65
0.0,49,15,10.686725944529089,0.0687256486688451,0.0062891643718183,-0.0048511153832396,-0.0011540151658424,11,-17.0,8.65
0.25,0,15,8.597003240791253,0.0767706241935684,0.0058468679649304,-0.0047550341129547,-0.0012836982191397,11,-17.0,8.65
0.25,1,15,8.958148080333777,0.0761045874887782,0.0079596156774157,-0.0047957491151239,-0.0011068354822151,11,-17.0,8.65
0.25,2,15,9.409783099556282,0.065114554344314,0.0069858692889128,-0.0048045596988821,-0.0010916494880982,11,-17.0,8.65
0.25,3,15,9.351274038852653,0.0812651546383216,0.0072184846880775,-0.0047693488697403,-0.0014028962926512,11,-17.0,8.65
0.25,4,15,10.260229458605016,0.0572357323000902,0.0106893910471723,-0.0048286981873866,-0.0009103098028053,11,-17.0,8.65
0.25,5,15,10.047190523184415,0.0713583718860251,0.0102951017002917,-0.0048146869572591,-0.0011055259925804,11,-17.0,8.65
0.25,6,15,10.474919926241803,0.0618276253201813,0.0101253715731569,-0.0048343884559543,-0.001150422348905,11,-17.0,8.65
0.25,7,15,9.722033323694845,0.0621297743198746,0.0083497009117288,-0.0048254415476628,-0.0011037184761054,11,-17.0,8.65
0.25,8,15,9.234773120140863,0.0830672666073774,0.0071066627858524,-0.0048154342399064,-0.0011139330249486,11,-17.0,8.65
0.25,9,15,9.04167654573676,0.0820716324807621,0.0086630325046574,-0.0047801685605004,-0.0013456325217427,11,-17.0,8.65
0.25,10,15,9.899000428435656,0.0755740702227709,0.010207115884074,-0.0048244419223794,-0.0012449550362194,11,-17.0,8.65
0.25,11,15,9.21614308136277,0.0891710156800184,0.0096271421306746,-0.0047922379178907,-0.0013996470024838,11,-17.0,8.65
0.25,12,15,9.637818278128712,0.0669721976387738,0.0072157161681169,-0.0047877064463251,-0.0010440937511811,11,-17.0,8.65
0.25,13,15,9.729618050735487,0.0727341560402454,0.0094638050146782,-0.0048119706153293,-0.0011683736665741,11,-17.0,8.65
0.25,14,15,9.226150209642732,0.0785469130537267,0.0065699565543231,-0.0047912125984464,-0.0011906135595803,11,-17.0,8.65
0.25,15,15,10.305930778028973,0.0675567773721499,0.0111128712596755,-0.0048061387188689,-0.0008893362782064,11,-17.0,8.65
0.25,16,15,9.498214765495408,0.0764617823434739,0.0067488511584373,-0.0048182651673798,-0.0011439677355289,11,-17.0,8.65
0.25,17,15,8.931356120405963,0.083161295401446,0.0072809872048933,-0.0047826950885426,-0.0013879925044474,11,-17.0,8.65
0.25,18,15,9.4410383766736,0.0906265253233591,0.0064146384490371,-0.0048044983834553,-0.0014924210911852,11,-17.0,8.65
0.25,19,15,10.672187361664792,0.0584206516869511,0.0089369955571517,-0.0048564549150105,-0.0009887352787536,11,-17.0,8.65
0.25,20,15,10.328168794058248,0.0743352154932647,0.0104922295951959,-0.0048379022264873,-0.0012048245330005,11,-17.0,8.65
0.25,21,15,8.825968200359863,0.0856763498974765,0.0063033258068321,-0.0047602314146219,-0.0011523823111808,11,-17.0,8.65
0.25,22,15,9.512247520078104,0.0746928695318746,0.0047180348860742,-0.0047984962938464,-0.0011026409261968,11,-17.0,8.65
0.25,23,15,10.450404682939016,0.0566503486485375,0.008128377710472,-0.0048408335024206,-0.0010722957325395,11,-17.0,8.65
0.25,24,15,10.018311428235776,0.0628623824903096,0.0099567565614938,-0.0048127324075264,-0.0009929709649882,11,-17.0,8.65
0.25,25,15,9.5973135488315,0.0754315578315228,0.0085519449470499,-0.0048133168220314,-0.0013621484376965,11,-17.0,8.65
0.25,26,15,9.766127963741424,0.0625092212799557,0.0077414712084589,-0.004803690764315,-0.0006910342024948,11,-17.0,8.65
0.25,27,15,9.470357571315606,0.0786222607629883,0.0078689587026823,-0.0047993457093712,-0.001376807897853,11,-17.0,8.65
0.25,28,15,10.187945890020949,0.0470858348093143,0.0088143651726535,-0.0048345979001452,-0.000931382627012,11,-17.0,8.65
0.25,29,15,9.31539157934969,0.0947792482581889,0.0089459025272004,-0.004777966660443,-0.0015605473059252,11,-17.0,8.65
0.25,30,15,9.899513194270575,0.0763754933379923,0.0086607456949539,-0.004814097388878,-0.0013188995365576,11,-17.0,8.65
0.25,31,15,8.86528598250919,0.0866052737982024,0.008389737563287,-0.0047679698981102,-0.0012216414498687,11,-17.0,8.65
0.25,32,15,9.391228446749144,0.0745659636426294,0.0079728254246089,-0.0047875853735297,-0.0012332938478318,11,-17.0,8.65
0.25,33,15,9.849023041927635,0.0665628794936246,0.0088578320075104,-0.0048073425169755,-0.0009222836333513,11,-17.0,8.65
0.25,34,15,8.574558263003686,0.0660670232190622,0.0052889383445611,-0.0048068357232865,-0.0010490070102385,11,-17.0,8.65
0.25,35,15,9.122734978178832,0.0707023868012711,0.0062593308811347,-0.0048255107163112,-0.000945617529895,11,-17.0,8.65
0.25,36,15,8.982608149589296,0.0739669689436522,0.0070770759892304,-0.0047894382724494,-0.001180742820053,11,-17.0,8.65
0.25,37,15,9.485313805271694,0.0716419458437457,0.0066271455237731,-0.0047757340920526,-0.001178550234492,11,-17.0,8.65
0.25,38,15,9.82604968936128,0.0676576412895892,0.0107981142223359,-0.0048060216020345,-0.0009362245202377,11,-17.0,8.65
0.25,39,15,7.913404208789707,0.1007990530546564,0.0039725042588855,-0.0047293191854427,-0.001609377590207,11,-17.0,8.65
0.25,40,15,9.534571342616658,0.076008976730774,0.0080795805868506,-0.0047956159113402,-0.0012470061225571,11,-17.0,8.65
0.25,41,15,8.40776476405906,0.0911770296620032,0.0047865021488067,-0.0048010503705647,-0.0013038394676723,11,-17.0,8.65
0.25,42,15,10.023055377392678,0.0731937332856274,0.0081846423205325,-0.0048134930628443,-0.0012526878229157,11,-17.0,8.65
0.25,43,15,9.416455031721108,0.0772158673323678,0.008543670273459,-0.004811813778657,-0.001097757110315,11,-17.0,8.65
0.25,44,15,8.313185348284465,0.093708946707138,0.0038588642021892,-0.0047692366847445,-0.0013007587725747,11,-17.0,8.65
0.25,45,15,8.595486180794992,0.0951269086480729,0.0062008632930308,-0.0047966334018162,-0.0011169393447645,11,-17.0,8.65
0.25,46,15,9.18015892559963,0.0849341403423597,0.0077919206465974,-0.0048031969239002,-0.0014225033605048,11,-17.0,8.65
0.25,47,15,9.432219772303318,0.0775282459746662,0.0084113937049125,-0.0048077564375595,-0.0010013214205895,11,-17.0,8.65
0.25,48,15,9.57044588737793,0.077245900666941,0.0086023632319848,-0.0048035139868537,-0.0012381541193206,11,-17.0,8.65
0.25,49,15,9.405805891671054,0.0694491472398769,0.0077915669955659,-0.0048070608986251,-0.0010967009445499,11,-17.0,8.65
0.5,0,15,8.844074412046274,0.076554110353518,0.0133969630580155,-0.0047812222223666,-0.0015379074692049,11,-17.0,8.65
0.5,1,15,8.607170106302428,0.0924875934792211,0.011889680811884,-0.0047675891945595,-0.0011753938338906,11,-17.0,8.65
0.5,2,15,9.69689586132433,0.064074610859344,0.0160958367096897,-0.0048138625625987,-0.001109420027252,11,-17.0,8.65
0.5,3,15,9.18714939081076,0.0827183960036303,0.0112027309903852,-0.0047798388472548,-0.0014272052315921,11,-17.0,8.65
0.5,4,15,8.866761606216478,0.0801100720111859,0.012262350494205,-0.0047735330675633,-0.0011879805774219,11,-17.0,8.65
0.5,5,15,8.688873638847967,0.0844148507122663,0.0142714713055839,-0.0047672318837732,-0.0011054439889994,11,-17.0,8.65
0.5,6,15,8.405714454736831,0.0942093625545119,0.0117447745518026,-0.0047794154932264,-0.0017106196939299,11,-17.0,8.65
0.5,7,15,9.10934372833573,0.0886730137512543,0.0123687389908865,-0.0048029440927712,-0.0013274356105399,11,-17.0,8.65
0.5,8,15,9.700616577609734,0.0732351324471466,0.0115107856635038,-0.004807169138221,-0.0011794126842152,11,-17.0,8.65
0.5,9,15,8.979122161745183,0.0839554101070536,0.0130247451624513,-0.0047690553578784,-0.0013778814262168,11,-17.0,8.65
0.5,10,15,9.148480774002543,0.0916904210052411,0.0140971830473707,-0.004774355285654,-0.0013477453195491,11,-17.0,8.65
0.5,11,15,8.079564015890819,0.1134880130710784,0.0091756316822075,-0.0046820086386002,-0.0015612492662786,11,-17.0,8.65
0.5,12,15,9.341649465833443,0.0762189439085808,0.0140715800878328,-0.0047724834985088,-0.0014343079349678,11,-17.0,8.65
0.5,13,15,7.995802158941736,0.089883931869685,0.0087913113291146,-0.0047832505425851,-0.0014716314521595,11,-17.0,8.65
0.5,14,15,8.90231572468592,0.0920851094435654,0.0125400681475382,-0.0047685141887489,-0.001242987698748,11,-17.0,8.65
0.5,15,15,8.099660406647393,0.1053504577958977,0.0104786629466665,-0.0047571580729519,-0.0011939836034395,11,-17.0,8.65
0.5,16,15,9.235165182913242,0.0731734901135119,0.0118287724215201,-0.0048116609964862,-0.0013696943362715,11,-17.0,8.65
0.5,17,15,9.18118256463843,0.0820401425836385,0.0094773807475342,-0.0047933336120221,-0.0013840529240974,11,-17.0,8.65
0.5,18,15,8.494406608050735,0.0918711632827659,0.0088701737110642,-0.0047584874778515,-0.0013147887809341,11,-17.0,8.65
0.5,19,15,8.662445542861189,0.0851629168687635,0.0095870833700888,-0.0047400718477161,-0.0012836442966185,11,-17.0,8.65
0.5,20,15,8.701740539941081,0.096747420834592,0.0105830749130258,-0.004758489610341,-0.0015265849695944,11,-17.0,8.65
0.5,21,15,9.134443586645553,0.0730566120635883,0.0118168576455743,-0.004767089730815,-0.0009603794744402,11,-17.0,8.65
0.5,22,15,7.920064969021159,0.1038996806185545,0.0087141127840848,-0.0047455263597739,-0.0013696854517432,11,-17.0,8.65
0.5,23,15,8.798220460049361,0.0904452218119852,0.0096290852822213,-0.0047796530506018,-0.0016233837849852,11,-17.0,8.65
0.5,24,15,9.109105771199996,0.0823771367476399,0.0123153438555024,-0.0047809191125099,-0.0013778251296002,11,-17.0,8.65
0.5,25,15,8.614878178440167,0.0992385041600551,0.0127554204498032,-0.0047777973573981,-0.0012863249812104,11,-17.0,8.65
0.5,26,15,9.001142077116878,0.0758892731626337,0.0113467321836922,-0.0047649948122343,-0.0011330452087421,11,-17.0,8.65
0.5,27,15,8.379880771373854,0.0991138564059775,0.0095030324420442,-0.0047643156396295,-0.0013510053909222,11,-17.0,8.65
0.5,28,15,9.034011057135324,0.0808632906379222,0.0106320373774242,-0.0047603926919753,-0.0012630515606823,11,-17.0,8.65
0.5,29,15,7.893395660249828,0.1064586106360745,0.0076225051781455,-0.0047423900943376,-0.0015348640967848,11,-17.0,8.65
0.5,30,15,7.827115957191529,0.1127424029502323,0.0070361378259223,-0.0047207243892277,-0.0013213667111953,11,-17.0,8.65
0.5,31,15,7.43383690478089,0.1176162143923333,0.0056647347449414,-0.0047209474641384,-0.0014104550347734,11,-17.0,8.65
0.5,32,15,8.38600039110447,0.1013442555627785,0.009445303917945,-0.0047629926868837,-0.0014414209303899,11,-17.0,8.65
0.5,33,15,9.31060639128255,0.0903717913318633,0.0129916384592549,-0.0047806401825374,-0.0012093207609975,11,-17.0,8.65
0.5,34,15,9.102973853369283,0.0785089805364945,0.0111142702618439,-0.0047709585588596,-0.0011636041836939,11,-17.0,8.65
0.5,35,15,9.438585905745034,0.0869917957826153,0.0132358641898431,-0.0047875808968044,-0.0013454546896528,11,-17.0,8.65
0.5,36,15,9.247253046986255,0.0817033297887623,0.0109693999391544,-0.0047926467737305,-0.0012389988689373,11,-17.0,8.65
0.5,37,15,8.750946204084935,0.0777539701218145,0.0103689858977565,-0.0047844359272924,-0.0012325474949807,11,-17.0,8.65
0.5,38,15,7.704573867020304,0.1035805918539337,0.0075927550458874,-0.0047577576735069,-0.0012677456891801,11,-17.0,8.65
0.5,39,15,8.610950220691002,0.0804414523117132,0.0100292030925979,-0.004788741591385,-0.0015751102425758,11,-17.0,8.65
0.5,40,15,8.491078647585368,0.0979821647005287,0.0112110856392583,-0.0047745365093109,-0.0015835857151159,11,-17.0,8.65
0.5,41,15,8.848950924840992,0.0815821082406884,0.0124118561546256,-0.0047951275248321,-0.0010042506352091,11,-17.0,8.65
0.5,42,15,7.458590144807333,0.1106167509081712,0.0049949359221004,-0.0047595826128061,-0.0012199288892204,11,-17.0,8.65
0.5,43,15,8.860881750496072,0.0961124790661831,0.0125241826665683,-0.0047726793111622,-0.0013717148548933,11,-17.0,8.65
0.5,44,15,8.4818224467483,0.1031043337682985,0.006880577899916,-0.0047247024230633,-0.0013772286165059,11,-17.0,8.65
0.5,45,15,9.170712190846787,0.0811025473181117,0.0102257392873317,-0.0047911224741237,-0.0010205219365003,11,-17.0,8.65
0.5,46,15,8.592804223251084,0.1034916306375384,0.0120716769072934,-0.0047760050960191,-0.0015652776238279,11,-17.0,8.65
0.5,47,15,8.522572630526433,0.089658899837567,0.0127062290422504,-0.0047704581604512,-0.0012550549353356,11,-17.0,8.65
0.5,48,15,9.301047591368516,0.0807950994438655,0.0114484341191414,-0.0047759015785669,-0.0012432427364796,11,-17.0,8.65
0.5,49,15,8.940965021374154,0.0851607951599629,0.0141084432272917,-0.004790032515875,-0.0011571163326764,11,-17.0,8.65
0.75,0,15,7.71843578369311,0.1083420133361807,0.0103670847680643,-0.0047535181081543,-0.0016425187807939,11,-17.0,8.65
0.75,1,15,8.627182379157668,0.0993694246528306,0.0159115292623945,-0.0047745916976774,-0.0015791971897675,11,-17.0,8.65
0.75,2,15,8.544372515667428,0.0962328664458146,0.0163560765983662,-0.0047790212207227,-0.0017177839990089,11,-17.0,8.65
0.75,3,15,8.590532130734752,0.0922546267111419,0.014126822519892,-0.0047644608533886,-0.0015304250581937,11,-17.0,8.65
0.75,4,15,8.46092681012685,0.0856601094972057,0.0190659713873251,-0.0047971590854846,-0.0016259086169478,11,-17.0,8.65
0.75,5,15,7.703000704751463,0.1154748072442307,0.0141386552022276,-0.0047382191511129,-0.0015444525612747,11,-17.0,8.65
0.75,6,15,8.013518590703322,0.1085711819990194,0.0152513010607672,-0.0047445669305245,-0.0020280333153783,11,-17.0,8.65
0.75,7,15,8.079496781867011,0.1015981198608305,0.0146466351707116,-0.0047537993127703,-0.0014483461691375,11,-17.0,8.65
0.75,8,15,8.269263888737333,0.1005441588597944,0.0148030551466418,-0.0047546527040163,-0.0015483165767752,11,-17.0,8.65
0.75,9,15,8.00900988025341,0.1022597779958904,0.015940922366722,-0.0047607107625512,-0.001564451330462,11,-17.0,8.65
0.75,10,15,8.85198528287429,0.1085686454475799,0.0192506058022026,-0.0047909224376662,-0.001811996187943,11,-17.0,8.65
0.75,11,15,8.697326469726926,0.108895315854071,0.0170068837091491,-0.0047663247430356,-0.0018361650553428,11,-17.0,8.65
0.75,12,15,8.581453796536517,0.0918941962021097,0.0169508889377388,-0.00478056949724,-0.0015384205972768,11,-17.0,8.65
0.75,13,15,7.907415639300234,0.113550876025211,0.0180953772792877,-0.0047695838179578,-0.0015076194665745,11,-17.0,8.65
0.75,14,15,8.202648619474653,0.110669706798232,0.0124302379510201,-0.0047735770655262,-0.0017523901832733,11,-17.0,8.65
0.75,15,15,8.858134138062198,0.1052251140136862,0.0213483222513149,-0.0047797364735421,-0.0016083301173393,11,-17.0,8.65
0.75,16,15,9.071412386147658,0.0926815945592409,0.0159638965983337,-0.0047672923548968,-0.0015946737442304,11,-17.0,8.65
0.75,17,15,9.245206452546675,0.1048987055382813,0.019834417585491,-0.0047756495656533,-0.0018270463210411,11,-17.0,8.65
0.75,18,15,9.355995871430313,0.0943976402407976,0.0185820815393186,-0.0048053601964039,-0.0017091629704637,11,-17.0,8.65
0.75,19,15,8.721919670228914,0.0836044390399631,0.0196940215784207,-0.0047894144673368,-0.0014881617896309,11,-17.0,8.65
0.75,20,15,8.499892718880023,0.107117147082238,0.017586036972678,-0.0047529242192446,-0.0016548011732409,11,-17.0,8.65
0.75,21,15,8.21036525480178,0.1039100124297077,0.0181268395489257,-0.004759150469909,-0.0014943204618142,11,-17.0,8.65
0.75,22,15,8.545996054369732,0.090496560342301,0.0147297854324844,-0.0047920101600228,-0.0013471812639807,11,-17.0,8.65
0.75,23,15,9.314196248596476,0.0792538317101202,0.0163017458988943,-0.0047669759637326,-0.0016916752917054,11,-17.0,8.65
0.75,24,15,7.98496221696425,0.1133313747681469,0.0146144403896058,-0.0047434492030142,-0.0015538722649751,11,-17.0,8.65
0.75,25,15,8.939163946209074,0.0826909810567716,0.018334082342631,-0.0047796330041731,-0.0014507066313762,11,-17.0,8.65
0.75,26,15,8.05191219780764,0.0936118047364638,0.0117470897596957,-0.0047466327444529,-0.0011975372199559,11,-17.0,8.65
0.75,27,15,9.071624725138868,0.0983440653580843,0.0182421102474227,-0.0047748423061626,-0.0015360998187346,11,-17.0,8.65
0.75,28,15,7.542437500643729,0.1119839631547546,0.0100670719108247,-0.0047508706942976,-0.0015482840282798,11,-17.0,8.65
0.75,29,15,8.300955924185695,0.1139387421106114,0.0123119977615911,-0.004701939241589,-0.001881399722333,11,-17.0,8.65
0.75,30,15,8.350322723181792,0.0949041612961696,0.0161146745204487,-0.004780386938321,-0.0013688491578562,11,-17.0,8.65
0.75,31,15,8.255839358679054,0.1008844576053032,0.0164633921682921,-0.004754594964179,-0.0014322089572603,11,-17.0,8.65
0.75,32,15,8.98144304985703,0.0983529973246093,0.0203592504713217,-0.0047680534050484,-0.001683716664796,11,-17.0,8.65
0.75,33,15,8.941067894001058,0.1011089284201992,0.0168924034321205,-0.0047399760755278,-0.0015444460643442,11,-17.0,8.65
0.75,34,15,8.417385966102202,0.0871123122220693,0.0145413533429219,-0.0047674891996766,-0.0011119474500016,11,-17.0,8.65
0.75,35,15,9.018308908306963,0.0856037960813897,0.0179158263728601,-0.004788510465749,-0.0012845928750611,11,-17.0,8.65
0.75,36,15,8.79706249446011,0.1041499423069081,0.0166892319590178,-0.0047536160415639,-0.0016322027521115,11,-17.0,8.65
0.75,37,15,8.947742962740426,0.0870564725377604,0.0173896756123617,-0.0047989982452768,-0.0013917171947546,11,-17.0,8.65
0.75,38,15,8.545930655875091,0.0943415254639633,0.0183651498347024,-0.0047617127057005,-0.0016540864610906,11,-17.0,8.65
0.75,39,15,8.09572043275152,0.1048948190282281,0.0155298216735527,-0.0047416156369756,-0.0019541258173687,11,-17.0,8.65
0.75,40,15,8.769816550875452,0.1002729634979572,0.0158448145876295,-0.00476084755878,-0.0017787073299877,11,-17.0,8.65
0.75,41,15,8.107470972058769,0.0994237342602196,0.0150934679729772,-0.0047696013688258,-0.0013749519169088,11,-17.0,8.65
0.75,42,15,9.26170925463298,0.0825510343983486,0.0204913940937934,-0.0047904674630062,-0.0015200325087993,11,-17.0,8.65
0.75,43,15,8.810685842737833,0.0919028822119878,0.0170172728224274,-0.0047807172742251,-0.0014215790957588,11,-17.0,8.65
0.75,44,15,7.870638555642881,0.0971324848107279,0.0127049181966998,-0.0047760664753009,-0.0013419799338399,11,-17.0,8.65
0.75,45,15,8.6995863416182,0.0978276270949931,0.0175596056435233,-0.0047853460410837,-0.0015929065344947,11,-17.0,8.65
0.75,46,15,8.191004426668743,0.0970205115243647,0.0155086199990695,-0.0047821960318116,-0.0012566123498311,11,-17.0,8.65
0.75,47,15,8.679106845614376,0.0960768427888491,0.0179517697058878,-0.0047860699175209,-0.0014098962669897,11,-17.0,8.65
0.75,48,15,8.967577268558994,0.0930888589469084,0.0153399536128744,-0.0047627067636622,-0.0018120921622006,11,-17.0,8.65
0.75,49,15,8.206966109053669,0.1004552934609883,0.014283978115787,-0.0047703218328496,-0.0014956676258613,11,-17.0,8.65
1.0,0,15,8.738662633620681,0.0866668809060661,0.0150319693769693,-0.0047752393648375,-0.0027633141794395,11,,10.74
1.0,1,15,8.945996533670668,0.0893866256745455,0.020126069397855,-0.0047834647388185,-0.0027912107532649,11,,10.74
1.0,2,15,8.496086494419124,0.1164810556236086,0.0143064148150489,-0.004717123717384,-0.0032857762100758,11,,10.74
1.0,3,15,9.352420156882724,0.1046201759094156,0.0249654626341331,-0.00479258666913,-0.00339392875084,11,,10.74
1.0,4,15,8.668876362861566,0.1006584019176646,0.0189166581039727,-0.004761674432393,-0.0032093647198039,11,,10.74
1.0,5,15,8.394188329848445,0.1144142806242037,0.0184381181802597,-0.0047334328682835,-0.0033148868876082,11,,10.74
1.0,6,15,8.215389524412826,0.1082576633435536,0.0168304513897366,-0.0047457273693909,-0.0032186522367214,11,,10.74
1.0,7,15,9.667082301713858,0.0815749035368131,0.0227090353621871,-0.0048052200615198,-0.0030204265935562,11,,10.74
1.0,8,15,8.328660186458757,0.1123705767280355,0.0172535853646747,-0.0047364060241334,-0.0028807000281257,11,,10.74
1.0,9,15,8.291619438699414,0.1068886238500282,0.0180274107125849,-0.0047494672042629,-0.0029064080834617,11,,10.74
1.0,10,15,8.475678916435344,0.1046009180222254,0.016914719385017,-0.0047638753490147,-0.0029639725033446,11,,10.74
1.0,11,15,8.017353480734936,0.1150165406964868,0.0166807637604124,-0.0047315193702232,-0.0028262361980932,11,,10.74
1.0,12,15,8.418182879019259,0.1134012919814714,0.0214099896426714,-0.004717981909433,-0.0032890062811195,11,,10.74
1.0,13,15,6.840623461453752,0.1459451570757332,0.0098955880760231,-0.0046811650418707,-0.0025986789376148,11,,10.74
1.0,14,15,8.016675814436207,0.103393342601064,0.0169427007734554,-0.0047574336962075,-0.0025137233501918,11,,10.74
1.0,15,15,8.740790838543713,0.1077347995971897,0.0163039110929574,-0.004761378102838,-0.0030189490151712,11,,10.74
1.0,16,15,8.304158385093729,0.1171525254548383,0.0197114894749719,-0.0047518060987555,-0.0034828809556345,11,,10.74
1.0,17,15,8.892781751415693,0.1093255417405672,0.0203350271570725,-0.0047493793801312,-0.0033358230722081,11,,10.74
1.0,18,15,7.680435897244551,0.12583324620367,0.0148840687096968,-0.0047315414094388,-0.0027780955974022,11,,10.74
1.0,19,15,8.566180122175004,0.10031324279463,0.0208922557534615,-0.0047243253294871,-0.0032360399747482,11,,10.74
1.0,20,15,8.744533848431429,0.1038294106799037,0.0213511475144875,-0.004759538315598,-0.0033037130169196,11,,10.74
1.0,21,15,9.433086400785694,0.0914460134867173,0.0231784235013913,-0.0047880441754554,-0.0033492629945415,11,,10.74
1.0,22,15,7.497219222229771,0.1220943256860196,0.0141343469342396,-0.0047041217876996,-0.0023935553980468,11,,10.74
1.0,23,15,8.598617784635985,0.0928663126476636,0.021272990549541,-0.0047594496270191,-0.0032687044201267,11,,10.74
1.0,24,15,8.624391042303678,0.0977092232379758,0.0215086979843721,-0.004762604927069,-0.0031098774775883,11,,10.74
1.0,25,15,8.017402248650715,0.1032854250672574,0.0176492678764749,-0.0047441308185875,-0.0030231560557268,11,,10.74
1.0,26,15,8.805960465992436,0.0926300885302345,0.0182163816813733,-0.0047647365704264,-0.0029248841761078,11,,10.74
1.0,27,15,8.053751711593838,0.1070730260516471,0.0168195231738954,-0.0047524862872439,-0.0029423435921178,11,,10.74
1.0,28,15,9.682984858108766,0.0915512613816489,0.0226208471775686,-0.0048088294418675,-0.0034493915942709,11,,10.74
1.0,29,15,8.016688446791024,0.1022816946031042,0.0172508494226478,-0.0047500305101136,-0.002725970469766,11,,10.74
1.0,30,15,7.757061939649008,0.1245146635190652,0.0152005214128095,-0.0047369435190751,-0.0025734224766962,11,,10.74
1.0,31,15,7.872748337383473,0.1232467427851035,0.0187859338520386,-0.0047347301976329,-0.0029503372099065,11,,10.74
1.0,32,15,8.906010766658895,0.0923316672462723,0.0222962303737735,-0.0047774001306319,-0.0031412209821889,11,,10.74
1.0,33,15,6.870042931194169,0.1390788467572533,0.0104058030304629,-0.004686208635238,-0.001794492605035,11,,10.74
1.0,34,15,8.515153315518248,0.0956253426379438,0.0187020243026995,-0.0047592150868523,-0.002861369001332,11,,10.74
1.0,35,15,8.791347752116783,0.0950798250326622,0.0162303145570323,-0.0047858819152266,-0.0027182048662036,11,,10.74
1.0,36,15,7.84778635615643,0.1276172567723378,0.0155162678918658,-0.004728405488776,-0.0030698381804489,11,,10.74
1.0,37,15,8.455397229787346,0.0972778827746073,0.0186514143925921,-0.0047344060332467,-0.0027909140452759,11,,10.74
1.0,38,15,8.91471712561068,0.0935159534297025,0.0216502312549418,-0.0047598424743733,-0.0030109631593231,11,,10.74
1.0,39,15,8.57022993208838,0.1025653851582475,0.0189950295825242,-0.0047743811669163,-0.0030100253492679,11,,10.74
1.0,40,15,8.473364536854046,0.1012611280931354,0.0174015316616426,-0.0047604794443684,-0.00297358471581,11,,10.74
1.0,41,15,9.021028843515836,0.0930587004826384,0.022703667502425,-0.0047637711435785,-0.0031110065232448,11,,10.74
1.0,42,15,8.681692837083126,0.0843993926987861,0.0180956670604695,-0.0047854280189439,-0.0026640439453348,11,,10.74
1.0,43,15,7.131536840640258,0.1337775173434664,0.0114615647811379,-0.0046976118029247,-0.002906613965145,11,,10.74
1.0,44,15,8.709646831075112,0.1069391179587201,0.0160490555131384,-0.0047719189402786,-0.0031984866369896,11,,10.74
1.0,45,15,8.751115583022829,0.0974256958314663,0.0221595339236157,-0.0047641186603667,-0.0035086757281363,11,,10.74
1.0,46,15,7.389654602628889,0.1181431970409407,0.0140340665426026,-0.0047026312788915,-0.0024323559257675,11,,10.74
1.0,47,15,8.64137769756786,0.1097582959362578,0.0207416170985711,-0.0047401901516871,-0.0031742566500269,11,,10.74
1.0,48,15,8.577522113190325,0.1137659051265871,0.0191087547344138,-0.00472808150023,-0.0028894416209636,11,,10.74
1.0,49,15,8.966191726227294,0.096375521858507,0.0212575340777815,-0.0047723757027638,-0.0034198942794392,11,,10.74
0.0,0,15,12.159018472819657,0.0846142966848216,0.0057171268965257,-0.0048424604063997,-0.0015906936390795,12,-22.0,7.18
0.0,1,15,11.806485859998991,0.066432595781651,0.0081415391102534,-0.0048406239851628,-0.0012813782665168,12,-22.0,7.18
0.0,2,15,11.37270520136642,0.086962793778848,0.0065509187178815,-0.0048131293835674,-0.0016922912939378,12,-22.0,7.18
0.0,3,15,11.86361333189148,0.0671094046626032,0.007309275757307,-0.0048440773253468,-0.0015840922400115,12,-22.0,7.18
0.0,4,15,11.936718889778795,0.0704377725877546,0.0101711815309865,-0.0048470130802108,-0.0015415656578273,12,-22.0,7.18
0.0,5,15,12.120583023376913,0.0694675219503545,0.0093529903495331,-0.0048358931164667,-0.0013792071420649,12,-22.0,7.18
0.0,6,15,12.220928330896266,0.06259831231677,0.0083533008062149,-0.0048317598014012,-0.0017411014881564,12,-22.0,7.18
0.0,7,15,12.652026291619109,0.0728050107655552,0.0055490596579482,-0.0048611405170463,-0.0012745061640295,12,-22.0,7.18
0.0,8,15,12.871196437921158,0.0746781153847043,0.0102924336146679,-0.0048454947081849,-0.0014837921475671,12,-22.0,7.18
0.0,9,15,12.465257399186042,0.0656529621065816,0.0099420425982038,-0.004826804012452,-0.0014385194464961,12,-22.0,7.18
0.0,10,15,12.24621552620608,0.0570986845648224,0.0094094896998076,-0.0048575528606796,-0.0011369931714364,12,-22.0,7.18
0.0,11,15,12.713535225204629,0.0714138098038598,0.010088275066939,-0.0048547876757134,-0.0016797424156362,12,-22.0,7.18
0.0,12,15,12.772079884991808,0.067127227191063,0.0086970646168888,-0.0048336319950512,-0.0013937889128445,12,-22.0,7.18
0.0,13,15,11.931565733072793,0.0673921708640734,0.011073936092496,-0.0048188202981874,-0.0016665568907934,12,-22.0,7.18
0.0,14,15,11.80281931195578,0.0640763396059947,0.0082939051818502,-0.0048226664307845,-0.0013097293137466,12,-22.0,7.18
0.0,15,15,12.414074891943867,0.0965479452450686,0.0053198647572886,-0.0048387175808661,-0.0013750269887139,12,-22.0,7.18
0.0,16,15,12.46865925265583,0.071086663502331,0.0102229932211364,-0.0048379054776848,-0.001735182990016,12,-22.0,7.18
0.0,17,15,12.112068874644663,0.0850656146726149,0.0064361499774391,-0.0048228462242986,-0.0015559268787286,12,-22.0,7.18
0.0,18,15,12.243097641417716,0.0723857827616353,0.0084302611985998,-0.0048350169597479,-0.0011670428348704,12,-22.0,7.18
0.0,19,15,11.83523662794807,0.0573331740937965,0.0079066536208366,-0.0048195125466589,-0.0014566696834657,12,-22.0,7.18
0.0,20,15,13.306510000131269,0.0745316565536469,0.0086712943322504,-0.0048612101465203,-0.0016763660021427,12,-22.0,7.18
0.0,21,15,12.278166030223996,0.0897189559192993,0.0041937582747169,-0.0048536997219242,-0.0016209770752844,12,-22.0,7.18
0.0,22,15,12.533642809007183,0.0578449475584542,0.0084991931942728,-0.0048460822398368,-0.0014794868372161,12,-22.0,7.18
0.0,23,15,12.542131353403736,0.0763070090591238,0.0065428610277495,-0.0048387696455899,-0.0014340962378312,12,-22.0,7.18
0.0,24,15,13.013564809762842,0.0637895792629706,0.0074254567776186,-0.0048368165944359,-0.0012891939874683,12,-22.0,7.18
0.0,25,15,12.2334601590033,0.0765281869047718,0.0084080324891064,-0.0048411387307504,-0.0018172638760878,12,-22.0,7.18
0.0,26,15,11.607885755320131,0.0728145263163871,0.0081654011903689,-0.0048085678506866,-0.0015403302369438,12,-22.0,7.18
0.0,27,15,11.771716129266371,0.0840905000494605,0.0087315711594894,-0.0048272700253648,-0.0017327907027096,12,-22.0,7.18
0.0,28,15,11.830580426435008,0.0717192243327612,0.0108684126622919,-0.004829943345379,-0.0016841379920758,12,-22.0,7.18
0.0,29,15,11.846678426566244,0.0820126855818683,0.0061310080354737,-0.0048263623869829,-0.0017105113240434,12,-22.0,7.18
0.0,30,15,12.31439182183394,0.076373525751046,0.0077017376112461,-0.0048391040744417,-0.0018063161581032,12,-22.0,7.18
0.0,31,15,12.87423212046176,0.0663684052583101,0.0059082661637124,-0.004857776070384,-0.0014317145522917,12,-22.0,7.18
0.0,32,15,11.429378799085685,0.0820880575176328,0.0086662886853524,-0.0048200041064698,-0.0017410338430259,12,-22.0,7.18
0.0,33,15,12.053053856861222,0.0737699488302905,0.0086821032038946,-0.0048254228184618,-0.0013690715102483,12,-22.0,7.18
0.0,34,15,12.594883115579146,0.0689198920175867,0.0066972425404754,-0.0048454775913183,-0.001183508859185,12,-22.0,7.18
0.0,35,15,12.21052341983954,0.0642904781955415,0.0079967116246959,-0.0048284133376334,-0.0015877061326317,12,-22.0,7.18
0.0,36,15,12.148369926134546,0.0798557634274271,0.0082640526542698,-0.0048410778248195,-0.0016479522350911,12,-22.0,7.18
0.0,37,15,11.412962004366102,0.0835885332871463,0.0065167306729747,-0.0048301222348143,-0.0019325493939253,12,-22.0,7.18
0.0,38,15,12.430288366643726,0.0874462596952602,0.0067730503800906,-0.0048391091085157,-0.0014708603895989,12,-22.0,7.18
0.0,39,15,12.425654236211098,0.0811742462738944,0.0074853904901615,-0.0048438855044476,-0.0015200093265508,12,-22.0,7.18
0.0,40,15,11.980228802953416,0.0709558478265558,0.0091198497864927,-0.0048382246021465,-0.0019129961913743,12,-22.0,7.18
0.0,41,15,11.745967879756604,0.0716201916886174,0.0077265461857763,-0.004821104556811,-0.0013797895257078,12,-22.0,7.18
0.0,42,15,12.450174133482774,0.0735604547281631,0.0072207103658391,-0.0048407161588294,-0.0013352115370747,12,-22.0,7.18
0.0,43,15,11.5860742977817,0.0758076649632366,0.0096076107953386,-0.0048468729180908,-0.0018499300288088,12,-22.0,7.18
0.0,44,15,12.722234948312234,0.062787993880158,0.0088436983309645,-0.00485279946195,-0.001553484064361,12,-22.0,7.18
0.0,45,15,12.245300596944766,0.0766729880854339,0.0083592532423473,-0.0048609514082666,-0.0014646334217108,12,-22.0,7.18
0.0,46,15,12.632013733968124,0.06466432526062,0.0063355862475102,-0.0048398417149279,-0.0012114282358125,12,-22.0,7.18
0.0,47,15,12.329152792405967,0.0742074955141188,0.0093078286440662,-0.0048517070859159,-0.0017298369496295,12,-22.0,7.18
0.0,48,15,12.784700722407996,0.0735306293624632,0.0066486092817598,-0.0048576076329694,-0.0013689960028649,12,-22.0,7.18
0.0,49,15,12.387750560935158,0.0890641761176085,0.0054145594377388,-0.0048471828064237,-0.0014735161149543,12,-22.0,7.18
0.25,0,15,10.209963460821818,0.0732293964767129,0.0098433704058579,-0.0048358523843354,-0.0011073204086907,12,-22.0,7.18
0.25,1,15,10.37593383266463,0.0675261886766113,0.0082455355988301,-0.0048215142932139,-0.0013465724873233,12,-22.0,7.18
0.25,2,15,11.039469806634616,0.0726964541310582,0.0090620785992135,-0.0048173960516318,-0.0013808041174687,12,-22.0,7.18
0.25,3,15,10.54370021962012,0.086489752337973,0.0095289144278205,-0.0048326534965357,-0.0014179486725613,12,-22.0,7.18
0.25,4,15,10.211349505936424,0.0754287039205244,0.0094124296921886,-0.0048122594689783,-0.0015693862348997,12,-22.0,7.18
0.25,5,15,11.508056716680754,0.0643277247887272,0.0103989065176072,-0.0048414583377705,-0.0012499957414132,12,-22.0,7.18
0.25,6,15,10.685622288774566,0.0721729340594056,0.009792937710219,-0.0048234878301556,-0.0016039201361105,12,-22.0,7.18
0.25,7,15,9.733603344285166,0.0756050066190668,0.0050840802956433,-0.0048028642633723,-0.0012870802839699,12,-22.0,7.18
0.25,8,15,10.940604731019342,0.0856511182837748,0.008742708895554,-0.004839218884006,-0.001522208226522,12,-22.0,7.18
0.25,9,15,9.855435188955578,0.0889627327426976,0.0074955545816048,-0.0048191210064896,-0.0013000810644373,12,-22.0,7.18
0.25,10,15,10.1776307824852,0.0981502207602228,0.0066758944978078,-0.0048052404708368,-0.0014814269250226,12,-22.0,7.18
0.25,11,15,10.046978830862887,0.0877748195786535,0.0082071988136737,-0.0048266222796481,-0.0014976541123006,12,-22.0,7.18
0.25,12,15,10.53387946219357,0.0760243137010231,0.0086605332060347,-0.0048275180404663,-0.001230643505043,12,-22.0,7.18
0.25,13,15,9.261238526506176,0.0992365982588818,0.0070875509842764,-0.0048032937830414,-0.0012766542455503,12,-22.0,7.18
0.25,14,15,8.759422346828265,0.1159550921778062,0.0039072241171093,-0.0047599295992922,-0.0016890400569666,12,-22.0,7.18
0.25,15,15,10.401971525080471,0.0939457349382381,0.0083860611746957,-0.004826882356013,-0.0013161328820058,12,-22.0,7.18
0.25,16,15,11.133246482242145,0.0724547692237389,0.0106735410142974,-0.0048369109254395,-0.0010506183495451,12,-22.0,7.18
0.25,17,15,11.197283107322974,0.0684435692307004,0.0106801215284438,-0.0048417583985655,-0.0011729263844107,12,-22.0,7.18
0.25,18,15,10.712756638855607,0.0765897353604112,0.0088850893298036,-0.0048178267739289,-0.0012785224528398,12,-22.0,7.18
0.25,19,15,10.633554135628392,0.0672033284815247,0.008606431033752,-0.0048313613365022,-0.0013301295168463,12,-22.0,7.18
0.25,20,15,9.781087700070229,0.0948508642026609,0.0086481904849383,-0.0048102381885319,-0.0014834196794848,12,-22.0,7.18
0.25,21,15,10.60787629836267,0.0703907661505727,0.008404209715828,-0.0048370121907834,-0.0010984961738463,12,-22.0,7.18
0.25,22,15,9.857328139146976,0.0921291674613767,0.0062333420864733,-0.0048087945079483,-0.0013500425666022,12,-22.0,7.18
0.25,23,15,11.932808305352792,0.0562992185597854,0.0105600003080995,-0.0048540922862944,-0.0012488773416331,12,-22.0,7.18
0.25,24,15,9.959986144740316,0.0887509008356036,0.0072627773981309,-0.0048202552193506,-0.001346585076108,12,-22.0,7.18
0.25,25,15,9.514951527969258,0.1021549234473142,0.0060078745207071,-0.0048009734601213,-0.0014440460297658,12,-22.0,7.18
0.25,26,15,10.58325517547305,0.0770705688662802,0.0078915846178201,-0.004837374024898,-0.0009675009523392,12,-22.0,7.18
0.25,27,15,11.095156771518864,0.0644018140474859,0.0095957021090124,-0.0048400902581296,-0.0009778186833823,12,-22.0,7.18
0.25,28,15,10.970913583448986,0.0633337598261716,0.008196597519225,-0.0048419123424038,-0.0011991209047088,12,-22.0,7.18
0.25,29,15,10.620999675584786,0.0772937793289453,0.0086977188886552,-0.0048238541342237,-0.0014243227392806,12,-22.0,7.18
0.25,30,15,9.956194712520936,0.0872775218699237,0.0065109513852457,-0.0048209879207984,-0.0012144860208023,12,-22.0,7.18
0.25,31,15,10.181418804628535,0.0849789592139351,0.0086491985306304,-0.0048184634377604,-0.0015881644801963,12,-22.0,7.18
0.25,32,15,10.700211072407964,0.0676480601528769,0.0101376250133941,-0.0048232527372898,-0.001163816799728,12,-22.0,7.18
0.25,33,15,10.155639647710029,0.0849976435243176,0.0092706920854962,-0.0048122267115317,-0.0013833256085679,12,-22.0,7.18
0.25,34,15,10.083245094197824,0.0742330529773989,0.0057620873220346,-0.0048155805943669,-0.0011015374501387,12,-22.0,7.18
0.25,35,15,10.062816370999792,0.0761377976211123,0.0065381169123863,-0.004823847433594,-0.0012048346576828,12,-22.0,7.18
0.25,36,15,10.216085027011522,0.0835739897163569,0.0078135173659625,-0.0048175028590614,-0.0012468385200262,12,-22.0,7.18
0.25,37,15,10.438734213818108,0.0693148179653193,0.0067852373232151,-0.0048355438960337,-0.0014974259540793,12,-22.0,7.18
0.25,38,15,10.76184322037176,0.0660825651961659,0.0119062515982787,-0.0048270480686638,-0.0013101368265828,12,-22.0,7.18
0.25,39,15,10.35254364641486,0.0755490528058216,0.0073548698895735,-0.004818146688093,-0.0012177350218424,12,-22.0,7.18
0.25,40,15,10.189127144559404,0.0843628280254305,0.0081715506020472,-0.004818962880272,-0.0013375685879628,12,-22.0,7.18
0.25,41,15,10.28555033674095,0.0821025547508282,0.0076312831721451,-0.0048272687291468,-0.0015213941643033,12,-22.0,7.18
0.25,42,15,10.580507594728369,0.0825363580394141,0.0075967975485202,-0.0048304242882532,-0.0014374121956999,12,-22.0,7.18
0.25,43,15,11.369127778571038,0.0752962527804843,0.0108278552465089,-0.004841953207591,-0.0013643283822841,12,-22.0,7.18
0.25,44,15,10.956024315478643,0.0618545240622882,0.0079539349692301,-0.0048422487903165,-0.0008290221608203,12,-22.0,7.18
0.25,45,15,9.425896238721602,0.1048071452206394,0.0063994026525635,-0.0047927640384828,-0.0015337479004721,12,-22.0,7.18
0.25,46,15,10.005880192906398,0.0819978351045229,0.0088157255568018,-0.0048296865135047,-0.0016109015389646,12,-22.0,7.18
0.25,47,15,10.584325219323446,0.0704351513434827,0.0092159512345666,-0.0048305793913063,-0.0013231129456446,12,-22.0,7.18
0.25,48,15,9.778704859532638,0.0948509015507616,0.0059773598427234,-0.0048024685842141,-0.0014140565716122,12,-22.0,7.18
0.25,49,15,10.143754820574513,0.0796662770346019,0.0100320011925316,-0.0048277353041946,-0.0016160841892033,12,-22.0,7.18
0.5,0,15,8.961903295328534,0.099059008921272,0.0111741963962807,-0.0047980061418558,-0.0016508389733732,12,-22.0,7.18
0.5,1,15,9.355813794262811,0.0906067847901574,0.0116578305572246,-0.004796683875985,-0.0013210896539323,12,-22.0,7.18
0.5,2,15,9.794536723457712,0.077154197643175,0.0123678604829936,-0.0048116804489627,-0.0012311063028134,12,-22.0,7.18
0.5,3,15,9.410372267278149,0.104009495446408,0.0105534104556256,-0.0047928441673314,-0.0016655119827238,12,-22.0,7.18
0.5,4,15,8.996283486057004,0.0938427365987277,0.0136261382605901,-0.0047862564276261,-0.0013816445355014,12,-22.0,7.18
0.5,5,15,9.570562350674948,0.0861681795418345,0.0138879384372777,-0.0048048374280889,-0.0013188155165028,12,-22.0,7.18
0.5,6,15,7.842492140257271,0.1191786830883197,0.0064530580063273,-0.0047393823080406,-0.0017422290012351,12,-22.0,7.18
0.5,7,15,8.750543925715329,0.0949073906654859,0.0085689452386331,-0.0047840313383589,-0.0013674986835075,12,-22.0,7.18
0.5,8,15,9.115141101065602,0.0933511314069825,0.0109456478410211,-0.0047951140565107,-0.0015391090523078,12,-22.0,7.18
0.5,9,15,9.143977315953345,0.0838599200412928,0.0141373746125883,-0.0047964528242558,-0.0014114511976251,12,-22.0,7.18
0.5,10,15,9.19506749889966,0.1117468880734728,0.0126107359201164,-0.0047990926719502,-0.001759403677085,12,-22.0,7.18
0.5,11,15,9.403412496707086,0.0906916165012941,0.0136175894929157,-0.0048069376624733,-0.0014058297418249,12,-22.0,7.18
0.5,12,15,9.414754533181345,0.0906204871393697,0.0109523434292156,-0.0047951328413825,-0.0015508827961578,12,-22.0,7.18
0.5,13,15,9.479453197774598,0.0737049512173703,0.0158632648233465,-0.0047947719002621,-0.0014514119458576,12,-22.0,7.18
0.5,14,15,9.038362528992488,0.0976423197894301,0.0096470817246624,-0.0047848664003,-0.001182063235085,12,-22.0,7.18
0.5,15,15,7.439907675709817,0.1312921911865412,0.0048799223880499,-0.0047084658632119,-0.0017210880992506,12,-22.0,7.18
0.5,16,15,9.00042465463388,0.0934400685202463,0.010735773898579,-0.0047824322987365,-0.0012124581254715,12,-22.0,7.18
0.5,17,15,9.54662039897676,0.0903162580311469,0.0112713782354097,-0.0048190582485652,-0.0014710039990669,12,-22.0,7.18
0.5,18,15,9.38915559233996,0.0876115839219441,0.0108811463234834,-0.0048049970859944,-0.0013702143647331,12,-22.0,7.18
0.5,19,15,8.822512347924963,0.0883167387818466,0.0107478334616255,-0.0047767406172182,-0.001350241965655,12,-22.0,7.18
0.5,20,15,9.067242895506542,0.1082614613292568,0.0096415774072105,-0.0047744382483729,-0.0015823932804349,12,-22.0,7.18
0.5,21,15,9.790818792248508,0.0795705159479908,0.0142022530507167,-0.0048129355920813,-0.0014242799269297,12,-22.0,7.18
0.5,22,15,9.56510393815426,0.0849443641777601,0.01448851079207,-0.004793930298722,-0.0012874167762037,12,-22.0,7.18
0.5,23,15,9.527003940503915,0.0885231001113153,0.0128723855832183,-0.0048145537746523,-0.0017143427308177,12,-22.0,7.18
0.5,24,15,9.07148204388297,0.0983520273865194,0.012477867902798,-0.004793464239219,-0.0016051831559343,12,-22.0,7.18
0.5,25,15,8.736338954622845,0.1086787461656939,0.0099465610710929,-0.004776565579197,-0.0015160190963612,12,-22.0,7.18
0.5,26,15,9.66940125577774,0.0760951891331977,0.0144243848847956,-0.0048084728006433,-0.0010029902395465,12,-22.0,7.18
0.5,27,15,9.806786299567657,0.0902774835537384,0.0128951085781315,-0.004808209832381,-0.001354497526255,12,-22.0,7.18
0.5,28,15,9.86528341722224,0.077242699420069,0.0117478692472762,-0.0048098343019475,-0.0014779191642387,12,-22.0,7.18
0.5,29,15,9.49308055917918,0.0899964143867598,0.0128180016272204,-0.0048035499397037,-0.00144696856883,12,-22.0,7.18
0.5,30,15,8.503240444146003,0.1111316346112905,0.0085510286243676,-0.0047600553102491,-0.0015904852688345,12,-22.0,7.18
0.5,31,15,8.413483037321134,0.1130899977017341,0.0104216258252256,-0.0047642028453259,-0.0015340996052295,12,-22.0,7.18
0.5,32,15,8.90786195985951,0.1020368267332031,0.0112143391442716,-0.0047973358584109,-0.0015050947038979,12,-22.0,7.18
0.5,33,15,8.60456079414192,0.1111978842445775,0.0101923279472324,-0.0047699064708964,-0.0015174955528774,12,-22.0,7.18
0.5,34,15,8.785733158435674,0.0921356857017433,0.0117153068586519,-0.0047850563028109,-0.0013123416541801,12,-22.0,7.18
0.5,35,15,9.478382624045286,0.1005937472921391,0.0126514082674267,-0.0047851215970512,-0.0011828941080481,12,-22.0,7.18
0.5,36,15,8.852109332545696,0.1039754360413097,0.0090257527157601,-0.0047833287180171,-0.0015653503945306,12,-22.0,7.18
0.5,37,15,9.41136854109845,0.0827679024811047,0.0114345207928231,-0.0047987678152187,-0.0017517235399349,12,-22.0,7.18
0.5,38,15,9.628077027773209,0.0860897297042876,0.01444758248284,-0.0048087698398582,-0.0012924625138317,12,-22.0,7.18
0.5,39,15,8.365877908517474,0.0978320043794303,0.0090034410029835,-0.004773818451732,-0.0016808934794196,12,-22.0,7.18
0.5,40,15,9.245552553747387,0.0975609121637867,0.0108104029588981,-0.0047818857226585,-0.0016766483624518,12,-22.0,7.18
0.5,41,15,8.55345541686387,0.1048575878914617,0.0091848056921678,-0.0047622054437923,-0.0011809174722003,12,-22.0,7.18
0.5,42,15,8.760473727069517,0.0977314463491997,0.0081404014150263,-0.0047902723407361,-0.0014243822645779,12,-22.0,7.18
0.5,43,15,8.900422653375406,0.0958423872204246,0.0101490397274711,-0.004783507396815,-0.0013769686565314,12,-22.0,7.18
0.5,44,15,9.615861445625445,0.0700363296392144,0.0131720373861647,-0.004821322515727,-0.0011682091538318,12,-22.0,7.18
0.5,45,15,9.29191665442881,0.1002582492929876,0.0115138446322087,-0.0047947205247475,-0.0014140688562319,12,-22.0,7.18
0.5,46,15,9.191648823457092,0.0959317143120976,0.0115276344902501,-0.0047852069585579,-0.0016710007844477,12,-22.0,7.18
0.5,47,15,8.69990250116038,0.0897143476443017,0.0123714032361411,-0.0047902902228062,-0.0012874580372561,12,-22.0,7.18
0.5,48,15,9.42014804201188,0.0970852248471996,0.0109657592275577,-0.0047934135572634,-0.0012593199735091,12,-22.0,7.18
0.5,49,15,9.43580248667475,0.0897586672771339,0.0117303217813754,-0.0047948368383541,-0.0011552684513847,12,-22.0,7.18
0.75,0,15,8.993376438513708,0.0865505587731697,0.0168872825993109,-0.0047793724589938,-0.0017169842232343,12,-22.0,7.18
0.75,1,15,8.824525954296712,0.0948269766466274,0.0176574967161684,-0.0047795494540923,-0.0016036982624835,12,-22.0,7.18
0.75,2,15,9.533629248539278,0.0847769745142456,0.0184909073670412,-0.004789572522945,-0.0019496156295856,12,-22.0,7.18
0.75,3,15,8.005340062578437,0.114013921419661,0.0143403874149391,-0.0047437171973331,-0.001714129755034,12,-22.0,7.18
0.75,4,15,9.202672812004623,0.0894437022488558,0.0169634370727356,-0.0047732801198571,-0.0017156133250609,12,-22.0,7.18
0.75,5,15,7.889396412617666,0.1125878146430113,0.0142158687807878,-0.00472227768419,-0.0016965438022173,12,-22.0,7.18
0.75,6,15,8.303733925240232,0.110093853616463,0.0159840212160441,-0.0047556151687582,-0.0017910646190949,12,-22.0,7.18
0.75,7,15,7.915336853353081,0.1108906883116638,0.0106595783327439,-0.0047415742993299,-0.0016927567551242,12,-22.0,7.18
0.75,8,15,8.573220930342668,0.0994343786080589,0.0146208176411293,-0.0047715595288524,-0.0017817449415239,12,-22.0,7.18
0.75,9,15,8.638763806131205,0.0918052161026247,0.0185978584298008,-0.0047741165420947,-0.0017773293171541,12,-22.0,7.18
0.75,10,15,8.485809856451617,0.1136231047112285,0.0171186961101323,-0.0047674386885238,-0.0020420418749385,12,-22.0,7.18
0.75,11,15,8.567361774354731,0.1125769031917767,0.0154268931721402,-0.0047798156755766,-0.0016573712023653,12,-22.0,7.18
0.75,12,15,9.247700082979568,0.0829050862718919,0.0178537420550095,-0.0047853081704957,-0.0016799770768974,12,-22.0,7.18
0.75,13,15,8.859211461917395,0.0903055149572696,0.0163927832538213,-0.0047884417174691,-0.0014274941296389,12,-22.0,7.18
0.75,14,15,9.402877304272767,0.0987753862940854,0.0168888142628766,-0.0048025273056163,-0.0018082080391108,12,-22.0,7.18
0.75,15,15,9.132816837768612,0.1014979468796416,0.0205661854108921,-0.0047857165713841,-0.0015830338260099,12,-22.0,7.18
0.75,16,15,8.880784101519282,0.1025349173829433,0.0190446091729963,-0.0047886365927323,-0.0016453917646812,12,-22.0,7.18
0.75,17,15,8.783099246695222,0.1170701065785249,0.0163804873777749,-0.0047726350275221,-0.0019991458508805,12,-22.0,7.18
0.75,18,15,9.106156480474674,0.0940077691805248,0.0157085175109256,-0.0047925588913158,-0.0017223009390651,12,-22.0,7.18
0.75,19,15,8.956323687656111,0.0898505004950448,0.0174191824691666,-0.0047793270869742,-0.0018107960089086,12,-22.0,7.18
0.75,20,15,9.218811470835472,0.0939218417967452,0.0187718890753241,-0.004787011384286,-0.0016384521752119,12,-22.0,7.18
0.75,21,15,8.572910365681395,0.0962906728540965,0.0180669480743904,-0.0047686574673232,-0.0017343930815364,12,-22.0,7.18
0.75,22,15,8.439269159637872,0.1007791391920376,0.0143721156017046,-0.0047690901856629,-0.0014219363533872,12,-22.0,7.18
0.75,23,15,8.858304057522266,0.0821737737518293,0.0138484503506567,-0.0047802568394169,-0.001729196930125,12,-22.0,7.18
0.75,24,15,8.31209592223063,0.1027890894861387,0.0188962752218831,-0.0047511240223807,-0.0019621816638544,12,-22.0,7.18
0.75,25,15,8.865189170839757,0.0950375543542531,0.019324700345066,-0.004778084408614,-0.0018082312402794,12,-22.0,7.18
0.75,26,15,9.31642799294166,0.0821669153886135,0.0187823138309471,-0.0047981091983004,-0.0014289388769806,12,-22.0,7.18
0.75,27,15,9.012627424569448,0.1038955268333401,0.0190354722476795,-0.0047624651334571,-0.0015860164406509,12,-22.0,7.18
0.75,28,15,8.456908973353451,0.0961718161002022,0.014057218113981,-0.0047762741819054,-0.0017270632364397,12,-22.0,7.18
0.75,29,15,8.991464334909184,0.0922107011444218,0.0175298731971079,-0.0047725255435104,-0.0018213137611259,12,-22.0,7.18
0.75,30,15,8.833285745883101,0.0971412775150679,0.0140682289696272,-0.0047765676353302,-0.0015060907601174,12,-22.0,7.18
0.75,31,15,8.85276568525888,0.0967298112827081,0.0173296576547441,-0.0047726783071761,-0.001627513551181,12,-22.0,7.18
0.75,32,15,8.620979426432415,0.1122634576763476,0.01664249274264,-0.0047775740317096,-0.001917486352053,12,-22.0,7.18
0.75,33,15,8.867990919400352,0.1037446337494015,0.017793764787268,-0.004762817052544,-0.001781939592964,12,-22.0,7.18
0.75,34,15,8.116713490739862,0.1206136757481236,0.0134405046699505,-0.0047346164919096,-0.0015170282421792,12,-22.0,7.18
0.75,35,15,8.12048436895315,0.1007751118951315,0.0127427841361514,-0.0047514374947529,-0.001509301502839,12,-22.0,7.18
0.75,36,15,9.344480138876513,0.0859105185438851,0.0180195059944093,-0.0047972394327594,-0.0018836604744067,12,-22.0,7.18
0.75,37,15,8.412361818116247,0.0964661225257968,0.0140884441616923,-0.0047781374025318,-0.0012855840523112,12,-22.0,7.18
0.75,38,15,9.46625847870129,0.082213600580486,0.0191011958531858,-0.0047902556273063,-0.0016198642053945,12,-22.0,7.18
0.75,39,15,8.821221842632324,0.0910459642958003,0.0189393787905997,-0.0047802166133905,-0.0018388114633953,12,-22.0,7.18
0.75,40,15,7.99896533699451,0.1185659847285381,0.0119474952149536,-0.004743931042638,-0.0017996961416583,12,-22.0,7.18
0.75,41,15,9.281152891958952,0.0846894945898989,0.0182778174149949,-0.0047857099596766,-0.0015987475797826,12,-22.0,7.18
0.75,42,15,9.226414886352607,0.0854622453059743,0.0169463212428942,-0.0047851719883496,-0.001710808211621,12,-22.0,7.18
0.75,43,15,8.557054566614788,0.0998921427766606,0.0178967387576224,-0.0047607141849015,-0.0017070456372612,12,-22.0,7.18
0.75,44,15,8.1340999898251,0.0966862599113346,0.0127044752200805,-0.0047741398459945,-0.0012774570246006,12,-22.0,7.18
0.75,45,15,8.786460246472663,0.1002836854856057,0.0155138770541852,-0.004784350418623,-0.0018349437500651,12,-22.0,7.18
0.75,46,15,8.099458997095036,0.0987719908708312,0.013574048323471,-0.0047489767669349,-0.0015868833630521,12,-22.0,7.18
0.75,47,15,8.941423090790558,0.0940508638433218,0.0174920281380238,-0.0047838426439549,-0.0016457123801256,12,-22.0,7.18
0.75,48,15,9.935556918749125,0.0957560977928121,0.0180432427160797,-0.0047967392826406,-0.0018502520009903,12,-22.0,7.18
0.75,49,15,9.637531564771264,0.091322046754575,0.0199493884784116,-0.0047962843328709,-0.0015637867861238,12,-22.0,7.18
1.0,0,15,8.738662633620681,0.0866668809060661,0.0150319693769693,-0.0047752393648375,-0.0027633141794395,12,,10.74
1.0,1,15,8.945996533670668,0.0893866256745455,0.020126069397855,-0.0047834647388185,-0.0027912107532649,12,,10.74
1.0,2,15,8.496086494419124,0.1164810556236086,0.0143064148150489,-0.004717123717384,-0.0032857762100758,12,,10.74
1.0,3,15,9.352420156882724,0.1046201759094156,0.0249654626341331,-0.00479258666913,-0.00339392875084,12,,10.74
1.0,4,15,8.668876362861566,0.1006584019176646,0.0189166581039727,-0.004761674432393,-0.0032093647198039,12,,10.74
1.0,5,15,8.394188329848445,0.1144142806242037,0.0184381181802597,-0.0047334328682835,-0.0033148868876082,12,,10.74
1.0,6,15,8.215389524412826,0.1082576633435536,0.0168304513897366,-0.0047457273693909,-0.0032186522367214,12,,10.74
1.0,7,15,9.667082301713858,0.0815749035368131,0.0227090353621871,-0.0048052200615198,-0.0030204265935562,12,,10.74
1.0,8,15,8.328660186458757,0.1123705767280355,0.0172535853646747,-0.0047364060241334,-0.0028807000281257,12,,10.74
1.0,9,15,8.291619438699414,0.1068886238500282,0.0180274107125849,-0.0047494672042629,-0.0029064080834617,12,,10.74
1.0,10,15,8.475678916435344,0.1046009180222254,0.016914719385017,-0.0047638753490147,-0.0029639725033446,12,,10.74
1.0,11,15,8.017353480734936,0.1150165406964868,0.0166807637604124,-0.0047315193702232,-0.0028262361980932,12,,10.74
1.0,12,15,8.418182879019259,0.1134012919814714,0.0214099896426714,-0.004717981909433,-0.0032890062811195,12,,10.74
1.0,13,15,6.840623461453752,0.1459451570757332,0.0098955880760231,-0.0046811650418707,-0.0025986789376148,12,,10.74
1.0,14,15,8.016675814436207,0.103393342601064,0.0169427007734554,-0.0047574336962075,-0.0025137233501918,12,,10.74
1.0,15,15,8.740790838543713,0.1077347995971897,0.0163039110929574,-0.004761378102838,-0.0030189490151712,12,,10.74
1.0,16,15,8.304158385093729,0.1171525254548383,0.0197114894749719,-0.0047518060987555,-0.0034828809556345,12,,10.74
1.0,17,15,8.892781751415693,0.1093255417405672,0.0203350271570725,-0.0047493793801312,-0.0033358230722081,12,,10.74
1.0,18,15,7.680435897244551,0.12583324620367,0.0148840687096968,-0.0047315414094388,-0.0027780955974022,12,,10.74
1.0,19,15,8.566180122175004,0.10031324279463,0.0208922557534615,-0.0047243253294871,-0.0032360399747482,12,,10.74
1.0,20,15,8.744533848431429,0.1038294106799037,0.0213511475144875,-0.004759538315598,-0.0033037130169196,12,,10.74
1.0,21,15,9.433086400785694,0.0914460134867173,0.0231784235013913,-0.0047880441754554,-0.0033492629945415,12,,10.74
1.0,22,15,7.497219222229771,0.1220943256860196,0.0141343469342396,-0.0047041217876996,-0.0023935553980468,12,,10.74
1.0,23,15,8.598617784635985,0.0928663126476636,0.021272990549541,-0.0047594496270191,-0.0032687044201267,12,,10.74
1.0,24,15,8.624391042303678,0.0977092232379758,0.0215086979843721,-0.004762604927069,-0.0031098774775883,12,,10.74
1.0,25,15,8.017402248650715,0.1032854250672574,0.0176492678764749,-0.0047441308185875,-0.0030231560557268,12,,10.74
1.0,26,15,8.805960465992436,0.0926300885302345,0.0182163816813733,-0.0047647365704264,-0.0029248841761078,12,,10.74
1.0,27,15,8.053751711593838,0.1070730260516471,0.0168195231738954,-0.0047524862872439,-0.0029423435921178,12,,10.74
1.0,28,15,9.682984858108766,0.0915512613816489,0.0226208471775686,-0.0048088294418675,-0.0034493915942709,12,,10.74
1.0,29,15,8.016688446791024,0.1022816946031042,0.0172508494226478,-0.0047500305101136,-0.002725970469766,12,,10.74
1.0,30,15,7.757061939649008,0.1245146635190652,0.0152005214128095,-0.0047369435190751,-0.0025734224766962,12,,10.74
1.0,31,15,7.872748337383473,0.1232467427851035,0.0187859338520386,-0.0047347301976329,-0.0029503372099065,12,,10.74
1.0,32,15,8.906010766658895,0.0923316672462723,0.0222962303737735,-0.0047774001306319,-0.0031412209821889,12,,10.74
1.0,33,15,6.870042931194169,0.1390788467572533,0.0104058030304629,-0.004686208635238,-0.001794492605035,12,,10.74
1.0,34,15,8.515153315518248,0.0956253426379438,0.0187020243026995,-0.0047592150868523,-0.002861369001332,12,,10.74
1.0,35,15,8.791347752116783,0.0950798250326622,0.0162303145570323,-0.0047858819152266,-0.0027182048662036,12,,10.74
1.0,36,15,7.84778635615643,0.1276172567723378,0.0155162678918658,-0.004728405488776,-0.0030698381804489,12,,10.74
1.0,37,15,8.455397229787346,0.0972778827746073,0.0186514143925921,-0.0047344060332467,-0.0027909140452759,12,,10.74
1.0,38,15,8.91471712561068,0.0935159534297025,0.0216502312549418,-0.0047598424743733,-0.0030109631593231,12,,10.74
1.0,39,15,8.57022993208838,0.1025653851582475,0.0189950295825242,-0.0047743811669163,-0.0030100253492679,12,,10.74
1.0,40,15,8.473364536854046,0.1012611280931354,0.0174015316616426,-0.0047604794443684,-0.00297358471581,12,,10.74
1.0,41,15,9.021028843515836,0.0930587004826384,0.022703667502425,-0.0047637711435785,-0.0031110065232448,12,,10.74
1.0,42,15,8.681692837083126,0.0843993926987861,0.0180956670604695,-0.0047854280189439,-0.0026640439453348,12,,10.74
1.0,43,15,7.131536840640258,0.1337775173434664,0.0114615647811379,-0.0046976118029247,-0.002906613965145,12,,10.74
1.0,44,15,8.709646831075112,0.1069391179587201,0.0160490555131384,-0.0047719189402786,-0.0031984866369896,12,,10.74
1.0,45,15,8.751115583022829,0.0974256958314663,0.0221595339236157,-0.0047641186603667,-0.0035086757281363,12,,10.74
1.0,46,15,7.389654602628889,0.1181431970409407,0.0140340665426026,-0.0047026312788915,-0.0024323559257675,12,,10.74
1.0,47,15,8.64137769756786,0.1097582959362578,0.0207416170985711,-0.0047401901516871,-0.0031742566500269,12,,10.74
1.0,48,15,8.577522113190325,0.1137659051265871,0.0191087547344138,-0.00472808150023,-0.0028894416209636,12,,10.74
1.0,49,15,8.966191726227294,0.096375521858507,0.0212575340777815,-0.0047723757027638,-0.0034198942794392,12,,10.74
