simulationID,dynamic,simulation,vrest,slope,pqif,seed,mean,std_pop,std_sample,num_zero_weights,num_non_zero_weights,frac_zero_weights
oscillations_1_0_0,oscillations,1,-8.5,14.44,0.0,0,0.0002666168382931073,0.42614066455420485,0.42615851375166414,28062,11938,0.70
oscillations_1_0_1,oscillations,1,-8.5,14.44,0.0,1,-0.00034919596372059547,0.4263641082718279,0.4263819683245438,28063,11937,0.70
oscillations_1_0_2,oscillations,1,-8.5,14.44,0.0,2,0.000812476853706,0.3999527560890487,0.39996951962222405,28070,11930,0.70
oscillations_1_0_3,oscillations,1,-8.5,14.44,0.0,3,0.0007288604279592225,0.42019335365049443,0.42021095374070927,28062,11938,0.70
oscillations_1_0_4,oscillations,1,-8.5,14.44,0.0,4,2.4487575570839407e-05,0.4418178585538605,0.4418363737077106,28068,11932,0.70
oscillations_1_0_5,oscillations,1,-8.5,14.44,0.0,5,-0.0003051378883790858,0.43051849497878286,0.43053653510093787,28067,11933,0.70
oscillations_1_0_6,oscillations,1,-8.5,14.44,0.0,6,-0.0006191689011046948,0.41457688672667764,0.41459424429693903,28057,11943,0.70
oscillations_1_0_7,oscillations,1,-8.5,14.44,0.0,7,-0.0017713092961142473,0.41493140418334745,0.41494877805142516,28058,11942,0.70
oscillations_1_0_8,oscillations,1,-8.5,14.44,0.0,8,0.00023949098569134037,0.4175500372367144,0.4175675236800596,28060,11940,0.70
oscillations_1_0_9,oscillations,1,-8.5,14.44,0.0,9,-0.00012758310302131721,0.43206282031658155,0.4320809084760233,28056,11944,0.70
oscillations_1_0_10,oscillations,1,-8.5,14.44,0.0,10,-0.0005665841740296405,0.3955100638112106,0.3955266189299392,28054,11946,0.70
oscillations_1_0_11,oscillations,1,-8.5,14.44,0.0,11,0.0002572532176868368,0.4723500417800934,0.47236983312117764,28066,11934,0.70
oscillations_1_0_12,oscillations,1,-8.5,14.44,0.0,12,-0.0005181811780643832,0.4462913080603891,0.44630998719853937,28053,11947,0.70
oscillations_1_0_13,oscillations,1,-8.5,14.44,0.0,13,-0.001520871838851441,0.40828138974669204,0.4082984908960324,28062,11938,0.70
oscillations_1_0_14,oscillations,1,-8.5,14.44,0.0,14,0.0007125078740208709,0.4172468485230455,0.4172643134923306,28054,11946,0.70
oscillations_1_0_15,oscillations,1,-8.5,14.44,0.0,15,-0.0007196215159921648,0.4315750095840844,0.43159307883442555,28057,11943,0.70
oscillations_1_0_16,oscillations,1,-8.5,14.44,0.0,16,0.00022396156625311932,0.4253668487039841,0.4253846610131439,28059,11941,0.70
oscillations_1_0_17,oscillations,1,-8.5,14.44,0.0,17,0.0002885319487189502,0.420380684172561,0.42039831278407036,28076,11924,0.70
oscillations_1_0_18,oscillations,1,-8.5,14.44,0.0,18,-0.0005686880523097007,0.40781847825660555,0.40783555429464324,28058,11942,0.70
oscillations_1_0_19,oscillations,1,-8.5,14.44,0.0,19,-0.0004837603488395957,0.4167267598164083,0.4167442015558662,28053,11947,0.70
oscillations_1_0_20,oscillations,1,-8.5,14.44,0.0,20,-4.6742601807426505e-07,0.41377266994016026,0.4137899894885214,28054,11946,0.70
oscillations_1_0_21,oscillations,1,-8.5,14.44,0.0,21,0.00022230284695949048,0.4500048113065635,0.4500236506012071,28056,11944,0.70
oscillations_1_0_22,oscillations,1,-8.5,14.44,0.0,22,-0.0006953768093361361,0.43287368883176613,0.4328918261241643,28066,11934,0.70
oscillations_1_0_23,oscillations,1,-8.5,14.44,0.0,23,0.000785861730628931,0.4207664556343001,0.42078408268257383,28064,11936,0.70
oscillations_1_0_24,oscillations,1,-8.5,14.44,0.0,24,-8.40584288874397e-05,0.44559297215848426,0.44561163300285694,28060,11940,0.70
oscillations_1_0_25,oscillations,1,-8.5,14.44,0.0,25,-3.5885588788441125e-05,0.4065893222263484,0.4066063567832919,28065,11935,0.70
oscillations_1_0_26,oscillations,1,-8.5,14.44,0.0,26,-0.0005243264231496974,0.42298916539640297,0.4230068900152126,28067,11933,0.70
oscillations_1_0_27,oscillations,1,-8.5,14.44,0.0,27,0.0003986944670053192,0.4298635608205877,0.4298815523895323,28053,11947,0.70
oscillations_1_0_28,oscillations,1,-8.5,14.44,0.0,28,0.00039510478543885975,0.4469650779257259,0.4469837899629905,28056,11944,0.70
oscillations_1_0_29,oscillations,1,-8.5,14.44,0.0,29,0.00037317993713450055,0.40453937109104404,0.40455631408399817,28061,11939,0.70
oscillations_1_0_30,oscillations,1,-8.5,14.44,0.0,30,-0.00036869902353391413,0.4132930806792764,0.4133103888469109,28060,11940,0.70
oscillations_1_0_31,oscillations,1,-8.5,14.44,0.0,31,-0.00032765019990898316,0.41840717979679026,0.418424708008599,28064,11936,0.70
oscillations_1_0_32,oscillations,1,-8.5,14.44,0.0,32,0.0004221916248009346,0.40373683096038115,0.4037537219479823,28048,11952,0.70
oscillations_1_0_33,oscillations,1,-8.5,14.44,0.0,33,-0.00020165349943190928,0.41499073956958477,0.4150081202886915,28061,11939,0.70
oscillations_1_0_34,oscillations,1,-8.5,14.44,0.0,34,0.0008443536436595064,0.44324781473649516,0.44326638358988874,28064,11936,0.70
oscillations_1_0_35,oscillations,1,-8.5,14.44,0.0,35,-0.000458860466452668,0.42992453214861687,0.42994253380390157,28058,11942,0.70
oscillations_1_0_36,oscillations,1,-8.5,14.44,0.0,36,-0.00018389221074487279,0.4154525873176427,0.4154699961293714,28067,11933,0.70
oscillations_1_0_37,oscillations,1,-8.5,14.44,0.0,37,-0.0004462425842760189,0.4330330157152275,0.43305114600959854,28057,11943,0.70
oscillations_1_0_38,oscillations,1,-8.5,14.44,0.0,38,0.0005633225948197234,0.4057983579039448,0.4058153607471804,28066,11934,0.70
oscillations_1_0_39,oscillations,1,-8.5,14.44,0.0,39,-0.0007018381696766179,0.4257410540999013,0.42575887909327725,28057,11943,0.70
oscillations_1_0_40,oscillations,1,-8.5,14.44,0.0,40,-0.0005694413738388615,0.40839762680344854,0.4084147270913992,28058,11942,0.70
oscillations_1_0_41,oscillations,1,-8.5,14.44,0.0,41,-0.0001736406521777645,0.39722530230194747,0.39724195012166946,28069,11931,0.70
oscillations_1_0_42,oscillations,1,-8.5,14.44,0.0,42,0.0002301192486656853,0.45005255062025945,0.45007140296294734,28063,11937,0.70
oscillations_1_0_43,oscillations,1,-8.5,14.44,0.0,43,-5.7993899981307325e-05,0.43077414347496723,0.43079219430962384,28067,11933,0.70
oscillations_1_0_44,oscillations,1,-8.5,14.44,0.0,44,0.00015757594371340546,0.38526648568454763,0.38528261203124836,28054,11946,0.70
oscillations_1_0_45,oscillations,1,-8.5,14.44,0.0,45,-0.0007368967209647417,0.4061643981167232,0.4061814020477426,28056,11944,0.70
oscillations_1_0_46,oscillations,1,-8.5,14.44,0.0,46,0.00048746083788825303,0.4342103689929687,0.434228542493824,28053,11947,0.70
oscillations_1_0_47,oscillations,1,-8.5,14.44,0.0,47,-0.00042672918818284456,0.4287773814902865,0.42879532759813116,28053,11947,0.70
oscillations_1_0_48,oscillations,1,-8.5,14.44,0.0,48,-0.00027038424430102486,0.42773682694905163,0.4277547325030687,28055,11945,0.70
oscillations_1_0_49,oscillations,1,-8.5,14.44,0.0,49,-0.0007460122772197277,0.4143587965710084,0.41437613774980486,28052,11948,0.70
oscillations_1_0.25_0,oscillations,1,-8.5,14.44,0.25,0,9.507422489593006e-05,0.44889576518793506,0.44891456749857545,28062,11938,0.70
oscillations_1_0.25_1,oscillations,1,-8.5,14.44,0.25,1,-0.0002340693247896718,0.44489411041272203,0.4449127466724605,28063,11937,0.70
oscillations_1_0.25_2,oscillations,1,-8.5,14.44,0.25,2,0.002203057036243265,0.43233070130286466,0.4323488219182216,28070,11930,0.70
oscillations_1_0.25_3,oscillations,1,-8.5,14.44,0.25,3,0.0010162968242040822,0.43907588779229895,0.43909427879056007,28062,11938,0.70
oscillations_1_0.25_4,oscillations,1,-8.5,14.44,0.25,4,-0.0004001398854220447,0.471233193392758,0.47125294124791145,28068,11932,0.70
oscillations_1_0.25_5,oscillations,1,-8.5,14.44,0.25,5,-0.0006676225858309446,0.45073803929455786,0.4507569266812407,28067,11933,0.70
oscillations_1_0.25_6,oscillations,1,-8.5,14.44,0.25,6,-0.0011647961479692667,0.44170769098096674,0.4417261844680054,28057,11943,0.70
oscillations_1_0.25_7,oscillations,1,-8.5,14.44,0.25,7,-0.002250535160901655,0.4373743086330402,0.437392622222858,28058,11942,0.70
oscillations_1_0.25_8,oscillations,1,-8.5,14.44,0.25,8,-0.0025130511978600635,0.43644380980944575,0.4364620874989992,28060,11940,0.70
oscillations_1_0.25_9,oscillations,1,-8.5,14.44,0.25,9,0.0007694111685542263,0.4450290927098527,0.44504772369777074,28056,11944,0.70
oscillations_1_0.25_10,oscillations,1,-8.5,14.44,0.25,10,-0.0007362550211804699,0.4190800905289933,0.41909763223346636,28054,11946,0.70
oscillations_1_0.25_11,oscillations,1,-8.5,14.44,0.25,11,0.0003791901548707781,0.4686325256019758,0.4686521611801212,28066,11934,0.70
oscillations_1_0.25_12,oscillations,1,-8.5,14.44,0.25,12,0.0005058077512794219,0.4550705156688694,0.4550895622531896,28053,11947,0.70
oscillations_1_0.25_13,oscillations,1,-8.5,14.44,0.25,13,4.4731923704519445e-05,0.4312045103002599,0.43122257160041233,28062,11938,0.70
oscillations_1_0.25_14,oscillations,1,-8.5,14.44,0.25,14,0.000683613151866067,0.4322113230644685,0.43222941441137436,28054,11946,0.70
oscillations_1_0.25_15,oscillations,1,-8.5,14.44,0.25,15,-0.0014385713820694785,0.4404116290222786,0.44043006824559144,28057,11943,0.70
oscillations_1_0.25_16,oscillations,1,-8.5,14.44,0.25,16,-0.0004536998282856941,0.4475004335405171,0.4475191726973077,28059,11941,0.70
oscillations_1_0.25_17,oscillations,1,-8.5,14.44,0.25,17,-0.0014346016903602763,0.44209388598938415,0.44211242514130095,28076,11924,0.70
oscillations_1_0.25_18,oscillations,1,-8.5,14.44,0.25,18,-0.0003255269901914741,0.43019506502645616,0.43021307800940245,28058,11942,0.70
oscillations_1_0.25_19,oscillations,1,-8.5,14.44,0.25,19,-0.0010988369897040476,0.43798800614054695,0.4380063377511499,28053,11947,0.70
oscillations_1_0.25_20,oscillations,1,-8.5,14.44,0.25,20,-0.0003695420057399278,0.44322807098579114,0.4432466234677894,28054,11946,0.70
oscillations_1_0.25_21,oscillations,1,-8.5,14.44,0.25,21,0.000841469635702706,0.4536726338496986,0.453691626696455,28056,11944,0.70
oscillations_1_0.25_22,oscillations,1,-8.5,14.44,0.25,22,-0.0010360704098225633,0.4439349110892645,0.44395351184393245,28066,11934,0.70
oscillations_1_0.25_23,oscillations,1,-8.5,14.44,0.25,23,0.0009107936482593433,0.44549379525063426,0.4455124581942444,28064,11936,0.70
oscillations_1_0.25_24,oscillations,1,-8.5,14.44,0.25,24,0.00023865444453639967,0.4591193335844516,0.4591385608949521,28060,11940,0.70
oscillations_1_0.25_25,oscillations,1,-8.5,14.44,0.25,25,-0.00011385305439105843,0.4261203662278806,0.4261382190618004,28065,11935,0.70
oscillations_1_0.25_26,oscillations,1,-8.5,14.44,0.25,26,-0.00036263974956547506,0.45074091562420987,0.4507598031314202,28067,11933,0.70
oscillations_1_0.25_27,oscillations,1,-8.5,14.44,0.25,27,0.0010862194568701496,0.45670520934972475,0.4567243243527403,28053,11947,0.70
oscillations_1_0.25_28,oscillations,1,-8.5,14.44,0.25,28,0.0012542958148658457,0.4468848668172323,0.4469035754964868,28056,11944,0.70
oscillations_1_0.25_29,oscillations,1,-8.5,14.44,0.25,29,-0.0008187091846002393,0.43072158248825154,0.4307396220494384,28061,11939,0.70
oscillations_1_0.25_30,oscillations,1,-8.5,14.44,0.25,30,-0.00109525895590511,0.4331827559065154,0.43320089702744413,28060,11940,0.70
oscillations_1_0.25_31,oscillations,1,-8.5,14.44,0.25,31,-0.000539365105132807,0.4368981324610088,0.43691643530898655,28064,11936,0.70
oscillations_1_0.25_32,oscillations,1,-8.5,14.44,0.25,32,0.00019329248839838865,0.4245431290377951,0.4245608904907487,28048,11952,0.70
oscillations_1_0.25_33,oscillations,1,-8.5,14.44,0.25,33,-0.001060367027795148,0.4317086191624462,0.43172670006288605,28061,11939,0.70
oscillations_1_0.25_34,oscillations,1,-8.5,14.44,0.25,34,0.001671246295827012,0.454998386487653,0.45501744760437396,28064,11936,0.70
oscillations_1_0.25_35,oscillations,1,-8.5,14.44,0.25,35,-0.0008033374504440162,0.44562318419751146,0.4456418431814701,28058,11942,0.70
oscillations_1_0.25_36,oscillations,1,-8.5,14.44,0.25,36,-0.0022964504470133797,0.43581198800055543,0.43583024993724767,28067,11933,0.70
oscillations_1_0.25_37,oscillations,1,-8.5,14.44,0.25,37,-0.0004150097409775836,0.4425414996057403,0.4425600280028096,28057,11943,0.70
oscillations_1_0.25_38,oscillations,1,-8.5,14.44,0.25,38,0.0031845339360794442,0.435025864423974,0.4350440918919569,28066,11934,0.70
oscillations_1_0.25_39,oscillations,1,-8.5,14.44,0.25,39,-0.0008204469587789357,0.44627962796988246,0.44629831287549765,28057,11943,0.70
oscillations_1_0.25_40,oscillations,1,-8.5,14.44,0.25,40,-0.0006919590132745741,0.43403749654989443,0.43405567042184,28058,11942,0.70
oscillations_1_0.25_41,oscillations,1,-8.5,14.44,0.25,41,-0.00151167515933632,0.4167419790004633,0.41675944476937776,28069,11931,0.70
oscillations_1_0.25_42,oscillations,1,-8.5,14.44,0.25,42,0.00017108731798513995,0.4680614540593705,0.46808106078067174,28063,11937,0.70
oscillations_1_0.25_43,oscillations,1,-8.5,14.44,0.25,43,0.000554091649351073,0.44880575602528844,0.44882456244303126,28067,11933,0.70
oscillations_1_0.25_44,oscillations,1,-8.5,14.44,0.25,44,-0.0008600727703749288,0.4045350821796275,0.40455201506434557,28054,11946,0.70
oscillations_1_0.25_45,oscillations,1,-8.5,14.44,0.25,45,-0.000243778204538783,0.43204759863226155,0.43206568615445284,28056,11944,0.70
oscillations_1_0.25_46,oscillations,1,-8.5,14.44,0.25,46,0.0007662838655603585,0.46062613141399394,0.4606454105238241,28053,11947,0.70
oscillations_1_0.25_47,oscillations,1,-8.5,14.44,0.25,47,-0.00012806291752057167,0.44374061067891635,0.44375918305982553,28053,11947,0.70
oscillations_1_0.25_48,oscillations,1,-8.5,14.44,0.25,48,-0.0020394018134781665,0.44107727698436977,0.4410957409849214,28055,11945,0.70
oscillations_1_0.25_49,oscillations,1,-8.5,14.44,0.25,49,-0.0012296333801314016,0.4322097128443174,0.43222780109529707,28052,11948,0.70
oscillations_1_0.5_0,oscillations,1,-8.5,14.44,0.5,0,0.0006994763865384296,0.46943916919541395,0.4694588319807875,28062,11938,0.70
oscillations_1_0.5_1,oscillations,1,-8.5,14.44,0.5,1,-0.0001358215543029846,0.47181473320826733,0.4718344971514411,28063,11937,0.70
oscillations_1_0.5_2,oscillations,1,-8.5,14.44,0.5,2,0.001303625078631507,0.45353472049156657,0.45355372984759024,28070,11930,0.70
oscillations_1_0.5_3,oscillations,1,-8.5,14.44,0.5,3,0.0018519321673390646,0.4691741029198479,0.46919375460273655,28062,11938,0.70
oscillations_1_0.5_4,oscillations,1,-8.5,14.44,0.5,4,0.0006196445685330359,0.4941887918182631,0.49420950166811267,28068,11932,0.70
oscillations_1_0.5_5,oscillations,1,-8.5,14.44,0.5,5,-0.0014319978870985727,0.4652894596256817,0.46530895676410194,28067,11933,0.70
oscillations_1_0.5_6,oscillations,1,-8.5,14.44,0.5,6,-0.0006544564519121075,0.46882027678695737,0.4688399054280004,28057,11943,0.70
oscillations_1_0.5_7,oscillations,1,-8.5,14.44,0.5,7,-0.0013245021924580633,0.4632221984336405,0.46324159431759887,28058,11942,0.70
oscillations_1_0.5_8,oscillations,1,-8.5,14.44,0.5,8,-0.00046543790513168913,0.46955032228815247,0.46956998643466474,28060,11940,0.70
oscillations_1_0.5_9,oscillations,1,-8.5,14.44,0.5,9,0.00017347055739527547,0.4587450057986554,0.45876421099849635,28056,11944,0.70
oscillations_1_0.5_10,oscillations,1,-8.5,14.44,0.5,10,-4.388733148227319e-05,0.44173189902876064,0.4417503888845285,28054,11946,0.70
oscillations_1_0.5_11,oscillations,1,-8.5,14.44,0.5,11,0.00023913467786576838,0.4773957149138312,0.47741571766727736,28066,11934,0.70
oscillations_1_0.5_12,oscillations,1,-8.5,14.44,0.5,12,0.0008035967084733456,0.4754653193002243,0.47548521949147715,28053,11947,0.70
oscillations_1_0.5_13,oscillations,1,-8.5,14.44,0.5,13,-0.0006389664133585459,0.4576300655861231,0.457649233738997,28062,11938,0.70
oscillations_1_0.5_14,oscillations,1,-8.5,14.44,0.5,14,0.0009464110507966226,0.4502238932817208,0.4502427385923455,28054,11946,0.70
oscillations_1_0.5_15,oscillations,1,-8.5,14.44,0.5,15,-0.0001062432894992433,0.4647029003230617,0.46472235657713973,28057,11943,0.70
oscillations_1_0.5_16,oscillations,1,-8.5,14.44,0.5,16,-0.001969145056308786,0.46370650273961045,0.4637259205283059,28059,11941,0.70
oscillations_1_0.5_17,oscillations,1,-8.5,14.44,0.5,17,-0.0013047174416492414,0.46902911337483294,0.4690487820521475,28076,11924,0.70
oscillations_1_0.5_18,oscillations,1,-8.5,14.44,0.5,18,0.00022710159025740326,0.4456107138481632,0.44562937230996763,28058,11942,0.70
oscillations_1_0.5_19,oscillations,1,-8.5,14.44,0.5,19,-0.0009753283299269731,0.4683841958652911,0.46840379968222406,28053,11947,0.70
oscillations_1_0.5_20,oscillations,1,-8.5,14.44,0.5,20,0.00015787069914135256,0.46245682054735293,0.4624761778994699,28054,11946,0.70
oscillations_1_0.5_21,oscillations,1,-8.5,14.44,0.5,21,0.0002277400963999145,0.47182724992133485,0.4718470028047681,28056,11944,0.70
oscillations_1_0.5_22,oscillations,1,-8.5,14.44,0.5,22,-0.0005820460157759044,0.47518467643811874,0.47520458654964104,28066,11934,0.70
oscillations_1_0.5_23,oscillations,1,-8.5,14.44,0.5,23,0.001550597804662072,0.46712406758035074,0.46714363667474695,28064,11936,0.70
oscillations_1_0.5_24,oscillations,1,-8.5,14.44,0.5,24,0.00027252949401805626,0.46667529115583406,0.4666948348998448,28060,11940,0.70
oscillations_1_0.5_25,oscillations,1,-8.5,14.44,0.5,25,0.0004390167509449264,0.44694540958784185,0.44696413491242376,28065,11935,0.70
oscillations_1_0.5_26,oscillations,1,-8.5,14.44,0.5,26,-0.0006080128002001299,0.4671213971771601,0.46714097107970914,28067,11933,0.70
oscillations_1_0.5_27,oscillations,1,-8.5,14.44,0.5,27,0.0009728852276560708,0.4791784066424978,0.47919846224182194,28053,11947,0.70
oscillations_1_0.5_28,oscillations,1,-8.5,14.44,0.5,28,0.00034194264654776083,0.47806873902611996,0.47808875320732,28056,11944,0.70
oscillations_1_0.5_29,oscillations,1,-8.5,14.44,0.5,29,-0.00043092020489917326,0.4546031388238537,0.45462217859681137,28061,11939,0.70
oscillations_1_0.5_30,oscillations,1,-8.5,14.44,0.5,30,-0.0023492868683848,0.4689672630850566,0.46898690281382055,28060,11940,0.70
oscillations_1_0.5_31,oscillations,1,-8.5,14.44,0.5,31,-6.295849630032484e-05,0.4598699535723538,0.45988921877223543,28064,11936,0.70
oscillations_1_0.5_32,oscillations,1,-8.5,14.44,0.5,32,0.0006407697269125565,0.44925923850609545,0.4492780339977261,28048,11952,0.70
oscillations_1_0.5_33,oscillations,1,-8.5,14.44,0.5,33,0.0006673501387804313,0.4503363267669726,0.45035518783651646,28061,11939,0.70
oscillations_1_0.5_34,oscillations,1,-8.5,14.44,0.5,34,0.0010130336036352741,0.48289248752960323,0.4829127172058874,28064,11936,0.70
oscillations_1_0.5_35,oscillations,1,-8.5,14.44,0.5,35,-0.0010097163358354542,0.4653194449731423,0.46533892867230187,28058,11942,0.70
oscillations_1_0.5_36,oscillations,1,-8.5,14.44,0.5,36,-0.0024492181165581737,0.46280251228487573,0.46282190521213123,28067,11933,0.70
oscillations_1_0.5_37,oscillations,1,-8.5,14.44,0.5,37,0.0002523921135316138,0.47790692897210707,0.4779269380545322,28057,11943,0.70
oscillations_1_0.5_38,oscillations,1,-8.5,14.44,0.5,38,0.0014483760097402335,0.4624103855756953,0.46242976044782896,28066,11934,0.70
oscillations_1_0.5_39,oscillations,1,-8.5,14.44,0.5,39,0.0003807339479868344,0.4710739709997143,0.47109369399878087,28057,11943,0.70
oscillations_1_0.5_40,oscillations,1,-8.5,14.44,0.5,40,-0.0003651220522529338,0.4494761655052913,0.4494949858199862,28058,11942,0.70
oscillations_1_0.5_41,oscillations,1,-8.5,14.44,0.5,41,6.150101432198605e-05,0.4434724438260515,0.4434910298759675,28069,11931,0.70
oscillations_1_0.5_42,oscillations,1,-8.5,14.44,0.5,42,0.0015038185447329329,0.48059707193308804,0.4806172037614321,28063,11937,0.70
oscillations_1_0.5_43,oscillations,1,-8.5,14.44,0.5,43,0.0006251953265757565,0.4789596617006157,0.47897973166486846,28067,11933,0.70
oscillations_1_0.5_44,oscillations,1,-8.5,14.44,0.5,44,-0.0009112907725144567,0.43027271867301864,0.4302907288745156,28054,11946,0.70
oscillations_1_0.5_45,oscillations,1,-8.5,14.44,0.5,45,-0.0013631616852209133,0.4565623960623485,0.45658150988799323,28056,11944,0.70
oscillations_1_0.5_46,oscillations,1,-8.5,14.44,0.5,46,0.0018046027263559719,0.48760949262187475,0.4876299010970379,28053,11947,0.70
oscillations_1_0.5_47,oscillations,1,-8.5,14.44,0.5,47,-0.0011478942792395228,0.46023518352409176,0.46025444627113477,28053,11947,0.70
oscillations_1_0.5_48,oscillations,1,-8.5,14.44,0.5,48,-0.001698453230581262,0.46038053737024565,0.4603998094274101,28055,11945,0.70
oscillations_1_0.5_49,oscillations,1,-8.5,14.44,0.5,49,-0.0024172862755723053,0.46074126087503414,0.46076054318941934,28052,11948,0.70
oscillations_1_0.75_0,oscillations,1,-8.5,14.44,0.75,0,0.002065496805907381,0.5089440299019604,0.5089653473758395,28062,11938,0.70
oscillations_1_0.75_1,oscillations,1,-8.5,14.44,0.75,1,0.0007726753049252052,0.50216432547638,0.5021853607397876,28063,11937,0.70
oscillations_1_0.75_2,oscillations,1,-8.5,14.44,0.75,2,0.0037939324070411866,0.4841313665808258,0.48415165835804536,28070,11930,0.70
oscillations_1_0.75_3,oscillations,1,-8.5,14.44,0.75,3,0.0007124672357557753,0.5059200922711664,0.5059412830853194,28062,11938,0.70
oscillations_1_0.75_4,oscillations,1,-8.5,14.44,0.75,4,-0.0009502053326422333,0.5218731686651995,0.5218950386775157,28068,11932,0.70
oscillations_1_0.75_5,oscillations,1,-8.5,14.44,0.75,5,-0.001631876910862253,0.5015677386566099,0.50158875597266,28067,11933,0.70
oscillations_1_0.75_6,oscillations,1,-8.5,14.44,0.75,6,5.868933347006573e-05,0.5042124442982899,0.5042335547441656,28057,11943,0.70
oscillations_1_0.75_7,oscillations,1,-8.5,14.44,0.75,7,-0.0011690456893477046,0.48841642441230804,0.4884368752204155,28058,11942,0.70
oscillations_1_0.75_8,oscillations,1,-8.5,14.44,0.75,8,-0.0029466234413790537,0.49271962785027457,0.4927402622966622,28060,11940,0.70
oscillations_1_0.75_9,oscillations,1,-8.5,14.44,0.75,9,0.0015227704855090454,0.4904066962674443,0.49042722697292573,28056,11944,0.70
oscillations_1_0.75_10,oscillations,1,-8.5,14.44,0.75,10,-0.0010880981121697787,0.47439779671341337,0.4744176538866379,28054,11946,0.70
oscillations_1_0.75_11,oscillations,1,-8.5,14.44,0.75,11,8.382372083790896e-05,0.5073495222658096,0.5073707800758148,28066,11934,0.70
oscillations_1_0.75_12,oscillations,1,-8.5,14.44,0.75,12,0.0006811415725178794,0.5006685461377374,0.500689501188333,28053,11947,0.70
oscillations_1_0.75_13,oscillations,1,-8.5,14.44,0.75,13,-0.0015354759002999077,0.48563999523378887,0.48566033660200375,28062,11938,0.70
oscillations_1_0.75_14,oscillations,1,-8.5,14.44,0.75,14,0.0006436746310356825,0.48364120416128276,0.4836614482417488,28054,11946,0.70
oscillations_1_0.75_15,oscillations,1,-8.5,14.44,0.75,15,0.00048382812303863175,0.49193949098340223,0.49196008758333937,28057,11943,0.70
oscillations_1_0.75_16,oscillations,1,-8.5,14.44,0.75,16,0.0011891611688626654,0.48957658979610597,0.4895970908990984,28059,11941,0.70
oscillations_1_0.75_17,oscillations,1,-8.5,14.44,0.75,17,0.0013056081993563198,0.4874540238292646,0.48747446515289883,28076,11924,0.70
oscillations_1_0.75_18,oscillations,1,-8.5,14.44,0.75,18,0.0011318578102490252,0.48518957114474337,0.4852098868391371,28058,11942,0.70
oscillations_1_0.75_19,oscillations,1,-8.5,14.44,0.75,19,-0.00040109417832006895,0.49714200457892727,0.4971628120291646,28053,11947,0.70
oscillations_1_0.75_20,oscillations,1,-8.5,14.44,0.75,20,-0.0007216971800764525,0.4913846361464027,0.49140520434867396,28054,11946,0.70
oscillations_1_0.75_21,oscillations,1,-8.5,14.44,0.75,21,0.0019579906729284354,0.48388032851527396,0.4839005859966432,28056,11944,0.70
oscillations_1_0.75_22,oscillations,1,-8.5,14.44,0.75,22,-0.00145371640428508,0.5077430735378355,0.5077643478375344,28066,11934,0.70
oscillations_1_0.75_23,oscillations,1,-8.5,14.44,0.75,23,0.0006813206402529813,0.5005014670454352,0.5005224344096406,28064,11936,0.70
oscillations_1_0.75_24,oscillations,1,-8.5,14.44,0.75,24,0.0007359130143658447,0.5011774722973762,0.5011984609471036,28060,11940,0.70
oscillations_1_0.75_25,oscillations,1,-8.5,14.44,0.75,25,-0.00038677365071959917,0.4851272023333766,0.48514752733086475,28065,11935,0.70
oscillations_1_0.75_26,oscillations,1,-8.5,14.44,0.75,26,-0.0007021262735410286,0.5027749664878375,0.5027960343906517,28067,11933,0.70
oscillations_1_0.75_27,oscillations,1,-8.5,14.44,0.75,27,0.0012037413551436915,0.5029780222511351,0.5029990739628635,28053,11947,0.70
oscillations_1_0.75_28,oscillations,1,-8.5,14.44,0.75,28,0.0008787185654972278,0.4890885197021666,0.48910899522264534,28056,11944,0.70
oscillations_1_0.75_29,oscillations,1,-8.5,14.44,0.75,29,0.0005357733847995302,0.49144631029240343,0.4914668931379004,28061,11939,0.70
oscillations_1_0.75_30,oscillations,1,-8.5,14.44,0.75,30,-0.0025953569268733294,0.4915561829948871,0.4915767687177428,28060,11940,0.70
oscillations_1_0.75_31,oscillations,1,-8.5,14.44,0.75,31,0.0005794263937126036,0.49167121777495226,0.4916918152160612,28064,11936,0.70
oscillations_1_0.75_32,oscillations,1,-8.5,14.44,0.75,32,0.0008107970410177673,0.47199896677724107,0.4720187136224239,28048,11952,0.70
oscillations_1_0.75_33,oscillations,1,-8.5,14.44,0.75,33,0.0007043897305022885,0.4749172081181144,0.47493709868868905,28061,11939,0.70
oscillations_1_0.75_34,oscillations,1,-8.5,14.44,0.75,34,0.002026677446749543,0.5074244457269832,0.5074457031135461,28064,11936,0.70
oscillations_1_0.75_35,oscillations,1,-8.5,14.44,0.75,35,-0.000371298618520171,0.5002089250050571,0.5002298695847797,28058,11942,0.70
oscillations_1_0.75_36,oscillations,1,-8.5,14.44,0.75,36,-0.0017803422043390698,0.4932654908133614,0.49328616023828253,28067,11933,0.70
oscillations_1_0.75_37,oscillations,1,-8.5,14.44,0.75,37,-0.0015365443020001865,0.5034445275446068,0.5034656058392232,28057,11943,0.70
oscillations_1_0.75_38,oscillations,1,-8.5,14.44,0.75,38,0.0018284526287589337,0.47966701366423015,0.47968711158448973,28066,11934,0.70
oscillations_1_0.75_39,oscillations,1,-8.5,14.44,0.75,39,-0.0014122071794979967,0.4957593430003703,0.49578009953047214,28057,11943,0.70
oscillations_1_0.75_40,oscillations,1,-8.5,14.44,0.75,40,-0.0010762351747370163,0.4734469166715846,0.47346674068150313,28058,11942,0.70
oscillations_1_0.75_41,oscillations,1,-8.5,14.44,0.75,41,-3.068183409435875e-05,0.4705725602952051,0.47059228211832294,28069,11931,0.70
oscillations_1_0.75_42,oscillations,1,-8.5,14.44,0.75,42,0.0011818299765623858,0.502054418418608,0.5020754490780965,28063,11937,0.70
oscillations_1_0.75_43,oscillations,1,-8.5,14.44,0.75,43,0.0007982854111442016,0.5071783052566244,0.5071995576736237,28067,11933,0.70
oscillations_1_0.75_44,oscillations,1,-8.5,14.44,0.75,44,-0.0003014790509832711,0.4587188934854785,0.45873809437678204,28054,11946,0.70
oscillations_1_0.75_45,oscillations,1,-8.5,14.44,0.75,45,-0.0005150987083722984,0.48158158016211766,0.48160174140718803,28056,11944,0.70
oscillations_1_0.75_46,oscillations,1,-8.5,14.44,0.75,46,0.0015838828172649395,0.5117511141200811,0.5117725330220104,28053,11947,0.70
oscillations_1_0.75_47,oscillations,1,-8.5,14.44,0.75,47,-0.0012923699721107225,0.4911367719391389,0.4911573280455386,28053,11947,0.70
oscillations_1_0.75_48,oscillations,1,-8.5,14.44,0.75,48,-0.0005515555808641577,0.4925328351803717,0.49255345316958815,28055,11945,0.70
oscillations_1_0.75_49,oscillations,1,-8.5,14.44,0.75,49,-0.00039277682625642673,0.489438746873491,0.48945923019589105,28052,11948,0.70
oscillations_1_1_0,oscillations,1,,10.74,1.0,0,-0.00048343265222458375,0.534344051796876,0.5343664331682988,28062,11938,0.70
oscillations_1_1_1,oscillations,1,,10.74,1.0,1,-0.00011458016615251254,0.5346229978029694,0.5346453927342937,28063,11937,0.70
oscillations_1_1_2,oscillations,1,,10.74,1.0,2,0.0029446100192881347,0.5207017871412414,0.520723611723146,28070,11930,0.70
oscillations_1_1_3,oscillations,1,,10.74,1.0,3,0.0015351658678171198,0.5321585248362494,0.5321808146653587,28062,11938,0.70
oscillations_1_1_4,oscillations,1,,10.74,1.0,4,-0.00098429440614627,0.5455126183449743,0.5455354790099752,28068,11932,0.70
oscillations_1_1_5,oscillations,1,,10.74,1.0,5,-0.00044268271346009077,0.5366488938558835,0.5366713811861897,28067,11933,0.70
oscillations_1_1_6,oscillations,1,,10.74,1.0,6,-0.00040270515967755677,0.5387838193584805,0.5388063772441217,28057,11943,0.70
oscillations_1_1_7,oscillations,1,,10.74,1.0,7,-0.0017585383867069065,0.5189416870246365,0.5189634159762644,28058,11942,0.70
oscillations_1_1_8,oscillations,1,,10.74,1.0,8,-0.0020934260598254586,0.5337467579267461,0.5337691105350826,28060,11940,0.70
oscillations_1_1_9,oscillations,1,,10.74,1.0,9,0.0005416927704594522,0.527171231519742,0.527193301359683,28056,11944,0.70
oscillations_1_1_10,oscillations,1,,10.74,1.0,10,-0.0014540968614984624,0.5018273975443225,0.5018484028559637,28054,11946,0.70
oscillations_1_1_11,oscillations,1,,10.74,1.0,11,0.0004935507838471481,0.5378857169493164,0.5379082542177549,28066,11934,0.70
oscillations_1_1_12,oscillations,1,,10.74,1.0,12,-0.00039455466216496346,0.5375435504137575,0.5375660488358835,28053,11947,0.70
oscillations_1_1_13,oscillations,1,,10.74,1.0,13,-0.0023842300061800614,0.5235517865064451,0.5235737158363467,28062,11938,0.70
oscillations_1_1_14,oscillations,1,,10.74,1.0,14,0.00029509482818224016,0.5224023858153453,0.5224242523474834,28054,11946,0.70
oscillations_1_1_15,oscillations,1,,10.74,1.0,15,-0.0005906275049880123,0.5278101091812039,0.5278322076178222,28057,11943,0.70
oscillations_1_1_16,oscillations,1,,10.74,1.0,16,0.0016581517570586812,0.5279248531320958,0.5279469600751399,28059,11941,0.70
oscillations_1_1_17,oscillations,1,,10.74,1.0,17,0.00019415068761367648,0.5281876997095218,0.5282098491947688,28076,11924,0.70
oscillations_1_1_18,oscillations,1,,10.74,1.0,18,-0.00043078443929906823,0.5238023886583315,0.5238243211356219,28058,11942,0.70
oscillations_1_1_19,oscillations,1,,10.74,1.0,19,-0.000405695610873164,0.5319784658250059,0.5320007313253118,28053,11947,0.70
oscillations_1_1_20,oscillations,1,,10.74,1.0,20,-2.2456369957121734e-05,0.5326674419785155,0.5326897381817013,28054,11946,0.70
oscillations_1_1_21,oscillations,1,,10.74,1.0,21,0.00133225650719803,0.5182744916940365,0.5182961890750644,28056,11944,0.70
oscillations_1_1_22,oscillations,1,,10.74,1.0,22,-0.0009204394717666124,0.5459977080676951,0.5460205852264032,28066,11934,0.70
oscillations_1_1_23,oscillations,1,,10.74,1.0,23,0.00172967450319365,0.5264765663810772,0.5264986219126585,28064,11936,0.70
oscillations_1_1_24,oscillations,1,,10.74,1.0,24,0.001307066814759481,0.5271413758657246,0.527163451849396,28060,11940,0.70
oscillations_1_1_25,oscillations,1,,10.74,1.0,25,-0.0012304540383558241,0.5189742669371091,0.5189960099987663,28065,11935,0.70
oscillations_1_1_26,oscillations,1,,10.74,1.0,26,9.446592278589986e-05,0.5356445466719816,0.5356669919168812,28067,11933,0.70
oscillations_1_1_27,oscillations,1,,10.74,1.0,27,0.0012292947129395966,0.5295334393525378,0.5295556025183675,28053,11947,0.70
oscillations_1_1_28,oscillations,1,,10.74,1.0,28,0.0009086457606185374,0.5309876108545755,0.5310098404659077,28056,11944,0.70
oscillations_1_1_29,oscillations,1,,10.74,1.0,29,-0.001170520289337418,0.5214301012612449,0.5214519398934352,28061,11939,0.70
oscillations_1_1_30,oscillations,1,,10.74,1.0,30,-0.0011952159711408781,0.5362648691243421,0.5362873271878452,28060,11940,0.70
oscillations_1_1_31,oscillations,1,,10.74,1.0,31,-0.0002365536887615167,0.5255463171483952,0.5255683337093127,28064,11936,0.70
oscillations_1_1_32,oscillations,1,,10.74,1.0,32,0.0010543606041989925,0.5026047287384513,0.5026257560255115,28048,11952,0.70
oscillations_1_1_33,oscillations,1,,10.74,1.0,33,-0.0007749340104368286,0.5066746813896024,0.5066959020325614,28061,11939,0.70
oscillations_1_1_34,oscillations,1,,10.74,1.0,34,0.001702015220292702,0.5438569860323623,0.5438797696768721,28064,11936,0.70
oscillations_1_1_35,oscillations,1,,10.74,1.0,35,-0.0012432086095720285,0.5301402260096152,0.5301624238626976,28058,11942,0.70
oscillations_1_1_36,oscillations,1,,10.74,1.0,36,-0.0010120412592207056,0.5289357767893424,0.5289579409150111,28067,11933,0.70
oscillations_1_1_37,oscillations,1,,10.74,1.0,37,2.2820572702606193e-05,0.5426340925251516,0.5426568116146347,28057,11943,0.70
oscillations_1_1_38,oscillations,1,,10.74,1.0,38,0.0029019894319789645,0.5064289507015115,0.5064501699398131,28066,11934,0.70
oscillations_1_1_39,oscillations,1,,10.74,1.0,39,-0.0006677589086555493,0.5295375684677789,0.5295597392299343,28057,11943,0.70
oscillations_1_1_40,oscillations,1,,10.74,1.0,40,-0.001939352981861474,0.5087035496616412,0.5087248499254279,28058,11942,0.70
oscillations_1_1_41,oscillations,1,,10.74,1.0,41,-5.592122169712194e-05,0.5039183101946305,0.5039394295471342,28069,11931,0.70
oscillations_1_1_42,oscillations,1,,10.74,1.0,42,0.0015182984245811154,0.537638693515048,0.5376612147714623,28063,11937,0.70
oscillations_1_1_43,oscillations,1,,10.74,1.0,43,0.00022237435179618562,0.550993275937242,0.551016364343711,28067,11933,0.70
oscillations_1_1_44,oscillations,1,,10.74,1.0,44,7.417402023805045e-05,0.4937263770218386,0.4937470432438615,28054,11946,0.70
oscillations_1_1_45,oscillations,1,,10.74,1.0,45,-0.0005438267991671529,0.5144277246453033,0.5144492609827689,28056,11944,0.70
oscillations_1_1_46,oscillations,1,,10.74,1.0,46,-0.00031076184063937723,0.5524085176402369,0.5524316382227578,28053,11947,0.70
oscillations_1_1_47,oscillations,1,,10.74,1.0,47,-0.0008180235028765575,0.529332648935852,0.5293548036977718,28053,11947,0.70
oscillations_1_1_48,oscillations,1,,10.74,1.0,48,-0.0022095839722484473,0.5245617506314111,0.5245837093877523,28055,11945,0.70
oscillations_1_1_49,oscillations,1,,10.74,1.0,49,0.00016517941203928501,0.5304228548279527,0.5304450533612998,28052,11948,0.70
oscillations_2_0_0,oscillations,2,-12.3,10.68,0.0,0,0.0005541947168098394,0.4837773322855326,0.48379759563481733,28062,11938,0.70
oscillations_2_0_1,oscillations,2,-12.3,10.68,0.0,1,-0.0001494234419786627,0.48627056764022,0.48629093712677784,28063,11937,0.70
oscillations_2_0_2,oscillations,2,-12.3,10.68,0.0,2,0.0012694928390264645,0.46306013438368837,0.46307954298584636,28070,11930,0.70
oscillations_2_0_3,oscillations,2,-12.3,10.68,0.0,3,0.0008753552361105912,0.480498797987385,0.48051892401298546,28062,11938,0.70
oscillations_2_0_4,oscillations,2,-12.3,10.68,0.0,4,-2.179848711658056e-05,0.5017899806796018,0.5018110090706296,28068,11932,0.70
oscillations_2_0_5,oscillations,2,-12.3,10.68,0.0,5,-0.0004602584468523034,0.4838489654700391,0.4838692403119877,28067,11933,0.70
oscillations_2_0_6,oscillations,2,-12.3,10.68,0.0,6,-0.0001418282208203576,0.47556115020908263,0.47558106107807374,28057,11943,0.70
oscillations_2_0_7,oscillations,2,-12.3,10.68,0.0,7,-0.0013297133437711439,0.47154673645109957,0.4715664808973115,28058,11942,0.70
oscillations_2_0_8,oscillations,2,-12.3,10.68,0.0,8,-3.7338044086073903e-05,0.4801725758663383,0.4801926848587824,28060,11940,0.70
oscillations_2_0_9,oscillations,2,-12.3,10.68,0.0,9,8.93631163395293e-05,0.47662891003290603,0.4766488639361669,28056,11944,0.70
oscillations_2_0_10,oscillations,2,-12.3,10.68,0.0,10,-0.0006667719672519048,0.4661210357637912,0.4661405464913176,28054,11946,0.70
oscillations_2_0_11,oscillations,2,-12.3,10.68,0.0,11,0.00062473624094382,0.5130750660181232,0.5130965637268883,28066,11934,0.70
oscillations_2_0_12,oscillations,2,-12.3,10.68,0.0,12,-0.0004892751368489326,0.5070549913372036,0.5070762136869601,28053,11947,0.70
oscillations_2_0_13,oscillations,2,-12.3,10.68,0.0,13,-0.0015353128630058357,0.46817759850906293,0.4681972084526728,28062,11938,0.70
oscillations_2_0_14,oscillations,2,-12.3,10.68,0.0,14,0.00017373667317386443,0.46964411547610946,0.46966377367144574,28054,11946,0.70
oscillations_2_0_15,oscillations,2,-12.3,10.68,0.0,15,-0.0006885207102718099,0.4803114871880462,0.48033159694489264,28057,11943,0.70
oscillations_2_0_16,oscillations,2,-12.3,10.68,0.0,16,0.0002888506294406315,0.4779167703504059,0.4779367831964753,28059,11941,0.70
oscillations_2_0_17,oscillations,2,-12.3,10.68,0.0,17,0.00018011333520563343,0.4794181672910116,0.4794382716320051,28076,11924,0.70
oscillations_2_0_18,oscillations,2,-12.3,10.68,0.0,18,-0.0004452529781828096,0.46798568809200636,0.4680052834312002,28058,11942,0.70
oscillations_2_0_19,oscillations,2,-12.3,10.68,0.0,19,-0.0005199718104314989,0.4763777408355098,0.47639767921537984,28053,11947,0.70
oscillations_2_0_20,oscillations,2,-12.3,10.68,0.0,20,-9.255243727426539e-06,0.4765424531745658,0.47656240011805306,28054,11946,0.70
oscillations_2_0_21,oscillations,2,-12.3,10.68,0.0,21,0.00045937976805850384,0.4880833827086589,0.48810381614942766,28056,11944,0.70
oscillations_2_0_22,oscillations,2,-12.3,10.68,0.0,22,-0.0005329708110828555,0.4934503422126075,0.4934710176506662,28066,11934,0.70
oscillations_2_0_23,oscillations,2,-12.3,10.68,0.0,23,0.001115809986107123,0.4776393675669053,0.4776593771757437,28064,11936,0.70
oscillations_2_0_24,oscillations,2,-12.3,10.68,0.0,24,0.00012109731131948644,0.4820448991985348,0.4820650866014039,28060,11940,0.70
oscillations_2_0_25,oscillations,2,-12.3,10.68,0.0,25,0.0003562216253192231,0.4647586744148659,0.4647781460479647,28065,11935,0.70
oscillations_2_0_26,oscillations,2,-12.3,10.68,0.0,26,-0.00037091709071786276,0.4877417820217728,0.48776221998536873,28067,11933,0.70
oscillations_2_0_27,oscillations,2,-12.3,10.68,0.0,27,0.00018058765710757212,0.49894415783803414,0.49896504071584336,28053,11947,0.70
oscillations_2_0_28,oscillations,2,-12.3,10.68,0.0,28,0.00037560112878836917,0.4889348139915639,0.4889552830772067,28056,11944,0.70
oscillations_2_0_29,oscillations,2,-12.3,10.68,0.0,29,0.00038964431725866625,0.46462306203084575,0.4646425214600851,28061,11939,0.70
oscillations_2_0_30,oscillations,2,-12.3,10.68,0.0,30,-0.0004383129102100848,0.4766328082080943,0.47665276895975023,28060,11940,0.70
oscillations_2_0_31,oscillations,2,-12.3,10.68,0.0,31,-0.0002916356787308139,0.4707683798406368,0.4707881016051598,28064,11936,0.70
oscillations_2_0_32,oscillations,2,-12.3,10.68,0.0,32,0.0003869554912388022,0.4515795460603074,0.4515984386257821,28048,11952,0.70
oscillations_2_0_33,oscillations,2,-12.3,10.68,0.0,33,-0.00047062166473528353,0.4584434837007768,0.4584626843157707,28061,11939,0.70
oscillations_2_0_34,oscillations,2,-12.3,10.68,0.0,34,0.0006393778963355746,0.5072467536578096,0.5072680036003696,28064,11936,0.70
oscillations_2_0_35,oscillations,2,-12.3,10.68,0.0,35,-0.000313353133537631,0.4823381510827865,0.4823583473834792,28058,11942,0.70
oscillations_2_0_36,oscillations,2,-12.3,10.68,0.0,36,-0.000598051162084548,0.4783387682886057,0.4783588122354095,28067,11933,0.70
oscillations_2_0_37,oscillations,2,-12.3,10.68,0.0,37,-0.00033405348467756274,0.4810179219039127,0.48103806123787884,28057,11943,0.70
oscillations_2_0_38,oscillations,2,-12.3,10.68,0.0,38,0.0008044433382581566,0.4621097798965741,0.4621291421734098,28066,11934,0.70
oscillations_2_0_39,oscillations,2,-12.3,10.68,0.0,39,-0.000496662531799687,0.48267865575127056,0.4826988646171025,28057,11943,0.70
oscillations_2_0_40,oscillations,2,-12.3,10.68,0.0,40,-0.0004822507413935381,0.4609127171001101,0.46093201628224356,28058,11942,0.70
oscillations_2_0_41,oscillations,2,-12.3,10.68,0.0,41,5.91730555024051e-05,0.454421533859715,0.454440578788952,28069,11931,0.70
oscillations_2_0_42,oscillations,2,-12.3,10.68,0.0,42,5.50322136019411e-05,0.4872811448310428,0.4873015566498739,28063,11937,0.70
oscillations_2_0_43,oscillations,2,-12.3,10.68,0.0,43,0.00010432450988030723,0.49030366933829844,0.49032421465328735,28067,11933,0.70
oscillations_2_0_44,oscillations,2,-12.3,10.68,0.0,44,0.00042970809603038276,0.44334359490656783,0.44336215222412506,28054,11946,0.70
oscillations_2_0_45,oscillations,2,-12.3,10.68,0.0,45,-0.0005509562576414797,0.4677991184643323,0.46781870271144554,28056,11944,0.70
oscillations_2_0_46,oscillations,2,-12.3,10.68,0.0,46,0.0002506442464471961,0.4931613169682916,0.493181957810279,28053,11947,0.70
oscillations_2_0_47,oscillations,2,-12.3,10.68,0.0,47,-0.000439646238335534,0.48573604056566055,0.4857563706291021,28053,11947,0.70
oscillations_2_0_48,oscillations,2,-12.3,10.68,0.0,48,-0.0001616553608330238,0.4814180673145707,0.4814382200268601,28055,11945,0.70
oscillations_2_0_49,oscillations,2,-12.3,10.68,0.0,49,-0.0011522406257749678,0.4778940692018431,0.47791406937215053,28052,11948,0.70
oscillations_2_0.25_0,oscillations,2,-12.3,10.68,0.25,0,0.0006272831894590623,0.4975717949982765,0.4975926361382047,28062,11938,0.70
oscillations_2_0.25_1,oscillations,2,-12.3,10.68,0.25,1,-0.0003926530611159963,0.4971047276587332,0.4971255509796203,28063,11937,0.70
oscillations_2_0.25_2,oscillations,2,-12.3,10.68,0.25,2,0.00254253841630421,0.4791341986103882,0.47915428093739204,28070,11930,0.70
oscillations_2_0.25_3,oscillations,2,-12.3,10.68,0.25,3,0.0010162226681205706,0.4884501930339918,0.4884706521092917,28062,11938,0.70
oscillations_2_0.25_4,oscillations,2,-12.3,10.68,0.25,4,-0.00029372149532173826,0.5121705388751205,0.5121920022816832,28068,11932,0.70
oscillations_2_0.25_5,oscillations,2,-12.3,10.68,0.25,5,0.0001122762753071434,0.4925297369651673,0.49255037555961434,28067,11933,0.70
oscillations_2_0.25_6,oscillations,2,-12.3,10.68,0.25,6,-0.0003398408954464208,0.49172287269597864,0.49174346022650733,28057,11943,0.70
oscillations_2_0.25_7,oscillations,2,-12.3,10.68,0.25,7,-0.0022851225879888413,0.48237946086148653,0.48239965889188846,28058,11942,0.70
oscillations_2_0.25_8,oscillations,2,-12.3,10.68,0.25,8,-0.001724024209938459,0.48277544038056536,0.482795658377533,28060,11940,0.70
oscillations_2_0.25_9,oscillations,2,-12.3,10.68,0.25,9,0.00027745993343082664,0.4905108197204316,0.4905313547850051,28056,11944,0.70
oscillations_2_0.25_10,oscillations,2,-12.3,10.68,0.25,10,-0.000688036427918475,0.46864211507746895,0.4686617313314311,28054,11946,0.70
oscillations_2_0.25_11,oscillations,2,-12.3,10.68,0.25,11,0.0002636281948043186,0.5170274891525678,0.5170491524668108,28066,11934,0.70
oscillations_2_0.25_12,oscillations,2,-12.3,10.68,0.25,12,-7.721777753640371e-05,0.5094028135281186,0.5094241341439499,28053,11947,0.70
oscillations_2_0.25_13,oscillations,2,-12.3,10.68,0.25,13,-0.000574900537866857,0.4811517777016422,0.4811719310777511,28062,11938,0.70
oscillations_2_0.25_14,oscillations,2,-12.3,10.68,0.25,14,0.0012092676827063125,0.48224690905585044,0.4822670947744109,28054,11946,0.70
oscillations_2_0.25_15,oscillations,2,-12.3,10.68,0.25,15,-0.0014603303776981823,0.4893731848681983,0.48939367402162764,28057,11943,0.70
oscillations_2_0.25_16,oscillations,2,-12.3,10.68,0.25,16,-0.00019001434974411977,0.4854717424635804,0.4854920716753924,28059,11941,0.70
oscillations_2_0.25_17,oscillations,2,-12.3,10.68,0.25,17,-0.00158004112906037,0.4995924487776513,0.4996133991246204,28076,11924,0.70
oscillations_2_0.25_18,oscillations,2,-12.3,10.68,0.25,18,-0.00014661593604869705,0.4855294823403766,0.4855498122674174,28058,11942,0.70
oscillations_2_0.25_19,oscillations,2,-12.3,10.68,0.25,19,-0.0006181711863378163,0.4850520820037635,0.4850723834407088,28053,11947,0.70
oscillations_2_0.25_20,oscillations,2,-12.3,10.68,0.25,20,-0.0002167140383208164,0.48944355118645005,0.4894640381394816,28054,11946,0.70
oscillations_2_0.25_21,oscillations,2,-12.3,10.68,0.25,21,0.00043783282012989133,0.5010806011200114,0.5011015786848007,28056,11944,0.70
oscillations_2_0.25_22,oscillations,2,-12.3,10.68,0.25,22,-0.00035239170069233404,0.49920655000516584,0.4992274666267997,28066,11934,0.70
oscillations_2_0.25_23,oscillations,2,-12.3,10.68,0.25,23,0.0013086697896764433,0.4990691413198338,0.499090048680029,28064,11936,0.70
oscillations_2_0.25_24,oscillations,2,-12.3,10.68,0.25,24,1.4484368975355033e-05,0.49280746132095987,0.49282809944569705,28060,11940,0.70
oscillations_2_0.25_25,oscillations,2,-12.3,10.68,0.25,25,0.0004277727648776517,0.4746936387842006,0.47471352665478284,28065,11935,0.70
oscillations_2_0.25_26,oscillations,2,-12.3,10.68,0.25,26,7.468506157519649e-05,0.497782356962313,0.4978032156585849,28067,11933,0.70
oscillations_2_0.25_27,oscillations,2,-12.3,10.68,0.25,27,0.001131025269447261,0.49820833171777773,0.49822918379821873,28053,11947,0.70
oscillations_2_0.25_28,oscillations,2,-12.3,10.68,0.25,28,0.0008986568766944145,0.4958184079452772,0.49583916521018256,28056,11944,0.70
oscillations_2_0.25_29,oscillations,2,-12.3,10.68,0.25,29,-0.0009378959855118488,0.475528880322385,0.47554879651112836,28061,11939,0.70
oscillations_2_0.25_30,oscillations,2,-12.3,10.68,0.25,30,-0.0007105849173689768,0.48411058484936054,0.4841308587604128,28060,11940,0.70
oscillations_2_0.25_31,oscillations,2,-12.3,10.68,0.25,31,-0.00013188591498013996,0.482278224697354,0.48229842864050176,28064,11936,0.70
oscillations_2_0.25_32,oscillations,2,-12.3,10.68,0.25,32,0.0005837558024033966,0.46570593007226235,0.4657254136380097,28048,11952,0.70
oscillations_2_0.25_33,oscillations,2,-12.3,10.68,0.25,33,-0.000598320366566505,0.4727529850554613,0.47277278498364433,28061,11939,0.70
oscillations_2_0.25_34,oscillations,2,-12.3,10.68,0.25,34,0.0014767078154077453,0.5182324878878359,0.5182541980526049,28064,11936,0.70
oscillations_2_0.25_35,oscillations,2,-12.3,10.68,0.25,35,-0.00039531498160860426,0.4854882998229351,0.48550862802559547,28058,11942,0.70
oscillations_2_0.25_36,oscillations,2,-12.3,10.68,0.25,36,-0.0017744782520611134,0.48937439878603256,0.48939490516156947,28067,11933,0.70
oscillations_2_0.25_37,oscillations,2,-12.3,10.68,0.25,37,0.0005613631202085526,0.491017183585842,0.4910377415704681,28057,11943,0.70
oscillations_2_0.25_38,oscillations,2,-12.3,10.68,0.25,38,0.0025140334978406417,0.47220878440320796,0.4722285698256457,28066,11934,0.70
oscillations_2_0.25_39,oscillations,2,-12.3,10.68,0.25,39,-0.0007283441533383594,0.4939043728795375,0.49392505174545875,28057,11943,0.70
oscillations_2_0.25_40,oscillations,2,-12.3,10.68,0.25,40,-0.0004432477782383483,0.47165623678593893,0.47167598581711206,28058,11942,0.70
oscillations_2_0.25_41,oscillations,2,-12.3,10.68,0.25,41,-0.0015763618600962079,0.46583100966186686,0.46585053276531674,28069,11931,0.70
oscillations_2_0.25_42,oscillations,2,-12.3,10.68,0.25,42,0.00029704487773651,0.5010316727016869,0.5010526605191724,28063,11937,0.70
oscillations_2_0.25_43,oscillations,2,-12.3,10.68,0.25,43,0.0002767778985233685,0.4996827577765631,0.49970369610579674,28067,11933,0.70
oscillations_2_0.25_44,oscillations,2,-12.3,10.68,0.25,44,-0.0004483026091187089,0.4514792534375992,0.4514981512946401,28054,11946,0.70
oscillations_2_0.25_45,oscillations,2,-12.3,10.68,0.25,45,-0.0005453743089932155,0.48254922922305854,0.48256943097841976,28056,11944,0.70
oscillations_2_0.25_46,oscillations,2,-12.3,10.68,0.25,46,0.00041042409571544935,0.5146887967094003,0.514710338565503,28053,11947,0.70
oscillations_2_0.25_47,oscillations,2,-12.3,10.68,0.25,47,-0.0007894732072826422,0.483224418574705,0.4832446435163723,28053,11947,0.70
oscillations_2_0.25_48,oscillations,2,-12.3,10.68,0.25,48,-0.0013861013318601408,0.4890294050934336,0.48904987642504955,28055,11945,0.70
oscillations_2_0.25_49,oscillations,2,-12.3,10.68,0.25,49,-0.0010302385763433215,0.491506872556839,0.49152744243161234,28052,11948,0.70
oscillations_2_0.5_0,oscillations,2,-12.3,10.68,0.5,0,0.000291401103523554,0.5096735953106692,0.5096949433429018,28062,11938,0.70
oscillations_2_0.5_1,oscillations,2,-12.3,10.68,0.5,1,0.00036302113244882,0.5084885999778042,0.5085099001600306,28063,11937,0.70
oscillations_2_0.5_2,oscillations,2,-12.3,10.68,0.5,2,0.002354969992621501,0.491404948494645,0.4914255451352012,28070,11930,0.70
oscillations_2_0.5_3,oscillations,2,-12.3,10.68,0.5,3,0.00048192284134423834,0.5044191398652466,0.5044402678109663,28062,11938,0.70
oscillations_2_0.5_4,oscillations,2,-12.3,10.68,0.5,4,3.4444457544028995e-05,0.5256954396594906,0.5257174698507904,28068,11932,0.70
oscillations_2_0.5_5,oscillations,2,-12.3,10.68,0.5,5,-0.001173640908901353,0.5039106904726246,0.5039318059659597,28067,11933,0.70
oscillations_2_0.5_6,oscillations,2,-12.3,10.68,0.5,6,-0.00038111761570252324,0.5099695694615153,0.5099909209476123,28057,11943,0.70
oscillations_2_0.5_7,oscillations,2,-12.3,10.68,0.5,7,-0.0016498390926592793,0.500426509824736,0.500447463515097,28058,11942,0.70
oscillations_2_0.5_8,oscillations,2,-12.3,10.68,0.5,8,-0.0001952384289064356,0.5057464777515737,0.505767657745207,28060,11940,0.70
oscillations_2_0.5_9,oscillations,2,-12.3,10.68,0.5,9,-0.0004022963156088696,0.49683942959546756,0.49686022960508863,28056,11944,0.70
oscillations_2_0.5_10,oscillations,2,-12.3,10.68,0.5,10,-0.0010772567030731953,0.4798374911755752,0.47985757604158413,28054,11946,0.70
oscillations_2_0.5_11,oscillations,2,-12.3,10.68,0.5,11,0.00036851540350034325,0.5176025809682891,0.5176242683787262,28066,11934,0.70
oscillations_2_0.5_12,oscillations,2,-12.3,10.68,0.5,12,0.0011372094367590002,0.5154015895513993,0.5154231612408322,28053,11947,0.70
oscillations_2_0.5_13,oscillations,2,-12.3,10.68,0.5,13,-0.000936291690817012,0.4921887887988825,0.4922094044678605,28062,11938,0.70
oscillations_2_0.5_14,oscillations,2,-12.3,10.68,0.5,14,0.001066443894076635,0.4921733793914838,0.4921939806086876,28054,11946,0.70
oscillations_2_0.5_15,oscillations,2,-12.3,10.68,0.5,15,0.00013552349577098356,0.4982874955989417,0.49830835797813394,28057,11943,0.70
oscillations_2_0.5_16,oscillations,2,-12.3,10.68,0.5,16,-0.0003808065049844221,0.4978563280502427,0.49787717586868324,28059,11941,0.70
oscillations_2_0.5_17,oscillations,2,-12.3,10.68,0.5,17,-0.00113030968009283,0.5051470669312725,0.5051682502104603,28076,11924,0.70
oscillations_2_0.5_18,oscillations,2,-12.3,10.68,0.5,18,0.0006160596243188747,0.4918893402231598,0.491909936448029,28058,11942,0.70
oscillations_2_0.5_19,oscillations,2,-12.3,10.68,0.5,19,-0.0010197323477133277,0.5068040535838991,0.5068252654308723,28053,11947,0.70
oscillations_2_0.5_20,oscillations,2,-12.3,10.68,0.5,20,0.00014629076394081817,0.5028214033855698,0.5028424503039519,28054,11946,0.70
oscillations_2_0.5_21,oscillations,2,-12.3,10.68,0.5,21,0.0002889887924514312,0.5006716497293502,0.500692610173532,28056,11944,0.70
oscillations_2_0.5_22,oscillations,2,-12.3,10.68,0.5,22,-0.0011821843972420478,0.5071270804376946,0.5071483289274463,28066,11934,0.70
oscillations_2_0.5_23,oscillations,2,-12.3,10.68,0.5,23,0.0012717719246825945,0.5036585425744311,0.5036796421970948,28064,11936,0.70
oscillations_2_0.5_24,oscillations,2,-12.3,10.68,0.5,24,0.0004463068775205142,0.5019450637883511,0.5019660845837951,28060,11940,0.70
oscillations_2_0.5_25,oscillations,2,-12.3,10.68,0.5,25,0.0001674194500774346,0.4892797974630441,0.4893002964385842,28065,11935,0.70
oscillations_2_0.5_26,oscillations,2,-12.3,10.68,0.5,26,0.00020736311958459506,0.5081264086051981,0.5081477007508047,28067,11933,0.70
oscillations_2_0.5_27,oscillations,2,-12.3,10.68,0.5,27,0.001256702464933567,0.5116920718070023,0.5117134882377664,28053,11947,0.70
oscillations_2_0.5_28,oscillations,2,-12.3,10.68,0.5,28,-7.869591505886758e-05,0.502564445825933,0.5025854855113638,28056,11944,0.70
oscillations_2_0.5_29,oscillations,2,-12.3,10.68,0.5,29,-0.00028370555917483917,0.4912596620592686,0.4912802370875296,28061,11939,0.70
oscillations_2_0.5_30,oscillations,2,-12.3,10.68,0.5,30,-0.0019107185656081589,0.5040687004596017,0.504089810190141,28060,11940,0.70
oscillations_2_0.5_31,oscillations,2,-12.3,10.68,0.5,31,0.0004064500352001536,0.49185598824946125,0.49187659343110657,28064,11936,0.70
oscillations_2_0.5_32,oscillations,2,-12.3,10.68,0.5,32,0.0006938842480079209,0.48394143956775343,0.48396168604572765,28048,11952,0.70
oscillations_2_0.5_33,oscillations,2,-12.3,10.68,0.5,33,0.0008762113641879054,0.4902642826500928,0.49028481598968887,28061,11939,0.70
oscillations_2_0.5_34,oscillations,2,-12.3,10.68,0.5,34,0.0009475192853169188,0.5230666584277986,0.5230885711090854,28064,11936,0.70
oscillations_2_0.5_35,oscillations,2,-12.3,10.68,0.5,35,-0.0008929975968497077,0.5020011835739903,0.5020222031985603,28058,11942,0.70
oscillations_2_0.5_36,oscillations,2,-12.3,10.68,0.5,36,-0.0018914049711703622,0.5007798211553375,0.5008008054550871,28067,11933,0.70
oscillations_2_0.5_37,oscillations,2,-12.3,10.68,0.5,37,-0.00014419535684981924,0.5037538684604784,0.5037749597066289,28057,11943,0.70
oscillations_2_0.5_38,oscillations,2,-12.3,10.68,0.5,38,0.0012235326915313578,0.48806517183680037,0.48808562163765307,28066,11934,0.70
oscillations_2_0.5_39,oscillations,2,-12.3,10.68,0.5,39,9.944006784652341e-05,0.5060520605850204,0.5060732480522401,28057,11943,0.70
oscillations_2_0.5_40,oscillations,2,-12.3,10.68,0.5,40,-0.000607932599946313,0.48300376496762587,0.4830239891386791,28058,11942,0.70
oscillations_2_0.5_41,oscillations,2,-12.3,10.68,0.5,41,-7.012505796859823e-05,0.48033713889044566,0.4803572699496901,28069,11931,0.70
oscillations_2_0.5_42,oscillations,2,-12.3,10.68,0.5,42,0.0010361253085937458,0.5084030454440736,0.5084243420424888,28063,11937,0.70
oscillations_2_0.5_43,oscillations,2,-12.3,10.68,0.5,43,0.0005770061878021086,0.519686414738237,0.5197081912856176,28067,11933,0.70
oscillations_2_0.5_44,oscillations,2,-12.3,10.68,0.5,44,-0.0008198643331783116,0.46228590486313215,0.4623052550611215,28054,11946,0.70
oscillations_2_0.5_45,oscillations,2,-12.3,10.68,0.5,45,-0.000908202542199732,0.49689995230315476,0.49692075484653786,28056,11944,0.70
oscillations_2_0.5_46,oscillations,2,-12.3,10.68,0.5,46,0.00010806453989302906,0.5165659127135486,0.5165875331347242,28053,11947,0.70
oscillations_2_0.5_47,oscillations,2,-12.3,10.68,0.5,47,-0.0004474701241327243,0.49470997451063986,0.4947306801703543,28053,11947,0.70
oscillations_2_0.5_48,oscillations,2,-12.3,10.68,0.5,48,-0.0021726396755811337,0.49941638181975245,0.49943728796212383,28055,11945,0.70
oscillations_2_0.5_49,oscillations,2,-12.3,10.68,0.5,49,-0.001187319420023249,0.4999570946399609,0.4999780181618952,28052,11948,0.70
oscillations_2_0.75_0,oscillations,2,-12.3,10.68,0.75,0,0.0015649117994701025,0.5256911373750939,0.5257131563131913,28062,11938,0.70
oscillations_2_0.75_1,oscillations,2,-12.3,10.68,0.75,1,-1.8610107642466253e-05,0.5232524690409096,0.5232743876698454,28063,11937,0.70
oscillations_2_0.75_2,oscillations,2,-12.3,10.68,0.75,2,0.0031094699989373245,0.5063002637714478,0.5063214847310216,28070,11930,0.70
oscillations_2_0.75_3,oscillations,2,-12.3,10.68,0.75,3,0.0006443212121881952,0.5162197021500323,0.5162413243704925,28062,11938,0.70
oscillations_2_0.75_4,oscillations,2,-12.3,10.68,0.75,4,-0.0009805870825615724,0.5378352791181787,0.5378578180507865,28068,11932,0.70
oscillations_2_0.75_5,oscillations,2,-12.3,10.68,0.75,5,-0.0010661779958873404,0.519333063220979,0.5193548249617844,28067,11933,0.70
oscillations_2_0.75_6,oscillations,2,-12.3,10.68,0.75,6,-0.00031598092261284815,0.5225200474912668,0.5225419244427508,28057,11943,0.70
oscillations_2_0.75_7,oscillations,2,-12.3,10.68,0.75,7,-0.0022093078958244734,0.5083178643891095,0.5083391485036123,28058,11942,0.70
oscillations_2_0.75_8,oscillations,2,-12.3,10.68,0.75,8,-0.0012739149982933858,0.5141719455264434,0.5141934783675244,28060,11940,0.70
oscillations_2_0.75_9,oscillations,2,-12.3,10.68,0.75,9,0.00028608998909534947,0.5148273190154184,0.514848872081763,28056,11944,0.70
oscillations_2_0.75_10,oscillations,2,-12.3,10.68,0.75,10,-0.0015049510315468654,0.49440198355623444,0.4944226780575539,28054,11946,0.70
oscillations_2_0.75_11,oscillations,2,-12.3,10.68,0.75,11,0.000260805619615513,0.5280907596089696,0.5281128864713013,28066,11934,0.70
oscillations_2_0.75_12,oscillations,2,-12.3,10.68,0.75,12,0.00010846218022074553,0.5260739474024837,0.5260959657742587,28053,11947,0.70
oscillations_2_0.75_13,oscillations,2,-12.3,10.68,0.75,13,-0.001449412458480794,0.5041413440344457,0.5041624603444943,28062,11938,0.70
oscillations_2_0.75_14,oscillations,2,-12.3,10.68,0.75,14,0.0008958427907708753,0.5021462020561882,0.5021672207122346,28054,11946,0.70
oscillations_2_0.75_15,oscillations,2,-12.3,10.68,0.75,15,0.0006404865915261295,0.5142611912014661,0.5142827223698567,28057,11943,0.70
oscillations_2_0.75_16,oscillations,2,-12.3,10.68,0.75,16,0.0006146161924492128,0.5079146115042851,0.5079358805150566,28059,11941,0.70
oscillations_2_0.75_17,oscillations,2,-12.3,10.68,0.75,17,0.0005364060804589467,0.5163483295503779,0.5163699825531153,28076,11924,0.70
oscillations_2_0.75_18,oscillations,2,-12.3,10.68,0.75,18,0.0005623214609593242,0.5069230028380817,0.5069442285474111,28058,11942,0.70
oscillations_2_0.75_19,oscillations,2,-12.3,10.68,0.75,19,0.00012225022401304186,0.5162562515383675,0.5162778589989415,28053,11947,0.70
oscillations_2_0.75_20,oscillations,2,-12.3,10.68,0.75,20,-0.0006642223333863667,0.5171463022221683,0.51716794874704,28054,11946,0.70
oscillations_2_0.75_21,oscillations,2,-12.3,10.68,0.75,21,0.0004910371261007089,0.510475259013751,0.5104966298826199,28056,11944,0.70
oscillations_2_0.75_22,oscillations,2,-12.3,10.68,0.75,22,-0.0017209045473274619,0.5264231208862343,0.5264451778749473,28066,11934,0.70
oscillations_2_0.75_23,oscillations,2,-12.3,10.68,0.75,23,0.0006777836161046962,0.5194744905555526,0.5194962527511825,28064,11936,0.70
oscillations_2_0.75_24,oscillations,2,-12.3,10.68,0.75,24,0.0008184526765305048,0.5131516559757984,0.5131731460885023,28060,11940,0.70
oscillations_2_0.75_25,oscillations,2,-12.3,10.68,0.75,25,0.0007689688140502575,0.5043775052993842,0.5043986368118596,28065,11935,0.70
oscillations_2_0.75_26,oscillations,2,-12.3,10.68,0.75,26,-0.000274944902534902,0.5206553866458546,0.520677203796303,28067,11933,0.70
oscillations_2_0.75_27,oscillations,2,-12.3,10.68,0.75,27,0.00042897428428411013,0.5219487756748337,0.5219706213911004,28053,11947,0.70
oscillations_2_0.75_28,oscillations,2,-12.3,10.68,0.75,28,0.0005982945425442178,0.5134201129642146,0.5134416071183682,28056,11944,0.70
oscillations_2_0.75_29,oscillations,2,-12.3,10.68,0.75,29,0.00047096079967952597,0.5082840141058211,0.5083053021511514,28061,11939,0.70
oscillations_2_0.75_30,oscillations,2,-12.3,10.68,0.75,30,-0.002040224659767218,0.5130361603561182,0.5130576456320184,28060,11940,0.70
oscillations_2_0.75_31,oscillations,2,-12.3,10.68,0.75,31,0.0006740343413627921,0.5065584874934793,0.5065797086027026,28064,11936,0.70
oscillations_2_0.75_32,oscillations,2,-12.3,10.68,0.75,32,0.0014988337642803308,0.4921556804695468,0.4921762706036618,28048,11952,0.70
oscillations_2_0.75_33,oscillations,2,-12.3,10.68,0.75,33,0.000582955560649285,0.4932578967370403,0.4932785554557367,28061,11939,0.70
oscillations_2_0.75_34,oscillations,2,-12.3,10.68,0.75,34,0.0019156729249043547,0.5312271713770184,0.5312494259243303,28064,11936,0.70
oscillations_2_0.75_35,oscillations,2,-12.3,10.68,0.75,35,-0.0006085724786962123,0.5193807185544015,0.5194024658890097,28058,11942,0.70
oscillations_2_0.75_36,oscillations,2,-12.3,10.68,0.75,36,-0.0014888387926988882,0.5091751981722397,0.5091965342655329,28067,11933,0.70
oscillations_2_0.75_37,oscillations,2,-12.3,10.68,0.75,37,-0.00024182486986924352,0.5210191298280301,0.5210409439388575,28057,11943,0.70
oscillations_2_0.75_38,oscillations,2,-12.3,10.68,0.75,38,0.0016213767133150747,0.49744603050078295,0.4974668733571179,28066,11934,0.70
oscillations_2_0.75_39,oscillations,2,-12.3,10.68,0.75,39,-0.0016813241425128291,0.514286565449541,0.5143080976803046,28057,11943,0.70
oscillations_2_0.75_40,oscillations,2,-12.3,10.68,0.75,40,-0.001068734625982363,0.4945281118143566,0.4945488185289815,28058,11942,0.70
oscillations_2_0.75_41,oscillations,2,-12.3,10.68,0.75,41,-0.0001824197228799747,0.4902192954295847,0.4902398406526791,28069,11931,0.70
oscillations_2_0.75_42,oscillations,2,-12.3,10.68,0.75,42,0.0008918170584371771,0.5225580546610463,0.5225799442015172,28063,11937,0.70
oscillations_2_0.75_43,oscillations,2,-12.3,10.68,0.75,43,0.0004575798673123651,0.5337195889561126,0.5337419535390366,28067,11933,0.70
oscillations_2_0.75_44,oscillations,2,-12.3,10.68,0.75,44,0.0001534825821386378,0.48244268525914913,0.4824628791724398,28054,11946,0.70
oscillations_2_0.75_45,oscillations,2,-12.3,10.68,0.75,45,-0.000998050095602293,0.5013285785489124,0.5013495664951905,28056,11944,0.70
oscillations_2_0.75_46,oscillations,2,-12.3,10.68,0.75,46,0.0018599634282839461,0.538532192956432,0.5385547327573399,28053,11947,0.70
oscillations_2_0.75_47,oscillations,2,-12.3,10.68,0.75,47,-0.0008524557651573791,0.5101229907891309,0.510144341547361,28053,11947,0.70
oscillations_2_0.75_48,oscillations,2,-12.3,10.68,0.75,48,-0.0017361307672375832,0.5143989233071762,0.5144204566359132,28055,11945,0.70
oscillations_2_0.75_49,oscillations,2,-12.3,10.68,0.75,49,-0.0009182812528308567,0.5087233250016706,0.508744615395913,28052,11948,0.70
oscillations_2_1_0,oscillations,2,,10.74,1.0,0,-0.00048343265222458375,0.534344051796876,0.5343664331682988,28062,11938,0.70
oscillations_2_1_1,oscillations,2,,10.74,1.0,1,-0.00011458016615251254,0.5346229978029694,0.5346453927342937,28063,11937,0.70
oscillations_2_1_2,oscillations,2,,10.74,1.0,2,0.0029446100192881347,0.5207017871412414,0.520723611723146,28070,11930,0.70
oscillations_2_1_3,oscillations,2,,10.74,1.0,3,0.0015351658678171198,0.5321585248362494,0.5321808146653587,28062,11938,0.70
oscillations_2_1_4,oscillations,2,,10.74,1.0,4,-0.00098429440614627,0.5455126183449743,0.5455354790099752,28068,11932,0.70
oscillations_2_1_5,oscillations,2,,10.74,1.0,5,-0.00044268271346009077,0.5366488938558835,0.5366713811861897,28067,11933,0.70
oscillations_2_1_6,oscillations,2,,10.74,1.0,6,-0.00040270515967755677,0.5387838193584805,0.5388063772441217,28057,11943,0.70
oscillations_2_1_7,oscillations,2,,10.74,1.0,7,-0.0017585383867069065,0.5189416870246365,0.5189634159762644,28058,11942,0.70
oscillations_2_1_8,oscillations,2,,10.74,1.0,8,-0.0020934260598254586,0.5337467579267461,0.5337691105350826,28060,11940,0.70
oscillations_2_1_9,oscillations,2,,10.74,1.0,9,0.0005416927704594522,0.527171231519742,0.527193301359683,28056,11944,0.70
oscillations_2_1_10,oscillations,2,,10.74,1.0,10,-0.0014540968614984624,0.5018273975443225,0.5018484028559637,28054,11946,0.70
oscillations_2_1_11,oscillations,2,,10.74,1.0,11,0.0004935507838471481,0.5378857169493164,0.5379082542177549,28066,11934,0.70
oscillations_2_1_12,oscillations,2,,10.74,1.0,12,-0.00039455466216496346,0.5375435504137575,0.5375660488358835,28053,11947,0.70
oscillations_2_1_13,oscillations,2,,10.74,1.0,13,-0.0023842300061800614,0.5235517865064451,0.5235737158363467,28062,11938,0.70
oscillations_2_1_14,oscillations,2,,10.74,1.0,14,0.00029509482818224016,0.5224023858153453,0.5224242523474834,28054,11946,0.70
oscillations_2_1_15,oscillations,2,,10.74,1.0,15,-0.0005906275049880123,0.5278101091812039,0.5278322076178222,28057,11943,0.70
oscillations_2_1_16,oscillations,2,,10.74,1.0,16,0.0016581517570586812,0.5279248531320958,0.5279469600751399,28059,11941,0.70
oscillations_2_1_17,oscillations,2,,10.74,1.0,17,0.00019415068761367648,0.5281876997095218,0.5282098491947688,28076,11924,0.70
oscillations_2_1_18,oscillations,2,,10.74,1.0,18,-0.00043078443929906823,0.5238023886583315,0.5238243211356219,28058,11942,0.70
oscillations_2_1_19,oscillations,2,,10.74,1.0,19,-0.000405695610873164,0.5319784658250059,0.5320007313253118,28053,11947,0.70
oscillations_2_1_20,oscillations,2,,10.74,1.0,20,-2.2456369957121734e-05,0.5326674419785155,0.5326897381817013,28054,11946,0.70
oscillations_2_1_21,oscillations,2,,10.74,1.0,21,0.00133225650719803,0.5182744916940365,0.5182961890750644,28056,11944,0.70
oscillations_2_1_22,oscillations,2,,10.74,1.0,22,-0.0009204394717666124,0.5459977080676951,0.5460205852264032,28066,11934,0.70
oscillations_2_1_23,oscillations,2,,10.74,1.0,23,0.00172967450319365,0.5264765663810772,0.5264986219126585,28064,11936,0.70
oscillations_2_1_24,oscillations,2,,10.74,1.0,24,0.001307066814759481,0.5271413758657246,0.527163451849396,28060,11940,0.70
oscillations_2_1_25,oscillations,2,,10.74,1.0,25,-0.0012304540383558241,0.5189742669371091,0.5189960099987663,28065,11935,0.70
oscillations_2_1_26,oscillations,2,,10.74,1.0,26,9.446592278589986e-05,0.5356445466719816,0.5356669919168812,28067,11933,0.70
oscillations_2_1_27,oscillations,2,,10.74,1.0,27,0.0012292947129395966,0.5295334393525378,0.5295556025183675,28053,11947,0.70
oscillations_2_1_28,oscillations,2,,10.74,1.0,28,0.0009086457606185374,0.5309876108545755,0.5310098404659077,28056,11944,0.70
oscillations_2_1_29,oscillations,2,,10.74,1.0,29,-0.001170520289337418,0.5214301012612449,0.5214519398934352,28061,11939,0.70
oscillations_2_1_30,oscillations,2,,10.74,1.0,30,-0.0011952159711408781,0.5362648691243421,0.5362873271878452,28060,11940,0.70
oscillations_2_1_31,oscillations,2,,10.74,1.0,31,-0.0002365536887615167,0.5255463171483952,0.5255683337093127,28064,11936,0.70
oscillations_2_1_32,oscillations,2,,10.74,1.0,32,0.0010543606041989925,0.5026047287384513,0.5026257560255115,28048,11952,0.70
oscillations_2_1_33,oscillations,2,,10.74,1.0,33,-0.0007749340104368286,0.5066746813896024,0.5066959020325614,28061,11939,0.70
oscillations_2_1_34,oscillations,2,,10.74,1.0,34,0.001702015220292702,0.5438569860323623,0.5438797696768721,28064,11936,0.70
oscillations_2_1_35,oscillations,2,,10.74,1.0,35,-0.0012432086095720285,0.5301402260096152,0.5301624238626976,28058,11942,0.70
oscillations_2_1_36,oscillations,2,,10.74,1.0,36,-0.0010120412592207056,0.5289357767893424,0.5289579409150111,28067,11933,0.70
oscillations_2_1_37,oscillations,2,,10.74,1.0,37,2.2820572702606193e-05,0.5426340925251516,0.5426568116146347,28057,11943,0.70
oscillations_2_1_38,oscillations,2,,10.74,1.0,38,0.0029019894319789645,0.5064289507015115,0.5064501699398131,28066,11934,0.70
oscillations_2_1_39,oscillations,2,,10.74,1.0,39,-0.0006677589086555493,0.5295375684677789,0.5295597392299343,28057,11943,0.70
oscillations_2_1_40,oscillations,2,,10.74,1.0,40,-0.001939352981861474,0.5087035496616412,0.5087248499254279,28058,11942,0.70
oscillations_2_1_41,oscillations,2,,10.74,1.0,41,-5.592122169712194e-05,0.5039183101946305,0.5039394295471342,28069,11931,0.70
oscillations_2_1_42,oscillations,2,,10.74,1.0,42,0.0015182984245811154,0.537638693515048,0.5376612147714623,28063,11937,0.70
oscillations_2_1_43,oscillations,2,,10.74,1.0,43,0.00022237435179618562,0.550993275937242,0.551016364343711,28067,11933,0.70
oscillations_2_1_44,oscillations,2,,10.74,1.0,44,7.417402023805045e-05,0.4937263770218386,0.4937470432438615,28054,11946,0.70
oscillations_2_1_45,oscillations,2,,10.74,1.0,45,-0.0005438267991671529,0.5144277246453033,0.5144492609827689,28056,11944,0.70
oscillations_2_1_46,oscillations,2,,10.74,1.0,46,-0.00031076184063937723,0.5524085176402369,0.5524316382227578,28053,11947,0.70
oscillations_2_1_47,oscillations,2,,10.74,1.0,47,-0.0008180235028765575,0.529332648935852,0.5293548036977718,28053,11947,0.70
oscillations_2_1_48,oscillations,2,,10.74,1.0,48,-0.0022095839722484473,0.5245617506314111,0.5245837093877523,28055,11945,0.70
oscillations_2_1_49,oscillations,2,,10.74,1.0,49,0.00016517941203928501,0.5304228548279527,0.5304450533612998,28052,11948,0.70
oscillations_3_0_0,oscillations,3,-17.0,8.65,0.0,0,0.0006883824716299833,0.5408490294414804,0.540871683278406,28062,11938,0.70
oscillations_3_0_1,oscillations,3,-17.0,8.65,0.0,1,-0.0005811072880601514,0.545904036317729,0.5459269038027664,28063,11937,0.70
oscillations_3_0_2,oscillations,3,-17.0,8.65,0.0,2,0.0006490212782750529,0.5193915953878349,0.5194133650546461,28070,11930,0.70
oscillations_3_0_3,oscillations,3,-17.0,8.65,0.0,3,0.0007832209519487842,0.5358890585415025,0.5359115046266049,28062,11938,0.70
oscillations_3_0_4,oscillations,3,-17.0,8.65,0.0,4,-0.0002321888570203385,0.5649794116673448,0.5650030881225324,28068,11932,0.70
oscillations_3_0_5,oscillations,3,-17.0,8.65,0.0,5,-0.0004199211243257781,0.5476397405094395,0.5476626883918905,28067,11933,0.70
oscillations_3_0_6,oscillations,3,-17.0,8.65,0.0,6,-0.0006365761898955695,0.5356680583526234,0.535690485787093,28057,11943,0.70
oscillations_3_0_7,oscillations,3,-17.0,8.65,0.0,7,-0.0013730360337106525,0.5314481870266444,0.5314704396462303,28058,11942,0.70
oscillations_3_0_8,oscillations,3,-17.0,8.65,0.0,8,0.0001545973015852037,0.5353514072327863,0.5353738270417134,28060,11940,0.70
oscillations_3_0_9,oscillations,3,-17.0,8.65,0.0,9,0.0004154037111481016,0.5375087459454841,0.537531248561865,28056,11944,0.70
oscillations_3_0_10,oscillations,3,-17.0,8.65,0.0,10,-0.0007192758238073383,0.511315898784075,0.5113373012620059,28054,11946,0.70
oscillations_3_0_11,oscillations,3,-17.0,8.65,0.0,11,0.0002894838622819461,0.552457995368728,0.5524811432117552,28066,11934,0.70
oscillations_3_0_12,oscillations,3,-17.0,8.65,0.0,12,-0.00044471049074908017,0.5558106352065927,0.555833898181813,28053,11947,0.70
oscillations_3_0_13,oscillations,3,-17.0,8.65,0.0,13,-0.0015049114711709532,0.5287180911226239,0.5287402368467796,28062,11938,0.70
oscillations_3_0_14,oscillations,3,-17.0,8.65,0.0,14,0.0004200348023858355,0.5282113419665172,0.5282334516478633,28054,11946,0.70
oscillations_3_0_15,oscillations,3,-17.0,8.65,0.0,15,-0.0005199435957935018,0.5328514461212623,0.5328737556293681,28057,11943,0.70
oscillations_3_0_16,oscillations,3,-17.0,8.65,0.0,16,0.0005091062815604145,0.5475254973824527,0.5475484251058096,28059,11941,0.70
oscillations_3_0_17,oscillations,3,-17.0,8.65,0.0,17,0.0007351642121714294,0.5414987841582845,0.541521491842196,28076,11924,0.70
oscillations_3_0_18,oscillations,3,-17.0,8.65,0.0,18,-0.0002733578490463634,0.5340414870580074,0.5340638482633792,28058,11942,0.70
oscillations_3_0_19,oscillations,3,-17.0,8.65,0.0,19,-0.000263045318983266,0.5308090106502906,0.5308312272040577,28053,11947,0.70
oscillations_3_0_20,oscillations,3,-17.0,8.65,0.0,20,0.00021617003741200637,0.5463762214944984,0.5463990915148719,28054,11946,0.70
oscillations_3_0_21,oscillations,3,-17.0,8.65,0.0,21,9.10077472855729e-05,0.5337711256059404,0.533793471748148,28056,11944,0.70
oscillations_3_0_22,oscillations,3,-17.0,8.65,0.0,22,-0.0006956505303792086,0.5493931712778184,0.5494161907055317,28066,11934,0.70
oscillations_3_0_23,oscillations,3,-17.0,8.65,0.0,23,0.0006653733603137032,0.5371615860535155,0.537184089209557,28064,11936,0.70
oscillations_3_0_24,oscillations,3,-17.0,8.65,0.0,24,0.00029689798616327876,0.5409878431849708,0.5410104990403815,28060,11940,0.70
oscillations_3_0_25,oscillations,3,-17.0,8.65,0.0,25,0.0002512080078680206,0.5255508787047164,0.5255728973015672,28065,11935,0.70
oscillations_3_0_26,oscillations,3,-17.0,8.65,0.0,26,-0.00038239967784896024,0.5517837039667712,0.5518068254947399,28067,11933,0.70
oscillations_3_0_27,oscillations,3,-17.0,8.65,0.0,27,-0.000258666791690671,0.5454470613353999,0.5454698905521657,28053,11947,0.70
oscillations_3_0_28,oscillations,3,-17.0,8.65,0.0,28,0.0002677706091672092,0.543960815893858,0.5439835886238994,28056,11944,0.70
oscillations_3_0_29,oscillations,3,-17.0,8.65,0.0,29,0.000683123382633665,0.5295484287029705,0.529570607348456,28061,11939,0.70
oscillations_3_0_30,oscillations,3,-17.0,8.65,0.0,30,-0.00015399190320232177,0.5322624432433396,0.5322847336905401,28060,11940,0.70
oscillations_3_0_31,oscillations,3,-17.0,8.65,0.0,31,3.3461917562285656e-05,0.5334566351144825,0.5334789830600786,28064,11936,0.70
oscillations_3_0_32,oscillations,3,-17.0,8.65,0.0,32,0.00028549649530301187,0.5122128701745671,0.5122342994338662,28048,11952,0.70
oscillations_3_0_33,oscillations,3,-17.0,8.65,0.0,33,-0.0010174099666968718,0.5165360480746178,0.5165576817331651,28061,11939,0.70
oscillations_3_0_34,oscillations,3,-17.0,8.65,0.0,34,0.000880791947282996,0.5610761363840016,0.5610996413854313,28064,11936,0.70
oscillations_3_0_35,oscillations,3,-17.0,8.65,0.0,35,-0.0005746423641516833,0.5384057042097243,0.5384282481521276,28058,11942,0.70
oscillations_3_0_36,oscillations,3,-17.0,8.65,0.0,36,-0.00028552875900702244,0.532825863969105,0.5328481911020516,28067,11933,0.70
oscillations_3_0_37,oscillations,3,-17.0,8.65,0.0,37,8.017807528494377e-05,0.5419953699859855,0.5420180623333332,28057,11943,0.70
oscillations_3_0_38,oscillations,3,-17.0,8.65,0.0,38,0.0009652951747379915,0.5199146910992535,0.5199364753864898,28066,11934,0.70
oscillations_3_0_39,oscillations,3,-17.0,8.65,0.0,39,-0.0008405209192057275,0.5485021555989897,0.5485251203734601,28057,11943,0.70
oscillations_3_0_40,oscillations,3,-17.0,8.65,0.0,40,-0.0002871187437530093,0.5159055424243185,0.5159271442475217,28058,11942,0.70
oscillations_3_0_41,oscillations,3,-17.0,8.65,0.0,41,7.250714394881804e-05,0.5168013620844435,0.516823021369132,28069,11931,0.70
oscillations_3_0_42,oscillations,3,-17.0,8.65,0.0,42,0.00033149716604837155,0.5457338580018841,0.5457567183582875,28063,11937,0.70
oscillations_3_0_43,oscillations,3,-17.0,8.65,0.0,43,0.00021717827427658644,0.5549693511310121,0.5549926061479358,28067,11933,0.70
oscillations_3_0_44,oscillations,3,-17.0,8.65,0.0,44,0.00011611356981689955,0.5076621025595188,0.5076833520981547,28054,11946,0.70
oscillations_3_0_45,oscillations,3,-17.0,8.65,0.0,45,-0.0004989566294524582,0.5335459211241793,0.5335682578382797,28056,11944,0.70
oscillations_3_0_46,oscillations,3,-17.0,8.65,0.0,46,5.322113042279809e-05,0.5537279676943053,0.5537511435012714,28053,11947,0.70
oscillations_3_0_47,oscillations,3,-17.0,8.65,0.0,47,-0.0003437505120609519,0.5471049695032857,0.5471278681103693,28053,11947,0.70
oscillations_3_0_48,oscillations,3,-17.0,8.65,0.0,48,-0.0003242655820971093,0.5410600648921865,0.5410827142868797,28055,11945,0.70
oscillations_3_0_49,oscillations,3,-17.0,8.65,0.0,49,-0.0009232952223455802,0.5330818686048979,0.5331041784196602,28052,11948,0.70
oscillations_3_0.25_0,oscillations,3,-17.0,8.65,0.25,0,0.0009653168178974384,0.5400008931863806,0.5400235114985306,28062,11938,0.70
oscillations_3_0.25_1,oscillations,3,-17.0,8.65,0.25,1,0.0004681465011115062,0.5430414512117095,0.5430641987853382,28063,11937,0.70
oscillations_3_0.25_2,oscillations,3,-17.0,8.65,0.25,2,0.002499839384159106,0.5236646384012604,0.5236865871674709,28070,11930,0.70
oscillations_3_0.25_3,oscillations,3,-17.0,8.65,0.25,3,0.0011723933736458346,0.5303284630940597,0.530350676269763,28062,11938,0.70
oscillations_3_0.25_4,oscillations,3,-17.0,8.65,0.25,4,-7.781733837649309e-05,0.560411146708726,0.560434631722742,28068,11932,0.70
oscillations_3_0.25_5,oscillations,3,-17.0,8.65,0.25,5,7.098776339803823e-05,0.5415643581142011,0.5415870514184125,28067,11933,0.70
oscillations_3_0.25_6,oscillations,3,-17.0,8.65,0.25,6,-0.000483088632294466,0.5344540431916234,0.5344764197975154,28057,11943,0.70
oscillations_3_0.25_7,oscillations,3,-17.0,8.65,0.25,7,-0.0023567584826782373,0.5306433738273666,0.5306655927480851,28058,11942,0.70
oscillations_3_0.25_8,oscillations,3,-17.0,8.65,0.25,8,-0.0009170567768045589,0.5342688589514069,0.5342912334246437,28060,11940,0.70
oscillations_3_0.25_9,oscillations,3,-17.0,8.65,0.25,9,5.733096181745819e-07,0.5344101726745855,0.5344325455702759,28056,11944,0.70
oscillations_3_0.25_10,oscillations,3,-17.0,8.65,0.25,10,-0.0011303673355093238,0.5074911282187571,0.5075123706008102,28054,11946,0.70
oscillations_3_0.25_11,oscillations,3,-17.0,8.65,0.25,11,0.00014428604580550583,0.5494149892438401,0.5494380095857204,28066,11934,0.70
oscillations_3_0.25_12,oscillations,3,-17.0,8.65,0.25,12,-0.0002393613880165957,0.5429853989891489,0.5430081251751582,28053,11947,0.70
oscillations_3_0.25_13,oscillations,3,-17.0,8.65,0.25,13,-0.0005572139965116359,0.5253201830768761,0.5253421864772954,28062,11938,0.70
oscillations_3_0.25_14,oscillations,3,-17.0,8.65,0.25,14,0.0005101338573059946,0.5268680850558233,0.5268901385116023,28054,11946,0.70
oscillations_3_0.25_15,oscillations,3,-17.0,8.65,0.25,15,-0.000872224418259555,0.5346373612667704,0.5346597455478523,28057,11943,0.70
oscillations_3_0.25_16,oscillations,3,-17.0,8.65,0.25,16,0.00021782195572415196,0.5400503227589682,0.5400729374581159,28059,11941,0.70
oscillations_3_0.25_17,oscillations,3,-17.0,8.65,0.25,17,-0.0011379975996565223,0.5328960888672947,0.5329184357982532,28076,11924,0.70
oscillations_3_0.25_18,oscillations,3,-17.0,8.65,0.25,18,-0.00018320063686187908,0.5345366604876314,0.5345590424267384,28058,11942,0.70
oscillations_3_0.25_19,oscillations,3,-17.0,8.65,0.25,19,-0.00024036394783666671,0.5296891171030199,0.5297112867846075,28053,11947,0.70
oscillations_3_0.25_20,oscillations,3,-17.0,8.65,0.25,20,0.00016357449444466378,0.539540734012181,0.5395633179151653,28054,11946,0.70
oscillations_3_0.25_21,oscillations,3,-17.0,8.65,0.25,21,0.00037547514619905124,0.5340576528546668,0.5340800109922378,28056,11944,0.70
oscillations_3_0.25_22,oscillations,3,-17.0,8.65,0.25,22,-0.000687937773450728,0.539945285337961,0.539967908901767,28066,11934,0.70
oscillations_3_0.25_23,oscillations,3,-17.0,8.65,0.25,23,0.0011050618510639449,0.5304708698262103,0.5304930926899986,28064,11936,0.70
oscillations_3_0.25_24,oscillations,3,-17.0,8.65,0.25,24,-0.00011727334580002823,0.5363072906009909,0.5363297504410494,28060,11940,0.70
oscillations_3_0.25_25,oscillations,3,-17.0,8.65,0.25,25,0.0005647249254624305,0.5184664144312168,0.518488136215772,28065,11935,0.70
oscillations_3_0.25_26,oscillations,3,-17.0,8.65,0.25,26,-0.0004070402495390526,0.5431359784390358,0.5431587375992393,28067,11933,0.70
oscillations_3_0.25_27,oscillations,3,-17.0,8.65,0.25,27,0.0011630827518330832,0.5426722034949233,0.5426949165724051,28053,11947,0.70
oscillations_3_0.25_28,oscillations,3,-17.0,8.65,0.25,28,-0.00010683826040722001,0.5395092497835124,0.5395318361502895,28056,11944,0.70
oscillations_3_0.25_29,oscillations,3,-17.0,8.65,0.25,29,-0.0010460696326692871,0.5188234132063794,0.5188451426647771,28061,11939,0.70
oscillations_3_0.25_30,oscillations,3,-17.0,8.65,0.25,30,-0.00016697798757689926,0.5251333772643342,0.5251553691556798,28060,11940,0.70
oscillations_3_0.25_31,oscillations,3,-17.0,8.65,0.25,31,-0.00020492209490770077,0.5252974605112947,0.5253194666469324,28064,11936,0.70
oscillations_3_0.25_32,oscillations,3,-17.0,8.65,0.25,32,0.0009295038215488228,0.517233803435804,0.5172554427540202,28048,11952,0.70
oscillations_3_0.25_33,oscillations,3,-17.0,8.65,0.25,33,0.00018322989126161283,0.5131830129358849,0.5132045061619925,28061,11939,0.70
oscillations_3_0.25_34,oscillations,3,-17.0,8.65,0.25,34,0.0009119921667259317,0.5597747183808343,0.5597981688623335,28064,11936,0.70
oscillations_3_0.25_35,oscillations,3,-17.0,8.65,0.25,35,-0.000728921920312431,0.5376951544800607,0.5377176686705648,28058,11942,0.70
oscillations_3_0.25_36,oscillations,3,-17.0,8.65,0.25,36,-0.002368824202664756,0.5354568211130802,0.5354792584916698,28067,11933,0.70
oscillations_3_0.25_37,oscillations,3,-17.0,8.65,0.25,37,0.0005832434853733367,0.5368009677080757,0.5368234425753722,28057,11943,0.70
oscillations_3_0.25_38,oscillations,3,-17.0,8.65,0.25,38,0.0017141135407061539,0.5196433513186272,0.519665124236799,28066,11934,0.70
oscillations_3_0.25_39,oscillations,3,-17.0,8.65,0.25,39,-0.0009509063280609856,0.5394841229913686,0.5395067101974323,28057,11943,0.70
oscillations_3_0.25_40,oscillations,3,-17.0,8.65,0.25,40,-0.00044759356667193706,0.5126399629201919,0.5126614280081494,28058,11942,0.70
oscillations_3_0.25_41,oscillations,3,-17.0,8.65,0.25,41,-0.0009833087373263166,0.5095698667544124,0.5095912229651783,28069,11931,0.70
oscillations_3_0.25_42,oscillations,3,-17.0,8.65,0.25,42,0.00028601577269975046,0.5444847751519588,0.544507583185277,28063,11937,0.70
oscillations_3_0.25_43,oscillations,3,-17.0,8.65,0.25,43,-1.9811219582433976e-07,0.5524621301513564,0.552485280107584,28067,11933,0.70
oscillations_3_0.25_44,oscillations,3,-17.0,8.65,0.25,44,0.00017572954084476005,0.49601891732554015,0.49603967950789474,28054,11946,0.70
oscillations_3_0.25_45,oscillations,3,-17.0,8.65,0.25,45,-0.00029154800977716354,0.5274548441937708,0.5274769259070575,28056,11944,0.70
oscillations_3_0.25_46,oscillations,3,-17.0,8.65,0.25,46,0.00047815924907740885,0.5542309823127427,0.5542541791729522,28053,11947,0.70
oscillations_3_0.25_47,oscillations,3,-17.0,8.65,0.25,47,-0.0008352771481562764,0.5415795830818886,0.5416022504286844,28053,11947,0.70
oscillations_3_0.25_48,oscillations,3,-17.0,8.65,0.25,48,-0.002361248845365936,0.5382680564089145,0.5382905889269314,28055,11945,0.70
oscillations_3_0.25_49,oscillations,3,-17.0,8.65,0.25,49,-0.0009596028278871437,0.5326704090445629,0.5326927016394812,28052,11948,0.70
oscillations_3_0.5_0,oscillations,3,-17.0,8.65,0.5,0,0.0009004686669767367,0.5413734396227453,0.5413961154249552,28062,11938,0.70
oscillations_3_0.5_1,oscillations,3,-17.0,8.65,0.5,1,0.00013451945242832055,0.5398050971299949,0.5398277091353302,28063,11937,0.70
oscillations_3_0.5_2,oscillations,3,-17.0,8.65,0.5,2,0.0017227715377938076,0.5242100601817675,0.5242320318086684,28070,11930,0.70
oscillations_3_0.5_3,oscillations,3,-17.0,8.65,0.5,3,0.0007415648201101736,0.5322246152269302,0.5322469078242814,28062,11938,0.70
oscillations_3_0.5_4,oscillations,3,-17.0,8.65,0.5,4,0.0007304140741150002,0.5551779903355673,0.5552012560449682,28068,11932,0.70
oscillations_3_0.5_5,oscillations,3,-17.0,8.65,0.5,5,-0.0012276213352586563,0.5340315115488994,0.5340538892023924,28067,11933,0.70
oscillations_3_0.5_6,oscillations,3,-17.0,8.65,0.5,6,-0.0009497200218330187,0.5343761153997464,0.5343984887429453,28057,11943,0.70
oscillations_3_0.5_7,oscillations,3,-17.0,8.65,0.5,7,-0.0013526406802131493,0.5228025272825385,0.5228244178939699,28058,11942,0.70
oscillations_3_0.5_8,oscillations,3,-17.0,8.65,0.5,8,3.8163084754700105e-05,0.5331185166941947,0.5331408429926192,28060,11940,0.70
oscillations_3_0.5_9,oscillations,3,-17.0,8.65,0.5,9,-0.0003348976091941827,0.5327897616946147,0.5328120667523639,28056,11944,0.70
oscillations_3_0.5_10,oscillations,3,-17.0,8.65,0.5,10,-0.0007446722197088222,0.5103881413621079,0.5104095050063006,28054,11946,0.70
oscillations_3_0.5_11,oscillations,3,-17.0,8.65,0.5,11,0.0010353604650389595,0.543601076724998,0.5436238534654905,28066,11934,0.70
oscillations_3_0.5_12,oscillations,3,-17.0,8.65,0.5,12,-3.70769566288935e-05,0.5507884275669503,0.5508114803419972,28053,11947,0.70
oscillations_3_0.5_13,oscillations,3,-17.0,8.65,0.5,13,-0.001200667496125824,0.5259296146616942,0.5259516435885782,28062,11938,0.70
oscillations_3_0.5_14,oscillations,3,-17.0,8.65,0.5,14,0.0011014078106798303,0.5205063090468349,0.52052809621367,28054,11946,0.70
oscillations_3_0.5_15,oscillations,3,-17.0,8.65,0.5,15,-0.0005963100875022409,0.5316523580138889,0.5316746173183854,28057,11943,0.70
oscillations_3_0.5_16,oscillations,3,-17.0,8.65,0.5,16,-0.001413269836946651,0.5299541946348755,0.5299763865569401,28059,11941,0.70
oscillations_3_0.5_17,oscillations,3,-17.0,8.65,0.5,17,-0.0008437877347433798,0.532518977463257,0.5325413085800959,28076,11924,0.70
oscillations_3_0.5_18,oscillations,3,-17.0,8.65,0.5,18,0.0002207982502689925,0.5225564973908475,0.5225783777005982,28058,11942,0.70
oscillations_3_0.5_19,oscillations,3,-17.0,8.65,0.5,19,0.0002857146138222003,0.5363767707453377,0.5363992203329062,28053,11947,0.70
oscillations_3_0.5_20,oscillations,3,-17.0,8.65,0.5,20,4.0061164741545324e-05,0.535051634074495,0.5350740300743405,28054,11946,0.70
oscillations_3_0.5_21,oscillations,3,-17.0,8.65,0.5,21,0.00015785654056819017,0.5303650575644627,0.5303872611128183,28056,11944,0.70
oscillations_3_0.5_22,oscillations,3,-17.0,8.65,0.5,22,-0.001187449025856558,0.5422127078622292,0.5422354264304357,28066,11934,0.70
oscillations_3_0.5_23,oscillations,3,-17.0,8.65,0.5,23,0.0011552101476648305,0.5346634839364643,0.5346858824402314,28064,11936,0.70
oscillations_3_0.5_24,oscillations,3,-17.0,8.65,0.5,24,-9.934536315556786e-06,0.5333850922148623,0.533407429677117,28060,11940,0.70
oscillations_3_0.5_25,oscillations,3,-17.0,8.65,0.5,25,0.0008588580877140354,0.5178157079671907,0.5178374024896029,28065,11935,0.70
oscillations_3_0.5_26,oscillations,3,-17.0,8.65,0.5,26,0.0003383480506010213,0.5387669734315161,0.5387895495162306,28067,11933,0.70
oscillations_3_0.5_27,oscillations,3,-17.0,8.65,0.5,27,0.0009707499863137138,0.546198518489051,0.5462213791574083,28053,11947,0.70
oscillations_3_0.5_28,oscillations,3,-17.0,8.65,0.5,28,-0.0005347073352063253,0.5321464053496274,0.5321686834734874,28056,11944,0.70
oscillations_3_0.5_29,oscillations,3,-17.0,8.65,0.5,29,-0.0007115129896664583,0.517789690051944,0.5178113762157569,28061,11939,0.70
oscillations_3_0.5_30,oscillations,3,-17.0,8.65,0.5,30,-0.0010226862068423229,0.5320748091789647,0.5320970917682987,28060,11940,0.70
oscillations_3_0.5_31,oscillations,3,-17.0,8.65,0.5,31,0.00024947264602533906,0.5215276403502964,0.5215494885579409,28064,11936,0.70
oscillations_3_0.5_32,oscillations,3,-17.0,8.65,0.5,32,0.0012103923147134335,0.5152019463925289,0.5152235007046978,28048,11952,0.70
oscillations_3_0.5_33,oscillations,3,-17.0,8.65,0.5,33,0.0007849056182504999,0.5078386020095458,0.5078598714000441,28061,11939,0.70
oscillations_3_0.5_34,oscillations,3,-17.0,8.65,0.5,34,0.0011935526546098883,0.548498420007907,0.5485213980946771,28064,11936,0.70
oscillations_3_0.5_35,oscillations,3,-17.0,8.65,0.5,35,3.4393791654467045e-05,0.5345407361278498,0.5345631182376106,28058,11942,0.70
oscillations_3_0.5_36,oscillations,3,-17.0,8.65,0.5,36,-0.0017322473028968544,0.5313672597507855,0.5313895257634815,28067,11933,0.70
oscillations_3_0.5_37,oscillations,3,-17.0,8.65,0.5,37,9.966755615315079e-05,0.5335073936222202,0.5335297305936392,28057,11943,0.70
oscillations_3_0.5_38,oscillations,3,-17.0,8.65,0.5,38,0.0008765613085551012,0.51825074499484,0.5182724595631772,28066,11934,0.70
oscillations_3_0.5_39,oscillations,3,-17.0,8.65,0.5,39,-0.00024076028554857086,0.5341404983647642,0.534162861843112,28057,11943,0.70
oscillations_3_0.5_40,oscillations,3,-17.0,8.65,0.5,40,-0.00014381718211164694,0.5097099960324851,0.5097313384378555,28058,11942,0.70
oscillations_3_0.5_41,oscillations,3,-17.0,8.65,0.5,41,0.0001525174281424448,0.5088700995591924,0.508891426442526,28069,11931,0.70
oscillations_3_0.5_42,oscillations,3,-17.0,8.65,0.5,42,0.0007297788896516204,0.5407358803483064,0.540758531343409,28063,11937,0.70
oscillations_3_0.5_43,oscillations,3,-17.0,8.65,0.5,43,0.0008326137660703269,0.5523943873239047,0.5524175344414879,28067,11933,0.70
oscillations_3_0.5_44,oscillations,3,-17.0,8.65,0.5,44,-0.00022649333632264614,0.49613816039246106,0.4961589275660493,28054,11946,0.70
oscillations_3_0.5_45,oscillations,3,-17.0,8.65,0.5,45,-0.0006117579924914155,0.5228742285990302,0.5228961185464409,28056,11944,0.70
oscillations_3_0.5_46,oscillations,3,-17.0,8.65,0.5,46,0.00014249825577595534,0.5391559675602056,0.539178533468662,28053,11947,0.70
oscillations_3_0.5_47,oscillations,3,-17.0,8.65,0.5,47,-0.00034468222281816845,0.5357328137453173,0.5357552363806205,28053,11947,0.70
oscillations_3_0.5_48,oscillations,3,-17.0,8.65,0.5,48,-0.002396683546021302,0.5325915752806311,0.5326138701746391,28055,11945,0.70
oscillations_3_0.5_49,oscillations,3,-17.0,8.65,0.5,49,-0.0011201173222362502,0.5278019959758157,0.5278240848245552,28052,11948,0.70
oscillations_3_0.75_0,oscillations,3,-17.0,8.65,0.75,0,0.0002957211042273186,0.5418732011458147,0.5418958978808828,28062,11938,0.70
oscillations_3_0.75_1,oscillations,3,-17.0,8.65,0.75,1,0.00013540259485931398,0.5346276834913362,0.5346500786189401,28063,11937,0.70
oscillations_3_0.75_2,oscillations,3,-17.0,8.65,0.75,2,0.0025801258933688454,0.5173634047804542,0.5173850894381237,28070,11930,0.70
oscillations_3_0.75_3,oscillations,3,-17.0,8.65,0.75,3,0.000913307693150321,0.532634149754121,0.5326564595051101,28062,11938,0.70
oscillations_3_0.75_4,oscillations,3,-17.0,8.65,0.75,4,-0.0007087055041163892,0.5560002666932968,0.5560235668616337,28068,11932,0.70
oscillations_3_0.75_5,oscillations,3,-17.0,8.65,0.75,5,-0.00020905803488418485,0.5356348323564335,0.5356572771942717,28067,11933,0.70
oscillations_3_0.75_6,oscillations,3,-17.0,8.65,0.75,6,-0.00033458675144380784,0.5365011225329888,0.5365235848463202,28057,11943,0.70
oscillations_3_0.75_7,oscillations,3,-17.0,8.65,0.75,7,-0.002619141667280806,0.5217892744352293,0.5218111226200786,28058,11942,0.70
oscillations_3_0.75_8,oscillations,3,-17.0,8.65,0.75,8,-0.0008063988434700602,0.5291944320086988,0.5292165939716462,28060,11940,0.70
oscillations_3_0.75_9,oscillations,3,-17.0,8.65,0.75,9,0.0003497218746847258,0.5316716052556022,0.5316938635021218,28056,11944,0.70
oscillations_3_0.75_10,oscillations,3,-17.0,8.65,0.75,10,-0.0015008917682677078,0.5080068928891078,0.5080281568598539,28054,11946,0.70
oscillations_3_0.75_11,oscillations,3,-17.0,8.65,0.75,11,0.00044765913294194954,0.5463508745491941,0.5463737665054839,28066,11934,0.70
oscillations_3_0.75_12,oscillations,3,-17.0,8.65,0.75,12,-0.00026279460884512943,0.5394873394597673,0.5395099192375091,28053,11947,0.70
oscillations_3_0.75_13,oscillations,3,-17.0,8.65,0.75,13,-0.002378895076464032,0.5224193151578645,0.5224411970534178,28062,11938,0.70
oscillations_3_0.75_14,oscillations,3,-17.0,8.65,0.75,14,0.0017327770980901179,0.5244592476867173,0.5244812003142435,28054,11946,0.70
oscillations_3_0.75_15,oscillations,3,-17.0,8.65,0.75,15,-0.0008579538521492449,0.5341991403236116,0.5342215062571902,28057,11943,0.70
oscillations_3_0.75_16,oscillations,3,-17.0,8.65,0.75,16,0.0011923872298046818,0.5287018666925856,0.5287240061732046,28059,11941,0.70
oscillations_3_0.75_17,oscillations,3,-17.0,8.65,0.75,17,-0.0001725761074495126,0.5305958208766022,0.5306180713461096,28076,11924,0.70
oscillations_3_0.75_18,oscillations,3,-17.0,8.65,0.75,18,0.0007834003185970847,0.5249758727050533,0.5249978543180727,28058,11942,0.70
oscillations_3_0.75_19,oscillations,3,-17.0,8.65,0.75,19,0.0004460436643509861,0.5273974562815331,0.5274195300476318,28053,11947,0.70
oscillations_3_0.75_20,oscillations,3,-17.0,8.65,0.75,20,-9.523831837484027e-05,0.5330928526139699,0.533115166623842,28054,11946,0.70
oscillations_3_0.75_21,oscillations,3,-17.0,8.65,0.75,21,0.000995696715249059,0.5259564672028865,0.5259784861871426,28056,11944,0.70
oscillations_3_0.75_22,oscillations,3,-17.0,8.65,0.75,22,-0.0012442242686784596,0.5477653657625166,0.5477883169856118,28066,11934,0.70
oscillations_3_0.75_23,oscillations,3,-17.0,8.65,0.75,23,0.0006888795440632864,0.5458568511906695,0.545879718614956,28064,11936,0.70
oscillations_3_0.75_24,oscillations,3,-17.0,8.65,0.75,24,0.0005886034270621195,0.5251427835923105,0.5251647758775806,28060,11940,0.70
oscillations_3_0.75_25,oscillations,3,-17.0,8.65,0.75,25,0.000505012053931364,0.5196728118107902,0.5196945841388393,28065,11935,0.70
oscillations_3_0.75_26,oscillations,3,-17.0,8.65,0.75,26,-0.0006364647277053373,0.5366703416519321,0.5366928298809704,28067,11933,0.70
oscillations_3_0.75_27,oscillations,3,-17.0,8.65,0.75,27,0.0011134340315452802,0.5360498912493541,0.5360723271556629,28053,11947,0.70
oscillations_3_0.75_28,oscillations,3,-17.0,8.65,0.75,28,-0.0003587029656057891,0.5254838874956578,0.5255058866955291,28056,11944,0.70
oscillations_3_0.75_29,oscillations,3,-17.0,8.65,0.75,29,0.0005492390737231153,0.5199648862322912,0.5199866634980739,28061,11939,0.70
oscillations_3_0.75_30,oscillations,3,-17.0,8.65,0.75,30,-0.001687276604406974,0.5291895568560689,0.5292117186148515,28060,11940,0.70
oscillations_3_0.75_31,oscillations,3,-17.0,8.65,0.75,31,0.00035671368482540297,0.5232240191953339,0.5232459384688901,28064,11936,0.70
oscillations_3_0.75_32,oscillations,3,-17.0,8.65,0.75,32,0.0011603597763063015,0.508938527172392,0.5089598194442211,28048,11952,0.70
oscillations_3_0.75_33,oscillations,3,-17.0,8.65,0.75,33,-0.0001718471469595209,0.5088506335352337,0.5088719453118241,28061,11939,0.70
oscillations_3_0.75_34,oscillations,3,-17.0,8.65,0.75,34,0.0015438627266603213,0.547493901119619,0.547516837124368,28064,11936,0.70
oscillations_3_0.75_35,oscillations,3,-17.0,8.65,0.75,35,7.343953872976265e-06,0.5382983901292864,0.5383209295782706,28058,11942,0.70
oscillations_3_0.75_36,oscillations,3,-17.0,8.65,0.75,36,-0.001882671240615606,0.5271982502177194,0.5272203415353858,28067,11933,0.70
oscillations_3_0.75_37,oscillations,3,-17.0,8.65,0.75,37,-0.0007489309593250847,0.5323405000226087,0.532362788138343,28057,11943,0.70
oscillations_3_0.75_38,oscillations,3,-17.0,8.65,0.75,38,0.0022689564661787214,0.5099462077133378,0.5099675743237724,28066,11934,0.70
oscillations_3_0.75_39,oscillations,3,-17.0,8.65,0.75,39,-0.0012366658139777705,0.5266901842835876,0.5267122358310143,28057,11943,0.70
oscillations_3_0.75_40,oscillations,3,-17.0,8.65,0.75,40,-0.0010397591914550989,0.5053837433757028,0.5054049046336782,28058,11942,0.70
oscillations_3_0.75_41,oscillations,3,-17.0,8.65,0.75,41,0.00022707099276422134,0.5057125420773384,0.505733736626585,28069,11931,0.70
oscillations_3_0.75_42,oscillations,3,-17.0,8.65,0.75,42,0.0016664781808581421,0.5359645873336185,0.535987038463059,28063,11937,0.70
oscillations_3_0.75_43,oscillations,3,-17.0,8.65,0.75,43,-1.8471092507788603e-05,0.5573154741072252,0.5573388274343157,28067,11933,0.70
oscillations_3_0.75_44,oscillations,3,-17.0,8.65,0.75,44,0.0005435306449547174,0.4938413127804434,0.4938619838134062,28054,11946,0.70
oscillations_3_0.75_45,oscillations,3,-17.0,8.65,0.75,45,-0.0011034380686303607,0.515570056433427,0.5155916405942149,28056,11944,0.70
oscillations_3_0.75_46,oscillations,3,-17.0,8.65,0.75,46,0.0005752262823868142,0.5538741560941222,0.5538973380196778,28053,11947,0.70
oscillations_3_0.75_47,oscillations,3,-17.0,8.65,0.75,47,-0.001017802569728292,0.5370162087697659,0.5370386851204619,28053,11947,0.70
oscillations_3_0.75_48,oscillations,3,-17.0,8.65,0.75,48,-0.0021184935856313745,0.5286661165614494,0.5286882471312546,28055,11945,0.70
oscillations_3_0.75_49,oscillations,3,-17.0,8.65,0.75,49,-0.0005941094207263599,0.5294763728576968,0.5294985317801723,28052,11948,0.70
oscillations_3_1_0,oscillations,3,,10.74,1.0,0,-0.00048343265222458375,0.534344051796876,0.5343664331682988,28062,11938,0.70
oscillations_3_1_1,oscillations,3,,10.74,1.0,1,-0.00011458016615251254,0.5346229978029694,0.5346453927342937,28063,11937,0.70
oscillations_3_1_2,oscillations,3,,10.74,1.0,2,0.0029446100192881347,0.5207017871412414,0.520723611723146,28070,11930,0.70
oscillations_3_1_3,oscillations,3,,10.74,1.0,3,0.0015351658678171198,0.5321585248362494,0.5321808146653587,28062,11938,0.70
oscillations_3_1_4,oscillations,3,,10.74,1.0,4,-0.00098429440614627,0.5455126183449743,0.5455354790099752,28068,11932,0.70
oscillations_3_1_5,oscillations,3,,10.74,1.0,5,-0.00044268271346009077,0.5366488938558835,0.5366713811861897,28067,11933,0.70
oscillations_3_1_6,oscillations,3,,10.74,1.0,6,-0.00040270515967755677,0.5387838193584805,0.5388063772441217,28057,11943,0.70
oscillations_3_1_7,oscillations,3,,10.74,1.0,7,-0.0017585383867069065,0.5189416870246365,0.5189634159762644,28058,11942,0.70
oscillations_3_1_8,oscillations,3,,10.74,1.0,8,-0.0020934260598254586,0.5337467579267461,0.5337691105350826,28060,11940,0.70
oscillations_3_1_9,oscillations,3,,10.74,1.0,9,0.0005416927704594522,0.527171231519742,0.527193301359683,28056,11944,0.70
oscillations_3_1_10,oscillations,3,,10.74,1.0,10,-0.0014540968614984624,0.5018273975443225,0.5018484028559637,28054,11946,0.70
oscillations_3_1_11,oscillations,3,,10.74,1.0,11,0.0004935507838471481,0.5378857169493164,0.5379082542177549,28066,11934,0.70
oscillations_3_1_12,oscillations,3,,10.74,1.0,12,-0.00039455466216496346,0.5375435504137575,0.5375660488358835,28053,11947,0.70
oscillations_3_1_13,oscillations,3,,10.74,1.0,13,-0.0023842300061800614,0.5235517865064451,0.5235737158363467,28062,11938,0.70
oscillations_3_1_14,oscillations,3,,10.74,1.0,14,0.00029509482818224016,0.5224023858153453,0.5224242523474834,28054,11946,0.70
oscillations_3_1_15,oscillations,3,,10.74,1.0,15,-0.0005906275049880123,0.5278101091812039,0.5278322076178222,28057,11943,0.70
oscillations_3_1_16,oscillations,3,,10.74,1.0,16,0.0016581517570586812,0.5279248531320958,0.5279469600751399,28059,11941,0.70
oscillations_3_1_17,oscillations,3,,10.74,1.0,17,0.00019415068761367648,0.5281876997095218,0.5282098491947688,28076,11924,0.70
oscillations_3_1_18,oscillations,3,,10.74,1.0,18,-0.00043078443929906823,0.5238023886583315,0.5238243211356219,28058,11942,0.70
oscillations_3_1_19,oscillations,3,,10.74,1.0,19,-0.000405695610873164,0.5319784658250059,0.5320007313253118,28053,11947,0.70
oscillations_3_1_20,oscillations,3,,10.74,1.0,20,-2.2456369957121734e-05,0.5326674419785155,0.5326897381817013,28054,11946,0.70
oscillations_3_1_21,oscillations,3,,10.74,1.0,21,0.00133225650719803,0.5182744916940365,0.5182961890750644,28056,11944,0.70
oscillations_3_1_22,oscillations,3,,10.74,1.0,22,-0.0009204394717666124,0.5459977080676951,0.5460205852264032,28066,11934,0.70
oscillations_3_1_23,oscillations,3,,10.74,1.0,23,0.00172967450319365,0.5264765663810772,0.5264986219126585,28064,11936,0.70
oscillations_3_1_24,oscillations,3,,10.74,1.0,24,0.001307066814759481,0.5271413758657246,0.527163451849396,28060,11940,0.70
oscillations_3_1_25,oscillations,3,,10.74,1.0,25,-0.0012304540383558241,0.5189742669371091,0.5189960099987663,28065,11935,0.70
oscillations_3_1_26,oscillations,3,,10.74,1.0,26,9.446592278589986e-05,0.5356445466719816,0.5356669919168812,28067,11933,0.70
oscillations_3_1_27,oscillations,3,,10.74,1.0,27,0.0012292947129395966,0.5295334393525378,0.5295556025183675,28053,11947,0.70
oscillations_3_1_28,oscillations,3,,10.74,1.0,28,0.0009086457606185374,0.5309876108545755,0.5310098404659077,28056,11944,0.70
oscillations_3_1_29,oscillations,3,,10.74,1.0,29,-0.001170520289337418,0.5214301012612449,0.5214519398934352,28061,11939,0.70
oscillations_3_1_30,oscillations,3,,10.74,1.0,30,-0.0011952159711408781,0.5362648691243421,0.5362873271878452,28060,11940,0.70
oscillations_3_1_31,oscillations,3,,10.74,1.0,31,-0.0002365536887615167,0.5255463171483952,0.5255683337093127,28064,11936,0.70
oscillations_3_1_32,oscillations,3,,10.74,1.0,32,0.0010543606041989925,0.5026047287384513,0.5026257560255115,28048,11952,0.70
oscillations_3_1_33,oscillations,3,,10.74,1.0,33,-0.0007749340104368286,0.5066746813896024,0.5066959020325614,28061,11939,0.70
oscillations_3_1_34,oscillations,3,,10.74,1.0,34,0.001702015220292702,0.5438569860323623,0.5438797696768721,28064,11936,0.70
oscillations_3_1_35,oscillations,3,,10.74,1.0,35,-0.0012432086095720285,0.5301402260096152,0.5301624238626976,28058,11942,0.70
oscillations_3_1_36,oscillations,3,,10.74,1.0,36,-0.0010120412592207056,0.5289357767893424,0.5289579409150111,28067,11933,0.70
oscillations_3_1_37,oscillations,3,,10.74,1.0,37,2.2820572702606193e-05,0.5426340925251516,0.5426568116146347,28057,11943,0.70
oscillations_3_1_38,oscillations,3,,10.74,1.0,38,0.0029019894319789645,0.5064289507015115,0.5064501699398131,28066,11934,0.70
oscillations_3_1_39,oscillations,3,,10.74,1.0,39,-0.0006677589086555493,0.5295375684677789,0.5295597392299343,28057,11943,0.70
oscillations_3_1_40,oscillations,3,,10.74,1.0,40,-0.001939352981861474,0.5087035496616412,0.5087248499254279,28058,11942,0.70
oscillations_3_1_41,oscillations,3,,10.74,1.0,41,-5.592122169712194e-05,0.5039183101946305,0.5039394295471342,28069,11931,0.70
oscillations_3_1_42,oscillations,3,,10.74,1.0,42,0.0015182984245811154,0.537638693515048,0.5376612147714623,28063,11937,0.70
oscillations_3_1_43,oscillations,3,,10.74,1.0,43,0.00022237435179618562,0.550993275937242,0.551016364343711,28067,11933,0.70
oscillations_3_1_44,oscillations,3,,10.74,1.0,44,7.417402023805045e-05,0.4937263770218386,0.4937470432438615,28054,11946,0.70
oscillations_3_1_45,oscillations,3,,10.74,1.0,45,-0.0005438267991671529,0.5144277246453033,0.5144492609827689,28056,11944,0.70
oscillations_3_1_46,oscillations,3,,10.74,1.0,46,-0.00031076184063937723,0.5524085176402369,0.5524316382227578,28053,11947,0.70
oscillations_3_1_47,oscillations,3,,10.74,1.0,47,-0.0008180235028765575,0.529332648935852,0.5293548036977718,28053,11947,0.70
oscillations_3_1_48,oscillations,3,,10.74,1.0,48,-0.0022095839722484473,0.5245617506314111,0.5245837093877523,28055,11945,0.70
oscillations_3_1_49,oscillations,3,,10.74,1.0,49,0.00016517941203928501,0.5304228548279527,0.5304450533612998,28052,11948,0.70
oscillations_4_0_0,oscillations,4,-22.0,7.18,0.0,0,0.0007224415514147808,0.582672003525932,0.5826964091471505,28062,11938,0.70
oscillations_4_0_1,oscillations,4,-22.0,7.18,0.0,1,-0.0005631963922538717,0.5929960691492953,0.5930209092820593,28063,11937,0.70
oscillations_4_0_2,oscillations,4,-22.0,7.18,0.0,2,0.0008319033254836077,0.5615533142553997,0.561576851079362,28070,11930,0.70
oscillations_4_0_3,oscillations,4,-22.0,7.18,0.0,3,0.001063914702914959,0.5830338403594697,0.5830582611364751,28062,11938,0.70
oscillations_4_0_4,oscillations,4,-22.0,7.18,0.0,4,-0.00018323529012662898,0.6122135357986954,0.6122391916828679,28068,11932,0.70
oscillations_4_0_5,oscillations,4,-22.0,7.18,0.0,5,-0.00048468397263787196,0.5873511571390408,0.587375769058729,28067,11933,0.70
oscillations_4_0_6,oscillations,4,-22.0,7.18,0.0,6,-0.0006204632162772265,0.5792845151756825,0.5793087687508224,28057,11943,0.70
oscillations_4_0_7,oscillations,4,-22.0,7.18,0.0,7,-0.001464627380989653,0.572833911493552,0.572857897002261,28058,11942,0.70
oscillations_4_0_8,oscillations,4,-22.0,7.18,0.0,8,0.00017347996412209597,0.5868795503400113,0.5869041280794253,28060,11940,0.70
oscillations_4_0_9,oscillations,4,-22.0,7.18,0.0,9,0.0003087105436480614,0.5795121438595734,0.5795364049335738,28056,11944,0.70
oscillations_4_0_10,oscillations,4,-22.0,7.18,0.0,10,-0.0006520108460088942,0.558067306959572,0.5580906663412176,28054,11946,0.70
oscillations_4_0_11,oscillations,4,-22.0,7.18,0.0,11,0.0007705209175106897,0.593197846801547,0.5932227016335107,28066,11934,0.70
oscillations_4_0_12,oscillations,4,-22.0,7.18,0.0,12,-0.0006656085561139576,0.5888721198407243,0.5888967665758963,28053,11947,0.70
oscillations_4_0_13,oscillations,4,-22.0,7.18,0.0,13,-0.0015384684683129757,0.572097771681213,0.5721217343933926,28062,11938,0.70
oscillations_4_0_14,oscillations,4,-22.0,7.18,0.0,14,0.0004270761008770168,0.5774984360756744,0.5775226087985696,28054,11946,0.70
oscillations_4_0_15,oscillations,4,-22.0,7.18,0.0,15,-0.000834534661171049,0.5806608395438203,0.5806851507431252,28057,11943,0.70
oscillations_4_0_16,oscillations,4,-22.0,7.18,0.0,16,0.0002861908043344164,0.5905013476787752,0.5905260750231749,28059,11941,0.70
oscillations_4_0_17,oscillations,4,-22.0,7.18,0.0,17,0.00013253585845161267,0.5808798366776704,0.580904195801103,28076,11924,0.70
oscillations_4_0_18,oscillations,4,-22.0,7.18,0.0,18,-0.00026128616909418836,0.583821023141627,0.5838454686989764,28058,11942,0.70
oscillations_4_0_19,oscillations,4,-22.0,7.18,0.0,19,-0.0004353225217426316,0.5784272754385287,0.5784514850137381,28053,11947,0.70
oscillations_4_0_20,oscillations,4,-22.0,7.18,0.0,20,0.00046956298676848574,0.5908141876270208,0.5908389177158798,28054,11946,0.70
oscillations_4_0_21,oscillations,4,-22.0,7.18,0.0,21,7.031480170865673e-05,0.5742546589373421,0.5742786999085681,28056,11944,0.70
oscillations_4_0_22,oscillations,4,-22.0,7.18,0.0,22,-0.0010822207756953715,0.5926016813893386,0.5926265112421301,28066,11934,0.70
oscillations_4_0_23,oscillations,4,-22.0,7.18,0.0,23,0.0009606139449750259,0.5859996193649774,0.5860241684787212,28064,11936,0.70
oscillations_4_0_24,oscillations,4,-22.0,7.18,0.0,24,-3.7083452731788064e-05,0.5854711195166485,0.5854956382728423,28060,11940,0.70
oscillations_4_0_25,oscillations,4,-22.0,7.18,0.0,25,0.0003929189982425331,0.567170938085746,0.567194700405889,28065,11935,0.70
oscillations_4_0_26,oscillations,4,-22.0,7.18,0.0,26,-0.0004390016058545415,0.5932473235860707,0.5932721825742685,28067,11933,0.70
oscillations_4_0_27,oscillations,4,-22.0,7.18,0.0,27,0.0004562463664237893,0.5978353615928597,0.597860383476792,28053,11947,0.70
oscillations_4_0_28,oscillations,4,-22.0,7.18,0.0,28,0.00038927085006714774,0.5898566157218021,0.5898813098635132,28056,11944,0.70
oscillations_4_0_29,oscillations,4,-22.0,7.18,0.0,29,0.0009467698780253792,0.5683720790110068,0.5683958836758136,28061,11939,0.70
oscillations_4_0_30,oscillations,4,-22.0,7.18,0.0,30,-0.00015307809113521115,0.5792994642745025,0.5793237245699369,28060,11940,0.70
oscillations_4_0_31,oscillations,4,-22.0,7.18,0.0,31,5.1335702831083455e-05,0.5749107867402654,0.574934871312729,28064,11936,0.70
oscillations_4_0_32,oscillations,4,-22.0,7.18,0.0,32,0.00030608794842329327,0.5557765317408979,0.5557997835568997,28048,11952,0.70
oscillations_4_0_33,oscillations,4,-22.0,7.18,0.0,33,-0.0004938703899528911,0.5566419317795653,0.5566652451601707,28061,11939,0.70
oscillations_4_0_34,oscillations,4,-22.0,7.18,0.0,34,0.00034463357255712455,0.6069723295816741,0.6069977572991433,28064,11936,0.70
oscillations_4_0_35,oscillations,4,-22.0,7.18,0.0,35,-0.000774524001854498,0.6044550321078705,0.6044803416454974,28058,11942,0.70
oscillations_4_0_36,oscillations,4,-22.0,7.18,0.0,36,-0.0003480930528572072,0.5826831255222206,0.5827075418362341,28067,11933,0.70
oscillations_4_0_37,oscillations,4,-22.0,7.18,0.0,37,-0.0002583145270863399,0.5812257182484406,0.5812500530981759,28057,11943,0.70
oscillations_4_0_38,oscillations,4,-22.0,7.18,0.0,38,0.0009149895057851363,0.5560953343330267,0.5561186345795889,28066,11934,0.70
oscillations_4_0_39,oscillations,4,-22.0,7.18,0.0,39,-0.0006345400757951579,0.5856601193208125,0.585684639830749,28057,11943,0.70
oscillations_4_0_40,oscillations,4,-22.0,7.18,0.0,40,-0.00037544716349828625,0.5637445518896338,0.5637681568117373,28058,11942,0.70
oscillations_4_0_41,oscillations,4,-22.0,7.18,0.0,41,0.0004043560407545113,0.5519121323594682,0.5519352631460235,28069,11931,0.70
oscillations_4_0_42,oscillations,4,-22.0,7.18,0.0,42,0.0003101583705216744,0.589035241179544,0.5890599153963808,28063,11937,0.70
oscillations_4_0_43,oscillations,4,-22.0,7.18,0.0,43,1.534367336185805e-06,0.6050739403826615,0.6050992949444854,28067,11933,0.70
oscillations_4_0_44,oscillations,4,-22.0,7.18,0.0,44,0.00019591275293863398,0.5465289007731868,0.546551777184355,28054,11946,0.70
oscillations_4_0_45,oscillations,4,-22.0,7.18,0.0,45,-0.0007358548839050254,0.5754512769829087,0.5754753680501322,28056,11944,0.70
oscillations_4_0_46,oscillations,4,-22.0,7.18,0.0,46,5.315887152239782e-05,0.5975921900730439,0.5976172017792418,28053,11947,0.70
oscillations_4_0_47,oscillations,4,-22.0,7.18,0.0,47,-0.0003393655709076245,0.5882854369874443,0.588310059167511,28053,11947,0.70
oscillations_4_0_48,oscillations,4,-22.0,7.18,0.0,48,-0.00033534721180389663,0.5835170400694663,0.5835414667618214,28055,11945,0.70
oscillations_4_0_49,oscillations,4,-22.0,7.18,0.0,49,-0.0008547248427633609,0.5831747693831003,0.5831991756175743,28052,11948,0.70
oscillations_4_0.25_0,oscillations,4,-22.0,7.18,0.25,0,0.0011226834201457055,0.5732063896998584,0.573230398847273,28062,11938,0.70
oscillations_4_0.25_1,oscillations,4,-22.0,7.18,0.25,1,0.00029339630187586417,0.5780069652053236,0.5780311774564686,28063,11937,0.70
oscillations_4_0.25_2,oscillations,4,-22.0,7.18,0.25,2,0.0022104355879922783,0.5614788444105733,0.5615023781132225,28070,11930,0.70
oscillations_4_0.25_3,oscillations,4,-22.0,7.18,0.25,3,0.0017501445080338029,0.5612588787810858,0.5612823874987146,28062,11938,0.70
oscillations_4_0.25_4,oscillations,4,-22.0,7.18,0.25,4,0.0005850005758046883,0.5896918822111479,0.5897165942858453,28068,11932,0.70
oscillations_4_0.25_5,oscillations,4,-22.0,7.18,0.25,5,0.00042538759496665293,0.5763229696349511,0.5763471194377917,28067,11933,0.70
oscillations_4_0.25_6,oscillations,4,-22.0,7.18,0.25,6,-0.0005250924515948721,0.5648904118976713,0.5649140628182326,28057,11943,0.70
oscillations_4_0.25_7,oscillations,4,-22.0,7.18,0.25,7,-0.0015457216716345205,0.5606699981363654,0.5606934743217891,28058,11942,0.70
oscillations_4_0.25_8,oscillations,4,-22.0,7.18,0.25,8,-0.00036516682659020757,0.5659640724816056,0.5659877743084678,28060,11940,0.70
oscillations_4_0.25_9,oscillations,4,-22.0,7.18,0.25,9,0.00012711897401431507,0.569145588028423,0.5691694151101754,28056,11944,0.70
oscillations_4_0.25_10,oscillations,4,-22.0,7.18,0.25,10,-0.0014062716264161314,0.5402304241546189,0.5402530369264065,28054,11946,0.70
oscillations_4_0.25_11,oscillations,4,-22.0,7.18,0.25,11,0.0005626303972961588,0.5828915098224156,0.5829159328216018,28066,11934,0.70
oscillations_4_0.25_12,oscillations,4,-22.0,7.18,0.25,12,-0.0007931928463081127,0.5822152774618273,0.5822396455805975,28053,11947,0.70
oscillations_4_0.25_13,oscillations,4,-22.0,7.18,0.25,13,-0.000731016822042063,0.5588669590728756,0.5588903676032875,28062,11938,0.70
oscillations_4_0.25_14,oscillations,4,-22.0,7.18,0.25,14,0.000608327071148178,0.5579817154740113,0.5580050712729991,28054,11946,0.70
oscillations_4_0.25_15,oscillations,4,-22.0,7.18,0.25,15,-0.00046496395864177494,0.5680828304485687,0.5681066150298116,28057,11943,0.70
oscillations_4_0.25_16,oscillations,4,-22.0,7.18,0.25,16,0.0006508280341940024,0.572672948439251,0.5726969292163993,28059,11941,0.70
oscillations_4_0.25_17,oscillations,4,-22.0,7.18,0.25,17,-0.0007327381916121039,0.5737547258484805,0.5737787861812799,28076,11924,0.70
oscillations_4_0.25_18,oscillations,4,-22.0,7.18,0.25,18,-6.226881938126838e-05,0.5669718290797707,0.5669955691333383,28058,11942,0.70
oscillations_4_0.25_19,oscillations,4,-22.0,7.18,0.25,19,-0.00038490793985976644,0.5671931552338736,0.5672168946146617,28053,11947,0.70
oscillations_4_0.25_20,oscillations,4,-22.0,7.18,0.25,20,-0.00020871658142457118,0.5728033054098685,0.5728272816056644,28054,11946,0.70
oscillations_4_0.25_21,oscillations,4,-22.0,7.18,0.25,21,-0.0005869109774440544,0.5646991214383795,0.5647227623703572,28056,11944,0.70
oscillations_4_0.25_22,oscillations,4,-22.0,7.18,0.25,22,-0.0017412138541428198,0.5736446335026412,0.5736686690601697,28066,11934,0.70
oscillations_4_0.25_23,oscillations,4,-22.0,7.18,0.25,23,0.0010004096150924647,0.5655953593715769,0.5656190536955173,28064,11936,0.70
oscillations_4_0.25_24,oscillations,4,-22.0,7.18,0.25,24,-0.00010610221215356439,0.5617886760365322,0.5618122030033132,28060,11940,0.70
oscillations_4_0.25_25,oscillations,4,-22.0,7.18,0.25,25,0.0005514944912396025,0.5551878026121408,0.5552110628841669,28065,11935,0.70
oscillations_4_0.25_26,oscillations,4,-22.0,7.18,0.25,26,-0.00035553299640575335,0.5780237829395687,0.5780480040120065,28067,11933,0.70
oscillations_4_0.25_27,oscillations,4,-22.0,7.18,0.25,27,0.0015687891844493804,0.5763687153881719,0.5763928388041243,28053,11947,0.70
oscillations_4_0.25_28,oscillations,4,-22.0,7.18,0.25,28,-0.00040349883514186107,0.5709063013052947,0.570930202098695,28056,11944,0.70
oscillations_4_0.25_29,oscillations,4,-22.0,7.18,0.25,29,-0.0006475371886817549,0.5483753879276702,0.548398355087353,28061,11939,0.70
oscillations_4_0.25_30,oscillations,4,-22.0,7.18,0.25,30,0.0005420422788550318,0.5580569369235163,0.5580803076099986,28060,11940,0.70
oscillations_4_0.25_31,oscillations,4,-22.0,7.18,0.25,31,-0.00040974982144571066,0.5640442533371389,0.5640678826810398,28064,11936,0.70
oscillations_4_0.25_32,oscillations,4,-22.0,7.18,0.25,32,0.001664136314573366,0.5443485781699456,0.5443713518789053,28048,11952,0.70
oscillations_4_0.25_33,oscillations,4,-22.0,7.18,0.25,33,-0.00017348995511538747,0.5420189109860585,0.5420416119225954,28061,11939,0.70
oscillations_4_0.25_34,oscillations,4,-22.0,7.18,0.25,34,0.0003072503675222932,0.5939074073121593,0.5939322877045923,28064,11936,0.70
oscillations_4_0.25_35,oscillations,4,-22.0,7.18,0.25,35,-0.000812666169886067,0.5728053793894623,0.5728293637034847,28058,11942,0.70
oscillations_4_0.25_36,oscillations,4,-22.0,7.18,0.25,36,-0.0010670075450705944,0.57222738515347,0.5722513633380288,28067,11933,0.70
oscillations_4_0.25_37,oscillations,4,-22.0,7.18,0.25,37,0.0006289032159529718,0.5712664860742565,0.5712904039492936,28057,11943,0.70
oscillations_4_0.25_38,oscillations,4,-22.0,7.18,0.25,38,0.0014951092862385252,0.5475502320377564,0.5475731742468058,28066,11934,0.70
oscillations_4_0.25_39,oscillations,4,-22.0,7.18,0.25,39,-0.0007010682011803034,0.5608505115284129,0.5608739933057905,28057,11943,0.70
oscillations_4_0.25_40,oscillations,4,-22.0,7.18,0.25,40,-9.723507421893654e-05,0.5414865434963404,0.5415092164386092,28058,11942,0.70
oscillations_4_0.25_41,oscillations,4,-22.0,7.18,0.25,41,-0.00026260192576779896,0.5371869356857882,0.5372094493353733,28069,11931,0.70
oscillations_4_0.25_42,oscillations,4,-22.0,7.18,0.25,42,0.00046879129275586244,0.5824137031319954,0.5824380999778803,28063,11937,0.70
oscillations_4_0.25_43,oscillations,4,-22.0,7.18,0.25,43,0.00030932521030629,0.5903377143424169,0.5903624514085445,28067,11933,0.70
oscillations_4_0.25_44,oscillations,4,-22.0,7.18,0.25,44,0.0007268327222605535,0.5294299270580118,0.5294520877464566,28054,11946,0.70
oscillations_4_0.25_45,oscillations,4,-22.0,7.18,0.25,45,-0.00030083641061904687,0.5641723745829401,0.5641959934628442,28056,11944,0.70
oscillations_4_0.25_46,oscillations,4,-22.0,7.18,0.25,46,0.000548689029762209,0.5853546116888977,0.5853791112017969,28053,11947,0.70
oscillations_4_0.25_47,oscillations,4,-22.0,7.18,0.25,47,-0.0006995592897984319,0.5795562287431603,0.5795804855697375,28053,11947,0.70
oscillations_4_0.25_48,oscillations,4,-22.0,7.18,0.25,48,-0.0013485674905866138,0.5708718376976984,0.5708957350473833,28055,11945,0.70
oscillations_4_0.25_49,oscillations,4,-22.0,7.18,0.25,49,-0.0009030604165602593,0.5722993691686977,0.5723233202607657,28052,11948,0.70
oscillations_4_0.5_0,oscillations,4,-22.0,7.18,0.5,0,0.00057469403862979,0.567266921075776,0.5672906814444256,28062,11938,0.70
oscillations_4_0.5_1,oscillations,4,-22.0,7.18,0.5,1,-0.00017314193260330112,0.56240383764408,0.5624273962926459,28063,11937,0.70
oscillations_4_0.5_2,oscillations,4,-22.0,7.18,0.5,2,0.0016245584666781721,0.5432687108312333,0.5432914812782886,28070,11930,0.70
oscillations_4_0.5_3,oscillations,4,-22.0,7.18,0.5,3,0.0008310818189070433,0.552114978024906,0.552138103743906,28062,11938,0.70
oscillations_4_0.5_4,oscillations,4,-22.0,7.18,0.5,4,-0.00012293018452480572,0.5785223156663044,0.5785465596606855,28068,11932,0.70
oscillations_4_0.5_5,oscillations,4,-22.0,7.18,0.5,5,-0.000604632236787566,0.5563945794798968,0.5564178942185137,28067,11933,0.70
oscillations_4_0.5_6,oscillations,4,-22.0,7.18,0.5,6,-0.0016566382450824966,0.557884712707153,0.5579080703119993,28057,11943,0.70
oscillations_4_0.5_7,oscillations,4,-22.0,7.18,0.5,7,-0.0017103262470894401,0.5456790849365059,0.5457019334274585,28058,11942,0.70
oscillations_4_0.5_8,oscillations,4,-22.0,7.18,0.5,8,0.0006725769754208861,0.5529702503202006,0.5529934079829752,28060,11940,0.70
oscillations_4_0.5_9,oscillations,4,-22.0,7.18,0.5,9,-0.0008993227677857647,0.5566587310441671,0.5566820353680022,28056,11944,0.70
oscillations_4_0.5_10,oscillations,4,-22.0,7.18,0.5,10,-0.001281254000829728,0.5311666315441476,0.5311888649269473,28054,11946,0.70
oscillations_4_0.5_11,oscillations,4,-22.0,7.18,0.5,11,0.001135968692816652,0.5653593001024705,0.5653829885067339,28066,11934,0.70
oscillations_4_0.5_12,oscillations,4,-22.0,7.18,0.5,12,1.6573445646688343e-07,0.566221996706958,0.5662456954407429,28053,11947,0.70
oscillations_4_0.5_13,oscillations,4,-22.0,7.18,0.5,13,-0.0011336295069229291,0.5413895614446873,0.5414122379221709,28062,11938,0.70
oscillations_4_0.5_14,oscillations,4,-22.0,7.18,0.5,14,0.0012091481038983996,0.5401249778637477,0.5401475862218021,28054,11946,0.70
oscillations_4_0.5_15,oscillations,4,-22.0,7.18,0.5,15,6.313856174256776e-05,0.5525177238322116,0.5525408567311241,28057,11943,0.70
oscillations_4_0.5_16,oscillations,4,-22.0,7.18,0.5,16,-0.00021482052463565017,0.5500438729248335,0.5500669061055946,28059,11941,0.70
oscillations_4_0.5_17,oscillations,4,-22.0,7.18,0.5,17,-0.00045900147323744533,0.5559330708106401,0.5559563837945605,28076,11924,0.70
oscillations_4_0.5_18,oscillations,4,-22.0,7.18,0.5,18,-0.00021108520384214763,0.5486504645537154,0.5486734374612751,28058,11942,0.70
oscillations_4_0.5_19,oscillations,4,-22.0,7.18,0.5,19,0.00048267909229648173,0.55740325516205,0.5574265847950062,28053,11947,0.70
oscillations_4_0.5_20,oscillations,4,-22.0,7.18,0.5,20,0.00010256737405110427,0.5590504098400906,0.5590738103721048,28054,11946,0.70
oscillations_4_0.5_21,oscillations,4,-22.0,7.18,0.5,21,-0.00044100667670643,0.5489405369177316,0.5489635181220587,28056,11944,0.70
oscillations_4_0.5_22,oscillations,4,-22.0,7.18,0.5,22,-0.0017297223562271601,0.556550570813883,0.5565738901347327,28066,11934,0.70
oscillations_4_0.5_23,oscillations,4,-22.0,7.18,0.5,23,0.0010317678046165223,0.5596096374699789,0.5596330810357909,28064,11936,0.70
oscillations_4_0.5_24,oscillations,4,-22.0,7.18,0.5,24,9.188773852085859e-05,0.5521346427490423,0.5521577654176769,28060,11940,0.70
oscillations_4_0.5_25,oscillations,4,-22.0,7.18,0.5,25,0.0006047516354564216,0.5407620964724995,0.5407847523619232,28065,11935,0.70
oscillations_4_0.5_26,oscillations,4,-22.0,7.18,0.5,26,-0.0001878561490207117,0.5614875854148161,0.5615111135669107,28067,11933,0.70
oscillations_4_0.5_27,oscillations,4,-22.0,7.18,0.5,27,0.0008039829325890513,0.565807326945424,0.5658310083235633,28053,11947,0.70
oscillations_4_0.5_28,oscillations,4,-22.0,7.18,0.5,28,-5.574810800028696e-05,0.5460115926373941,0.5460344512224893,28056,11944,0.70
oscillations_4_0.5_29,oscillations,4,-22.0,7.18,0.5,29,-0.0005301049808690408,0.5380371438129817,0.5380596779844076,28061,11939,0.70
oscillations_4_0.5_30,oscillations,4,-22.0,7.18,0.5,30,-0.0005388496672416311,0.5515114643425544,0.5515345609133016,28060,11940,0.70
oscillations_4_0.5_31,oscillations,4,-22.0,7.18,0.5,31,-0.0001287355520370427,0.544738532532788,0.5447613531076722,28064,11936,0.70
oscillations_4_0.5_32,oscillations,4,-22.0,7.18,0.5,32,0.0011884131760274024,0.5313715214483664,0.5313937522410317,28048,11952,0.70
oscillations_4_0.5_33,oscillations,4,-22.0,7.18,0.5,33,0.00018807179963111533,0.5292926220273576,0.5293147899591005,28061,11939,0.70
oscillations_4_0.5_34,oscillations,4,-22.0,7.18,0.5,34,0.00018092612907648885,0.571781726903294,0.5718056803909526,28064,11936,0.70
oscillations_4_0.5_35,oscillations,4,-22.0,7.18,0.5,35,0.00015192742906174165,0.5588581169542975,0.5588815172732424,28058,11942,0.70
oscillations_4_0.5_36,oscillations,4,-22.0,7.18,0.5,36,-0.0016883769467962212,0.5529820626031768,0.5530052343462616,28067,11933,0.70
oscillations_4_0.5_37,oscillations,4,-22.0,7.18,0.5,37,-4.266992810623431e-06,0.5565669659477877,0.5565902683810056,28057,11943,0.70
oscillations_4_0.5_38,oscillations,4,-22.0,7.18,0.5,38,0.0008405960651772128,0.5317586063370214,0.5317808868811553,28066,11934,0.70
oscillations_4_0.5_39,oscillations,4,-22.0,7.18,0.5,39,0.0005359674183198518,0.5467623913807768,0.5467852833145255,28057,11943,0.70
oscillations_4_0.5_40,oscillations,4,-22.0,7.18,0.5,40,-0.000635061632038084,0.5286954076361742,0.528717544992308,28058,11942,0.70
oscillations_4_0.5_41,oscillations,4,-22.0,7.18,0.5,41,0.001240590149247893,0.525373514004073,0.5253955325499641,28069,11931,0.70
oscillations_4_0.5_42,oscillations,4,-22.0,7.18,0.5,42,0.0010431302321292609,0.5586258620084372,0.5586492624006145,28063,11937,0.70
oscillations_4_0.5_43,oscillations,4,-22.0,7.18,0.5,43,-3.9999025950460125e-07,0.575120130052247,0.5751442294522053,28067,11933,0.70
oscillations_4_0.5_44,oscillations,4,-22.0,7.18,0.5,44,-0.00011525322904577798,0.5149610002446873,0.5149825552979709,28054,11946,0.70
oscillations_4_0.5_45,oscillations,4,-22.0,7.18,0.5,45,-0.0005942921636799966,0.5448706060933574,0.5448934169114484,28056,11944,0.70
oscillations_4_0.5_46,oscillations,4,-22.0,7.18,0.5,46,8.841943279099896e-06,0.5644057409563658,0.5644293636723311,28053,11947,0.70
oscillations_4_0.5_47,oscillations,4,-22.0,7.18,0.5,47,-0.00022687969784604926,0.5591278256993689,0.559151227512739,28053,11947,0.70
oscillations_4_0.5_48,oscillations,4,-22.0,7.18,0.5,48,-0.0027802005787285022,0.5493676863921113,0.5493906835533661,28055,11945,0.70
oscillations_4_0.5_49,oscillations,4,-22.0,7.18,0.5,49,-0.0006361086852454273,0.5581565539653697,0.5581799131716393,28052,11948,0.70
oscillations_4_0.75_0,oscillations,4,-22.0,7.18,0.75,0,0.0002685657133301116,0.5471425178027116,0.5471654352467646,28062,11938,0.70
oscillations_4_0.75_1,oscillations,4,-22.0,7.18,0.75,1,-0.0004171823708809241,0.5467535905135226,0.5467764935857082,28063,11937,0.70
oscillations_4_0.75_2,oscillations,4,-22.0,7.18,0.75,2,0.002659942891690848,0.5290070639847748,0.5290292366722539,28070,11930,0.70
oscillations_4_0.75_3,oscillations,4,-22.0,7.18,0.75,3,0.0007646374963518362,0.5435164618535604,0.5435392274177436,28062,11938,0.70
oscillations_4_0.75_4,oscillations,4,-22.0,7.18,0.75,4,-0.00027162024674825993,0.5650257341278213,0.5650494125242331,28068,11932,0.70
oscillations_4_0.75_5,oscillations,4,-22.0,7.18,0.75,5,-0.0010604342819615178,0.5466357152050051,0.5466586210155373,28067,11933,0.70
oscillations_4_0.75_6,oscillations,4,-22.0,7.18,0.75,6,-0.0008158640887006776,0.546786306150863,0.546809199085879,28057,11943,0.70
oscillations_4_0.75_7,oscillations,4,-22.0,7.18,0.75,7,-0.002879680210403613,0.5287819988059932,0.5288041397878435,28058,11942,0.70
oscillations_4_0.75_8,oscillations,4,-22.0,7.18,0.75,8,-4.0003846114510497e-05,0.5388336198156334,0.5388561854550182,28060,11940,0.70
oscillations_4_0.75_9,oscillations,4,-22.0,7.18,0.75,9,2.2523773770023025e-05,0.5416441894883545,0.5416668652336385,28056,11944,0.70
oscillations_4_0.75_10,oscillations,4,-22.0,7.18,0.75,10,-0.0011092592811133013,0.5135178688317142,0.5135393634789195,28054,11946,0.70
oscillations_4_0.75_11,oscillations,4,-22.0,7.18,0.75,11,-7.158087331291171e-05,0.5540552145890089,0.5540784293550967,28066,11934,0.70
oscillations_4_0.75_12,oscillations,4,-22.0,7.18,0.75,12,-0.0008450311759904722,0.5506368974960419,0.5506599439289284,28053,11947,0.70
oscillations_4_0.75_13,oscillations,4,-22.0,7.18,0.75,13,-0.0010769766465751668,0.5328515868993555,0.5328739057578503,28062,11938,0.70
oscillations_4_0.75_14,oscillations,4,-22.0,7.18,0.75,14,0.0012015576731210379,0.5327412294197394,0.5327635287114936,28054,11946,0.70
oscillations_4_0.75_15,oscillations,4,-22.0,7.18,0.75,15,-0.000492407694360453,0.540842432819172,0.540865076895165,28057,11943,0.70
oscillations_4_0.75_16,oscillations,4,-22.0,7.18,0.75,16,0.0005053128244425345,0.5380818806120474,0.5381044128823453,28059,11941,0.70
oscillations_4_0.75_17,oscillations,4,-22.0,7.18,0.75,17,-0.00026747754324183944,0.5414001677059134,0.5414228712543563,28076,11924,0.70
oscillations_4_0.75_18,oscillations,4,-22.0,7.18,0.75,18,-0.00013273776579194108,0.534562921517327,0.5345853045560269,28058,11942,0.70
oscillations_4_0.75_19,oscillations,4,-22.0,7.18,0.75,19,0.0003833021132982969,0.5371613553614206,0.5371838377871022,28053,11947,0.70
oscillations_4_0.75_20,oscillations,4,-22.0,7.18,0.75,20,-0.00022617269031808984,0.5476278150531877,0.5476507374623165,28054,11946,0.70
oscillations_4_0.75_21,oscillations,4,-22.0,7.18,0.75,21,0.00038064519365994684,0.5352902034353033,0.5353126131731749,28056,11944,0.70
oscillations_4_0.75_22,oscillations,4,-22.0,7.18,0.75,22,-0.0019714962247557905,0.5527906347177118,0.5528137964982394,28066,11934,0.70
oscillations_4_0.75_23,oscillations,4,-22.0,7.18,0.75,23,0.0009283954282797809,0.5477290393293409,0.5477519851846674,28064,11936,0.70
oscillations_4_0.75_24,oscillations,4,-22.0,7.18,0.75,24,0.00010309671108528936,0.542456346360816,0.5424790637151975,28060,11940,0.70
oscillations_4_0.75_25,oscillations,4,-22.0,7.18,0.75,25,0.0007487624200201504,0.5294583549286267,0.529480537233973,28065,11935,0.70
oscillations_4_0.75_26,oscillations,4,-22.0,7.18,0.75,26,-0.0011154516126112158,0.547421321230207,0.5474442599601812,28067,11933,0.70
oscillations_4_0.75_27,oscillations,4,-22.0,7.18,0.75,27,0.0010877979439110972,0.5541184860974511,0.5541416782492284,28053,11947,0.70
oscillations_4_0.75_28,oscillations,4,-22.0,7.18,0.75,28,0.0006582023494847719,0.5347719305904652,0.5347943186310248,28056,11944,0.70
oscillations_4_0.75_29,oscillations,4,-22.0,7.18,0.75,29,-6.596674095674314e-05,0.5249853087284565,0.5250072962605051,28061,11939,0.70
oscillations_4_0.75_30,oscillations,4,-22.0,7.18,0.75,30,-0.0012873969484918063,0.5444863408902078,0.5445091432580755,28060,11940,0.70
oscillations_4_0.75_31,oscillations,4,-22.0,7.18,0.75,31,0.00013153116362763428,0.5335627270426789,0.5335850794327536,28064,11936,0.70
oscillations_4_0.75_32,oscillations,4,-22.0,7.18,0.75,32,0.002058148152806104,0.514917055460389,0.5149385978536819,28048,11952,0.70
oscillations_4_0.75_33,oscillations,4,-22.0,7.18,0.75,33,0.00010447147622369856,0.5187118069467744,0.5187335317308581,28061,11939,0.70
oscillations_4_0.75_34,oscillations,4,-22.0,7.18,0.75,34,0.0010312584620246008,0.5585551670833901,0.558578566474577,28064,11936,0.70
oscillations_4_0.75_35,oscillations,4,-22.0,7.18,0.75,35,-0.0002588617025219407,0.5491952766396709,0.5492182723594189,28058,11942,0.70
oscillations_4_0.75_36,oscillations,4,-22.0,7.18,0.75,36,-0.0017651188781454181,0.5403057574722311,0.540328398036991,28067,11933,0.70
oscillations_4_0.75_37,oscillations,4,-22.0,7.18,0.75,37,-0.0005613514067997503,0.5444841748037568,0.5445069713527757,28057,11943,0.70
oscillations_4_0.75_38,oscillations,4,-22.0,7.18,0.75,38,0.001840240503327408,0.5182887870701773,0.5183105032324674,28066,11934,0.70
oscillations_4_0.75_39,oscillations,4,-22.0,7.18,0.75,39,-0.0015499494478333764,0.5368107870964175,0.5368332623748338,28057,11943,0.70
oscillations_4_0.75_40,oscillations,4,-22.0,7.18,0.75,40,-0.001181841109499083,0.5161526242510766,0.5161742364200069,28058,11942,0.70
oscillations_4_0.75_41,oscillations,4,-22.0,7.18,0.75,41,-0.00011749188486780697,0.5117266165429363,0.5117480631436683,28069,11931,0.70
oscillations_4_0.75_42,oscillations,4,-22.0,7.18,0.75,42,0.0014045419333476039,0.5461837910888789,0.5462066702926209,28063,11937,0.70
oscillations_4_0.75_43,oscillations,4,-22.0,7.18,0.75,43,-4.66448027525702e-05,0.5693084605026373,0.5693323163747801,28067,11933,0.70
oscillations_4_0.75_44,oscillations,4,-22.0,7.18,0.75,44,-2.5017854533315134e-06,0.5054723977362321,0.505493555618987,28054,11946,0.70
oscillations_4_0.75_45,oscillations,4,-22.0,7.18,0.75,45,-0.0015761773696838064,0.5265399845978808,0.5265620280108894,28056,11944,0.70
oscillations_4_0.75_46,oscillations,4,-22.0,7.18,0.75,46,0.0005341083007899041,0.570341569481924,0.5703654406368778,28053,11947,0.70
oscillations_4_0.75_47,oscillations,4,-22.0,7.18,0.75,47,-0.0005773380791945887,0.542568873414497,0.5425915821671873,28053,11947,0.70
oscillations_4_0.75_48,oscillations,4,-22.0,7.18,0.75,48,-0.0018180712557891805,0.5424938079329411,0.5425165173457619,28055,11945,0.70
oscillations_4_0.75_49,oscillations,4,-22.0,7.18,0.75,49,-0.000290395144136863,0.5408034155558328,0.540826048522239,28052,11948,0.70
oscillations_4_1_0,oscillations,4,,10.74,1.0,0,-0.00048343265222458375,0.534344051796876,0.5343664331682988,28062,11938,0.70
oscillations_4_1_1,oscillations,4,,10.74,1.0,1,-0.00011458016615251254,0.5346229978029694,0.5346453927342937,28063,11937,0.70
oscillations_4_1_2,oscillations,4,,10.74,1.0,2,0.0029446100192881347,0.5207017871412414,0.520723611723146,28070,11930,0.70
oscillations_4_1_3,oscillations,4,,10.74,1.0,3,0.0015351658678171198,0.5321585248362494,0.5321808146653587,28062,11938,0.70
oscillations_4_1_4,oscillations,4,,10.74,1.0,4,-0.00098429440614627,0.5455126183449743,0.5455354790099752,28068,11932,0.70
oscillations_4_1_5,oscillations,4,,10.74,1.0,5,-0.00044268271346009077,0.5366488938558835,0.5366713811861897,28067,11933,0.70
oscillations_4_1_6,oscillations,4,,10.74,1.0,6,-0.00040270515967755677,0.5387838193584805,0.5388063772441217,28057,11943,0.70
oscillations_4_1_7,oscillations,4,,10.74,1.0,7,-0.0017585383867069065,0.5189416870246365,0.5189634159762644,28058,11942,0.70
oscillations_4_1_8,oscillations,4,,10.74,1.0,8,-0.0020934260598254586,0.5337467579267461,0.5337691105350826,28060,11940,0.70
oscillations_4_1_9,oscillations,4,,10.74,1.0,9,0.0005416927704594522,0.527171231519742,0.527193301359683,28056,11944,0.70
oscillations_4_1_10,oscillations,4,,10.74,1.0,10,-0.0014540968614984624,0.5018273975443225,0.5018484028559637,28054,11946,0.70
oscillations_4_1_11,oscillations,4,,10.74,1.0,11,0.0004935507838471481,0.5378857169493164,0.5379082542177549,28066,11934,0.70
oscillations_4_1_12,oscillations,4,,10.74,1.0,12,-0.00039455466216496346,0.5375435504137575,0.5375660488358835,28053,11947,0.70
oscillations_4_1_13,oscillations,4,,10.74,1.0,13,-0.0023842300061800614,0.5235517865064451,0.5235737158363467,28062,11938,0.70
oscillations_4_1_14,oscillations,4,,10.74,1.0,14,0.00029509482818224016,0.5224023858153453,0.5224242523474834,28054,11946,0.70
oscillations_4_1_15,oscillations,4,,10.74,1.0,15,-0.0005906275049880123,0.5278101091812039,0.5278322076178222,28057,11943,0.70
oscillations_4_1_16,oscillations,4,,10.74,1.0,16,0.0016581517570586812,0.5279248531320958,0.5279469600751399,28059,11941,0.70
oscillations_4_1_17,oscillations,4,,10.74,1.0,17,0.00019415068761367648,0.5281876997095218,0.5282098491947688,28076,11924,0.70
oscillations_4_1_18,oscillations,4,,10.74,1.0,18,-0.00043078443929906823,0.5238023886583315,0.5238243211356219,28058,11942,0.70
oscillations_4_1_19,oscillations,4,,10.74,1.0,19,-0.000405695610873164,0.5319784658250059,0.5320007313253118,28053,11947,0.70
oscillations_4_1_20,oscillations,4,,10.74,1.0,20,-2.2456369957121734e-05,0.5326674419785155,0.5326897381817013,28054,11946,0.70
oscillations_4_1_21,oscillations,4,,10.74,1.0,21,0.00133225650719803,0.5182744916940365,0.5182961890750644,28056,11944,0.70
oscillations_4_1_22,oscillations,4,,10.74,1.0,22,-0.0009204394717666124,0.5459977080676951,0.5460205852264032,28066,11934,0.70
oscillations_4_1_23,oscillations,4,,10.74,1.0,23,0.00172967450319365,0.5264765663810772,0.5264986219126585,28064,11936,0.70
oscillations_4_1_24,oscillations,4,,10.74,1.0,24,0.001307066814759481,0.5271413758657246,0.527163451849396,28060,11940,0.70
oscillations_4_1_25,oscillations,4,,10.74,1.0,25,-0.0012304540383558241,0.5189742669371091,0.5189960099987663,28065,11935,0.70
oscillations_4_1_26,oscillations,4,,10.74,1.0,26,9.446592278589986e-05,0.5356445466719816,0.5356669919168812,28067,11933,0.70
oscillations_4_1_27,oscillations,4,,10.74,1.0,27,0.0012292947129395966,0.5295334393525378,0.5295556025183675,28053,11947,0.70
oscillations_4_1_28,oscillations,4,,10.74,1.0,28,0.0009086457606185374,0.5309876108545755,0.5310098404659077,28056,11944,0.70
oscillations_4_1_29,oscillations,4,,10.74,1.0,29,-0.001170520289337418,0.5214301012612449,0.5214519398934352,28061,11939,0.70
oscillations_4_1_30,oscillations,4,,10.74,1.0,30,-0.0011952159711408781,0.5362648691243421,0.5362873271878452,28060,11940,0.70
oscillations_4_1_31,oscillations,4,,10.74,1.0,31,-0.0002365536887615167,0.5255463171483952,0.5255683337093127,28064,11936,0.70
oscillations_4_1_32,oscillations,4,,10.74,1.0,32,0.0010543606041989925,0.5026047287384513,0.5026257560255115,28048,11952,0.70
oscillations_4_1_33,oscillations,4,,10.74,1.0,33,-0.0007749340104368286,0.5066746813896024,0.5066959020325614,28061,11939,0.70
oscillations_4_1_34,oscillations,4,,10.74,1.0,34,0.001702015220292702,0.5438569860323623,0.5438797696768721,28064,11936,0.70
oscillations_4_1_35,oscillations,4,,10.74,1.0,35,-0.0012432086095720285,0.5301402260096152,0.5301624238626976,28058,11942,0.70
oscillations_4_1_36,oscillations,4,,10.74,1.0,36,-0.0010120412592207056,0.5289357767893424,0.5289579409150111,28067,11933,0.70
oscillations_4_1_37,oscillations,4,,10.74,1.0,37,2.2820572702606193e-05,0.5426340925251516,0.5426568116146347,28057,11943,0.70
oscillations_4_1_38,oscillations,4,,10.74,1.0,38,0.0029019894319789645,0.5064289507015115,0.5064501699398131,28066,11934,0.70
oscillations_4_1_39,oscillations,4,,10.74,1.0,39,-0.0006677589086555493,0.5295375684677789,0.5295597392299343,28057,11943,0.70
oscillations_4_1_40,oscillations,4,,10.74,1.0,40,-0.001939352981861474,0.5087035496616412,0.5087248499254279,28058,11942,0.70
oscillations_4_1_41,oscillations,4,,10.74,1.0,41,-5.592122169712194e-05,0.5039183101946305,0.5039394295471342,28069,11931,0.70
oscillations_4_1_42,oscillations,4,,10.74,1.0,42,0.0015182984245811154,0.537638693515048,0.5376612147714623,28063,11937,0.70
oscillations_4_1_43,oscillations,4,,10.74,1.0,43,0.00022237435179618562,0.550993275937242,0.551016364343711,28067,11933,0.70
oscillations_4_1_44,oscillations,4,,10.74,1.0,44,7.417402023805045e-05,0.4937263770218386,0.4937470432438615,28054,11946,0.70
oscillations_4_1_45,oscillations,4,,10.74,1.0,45,-0.0005438267991671529,0.5144277246453033,0.5144492609827689,28056,11944,0.70
oscillations_4_1_46,oscillations,4,,10.74,1.0,46,-0.00031076184063937723,0.5524085176402369,0.5524316382227578,28053,11947,0.70
oscillations_4_1_47,oscillations,4,,10.74,1.0,47,-0.0008180235028765575,0.529332648935852,0.5293548036977718,28053,11947,0.70
oscillations_4_1_48,oscillations,4,,10.74,1.0,48,-0.0022095839722484473,0.5245617506314111,0.5245837093877523,28055,11945,0.70
oscillations_4_1_49,oscillations,4,,10.74,1.0,49,0.00016517941203928501,0.5304228548279527,0.5304450533612998,28052,11948,0.70
sequences_9_0_0,sequences,9,-8.5,14.44,0.0,0,0.05202153010337672,0.3160485664796857,0.316061791099081,28050,11950,0.70
sequences_9_0_1,sequences,9,-8.5,14.44,0.0,1,0.05163903149299284,0.32335369702180716,0.3233672454556858,28066,11934,0.70
sequences_9_0_2,sequences,9,-8.5,14.44,0.0,2,0.051674263082043204,0.3144053228739236,0.31441849637330604,28066,11934,0.70
sequences_9_0_3,sequences,9,-8.5,14.44,0.0,3,0.051601415137853004,0.320003273414345,0.3200166882112829,28072,11928,0.70
sequences_9_0_4,sequences,9,-8.5,14.44,0.0,4,0.05227377409730221,0.3207477678708327,0.3207611969887967,28057,11943,0.70
sequences_9_0_5,sequences,9,-8.5,14.44,0.0,5,0.05169057584080305,0.31406903684987936,0.31408219074751875,28061,11939,0.70
sequences_9_0_6,sequences,9,-8.5,14.44,0.0,6,0.051777214258115156,0.3102719727916191,0.31028496765991753,28061,11939,0.70
sequences_9_0_7,sequences,9,-8.5,14.44,0.0,7,0.0514532114269129,0.3251326932318887,0.32514631164037366,28062,11938,0.70
sequences_9_0_8,sequences,9,-8.5,14.44,0.0,8,0.051772018607847185,0.32429383728575023,0.32430741600813806,28058,11942,0.70
sequences_9_0_9,sequences,9,-8.5,14.44,0.0,9,0.05196784522489628,0.317639452347726,0.3176527513262471,28057,11943,0.70
sequences_9_0_10,sequences,9,-8.5,14.44,0.0,10,0.05221206572288162,0.32612865776734934,0.3261423247619187,28068,11932,0.70
sequences_9_0_11,sequences,9,-8.5,14.44,0.0,11,0.05216030058066744,0.32940005432851704,0.3294138491671574,28060,11940,0.70
sequences_9_0_12,sequences,9,-8.5,14.44,0.0,12,0.051640473772272565,0.322916531674794,0.32293004819943,28054,11946,0.70
sequences_9_0_13,sequences,9,-8.5,14.44,0.0,13,0.052596220646147475,0.31755110424264843,0.31756440509101724,28062,11938,0.70
sequences_9_0_14,sequences,9,-8.5,14.44,0.0,14,0.05190793227643789,0.331210898250561,0.33122477124888117,28062,11938,0.70
sequences_9_0_15,sequences,9,-8.5,14.44,0.0,15,0.05160078709245515,0.327574639124258,0.3275883644144877,28066,11934,0.70
sequences_9_0_16,sequences,9,-8.5,14.44,0.0,16,0.05160585636849612,0.3224502873232681,0.3224637854620154,28055,11945,0.70
sequences_9_0_17,sequences,9,-8.5,14.44,0.0,17,0.05158457851975533,0.3239302894161674,0.32394385746113413,28062,11938,0.70
sequences_9_0_18,sequences,9,-8.5,14.44,0.0,18,0.05133807602696866,0.32471952902330614,0.32473312670883053,28059,11941,0.70
sequences_9_0_19,sequences,9,-8.5,14.44,0.0,19,0.05161547225798212,0.3291560158921264,0.3291698005107597,28060,11940,0.70
sequences_9_0_20,sequences,9,-8.5,14.44,0.0,20,0.05221980679968994,0.3202325097839314,0.32024590723231233,28048,11952,0.70
sequences_9_0_21,sequences,9,-8.5,14.44,0.0,21,0.05209481662912083,0.3160416622644345,0.31605489545452775,28058,11942,0.70
sequences_9_0_22,sequences,9,-8.5,14.44,0.0,22,0.05147281311847307,0.3126221312292777,0.31263522123791854,28058,11942,0.70
sequences_9_0_23,sequences,9,-8.5,14.44,0.0,23,0.05161621081853662,0.3090798166025694,0.3090927604565275,28060,11940,0.70
sequences_9_0_24,sequences,9,-8.5,14.44,0.0,24,0.05236883726692574,0.3076666648059799,0.30767955811828746,28068,11932,0.70
sequences_9_0_25,sequences,9,-8.5,14.44,0.0,25,0.051506448103933504,0.3290766463348444,0.3290904414949391,28072,11928,0.70
sequences_9_0_26,sequences,9,-8.5,14.44,0.0,26,0.051576702424769284,0.33100915624469746,0.33102301847039795,28060,11940,0.70
sequences_9_0_27,sequences,9,-8.5,14.44,0.0,27,0.05162478028113614,0.32466378674020274,0.3246773775385736,28055,11945,0.70
sequences_9_0_28,sequences,9,-8.5,14.44,0.0,28,0.052598942680485226,0.30273764148684557,0.302750312309975,28053,11947,0.70
sequences_9_0_29,sequences,9,-8.5,14.44,0.0,29,0.05179258907075082,0.3226401274329956,0.32265364710143923,28067,11933,0.70
sequences_9_0_30,sequences,9,-8.5,14.44,0.0,30,0.05173682754633186,0.33642169274451444,0.33643578636186194,28064,11936,0.70
sequences_9_0_31,sequences,9,-8.5,14.44,0.0,31,0.05219172648943639,0.31870186095979836,0.3187152066544488,28059,11941,0.70
sequences_9_0_32,sequences,9,-8.5,14.44,0.0,32,0.05197339981309426,0.3165043901995149,0.3165176361092572,28052,11948,0.70
sequences_9_0_33,sequences,9,-8.5,14.44,0.0,33,0.0515807251677391,0.33414359497719254,0.3341575896411979,28061,11939,0.70
sequences_9_0_34,sequences,9,-8.5,14.44,0.0,34,0.051710157416679454,0.33219450031919984,0.3322084145163753,28062,11938,0.70
sequences_9_0_35,sequences,9,-8.5,14.44,0.0,35,0.05212591083784645,0.3224807204248991,0.3224942288852852,28063,11937,0.70
sequences_9_0_36,sequences,9,-8.5,14.44,0.0,36,0.05154910681684082,0.31991466370392246,0.3199280568198601,28056,11944,0.70
sequences_9_0_37,sequences,9,-8.5,14.44,0.0,37,0.052095487624182917,0.32281498854630664,0.3228285155419985,28067,11933,0.70
sequences_9_0_38,sequences,9,-8.5,14.44,0.0,38,0.051652872079918706,0.3187297264212992,0.31874308335064694,28068,11932,0.70
sequences_9_0_39,sequences,9,-8.5,14.44,0.0,39,0.052079759345075104,0.321223759444077,0.3212372152513693,28063,11937,0.70
sequences_9_0_40,sequences,9,-8.5,14.44,0.0,40,0.05213833523255462,0.32986302024286884,0.3298768252197626,28052,11948,0.70
sequences_9_0_41,sequences,9,-8.5,14.44,0.0,41,0.0517577230847847,0.3365822753264883,0.33659637921617697,28067,11933,0.70
sequences_9_0_42,sequences,9,-8.5,14.44,0.0,42,0.052063450455696304,0.3223575537018812,0.32237106945852545,28074,11926,0.70
sequences_9_0_43,sequences,9,-8.5,14.44,0.0,43,0.05175672866291077,0.3165965102888157,0.316609785610552,28075,11925,0.70
sequences_9_0_44,sequences,9,-8.5,14.44,0.0,44,0.05237314518675399,0.3137375736968671,0.31375070271466615,28051,11949,0.70
sequences_9_0_45,sequences,9,-8.5,14.44,0.0,45,0.052159384772325575,0.29854250718611114,0.29855500870439244,28059,11941,0.70
sequences_9_0_46,sequences,9,-8.5,14.44,0.0,46,0.05191986681121373,0.32645075574051396,0.3264644316482614,28064,11936,0.70
sequences_9_0_47,sequences,9,-8.5,14.44,0.0,47,0.05164615779080225,0.34670183391549647,0.346716344822018,28053,11947,0.70
sequences_9_0_48,sequences,9,-8.5,14.44,0.0,48,0.051837837812825534,0.3198326551030702,0.3198460425439041,28054,11946,0.70
sequences_9_0_49,sequences,9,-8.5,14.44,0.0,49,0.05173723604141722,0.3200582818467966,0.320071679853452,28055,11945,0.70
sequences_9_0.25_0,sequences,9,-8.5,14.44,0.25,0,0.051586604020943255,0.35078225987803735,0.3507969378812606,28050,11950,0.70
sequences_9_0.25_1,sequences,9,-8.5,14.44,0.25,1,0.05194560799800803,0.34422376201463595,0.34423818489868535,28066,11934,0.70
sequences_9_0.25_2,sequences,9,-8.5,14.44,0.25,2,0.05220627466904372,0.3336089415870684,0.3336229197129659,28066,11934,0.70
sequences_9_0.25_3,sequences,9,-8.5,14.44,0.25,3,0.052140898407578525,0.3474817138451659,0.34749628056062826,28072,11928,0.70
sequences_9_0.25_4,sequences,9,-8.5,14.44,0.25,4,0.05166453389778903,0.34774294819293544,0.3477575075493526,28057,11943,0.70
sequences_9_0.25_5,sequences,9,-8.5,14.44,0.25,5,0.052309660625480627,0.34568559467860954,0.3457000727467866,28061,11939,0.70
sequences_9_0.25_6,sequences,9,-8.5,14.44,0.25,6,0.052056058661897095,0.33042854371335223,0.3304423827828916,28061,11939,0.70
sequences_9_0.25_7,sequences,9,-8.5,14.44,0.25,7,0.05217871316398029,0.3298296407176925,0.3298434558610824,28062,11938,0.70
sequences_9_0.25_8,sequences,9,-8.5,14.44,0.25,8,0.05085403072789514,0.3340363145800319,0.3340503012361494,28058,11942,0.70
sequences_9_0.25_9,sequences,9,-8.5,14.44,0.25,9,0.051106734372486445,0.3375152669785734,0.3375293981208258,28057,11943,0.70
sequences_9_0.25_10,sequences,9,-8.5,14.44,0.25,10,0.05095562691888808,0.34205248629172663,0.34206682060231614,28068,11932,0.70
sequences_9_0.25_11,sequences,9,-8.5,14.44,0.25,11,0.05115402290715204,0.33825276369438795,0.33826692927278873,28060,11940,0.70
sequences_9_0.25_12,sequences,9,-8.5,14.44,0.25,12,0.051394821400962874,0.3347955789738635,0.33480959272741073,28054,11946,0.70
sequences_9_0.25_13,sequences,9,-8.5,14.44,0.25,13,0.050942563321498394,0.34698434319958743,0.34699887687959546,28062,11938,0.70
sequences_9_0.25_14,sequences,9,-8.5,14.44,0.25,14,0.05272924396691775,0.33316524264186964,0.3331791974992609,28062,11938,0.70
sequences_9_0.25_15,sequences,9,-8.5,14.44,0.25,15,0.05130457715782122,0.3518814552751254,0.35189619901448516,28066,11934,0.70
sequences_9_0.25_16,sequences,9,-8.5,14.44,0.25,16,0.053539152850523436,0.3292305152512224,0.3292442972180849,28055,11945,0.70
sequences_9_0.25_17,sequences,9,-8.5,14.44,0.25,17,0.05078504968172391,0.34737135152869997,0.3473859014188204,28062,11938,0.70
sequences_9_0.25_18,sequences,9,-8.5,14.44,0.25,18,0.05189660768855987,0.3326628095073067,0.3326767398190528,28059,11941,0.70
sequences_9_0.25_19,sequences,9,-8.5,14.44,0.25,19,0.051588939250246525,0.3324086963806178,0.33242261721720834,28060,11940,0.70
sequences_9_0.25_20,sequences,9,-8.5,14.44,0.25,20,0.050901614592421214,0.33618125237983226,0.33619531706982403,28048,11952,0.70
sequences_9_0.25_21,sequences,9,-8.5,14.44,0.25,21,0.05383240280444888,0.32973185456044446,0.329745660981661,28058,11942,0.70
sequences_9_0.25_22,sequences,9,-8.5,14.44,0.25,22,0.05150303311530133,0.3281958011336215,0.3282095432377261,28058,11942,0.70
sequences_9_0.25_23,sequences,9,-8.5,14.44,0.25,23,0.051990333288458264,0.336247578605223,0.33626166020912407,28060,11940,0.70
sequences_9_0.25_24,sequences,9,-8.5,14.44,0.25,24,0.05243101530920868,0.3352169192110963,0.3352309670652339,28068,11932,0.70
sequences_9_0.25_25,sequences,9,-8.5,14.44,0.25,25,0.052526036439602686,0.33736306737913185,0.3373772099127221,28072,11928,0.70
sequences_9_0.25_26,sequences,9,-8.5,14.44,0.25,26,0.053815156658783406,0.3313482639182288,0.3313621403453102,28060,11940,0.70
sequences_9_0.25_27,sequences,9,-8.5,14.44,0.25,27,0.051588792499765626,0.33584943807218237,0.33586349711474345,28055,11945,0.70
sequences_9_0.25_28,sequences,9,-8.5,14.44,0.25,28,0.051899525638993735,0.3389574037743861,0.33897159054445714,28053,11947,0.70
sequences_9_0.25_29,sequences,9,-8.5,14.44,0.25,29,0.050648252970001396,0.3451639004809831,0.34517836396861673,28067,11933,0.70
sequences_9_0.25_30,sequences,9,-8.5,14.44,0.25,30,0.05244865700916725,0.33394356231633365,0.3339575521180748,28064,11936,0.70
sequences_9_0.25_31,sequences,9,-8.5,14.44,0.25,31,0.05411535556484671,0.3278494676031797,0.3278631963554146,28059,11941,0.70
sequences_9_0.25_32,sequences,9,-8.5,14.44,0.25,32,0.050951653815219426,0.34227349094707704,0.34228781531005165,28052,11948,0.70
sequences_9_0.25_33,sequences,9,-8.5,14.44,0.25,33,0.05418303448429269,0.3357757570967339,0.3357898201192558,28061,11939,0.70
sequences_9_0.25_34,sequences,9,-8.5,14.44,0.25,34,0.05174977787600605,0.3464398591576729,0.34645437003158897,28062,11938,0.70
sequences_9_0.25_35,sequences,9,-8.5,14.44,0.25,35,0.05097202097065766,0.33967423055294665,0.33968845923577007,28063,11937,0.70
sequences_9_0.25_36,sequences,9,-8.5,14.44,0.25,36,0.055032608450499024,0.3266197147550399,0.3266333885756038,28056,11944,0.70
sequences_9_0.25_37,sequences,9,-8.5,14.44,0.25,37,0.0520105812082851,0.3489275432977789,0.3489421644942612,28067,11933,0.70
sequences_9_0.25_38,sequences,9,-8.5,14.44,0.25,38,0.053397931622911746,0.323879118683397,0.3238926914070775,28068,11932,0.70
sequences_9_0.25_39,sequences,9,-8.5,14.44,0.25,39,0.05121865391490127,0.33231103139735413,0.33232495164163284,28063,11937,0.70
sequences_9_0.25_40,sequences,9,-8.5,14.44,0.25,40,0.05051734650424926,0.3493877544534208,0.3494023765528414,28052,11948,0.70
sequences_9_0.25_41,sequences,9,-8.5,14.44,0.25,41,0.05049060544443369,0.3398883703758568,0.3399026128016576,28067,11933,0.70
sequences_9_0.25_42,sequences,9,-8.5,14.44,0.25,42,0.05214065052548435,0.33601518655598933,0.33602927494770873,28074,11926,0.70
sequences_9_0.25_43,sequences,9,-8.5,14.44,0.25,43,0.050446279643339885,0.34687947682659714,0.3468940219542562,28075,11925,0.70
sequences_9_0.25_44,sequences,9,-8.5,14.44,0.25,44,0.051807696769090666,0.33218268367129483,0.3321965845640539,28051,11949,0.70
sequences_9_0.25_45,sequences,9,-8.5,14.44,0.25,45,0.054427984544958105,0.3192806344579153,0.31929400438880445,28059,11941,0.70
sequences_9_0.25_46,sequences,9,-8.5,14.44,0.25,46,0.05302219689250594,0.33082483216644537,0.33083869131612015,28064,11936,0.70
sequences_9_0.25_47,sequences,9,-8.5,14.44,0.25,47,0.05032436317284943,0.34136294383270344,0.3413772312845809,28053,11947,0.70
sequences_9_0.25_48,sequences,9,-8.5,14.44,0.25,48,0.05245752645319496,0.3318572860056287,0.3318711767691603,28054,11946,0.70
sequences_9_0.25_49,sequences,9,-8.5,14.44,0.25,49,0.05219418302127323,0.3317716224338252,0.331785510774348,28055,11945,0.70
sequences_9_0.5_0,sequences,9,-8.5,14.44,0.5,0,0.05412666721179837,0.3403867673203463,0.3404010103384214,28050,11950,0.70
sequences_9_0.5_1,sequences,9,-8.5,14.44,0.5,1,0.05631321447086321,0.33736490106446704,0.3373790365640674,28066,11934,0.70
sequences_9_0.5_2,sequences,9,-8.5,14.44,0.5,2,0.05468500909820045,0.3371371808535184,0.3371513068117025,28066,11934,0.70
sequences_9_0.5_3,sequences,9,-8.5,14.44,0.5,3,0.05364535089192554,0.35035733409049297,0.3503720213542899,28072,11928,0.70
sequences_9_0.5_4,sequences,9,-8.5,14.44,0.5,4,0.05282106524862933,0.35557698920308567,0.35559187655636326,28057,11943,0.70
sequences_9_0.5_5,sequences,9,-8.5,14.44,0.5,5,0.05304237333597346,0.3475596692866367,0.347574225845154,28061,11939,0.70
sequences_9_0.5_6,sequences,9,-8.5,14.44,0.5,6,0.05277724158605457,0.3546335924636435,0.354648445293523,28061,11939,0.70
sequences_9_0.5_7,sequences,9,-8.5,14.44,0.5,7,0.0531730618110659,0.35382617561183016,0.35384099586673673,28062,11938,0.70
sequences_9_0.5_8,sequences,9,-8.5,14.44,0.5,8,0.053840098533735975,0.35072597360004104,0.3507406590799428,28058,11942,0.70
sequences_9_0.5_9,sequences,9,-8.5,14.44,0.5,9,0.05234192563528569,0.3463779395501002,0.34639244175612094,28057,11943,0.70
sequences_9_0.5_10,sequences,9,-8.5,14.44,0.5,10,0.052803864839830725,0.35643469316455934,0.3564496301868043,28068,11932,0.70
sequences_9_0.5_11,sequences,9,-8.5,14.44,0.5,11,0.05245193580689587,0.3473404319992488,0.34735497815717964,28060,11940,0.70
sequences_9_0.5_12,sequences,9,-8.5,14.44,0.5,12,0.054150294049778336,0.3556035672970239,0.35561845202390086,28054,11946,0.70
sequences_9_0.5_13,sequences,9,-8.5,14.44,0.5,13,0.05432271735668491,0.3455863778616718,0.3456008529869315,28062,11938,0.70
sequences_9_0.5_14,sequences,9,-8.5,14.44,0.5,14,0.05384521057926652,0.3545477188518421,0.35456256932908803,28062,11938,0.70
sequences_9_0.5_15,sequences,9,-8.5,14.44,0.5,15,0.05389921476941305,0.34316339204291546,0.34317777049774517,28066,11934,0.70
sequences_9_0.5_16,sequences,9,-8.5,14.44,0.5,16,0.052785321652758004,0.3413485312428402,0.3413628204837466,28055,11945,0.70
sequences_9_0.5_17,sequences,9,-8.5,14.44,0.5,17,0.052353789026033805,0.3592216400223725,0.3592366862700502,28062,11938,0.70
sequences_9_0.5_18,sequences,9,-8.5,14.44,0.5,18,0.0531527433208062,0.35857654812319667,0.3585915635771562,28059,11941,0.70
sequences_9_0.5_19,sequences,9,-8.5,14.44,0.5,19,0.055306867615355006,0.34841020486445295,0.34842479582305663,28060,11940,0.70
sequences_9_0.5_20,sequences,9,-8.5,14.44,0.5,20,0.054466309583814314,0.3409918116991413,0.34100607764671365,28048,11952,0.70
sequences_9_0.5_21,sequences,9,-8.5,14.44,0.5,21,0.05369769714853409,0.3459868577357424,0.34600134478098,28058,11942,0.70
sequences_9_0.5_22,sequences,9,-8.5,14.44,0.5,22,0.05526158654101159,0.33853445732111165,0.33854863232194776,28058,11942,0.70
sequences_9_0.5_23,sequences,9,-8.5,14.44,0.5,23,0.05256185162271416,0.35129307713620705,0.3513077888256888,28060,11940,0.70
sequences_9_0.5_24,sequences,9,-8.5,14.44,0.5,24,0.05509974763038182,0.3411804236587529,0.3411947214240251,28068,11932,0.70
sequences_9_0.5_25,sequences,9,-8.5,14.44,0.5,25,0.052855258348069305,0.35237723992126485,0.3523920118611536,28072,11928,0.70
sequences_9_0.5_26,sequences,9,-8.5,14.44,0.5,26,0.05321169403219924,0.35370179639754434,0.3537166089610032,28060,11940,0.70
sequences_9_0.5_27,sequences,9,-8.5,14.44,0.5,27,0.0529142979487103,0.3564223184244569,0.3564372386713783,28055,11945,0.70
sequences_9_0.5_28,sequences,9,-8.5,14.44,0.5,28,0.0514517011914577,0.3646033309110811,0.3646185910693346,28053,11947,0.70
sequences_9_0.5_29,sequences,9,-8.5,14.44,0.5,29,0.054902237105610596,0.3369334426657976,0.33694756127053743,28067,11933,0.70
sequences_9_0.5_30,sequences,9,-8.5,14.44,0.5,30,0.0535697090444033,0.35119313991605206,0.3512078523493932,28064,11936,0.70
sequences_9_0.5_31,sequences,9,-8.5,14.44,0.5,31,0.05493328550233383,0.33702135410332534,0.33703546692986797,28059,11941,0.70
sequences_9_0.5_32,sequences,9,-8.5,14.44,0.5,32,0.0534032979088009,0.3535400065394584,0.3535548024132659,28052,11948,0.70
sequences_9_0.5_33,sequences,9,-8.5,14.44,0.5,33,0.055586690864518756,0.34642271172096334,0.3464372206612131,28061,11939,0.70
sequences_9_0.5_34,sequences,9,-8.5,14.44,0.5,34,0.05233976829062095,0.35621458848613835,0.3562295087813756,28062,11938,0.70
sequences_9_0.5_35,sequences,9,-8.5,14.44,0.5,35,0.05320125184207645,0.34682500932361016,0.34683953754685765,28063,11937,0.70
sequences_9_0.5_36,sequences,9,-8.5,14.44,0.5,36,0.05205066944668177,0.35197335586540324,0.35198809110731893,28056,11944,0.70
sequences_9_0.5_37,sequences,9,-8.5,14.44,0.5,37,0.05365360061054602,0.3431676149961146,0.34318199483290757,28067,11933,0.70
sequences_9_0.5_38,sequences,9,-8.5,14.44,0.5,38,0.05700268574919455,0.3332284058661846,0.33324237038817567,28068,11932,0.70
sequences_9_0.5_39,sequences,9,-8.5,14.44,0.5,39,0.05393342741755057,0.3481871069184209,0.34820169219885116,28063,11937,0.70
sequences_9_0.5_40,sequences,9,-8.5,14.44,0.5,40,0.052839010282831854,0.3476654692585199,0.34768001927921127,28052,11948,0.70
sequences_9_0.5_41,sequences,9,-8.5,14.44,0.5,41,0.05472823564127903,0.3368375914202664,0.336851706008528,28067,11933,0.70
sequences_9_0.5_42,sequences,9,-8.5,14.44,0.5,42,0.05567486841113049,0.3476316233926481,0.3476461988364981,28074,11926,0.70
sequences_9_0.5_43,sequences,9,-8.5,14.44,0.5,43,0.05262622685952986,0.35053188270397523,0.3505465809819742,28075,11925,0.70
sequences_9_0.5_44,sequences,9,-8.5,14.44,0.5,44,0.05554473065498798,0.34458317367834845,0.3445975934960552,28051,11949,0.70
sequences_9_0.5_45,sequences,9,-8.5,14.44,0.5,45,0.05330489232605202,0.35567834946494115,0.3556932435563388,28059,11941,0.70
sequences_9_0.5_46,sequences,9,-8.5,14.44,0.5,46,0.05120455615260107,0.35261545841004405,0.3526302304281654,28064,11936,0.70
sequences_9_0.5_47,sequences,9,-8.5,14.44,0.5,47,0.054457466789512854,0.3423120056419875,0.3423263328160292,28053,11947,0.70
sequences_9_0.5_48,sequences,9,-8.5,14.44,0.5,48,0.05353610608151962,0.35907679637399026,0.3590918264820471,28054,11946,0.70
sequences_9_0.5_49,sequences,9,-8.5,14.44,0.5,49,0.05315649444427219,0.35342049808428105,0.3534352926715611,28055,11945,0.70
sequences_9_0.75_0,sequences,9,-8.5,14.44,0.75,0,0.060582842108822074,0.3342089583235496,0.3342229428396686,28050,11950,0.70
sequences_9_0.75_1,sequences,9,-8.5,14.44,0.75,1,0.055197000710008395,0.36339812974846597,0.3634133560334222,28066,11934,0.70
sequences_9_0.75_2,sequences,9,-8.5,14.44,0.75,2,0.05764175587299949,0.3646650581698887,0.36468033753880874,28066,11934,0.70
sequences_9_0.75_3,sequences,9,-8.5,14.44,0.75,3,0.05615388833670983,0.36055857521951745,0.3605736901276219,28072,11928,0.70
sequences_9_0.75_4,sequences,9,-8.5,14.44,0.75,4,0.055685684485329984,0.3703355017145483,0.3703510069795477,28057,11943,0.70
sequences_9_0.75_5,sequences,9,-8.5,14.44,0.75,5,0.05639892532362982,0.3550529975203953,0.3550678679158753,28061,11939,0.70
sequences_9_0.75_6,sequences,9,-8.5,14.44,0.75,6,0.05941240917886891,0.34671782402659157,0.3467323453267896,28061,11939,0.70
sequences_9_0.75_7,sequences,9,-8.5,14.44,0.75,7,0.058850088278467584,0.35455327410450505,0.3545681248144365,28062,11938,0.70
sequences_9_0.75_8,sequences,9,-8.5,14.44,0.75,8,0.05716221634753701,0.3547980607750739,0.35481291676003907,28058,11942,0.70
sequences_9_0.75_9,sequences,9,-8.5,14.44,0.75,9,0.05720922387239696,0.35652114590721695,0.3565360727905959,28057,11943,0.70
sequences_9_0.75_10,sequences,9,-8.5,14.44,0.75,10,0.05539408339200741,0.3595958729118081,0.35961094240884617,28068,11932,0.70
sequences_9_0.75_11,sequences,9,-8.5,14.44,0.75,11,0.05604146002633473,0.3638635515248221,0.36387878964914666,28060,11940,0.70
sequences_9_0.75_12,sequences,9,-8.5,14.44,0.75,12,0.05559118790358784,0.3692858924393049,0.3693013498760518,28054,11946,0.70
sequences_9_0.75_13,sequences,9,-8.5,14.44,0.75,13,0.056568152878376105,0.36105130805961205,0.3610664309442051,28062,11938,0.70
sequences_9_0.75_14,sequences,9,-8.5,14.44,0.75,14,0.0630588089718073,0.3397071980825098,0.33972142695424457,28062,11938,0.70
sequences_9_0.75_15,sequences,9,-8.5,14.44,0.75,15,0.055437205196324335,0.3706027691910566,0.3706182973484887,28066,11934,0.70
sequences_9_0.75_16,sequences,9,-8.5,14.44,0.75,16,0.05588573480727577,0.36372315625589796,0.36373838212426207,28055,11945,0.70
sequences_9_0.75_17,sequences,9,-8.5,14.44,0.75,17,0.05764405967769478,0.3621611581990091,0.36217632757044554,28062,11938,0.70
sequences_9_0.75_18,sequences,9,-8.5,14.44,0.75,18,0.05357803862283046,0.36812210280854407,0.3681375179842301,28059,11941,0.70
sequences_9_0.75_19,sequences,9,-8.5,14.44,0.75,19,0.06204100911550726,0.337880413164502,0.33789456314935506,28060,11940,0.70
sequences_9_0.75_20,sequences,9,-8.5,14.44,0.75,20,0.06005083279205335,0.345342347624638,0.3453567955839634,28048,11952,0.70
sequences_9_0.75_21,sequences,9,-8.5,14.44,0.75,21,0.05581531254097564,0.36152870687450683,0.36154384468281975,28058,11942,0.70
sequences_9_0.75_22,sequences,9,-8.5,14.44,0.75,22,0.05552406577543671,0.37085319926469307,0.37086872750501243,28058,11942,0.70
sequences_9_0.75_23,sequences,9,-8.5,14.44,0.75,23,0.05710058931001819,0.35882723754277296,0.3588422647529286,28060,11940,0.70
sequences_9_0.75_24,sequences,9,-8.5,14.44,0.75,24,0.05731779725528497,0.35643410013505056,0.3564490371324436,28068,11932,0.70
sequences_9_0.75_25,sequences,9,-8.5,14.44,0.75,25,0.05472020360865202,0.3666445226625281,0.3666598926984888,28072,11928,0.70
sequences_9_0.75_26,sequences,9,-8.5,14.44,0.75,26,0.05462310078811813,0.371825877945936,0.37184144952196085,28060,11940,0.70
sequences_9_0.75_27,sequences,9,-8.5,14.44,0.75,27,0.0560019094916785,0.3607627492377064,0.36077785118003836,28055,11945,0.70
sequences_9_0.75_28,sequences,9,-8.5,14.44,0.75,28,0.05868805282966224,0.35750110688277326,0.35751606978355965,28053,11947,0.70
sequences_9_0.75_29,sequences,9,-8.5,14.44,0.75,29,0.05440559474994316,0.3628252356556687,0.3628404392105647,28067,11933,0.70
sequences_9_0.75_30,sequences,9,-8.5,14.44,0.75,30,0.05844392358615123,0.3622261951493984,0.3622413697873536,28064,11936,0.70
sequences_9_0.75_31,sequences,9,-8.5,14.44,0.75,31,0.05536419573828061,0.3704505459677,0.37046605864733945,28059,11941,0.70
sequences_9_0.75_32,sequences,9,-8.5,14.44,0.75,32,0.058083450208769365,0.3581500317914824,0.3581650205977746,28052,11948,0.70
sequences_9_0.75_33,sequences,9,-8.5,14.44,0.75,33,0.05843941127158575,0.35907917545721824,0.3590942144778291,28061,11939,0.70
sequences_9_0.75_34,sequences,9,-8.5,14.44,0.75,34,0.05496369805928145,0.3689370371358436,0.3689524903196714,28062,11938,0.70
sequences_9_0.75_35,sequences,9,-8.5,14.44,0.75,35,0.05824006530543255,0.36385410084090664,0.3638693423992269,28063,11937,0.70
sequences_9_0.75_36,sequences,9,-8.5,14.44,0.75,36,0.055369337181367724,0.36693614293390003,0.36695150458768333,28056,11944,0.70
sequences_9_0.75_37,sequences,9,-8.5,14.44,0.75,37,0.05811503817484353,0.36015565622742113,0.3601707479182752,28067,11933,0.70
sequences_9_0.75_38,sequences,9,-8.5,14.44,0.75,38,0.057572994859690634,0.3581268644900066,0.3581418724256649,28068,11932,0.70
sequences_9_0.75_39,sequences,9,-8.5,14.44,0.75,39,0.05776786330882502,0.35433146343039396,0.3543463060930219,28063,11937,0.70
sequences_9_0.75_40,sequences,9,-8.5,14.44,0.75,40,0.05681040107574929,0.35997792287864516,0.3599929881833402,28052,11948,0.70
sequences_9_0.75_41,sequences,9,-8.5,14.44,0.75,41,0.05909654321891642,0.36013356617666,0.3601486569418692,28067,11933,0.70
sequences_9_0.75_42,sequences,9,-8.5,14.44,0.75,42,0.05629153807164795,0.36288882111208054,0.362904036257309,28074,11926,0.70
sequences_9_0.75_43,sequences,9,-8.5,14.44,0.75,43,0.056914995661337446,0.3562939156334406,0.35630885552130737,28075,11925,0.70
sequences_9_0.75_44,sequences,9,-8.5,14.44,0.75,44,0.056707927570519866,0.3600649962310323,0.36008006391861785,28051,11949,0.70
sequences_9_0.75_45,sequences,9,-8.5,14.44,0.75,45,0.06076424784646841,0.3522691168727604,0.35228386820196317,28059,11941,0.70
sequences_9_0.75_46,sequences,9,-8.5,14.44,0.75,46,0.05746196823951531,0.35233600689895495,0.35235076721009434,28064,11936,0.70
sequences_9_0.75_47,sequences,9,-8.5,14.44,0.75,47,0.05608237557731636,0.3685840482599363,0.36859947502768436,28053,11947,0.70
sequences_9_0.75_48,sequences,9,-8.5,14.44,0.75,48,0.05439721755186433,0.3695190476419886,0.36953451483806254,28054,11946,0.70
sequences_9_0.75_49,sequences,9,-8.5,14.44,0.75,49,0.056265855876736603,0.3673254552110787,0.3673408318758074,28055,11945,0.70
sequences_9_1_0,sequences,9,,10.74,1.0,0,0.07196712871866136,0.3776530239664181,0.3776688263399617,28050,11950,0.70
sequences_9_1_1,sequences,9,,10.74,1.0,1,0.07337490879235806,0.3822916813918346,0.38230769931157815,28066,11934,0.70
sequences_9_1_2,sequences,9,,10.74,1.0,2,0.07163890845803957,0.3725367033888281,0.3725523125775886,28066,11934,0.70
sequences_9_1_3,sequences,9,,10.74,1.0,3,0.07329887052269386,0.3912083570467504,0.3912247568185846,28072,11928,0.70
sequences_9_1_4,sequences,9,,10.74,1.0,4,0.07323294228343175,0.37604394307832095,0.37605968734524065,28057,11943,0.70
sequences_9_1_5,sequences,9,,10.74,1.0,5,0.07220276435285371,0.37008205726673987,0.3700975571120869,28061,11939,0.70
sequences_9_1_6,sequences,9,,10.74,1.0,6,0.07303852053456994,0.3658966628241157,0.3659119873759966,28061,11939,0.70
sequences_9_1_7,sequences,9,,10.74,1.0,7,0.07163450206955883,0.3979381857839093,0.39795485370097394,28062,11938,0.70
sequences_9_1_8,sequences,9,,10.74,1.0,8,0.07414831310957011,0.3682779232984748,0.36829334370770583,28058,11942,0.70
sequences_9_1_9,sequences,9,,10.74,1.0,9,0.07319175615715268,0.36755360570754203,0.3675689944996821,28057,11943,0.70
sequences_9_1_10,sequences,9,,10.74,1.0,10,0.07295579560661225,0.37192946368696483,0.3719450500448004,28068,11932,0.70
sequences_9_1_11,sequences,9,,10.74,1.0,11,0.07400685709403941,0.36118125948450364,0.3611963852779849,28060,11940,0.70
sequences_9_1_12,sequences,9,,10.74,1.0,12,0.07266015311283601,0.3704517375608412,0.37046724379711604,28054,11946,0.70
sequences_9_1_13,sequences,9,,10.74,1.0,13,0.07533487917953383,0.33259730360217016,0.33261123467104065,28062,11938,0.70
sequences_9_1_14,sequences,9,,10.74,1.0,14,0.07397686536926511,0.3612006194860175,0.3612157486246233,28062,11938,0.70
sequences_9_1_15,sequences,9,,10.74,1.0,15,0.0730290373715344,0.37781404103088523,0.37782987133868895,28066,11934,0.70
sequences_9_1_16,sequences,9,,10.74,1.0,16,0.07309675627904451,0.36782110343301305,0.3678365008461446,28055,11945,0.70
sequences_9_1_17,sequences,9,,10.74,1.0,17,0.07198254200573516,0.38124493671226956,0.3812609054210123,28062,11938,0.70
sequences_9_1_18,sequences,9,,10.74,1.0,18,0.07471594068003545,0.3531625394826293,0.3531773282240559,28059,11941,0.70
sequences_9_1_19,sequences,9,,10.74,1.0,19,0.07253959004413335,0.3738927877737301,0.37390844590920497,28060,11940,0.70
sequences_9_1_20,sequences,9,,10.74,1.0,20,0.0734349814595597,0.3775528866051695,0.37756868214483147,28048,11952,0.70
sequences_9_1_21,sequences,9,,10.74,1.0,21,0.07307049214494546,0.3927294680401093,0.3927459122761906,28058,11942,0.70
sequences_9_1_22,sequences,9,,10.74,1.0,22,0.07476819638919469,0.34876815429787783,0.34878275780062884,28058,11942,0.70
sequences_9_1_23,sequences,9,,10.74,1.0,23,0.07317229356876469,0.374532359342648,0.3745480442625344,28060,11940,0.70
sequences_9_1_24,sequences,9,,10.74,1.0,24,0.07322354301099827,0.3752288935201322,0.3752446181463736,28068,11932,0.70
sequences_9_1_25,sequences,9,,10.74,1.0,25,0.07471280851587264,0.36126513847552033,0.3612802830033299,28072,11928,0.70
sequences_9_1_26,sequences,9,,10.74,1.0,26,0.07177717207628909,0.3793275942348155,0.3793434799727974,28060,11940,0.70
sequences_9_1_27,sequences,9,,10.74,1.0,27,0.07489697393205293,0.36181879751203994,0.3618339436617634,28055,11945,0.70
sequences_9_1_28,sequences,9,,10.74,1.0,28,0.07239562929225533,0.3980242264076456,0.3980408853686829,28053,11947,0.70
sequences_9_1_29,sequences,9,,10.74,1.0,29,0.0736108757535994,0.3613303076663811,0.36134544857894263,28067,11933,0.70
sequences_9_1_30,sequences,9,,10.74,1.0,30,0.07460797265590298,0.3550665128531559,0.35508138755259694,28064,11936,0.70
sequences_9_1_31,sequences,9,,10.74,1.0,31,0.0741535040111282,0.35777584836768495,0.357790830292206,28059,11941,0.70
sequences_9_1_32,sequences,9,,10.74,1.0,32,0.07200019602212357,0.3813711644222373,0.38138712504767786,28052,11948,0.70
sequences_9_1_33,sequences,9,,10.74,1.0,33,0.07579392409531319,0.33325016237647015,0.3332641196215656,28061,11939,0.70
sequences_9_1_34,sequences,9,,10.74,1.0,34,0.07407239125883974,0.3725682106021255,0.37258381588017386,28062,11938,0.70
sequences_9_1_35,sequences,9,,10.74,1.0,35,0.07402787838318856,0.3787493173048696,0.37876518281193716,28063,11937,0.70
sequences_9_1_36,sequences,9,,10.74,1.0,36,0.07458118703184215,0.35708297319704074,0.35709792235130583,28056,11944,0.70
sequences_9_1_37,sequences,9,,10.74,1.0,37,0.07310230351663977,0.3714361489500736,0.3714517133301827,28067,11933,0.70
sequences_9_1_38,sequences,9,,10.74,1.0,38,0.07230010561840464,0.3817818256167219,0.38179782485509944,28068,11932,0.70
sequences_9_1_39,sequences,9,,10.74,1.0,39,0.07370469381150642,0.37387136164319723,0.3738870228165895,28063,11937,0.70
sequences_9_1_40,sequences,9,,10.74,1.0,40,0.07311313425254708,0.3716026781636542,0.3716182299717409,28052,11948,0.70
sequences_9_1_41,sequences,9,,10.74,1.0,41,0.07226162659143748,0.384097233218224,0.38411332813885446,28067,11933,0.70
sequences_9_1_42,sequences,9,,10.74,1.0,42,0.0735757788323941,0.37655452571891,0.3765703138376448,28074,11926,0.70
sequences_9_1_43,sequences,9,,10.74,1.0,43,0.0752730267577226,0.34004359146983626,0.34005784995953664,28075,11925,0.70
sequences_9_1_44,sequences,9,,10.74,1.0,44,0.07227085050199464,0.37698479344444885,0.3770005691770293,28051,11949,0.70
sequences_9_1_45,sequences,9,,10.74,1.0,45,0.07380937269999732,0.37782411634031754,0.37783993778947084,28059,11941,0.70
sequences_9_1_46,sequences,9,,10.74,1.0,46,0.0746108497224028,0.3462883743137843,0.34630288127318876,28064,11936,0.70
sequences_9_1_47,sequences,9,,10.74,1.0,47,0.07200565990036328,0.3755338127665744,0.37554953041072764,28053,11947,0.70
sequences_9_1_48,sequences,9,,10.74,1.0,48,0.07212752057734413,0.3741072511667056,0.37412291041416085,28054,11946,0.70
sequences_9_1_49,sequences,9,,10.74,1.0,49,0.07313415297870977,0.3825875357219823,0.38260355127490064,28055,11945,0.70
sequences_10_0_0,sequences,10,-12.3,10.68,0.0,0,0.05981546638729111,0.3802360115714409,0.38025192202656305,28050,11950,0.70
sequences_10_0_1,sequences,10,-12.3,10.68,0.0,1,0.05966608373432553,0.3710330445757777,0.37104859076163393,28066,11934,0.70
sequences_10_0_2,sequences,10,-12.3,10.68,0.0,2,0.06084333738295621,0.365986489910341,0.3660018246468994,28066,11934,0.70
sequences_10_0_3,sequences,10,-12.3,10.68,0.0,3,0.06037737117450974,0.3663514659100287,0.36636682366081247,28072,11928,0.70
sequences_10_0_4,sequences,10,-12.3,10.68,0.0,4,0.05994052336627568,0.38094476836028546,0.38096071781572843,28057,11943,0.70
sequences_10_0_5,sequences,10,-12.3,10.68,0.0,5,0.06006739158398384,0.37582285271509736,0.37583859299750394,28061,11939,0.70
sequences_10_0_6,sequences,10,-12.3,10.68,0.0,6,0.060208559256644534,0.38906844167818855,0.3890847367148082,28061,11939,0.70
sequences_10_0_7,sequences,10,-12.3,10.68,0.0,7,0.059804531249527684,0.3808446521379378,0.38086060408048333,28062,11938,0.70
sequences_10_0_8,sequences,10,-12.3,10.68,0.0,8,0.060255218426219705,0.38994029050324036,0.3899566179518188,28058,11942,0.70
sequences_10_0_9,sequences,10,-12.3,10.68,0.0,9,0.0601377920373941,0.37948975093046033,0.37950563946700483,28057,11943,0.70
sequences_10_0_10,sequences,10,-12.3,10.68,0.0,10,0.060306556541562535,0.36127582896512894,0.3612909688636779,28068,11932,0.70
sequences_10_0_11,sequences,10,-12.3,10.68,0.0,11,0.06017128642226086,0.36836331689584706,0.3683787434643944,28060,11940,0.70
sequences_10_0_12,sequences,10,-12.3,10.68,0.0,12,0.0595534338331394,0.36925432761503246,0.36926978373055025,28054,11946,0.70
sequences_10_0_13,sequences,10,-12.3,10.68,0.0,13,0.06043430128737654,0.3927238952915179,0.3927403448044067,28062,11938,0.70
sequences_10_0_14,sequences,10,-12.3,10.68,0.0,14,0.060355702366140185,0.38689240332566566,0.3869086085824666,28062,11938,0.70
sequences_10_0_15,sequences,10,-12.3,10.68,0.0,15,0.060919907037152214,0.37607783665179667,0.3760935942130988,28066,11934,0.70
sequences_10_0_16,sequences,10,-12.3,10.68,0.0,16,0.05969988283892565,0.380245352563237,0.38026127006968274,28055,11945,0.70
sequences_10_0_17,sequences,10,-12.3,10.68,0.0,17,0.06000154667417812,0.371474124705393,0.37148968415689426,28062,11938,0.70
sequences_10_0_18,sequences,10,-12.3,10.68,0.0,18,0.05995691558325154,0.3758980839334987,0.3759138247297173,28059,11941,0.70
sequences_10_0_19,sequences,10,-12.3,10.68,0.0,19,0.06011944568241207,0.385401588049492,0.38541772815830194,28060,11940,0.70
sequences_10_0_20,sequences,10,-12.3,10.68,0.0,20,0.05987427188876653,0.37532980441342056,0.3753455069468199,28048,11952,0.70
sequences_10_0_21,sequences,10,-12.3,10.68,0.0,21,0.06035463760513854,0.37565471072949613,0.3756704400170872,28058,11942,0.70
sequences_10_0_22,sequences,10,-12.3,10.68,0.0,22,0.05998477948420824,0.3657315167686465,0.36574683055560053,28058,11942,0.70
sequences_10_0_23,sequences,10,-12.3,10.68,0.0,23,0.06020308954083397,0.37479771606827755,0.3748134121009527,28060,11940,0.70
sequences_10_0_24,sequences,10,-12.3,10.68,0.0,24,0.060622946278132174,0.3842743748818131,0.3842904785748482,28068,11932,0.70
sequences_10_0_25,sequences,10,-12.3,10.68,0.0,25,0.060026621184997346,0.37722459696703503,0.3772404105282974,28072,11928,0.70
sequences_10_0_26,sequences,10,-12.3,10.68,0.0,26,0.06038854526094512,0.371022431171938,0.3710379691006745,28060,11940,0.70
sequences_10_0_27,sequences,10,-12.3,10.68,0.0,27,0.05984797675646249,0.3890220676293142,0.389038352539116,28055,11945,0.70
sequences_10_0_28,sequences,10,-12.3,10.68,0.0,28,0.06019370147912812,0.3574340963832312,0.35744905647935094,28053,11947,0.70
sequences_10_0_29,sequences,10,-12.3,10.68,0.0,29,0.060015113156816444,0.3946122311428907,0.39462876667605984,28067,11933,0.70
sequences_10_0_30,sequences,10,-12.3,10.68,0.0,30,0.06004776933967253,0.3867330827648634,0.3867492840628226,28064,11936,0.70
sequences_10_0_31,sequences,10,-12.3,10.68,0.0,31,0.060175682236885096,0.37758972781552325,0.3776055394496173,28059,11941,0.70
sequences_10_0_32,sequences,10,-12.3,10.68,0.0,32,0.060047237694520646,0.38432554267731206,0.38434162694535895,28052,11948,0.70
sequences_10_0_33,sequences,10,-12.3,10.68,0.0,33,0.06008230540852828,0.3769266460985136,0.37694243261019933,28061,11939,0.70
sequences_10_0_34,sequences,10,-12.3,10.68,0.0,34,0.06072382922658335,0.38582605652553337,0.38584221711765865,28062,11938,0.70
sequences_10_0_35,sequences,10,-12.3,10.68,0.0,35,0.0602455729791011,0.37089534072224184,0.3709108772324894,28063,11937,0.70
sequences_10_0_36,sequences,10,-12.3,10.68,0.0,36,0.06002752286436058,0.38272556754964776,0.38274159022219156,28056,11944,0.70
sequences_10_0_37,sequences,10,-12.3,10.68,0.0,37,0.06025658320422047,0.3870426443580923,0.3870588627010087,28067,11933,0.70
sequences_10_0_38,sequences,10,-12.3,10.68,0.0,38,0.05996130061840667,0.3681020166278418,0.36811744258978163,28068,11932,0.70
sequences_10_0_39,sequences,10,-12.3,10.68,0.0,39,0.06029235962018816,0.38408264553767746,0.3840987344536145,28063,11937,0.70
sequences_10_0_40,sequences,10,-12.3,10.68,0.0,40,0.060546198402274404,0.3830194427987184,0.3830354724056559,28052,11948,0.70
sequences_10_0_41,sequences,10,-12.3,10.68,0.0,41,0.060283231200255485,0.3621506550681166,0.36216583035589667,28067,11933,0.70
sequences_10_0_42,sequences,10,-12.3,10.68,0.0,42,0.060729465009506156,0.36280689280234213,0.3628221045124934,28074,11926,0.70
sequences_10_0_43,sequences,10,-12.3,10.68,0.0,43,0.060084009687065044,0.38117532123386016,0.3811913044328623,28075,11925,0.70
sequences_10_0_44,sequences,10,-12.3,10.68,0.0,44,0.060702910097483936,0.3771888269540576,0.3772046112248554,28051,11949,0.70
sequences_10_0_45,sequences,10,-12.3,10.68,0.0,45,0.06044265419605566,0.3790143545023333,0.3790302257929122,28059,11941,0.70
sequences_10_0_46,sequences,10,-12.3,10.68,0.0,46,0.060401614468836955,0.37222411932747246,0.3722397128055936,28064,11936,0.70
sequences_10_0_47,sequences,10,-12.3,10.68,0.0,47,0.060490155047858256,0.3841104840393387,0.38412656065267786,28053,11947,0.70
sequences_10_0_48,sequences,10,-12.3,10.68,0.0,48,0.060067505131475844,0.3732802163411833,0.3732958409709108,28054,11946,0.70
sequences_10_0_49,sequences,10,-12.3,10.68,0.0,49,0.05984167134422985,0.3918075546091478,0.3918239561226284,28055,11945,0.70
sequences_10_0.25_0,sequences,10,-12.3,10.68,0.25,0,0.060658248152774735,0.369857042274941,0.3698725184363083,28050,11950,0.70
sequences_10_0.25_1,sequences,10,-12.3,10.68,0.25,1,0.06114117920725737,0.35224724205703484,0.35226200112276346,28066,11934,0.70
sequences_10_0.25_2,sequences,10,-12.3,10.68,0.25,2,0.05942934298583086,0.37047934019077416,0.370494863176564,28066,11934,0.70
sequences_10_0.25_3,sequences,10,-12.3,10.68,0.25,3,0.060451443025588046,0.37977889587331226,0.37979481651285785,28072,11928,0.70
sequences_10_0.25_4,sequences,10,-12.3,10.68,0.25,4,0.060757435590652685,0.36156600375558756,0.3615811418578678,28057,11943,0.70
sequences_10_0.25_5,sequences,10,-12.3,10.68,0.25,5,0.06033952442792965,0.3685740874788674,0.3685895241671442,28061,11939,0.70
sequences_10_0.25_6,sequences,10,-12.3,10.68,0.25,6,0.06147869139462771,0.3613240244525479,0.36133915749234063,28061,11939,0.70
sequences_10_0.25_7,sequences,10,-12.3,10.68,0.25,7,0.06125244687206223,0.36136078109635467,0.3613759169434407,28062,11938,0.70
sequences_10_0.25_8,sequences,10,-12.3,10.68,0.25,8,0.06027670967943262,0.37876154305856036,0.37877740243438895,28058,11942,0.70
sequences_10_0.25_9,sequences,10,-12.3,10.68,0.25,9,0.05935900871571785,0.36127919542667253,0.36129432152081664,28057,11943,0.70
sequences_10_0.25_10,sequences,10,-12.3,10.68,0.25,10,0.05981977808889897,0.372319622514171,0.3723352252222979,28068,11932,0.70
sequences_10_0.25_11,sequences,10,-12.3,10.68,0.25,11,0.05930286924242855,0.37141574168612995,0.3714312960861907,28060,11940,0.70
sequences_10_0.25_12,sequences,10,-12.3,10.68,0.25,12,0.060331904725741174,0.3614141745256022,0.3614293024707973,28054,11946,0.70
sequences_10_0.25_13,sequences,10,-12.3,10.68,0.25,13,0.06022269759993021,0.36317994863862635,0.3631951606828073,28062,11938,0.70
sequences_10_0.25_14,sequences,10,-12.3,10.68,0.25,14,0.0607536603762081,0.37096840074296084,0.37098393901186305,28062,11938,0.70
sequences_10_0.25_15,sequences,10,-12.3,10.68,0.25,15,0.0608217746996353,0.3688129859387978,0.36882843910478785,28066,11934,0.70
sequences_10_0.25_16,sequences,10,-12.3,10.68,0.25,16,0.06083472055538537,0.3694772580765246,0.3694927248181885,28055,11945,0.70
sequences_10_0.25_17,sequences,10,-12.3,10.68,0.25,17,0.059859659139592625,0.3849629894935939,0.3849791139355576,28062,11938,0.70
sequences_10_0.25_18,sequences,10,-12.3,10.68,0.25,18,0.05912886444697742,0.3714573129363086,0.3714728677744861,28059,11941,0.70
sequences_10_0.25_19,sequences,10,-12.3,10.68,0.25,19,0.061475773409266986,0.37148007252332294,0.37149562961747395,28060,11940,0.70
sequences_10_0.25_20,sequences,10,-12.3,10.68,0.25,20,0.06041176835109147,0.36048477883728997,0.36049986030487685,28048,11952,0.70
sequences_10_0.25_21,sequences,10,-12.3,10.68,0.25,21,0.06108958549443246,0.3657513859920307,0.36576670061094213,28058,11942,0.70
sequences_10_0.25_22,sequences,10,-12.3,10.68,0.25,22,0.06019005365375122,0.379642874801051,0.3796587710797056,28058,11942,0.70
sequences_10_0.25_23,sequences,10,-12.3,10.68,0.25,23,0.06235213501333361,0.3557872166075206,0.3558021165056199,28060,11940,0.70
sequences_10_0.25_24,sequences,10,-12.3,10.68,0.25,24,0.061386781029064884,0.36653298780200716,0.3665483480110365,28068,11932,0.70
sequences_10_0.25_25,sequences,10,-12.3,10.68,0.25,25,0.06066033102248163,0.3765849595987644,0.3766007463459092,28072,11928,0.70
sequences_10_0.25_26,sequences,10,-12.3,10.68,0.25,26,0.06137713032730726,0.3673559190569349,0.367371303436993,28060,11940,0.70
sequences_10_0.25_27,sequences,10,-12.3,10.68,0.25,27,0.061295589962378175,0.3705267936625609,0.3705423043389878,28055,11945,0.70
sequences_10_0.25_28,sequences,10,-12.3,10.68,0.25,28,0.059564585565217563,0.3875283916515425,0.3875446113184598,28053,11947,0.70
sequences_10_0.25_29,sequences,10,-12.3,10.68,0.25,29,0.06095686887752938,0.3799895278445429,0.38000545063898694,28067,11933,0.70
sequences_10_0.25_30,sequences,10,-12.3,10.68,0.25,30,0.06161443252581386,0.3609983844576773,0.3610135076593118,28064,11936,0.70
sequences_10_0.25_31,sequences,10,-12.3,10.68,0.25,31,0.06166933541392188,0.3628687886117565,0.3628839838040167,28059,11941,0.70
sequences_10_0.25_32,sequences,10,-12.3,10.68,0.25,32,0.06027507668375667,0.3856529513287649,0.3856690911497069,28052,11948,0.70
sequences_10_0.25_33,sequences,10,-12.3,10.68,0.25,33,0.06271130566231407,0.35509359035854343,0.35510846245414013,28061,11939,0.70
sequences_10_0.25_34,sequences,10,-12.3,10.68,0.25,34,0.060853057880520964,0.3663752166101174,0.36639056249031476,28062,11938,0.70
sequences_10_0.25_35,sequences,10,-12.3,10.68,0.25,35,0.060630028702159215,0.3622875469470461,0.3623027228836722,28063,11937,0.70
sequences_10_0.25_36,sequences,10,-12.3,10.68,0.25,36,0.061216842930655956,0.368116981312821,0.36813239240199164,28056,11944,0.70
sequences_10_0.25_37,sequences,10,-12.3,10.68,0.25,37,0.05978733469981615,0.38448261437619535,0.3844987254455471,28067,11933,0.70
sequences_10_0.25_38,sequences,10,-12.3,10.68,0.25,38,0.060300096415590324,0.36441971558450226,0.3644349872331453,28068,11932,0.70
sequences_10_0.25_39,sequences,10,-12.3,10.68,0.25,39,0.059981994641755035,0.3656860976313029,0.36570141593050876,28063,11937,0.70
sequences_10_0.25_40,sequences,10,-12.3,10.68,0.25,40,0.05944657243373746,0.39305326966348403,0.3930697191924482,28052,11948,0.70
sequences_10_0.25_41,sequences,10,-12.3,10.68,0.25,41,0.06037311894384599,0.36913465210471674,0.3691501200446386,28067,11933,0.70
sequences_10_0.25_42,sequences,10,-12.3,10.68,0.25,42,0.0606687570354309,0.3834565713697409,0.38347264887635657,28074,11926,0.70
sequences_10_0.25_43,sequences,10,-12.3,10.68,0.25,43,0.05939141237565429,0.3724699859784669,0.37248560415093657,28075,11925,0.70
sequences_10_0.25_44,sequences,10,-12.3,10.68,0.25,44,0.06211422507423886,0.3536819262216016,0.35369672679601105,28051,11949,0.70
sequences_10_0.25_45,sequences,10,-12.3,10.68,0.25,45,0.06105301767076318,0.3511173785818122,0.3511320816817781,28059,11941,0.70
sequences_10_0.25_46,sequences,10,-12.3,10.68,0.25,46,0.05997979664654859,0.3752375558629926,0.37525327558214505,28064,11936,0.70
sequences_10_0.25_47,sequences,10,-12.3,10.68,0.25,47,0.061022921028422585,0.38895287174570203,0.3889691510330062,28053,11947,0.70
sequences_10_0.25_48,sequences,10,-12.3,10.68,0.25,48,0.06027909999234823,0.36056477962078703,0.3605798720123142,28054,11946,0.70
sequences_10_0.25_49,sequences,10,-12.3,10.68,0.25,49,0.06041429450580692,0.38155698067087096,0.3815729530835732,28055,11945,0.70
sequences_10_0.5_0,sequences,10,-12.3,10.68,0.5,0,0.061678048910097,0.3615123960513115,0.3615275230423867,28050,11950,0.70
sequences_10_0.5_1,sequences,10,-12.3,10.68,0.5,1,0.06271886129174717,0.3680182842784488,0.36803370414665065,28066,11934,0.70
sequences_10_0.5_2,sequences,10,-12.3,10.68,0.5,2,0.06031837896726261,0.3781128698816908,0.3781287127103439,28066,11934,0.70
sequences_10_0.5_3,sequences,10,-12.3,10.68,0.5,3,0.062329924338522594,0.3720230330896069,0.37203862859708986,28072,11928,0.70
sequences_10_0.5_4,sequences,10,-12.3,10.68,0.5,4,0.0628216939360941,0.3645805577560084,0.36459582207210944,28057,11943,0.70
sequences_10_0.5_5,sequences,10,-12.3,10.68,0.5,5,0.06076917136150387,0.3647715046889086,0.3647867821167079,28061,11939,0.70
sequences_10_0.5_6,sequences,10,-12.3,10.68,0.5,6,0.06492304820266694,0.3425793780889367,0.3425937260619746,28061,11939,0.70
sequences_10_0.5_7,sequences,10,-12.3,10.68,0.5,7,0.061403341509381204,0.36862035197572424,0.36863579189497436,28062,11938,0.70
sequences_10_0.5_8,sequences,10,-12.3,10.68,0.5,8,0.061957658916619474,0.36420419042707164,0.3642194402623312,28058,11942,0.70
sequences_10_0.5_9,sequences,10,-12.3,10.68,0.5,9,0.06081076635702606,0.3657369753382588,0.36575228807143295,28057,11943,0.70
sequences_10_0.5_10,sequences,10,-12.3,10.68,0.5,10,0.0628747008140183,0.3538566395335847,0.3538714685179614,28068,11932,0.70
sequences_10_0.5_11,sequences,10,-12.3,10.68,0.5,11,0.06238136411725647,0.3606467013190831,0.36066180472597537,28060,11940,0.70
sequences_10_0.5_12,sequences,10,-12.3,10.68,0.5,12,0.06151553801941544,0.37361890004585796,0.37363453885208675,28054,11946,0.70
sequences_10_0.5_13,sequences,10,-12.3,10.68,0.5,13,0.06179798251321125,0.3633146969065924,0.3633299145947981,28062,11938,0.70
sequences_10_0.5_14,sequences,10,-12.3,10.68,0.5,14,0.06243134518521166,0.37111307018210415,0.3711286145105862,28062,11938,0.70
sequences_10_0.5_15,sequences,10,-12.3,10.68,0.5,15,0.06440375735147359,0.34230919607194915,0.342323538736195,28066,11934,0.70
sequences_10_0.5_16,sequences,10,-12.3,10.68,0.5,16,0.062484452374415425,0.3540559752199826,0.35407079640906414,28055,11945,0.70
sequences_10_0.5_17,sequences,10,-12.3,10.68,0.5,17,0.06035948070615041,0.3890067283459884,0.3890230221627601,28062,11938,0.70
sequences_10_0.5_18,sequences,10,-12.3,10.68,0.5,18,0.060648082845823646,0.3692129591229896,0.3692284199784694,28059,11941,0.70
sequences_10_0.5_19,sequences,10,-12.3,10.68,0.5,19,0.06053182242902318,0.366839908180256,0.36685527095046105,28060,11940,0.70
sequences_10_0.5_20,sequences,10,-12.3,10.68,0.5,20,0.06176908090433683,0.3564016222070761,0.35641653284915803,28048,11952,0.70
sequences_10_0.5_21,sequences,10,-12.3,10.68,0.5,21,0.06150223019814185,0.36895603930914456,0.3689714881122209,28058,11942,0.70
sequences_10_0.5_22,sequences,10,-12.3,10.68,0.5,22,0.06273933116205324,0.3599131299210065,0.3599282000824251,28058,11942,0.70
sequences_10_0.5_23,sequences,10,-12.3,10.68,0.5,23,0.061679890447214766,0.35891239979057127,0.35892743056720916,28060,11940,0.70
sequences_10_0.5_24,sequences,10,-12.3,10.68,0.5,24,0.06248036906663803,0.3636572060863646,0.363672445780707,28068,11932,0.70
sequences_10_0.5_25,sequences,10,-12.3,10.68,0.5,25,0.06100394524687972,0.3651852330001843,0.36520054186153794,28072,11928,0.70
sequences_10_0.5_26,sequences,10,-12.3,10.68,0.5,26,0.06128689827960251,0.3683551406497658,0.3683705668759028,28060,11940,0.70
sequences_10_0.5_27,sequences,10,-12.3,10.68,0.5,27,0.06231807088424221,0.3663557393199263,0.366371075391236,28055,11945,0.70
sequences_10_0.5_28,sequences,10,-12.3,10.68,0.5,28,0.060563312092215923,0.3720619592634676,0.372077531596184,28053,11947,0.70
sequences_10_0.5_29,sequences,10,-12.3,10.68,0.5,29,0.06131395601400225,0.3779071039541684,0.3779229394882931,28067,11933,0.70
sequences_10_0.5_30,sequences,10,-12.3,10.68,0.5,30,0.06409001305499581,0.35626426664608707,0.35627919152268384,28064,11936,0.70
sequences_10_0.5_31,sequences,10,-12.3,10.68,0.5,31,0.06304305335914193,0.34945398928895016,0.3494686227342064,28059,11941,0.70
sequences_10_0.5_32,sequences,10,-12.3,10.68,0.5,32,0.061939923300300535,0.3641038734057198,0.36411911138406483,28052,11948,0.70
sequences_10_0.5_33,sequences,10,-12.3,10.68,0.5,33,0.06328977670738159,0.3611373657225137,0.36115249094463087,28061,11939,0.70
sequences_10_0.5_34,sequences,10,-12.3,10.68,0.5,34,0.063574273285554,0.35507899663954945,0.3550938693697342,28062,11938,0.70
sequences_10_0.5_35,sequences,10,-12.3,10.68,0.5,35,0.06075109861205928,0.36784676291242235,0.367862171720175,28063,11937,0.70
sequences_10_0.5_36,sequences,10,-12.3,10.68,0.5,36,0.06282818803450423,0.3573671463894323,0.35738210744050913,28056,11944,0.70
sequences_10_0.5_37,sequences,10,-12.3,10.68,0.5,37,0.06203400165393008,0.35096551245278446,0.3509802190467884,28067,11933,0.70
sequences_10_0.5_38,sequences,10,-12.3,10.68,0.5,38,0.06164852828920645,0.3705705839534995,0.3705861133650916,28068,11932,0.70
sequences_10_0.5_39,sequences,10,-12.3,10.68,0.5,39,0.062286288811576496,0.3538536010562061,0.35386842370156,28063,11937,0.70
sequences_10_0.5_40,sequences,10,-12.3,10.68,0.5,40,0.06237531384529316,0.3610671395292761,0.3610822504183797,28052,11948,0.70
sequences_10_0.5_41,sequences,10,-12.3,10.68,0.5,41,0.06201808828578453,0.3615182557451901,0.3615334045333861,28067,11933,0.70
sequences_10_0.5_42,sequences,10,-12.3,10.68,0.5,42,0.06374516450459648,0.35628136190471693,0.35629630001343837,28074,11926,0.70
sequences_10_0.5_43,sequences,10,-12.3,10.68,0.5,43,0.060559680017972385,0.37249287854856716,0.37250849768095334,28075,11925,0.70
sequences_10_0.5_44,sequences,10,-12.3,10.68,0.5,44,0.060346143959525395,0.3775118502533917,0.3775276480417883,28051,11949,0.70
sequences_10_0.5_45,sequences,10,-12.3,10.68,0.5,45,0.061889832118675235,0.35752510606433024,0.3575400774889747,28059,11941,0.70
sequences_10_0.5_46,sequences,10,-12.3,10.68,0.5,46,0.06361165968178513,0.3484249745539166,0.3484395710213013,28064,11936,0.70
sequences_10_0.5_47,sequences,10,-12.3,10.68,0.5,47,0.060488917329325376,0.36040325068964507,0.3604183350571599,28053,11947,0.70
sequences_10_0.5_48,sequences,10,-12.3,10.68,0.5,48,0.06240012603660955,0.36088908951909415,0.360904195485469,28054,11946,0.70
sequences_10_0.5_49,sequences,10,-12.3,10.68,0.5,49,0.06416992346238064,0.3609318229279597,0.3609469319479101,28055,11945,0.70
sequences_10_0.75_0,sequences,10,-12.3,10.68,0.75,0,0.06418978349605092,0.36204031094923617,0.3620554600301872,28050,11950,0.70
sequences_10_0.75_1,sequences,10,-12.3,10.68,0.75,1,0.06401945479160359,0.3715318036351719,0.3715473707189001,28066,11934,0.70
sequences_10_0.75_2,sequences,10,-12.3,10.68,0.75,2,0.06748421069536768,0.3466370931133345,0.3466516171153149,28066,11934,0.70
sequences_10_0.75_3,sequences,10,-12.3,10.68,0.75,3,0.06362347029915633,0.36787358608284426,0.367889007642141,28072,11928,0.70
sequences_10_0.75_4,sequences,10,-12.3,10.68,0.75,4,0.06345808784128257,0.3766875220369705,0.37670329324935514,28057,11943,0.70
sequences_10_0.75_5,sequences,10,-12.3,10.68,0.75,5,0.06289434356242003,0.37482062655177545,0.37483632485876,28061,11939,0.70
sequences_10_0.75_6,sequences,10,-12.3,10.68,0.75,6,0.0643825689231738,0.3714046468313984,0.37142020206968684,28061,11939,0.70
sequences_10_0.75_7,sequences,10,-12.3,10.68,0.75,7,0.06313954635421752,0.3701966656212684,0.3702121715655095,28062,11938,0.70
sequences_10_0.75_8,sequences,10,-12.3,10.68,0.75,8,0.06594958365409313,0.3552934960715055,0.35530837280117056,28058,11942,0.70
sequences_10_0.75_9,sequences,10,-12.3,10.68,0.75,9,0.0658566921337658,0.35349812661635194,0.35351292693148395,28057,11943,0.70
sequences_10_0.75_10,sequences,10,-12.3,10.68,0.75,10,0.06492637324856998,0.3693403984049013,0.36935587626340594,28068,11932,0.70
sequences_10_0.75_11,sequences,10,-12.3,10.68,0.75,11,0.06391689435690243,0.36726438840575293,0.3672797689526284,28060,11940,0.70
sequences_10_0.75_12,sequences,10,-12.3,10.68,0.75,12,0.06239988481607431,0.3746885827699729,0.37470426635059845,28054,11946,0.70
sequences_10_0.75_13,sequences,10,-12.3,10.68,0.75,13,0.0652804620066295,0.3522246794973992,0.35223943267252966,28062,11938,0.70
sequences_10_0.75_14,sequences,10,-12.3,10.68,0.75,14,0.06479665552904927,0.3735392148818222,0.3735548608310586,28062,11938,0.70
sequences_10_0.75_15,sequences,10,-12.3,10.68,0.75,15,0.06513172082728963,0.3572829003990431,0.3572978704575165,28066,11934,0.70
sequences_10_0.75_16,sequences,10,-12.3,10.68,0.75,16,0.06475436086687525,0.35520458466840865,0.3552194539395987,28055,11945,0.70
sequences_10_0.75_17,sequences,10,-12.3,10.68,0.75,17,0.0640050184100328,0.3669581432791144,0.3669735135755998,28062,11938,0.70
sequences_10_0.75_18,sequences,10,-12.3,10.68,0.75,18,0.06291339786819547,0.3760723282052328,0.37608807629795993,28059,11941,0.70
sequences_10_0.75_19,sequences,10,-12.3,10.68,0.75,19,0.06628454642307725,0.3517581505658203,0.35177288173196225,28060,11940,0.70
sequences_10_0.75_20,sequences,10,-12.3,10.68,0.75,20,0.06576359203539356,0.3554853853025433,0.3555002576123627,28048,11952,0.70
sequences_10_0.75_21,sequences,10,-12.3,10.68,0.75,21,0.06484867694687238,0.36147842027394583,0.3614935559766751,28058,11942,0.70
sequences_10_0.75_22,sequences,10,-12.3,10.68,0.75,22,0.06413562005476645,0.36258516111320643,0.36260034315701556,28058,11942,0.70
sequences_10_0.75_23,sequences,10,-12.3,10.68,0.75,23,0.06535801367705635,0.36838972352777744,0.36840515120219963,28060,11940,0.70
sequences_10_0.75_24,sequences,10,-12.3,10.68,0.75,24,0.06298032137043699,0.372391206470085,0.3724068121780634,28068,11932,0.70
sequences_10_0.75_25,sequences,10,-12.3,10.68,0.75,25,0.06320111926822361,0.3796055014417403,0.3796214148124506,28072,11928,0.70
sequences_10_0.75_26,sequences,10,-12.3,10.68,0.75,26,0.06283156658746539,0.37012518040378295,0.37014068075684387,28060,11940,0.70
sequences_10_0.75_27,sequences,10,-12.3,10.68,0.75,27,0.06426174335026222,0.358519439813273,0.35853444784810024,28055,11945,0.70
sequences_10_0.75_28,sequences,10,-12.3,10.68,0.75,28,0.0652784431142282,0.35652320697003914,0.3565381289416673,28053,11947,0.70
sequences_10_0.75_29,sequences,10,-12.3,10.68,0.75,29,0.06476291721538814,0.3664818441347296,0.36649720091338817,28067,11933,0.70
sequences_10_0.75_30,sequences,10,-12.3,10.68,0.75,30,0.06540050406822945,0.35561457414446374,0.3556294718036791,28064,11936,0.70
sequences_10_0.75_31,sequences,10,-12.3,10.68,0.75,31,0.06312211138347756,0.37181559666611647,0.37183116650748615,28059,11941,0.70
sequences_10_0.75_32,sequences,10,-12.3,10.68,0.75,32,0.0655951572178987,0.35858047055488484,0.3585954773753126,28052,11948,0.70
sequences_10_0.75_33,sequences,10,-12.3,10.68,0.75,33,0.06232449210997604,0.3825465535712329,0.3825625754569255,28061,11939,0.70
sequences_10_0.75_34,sequences,10,-12.3,10.68,0.75,34,0.06403681831989821,0.3657460349862878,0.36576135451277625,28062,11938,0.70
sequences_10_0.75_35,sequences,10,-12.3,10.68,0.75,35,0.0648382575105616,0.37369090495101887,0.37370655856522417,28063,11937,0.70
sequences_10_0.75_36,sequences,10,-12.3,10.68,0.75,36,0.06473142747682016,0.37458063600768976,0.37459631769551227,28056,11944,0.70
sequences_10_0.75_37,sequences,10,-12.3,10.68,0.75,37,0.06388896397675874,0.36502149303734355,0.36503678862255157,28067,11933,0.70
sequences_10_0.75_38,sequences,10,-12.3,10.68,0.75,38,0.06395833248816629,0.37227256679332965,0.3722881675295039,28068,11932,0.70
sequences_10_0.75_39,sequences,10,-12.3,10.68,0.75,39,0.06601657333269581,0.34693125759608556,0.34694579026998856,28063,11937,0.70
sequences_10_0.75_40,sequences,10,-12.3,10.68,0.75,40,0.06438379922318688,0.36038888236231065,0.3604039648659211,28052,11948,0.70
sequences_10_0.75_41,sequences,10,-12.3,10.68,0.75,41,0.06334808524846441,0.3656527422510313,0.36566806428763005,28067,11933,0.70
sequences_10_0.75_42,sequences,10,-12.3,10.68,0.75,42,0.0635242189362055,0.3763053275559499,0.3763211052263435,28074,11926,0.70
sequences_10_0.75_43,sequences,10,-12.3,10.68,0.75,43,0.0645500586764065,0.3693718441165277,0.36938733237970056,28075,11925,0.70
sequences_10_0.75_44,sequences,10,-12.3,10.68,0.75,44,0.06337945798488784,0.3773342302326938,0.37735002058820183,28051,11949,0.70
sequences_10_0.75_45,sequences,10,-12.3,10.68,0.75,45,0.06483661243580874,0.36306719547364197,0.36308239897422334,28059,11941,0.70
sequences_10_0.75_46,sequences,10,-12.3,10.68,0.75,46,0.06319309305106482,0.37371658627276017,0.37373224227437035,28064,11936,0.70
sequences_10_0.75_47,sequences,10,-12.3,10.68,0.75,47,0.06337530424761635,0.376618061637036,0.3766338246614914,28053,11947,0.70
sequences_10_0.75_48,sequences,10,-12.3,10.68,0.75,48,0.0628180157767003,0.37205488814961524,0.3720704614899938,28054,11946,0.70
sequences_10_0.75_49,sequences,10,-12.3,10.68,0.75,49,0.0628242665325651,0.37308205985648546,0.37309767749928513,28055,11945,0.70
sequences_10_1_0,sequences,10,,10.74,1.0,0,0.07196712871866136,0.3776530239664181,0.3776688263399617,28050,11950,0.70
sequences_10_1_1,sequences,10,,10.74,1.0,1,0.07337490879235806,0.3822916813918346,0.38230769931157815,28066,11934,0.70
sequences_10_1_2,sequences,10,,10.74,1.0,2,0.07163890845803957,0.3725367033888281,0.3725523125775886,28066,11934,0.70
sequences_10_1_3,sequences,10,,10.74,1.0,3,0.07329887052269386,0.3912083570467504,0.3912247568185846,28072,11928,0.70
sequences_10_1_4,sequences,10,,10.74,1.0,4,0.07323294228343175,0.37604394307832095,0.37605968734524065,28057,11943,0.70
sequences_10_1_5,sequences,10,,10.74,1.0,5,0.07220276435285371,0.37008205726673987,0.3700975571120869,28061,11939,0.70
sequences_10_1_6,sequences,10,,10.74,1.0,6,0.07303852053456994,0.3658966628241157,0.3659119873759966,28061,11939,0.70
sequences_10_1_7,sequences,10,,10.74,1.0,7,0.07163450206955883,0.3979381857839093,0.39795485370097394,28062,11938,0.70
sequences_10_1_8,sequences,10,,10.74,1.0,8,0.07414831310957011,0.3682779232984748,0.36829334370770583,28058,11942,0.70
sequences_10_1_9,sequences,10,,10.74,1.0,9,0.07319175615715268,0.36755360570754203,0.3675689944996821,28057,11943,0.70
sequences_10_1_10,sequences,10,,10.74,1.0,10,0.07295579560661225,0.37192946368696483,0.3719450500448004,28068,11932,0.70
sequences_10_1_11,sequences,10,,10.74,1.0,11,0.07400685709403941,0.36118125948450364,0.3611963852779849,28060,11940,0.70
sequences_10_1_12,sequences,10,,10.74,1.0,12,0.07266015311283601,0.3704517375608412,0.37046724379711604,28054,11946,0.70
sequences_10_1_13,sequences,10,,10.74,1.0,13,0.07533487917953383,0.33259730360217016,0.33261123467104065,28062,11938,0.70
sequences_10_1_14,sequences,10,,10.74,1.0,14,0.07397686536926511,0.3612006194860175,0.3612157486246233,28062,11938,0.70
sequences_10_1_15,sequences,10,,10.74,1.0,15,0.0730290373715344,0.37781404103088523,0.37782987133868895,28066,11934,0.70
sequences_10_1_16,sequences,10,,10.74,1.0,16,0.07309675627904451,0.36782110343301305,0.3678365008461446,28055,11945,0.70
sequences_10_1_17,sequences,10,,10.74,1.0,17,0.07198254200573516,0.38124493671226956,0.3812609054210123,28062,11938,0.70
sequences_10_1_18,sequences,10,,10.74,1.0,18,0.07471594068003545,0.3531625394826293,0.3531773282240559,28059,11941,0.70
sequences_10_1_19,sequences,10,,10.74,1.0,19,0.07253959004413335,0.3738927877737301,0.37390844590920497,28060,11940,0.70
sequences_10_1_20,sequences,10,,10.74,1.0,20,0.0734349814595597,0.3775528866051695,0.37756868214483147,28048,11952,0.70
sequences_10_1_21,sequences,10,,10.74,1.0,21,0.07307049214494546,0.3927294680401093,0.3927459122761906,28058,11942,0.70
sequences_10_1_22,sequences,10,,10.74,1.0,22,0.07476819638919469,0.34876815429787783,0.34878275780062884,28058,11942,0.70
sequences_10_1_23,sequences,10,,10.74,1.0,23,0.07317229356876469,0.374532359342648,0.3745480442625344,28060,11940,0.70
sequences_10_1_24,sequences,10,,10.74,1.0,24,0.07322354301099827,0.3752288935201322,0.3752446181463736,28068,11932,0.70
sequences_10_1_25,sequences,10,,10.74,1.0,25,0.07471280851587264,0.36126513847552033,0.3612802830033299,28072,11928,0.70
sequences_10_1_26,sequences,10,,10.74,1.0,26,0.07177717207628909,0.3793275942348155,0.3793434799727974,28060,11940,0.70
sequences_10_1_27,sequences,10,,10.74,1.0,27,0.07489697393205293,0.36181879751203994,0.3618339436617634,28055,11945,0.70
sequences_10_1_28,sequences,10,,10.74,1.0,28,0.07239562929225533,0.3980242264076456,0.3980408853686829,28053,11947,0.70
sequences_10_1_29,sequences,10,,10.74,1.0,29,0.0736108757535994,0.3613303076663811,0.36134544857894263,28067,11933,0.70
sequences_10_1_30,sequences,10,,10.74,1.0,30,0.07460797265590298,0.3550665128531559,0.35508138755259694,28064,11936,0.70
sequences_10_1_31,sequences,10,,10.74,1.0,31,0.0741535040111282,0.35777584836768495,0.357790830292206,28059,11941,0.70
sequences_10_1_32,sequences,10,,10.74,1.0,32,0.07200019602212357,0.3813711644222373,0.38138712504767786,28052,11948,0.70
sequences_10_1_33,sequences,10,,10.74,1.0,33,0.07579392409531319,0.33325016237647015,0.3332641196215656,28061,11939,0.70
sequences_10_1_34,sequences,10,,10.74,1.0,34,0.07407239125883974,0.3725682106021255,0.37258381588017386,28062,11938,0.70
sequences_10_1_35,sequences,10,,10.74,1.0,35,0.07402787838318856,0.3787493173048696,0.37876518281193716,28063,11937,0.70
sequences_10_1_36,sequences,10,,10.74,1.0,36,0.07458118703184215,0.35708297319704074,0.35709792235130583,28056,11944,0.70
sequences_10_1_37,sequences,10,,10.74,1.0,37,0.07310230351663977,0.3714361489500736,0.3714517133301827,28067,11933,0.70
sequences_10_1_38,sequences,10,,10.74,1.0,38,0.07230010561840464,0.3817818256167219,0.38179782485509944,28068,11932,0.70
sequences_10_1_39,sequences,10,,10.74,1.0,39,0.07370469381150642,0.37387136164319723,0.3738870228165895,28063,11937,0.70
sequences_10_1_40,sequences,10,,10.74,1.0,40,0.07311313425254708,0.3716026781636542,0.3716182299717409,28052,11948,0.70
sequences_10_1_41,sequences,10,,10.74,1.0,41,0.07226162659143748,0.384097233218224,0.38411332813885446,28067,11933,0.70
sequences_10_1_42,sequences,10,,10.74,1.0,42,0.0735757788323941,0.37655452571891,0.3765703138376448,28074,11926,0.70
sequences_10_1_43,sequences,10,,10.74,1.0,43,0.0752730267577226,0.34004359146983626,0.34005784995953664,28075,11925,0.70
sequences_10_1_44,sequences,10,,10.74,1.0,44,0.07227085050199464,0.37698479344444885,0.3770005691770293,28051,11949,0.70
sequences_10_1_45,sequences,10,,10.74,1.0,45,0.07380937269999732,0.37782411634031754,0.37783993778947084,28059,11941,0.70
sequences_10_1_46,sequences,10,,10.74,1.0,46,0.0746108497224028,0.3462883743137843,0.34630288127318876,28064,11936,0.70
sequences_10_1_47,sequences,10,,10.74,1.0,47,0.07200565990036328,0.3755338127665744,0.37554953041072764,28053,11947,0.70
sequences_10_1_48,sequences,10,,10.74,1.0,48,0.07212752057734413,0.3741072511667056,0.37412291041416085,28054,11946,0.70
sequences_10_1_49,sequences,10,,10.74,1.0,49,0.07313415297870977,0.3825875357219823,0.38260355127490064,28055,11945,0.70
sequences_11_0_0,sequences,11,-17.0,8.65,0.0,0,0.06756959607384415,0.4338694436564086,0.43388759832903856,28050,11950,0.70
sequences_11_0_1,sequences,11,-17.0,8.65,0.0,1,0.06716915935048356,0.4288601843477819,0.42887815347541003,28066,11934,0.70
sequences_11_0_2,sequences,11,-17.0,8.65,0.0,2,0.0676041641634456,0.4301696336639605,0.4301876576571666,28066,11934,0.70
sequences_11_0_3,sequences,11,-17.0,8.65,0.0,3,0.06845242196223751,0.4110950674881826,0.41111230092705864,28072,11928,0.70
sequences_11_0_4,sequences,11,-17.0,8.65,0.0,4,0.06769241087635539,0.41888616718719124,0.4189037051790843,28057,11943,0.70
sequences_11_0_5,sequences,11,-17.0,8.65,0.0,5,0.0678553430980403,0.40492800942022605,0.40494496869020274,28061,11939,0.70
sequences_11_0_6,sequences,11,-17.0,8.65,0.0,6,0.06730385208697713,0.4194599095688073,0.41947747746652064,28061,11939,0.70
sequences_11_0_7,sequences,11,-17.0,8.65,0.0,7,0.06737128010562415,0.41646449152617826,0.41648193543041534,28062,11938,0.70
sequences_11_0_8,sequences,11,-17.0,8.65,0.0,8,0.06785000026466668,0.42994908278114724,0.42996708546440776,28058,11942,0.70
sequences_11_0_9,sequences,11,-17.0,8.65,0.0,9,0.06712290970568509,0.43920650626523733,0.4392248950322812,28057,11943,0.70
sequences_11_0_10,sequences,11,-17.0,8.65,0.0,10,0.06740018019295872,0.42433023291141736,0.4243480152155807,28068,11932,0.70
sequences_11_0_11,sequences,11,-17.0,8.65,0.0,11,0.0676522960542483,0.41229954209485176,0.41231680865440434,28060,11940,0.70
sequences_11_0_12,sequences,11,-17.0,8.65,0.0,12,0.06731718242466657,0.4306384159747529,0.43065644148347654,28054,11946,0.70
sequences_11_0_13,sequences,11,-17.0,8.65,0.0,13,0.06783310915436576,0.41766537847788815,0.4176828726821086,28062,11938,0.70
sequences_11_0_14,sequences,11,-17.0,8.65,0.0,14,0.06773981252183095,0.4405946528747668,0.4406131074875574,28062,11938,0.70
sequences_11_0_15,sequences,11,-17.0,8.65,0.0,15,0.06754395666967172,0.41597734885750387,0.4159947781977523,28066,11934,0.70
sequences_11_0_16,sequences,11,-17.0,8.65,0.0,16,0.0673924940626124,0.4088324994625837,0.4088496136597766,28055,11945,0.70
sequences_11_0_17,sequences,11,-17.0,8.65,0.0,17,0.06808248408017202,0.41276976045447034,0.41278704960233253,28062,11938,0.70
sequences_11_0_18,sequences,11,-17.0,8.65,0.0,18,0.06802746863823998,0.41021319155880887,0.4102303693059975,28059,11941,0.70
sequences_11_0_19,sequences,11,-17.0,8.65,0.0,19,0.0677751683516057,0.4238048434649217,0.42382259185127974,28060,11940,0.70
sequences_11_0_20,sequences,11,-17.0,8.65,0.0,20,0.06855522395431493,0.40371232548661545,0.40372921544899026,28048,11952,0.70
sequences_11_0_21,sequences,11,-17.0,8.65,0.0,21,0.06789197220210592,0.40882054531101164,0.40883766330726373,28058,11942,0.70
sequences_11_0_22,sequences,11,-17.0,8.65,0.0,22,0.06814365808200397,0.4110593021418124,0.41107651387853683,28058,11942,0.70
sequences_11_0_23,sequences,11,-17.0,8.65,0.0,23,0.06813360181750415,0.4206936815076839,0.4207112996026937,28060,11940,0.70
sequences_11_0_24,sequences,11,-17.0,8.65,0.0,24,0.0674380131564167,0.42949883849915654,0.4295168374028208,28068,11932,0.70
sequences_11_0_25,sequences,11,-17.0,8.65,0.0,25,0.06783501524696127,0.4256467112384231,0.4256645546940154,28072,11928,0.70
sequences_11_0_26,sequences,11,-17.0,8.65,0.0,26,0.06775838973098136,0.42602241069329594,0.4260402519484368,28060,11940,0.70
sequences_11_0_27,sequences,11,-17.0,8.65,0.0,27,0.06754362309472356,0.4227930416186652,0.4228107402201598,28055,11945,0.70
sequences_11_0_28,sequences,11,-17.0,8.65,0.0,28,0.06748236241771945,0.4109099945079048,0.41092719279166273,28053,11947,0.70
sequences_11_0_29,sequences,11,-17.0,8.65,0.0,29,0.06781297038350416,0.4219358023431151,0.42195348282259415,28067,11933,0.70
sequences_11_0_30,sequences,11,-17.0,8.65,0.0,30,0.06762590875290195,0.4292930496732535,0.42931103392368236,28064,11936,0.70
sequences_11_0_31,sequences,11,-17.0,8.65,0.0,31,0.06838605838086997,0.4078933948138257,0.40791047541913095,28059,11941,0.70
sequences_11_0_32,sequences,11,-17.0,8.65,0.0,32,0.06826969789604362,0.42281439149596284,0.42283208654677706,28052,11948,0.70
sequences_11_0_33,sequences,11,-17.0,8.65,0.0,33,0.06741310364116154,0.4107432462657955,0.41076044909060005,28061,11939,0.70
sequences_11_0_34,sequences,11,-17.0,8.65,0.0,34,0.06759436876340993,0.4232612905781022,0.4232790191709843,28062,11938,0.70
sequences_11_0_35,sequences,11,-17.0,8.65,0.0,35,0.06759453520278459,0.4340410177101507,0.43405919934248494,28063,11937,0.70
sequences_11_0_36,sequences,11,-17.0,8.65,0.0,36,0.06776969737618918,0.41381400198211565,0.41383132616113577,28056,11944,0.70
sequences_11_0_37,sequences,11,-17.0,8.65,0.0,37,0.0681553573151814,0.4178377017591735,0.417855210514938,28067,11933,0.70
sequences_11_0_38,sequences,11,-17.0,8.65,0.0,38,0.06764059688950837,0.41866457548726016,0.41868212036209185,28068,11932,0.70
sequences_11_0_39,sequences,11,-17.0,8.65,0.0,39,0.06743454244205453,0.42549033086684035,0.42550815431771705,28063,11937,0.70
sequences_11_0_40,sequences,11,-17.0,8.65,0.0,40,0.06719190517652077,0.44189059683747006,0.4419090902395932,28052,11948,0.70
sequences_11_0_41,sequences,11,-17.0,8.65,0.0,41,0.06769501769539274,0.42582468980242794,0.42584253323891263,28067,11933,0.70
sequences_11_0_42,sequences,11,-17.0,8.65,0.0,42,0.06754640376302351,0.42963865000622564,0.429656663827747,28074,11926,0.70
sequences_11_0_43,sequences,11,-17.0,8.65,0.0,43,0.0674783731305866,0.41253657806077754,0.41255387627987905,28075,11925,0.70
sequences_11_0_44,sequences,11,-17.0,8.65,0.0,44,0.06824142569080215,0.4175110311891675,0.41752850282858633,28051,11949,0.70
sequences_11_0_45,sequences,11,-17.0,8.65,0.0,45,0.06754137349710361,0.43022561937069803,0.43024363514170616,28059,11941,0.70
sequences_11_0_46,sequences,11,-17.0,8.65,0.0,46,0.06729141351435804,0.4185288694414783,0.4185464027511964,28064,11936,0.70
sequences_11_0_47,sequences,11,-17.0,8.65,0.0,47,0.06809783748849435,0.42582856975980354,0.4258463924476741,28053,11947,0.70
sequences_11_0_48,sequences,11,-17.0,8.65,0.0,48,0.0670026045884381,0.43792319590258455,0.4379415263350198,28054,11946,0.70
sequences_11_0_49,sequences,11,-17.0,8.65,0.0,49,0.06745642166694689,0.41921437246488574,0.4192319212591863,28055,11945,0.70
sequences_11_0.25_0,sequences,11,-17.0,8.65,0.25,0,0.0699115428016027,0.37477386945445884,0.3747895513537252,28050,11950,0.70
sequences_11_0.25_1,sequences,11,-17.0,8.65,0.25,1,0.0685798700055025,0.3831816458028818,0.3831977010118974,28066,11934,0.70
sequences_11_0.25_2,sequences,11,-17.0,8.65,0.25,2,0.06812381995971725,0.3929895625966783,0.39300602875479823,28066,11934,0.70
sequences_11_0.25_3,sequences,11,-17.0,8.65,0.25,3,0.06890247628735775,0.3917441867993869,0.3917606090336392,28072,11928,0.70
sequences_11_0.25_4,sequences,11,-17.0,8.65,0.25,4,0.06845081950292137,0.4105282353526269,0.4105454234133162,28057,11943,0.70
sequences_11_0.25_5,sequences,11,-17.0,8.65,0.25,5,0.0689383868186699,0.4061708340723561,0.4061878453945453,28061,11939,0.70
sequences_11_0.25_6,sequences,11,-17.0,8.65,0.25,6,0.06812863409160645,0.4149913923311626,0.4150087730776084,28061,11939,0.70
sequences_11_0.25_7,sequences,11,-17.0,8.65,0.25,7,0.06884622127889459,0.39943735862608665,0.3994540893370461,28062,11938,0.70
sequences_11_0.25_8,sequences,11,-17.0,8.65,0.25,8,0.06864230156487834,0.3890441397822197,0.38906042970747684,28058,11942,0.70
sequences_11_0.25_9,sequences,11,-17.0,8.65,0.25,9,0.06844301120654929,0.3848740539187889,0.3848901678861773,28057,11943,0.70
sequences_11_0.25_10,sequences,11,-17.0,8.65,0.25,10,0.06820481729742546,0.40331047328750647,0.40332737472170094,28068,11932,0.70
sequences_11_0.25_11,sequences,11,-17.0,8.65,0.25,11,0.06872227659010156,0.3886659824739835,0.3886822592913147,28060,11940,0.70
sequences_11_0.25_12,sequences,11,-17.0,8.65,0.25,12,0.06845595326751769,0.39757984079112735,0.3975964825458401,28054,11946,0.70
sequences_11_0.25_13,sequences,11,-17.0,8.65,0.25,13,0.06806381312035426,0.39969040745260226,0.3997071487626874,28062,11938,0.70
sequences_11_0.25_14,sequences,11,-17.0,8.65,0.25,14,0.06889687920641316,0.38889287319683175,0.38890916224470157,28062,11938,0.70
sequences_11_0.25_15,sequences,11,-17.0,8.65,0.25,15,0.06851619060831095,0.4116085205569943,0.4116257668444993,28066,11934,0.70
sequences_11_0.25_16,sequences,11,-17.0,8.65,0.25,16,0.06851971781245093,0.39463851372455705,0.39465503374523214,28055,11945,0.70
sequences_11_0.25_17,sequences,11,-17.0,8.65,0.25,17,0.0685374282844071,0.38253571377353096,0.3825517365473667,28062,11938,0.70
sequences_11_0.25_18,sequences,11,-17.0,8.65,0.25,18,0.0692566817495599,0.39339990643951755,0.3934163801275313,28059,11941,0.70
sequences_11_0.25_19,sequences,11,-17.0,8.65,0.25,19,0.06880868359757274,0.41885828270282555,0.41887582393376077,28060,11940,0.70
sequences_11_0.25_20,sequences,11,-17.0,8.65,0.25,20,0.06816189298416399,0.41178835654034135,0.41180558437662296,28048,11952,0.70
sequences_11_0.25_21,sequences,11,-17.0,8.65,0.25,21,0.06899392787309405,0.3800985243083089,0.3801144396657663,28058,11942,0.70
sequences_11_0.25_22,sequences,11,-17.0,8.65,0.25,22,0.06897083634686049,0.3949312138187987,0.3949477502456381,28058,11942,0.70
sequences_11_0.25_23,sequences,11,-17.0,8.65,0.25,23,0.06850755541064242,0.4144349347292445,0.4144522907162165,28060,11940,0.70
sequences_11_0.25_24,sequences,11,-17.0,8.65,0.25,24,0.06870258537593447,0.40572326462631547,0.4057402671727714,28068,11932,0.70
sequences_11_0.25_25,sequences,11,-17.0,8.65,0.25,25,0.06903305677473684,0.39695878659266204,0.3969754274271699,28072,11928,0.70
sequences_11_0.25_26,sequences,11,-17.0,8.65,0.25,26,0.0681026266465718,0.40041628173695426,0.40043305064127876,28060,11940,0.70
sequences_11_0.25_27,sequences,11,-17.0,8.65,0.25,27,0.06954393327309072,0.39392125213560575,0.39393774213088834,28055,11945,0.70
sequences_11_0.25_28,sequences,11,-17.0,8.65,0.25,28,0.06793890352971037,0.40904189163851273,0.4090590117344348,28053,11947,0.70
sequences_11_0.25_29,sequences,11,-17.0,8.65,0.25,29,0.06870205282833941,0.3909173262277514,0.3909337069324131,28067,11933,0.70
sequences_11_0.25_30,sequences,11,-17.0,8.65,0.25,30,0.06902744074374113,0.40315454431661013,0.40317143355414153,28064,11936,0.70
sequences_11_0.25_31,sequences,11,-17.0,8.65,0.25,31,0.06930670995206259,0.3809400709408444,0.3809560228711268,28059,11941,0.70
sequences_11_0.25_32,sequences,11,-17.0,8.65,0.25,32,0.06810495115446237,0.3923631641332255,0.39237958478083496,28052,11948,0.70
sequences_11_0.25_33,sequences,11,-17.0,8.65,0.25,33,0.06927413106583692,0.40202304227450003,0.402039879878104,28061,11939,0.70
sequences_11_0.25_34,sequences,11,-17.0,8.65,0.25,34,0.06967206860588684,0.3744943815513758,0.374510067508431,28062,11938,0.70
sequences_11_0.25_35,sequences,11,-17.0,8.65,0.25,35,0.06953182602532752,0.38659558735202515,0.38661178153309217,28063,11937,0.70
sequences_11_0.25_36,sequences,11,-17.0,8.65,0.25,36,0.06900576209864395,0.383499850863268,0.38351590595091295,28056,11944,0.70
sequences_11_0.25_37,sequences,11,-17.0,8.65,0.25,37,0.0679475172365718,0.3946348205753234,0.3946513570550631,28067,11933,0.70
sequences_11_0.25_38,sequences,11,-17.0,8.65,0.25,38,0.06791172524546678,0.4018265263147233,0.40184336556151184,28068,11932,0.70
sequences_11_0.25_39,sequences,11,-17.0,8.65,0.25,39,0.07003284105537042,0.3593677830564398,0.3593828366864833,28063,11937,0.70
sequences_11_0.25_40,sequences,11,-17.0,8.65,0.25,40,0.06814436455740779,0.39540426453990773,0.3954208124595006,28052,11948,0.70
sequences_11_0.25_41,sequences,11,-17.0,8.65,0.25,41,0.06975906278241137,0.37081210192821495,0.37082764015872854,28067,11933,0.70
sequences_11_0.25_42,sequences,11,-17.0,8.65,0.25,42,0.06797392994803181,0.40601058589475436,0.40602760904253216,28074,11926,0.70
sequences_11_0.25_43,sequences,11,-17.0,8.65,0.25,43,0.06840132760966784,0.39324810897874923,0.393264598406141,28075,11925,0.70
sequences_11_0.25_44,sequences,11,-17.0,8.65,0.25,44,0.06973859781764973,0.36842071293408885,0.368436130284458,28051,11949,0.70
sequences_11_0.25_45,sequences,11,-17.0,8.65,0.25,45,0.06913630016465226,0.37498400723628694,0.3749997097553883,28059,11941,0.70
sequences_11_0.25_46,sequences,11,-17.0,8.65,0.25,46,0.06877194880143397,0.3879494352473144,0.3879656875015788,28064,11936,0.70
sequences_11_0.25_47,sequences,11,-17.0,8.65,0.25,47,0.06899021225305628,0.39314500901124677,0.39316146375684413,28053,11947,0.70
sequences_11_0.25_48,sequences,11,-17.0,8.65,0.25,48,0.0681233486385737,0.3961989916897746,0.39621557564539983,28054,11946,0.70
sequences_11_0.25_49,sequences,11,-17.0,8.65,0.25,49,0.06838636150115693,0.3926896004610676,0.39270603889799893,28055,11945,0.70
sequences_11_0.5_0,sequences,11,-17.0,8.65,0.5,0,0.0688478430118139,0.3803866965583108,0.3804026133186399,28050,11950,0.70
sequences_11_0.5_1,sequences,11,-17.0,8.65,0.5,1,0.06964821987247768,0.37528998525191065,0.3753057098024487,28066,11934,0.70
sequences_11_0.5_2,sequences,11,-17.0,8.65,0.5,2,0.06879082674248273,0.39898420576203786,0.39900092309411156,28066,11934,0.70
sequences_11_0.5_3,sequences,11,-17.0,8.65,0.5,3,0.06883505864925876,0.38822429397011626,0.38824056864760437,28072,11928,0.70
sequences_11_0.5_4,sequences,11,-17.0,8.65,0.5,4,0.06878381298892766,0.3810066550867067,0.3810226071332329,28057,11943,0.70
sequences_11_0.5_5,sequences,11,-17.0,8.65,0.5,5,0.06892762068352928,0.3771226662142881,0.3771384609357246,28061,11939,0.70
sequences_11_0.5_6,sequences,11,-17.0,8.65,0.5,6,0.06903475671385656,0.37076637405624735,0.3707819025622771,28061,11939,0.70
sequences_11_0.5_7,sequences,11,-17.0,8.65,0.5,7,0.06895241476718555,0.38636176158932745,0.3863779446198311,28062,11938,0.70
sequences_11_0.5_8,sequences,11,-17.0,8.65,0.5,8,0.06867548261974801,0.3989409891310419,0.3989576934538434,28058,11942,0.70
sequences_11_0.5_9,sequences,11,-17.0,8.65,0.5,9,0.06816018541448686,0.383546070173857,0.3835621285410131,28057,11943,0.70
sequences_11_0.5_10,sequences,11,-17.0,8.65,0.5,10,0.06895003532758738,0.3873082359600083,0.38732446679232385,28068,11932,0.70
sequences_11_0.5_11,sequences,11,-17.0,8.65,0.5,11,0.06900007609676716,0.36331285664215673,0.3633280717041079,28060,11940,0.70
sequences_11_0.5_12,sequences,11,-17.0,8.65,0.5,12,0.06885889732146384,0.3912447622967075,0.3912611388799715,28054,11946,0.70
sequences_11_0.5_13,sequences,11,-17.0,8.65,0.5,13,0.07046036273445827,0.36120979148116517,0.3612249210039464,28062,11938,0.70
sequences_11_0.5_14,sequences,11,-17.0,8.65,0.5,14,0.06911583076124331,0.3818261323287707,0.3818421253812952,28062,11938,0.70
sequences_11_0.5_15,sequences,11,-17.0,8.65,0.5,15,0.06943767720484165,0.36381017826331347,0.3638254218129928,28066,11934,0.70
sequences_11_0.5_16,sequences,11,-17.0,8.65,0.5,16,0.0686199131356628,0.3890058775899746,0.3890221618220428,28055,11945,0.70
sequences_11_0.5_17,sequences,11,-17.0,8.65,0.5,17,0.06943164228673786,0.3878561821094181,0.38787242773476227,28062,11938,0.70
sequences_11_0.5_18,sequences,11,-17.0,8.65,0.5,18,0.06944600714515592,0.3726793730002539,0.3726949790124045,28059,11941,0.70
sequences_11_0.5_19,sequences,11,-17.0,8.65,0.5,19,0.06993071479084291,0.37638948107720227,0.3764052437708908,28060,11940,0.70
sequences_11_0.5_20,sequences,11,-17.0,8.65,0.5,20,0.06919524848263765,0.3771659071954859,0.3771816865452343,28048,11952,0.70
sequences_11_0.5_21,sequences,11,-17.0,8.65,0.5,21,0.06923758543917198,0.38680419991104315,0.386820396046292,28058,11942,0.70
sequences_11_0.5_22,sequences,11,-17.0,8.65,0.5,22,0.06953360081563105,0.35951457680244947,0.359529630275786,28058,11942,0.70
sequences_11_0.5_23,sequences,11,-17.0,8.65,0.5,23,0.06892096064982071,0.37952823706899846,0.3795441312096369,28060,11940,0.70
sequences_11_0.5_24,sequences,11,-17.0,8.65,0.5,24,0.0689116317599996,0.3864600816627872,0.3864762769517064,28068,11932,0.70
sequences_11_0.5_25,sequences,11,-17.0,8.65,0.5,25,0.06917332212419797,0.37561937392344774,0.37563512019245726,28072,11928,0.70
sequences_11_0.5_26,sequences,11,-17.0,8.65,0.5,26,0.06882219615312613,0.3839925104657942,0.3840085915642985,28060,11940,0.70
sequences_11_0.5_27,sequences,11,-17.0,8.65,0.5,27,0.06943936364689514,0.37003492953372996,0.3700504196201605,28055,11945,0.70
sequences_11_0.5_28,sequences,11,-17.0,8.65,0.5,28,0.06828848884822385,0.38466128396357707,0.3846773836301725,28053,11947,0.70
sequences_11_0.5_29,sequences,11,-17.0,8.65,0.5,29,0.07003149325120858,0.3589623111924238,0.35897735287824795,28067,11933,0.70
sequences_11_0.5_30,sequences,11,-17.0,8.65,0.5,30,0.07103300025422321,0.3572273123690581,0.3572422775902527,28064,11936,0.70
sequences_11_0.5_31,sequences,11,-17.0,8.65,0.5,31,0.07109244029146805,0.3477989416730051,0.3478135058128609,28059,11941,0.70
sequences_11_0.5_32,sequences,11,-17.0,8.65,0.5,32,0.07000243711768106,0.3700518280099642,0.3700673149139869,28052,11948,0.70
sequences_11_0.5_33,sequences,11,-17.0,8.65,0.5,33,0.06942809694002858,0.3906252493135065,0.39064160955263216,28061,11939,0.70
sequences_11_0.5_34,sequences,11,-17.0,8.65,0.5,34,0.0683993933330997,0.38629261389688535,0.3863087940310899,28062,11938,0.70
sequences_11_0.5_35,sequences,11,-17.0,8.65,0.5,35,0.06867406653629367,0.39348606456307406,0.39350254738074025,28063,11937,0.70
sequences_11_0.5_36,sequences,11,-17.0,8.65,0.5,36,0.06860688349224889,0.38928404060020444,0.3893003378409375,28056,11944,0.70
sequences_11_0.5_37,sequences,11,-17.0,8.65,0.5,37,0.06961751570257628,0.3785066217861527,0.3785224824420203,28067,11933,0.70
sequences_11_0.5_38,sequences,11,-17.0,8.65,0.5,38,0.07036532365270065,0.354495491095147,0.35451034685172117,28068,11932,0.70
sequences_11_0.5_39,sequences,11,-17.0,8.65,0.5,39,0.06960269013799567,0.3753324758317194,0.37534819821002063,28063,11937,0.70
sequences_11_0.5_40,sequences,11,-17.0,8.65,0.5,40,0.06910552255969242,0.37253829530448457,0.37255388626874275,28052,11948,0.70
sequences_11_0.5_41,sequences,11,-17.0,8.65,0.5,41,0.06858063644386789,0.38080230069502347,0.3808182575472878,28067,11933,0.70
sequences_11_0.5_42,sequences,11,-17.0,8.65,0.5,42,0.0713307504562572,0.3485829937233976,0.3485976090561527,28074,11926,0.70
sequences_11_0.5_43,sequences,11,-17.0,8.65,0.5,43,0.06875071094206928,0.38117273176663974,0.38118871485706196,28075,11925,0.70
sequences_11_0.5_44,sequences,11,-17.0,8.65,0.5,44,0.06989425921998266,0.37221122177164745,0.3722267977439419,28051,11949,0.70
sequences_11_0.5_45,sequences,11,-17.0,8.65,0.5,45,0.06878399857401908,0.38766165618264276,0.3876778895804507,28059,11941,0.70
sequences_11_0.5_46,sequences,11,-17.0,8.65,0.5,46,0.0696450000397825,0.37493765495862236,0.37495336211411234,28064,11936,0.70
sequences_11_0.5_47,sequences,11,-17.0,8.65,0.5,47,0.06852177320778836,0.37333648598036184,0.3733521116572958,28053,11947,0.70
sequences_11_0.5_48,sequences,11,-17.0,8.65,0.5,48,0.06913204727828315,0.3903412247922439,0.39035756355555834,28054,11946,0.70
sequences_11_0.5_49,sequences,11,-17.0,8.65,0.5,49,0.06915549736917272,0.38255444707126957,0.382570461239059,28055,11945,0.70
sequences_11_0.75_0,sequences,11,-17.0,8.65,0.75,0,0.07115713072243725,0.35444065274692255,0.3544554838305848,28050,11950,0.70
sequences_11_0.75_1,sequences,11,-17.0,8.65,0.75,1,0.07020736267938517,0.3756635289938608,0.37567926919578226,28066,11934,0.70
sequences_11_0.75_2,sequences,11,-17.0,8.65,0.75,2,0.07034717293113656,0.37379339432365394,0.37380905616743026,28066,11934,0.70
sequences_11_0.75_3,sequences,11,-17.0,8.65,0.75,3,0.06968012556394707,0.3750097474097796,0.37502546812275095,28072,11928,0.70
sequences_11_0.75_4,sequences,11,-17.0,8.65,0.75,4,0.06972797175208109,0.37185769547890113,0.3718732644753483,28057,11943,0.70
sequences_11_0.75_5,sequences,11,-17.0,8.65,0.75,5,0.07063572174256652,0.3543149761931116,0.3543298156786454,28061,11939,0.70
sequences_11_0.75_6,sequences,11,-17.0,8.65,0.75,6,0.07110468680982858,0.361516543680618,0.3615316847835367,28061,11939,0.70
sequences_11_0.75_7,sequences,11,-17.0,8.65,0.75,7,0.07049477715249443,0.3631408337951266,0.3631560442009552,28062,11938,0.70
sequences_11_0.75_8,sequences,11,-17.0,8.65,0.75,8,0.07091629875623215,0.3673727780099621,0.36738816051925427,28058,11942,0.70
sequences_11_0.75_9,sequences,11,-17.0,8.65,0.75,9,0.0710424243088369,0.36135918483805385,0.3613743142812072,28057,11943,0.70
sequences_11_0.75_10,sequences,11,-17.0,8.65,0.75,10,0.06964253432596682,0.38075001034611894,0.3807659663444642,28068,11932,0.70
sequences_11_0.75_11,sequences,11,-17.0,8.65,0.75,11,0.06990585484354486,0.37716806630816546,0.3771838616079738,28060,11940,0.70
sequences_11_0.75_12,sequences,11,-17.0,8.65,0.75,12,0.07012981727778249,0.3744614464286832,0.374477120501917,28054,11946,0.70
sequences_11_0.75_13,sequences,11,-17.0,8.65,0.75,13,0.07088296484525793,0.3590958774967017,0.35911091847672866,28062,11938,0.70
sequences_11_0.75_14,sequences,11,-17.0,8.65,0.75,14,0.07122757232660733,0.36587101172820696,0.36588633648943286,28062,11938,0.70
sequences_11_0.75_15,sequences,11,-17.0,8.65,0.75,15,0.0699325548086822,0.38081569333285475,0.3808316494090913,28066,11934,0.70
sequences_11_0.75_16,sequences,11,-17.0,8.65,0.75,16,0.06961234688522384,0.38534085423969316,0.3853569850496816,28055,11945,0.70
sequences_11_0.75_17,sequences,11,-17.0,8.65,0.75,17,0.0696803417569528,0.3892052839062513,0.38922158603966045,28062,11938,0.70
sequences_11_0.75_18,sequences,11,-17.0,8.65,0.75,18,0.06911174476464077,0.3916033401012934,0.39161973855778603,28059,11941,0.70
sequences_11_0.75_19,sequences,11,-17.0,8.65,0.75,19,0.07000511746614849,0.37770087935664715,0.3777166969699613,28060,11940,0.70
sequences_11_0.75_20,sequences,11,-17.0,8.65,0.75,20,0.07055432205548268,0.3724826194016115,0.37249820281839063,28048,11952,0.70
sequences_11_0.75_21,sequences,11,-17.0,8.65,0.75,21,0.07080740854083976,0.36604258150161056,0.3660579083133624,28058,11942,0.70
sequences_11_0.75_22,sequences,11,-17.0,8.65,0.75,22,0.07042530616161441,0.3736924408784433,0.3737080880025317,28058,11942,0.70
sequences_11_0.75_23,sequences,11,-17.0,8.65,0.75,23,0.06950143960689456,0.39067649894870565,0.3906928599638079,28060,11940,0.70
sequences_11_0.75_24,sequences,11,-17.0,8.65,0.75,24,0.07111405480677421,0.3609605148980804,0.3609756415828392,28068,11932,0.70
sequences_11_0.75_25,sequences,11,-17.0,8.65,0.75,25,0.06900245046466037,0.3828104895514041,0.3828265372778172,28072,11928,0.70
sequences_11_0.75_26,sequences,11,-17.0,8.65,0.75,26,0.06918106306593776,0.3626506700196798,0.362665857350131,28060,11940,0.70
sequences_11_0.75_27,sequences,11,-17.0,8.65,0.75,27,0.06887755731064955,0.38543806480695253,0.38545419968628675,28055,11945,0.70
sequences_11_0.75_28,sequences,11,-17.0,8.65,0.75,28,0.07148257153923344,0.3502589911377062,0.3502736509259783,28053,11947,0.70
sequences_11_0.75_29,sequences,11,-17.0,8.65,0.75,29,0.07012790122426724,0.36834124020858244,0.36835667490197094,28067,11933,0.70
sequences_11_0.75_30,sequences,11,-17.0,8.65,0.75,30,0.07084046722538649,0.36932016806580165,0.3693356398895266,28064,11936,0.70
sequences_11_0.75_31,sequences,11,-17.0,8.65,0.75,31,0.07042877606149595,0.3671480905731764,0.3671634649619343,28059,11941,0.70
sequences_11_0.75_32,sequences,11,-17.0,8.65,0.75,32,0.06932321994924391,0.38336921729255474,0.3833852615377769,28052,11948,0.70
sequences_11_0.75_33,sequences,11,-17.0,8.65,0.75,33,0.06944074541369408,0.38261783825017354,0.3826338631214243,28061,11939,0.70
sequences_11_0.75_34,sequences,11,-17.0,8.65,0.75,34,0.07070429848646476,0.3708250853002608,0.3708406175662962,28062,11938,0.70
sequences_11_0.75_35,sequences,11,-17.0,8.65,0.75,35,0.06968816660057034,0.3843062032579415,0.38432230153853325,28063,11937,0.70
sequences_11_0.75_36,sequences,11,-17.0,8.65,0.75,36,0.0694772414635402,0.37936712207615614,0.37938300414855025,28056,11944,0.70
sequences_11_0.75_37,sequences,11,-17.0,8.65,0.75,37,0.06994817528814293,0.38279660807601956,0.38281264849623553,28067,11933,0.70
sequences_11_0.75_38,sequences,11,-17.0,8.65,0.75,38,0.07022295105805487,0.37387648474592744,0.3738921526971023,28068,11932,0.70
sequences_11_0.75_39,sequences,11,-17.0,8.65,0.75,39,0.07098416216157684,0.36346351410914396,0.3634787393060973,28063,11937,0.70
sequences_11_0.75_40,sequences,11,-17.0,8.65,0.75,40,0.06973303629272383,0.378668103282132,0.3786839507827472,28052,11948,0.70
sequences_11_0.75_41,sequences,11,-17.0,8.65,0.75,41,0.07009521840981289,0.36391706444152916,0.3639323137475947,28067,11933,0.70
sequences_11_0.75_42,sequences,11,-17.0,8.65,0.75,42,0.06891369885805598,0.38985442271706106,0.3898707684717785,28074,11926,0.70
sequences_11_0.75_43,sequences,11,-17.0,8.65,0.75,43,0.07007421003899751,0.3798971342238402,0.3799130638267247,28075,11925,0.70
sequences_11_0.75_44,sequences,11,-17.0,8.65,0.75,44,0.07089368082959413,0.358067932801423,0.3580829169176307,28051,11949,0.70
sequences_11_0.75_45,sequences,11,-17.0,8.65,0.75,45,0.06980425486917462,0.37721542897223964,0.3772312249325058,28059,11941,0.70
sequences_11_0.75_46,sequences,11,-17.0,8.65,0.75,46,0.07055881817789472,0.36572638029003457,0.3657417015602405,28064,11936,0.70
sequences_11_0.75_47,sequences,11,-17.0,8.65,0.75,47,0.06989935444099932,0.37665219503030717,0.3766679594833864,28053,11947,0.70
sequences_11_0.75_48,sequences,11,-17.0,8.65,0.75,48,0.06875156076004017,0.3831711165422564,0.38318715518174534,28054,11946,0.70
sequences_11_0.75_49,sequences,11,-17.0,8.65,0.75,49,0.07099019184211931,0.36589331987379015,0.36590863658769157,28055,11945,0.70
sequences_11_1_0,sequences,11,,10.74,1.0,0,0.07196712871866136,0.3776530239664181,0.3776688263399617,28050,11950,0.70
sequences_11_1_1,sequences,11,,10.74,1.0,1,0.07337490879235806,0.3822916813918346,0.38230769931157815,28066,11934,0.70
sequences_11_1_2,sequences,11,,10.74,1.0,2,0.07163890845803957,0.3725367033888281,0.3725523125775886,28066,11934,0.70
sequences_11_1_3,sequences,11,,10.74,1.0,3,0.07329887052269386,0.3912083570467504,0.3912247568185846,28072,11928,0.70
sequences_11_1_4,sequences,11,,10.74,1.0,4,0.07323294228343175,0.37604394307832095,0.37605968734524065,28057,11943,0.70
sequences_11_1_5,sequences,11,,10.74,1.0,5,0.07220276435285371,0.37008205726673987,0.3700975571120869,28061,11939,0.70
sequences_11_1_6,sequences,11,,10.74,1.0,6,0.07303852053456994,0.3658966628241157,0.3659119873759966,28061,11939,0.70
sequences_11_1_7,sequences,11,,10.74,1.0,7,0.07163450206955883,0.3979381857839093,0.39795485370097394,28062,11938,0.70
sequences_11_1_8,sequences,11,,10.74,1.0,8,0.07414831310957011,0.3682779232984748,0.36829334370770583,28058,11942,0.70
sequences_11_1_9,sequences,11,,10.74,1.0,9,0.07319175615715268,0.36755360570754203,0.3675689944996821,28057,11943,0.70
sequences_11_1_10,sequences,11,,10.74,1.0,10,0.07295579560661225,0.37192946368696483,0.3719450500448004,28068,11932,0.70
sequences_11_1_11,sequences,11,,10.74,1.0,11,0.07400685709403941,0.36118125948450364,0.3611963852779849,28060,11940,0.70
sequences_11_1_12,sequences,11,,10.74,1.0,12,0.07266015311283601,0.3704517375608412,0.37046724379711604,28054,11946,0.70
sequences_11_1_13,sequences,11,,10.74,1.0,13,0.07533487917953383,0.33259730360217016,0.33261123467104065,28062,11938,0.70
sequences_11_1_14,sequences,11,,10.74,1.0,14,0.07397686536926511,0.3612006194860175,0.3612157486246233,28062,11938,0.70
sequences_11_1_15,sequences,11,,10.74,1.0,15,0.0730290373715344,0.37781404103088523,0.37782987133868895,28066,11934,0.70
sequences_11_1_16,sequences,11,,10.74,1.0,16,0.07309675627904451,0.36782110343301305,0.3678365008461446,28055,11945,0.70
sequences_11_1_17,sequences,11,,10.74,1.0,17,0.07198254200573516,0.38124493671226956,0.3812609054210123,28062,11938,0.70
sequences_11_1_18,sequences,11,,10.74,1.0,18,0.07471594068003545,0.3531625394826293,0.3531773282240559,28059,11941,0.70
sequences_11_1_19,sequences,11,,10.74,1.0,19,0.07253959004413335,0.3738927877737301,0.37390844590920497,28060,11940,0.70
sequences_11_1_20,sequences,11,,10.74,1.0,20,0.0734349814595597,0.3775528866051695,0.37756868214483147,28048,11952,0.70
sequences_11_1_21,sequences,11,,10.74,1.0,21,0.07307049214494546,0.3927294680401093,0.3927459122761906,28058,11942,0.70
sequences_11_1_22,sequences,11,,10.74,1.0,22,0.07476819638919469,0.34876815429787783,0.34878275780062884,28058,11942,0.70
sequences_11_1_23,sequences,11,,10.74,1.0,23,0.07317229356876469,0.374532359342648,0.3745480442625344,28060,11940,0.70
sequences_11_1_24,sequences,11,,10.74,1.0,24,0.07322354301099827,0.3752288935201322,0.3752446181463736,28068,11932,0.70
sequences_11_1_25,sequences,11,,10.74,1.0,25,0.07471280851587264,0.36126513847552033,0.3612802830033299,28072,11928,0.70
sequences_11_1_26,sequences,11,,10.74,1.0,26,0.07177717207628909,0.3793275942348155,0.3793434799727974,28060,11940,0.70
sequences_11_1_27,sequences,11,,10.74,1.0,27,0.07489697393205293,0.36181879751203994,0.3618339436617634,28055,11945,0.70
sequences_11_1_28,sequences,11,,10.74,1.0,28,0.07239562929225533,0.3980242264076456,0.3980408853686829,28053,11947,0.70
sequences_11_1_29,sequences,11,,10.74,1.0,29,0.0736108757535994,0.3613303076663811,0.36134544857894263,28067,11933,0.70
sequences_11_1_30,sequences,11,,10.74,1.0,30,0.07460797265590298,0.3550665128531559,0.35508138755259694,28064,11936,0.70
sequences_11_1_31,sequences,11,,10.74,1.0,31,0.0741535040111282,0.35777584836768495,0.357790830292206,28059,11941,0.70
sequences_11_1_32,sequences,11,,10.74,1.0,32,0.07200019602212357,0.3813711644222373,0.38138712504767786,28052,11948,0.70
sequences_11_1_33,sequences,11,,10.74,1.0,33,0.07579392409531319,0.33325016237647015,0.3332641196215656,28061,11939,0.70
sequences_11_1_34,sequences,11,,10.74,1.0,34,0.07407239125883974,0.3725682106021255,0.37258381588017386,28062,11938,0.70
sequences_11_1_35,sequences,11,,10.74,1.0,35,0.07402787838318856,0.3787493173048696,0.37876518281193716,28063,11937,0.70
sequences_11_1_36,sequences,11,,10.74,1.0,36,0.07458118703184215,0.35708297319704074,0.35709792235130583,28056,11944,0.70
sequences_11_1_37,sequences,11,,10.74,1.0,37,0.07310230351663977,0.3714361489500736,0.3714517133301827,28067,11933,0.70
sequences_11_1_38,sequences,11,,10.74,1.0,38,0.07230010561840464,0.3817818256167219,0.38179782485509944,28068,11932,0.70
sequences_11_1_39,sequences,11,,10.74,1.0,39,0.07370469381150642,0.37387136164319723,0.3738870228165895,28063,11937,0.70
sequences_11_1_40,sequences,11,,10.74,1.0,40,0.07311313425254708,0.3716026781636542,0.3716182299717409,28052,11948,0.70
sequences_11_1_41,sequences,11,,10.74,1.0,41,0.07226162659143748,0.384097233218224,0.38411332813885446,28067,11933,0.70
sequences_11_1_42,sequences,11,,10.74,1.0,42,0.0735757788323941,0.37655452571891,0.3765703138376448,28074,11926,0.70
sequences_11_1_43,sequences,11,,10.74,1.0,43,0.0752730267577226,0.34004359146983626,0.34005784995953664,28075,11925,0.70
sequences_11_1_44,sequences,11,,10.74,1.0,44,0.07227085050199464,0.37698479344444885,0.3770005691770293,28051,11949,0.70
sequences_11_1_45,sequences,11,,10.74,1.0,45,0.07380937269999732,0.37782411634031754,0.37783993778947084,28059,11941,0.70
sequences_11_1_46,sequences,11,,10.74,1.0,46,0.0746108497224028,0.3462883743137843,0.34630288127318876,28064,11936,0.70
sequences_11_1_47,sequences,11,,10.74,1.0,47,0.07200565990036328,0.3755338127665744,0.37554953041072764,28053,11947,0.70
sequences_11_1_48,sequences,11,,10.74,1.0,48,0.07212752057734413,0.3741072511667056,0.37412291041416085,28054,11946,0.70
sequences_11_1_49,sequences,11,,10.74,1.0,49,0.07313415297870977,0.3825875357219823,0.38260355127490064,28055,11945,0.70
sequences_12_0_0,sequences,12,-22.0,7.18,0.0,0,0.07331398013860839,0.4469105510782679,0.4469292514381764,28050,11950,0.70
sequences_12_0_1,sequences,12,-22.0,7.18,0.0,1,0.07381455576943204,0.44049972607433074,0.4405181828956605,28066,11934,0.70
sequences_12_0_2,sequences,12,-22.0,7.18,0.0,2,0.07383193047103397,0.43216726847493736,0.43218537616851055,28066,11934,0.70
sequences_12_0_3,sequences,12,-22.0,7.18,0.0,3,0.0740772713080262,0.44166653082378876,0.4416850458432198,28072,11928,0.70
sequences_12_0_4,sequences,12,-22.0,7.18,0.0,4,0.07422763991818361,0.44275291534813915,0.4427714525967959,28057,11943,0.70
sequences_12_0_5,sequences,12,-22.0,7.18,0.0,5,0.07351278281664807,0.44637508295049794,0.44639377811449377,28061,11939,0.70
sequences_12_0_6,sequences,12,-22.0,7.18,0.0,6,0.07395683719190985,0.4482027915466903,0.44822156325911644,28061,11939,0.70
sequences_12_0_7,sequences,12,-22.0,7.18,0.0,7,0.07274557440014429,0.45634383706393244,0.4563629513422321,28062,11938,0.70
sequences_12_0_8,sequences,12,-22.0,7.18,0.0,8,0.07390019493486956,0.4601424092725742,0.46016167620063764,28058,11942,0.70
sequences_12_0_9,sequences,12,-22.0,7.18,0.0,9,0.07362016431969336,0.4527075869447651,0.452726540977177,28057,11943,0.70
sequences_12_0_10,sequences,12,-22.0,7.18,0.0,10,0.07343733914441883,0.44886798989265503,0.44888680049464935,28068,11932,0.70
sequences_12_0_11,sequences,12,-22.0,7.18,0.0,11,0.0738054746865867,0.45731367179476773,0.4573328234865405,28060,11940,0.70
sequences_12_0_12,sequences,12,-22.0,7.18,0.0,12,0.07379401627555775,0.45826956351958115,0.4582887456029917,28054,11946,0.70
sequences_12_0_13,sequences,12,-22.0,7.18,0.0,13,0.07417627826466798,0.4427552290058791,0.4427737741159003,28062,11938,0.70
sequences_12_0_14,sequences,12,-22.0,7.18,0.0,14,0.07400121029222331,0.4403333669541328,0.4403518106227812,28062,11938,0.70
sequences_12_0_15,sequences,12,-22.0,7.18,0.0,15,0.073991196610169,0.45188956302074956,0.4519084970732172,28066,11934,0.70
sequences_12_0_16,sequences,12,-22.0,7.18,0.0,16,0.07429504100558718,0.4526548611268584,0.45267380977835703,28055,11945,0.70
sequences_12_0_17,sequences,12,-22.0,7.18,0.0,17,0.07377562677777269,0.4462037521585375,0.44622244171234404,28062,11938,0.70
sequences_12_0_18,sequences,12,-22.0,7.18,0.0,18,0.07360915207756139,0.44861902672125253,0.44863781271932285,28059,11941,0.70
sequences_12_0_19,sequences,12,-22.0,7.18,0.0,19,0.07372497369996513,0.4409447316465046,0.440963197828712,28060,11940,0.70
sequences_12_0_20,sequences,12,-22.0,7.18,0.0,20,0.0736764554697821,0.4678242854547926,0.46784385764538605,28048,11952,0.70
sequences_12_0_21,sequences,12,-22.0,7.18,0.0,21,0.07298078946189272,0.44932607181119766,0.44934488584122,28058,11942,0.70
sequences_12_0_22,sequences,12,-22.0,7.18,0.0,22,0.07424626413687221,0.4539183368422441,0.4539373431580419,28058,11942,0.70
sequences_12_0_23,sequences,12,-22.0,7.18,0.0,23,0.07413122602481477,0.45412652652091745,0.45414554473926116,28060,11940,0.70
sequences_12_0_24,sequences,12,-22.0,7.18,0.0,24,0.07402346156622715,0.46290805132239726,0.462927450297841,28068,11932,0.70
sequences_12_0_25,sequences,12,-22.0,7.18,0.0,25,0.07385091854790274,0.44865816074644227,0.44867696886067415,28072,11928,0.70
sequences_12_0_26,sequences,12,-22.0,7.18,0.0,26,0.07404712184295445,0.4365668785921096,0.4365851614356208,28060,11940,0.70
sequences_12_0_27,sequences,12,-22.0,7.18,0.0,27,0.07431575616182641,0.4395737270964502,0.43959212815667953,28055,11945,0.70
sequences_12_0_28,sequences,12,-22.0,7.18,0.0,28,0.07410439646662613,0.44068102601818343,0.4406994703428129,28053,11947,0.70
sequences_12_0_29,sequences,12,-22.0,7.18,0.0,29,0.07355258454275033,0.4413130178233412,0.44133151027103623,28067,11933,0.70
sequences_12_0_30,sequences,12,-22.0,7.18,0.0,30,0.07394483282101813,0.4500045668525843,0.45002341876465357,28064,11936,0.70
sequences_12_0_31,sequences,12,-22.0,7.18,0.0,31,0.07343101152497569,0.46026979797516626,0.46028907185126505,28059,11941,0.70
sequences_12_0_32,sequences,12,-22.0,7.18,0.0,32,0.0739451350544011,0.43299430478956286,0.43301242587621375,28052,11948,0.70
sequences_12_0_33,sequences,12,-22.0,7.18,0.0,33,0.07425447315505945,0.445019766639001,0.44503840503938774,28061,11939,0.70
sequences_12_0_34,sequences,12,-22.0,7.18,0.0,34,0.0737840395604835,0.45517646375288107,0.4551955291349394,28062,11938,0.70
sequences_12_0_35,sequences,12,-22.0,7.18,0.0,35,0.07461639219880935,0.44796951917226363,0.44798828425842424,28063,11937,0.70
sequences_12_0_36,sequences,12,-22.0,7.18,0.0,36,0.07350959294251709,0.4468019786194115,0.4468206838285805,28056,11944,0.70
sequences_12_0_37,sequences,12,-22.0,7.18,0.0,37,0.07354992778044614,0.4329991461425198,0.4330172902120093,28067,11933,0.70
sequences_12_0_38,sequences,12,-22.0,7.18,0.0,38,0.07332772796718379,0.45230423949833676,0.45232319410240995,28068,11932,0.70
sequences_12_0_39,sequences,12,-22.0,7.18,0.0,39,0.07433301415819385,0.4520074554475337,0.45202638967962694,28063,11937,0.70
sequences_12_0_40,sequences,12,-22.0,7.18,0.0,40,0.0742716999160563,0.44347594469717727,0.4434945044471152,28052,11948,0.70
sequences_12_0_41,sequences,12,-22.0,7.18,0.0,41,0.07366085998030326,0.4393837296408154,0.4394021412450742,28067,11933,0.70
sequences_12_0_42,sequences,12,-22.0,7.18,0.0,42,0.07384497691598539,0.45272861480309934,0.4527475967370212,28074,11926,0.70
sequences_12_0_43,sequences,12,-22.0,7.18,0.0,43,0.07409693213126065,0.43641971579091826,0.4364380154624273,28075,11925,0.70
sequences_12_0_44,sequences,12,-22.0,7.18,0.0,44,0.07355299639304237,0.45732737247706684,0.45734651031619294,28051,11949,0.70
sequences_12_0_45,sequences,12,-22.0,7.18,0.0,45,0.07387505268232396,0.4486294900387303,0.4486482764749538,28059,11941,0.70
sequences_12_0_46,sequences,12,-22.0,7.18,0.0,46,0.0736291186759667,0.45591543244437965,0.4559345319786435,28064,11936,0.70
sequences_12_0_47,sequences,12,-22.0,7.18,0.0,47,0.07374594215656201,0.4500925881855031,0.4501114264229576,28053,11947,0.70
sequences_12_0_48,sequences,12,-22.0,7.18,0.0,48,0.07338119686578476,0.4585465110009947,0.4585657046767739,28054,11946,0.70
sequences_12_0_49,sequences,12,-22.0,7.18,0.0,49,0.07280844840688235,0.4513259519278969,0.45134484494973276,28055,11945,0.70
sequences_12_0.25_0,sequences,12,-22.0,7.18,0.25,0,0.07507173133131974,0.4085657467971217,0.40858284267121325,28050,11950,0.70
sequences_12_0.25_1,sequences,12,-22.0,7.18,0.25,1,0.07490982922129645,0.4122515266644571,0.4122687998937469,28066,11934,0.70
sequences_12_0.25_2,sequences,12,-22.0,7.18,0.25,2,0.07431970151648312,0.425597468381998,0.4256153008026952,28066,11934,0.70
sequences_12_0.25_3,sequences,12,-22.0,7.18,0.25,3,0.07538993323327065,0.41569254436843134,0.41570997053726955,28072,11928,0.70
sequences_12_0.25_4,sequences,12,-22.0,7.18,0.25,4,0.07499199689460662,0.40872575343506357,0.40874286602915655,28057,11943,0.70
sequences_12_0.25_5,sequences,12,-22.0,7.18,0.25,5,0.07477349855129942,0.4345786870958471,0.4345968882010043,28061,11939,0.70
sequences_12_0.25_6,sequences,12,-22.0,7.18,0.25,6,0.07496636428576409,0.41840303596927697,0.4184205596028142,28061,11939,0.70
sequences_12_0.25_7,sequences,12,-22.0,7.18,0.25,7,0.07531683092935192,0.3988603975868533,0.39887710413139926,28062,11938,0.70
sequences_12_0.25_8,sequences,12,-22.0,7.18,0.25,8,0.07523592105521637,0.4233893016998632,0.42340702971417854,28058,11942,0.70
sequences_12_0.25_9,sequences,12,-22.0,7.18,0.25,9,0.07501384213880212,0.40136545279961455,0.4013822572314836,28057,11943,0.70
sequences_12_0.25_10,sequences,12,-22.0,7.18,0.25,10,0.07508355248881546,0.40821319997801514,0.408230306869588,28068,11932,0.70
sequences_12_0.25_11,sequences,12,-22.0,7.18,0.25,11,0.07522483223047899,0.4053658492800932,0.40538282546576054,28060,11940,0.70
sequences_12_0.25_12,sequences,12,-22.0,7.18,0.25,12,0.07495239730685013,0.41523268476953057,0.41525006543067,28054,11946,0.70
sequences_12_0.25_13,sequences,12,-22.0,7.18,0.25,13,0.07558304361969363,0.38877731466987386,0.38879359887749454,28062,11938,0.70
sequences_12_0.25_14,sequences,12,-22.0,7.18,0.25,14,0.07517112697963048,0.377868133077361,0.37788396034634014,28062,11938,0.70
sequences_12_0.25_15,sequences,12,-22.0,7.18,0.25,15,0.07539885756815279,0.4127179519190054,0.4127352446913893,28066,11934,0.70
sequences_12_0.25_16,sequences,12,-22.0,7.18,0.25,16,0.07490147478725086,0.42716929257991537,0.427187174376293,28055,11945,0.70
sequences_12_0.25_17,sequences,12,-22.0,7.18,0.25,17,0.07498361204280436,0.42853950675063474,0.42855745642526405,28062,11938,0.70
sequences_12_0.25_18,sequences,12,-22.0,7.18,0.25,18,0.07480926355286509,0.4189300412127445,0.4189475839794955,28059,11941,0.70
sequences_12_0.25_19,sequences,12,-22.0,7.18,0.25,19,0.07514111481642269,0.41731964296937873,0.41733711976411675,28060,11940,0.70
sequences_12_0.25_20,sequences,12,-22.0,7.18,0.25,20,0.0753502657678775,0.39961436739936085,0.3996310859169876,28048,11952,0.70
sequences_12_0.25_21,sequences,12,-22.0,7.18,0.25,21,0.07497630370007069,0.41678945350373037,0.4168069051714237,28058,11942,0.70
sequences_12_0.25_22,sequences,12,-22.0,7.18,0.25,22,0.07539545525013687,0.401371830992117,0.4013886370983105,28058,11942,0.70
sequences_12_0.25_23,sequences,12,-22.0,7.18,0.25,23,0.07490413771070947,0.4426552600681063,0.44267379788498185,28060,11940,0.70
sequences_12_0.25_24,sequences,12,-22.0,7.18,0.25,24,0.07560888541107064,0.403651315331546,0.40366823104932537,28068,11932,0.70
sequences_12_0.25_25,sequences,12,-22.0,7.18,0.25,25,0.07534689355857126,0.39440529549480546,0.39442182928489405,28072,11928,0.70
sequences_12_0.25_26,sequences,12,-22.0,7.18,0.25,26,0.07473216139047666,0.41636060276146536,0.4163780393928678,28060,11940,0.70
sequences_12_0.25_27,sequences,12,-22.0,7.18,0.25,27,0.07472594959985047,0.42644375181566924,0.42646160324007854,28055,11945,0.70
sequences_12_0.25_28,sequences,12,-22.0,7.18,0.25,28,0.07481485034360286,0.42395073280827406,0.423968476900897,28053,11947,0.70
sequences_12_0.25_29,sequences,12,-22.0,7.18,0.25,29,0.07480085980057853,0.4172344228016167,0.417251906278035,28067,11933,0.70
sequences_12_0.25_30,sequences,12,-22.0,7.18,0.25,30,0.07521524695702146,0.4035556142761117,0.40357252031555174,28064,11936,0.70
sequences_12_0.25_31,sequences,12,-22.0,7.18,0.25,31,0.07589287006763246,0.40802995160442246,0.4080470379280666,28059,11941,0.70
sequences_12_0.25_32,sequences,12,-22.0,7.18,0.25,32,0.07473081504211979,0.4185647634094575,0.41858228061063735,28052,11948,0.70
sequences_12_0.25_33,sequences,12,-22.0,7.18,0.25,33,0.07527282458370682,0.4076157822162766,0.40763285405605193,28061,11939,0.70
sequences_12_0.25_34,sequences,12,-22.0,7.18,0.25,34,0.07539332700504554,0.406127019149015,0.40614403006104777,28062,11938,0.70
sequences_12_0.25_35,sequences,12,-22.0,7.18,0.25,35,0.0756738695727571,0.4056860314968388,0.40570302536139735,28063,11937,0.70
sequences_12_0.25_36,sequences,12,-22.0,7.18,0.25,36,0.07480459721574087,0.4088294878874607,0.40884660339153484,28056,11944,0.70
sequences_12_0.25_37,sequences,12,-22.0,7.18,0.25,37,0.075255457066406,0.4134995585689357,0.41351688554242144,28067,11933,0.70
sequences_12_0.25_38,sequences,12,-22.0,7.18,0.25,38,0.07559383913738514,0.41997193702714697,0.41998953668926164,28068,11932,0.70
sequences_12_0.25_39,sequences,12,-22.0,7.18,0.25,39,0.07520652142982445,0.4116854377265993,0.4117026829015038,28063,11937,0.70
sequences_12_0.25_40,sequences,12,-22.0,7.18,0.25,40,0.07505144256765227,0.40817599634047386,0.408193078765154,28052,11948,0.70
sequences_12_0.25_41,sequences,12,-22.0,7.18,0.25,41,0.07476642728959977,0.41044605513703764,0.4104632541588197,28067,11933,0.70
sequences_12_0.25_42,sequences,12,-22.0,7.18,0.25,42,0.07522859300389816,0.41649006371693076,0.41650752624660103,28074,11926,0.70
sequences_12_0.25_43,sequences,12,-22.0,7.18,0.25,43,0.07482858532217715,0.43214253979571954,0.43216066011942905,28075,11925,0.70
sequences_12_0.25_44,sequences,12,-22.0,7.18,0.25,44,0.0744442454983918,0.42366654495626216,0.42368427418628085,28051,11949,0.70
sequences_12_0.25_45,sequences,12,-22.0,7.18,0.25,45,0.07481869853214278,0.39236175107535415,0.3923781812904354,28059,11941,0.70
sequences_12_0.25_46,sequences,12,-22.0,7.18,0.25,46,0.07541870113703528,0.4045592210192772,0.4045761691025263,28064,11936,0.70
sequences_12_0.25_47,sequences,12,-22.0,7.18,0.25,47,0.07553268184672171,0.41615719514138094,0.4161746130422002,28053,11947,0.70
sequences_12_0.25_48,sequences,12,-22.0,7.18,0.25,48,0.0744796763953983,0.3997806750385789,0.3997974089150241,28054,11946,0.70
sequences_12_0.25_49,sequences,12,-22.0,7.18,0.25,49,0.07539156068313321,0.4072523564116944,0.4072694044622874,28055,11945,0.70
sequences_12_0.5_0,sequences,12,-22.0,7.18,0.5,0,0.07531413349264966,0.3821156499607602,0.3821316390667764,28050,11950,0.70
sequences_12_0.5_1,sequences,12,-22.0,7.18,0.5,1,0.07501678208852308,0.39095273553743376,0.3909691163530417,28066,11934,0.70
sequences_12_0.5_2,sequences,12,-22.0,7.18,0.5,2,0.07461307891428007,0.4002985296378812,0.4003153020397756,28066,11934,0.70
sequences_12_0.5_3,sequences,12,-22.0,7.18,0.5,3,0.07441339217327667,0.3923010846662202,0.392317530246083,28072,11928,0.70
sequences_12_0.5_4,sequences,12,-22.0,7.18,0.5,4,0.07434309193624261,0.38311481366729166,0.3831308539785327,28057,11943,0.70
sequences_12_0.5_5,sequences,12,-22.0,7.18,0.5,5,0.07499483198290716,0.39544762020729746,0.39546418241785514,28061,11939,0.70
sequences_12_0.5_6,sequences,12,-22.0,7.18,0.5,6,0.07539724243684003,0.3569146121144589,0.3569295604784265,28061,11939,0.70
sequences_12_0.5_7,sequences,12,-22.0,7.18,0.5,7,0.07537303166572801,0.37764303223541074,0.37765885007588496,28062,11938,0.70
sequences_12_0.5_8,sequences,12,-22.0,7.18,0.5,8,0.07564543317546485,0.38554247562667726,0.3855586189314316,28058,11942,0.70
sequences_12_0.5_9,sequences,12,-22.0,7.18,0.5,9,0.07519737085311871,0.3862132390109436,0.38622940904754394,28057,11943,0.70
sequences_12_0.5_10,sequences,12,-22.0,7.18,0.5,10,0.07511380672321714,0.38751186667897825,0.3875281060447969,28068,11932,0.70
sequences_12_0.5_11,sequences,12,-22.0,7.18,0.5,11,0.07468193554359351,0.39191651784844445,0.3919329307938983,28060,11940,0.70
sequences_12_0.5_12,sequences,12,-22.0,7.18,0.5,12,0.07478431522677279,0.3920451991627595,0.3920616092504234,28054,11946,0.70
sequences_12_0.5_13,sequences,12,-22.0,7.18,0.5,13,0.07511877471177159,0.39351325854748315,0.39352974112339967,28062,11938,0.70
sequences_12_0.5_14,sequences,12,-22.0,7.18,0.5,14,0.07496268565186316,0.3840305039931787,0.3840465893773401,28062,11938,0.70
sequences_12_0.5_15,sequences,12,-22.0,7.18,0.5,15,0.07534369461871683,0.34742076415216866,0.3474353209897571,28066,11934,0.70
sequences_12_0.5_16,sequences,12,-22.0,7.18,0.5,16,0.07442794279259163,0.38316118776557173,0.3831772273322223,28055,11945,0.70
sequences_12_0.5_17,sequences,12,-22.0,7.18,0.5,17,0.07522835672445842,0.3949258077298494,0.3949423494713687,28062,11938,0.70
sequences_12_0.5_18,sequences,12,-22.0,7.18,0.5,18,0.07481539928633517,0.391577221422469,0.3915936187852375,28059,11941,0.70
sequences_12_0.5_19,sequences,12,-22.0,7.18,0.5,19,0.07567054592507762,0.3791621885624293,0.3791780673734404,28060,11940,0.70
sequences_12_0.5_20,sequences,12,-22.0,7.18,0.5,20,0.07505582269511629,0.38441839421479723,0.384434476984147,28048,11952,0.70
sequences_12_0.5_21,sequences,12,-22.0,7.18,0.5,21,0.07505320518362936,0.4000269894484174,0.4000437392438586,28058,11942,0.70
sequences_12_0.5_22,sequences,12,-22.0,7.18,0.5,22,0.07467752925877306,0.395323745660189,0.3953402985229895,28058,11942,0.70
sequences_12_0.5_23,sequences,12,-22.0,7.18,0.5,23,0.0744792203377393,0.3945756921316921,0.39459221643984815,28060,11940,0.70
sequences_12_0.5_24,sequences,12,-22.0,7.18,0.5,24,0.07562817548969988,0.38475907145339183,0.3847751954584886,28068,11932,0.70
sequences_12_0.5_25,sequences,12,-22.0,7.18,0.5,25,0.07497925082955378,0.37754352801530217,0.3775593549464129,28072,11928,0.70
sequences_12_0.5_26,sequences,12,-22.0,7.18,0.5,26,0.07485811339164095,0.3975367889808222,0.39755343729579823,28060,11940,0.70
sequences_12_0.5_27,sequences,12,-22.0,7.18,0.5,27,0.07480565690170533,0.4003426062735993,0.4003593650741288,28055,11945,0.70
sequences_12_0.5_28,sequences,12,-22.0,7.18,0.5,28,0.07448138571293854,0.40157218799267297,0.4015889954505852,28053,11947,0.70
sequences_12_0.5_29,sequences,12,-22.0,7.18,0.5,29,0.07500527790481472,0.39390211439388473,0.3939186201708575,28067,11933,0.70
sequences_12_0.5_30,sequences,12,-22.0,7.18,0.5,30,0.07565422614140957,0.37210874672946587,0.37212433537431594,28064,11936,0.70
sequences_12_0.5_31,sequences,12,-22.0,7.18,0.5,31,0.07546976925238028,0.37002997254506764,0.37004546761312346,28059,11941,0.70
sequences_12_0.5_32,sequences,12,-22.0,7.18,0.5,32,0.07523951844756997,0.3809730471721931,0.3809889911361739,28052,11948,0.70
sequences_12_0.5_33,sequences,12,-22.0,7.18,0.5,33,0.07552381402744048,0.37435368015592924,0.37436935890617823,28061,11939,0.70
sequences_12_0.5_34,sequences,12,-22.0,7.18,0.5,34,0.07567265321635273,0.3783808176981024,0.37839666644123265,28062,11938,0.70
sequences_12_0.5_35,sequences,12,-22.0,7.18,0.5,35,0.07464383867442528,0.3935705934612409,0.39358707981975527,28063,11937,0.70
sequences_12_0.5_36,sequences,12,-22.0,7.18,0.5,36,0.07521340286762486,0.3798144572406714,0.37983035804059634,28056,11944,0.70
sequences_12_0.5_37,sequences,12,-22.0,7.18,0.5,37,0.07562527066831182,0.39207631015274524,0.3920927394225948,28067,11933,0.70
sequences_12_0.5_38,sequences,12,-22.0,7.18,0.5,38,0.07528096695660744,0.3967439475880362,0.3967605738404306,28068,11932,0.70
sequences_12_0.5_39,sequences,12,-22.0,7.18,0.5,39,0.07568604994488155,0.36898277635291005,0.3689982327473603,28063,11937,0.70
sequences_12_0.5_40,sequences,12,-22.0,7.18,0.5,40,0.07550957078687136,0.38828415383847753,0.38830040377691555,28052,11948,0.70
sequences_12_0.5_41,sequences,12,-22.0,7.18,0.5,41,0.0752686956974932,0.37333999614479746,0.3733556403022828,28067,11933,0.70
sequences_12_0.5_42,sequences,12,-22.0,7.18,0.5,42,0.07559877512485777,0.3780246934358193,0.3780405431955141,28074,11926,0.70
sequences_12_0.5_43,sequences,12,-22.0,7.18,0.5,43,0.07568558502724768,0.3811204270069192,0.38113640790413184,28075,11925,0.70
sequences_12_0.5_44,sequences,12,-22.0,7.18,0.5,44,0.07486293141625522,0.39625512165985055,0.3962717038004081,28051,11949,0.70
sequences_12_0.5_45,sequences,12,-22.0,7.18,0.5,45,0.0748971075183933,0.3894810429869836,0.3894973525719235,28059,11941,0.70
sequences_12_0.5_46,sequences,12,-22.0,7.18,0.5,46,0.07514027274841384,0.3873684128664757,0.38738464078013635,28064,11936,0.70
sequences_12_0.5_47,sequences,12,-22.0,7.18,0.5,47,0.07476324948292666,0.37645921287137,0.37647496924734725,28053,11947,0.70
sequences_12_0.5_48,sequences,12,-22.0,7.18,0.5,48,0.07486481219580644,0.3921495730824908,0.3921659875390009,28054,11946,0.70
sequences_12_0.5_49,sequences,12,-22.0,7.18,0.5,49,0.07545796590503455,0.39242059289508197,0.3924370200710481,28055,11945,0.70
sequences_12_0.75_0,sequences,12,-22.0,7.18,0.75,0,0.0736843913873216,0.3830266323200195,0.3830426595448448,28050,11950,0.70
sequences_12_0.75_1,sequences,12,-22.0,7.18,0.75,1,0.07499402705305297,0.379397770750297,0.3794136674159546,28066,11934,0.70
sequences_12_0.75_2,sequences,12,-22.0,7.18,0.75,2,0.07414532548294747,0.3948610243068665,0.39487756887873415,28066,11934,0.70
sequences_12_0.75_3,sequences,12,-22.0,7.18,0.75,3,0.07490113910790358,0.36095772024832945,0.3609728518889175,28072,11928,0.70
sequences_12_0.75_4,sequences,12,-22.0,7.18,0.75,4,0.07438536486818448,0.38759358830613283,0.3876098161354144,28057,11943,0.70
sequences_12_0.75_5,sequences,12,-22.0,7.18,0.75,5,0.07459455206667248,0.358131587318016,0.3581465866515646,28061,11939,0.70
sequences_12_0.75_6,sequences,12,-22.0,7.18,0.75,6,0.07520163980837238,0.3676075974598329,0.3676229936693955,28061,11939,0.70
sequences_12_0.75_7,sequences,12,-22.0,7.18,0.75,7,0.07495708854306456,0.3587000346528101,0.35871505905268486,28062,11938,0.70
sequences_12_0.75_8,sequences,12,-22.0,7.18,0.75,8,0.07490559052172328,0.3736913985085489,0.37370704558899154,28058,11942,0.70
sequences_12_0.75_9,sequences,12,-22.0,7.18,0.75,9,0.07456052480125522,0.3751894863657379,0.37520519485812964,28057,11943,0.70
sequences_12_0.75_10,sequences,12,-22.0,7.18,0.75,10,0.07521542430510744,0.37184190146312585,0.3718574841515125,28068,11932,0.70
sequences_12_0.75_11,sequences,12,-22.0,7.18,0.75,11,0.07476456138101945,0.37361169017640705,0.37362733653988633,28060,11940,0.70
sequences_12_0.75_12,sequences,12,-22.0,7.18,0.75,12,0.07408789049913345,0.38855543542174464,0.3885716994361266,28054,11946,0.70
sequences_12_0.75_13,sequences,12,-22.0,7.18,0.75,13,0.07481018747187189,0.3801237868482327,0.38013970859683544,28062,11938,0.70
sequences_12_0.75_14,sequences,12,-22.0,7.18,0.75,14,0.07406065195681721,0.3920210852102777,0.39203750528547854,28062,11938,0.70
sequences_12_0.75_15,sequences,12,-22.0,7.18,0.75,15,0.07456658417040055,0.3862047664699405,0.3862209483469078,28066,11934,0.70
sequences_12_0.75_16,sequences,12,-22.0,7.18,0.75,16,0.07425957921914735,0.380561247654617,0.3805771783847935,28055,11945,0.70
sequences_12_0.75_17,sequences,12,-22.0,7.18,0.75,17,0.07495492389218092,0.37842272809187555,0.37843857859045177,28062,11938,0.70
sequences_12_0.75_18,sequences,12,-22.0,7.18,0.75,18,0.07388360096338079,0.3856033691414961,0.3856195163481841,28059,11941,0.70
sequences_12_0.75_19,sequences,12,-22.0,7.18,0.75,19,0.07487108502756433,0.3822169387170649,0.38223294545697256,28060,11940,0.70
sequences_12_0.75_20,sequences,12,-22.0,7.18,0.75,20,0.07434093307078964,0.38779979316805024,0.3878160174037301,28048,11952,0.70
sequences_12_0.75_21,sequences,12,-22.0,7.18,0.75,21,0.07444026842066598,0.3737496576838237,0.37376530720367496,28058,11942,0.70
sequences_12_0.75_22,sequences,12,-22.0,7.18,0.75,22,0.07483985610480517,0.3706869211534912,0.3707024424314695,28058,11942,0.70
sequences_12_0.75_23,sequences,12,-22.0,7.18,0.75,23,0.07493253870364062,0.3800545492339546,0.38007046541585043,28060,11940,0.70
sequences_12_0.75_24,sequences,12,-22.0,7.18,0.75,24,0.07498971365627245,0.36793811612289723,0.3679535352162984,28068,11932,0.70
sequences_12_0.75_25,sequences,12,-22.0,7.18,0.75,25,0.07484827500414205,0.3804120843503604,0.3804280315336808,28072,11928,0.70
sequences_12_0.75_26,sequences,12,-22.0,7.18,0.75,26,0.07387912958357813,0.39016047338656373,0.3901768127911979,28060,11940,0.70
sequences_12_0.75_27,sequences,12,-22.0,7.18,0.75,27,0.07403690478559827,0.3834808083356804,0.38349686128201455,28055,11945,0.70
sequences_12_0.75_28,sequences,12,-22.0,7.18,0.75,28,0.07491381598441196,0.37099578857908283,0.3710113162881439,28053,11947,0.70
sequences_12_0.75_29,sequences,12,-22.0,7.18,0.75,29,0.07424715170588957,0.3831854134930348,0.3832014702054596,28067,11933,0.70
sequences_12_0.75_30,sequences,12,-22.0,7.18,0.75,30,0.07525420762983218,0.37952275556199594,0.37953865479978854,28064,11936,0.70
sequences_12_0.75_31,sequences,12,-22.0,7.18,0.75,31,0.07462426537938022,0.3799588838608677,0.3799747947037741,28059,11941,0.70
sequences_12_0.75_32,sequences,12,-22.0,7.18,0.75,32,0.07426908549612059,0.37475328939671315,0.3747689730598809,28052,11948,0.70
sequences_12_0.75_33,sequences,12,-22.0,7.18,0.75,33,0.07459225345983746,0.38033105994210814,0.3803469890380858,28061,11939,0.70
sequences_12_0.75_34,sequences,12,-22.0,7.18,0.75,34,0.07491832682506451,0.3633779005107382,0.3633931208462707,28062,11938,0.70
sequences_12_0.75_35,sequences,12,-22.0,7.18,0.75,35,0.0746788224321225,0.3635148777471584,0.3635301050956936,28063,11937,0.70
sequences_12_0.75_36,sequences,12,-22.0,7.18,0.75,36,0.07430809323210194,0.39063873448022823,0.3906550884347486,28056,11944,0.70
sequences_12_0.75_37,sequences,12,-22.0,7.18,0.75,37,0.07493580173674932,0.37020679998283307,0.3702223128492307,28067,11933,0.70
sequences_12_0.75_38,sequences,12,-22.0,7.18,0.75,38,0.07483245526287409,0.3933708911003804,0.39338737599891466,28068,11932,0.70
sequences_12_0.75_39,sequences,12,-22.0,7.18,0.75,39,0.0747422165661669,0.37931123995485394,0.37932712900041354,28063,11937,0.70
sequences_12_0.75_40,sequences,12,-22.0,7.18,0.75,40,0.07522140286629453,0.3604555020046216,0.36047058729630643,28052,11948,0.70
sequences_12_0.75_41,sequences,12,-22.0,7.18,0.75,41,0.07406942196872965,0.3894930147718341,0.3895093357932234,28067,11933,0.70
sequences_12_0.75_42,sequences,12,-22.0,7.18,0.75,42,0.07328575108659219,0.3885334463195966,0.3885497366886241,28074,11926,0.70
sequences_12_0.75_43,sequences,12,-22.0,7.18,0.75,43,0.07449917306385727,0.3736563217168513,0.37367198963398995,28075,11925,0.70
sequences_12_0.75_44,sequences,12,-22.0,7.18,0.75,44,0.07514686985644169,0.36357505594898,0.3635902705224994,28051,11949,0.70
sequences_12_0.75_45,sequences,12,-22.0,7.18,0.75,45,0.07448005017804168,0.3785145789309793,0.37853042929337105,28059,11941,0.70
sequences_12_0.75_46,sequences,12,-22.0,7.18,0.75,46,0.0753412730979284,0.3629494430818557,0.36296464801862877,28064,11936,0.70
sequences_12_0.75_47,sequences,12,-22.0,7.18,0.75,47,0.07407017172509502,0.3818862179462478,0.3819022014648462,28053,11947,0.70
sequences_12_0.75_48,sequences,12,-22.0,7.18,0.75,48,0.07349876660257842,0.403177888298062,0.40319476437384416,28054,11946,0.70
sequences_12_0.75_49,sequences,12,-22.0,7.18,0.75,49,0.07388679517340656,0.3969082120141637,0.39692482704701165,28055,11945,0.70
sequences_12_1_0,sequences,12,,10.74,1.0,0,0.07196712871866136,0.3776530239664181,0.3776688263399617,28050,11950,0.70
sequences_12_1_1,sequences,12,,10.74,1.0,1,0.07337490879235806,0.3822916813918346,0.38230769931157815,28066,11934,0.70
sequences_12_1_2,sequences,12,,10.74,1.0,2,0.07163890845803957,0.3725367033888281,0.3725523125775886,28066,11934,0.70
sequences_12_1_3,sequences,12,,10.74,1.0,3,0.07329887052269386,0.3912083570467504,0.3912247568185846,28072,11928,0.70
sequences_12_1_4,sequences,12,,10.74,1.0,4,0.07323294228343175,0.37604394307832095,0.37605968734524065,28057,11943,0.70
sequences_12_1_5,sequences,12,,10.74,1.0,5,0.07220276435285371,0.37008205726673987,0.3700975571120869,28061,11939,0.70
sequences_12_1_6,sequences,12,,10.74,1.0,6,0.07303852053456994,0.3658966628241157,0.3659119873759966,28061,11939,0.70
sequences_12_1_7,sequences,12,,10.74,1.0,7,0.07163450206955883,0.3979381857839093,0.39795485370097394,28062,11938,0.70
sequences_12_1_8,sequences,12,,10.74,1.0,8,0.07414831310957011,0.3682779232984748,0.36829334370770583,28058,11942,0.70
sequences_12_1_9,sequences,12,,10.74,1.0,9,0.07319175615715268,0.36755360570754203,0.3675689944996821,28057,11943,0.70
sequences_12_1_10,sequences,12,,10.74,1.0,10,0.07295579560661225,0.37192946368696483,0.3719450500448004,28068,11932,0.70
sequences_12_1_11,sequences,12,,10.74,1.0,11,0.07400685709403941,0.36118125948450364,0.3611963852779849,28060,11940,0.70
sequences_12_1_12,sequences,12,,10.74,1.0,12,0.07266015311283601,0.3704517375608412,0.37046724379711604,28054,11946,0.70
sequences_12_1_13,sequences,12,,10.74,1.0,13,0.07533487917953383,0.33259730360217016,0.33261123467104065,28062,11938,0.70
sequences_12_1_14,sequences,12,,10.74,1.0,14,0.07397686536926511,0.3612006194860175,0.3612157486246233,28062,11938,0.70
sequences_12_1_15,sequences,12,,10.74,1.0,15,0.0730290373715344,0.37781404103088523,0.37782987133868895,28066,11934,0.70
sequences_12_1_16,sequences,12,,10.74,1.0,16,0.07309675627904451,0.36782110343301305,0.3678365008461446,28055,11945,0.70
sequences_12_1_17,sequences,12,,10.74,1.0,17,0.07198254200573516,0.38124493671226956,0.3812609054210123,28062,11938,0.70
sequences_12_1_18,sequences,12,,10.74,1.0,18,0.07471594068003545,0.3531625394826293,0.3531773282240559,28059,11941,0.70
sequences_12_1_19,sequences,12,,10.74,1.0,19,0.07253959004413335,0.3738927877737301,0.37390844590920497,28060,11940,0.70
sequences_12_1_20,sequences,12,,10.74,1.0,20,0.0734349814595597,0.3775528866051695,0.37756868214483147,28048,11952,0.70
sequences_12_1_21,sequences,12,,10.74,1.0,21,0.07307049214494546,0.3927294680401093,0.3927459122761906,28058,11942,0.70
sequences_12_1_22,sequences,12,,10.74,1.0,22,0.07476819638919469,0.34876815429787783,0.34878275780062884,28058,11942,0.70
sequences_12_1_23,sequences,12,,10.74,1.0,23,0.07317229356876469,0.374532359342648,0.3745480442625344,28060,11940,0.70
sequences_12_1_24,sequences,12,,10.74,1.0,24,0.07322354301099827,0.3752288935201322,0.3752446181463736,28068,11932,0.70
sequences_12_1_25,sequences,12,,10.74,1.0,25,0.07471280851587264,0.36126513847552033,0.3612802830033299,28072,11928,0.70
sequences_12_1_26,sequences,12,,10.74,1.0,26,0.07177717207628909,0.3793275942348155,0.3793434799727974,28060,11940,0.70
sequences_12_1_27,sequences,12,,10.74,1.0,27,0.07489697393205293,0.36181879751203994,0.3618339436617634,28055,11945,0.70
sequences_12_1_28,sequences,12,,10.74,1.0,28,0.07239562929225533,0.3980242264076456,0.3980408853686829,28053,11947,0.70
sequences_12_1_29,sequences,12,,10.74,1.0,29,0.0736108757535994,0.3613303076663811,0.36134544857894263,28067,11933,0.70
sequences_12_1_30,sequences,12,,10.74,1.0,30,0.07460797265590298,0.3550665128531559,0.35508138755259694,28064,11936,0.70
sequences_12_1_31,sequences,12,,10.74,1.0,31,0.0741535040111282,0.35777584836768495,0.357790830292206,28059,11941,0.70
sequences_12_1_32,sequences,12,,10.74,1.0,32,0.07200019602212357,0.3813711644222373,0.38138712504767786,28052,11948,0.70
sequences_12_1_33,sequences,12,,10.74,1.0,33,0.07579392409531319,0.33325016237647015,0.3332641196215656,28061,11939,0.70
sequences_12_1_34,sequences,12,,10.74,1.0,34,0.07407239125883974,0.3725682106021255,0.37258381588017386,28062,11938,0.70
sequences_12_1_35,sequences,12,,10.74,1.0,35,0.07402787838318856,0.3787493173048696,0.37876518281193716,28063,11937,0.70
sequences_12_1_36,sequences,12,,10.74,1.0,36,0.07458118703184215,0.35708297319704074,0.35709792235130583,28056,11944,0.70
sequences_12_1_37,sequences,12,,10.74,1.0,37,0.07310230351663977,0.3714361489500736,0.3714517133301827,28067,11933,0.70
sequences_12_1_38,sequences,12,,10.74,1.0,38,0.07230010561840464,0.3817818256167219,0.38179782485509944,28068,11932,0.70
sequences_12_1_39,sequences,12,,10.74,1.0,39,0.07370469381150642,0.37387136164319723,0.3738870228165895,28063,11937,0.70
sequences_12_1_40,sequences,12,,10.74,1.0,40,0.07311313425254708,0.3716026781636542,0.3716182299717409,28052,11948,0.70
sequences_12_1_41,sequences,12,,10.74,1.0,41,0.07226162659143748,0.384097233218224,0.38411332813885446,28067,11933,0.70
sequences_12_1_42,sequences,12,,10.74,1.0,42,0.0735757788323941,0.37655452571891,0.3765703138376448,28074,11926,0.70
sequences_12_1_43,sequences,12,,10.74,1.0,43,0.0752730267577226,0.34004359146983626,0.34005784995953664,28075,11925,0.70
sequences_12_1_44,sequences,12,,10.74,1.0,44,0.07227085050199464,0.37698479344444885,0.3770005691770293,28051,11949,0.70
sequences_12_1_45,sequences,12,,10.74,1.0,45,0.07380937269999732,0.37782411634031754,0.37783993778947084,28059,11941,0.70
sequences_12_1_46,sequences,12,,10.74,1.0,46,0.0746108497224028,0.3462883743137843,0.34630288127318876,28064,11936,0.70
sequences_12_1_47,sequences,12,,10.74,1.0,47,0.07200565990036328,0.3755338127665744,0.37554953041072764,28053,11947,0.70
sequences_12_1_48,sequences,12,,10.74,1.0,48,0.07212752057734413,0.3741072511667056,0.37412291041416085,28054,11946,0.70
sequences_12_1_49,sequences,12,,10.74,1.0,49,0.07313415297870977,0.3825875357219823,0.38260355127490064,28055,11945,0.70
