dyn,pqif,seed,sim,vr,f,quadrant,shape,num_weights,mean_q,std_q,mean_all,std_all,num_zero_weights,num_non_zero_weights,frac_zero_weights
oscillations,0.25,0,1,-8.5,14.44,q1,"(50, 50)",699,0.034269607872921305,0.5094666430584042,0.0010970587783065647,0.46168169490709854,28062,11938,0.70
oscillations,0.25,0,1,-8.5,14.44,q2,"(50, 150)",2211,-0.009373899713999198,0.4991605553564261,0.0010970587783065647,0.46168169490709854,28062,11938,0.70
oscillations,0.25,0,1,-8.5,14.44,q3,"(150, 50)",2182,0.009949929280976553,0.48189969012539313,0.0010970587783065647,0.46168169490709854,28062,11938,0.70
oscillations,0.25,0,1,-8.5,14.44,q4,"(150, 150)",6846,-0.0017298892245379567,0.4364862914368995,0.0010970587783065647,0.46168169490709854,28062,11938,0.70
oscillations,0.25,1,1,-8.5,14.44,q1,"(50, 50)",760,-0.030571172145529495,0.46016018690552923,0.0005751680911282659,0.44114881478935586,28067,11933,0.70
oscillations,0.25,1,1,-8.5,14.44,q2,"(50, 150)",2254,0.005696062059025519,0.4758725629348777,0.0005751680911282659,0.44114881478935586,28067,11933,0.70
oscillations,0.25,1,1,-8.5,14.44,q3,"(150, 50)",2283,0.013685109086866683,0.45192581253083497,0.0005751680911282659,0.44114881478935586,28067,11933,0.70
oscillations,0.25,1,1,-8.5,14.44,q4,"(150, 150)",6636,-0.002107362306257407,0.4222992307326039,0.0005751680911282659,0.44114881478935586,28067,11933,0.70
oscillations,0.25,2,1,-8.5,14.44,q1,"(50, 50)",753,-0.006045047309255697,0.4925757479378589,0.0012103502291894914,0.4420022924295369,28061,11939,0.70
oscillations,0.25,2,1,-8.5,14.44,q2,"(50, 150)",2210,0.0015388947274249032,0.470517090962719,0.0012103502291894914,0.4420022924295369,28061,11939,0.70
oscillations,0.25,2,1,-8.5,14.44,q3,"(150, 50)",2266,0.010272293768225228,0.42885519258969723,0.0012103502291894914,0.4420022924295369,28061,11939,0.70
oscillations,0.25,2,1,-8.5,14.44,q4,"(150, 150)",6710,-0.0011439169919887518,0.4304871236207881,0.0012103502291894914,0.4420022924295369,28061,11939,0.70
oscillations,0.25,3,1,-8.5,14.44,q1,"(50, 50)",736,0.01567395647860947,0.5411617505459352,0.001631882408950834,0.4592767856388096,28053,11947,0.70
oscillations,0.25,3,1,-8.5,14.44,q2,"(50, 150)",2273,-0.001785477355202305,0.4645826624611259,0.001631882408950834,0.4592767856388096,28053,11947,0.70
oscillations,0.25,3,1,-8.5,14.44,q3,"(150, 50)",2216,0.013422629759762756,0.4791674520137388,0.001631882408950834,0.4592767856388096,28053,11947,0.70
oscillations,0.25,3,1,-8.5,14.44,q4,"(150, 150)",6722,-0.0026370262344213614,0.44052788757940053,0.001631882408950834,0.4592767856388096,28053,11947,0.70
oscillations,0.25,4,1,-8.5,14.44,q1,"(50, 50)",741,-0.00035825108644965367,0.5133222531055208,0.0010727692208856374,0.4539314916454767,28062,11938,0.70
oscillations,0.25,4,1,-8.5,14.44,q2,"(50, 150)",2215,0.0017636517329466864,0.48860113695917834,0.0010727692208856374,0.4539314916454767,28062,11938,0.70
oscillations,0.25,4,1,-8.5,14.44,q3,"(150, 50)",2284,0.006891851667171231,0.46131921258532976,0.0010727692208856374,0.4539314916454767,28062,11938,0.70
oscillations,0.25,4,1,-8.5,14.44,q4,"(150, 150)",6698,-0.0009816803198423488,0.4319380436608643,0.0010727692208856374,0.4539314916454767,28062,11938,0.70
oscillations,0.25,5,1,-8.5,14.44,q1,"(50, 50)",732,0.003801859409571071,0.519909277603871,-0.0005106910650831038,0.43910223680967964,28062,11938,0.70
oscillations,0.25,5,1,-8.5,14.44,q2,"(50, 150)",2270,-0.0012758531697386918,0.45646323663872007,-0.0005106910650831038,0.43910223680967964,28062,11938,0.70
oscillations,0.25,5,1,-8.5,14.44,q3,"(150, 50)",2252,0.0017195664804157804,0.4454388387074951,-0.0005106910650831038,0.43910223680967964,28062,11938,0.70
oscillations,0.25,5,1,-8.5,14.44,q4,"(150, 150)",6684,-0.0014745463856010808,0.4208922339692355,-0.0005106910650831038,0.43910223680967964,28062,11938,0.70
oscillations,0.25,6,1,-8.5,14.44,q1,"(50, 50)",719,0.004074395269309607,0.5051443003435763,0.0008248515862571448,0.4422289916455767,28064,11936,0.70
oscillations,0.25,6,1,-8.5,14.44,q2,"(50, 150)",2314,-0.0013453497800718119,0.46867889815878006,0.0008248515862571448,0.4422289916455767,28064,11936,0.70
oscillations,0.25,6,1,-8.5,14.44,q3,"(150, 50)",2243,-6.616912642259025e-05,0.4427144513297805,0.0008248515862571448,0.4422289916455767,28064,11936,0.70
oscillations,0.25,6,1,-8.5,14.44,q4,"(150, 150)",6660,0.0015281524139014618,0.4249850593227151,0.0008248515862571448,0.4422289916455767,28064,11936,0.70
oscillations,0.25,7,1,-8.5,14.44,q1,"(50, 50)",735,0.009277963998971255,0.5134606047187328,0.0011006498793428847,0.43836941371468796,28076,11924,0.70
oscillations,0.25,7,1,-8.5,14.44,q2,"(50, 150)",2201,-0.002964460394335826,0.46039698944448465,0.0011006498793428847,0.43836941371468796,28076,11924,0.70
oscillations,0.25,7,1,-8.5,14.44,q3,"(150, 50)",2258,0.004573650060465607,0.42578185063610674,0.0011006498793428847,0.43836941371468796,28076,11924,0.70
oscillations,0.25,7,1,-8.5,14.44,q4,"(150, 150)",6730,0.00037181591581612335,0.4260510233053427,0.0011006498793428847,0.43836941371468796,28076,11924,0.70
oscillations,0.25,8,1,-8.5,14.44,q1,"(50, 50)",731,-0.014948055134142196,0.49213905519000306,-0.0009025901177700164,0.43291314777794143,28058,11942,0.70
oscillations,0.25,8,1,-8.5,14.44,q2,"(50, 150)",2238,0.002402042859788907,0.4641643643345234,-0.0009025901177700164,0.43291314777794143,28058,11942,0.70
oscillations,0.25,8,1,-8.5,14.44,q3,"(150, 50)",2232,0.0030786190624857717,0.40561487813598474,-0.0009025901177700164,0.43291314777794143,28058,11942,0.70
oscillations,0.25,8,1,-8.5,14.44,q4,"(150, 150)",6741,-0.001794830522330133,0.423926017872494,-0.0009025901177700164,0.43291314777794143,28058,11942,0.70
oscillations,0.25,9,1,-8.5,14.44,q1,"(50, 50)",712,-0.016016659581357742,0.5246279633692333,0.0008945301541956474,0.450176026067036,28062,11938,0.70
oscillations,0.25,9,1,-8.5,14.44,q2,"(50, 150)",2183,0.004012265026938746,0.4928501833829435,0.0008945301541956474,0.450176026067036,28062,11938,0.70
oscillations,0.25,9,1,-8.5,14.44,q3,"(150, 50)",2296,0.013961987601369212,0.45400977118399366,0.0008945301541956474,0.450176026067036,28062,11938,0.70
oscillations,0.25,9,1,-8.5,14.44,q4,"(150, 150)",6747,-0.0027764540512578376,0.42508172092315344,0.0008945301541956474,0.450176026067036,28062,11938,0.70
oscillations,0.25,10,1,-8.5,14.44,q1,"(50, 50)",737,0.007078826047188029,0.5990802395859778,0.0010489727396000065,0.47325392591487575,28075,11925,0.70
oscillations,0.25,10,1,-8.5,14.44,q2,"(50, 150)",2270,-0.0016518082219952937,0.4761875228411115,0.0010489727396000065,0.47325392591487575,28075,11925,0.70
oscillations,0.25,10,1,-8.5,14.44,q3,"(150, 50)",2192,0.0135446390612609,0.504361165245437,0.0010489727396000065,0.47325392591487575,28075,11925,0.70
oscillations,0.25,10,1,-8.5,14.44,q4,"(150, 150)",6726,-0.002772574938358918,0.4452659104265494,0.0010489727396000065,0.47325392591487575,28075,11925,0.70
oscillations,0.25,11,1,-8.5,14.44,q1,"(50, 50)",758,0.016138359335812775,0.4680745993550626,0.001707987074956583,0.43350279987942325,28063,11937,0.70
oscillations,0.25,11,1,-8.5,14.44,q2,"(50, 150)",2313,-0.0019952076647842556,0.4401872506994039,0.001707987074956583,0.43350279987942325,28063,11937,0.70
oscillations,0.25,11,1,-8.5,14.44,q3,"(150, 50)",2251,0.016300709832057902,0.4241594786501482,0.001707987074956583,0.43350279987942325,28063,11937,0.70
oscillations,0.25,11,1,-8.5,14.44,q4,"(150, 150)",6615,-0.003616419828587409,0.43000976301579447,0.001707987074956583,0.43350279987942325,28063,11937,0.70
oscillations,0.25,12,1,-8.5,14.44,q1,"(50, 50)",719,0.014503942311908782,0.5436728010758848,-0.00021827690017766483,0.43272309595555564,28058,11942,0.70
oscillations,0.25,12,1,-8.5,14.44,q2,"(50, 150)",2304,-0.0025252571630676127,0.4402252153943762,-0.00021827690017766483,0.43272309595555564,28058,11942,0.70
oscillations,0.25,12,1,-8.5,14.44,q3,"(150, 50)",2236,-0.008206843607326557,0.4404848283852694,-0.00021827690017766483,0.43272309595555564,28058,11942,0.70
oscillations,0.25,12,1,-8.5,14.44,q4,"(150, 150)",6683,0.001665972997980827,0.41354425693820546,-0.00021827690017766483,0.43272309595555564,28058,11942,0.70
oscillations,0.25,13,1,-8.5,14.44,q1,"(50, 50)",708,0.01616037755569874,0.5078465896432514,-0.0006377394843862948,0.44044893323881484,28056,11944,0.70
oscillations,0.25,13,1,-8.5,14.44,q2,"(50, 150)",2202,-0.004023089097909941,0.48582804319103695,-0.0006377394843862948,0.44044893323881484,28056,11944,0.70
oscillations,0.25,13,1,-8.5,14.44,q3,"(150, 50)",2192,-0.003865526374205903,0.42775163127365373,-0.0006377394843862948,0.44044893323881484,28056,11944,0.70
oscillations,0.25,13,1,-8.5,14.44,q4,"(150, 150)",6842,-0.00025235774701660155,0.4211283622303571,-0.0006377394843862948,0.44044893323881484,28056,11944,0.70
oscillations,0.25,14,1,-8.5,14.44,q1,"(50, 50)",736,0.01020318879131606,0.5228101943019872,-0.0001839796083472805,0.44204442631052,28047,11953,0.70
oscillations,0.25,14,1,-8.5,14.44,q2,"(50, 150)",2266,-0.0027455643274039124,0.4440554741306148,-0.0001839796083472805,0.44204442631052,28047,11953,0.70
oscillations,0.25,14,1,-8.5,14.44,q3,"(150, 50)",2268,-0.0010766983897412452,0.4566095547486872,-0.0001839796083472805,0.44204442631052,28047,11953,0.70
oscillations,0.25,14,1,-8.5,14.44,q4,"(150, 150)",6683,-0.00015640498206692462,0.4263338372057879,-0.0001839796083472805,0.44204442631052,28047,11953,0.70
oscillations,0.25,15,1,-8.5,14.44,q1,"(50, 50)",742,0.019379903697400384,0.48386947428725724,-0.0005022814587075895,0.4463246614643077,28066,11934,0.70
oscillations,0.25,15,1,-8.5,14.44,q2,"(50, 150)",2212,-0.006906107981498724,0.44701105591237533,-0.0005022814587075895,0.4463246614643077,28066,11934,0.70
oscillations,0.25,15,1,-8.5,14.44,q3,"(150, 50)",2245,-0.006019682523759044,0.46110541369808244,-0.0005022814587075895,0.4463246614643077,28066,11934,0.70
oscillations,0.25,15,1,-8.5,14.44,q4,"(150, 150)",6735,0.0012496485002563877,0.43659551765835897,-0.0005022814587075895,0.4463246614643077,28066,11934,0.70
oscillations,0.25,16,1,-8.5,14.44,q1,"(50, 50)",750,0.02634422398840588,0.5147780831502095,-5.731109699924481e-06,0.4386296683852641,28060,11940,0.70
oscillations,0.25,16,1,-8.5,14.44,q2,"(50, 150)",2278,-0.0060081894310468455,0.4596820949926659,-5.731109699924481e-06,0.4386296683852641,28060,11940,0.70
oscillations,0.25,16,1,-8.5,14.44,q3,"(150, 50)",2218,0.007269956874447767,0.4520656976066532,-5.731109699924481e-06,0.4386296683852641,28060,11940,0.70
oscillations,0.25,16,1,-8.5,14.44,q4,"(150, 150)",6694,-0.00332606905657633,0.41682387494104894,-5.731109699924481e-06,0.4386296683852641,28060,11940,0.70
oscillations,0.25,17,1,-8.5,14.44,q1,"(50, 50)",660,-0.0023861709023390567,0.5867552383861994,-0.00036831582449761057,0.47184085427921085,28066,11934,0.70
oscillations,0.25,17,1,-8.5,14.44,q2,"(50, 150)",2274,-0.001586102290680396,0.5036674547127523,-0.00036831582449761057,0.47184085427921085,28066,11934,0.70
oscillations,0.25,17,1,-8.5,14.44,q3,"(150, 50)",2257,-0.005930484781936114,0.4732115266004187,-0.00036831582449761057,0.47184085427921085,28066,11934,0.70
oscillations,0.25,17,1,-8.5,14.44,q4,"(150, 150)",6743,0.0021016302102664004,0.4469963780129051,-0.00036831582449761057,0.47184085427921085,28066,11934,0.70
oscillations,0.25,18,1,-8.5,14.44,q1,"(50, 50)",730,0.03781885519854453,0.5530442852434212,0.0010368672682879803,0.4498136566235915,28051,11949,0.70
oscillations,0.25,18,1,-8.5,14.44,q2,"(50, 150)",2170,-0.008088748352180214,0.4687024689784001,0.0010368672682879803,0.4498136566235915,28051,11949,0.70
oscillations,0.25,18,1,-8.5,14.44,q3,"(150, 50)",2267,-0.008389020355264504,0.4451248054234359,0.0010368672682879803,0.4498136566235915,28051,11949,0.70
oscillations,0.25,18,1,-8.5,14.44,q4,"(150, 150)",6782,0.0031483715369288227,0.43224298405254613,0.0010368672682879803,0.4498136566235915,28051,11949,0.70
oscillations,0.25,19,1,-8.5,14.44,q1,"(50, 50)",738,0.012253249747773746,0.5256781296396973,0.0005571180180646897,0.4415276748202014,28058,11942,0.70
oscillations,0.25,19,1,-8.5,14.44,q2,"(50, 150)",2247,-0.0017537609410822066,0.444778830709635,0.0005571180180646897,0.4415276748202014,28058,11942,0.70
oscillations,0.25,19,1,-8.5,14.44,q3,"(150, 50)",2214,0.002772985192075773,0.44683540358553375,0.0005571180180646897,0.4415276748202014,28058,11942,0.70
oscillations,0.25,19,1,-8.5,14.44,q4,"(150, 150)",6743,-0.0006804809910681516,0.4283811571739532,0.0005571180180646897,0.4415276748202014,28058,11942,0.70
oscillations,0.25,20,1,-8.5,14.44,q1,"(50, 50)",713,0.003810762263870653,0.48457975545686865,0.0002094210490147723,0.45052027506181985,28071,11929,0.70
oscillations,0.25,20,1,-8.5,14.44,q2,"(50, 150)",2254,-0.001087711305372312,0.483094607010202,0.0002094210490147723,0.45052027506181985,28071,11929,0.70
oscillations,0.25,20,1,-8.5,14.44,q3,"(150, 50)",2260,0.009371254483551765,0.45080426870212,0.0002094210490147723,0.45052027506181985,28071,11929,0.70
oscillations,0.25,20,1,-8.5,14.44,q4,"(150, 150)",6702,-0.002826950708886952,0.43500159536319294,0.0002094210490147723,0.45052027506181985,28071,11929,0.70
oscillations,0.25,21,1,-8.5,14.44,q1,"(50, 50)",741,-0.014027625707778156,0.5316729306292719,0.0010086191852005783,0.4446244032699319,28050,11950,0.70
oscillations,0.25,21,1,-8.5,14.44,q2,"(50, 150)",2255,0.004215661969920137,0.4661306241360321,0.0010086191852005783,0.4446244032699319,28050,11950,0.70
oscillations,0.25,21,1,-8.5,14.44,q3,"(150, 50)",2292,0.011124325199751704,0.4295409171240326,0.0010086191852005783,0.4446244032699319,28050,11950,0.70
oscillations,0.25,21,1,-8.5,14.44,q4,"(150, 150)",6662,-0.0018846894607310552,0.4313610501279803,0.0010086191852005783,0.4446244032699319,28050,11950,0.70
oscillations,0.25,22,1,-8.5,14.44,q1,"(50, 50)",708,0.0006796641264015109,0.45668686141553033,-0.00024016909972866628,0.4384378024057843,28067,11933,0.70
oscillations,0.25,22,1,-8.5,14.44,q2,"(50, 150)",2186,0.0019296632023230232,0.4731462265501093,-0.00024016909972866628,0.4384378024057843,28067,11933,0.70
oscillations,0.25,22,1,-8.5,14.44,q3,"(150, 50)",2285,-0.005407072533426334,0.432253074963149,-0.00024016909972866628,0.4384378024057843,28067,11933,0.70
oscillations,0.25,22,1,-8.5,14.44,q4,"(150, 150)",6754,0.0007091763266281601,0.4267143598126519,-0.00024016909972866628,0.4384378024057843,28067,11933,0.70
oscillations,0.25,23,1,-8.5,14.44,q1,"(50, 50)",691,0.015629373310359882,0.4655933468682687,0.0010912849541876207,0.4351972802531344,28063,11937,0.70
oscillations,0.25,23,1,-8.5,14.44,q2,"(50, 150)",2274,-0.00291446796766181,0.44913088695032405,0.0010912849541876207,0.4351972802531344,28063,11937,0.70
oscillations,0.25,23,1,-8.5,14.44,q3,"(150, 50)",2309,0.004464757041525889,0.41396031224262003,0.0010912849541876207,0.4351972802531344,28063,11937,0.70
oscillations,0.25,23,1,-8.5,14.44,q4,"(150, 150)",6663,-0.00021834793782701285,0.43424430149198884,0.0010912849541876207,0.4351972802531344,28063,11937,0.70
oscillations,0.25,24,1,-8.5,14.44,q1,"(50, 50)",738,-0.008028081918899114,0.4957996140836286,0.0005355811650325235,0.4606131146395873,28068,11932,0.70
oscillations,0.25,24,1,-8.5,14.44,q2,"(50, 150)",2264,2.3724674626996e-05,0.48813192582110565,0.0005355811650325235,0.4606131146395873,28068,11932,0.70
oscillations,0.25,24,1,-8.5,14.44,q3,"(150, 50)",2277,0.01489136475230951,0.47037217280205557,0.0005355811650325235,0.4606131146395873,28068,11932,0.70
oscillations,0.25,24,1,-8.5,14.44,q4,"(150, 150)",6653,-0.0032535805331502586,0.4431073922943915,0.0005355811650325235,0.4606131146395873,28068,11932,0.70
oscillations,0.25,25,1,-8.5,14.44,q1,"(50, 50)",759,0.03111329034129534,0.5285950306842286,0.000661920663075955,0.4431647969060103,28060,11940,0.70
oscillations,0.25,25,1,-8.5,14.44,q2,"(50, 150)",2202,-0.005754633887359419,0.48019737182000494,0.000661920663075955,0.4431647969060103,28060,11940,0.70
oscillations,0.25,25,1,-8.5,14.44,q3,"(150, 50)",2311,-0.004186281238890096,0.4401282869872482,0.000661920663075955,0.4431647969060103,28060,11940,0.70
oscillations,0.25,25,1,-8.5,14.44,q4,"(150, 150)",6668,0.0009949827701146044,0.4200658963673402,0.000661920663075955,0.4431647969060103,28060,11940,0.70
oscillations,0.25,26,1,-8.5,14.44,q1,"(50, 50)",726,0.038352720897684926,0.5201740319654337,0.0012806021206091761,0.4351490373419106,28077,11923,0.70
oscillations,0.25,26,1,-8.5,14.44,q2,"(50, 150)",2228,-0.009043336031116745,0.4609547108278573,0.0012806021206091761,0.4351490373419106,28077,11923,0.70
oscillations,0.25,26,1,-8.5,14.44,q3,"(150, 50)",2173,0.005438193302506022,0.42159686855382966,0.0012806021206091761,0.4351490373419106,28077,11923,0.70
oscillations,0.25,26,1,-8.5,14.44,q4,"(150, 150)",6796,-0.0006244993609054645,0.42025933701850915,0.0012806021206091761,0.4351490373419106,28077,11923,0.70
oscillations,0.25,27,1,-8.5,14.44,q1,"(50, 50)",733,0.0036824148454101015,0.4413265127470137,0.0005139013410907922,0.4279292517788996,28067,11933,0.70
oscillations,0.25,27,1,-8.5,14.44,q2,"(50, 150)",2268,-0.00010966279838980409,0.4699246888428694,0.0005139013410907922,0.4279292517788996,28067,11933,0.70
oscillations,0.25,27,1,-8.5,14.44,q3,"(150, 50)",2195,0.0032760303743663254,0.4099729237646261,0.0005139013410907922,0.4279292517788996,28067,11933,0.70
oscillations,0.25,27,1,-8.5,14.44,q4,"(150, 150)",6737,-0.0005208545084511205,0.41720507038527876,0.0005139013410907922,0.4279292517788996,28067,11933,0.70
oscillations,0.25,28,1,-8.5,14.44,q1,"(50, 50)",756,0.0035577143710386642,0.47830693981651684,-0.000606267678542151,0.42423967830827164,28070,11930,0.70
oscillations,0.25,28,1,-8.5,14.44,q2,"(50, 150)",2224,-0.003062166537817059,0.4283738326340771,-0.000606267678542151,0.42423967830827164,28070,11930,0.70
oscillations,0.25,28,1,-8.5,14.44,q3,"(150, 50)",2246,-0.006208468000357275,0.4256507784762444,-0.000606267678542151,0.42423967830827164,28070,11930,0.70
oscillations,0.25,28,1,-8.5,14.44,q4,"(150, 150)",6704,0.0016157625357092014,0.4157954660263136,-0.000606267678542151,0.42423967830827164,28070,11930,0.70
oscillations,0.25,29,1,-8.5,14.44,q1,"(50, 50)",753,0.02875231673775873,0.46677066039521115,0.00021729210164369233,0.4255947413857218,28056,11944,0.70
oscillations,0.25,29,1,-8.5,14.44,q2,"(50, 150)",2276,-0.006058579159016756,0.43901335111466894,0.00021729210164369233,0.4255947413857218,28056,11944,0.70
oscillations,0.25,29,1,-8.5,14.44,q3,"(150, 50)",2276,-0.0013616111319992455,0.40653268442358875,0.00021729210164369233,0.4255947413857218,28056,11944,0.70
oscillations,0.25,29,1,-8.5,14.44,q4,"(150, 150)",6639,-0.0003263751376935738,0.4222758023125119,0.00021729210164369233,0.4255947413857218,28056,11944,0.70
oscillations,0.25,30,1,-8.5,14.44,q1,"(50, 50)",690,-0.011588746703356497,0.5443208970318842,0.0004475291045962761,0.44733226732133263,28056,11944,0.70
oscillations,0.25,30,1,-8.5,14.44,q2,"(50, 150)",2260,0.0006111542379195158,0.47955398725700665,0.0004475291045962761,0.44733226732133263,28056,11944,0.70
oscillations,0.25,30,1,-8.5,14.44,q3,"(150, 50)",2275,0.014455687958214461,0.4210499782286554,0.0004475291045962761,0.44733226732133263,28056,11944,0.70
oscillations,0.25,30,1,-8.5,14.44,q4,"(150, 150)",6719,-0.0031145074909989735,0.4333787961398438,0.0004475291045962761,0.44733226732133263,28056,11944,0.70
oscillations,0.25,31,1,-8.5,14.44,q1,"(50, 50)",728,-0.011579075552383654,0.4989031996202092,-0.0006379404999058561,0.4441646328857392,28060,11940,0.70
oscillations,0.25,31,1,-8.5,14.44,q2,"(50, 150)",2269,0.003653883914319456,0.45341234544226655,-0.0006379404999058561,0.4441646328857392,28060,11940,0.70
oscillations,0.25,31,1,-8.5,14.44,q3,"(150, 50)",2275,-0.014251387417986783,0.47065332206589394,-0.0006379404999058561,0.4441646328857392,28060,11940,0.70
oscillations,0.25,31,1,-8.5,14.44,q4,"(150, 150)",6668,0.0037408220167349225,0.42479679244680446,-0.0006379404999058561,0.4441646328857392,28060,11940,0.70
oscillations,0.25,32,1,-8.5,14.44,q1,"(50, 50)",772,-0.010487756259063442,0.5452075815553736,0.0008030221647727875,0.4422096059402394,28059,11941,0.70
oscillations,0.25,32,1,-8.5,14.44,q2,"(50, 150)",2247,0.002132021807707032,0.45916686300479714,0.0008030221647727875,0.4422096059402394,28059,11941,0.70
oscillations,0.25,32,1,-8.5,14.44,q3,"(150, 50)",2281,0.018367473925199093,0.43782718886747396,0.0008030221647727875,0.4422096059402394,28059,11941,0.70
oscillations,0.25,32,1,-8.5,14.44,q4,"(150, 150)",6641,-0.004367026882058125,0.4239476474647636,0.0008030221647727875,0.4422096059402394,28059,11941,0.70
oscillations,0.25,33,1,-8.5,14.44,q1,"(50, 50)",770,0.017032436978683865,0.5050422624219443,-0.00019688832082362642,0.43775584590909866,28058,11942,0.70
oscillations,0.25,33,1,-8.5,14.44,q2,"(50, 150)",2225,-0.004009207558503048,0.43607224198485844,-0.00019688832082362642,0.43775584590909866,28058,11942,0.70
oscillations,0.25,33,1,-8.5,14.44,q3,"(150, 50)",2218,-0.00029199697381322444,0.464142777456426,-0.00019688832082362642,0.43775584590909866,28058,11942,0.70
oscillations,0.25,33,1,-8.5,14.44,q4,"(150, 150)",6729,-0.0008765166733950517,0.42068263422281127,-0.00019688832082362642,0.43775584590909866,28058,11942,0.70
oscillations,0.25,34,1,-8.5,14.44,q1,"(50, 50)",747,0.029936112310218786,0.5374626334316922,0.001375491847675665,0.4550823356927055,28058,11942,0.70
oscillations,0.25,34,1,-8.5,14.44,q2,"(50, 150)",2272,-0.00483112386081283,0.4442802989306335,0.001375491847675665,0.4550823356927055,28058,11942,0.70
oscillations,0.25,34,1,-8.5,14.44,q3,"(150, 50)",2211,0.0023153485863010082,0.5099573836644724,0.001375491847675665,0.4550823356927055,28058,11942,0.70
oscillations,0.25,34,1,-8.5,14.44,q4,"(150, 150)",6712,-1.1781073202537471e-05,0.4286466322099784,0.001375491847675665,0.4550823356927055,28058,11942,0.70
oscillations,0.25,35,1,-8.5,14.44,q1,"(50, 50)",742,-0.01849945787692509,0.48225526112634765,-0.0007815931358870352,0.4376283089482033,28061,11939,0.70
oscillations,0.25,35,1,-8.5,14.44,q2,"(50, 150)",2280,0.0021675073646834895,0.46088966120053193,-0.0007815931358870352,0.4376283089482033,28061,11939,0.70
oscillations,0.25,35,1,-8.5,14.44,q3,"(150, 50)",2241,0.002448395409165745,0.4114761638255192,-0.0007815931358870352,0.4376283089482033,28061,11939,0.70
oscillations,0.25,35,1,-8.5,14.44,q4,"(150, 150)",6676,-0.0009037767537590898,0.43270142275909057,-0.0007815931358870352,0.4376283089482033,28061,11939,0.70
oscillations,0.25,36,1,-8.5,14.44,q1,"(50, 50)",747,-0.006297896444035064,0.5274697900033191,0.001178213315719219,0.4564088077088932,28058,11942,0.70
oscillations,0.25,36,1,-8.5,14.44,q2,"(50, 150)",2266,0.003553301200688552,0.4611998740579957,0.001178213315719219,0.4564088077088932,28058,11942,0.70
oscillations,0.25,36,1,-8.5,14.44,q3,"(150, 50)",2178,0.00418187096201749,0.47278094404716897,0.001178213315719219,0.4564088077088932,28058,11942,0.70
oscillations,0.25,36,1,-8.5,14.44,q4,"(150, 150)",6751,0.0002392025750227767,0.4406556326883233,0.001178213315719219,0.4564088077088932,28058,11942,0.70
oscillations,0.25,37,1,-8.5,14.44,q1,"(50, 50)",762,-0.009662845802114878,0.5014465185294004,-8.321404573241641e-05,0.45390464057514573,28063,11937,0.70
oscillations,0.25,37,1,-8.5,14.44,q2,"(50, 150)",2227,0.002756188938554871,0.46054682175745193,-8.321404573241641e-05,0.45390464057514573,28063,11937,0.70
oscillations,0.25,37,1,-8.5,14.44,q3,"(150, 50)",2302,-0.0015394274525059603,0.4650974190692673,-8.321404573241641e-05,0.45390464057514573,28063,11937,0.70
oscillations,0.25,37,1,-8.5,14.44,q4,"(150, 150)",6646,0.0005680848129417261,0.4418249717712269,-8.321404573241641e-05,0.45390464057514573,28063,11937,0.70
oscillations,0.25,38,1,-8.5,14.44,q1,"(50, 50)",709,-0.013831353593469861,0.5327094167000792,0.00048017063288027887,0.4623393628340555,28041,11959,0.70
oscillations,0.25,38,1,-8.5,14.44,q2,"(50, 150)",2215,0.0025206626103132994,0.49806678447140335,0.00048017063288027887,0.4623393628340555,28041,11959,0.70
oscillations,0.25,38,1,-8.5,14.44,q3,"(150, 50)",2279,0.014355973005810785,0.46910644025247117,0.00048017063288027887,0.4623393628340555,28041,11959,0.70
oscillations,0.25,38,1,-8.5,14.44,q4,"(150, 150)",6756,-0.0033676346752074234,0.43923888702870834,0.00048017063288027887,0.4623393628340555,28041,11959,0.70
oscillations,0.25,39,1,-8.5,14.44,q1,"(50, 50)",738,0.0037962839443289463,0.5307057084027964,-0.00038211139044771374,0.44434476694204916,28061,11939,0.70
oscillations,0.25,39,1,-8.5,14.44,q2,"(50, 150)",2227,-0.0026140734061516112,0.45701013374755733,-0.00038211139044771374,0.44434476694204916,28061,11939,0.70
oscillations,0.25,39,1,-8.5,14.44,q3,"(150, 50)",2228,0.008323692870310262,0.4341226348053014,-0.00038211139044771374,0.44434476694204916,28061,11939,0.70
oscillations,0.25,39,1,-8.5,14.44,q4,"(150, 150)",6746,-0.002977665532318653,0.4328880137825645,-0.00038211139044771374,0.44434476694204916,28061,11939,0.70
oscillations,0.25,40,1,-8.5,14.44,q1,"(50, 50)",758,-0.019298234474358175,0.5123196726062297,-0.00041025607491497164,0.45323183203208894,28059,11941,0.70
oscillations,0.25,40,1,-8.5,14.44,q2,"(50, 150)",2240,0.003543630414379494,0.4743987716020733,-0.00041025607491497164,0.45323183203208894,28059,11941,0.70
oscillations,0.25,40,1,-8.5,14.44,q3,"(150, 50)",2256,-0.003800314359627877,0.47455585093706004,-0.00041025607491497164,0.45323183203208894,28059,11941,0.70
oscillations,0.25,40,1,-8.5,14.44,q4,"(150, 150)",6687,0.0015500180960242621,0.4308673035695029,-0.00041025607491497164,0.45323183203208894,28059,11941,0.70
oscillations,0.25,41,1,-8.5,14.44,q1,"(50, 50)",725,0.016404114053403942,0.5385827333147696,0.00016497507215934595,0.45880524896805747,28061,11939,0.70
oscillations,0.25,41,1,-8.5,14.44,q2,"(50, 150)",2225,-0.005184794482188506,0.47479262827263263,0.00016497507215934595,0.45880524896805747,28061,11939,0.70
oscillations,0.25,41,1,-8.5,14.44,q3,"(150, 50)",2318,0.0007602454189070247,0.48091688801235627,0.00016497507215934595,0.45880524896805747,28061,11939,0.70
oscillations,0.25,41,1,-8.5,14.44,q4,"(150, 150)",6671,-2.239940943854e-05,0.435451529607137,0.00016497507215934595,0.45880524896805747,28061,11939,0.70
oscillations,0.25,42,1,-8.5,14.44,q1,"(50, 50)",764,0.01171607209099062,0.4732367029211836,-0.00016597800087661738,0.44576482702284703,28056,11944,0.70
oscillations,0.25,42,1,-8.5,14.44,q2,"(50, 150)",2252,-0.003862105282289199,0.4550321861841602,-0.00016597800087661738,0.44576482702284703,28056,11944,0.70
oscillations,0.25,42,1,-8.5,14.44,q3,"(150, 50)",2201,-0.008421567021814375,0.46569192565234574,-0.00016597800087661738,0.44576482702284703,28056,11944,0.70
oscillations,0.25,42,1,-8.5,14.44,q4,"(150, 150)",6727,0.002423042930093886,0.4324951465796064,-0.00016597800087661738,0.44576482702284703,28056,11944,0.70
oscillations,0.25,43,1,-8.5,14.44,q1,"(50, 50)",720,-0.023358697126960058,0.531452701092858,0.0006902295570950285,0.4416251474641663,28066,11934,0.70
oscillations,0.25,43,1,-8.5,14.44,q2,"(50, 150)",2266,0.00596721112550455,0.4686229305916902,0.0006902295570950285,0.4416251474641663,28066,11934,0.70
oscillations,0.25,43,1,-8.5,14.44,q3,"(150, 50)",2217,0.006759496994587649,0.4073185938379153,0.0006902295570950285,0.4416251474641663,28066,11934,0.70
oscillations,0.25,43,1,-8.5,14.44,q4,"(150, 150)",6731,-0.0005128574924395781,0.4323396969874231,0.0006902295570950285,0.4416251474641663,28066,11934,0.70
oscillations,0.25,44,1,-8.5,14.44,q1,"(50, 50)",697,-0.0065415841134104265,0.538928094211966,0.0006652676038833226,0.453901490008196,28061,11939,0.70
oscillations,0.25,44,1,-8.5,14.44,q2,"(50, 150)",2244,-6.503849164101136e-05,0.4916552601654757,0.0006652676038833226,0.453901490008196,28061,11939,0.70
oscillations,0.25,44,1,-8.5,14.44,q3,"(150, 50)",2307,0.0152289157172731,0.4568413957951104,0.0006652676038833226,0.453901490008196,28061,11939,0.70
oscillations,0.25,44,1,-8.5,14.44,q4,"(150, 150)",6691,-0.0033604914264977665,0.42923467393716014,0.0006652676038833226,0.453901490008196,28061,11939,0.70
oscillations,0.25,45,1,-8.5,14.44,q1,"(50, 50)",746,0.008239746825560937,0.39832191674804657,0.0023065551577231306,0.42227294888663325,28065,11935,0.70
oscillations,0.25,45,1,-8.5,14.44,q2,"(50, 150)",2209,-0.0005383148469114054,0.45847324242037596,0.0023065551577231306,0.42227294888663325,28065,11935,0.70
oscillations,0.25,45,1,-8.5,14.44,q3,"(150, 50)",2240,0.015244786764339541,0.3989947071567364,0.0023065551577231306,0.42227294888663325,28065,11935,0.70
oscillations,0.25,45,1,-8.5,14.44,q4,"(150, 150)",6740,-0.0017177003234029944,0.4198993925937507,0.0023065551577231306,0.42227294888663325,28065,11935,0.70
oscillations,0.25,46,1,-8.5,14.44,q1,"(50, 50)",750,-0.00601789803378398,0.45967811453818125,0.0014816810576272627,0.4287370407754082,28066,11934,0.70
oscillations,0.25,46,1,-8.5,14.44,q2,"(50, 150)",2247,0.0021508936341998893,0.4522153779029813,0.0014816810576272627,0.4287370407754082,28066,11934,0.70
oscillations,0.25,46,1,-8.5,14.44,q3,"(150, 50)",2252,0.012213321050580307,0.4274892449804057,0.0014816810576272627,0.4287370407754082,28066,11934,0.70
oscillations,0.25,46,1,-8.5,14.44,q4,"(150, 150)",6685,-0.001517075801778948,0.4172348855158566,0.0014816810576272627,0.4287370407754082,28066,11934,0.70
oscillations,0.25,47,1,-8.5,14.44,q1,"(50, 50)",719,0.018902351053581328,0.553091223699403,-9.22985595093522e-05,0.4630915282795217,28067,11933,0.70
oscillations,0.25,47,1,-8.5,14.44,q2,"(50, 150)",2218,-0.00361548231148234,0.475625475753471,-9.22985595093522e-05,0.4630915282795217,28067,11933,0.70
oscillations,0.25,47,1,-8.5,14.44,q3,"(150, 50)",2228,-0.010098467757087448,0.5068162310823956,-9.22985595093522e-05,0.4630915282795217,28067,11933,0.70
oscillations,0.25,47,1,-8.5,14.44,q4,"(150, 150)",6768,0.002338406739289095,0.43224980440332744,-9.22985595093522e-05,0.4630915282795217,28067,11933,0.70
oscillations,0.25,48,1,-8.5,14.44,q1,"(50, 50)",715,0.0035485309722194207,0.480369058235486,-0.00023747711879634057,0.4498530163200069,28056,11944,0.70
oscillations,0.25,48,1,-8.5,14.44,q2,"(50, 150)",2242,0.0011935708015839703,0.4831951401099235,-0.00023747711879634057,0.4498530163200069,28056,11944,0.70
oscillations,0.25,48,1,-8.5,14.44,q3,"(150, 50)",2296,-0.010508356474615527,0.44761306161452197,-0.00023747711879634057,0.4498530163200069,28056,11944,0.70
oscillations,0.25,48,1,-8.5,14.44,q4,"(150, 150)",6691,0.0024028656966859413,0.4353786749959722,-0.00023747711879634057,0.4498530163200069,28056,11944,0.70
oscillations,0.25,49,1,-8.5,14.44,q1,"(50, 50)",679,-0.018895948831205482,0.5511444580163299,-0.00035796514549848676,0.44386744939249667,28071,11929,0.70
oscillations,0.25,49,1,-8.5,14.44,q2,"(50, 150)",2254,0.0038304031457338517,0.4547568938526599,-0.00035796514549848676,0.44386744939249667,28071,11929,0.70
oscillations,0.25,49,1,-8.5,14.44,q3,"(150, 50)",2316,0.005591036057161538,0.4854984792502037,-0.00035796514549848676,0.44386744939249667,28071,11929,0.70
oscillations,0.25,49,1,-8.5,14.44,q4,"(150, 150)",6680,-0.0019494588567564599,0.4115781553942911,-0.00035796514549848676,0.44386744939249667,28071,11929,0.70
oscillations,0.25,0,2,-12.3,10.68,q1,"(50, 50)",705,-0.0004208901671762475,0.5395784016074178,0.0007439365192649851,0.4933128439410671,28060,11940,0.70
oscillations,0.25,0,2,-12.3,10.68,q2,"(50, 150)",2266,9.581601046665021e-06,0.5222099180186325,0.0007439365192649851,0.4933128439410671,28060,11940,0.70
oscillations,0.25,0,2,-12.3,10.68,q3,"(150, 50)",2293,0.013699519152911045,0.5031404740015399,0.0007439365192649851,0.4933128439410671,28060,11940,0.70
oscillations,0.25,0,2,-12.3,10.68,q4,"(150, 150)",6676,-0.0033336398618504484,0.4742492646755963,0.0007439365192649851,0.4933128439410671,28060,11940,0.70
oscillations,0.25,1,2,-12.3,10.68,q1,"(50, 50)",736,0.008509921632771509,0.5452568731831591,-0.0007287403763325712,0.4861674657510178,28058,11942,0.70
oscillations,0.25,1,2,-12.3,10.68,q2,"(50, 150)",2217,-0.0019968659247699685,0.5098639355712045,-0.0007287403763325712,0.4861674657510178,28058,11942,0.70
oscillations,0.25,1,2,-12.3,10.68,q3,"(150, 50)",2266,-0.011098878803141208,0.4701678057020938,-0.0007287403763325712,0.4861674657510178,28058,11942,0.70
oscillations,0.25,1,2,-12.3,10.68,q4,"(150, 150)",6723,0.002173314179272585,0.4764516765892753,-0.0007287403763325712,0.4861674657510178,28058,11942,0.70
oscillations,0.25,2,2,-12.3,10.68,q1,"(50, 50)",727,0.013225579258741668,0.5091465164156912,0.000851445096780804,0.4913879911165192,28051,11949,0.70
oscillations,0.25,2,2,-12.3,10.68,q2,"(50, 150)",2270,-0.0011955834517224935,0.5424952932773818,0.000851445096780804,0.4913879911165192,28051,11949,0.70
oscillations,0.25,2,2,-12.3,10.68,q3,"(150, 50)",2236,0.01293888743662879,0.45748427725915825,0.000851445096780804,0.4913879911165192,28051,11949,0.70
oscillations,0.25,2,2,-12.3,10.68,q4,"(150, 150)",6716,-0.003820496803538307,0.4819766276372651,0.000851445096780804,0.4913879911165192,28051,11949,0.70
oscillations,0.25,3,2,-12.3,10.68,q1,"(50, 50)",714,0.035382969345440836,0.53525837990593,0.0006005828536743644,0.4901502693488759,28048,11952,0.70
oscillations,0.25,3,2,-12.3,10.68,q2,"(50, 150)",2223,-0.009955899539545876,0.5225199643580792,0.0006005828536743644,0.4901502693488759,28048,11952,0.70
oscillations,0.25,3,2,-12.3,10.68,q3,"(150, 50)",2284,0.00423153332542182,0.49759239970132774,0.0006005828536743644,0.4901502693488759,28048,11952,0.70
oscillations,0.25,3,2,-12.3,10.68,q4,"(150, 150)",6731,-0.0008346651737307551,0.47100830133484756,0.0006005828536743644,0.4901502693488759,28048,11952,0.70
oscillations,0.25,4,2,-12.3,10.68,q1,"(50, 50)",757,0.028761609192392616,0.5445578470055903,0.0009636815464405308,0.4820455395253029,28059,11941,0.70
oscillations,0.25,4,2,-12.3,10.68,q2,"(50, 150)",2252,-0.003552738409128918,0.5076737068710084,0.0009636815464405308,0.4820455395253029,28059,11941,0.70
oscillations,0.25,4,2,-12.3,10.68,q3,"(150, 50)",2196,0.009620970437994113,0.4873661296953017,0.0009636815464405308,0.4820455395253029,28059,11941,0.70
oscillations,0.25,4,2,-12.3,10.68,q4,"(150, 150)",6736,-0.0034726990791377043,0.46352617694783493,0.0009636815464405308,0.4820455395253029,28059,11941,0.70
oscillations,0.25,5,2,-12.3,10.68,q1,"(50, 50)",749,0.005991528143513001,0.5242849159975822,2.8078133154468596e-05,0.49737454528037073,28046,11954,0.70
oscillations,0.25,5,2,-12.3,10.68,q2,"(50, 150)",2245,-0.003064917795984537,0.5183025680718569,2.8078133154468596e-05,0.49737454528037073,28046,11954,0.70
oscillations,0.25,5,2,-12.3,10.68,q3,"(150, 50)",2251,0.008702872414524726,0.5013685847543357,2.8078133154468596e-05,0.49737454528037073,28046,11954,0.70
oscillations,0.25,5,2,-12.3,10.68,q4,"(150, 150)",6709,-0.0025132559142752417,0.48561503478380347,2.8078133154468596e-05,0.49737454528037073,28046,11954,0.70
oscillations,0.25,6,2,-12.3,10.68,q1,"(50, 50)",737,0.0013789760330588721,0.5546394833633764,-0.00011167240715641622,0.4945658486500074,28057,11943,0.70
oscillations,0.25,6,2,-12.3,10.68,q2,"(50, 150)",2245,-0.0009706465214628174,0.5101083272790015,-0.00011167240715641622,0.4945658486500074,28057,11943,0.70
oscillations,0.25,6,2,-12.3,10.68,q3,"(150, 50)",2228,0.0033246861937959228,0.5067423213897931,-0.00011167240715641622,0.4945658486500074,28057,11943,0.70
oscillations,0.25,6,2,-12.3,10.68,q4,"(150, 150)",6733,-0.001125547050961942,0.47796394909123924,-0.00011167240715641622,0.4945658486500074,28057,11943,0.70
oscillations,0.25,7,2,-12.3,10.68,q1,"(50, 50)",756,0.03777133428778687,0.5658273329524849,-0.0004413553881498304,0.5055827258309028,28062,11938,0.70
oscillations,0.25,7,2,-12.3,10.68,q2,"(50, 150)",2219,-0.012025789674934048,0.5396772743356373,-0.0004413553881498304,0.5055827258309028,28062,11938,0.70
oscillations,0.25,7,2,-12.3,10.68,q3,"(150, 50)",2300,-0.004357531796564898,0.5329560360154739,-0.0004413553881498304,0.5055827258309028,28062,11938,0.70
oscillations,0.25,7,2,-12.3,10.68,q4,"(150, 150)",6663,0.00043276618272224826,0.47580686727683486,-0.0004413553881498304,0.5055827258309028,28062,11938,0.70
oscillations,0.25,8,2,-12.3,10.68,q1,"(50, 50)",733,0.03470547821404445,0.5509840813249753,0.0014855198451691832,0.49698953312275473,28040,11960,0.70
oscillations,0.25,8,2,-12.3,10.68,q2,"(50, 150)",2193,-0.005433754326357669,0.5393635269802344,0.0014855198451691832,0.49698953312275473,28040,11960,0.70
oscillations,0.25,8,2,-12.3,10.68,q3,"(150, 50)",2330,0.009005459778541154,0.48715927226309474,0.0014855198451691832,0.49698953312275473,28040,11960,0.70
oscillations,0.25,8,2,-12.3,10.68,q4,"(150, 150)",6704,-0.002496837146326027,0.47920463861196894,0.0014855198451691832,0.49698953312275473,28040,11960,0.70
oscillations,0.25,9,2,-12.3,10.68,q1,"(50, 50)",699,0.0018459395919135113,0.5782830122242154,-0.0009061217382595088,0.5070392158263493,28057,11943,0.70
oscillations,0.25,9,2,-12.3,10.68,q2,"(50, 150)",2273,-0.0016464403468768407,0.5318323388378693,-0.0009061217382595088,0.5070392158263493,28057,11943,0.70
oscillations,0.25,9,2,-12.3,10.68,q3,"(150, 50)",2298,0.0030282171934243093,0.5449881345929505,-0.0009061217382595088,0.5070392158263493,28057,11943,0.70
oscillations,0.25,9,2,-12.3,10.68,q4,"(150, 150)",6673,-0.002297108931038342,0.4758770673428502,-0.0009061217382595088,0.5070392158263493,28057,11943,0.70
oscillations,0.25,10,2,-12.3,10.68,q1,"(50, 50)",778,0.025397797766454833,0.55861675582724,0.0008491212229749211,0.49000284818382717,28053,11947,0.70
oscillations,0.25,10,2,-12.3,10.68,q2,"(50, 150)",2198,-0.005984600835167738,0.5129773354565306,0.0008491212229749211,0.49000284818382717,28053,11947,0.70
oscillations,0.25,10,2,-12.3,10.68,q3,"(150, 50)",2222,-0.0022890134321326863,0.49633936724097694,0.0008491212229749211,0.49000284818382717,28053,11947,0.70
oscillations,0.25,10,2,-12.3,10.68,q4,"(150, 150)",6749,0.0012780123085608301,0.471336696207859,0.0008491212229749211,0.49000284818382717,28053,11947,0.70
oscillations,0.25,11,2,-12.3,10.68,q1,"(50, 50)",714,0.004461517461710092,0.5974168155774473,-0.0004245077806898624,0.4963780745376065,28049,11951,0.70
oscillations,0.25,11,2,-12.3,10.68,q2,"(50, 150)",2262,-0.00233325492199062,0.5090084314315214,-0.0004245077806898624,0.4963780745376065,28049,11951,0.70
oscillations,0.25,11,2,-12.3,10.68,q3,"(150, 50)",2272,-0.0037638136013062183,0.49733995925133456,-0.0004245077806898624,0.4963780745376065,28049,11951,0.70
oscillations,0.25,11,2,-12.3,10.68,q4,"(150, 150)",6703,0.0008310295660189429,0.4795839867935321,-0.0004245077806898624,0.4963780745376065,28049,11951,0.70
oscillations,0.25,12,2,-12.3,10.68,q1,"(50, 50)",721,0.02638030462304348,0.524946426066076,0.0004394178297656018,0.4765593040755318,28062,11938,0.70
oscillations,0.25,12,2,-12.3,10.68,q2,"(50, 150)",2237,-0.008290737093036316,0.5149505824606186,0.0004394178297656018,0.4765593040755318,28062,11938,0.70
oscillations,0.25,12,2,-12.3,10.68,q3,"(150, 50)",2259,-0.008767193923849514,0.46976029154564125,0.0004394178297656018,0.4765593040755318,28062,11938,0.70
oscillations,0.25,12,2,-12.3,10.68,q4,"(150, 150)",6721,0.0036567535143022926,0.45963766052004784,0.0004394178297656018,0.4765593040755318,28062,11938,0.70
oscillations,0.25,13,2,-12.3,10.68,q1,"(50, 50)",739,0.01330680152206036,0.5954239679277487,0.0014177200149083531,0.5101725996184048,28060,11940,0.70
oscillations,0.25,13,2,-12.3,10.68,q2,"(50, 150)",2287,-0.0036150539207670954,0.5113586686941102,0.0014177200149083531,0.5101725996184048,28060,11940,0.70
oscillations,0.25,13,2,-12.3,10.68,q3,"(150, 50)",2236,0.013156060210099695,0.5345164561562024,0.0014177200149083531,0.5101725996184048,28060,11940,0.70
oscillations,0.25,13,2,-12.3,10.68,q4,"(150, 150)",6678,-0.0021047426864009336,0.4907470493121772,0.0014177200149083531,0.5101725996184048,28060,11940,0.70
oscillations,0.25,14,2,-12.3,10.68,q1,"(50, 50)",715,-0.0402622584310772,0.582590026145373,-0.001776944667279817,0.4931946178254415,28057,11943,0.70
oscillations,0.25,14,2,-12.3,10.68,q2,"(50, 150)",2262,0.009333823736438675,0.5126003630952247,-0.001776944667279817,0.4931946178254415,28057,11943,0.70
oscillations,0.25,14,2,-12.3,10.68,q3,"(150, 50)",2239,0.0007070447118899654,0.49242457228503556,-0.001776944667279817,0.4931946178254415,28057,11943,0.70
oscillations,0.25,14,2,-12.3,10.68,q4,"(150, 150)",6727,-0.002249251937691182,0.4759279940327949,-0.001776944667279817,0.4931946178254415,28057,11943,0.70
oscillations,0.25,15,2,-12.3,10.68,q1,"(50, 50)",726,-0.015675536981454196,0.5401433435921565,0.00041408639033642473,0.48010206240169034,28054,11946,0.70
oscillations,0.25,15,2,-12.3,10.68,q2,"(50, 150)",2320,0.006871449620326158,0.4918899500684125,0.00041408639033642473,0.48010206240169034,28054,11946,0.70
oscillations,0.25,15,2,-12.3,10.68,q3,"(150, 50)",2193,0.007022099454651409,0.48984632941847783,0.00041408639033642473,0.48010206240169034,28054,11946,0.70
oscillations,0.25,15,2,-12.3,10.68,q4,"(150, 150)",6707,-0.002238573334682053,0.46556397038985303,0.00041408639033642473,0.48010206240169034,28054,11946,0.70
oscillations,0.25,16,2,-12.3,10.68,q1,"(50, 50)",720,0.022926365758475706,0.5145281521073434,-0.0009138174483268503,0.482893531179734,28071,11929,0.70
oscillations,0.25,16,2,-12.3,10.68,q2,"(50, 150)",2236,-0.007700078898876068,0.5331685623784386,-0.0009138174483268503,0.482893531179734,28071,11929,0.70
oscillations,0.25,16,2,-12.3,10.68,q3,"(150, 50)",2255,0.002375793682406075,0.4540291819132729,-0.0009138174483268503,0.482893531179734,28071,11929,0.70
oscillations,0.25,16,2,-12.3,10.68,q4,"(150, 150)",6718,-0.002314371840299541,0.47095444149602883,-0.0009138174483268503,0.482893531179734,28071,11929,0.70
oscillations,0.25,17,2,-12.3,10.68,q1,"(50, 50)",748,-0.00026191333412246186,0.6322238142057336,-0.00014267154968285715,0.5046720630791837,28055,11945,0.70
oscillations,0.25,17,2,-12.3,10.68,q2,"(50, 150)",2252,0.000962261538508742,0.5239573902028821,-0.00014267154968285715,0.5046720630791837,28055,11945,0.70
oscillations,0.25,17,2,-12.3,10.68,q3,"(150, 50)",2216,0.0037837187222210045,0.524959512804008,-0.00014267154968285715,0.5046720630791837,28055,11945,0.70
oscillations,0.25,17,2,-12.3,10.68,q4,"(150, 150)",6729,-0.0017922476088871378,0.4743921041783192,-0.00014267154968285715,0.5046720630791837,28055,11945,0.70
oscillations,0.25,18,2,-12.3,10.68,q1,"(50, 50)",745,0.023849719714890104,0.6228147503551072,-0.00027722438344013925,0.5026018911682048,28061,11939,0.70
oscillations,0.25,18,2,-12.3,10.68,q2,"(50, 150)",2257,-0.009375880157994553,0.5048773444534701,-0.00027722438344013925,0.5026018911682048,28061,11939,0.70
oscillations,0.25,18,2,-12.3,10.68,q3,"(150, 50)",2235,-0.00396522336438441,0.4955883616358031,-0.00027722438344013925,0.5026018911682048,28061,11939,0.70
oscillations,0.25,18,2,-12.3,10.68,q4,"(150, 150)",6702,0.0013347974685926438,0.48890967514718814,-0.00027722438344013925,0.5026018911682048,28061,11939,0.70
oscillations,0.25,19,2,-12.3,10.68,q1,"(50, 50)",728,-0.00021108738343907102,0.540170985018615,-0.001762743504787159,0.49613713412874794,28061,11939,0.70
oscillations,0.25,19,2,-12.3,10.68,q2,"(50, 150)",2318,-0.0006006968803280995,0.4910671723478659,-0.001762743504787159,0.49613713412874794,28061,11939,0.70
oscillations,0.25,19,2,-12.3,10.68,q3,"(150, 50)",2186,-0.013575500903284434,0.5058386008026239,-0.001762743504787159,0.49613713412874794,28061,11939,0.70
oscillations,0.25,19,2,-12.3,10.68,q4,"(150, 150)",6707,0.0015173307372402065,0.48959528853839934,-0.001762743504787159,0.49613713412874794,28061,11939,0.70
oscillations,0.25,20,2,-12.3,10.68,q1,"(50, 50)",752,-0.00755377829228624,0.49771373940103963,0.0002616438188307408,0.49446157654922546,28057,11943,0.70
oscillations,0.25,20,2,-12.3,10.68,q2,"(50, 150)",2233,0.0028431636505411723,0.5182105947296163,0.0002616438188307408,0.49446157654922546,28057,11943,0.70
oscillations,0.25,20,2,-12.3,10.68,q3,"(150, 50)",2183,0.0040668115371212355,0.48306418266465345,0.0002616438188307408,0.49446157654922546,28057,11943,0.70
oscillations,0.25,20,2,-12.3,10.68,q4,"(150, 150)",6775,-0.0009478052565460223,0.4896755358085343,0.0002616438188307408,0.49446157654922546,28057,11943,0.70
oscillations,0.25,21,2,-12.3,10.68,q1,"(50, 50)",706,0.02840194456254906,0.5908772177447907,0.0004171761672202723,0.4988429817571514,28060,11940,0.70
oscillations,0.25,21,2,-12.3,10.68,q2,"(50, 150)",2240,-0.009298463854047118,0.5185991794073151,0.0004171761672202723,0.4988429817571514,28060,11940,0.70
oscillations,0.25,21,2,-12.3,10.68,q3,"(150, 50)",2303,0.0019321198988726937,0.491468310028641,0.0004171761672202723,0.4988429817571514,28060,11940,0.70
oscillations,0.25,21,2,-12.3,10.68,q4,"(150, 150)",6691,0.00019551598885250845,0.4836645683558207,0.0004171761672202723,0.4988429817571514,28060,11940,0.70
oscillations,0.25,22,2,-12.3,10.68,q1,"(50, 50)",747,0.011347192259346299,0.5074309989372977,9.792068643221878e-06,0.4882830302238299,28058,11942,0.70
oscillations,0.25,22,2,-12.3,10.68,q2,"(50, 150)",2332,-0.003326116271327423,0.5046648980884013,9.792068643221878e-06,0.4882830302238299,28058,11942,0.70
oscillations,0.25,22,2,-12.3,10.68,q3,"(150, 50)",2218,0.0018510732191473651,0.4605902990384321,9.792068643221878e-06,0.4882830302238299,28058,11942,0.70
oscillations,0.25,22,2,-12.3,10.68,q4,"(150, 150)",6645,-0.0007085918719830917,0.48920274314124335,9.792068643221878e-06,0.4882830302238299,28058,11942,0.70
oscillations,0.25,23,2,-12.3,10.68,q1,"(50, 50)",726,0.03071549766585681,0.5461037501573858,0.000396800451231459,0.5114697414105704,28056,11944,0.70
oscillations,0.25,23,2,-12.3,10.68,q2,"(50, 150)",2267,-0.007894102911322348,0.5260261615061635,0.000396800451231459,0.5114697414105704,28056,11944,0.70
oscillations,0.25,23,2,-12.3,10.68,q3,"(150, 50)",2299,-0.009419088637829401,0.5384603008562918,0.000396800451231459,0.5114697414105704,28056,11944,0.70
oscillations,0.25,23,2,-12.3,10.68,q4,"(150, 150)",6652,0.003305825219848781,0.49244023868993436,0.000396800451231459,0.5114697414105704,28056,11944,0.70
oscillations,0.25,24,2,-12.3,10.68,q1,"(50, 50)",757,0.010230064178002866,0.5415258585078558,0.0007549337606349893,0.49400791125839466,28054,11946,0.70
oscillations,0.25,24,2,-12.3,10.68,q2,"(50, 150)",2268,-0.0031576923471826716,0.5241866603011445,0.0007549337606349893,0.49400791125839466,28054,11946,0.70
oscillations,0.25,24,2,-12.3,10.68,q3,"(150, 50)",2200,0.008172376657160437,0.49328367661994016,0.0007549337606349893,0.49400791125839466,28054,11946,0.70
oscillations,0.25,24,2,-12.3,10.68,q4,"(150, 150)",6721,-0.0014199229698772862,0.47783734408565914,0.0007549337606349893,0.49400791125839466,28054,11946,0.70
oscillations,0.25,25,2,-12.3,10.68,q1,"(50, 50)",768,0.021502638346484044,0.5301576232418673,0.0014562760174449537,0.48365927245409496,28059,11941,0.70
oscillations,0.25,25,2,-12.3,10.68,q2,"(50, 150)",2215,-0.005388376861240136,0.5139284702664842,0.0014562760174449537,0.48365927245409496,28059,11941,0.70
oscillations,0.25,25,2,-12.3,10.68,q3,"(150, 50)",2260,0.006731718012167736,0.4898537963710389,0.0014562760174449537,0.48365927245409496,28059,11941,0.70
oscillations,0.25,25,2,-12.3,10.68,q4,"(150, 150)",6698,-0.00035877310923286516,0.46521641469327185,0.0014562760174449537,0.48365927245409496,28059,11941,0.70
oscillations,0.25,26,2,-12.3,10.68,q1,"(50, 50)",757,-0.00047308171388896886,0.5514783315974364,-0.001531456637473431,0.49375885169908396,28063,11937,0.70
oscillations,0.25,26,2,-12.3,10.68,q2,"(50, 150)",2184,0.00020732347150379825,0.5247896073730268,-0.001531456637473431,0.49375885169908396,28063,11937,0.70
oscillations,0.25,26,2,-12.3,10.68,q3,"(150, 50)",2251,-0.016337516582289126,0.4865292033009107,-0.001531456637473431,0.49375885169908396,28063,11937,0.70
oscillations,0.25,26,2,-12.3,10.68,q4,"(150, 150)",6745,0.0027279585383042453,0.4786080017270946,-0.001531456637473431,0.49375885169908396,28063,11937,0.70
oscillations,0.25,27,2,-12.3,10.68,q1,"(50, 50)",708,0.026268927589778827,0.4942051687926212,0.0011800031914634016,0.47906939151723443,28061,11939,0.70
oscillations,0.25,27,2,-12.3,10.68,q2,"(50, 150)",2345,-0.004654419432782282,0.4897951095194641,0.0011800031914634016,0.47906939151723443,28061,11939,0.70
oscillations,0.25,27,2,-12.3,10.68,q3,"(150, 50)",2217,-0.002561948871283745,0.48650620583293896,0.0011800031914634016,0.47906939151723443,28061,11939,0.70
oscillations,0.25,27,2,-12.3,10.68,q4,"(150, 150)",6669,0.0018119825441338519,0.4709761706854132,0.0011800031914634016,0.47906939151723443,28061,11939,0.70
oscillations,0.25,28,2,-12.3,10.68,q1,"(50, 50)",710,0.012262027479989925,0.5355230456905441,0.0016218378932711995,0.4857355357754393,28066,11934,0.70
oscillations,0.25,28,2,-12.3,10.68,q2,"(50, 150)",2226,-0.0016886055869139186,0.5026291687918523,0.0016218378932711995,0.4857355357754393,28066,11934,0.70
oscillations,0.25,28,2,-12.3,10.68,q3,"(150, 50)",2269,0.01603023797799966,0.49011272494815206,0.0016218378932711995,0.4857355357754393,28066,11934,0.70
oscillations,0.25,28,2,-12.3,10.68,q4,"(150, 150)",6729,-0.003264199736677841,0.4727587116190194,0.0016218378932711995,0.4857355357754393,28066,11934,0.70
oscillations,0.25,29,2,-12.3,10.68,q1,"(50, 50)",729,0.014349730178168646,0.5400212746076167,0.0004624165465206865,0.4843987539698197,28065,11935,0.70
oscillations,0.25,29,2,-12.3,10.68,q2,"(50, 150)",2223,-0.0053950596488869145,0.5097421190801097,0.0004624165465206865,0.4843987539698197,28065,11935,0.70
oscillations,0.25,29,2,-12.3,10.68,q3,"(150, 50)",2296,0.00012798265633555148,0.4554514961444026,0.0004624165465206865,0.4843987539698197,28065,11935,0.70
oscillations,0.25,29,2,-12.3,10.68,q4,"(150, 150)",6687,0.0010105215497784726,0.47891865367279474,0.0004624165465206865,0.4843987539698197,28065,11935,0.70
oscillations,0.25,30,2,-12.3,10.68,q1,"(50, 50)",722,0.021104853623721595,0.5832627418520674,-0.0010356283241114898,0.4980994164880448,28064,11936,0.70
oscillations,0.25,30,2,-12.3,10.68,q2,"(50, 150)",2264,-0.005402401242580441,0.5456900726344928,-0.0010356283241114898,0.4980994164880448,28064,11936,0.70
oscillations,0.25,30,2,-12.3,10.68,q3,"(150, 50)",2236,-0.006748049525750055,0.5134353873001829,-0.0010356283241114898,0.4980994164880448,28064,11936,0.70
oscillations,0.25,30,2,-12.3,10.68,q4,"(150, 150)",6714,-4.159798036081187e-05,0.4649858342978533,-0.0010356283241114898,0.4980994164880448,28064,11936,0.70
oscillations,0.25,31,2,-12.3,10.68,q1,"(50, 50)",733,0.021951476941363575,0.5971041911714023,0.0009161815970386292,0.5052009904932914,28063,11937,0.70
oscillations,0.25,31,2,-12.3,10.68,q2,"(50, 150)",2177,-0.0059839633023738015,0.5447562054443649,0.0009161815970386292,0.5052009904932914,28063,11937,0.70
oscillations,0.25,31,2,-12.3,10.68,q3,"(150, 50)",2310,0.012748996864587695,0.4972079523483607,0.0009161815970386292,0.5052009904932914,28063,11937,0.70
oscillations,0.25,31,2,-12.3,10.68,q4,"(150, 150)",6717,-0.003212307208887774,0.4830518691020966,0.0009161815970386292,0.5052009904932914,28063,11937,0.70
oscillations,0.25,32,2,-12.3,10.68,q1,"(50, 50)",738,-0.0014608261767355888,0.5384201537681756,-0.0004908325902126211,0.4918945531460921,28062,11938,0.70
oscillations,0.25,32,2,-12.3,10.68,q2,"(50, 150)",2198,-0.0014993298568288494,0.5303002452531093,-0.0004908325902126211,0.4918945531460921,28062,11938,0.70
oscillations,0.25,32,2,-12.3,10.68,q3,"(150, 50)",2255,-0.005080477423849755,0.4958162466744865,-0.0004908325902126211,0.4918945531460921,28062,11938,0.70
oscillations,0.25,32,2,-12.3,10.68,q4,"(150, 150)",6747,0.0014777729172318933,0.4718280109954567,-0.0004908325902126211,0.4918945531460921,28062,11938,0.70
oscillations,0.25,33,2,-12.3,10.68,q1,"(50, 50)",760,-0.013482887691691387,0.5755645360814121,0.00031652836310448116,0.5006399792794305,28060,11940,0.70
oscillations,0.25,33,2,-12.3,10.68,q2,"(50, 150)",2228,0.002405515529098624,0.5194816899208614,0.00031652836310448116,0.5006399792794305,28060,11940,0.70
oscillations,0.25,33,2,-12.3,10.68,q3,"(150, 50)",2259,0.0022363572813781842,0.5053109626214083,0.00031652836310448116,0.5006399792794305,28060,11940,0.70
oscillations,0.25,33,2,-12.3,10.68,q4,"(150, 150)",6693,0.0005401051253082218,0.48319317629402764,0.00031652836310448116,0.5006399792794305,28060,11940,0.70
oscillations,0.25,34,2,-12.3,10.68,q1,"(50, 50)",748,-0.006682066212398344,0.48930305069855673,0.0010789224983736919,0.4905653832752292,28057,11943,0.70
oscillations,0.25,34,2,-12.3,10.68,q2,"(50, 150)",2252,0.0015822693753772324,0.5243295372335816,0.0010789224983736919,0.4905653832752292,28057,11943,0.70
oscillations,0.25,34,2,-12.3,10.68,q3,"(150, 50)",2240,0.020602724779048242,0.47637775792333575,0.0010789224983736919,0.4905653832752292,28057,11943,0.70
oscillations,0.25,34,2,-12.3,10.68,q4,"(150, 150)",6703,-0.004748562914137943,0.4834212231668326,0.0010789224983736919,0.4905653832752292,28057,11943,0.70
oscillations,0.25,35,2,-12.3,10.68,q1,"(50, 50)",787,0.0011130941985625581,0.557110834317296,-0.0006895812923019351,0.49188097419582216,28057,11943,0.70
oscillations,0.25,35,2,-12.3,10.68,q2,"(50, 150)",2176,-0.004518771129930039,0.5248535851863667,-0.0006895812923019351,0.49188097419582216,28057,11943,0.70
oscillations,0.25,35,2,-12.3,10.68,q3,"(150, 50)",2236,-0.005633435498265453,0.46213769352608614,-0.0006895812923019351,0.49188097419582216,28057,11943,0.70
oscillations,0.25,35,2,-12.3,10.68,q4,"(150, 150)",6744,0.0019747231976006193,0.4822164840568923,-0.0006895812923019351,0.49188097419582216,28057,11943,0.70
oscillations,0.25,36,2,-12.3,10.68,q1,"(50, 50)",772,0.0094731078954906,0.5276792438822357,-0.0002183786507461593,0.48656196058449136,28064,11936,0.70
oscillations,0.25,36,2,-12.3,10.68,q2,"(50, 150)",2226,-0.0037711833399095853,0.5182848289005588,-0.0002183786507461593,0.48656196058449136,28064,11936,0.70
oscillations,0.25,36,2,-12.3,10.68,q3,"(150, 50)",2307,0.0010990858544785518,0.4780873878679396,-0.0002183786507461593,0.48656196058449136,28064,11936,0.70
oscillations,0.25,36,2,-12.3,10.68,q4,"(150, 150)",6631,-0.000612387848328786,0.4733019796264331,-0.0002183786507461593,0.48656196058449136,28064,11936,0.70
oscillations,0.25,37,2,-12.3,10.68,q1,"(50, 50)",713,0.01576890201328756,0.5820143227693247,-0.0005236071731144916,0.4937145465890392,28067,11933,0.70
oscillations,0.25,37,2,-12.3,10.68,q2,"(50, 150)",2213,-0.005460248221151194,0.5601682614929332,-0.0005236071731144916,0.4937145465890392,28067,11933,0.70
oscillations,0.25,37,2,-12.3,10.68,q3,"(150, 50)",2236,0.0008089210290438862,0.4604045480372712,-0.0005236071731144916,0.4937145465890392,28067,11933,0.70
oscillations,0.25,37,2,-12.3,10.68,q4,"(150, 150)",6771,-0.001065817403601213,0.4704472347561986,-0.0005236071731144916,0.4937145465890392,28067,11933,0.70
oscillations,0.25,38,2,-12.3,10.68,q1,"(50, 50)",753,0.008727058061350516,0.5804043547893706,0.0004224196622643079,0.49897299433389636,28077,11923,0.70
oscillations,0.25,38,2,-12.3,10.68,q2,"(50, 150)",2274,-0.00027716475745433926,0.5361881076645666,0.0004224196622643079,0.49897299433389636,28077,11923,0.70
oscillations,0.25,38,2,-12.3,10.68,q3,"(150, 50)",2261,0.004501956356888255,0.49713916376431017,0.0004224196622643079,0.49897299433389636,28077,11923,0.70
oscillations,0.25,38,2,-12.3,10.68,q4,"(150, 150)",6635,-0.0016704771290870794,0.47581531778882297,0.0004224196622643079,0.49897299433389636,28077,11923,0.70
oscillations,0.25,39,2,-12.3,10.68,q1,"(50, 50)",743,-0.0047615031733266484,0.5935946018025716,-0.0001650150095350897,0.4941740560665311,28054,11946,0.70
oscillations,0.25,39,2,-12.3,10.68,q2,"(50, 150)",2193,-0.0005525049275677137,0.5337092199868612,-0.0001650150095350897,0.4941740560665311,28054,11946,0.70
oscillations,0.25,39,2,-12.3,10.68,q3,"(150, 50)",2235,0.01321618814763606,0.4973275979676899,-0.0001650150095350897,0.4941740560665311,28054,11946,0.70
oscillations,0.25,39,2,-12.3,10.68,q4,"(150, 150)",6775,-0.00394981692249964,0.46699741954445223,-0.0001650150095350897,0.4941740560665311,28054,11946,0.70
oscillations,0.25,40,2,-12.3,10.68,q1,"(50, 50)",743,-0.009761298213152183,0.5645189069036726,-0.0001324599086338885,0.49588049826342046,28075,11925,0.70
oscillations,0.25,40,2,-12.3,10.68,q2,"(50, 150)",2262,0.005525863914493588,0.5026816125264632,-0.0001324599086338885,0.49588049826342046,28075,11925,0.70
oscillations,0.25,40,2,-12.3,10.68,q3,"(150, 50)",2205,-0.007421679136935531,0.5348786713248842,-0.0001324599086338885,0.49588049826342046,28075,11925,0.70
oscillations,0.25,40,2,-12.3,10.68,q4,"(150, 150)",6715,0.0014204554704797191,0.47150371016692844,-0.0001324599086338885,0.49588049826342046,28075,11925,0.70
oscillations,0.25,41,2,-12.3,10.68,q1,"(50, 50)",733,0.02224677120818372,0.5780795866893254,-0.00034965674213780656,0.4810318264402526,28051,11949,0.70
oscillations,0.25,41,2,-12.3,10.68,q2,"(50, 150)",2262,-0.004679978539832003,0.48594348290310846,-0.00034965674213780656,0.4810318264402526,28051,11949,0.70
oscillations,0.25,41,2,-12.3,10.68,q3,"(150, 50)",2294,0.0022041083690432246,0.47527222658310136,-0.00034965674213780656,0.4810318264402526,28051,11949,0.70
oscillations,0.25,41,2,-12.3,10.68,q4,"(150, 150)",6660,-0.0022455022295628335,0.4693557602768026,-0.00034965674213780656,0.4810318264402526,28051,11949,0.70
oscillations,0.25,42,2,-12.3,10.68,q1,"(50, 50)",730,0.011005467277963884,0.5685993583791233,0.0006246465035373606,0.48523215368947303,28067,11933,0.70
oscillations,0.25,42,2,-12.3,10.68,q2,"(50, 150)",2291,-0.0016930423942541014,0.5014069211168048,0.0006246465035373606,0.48523215368947303,28067,11933,0.70
oscillations,0.25,42,2,-12.3,10.68,q3,"(150, 50)",2177,0.015328886712042512,0.48840265113784015,0.0006246465035373606,0.48523215368947303,28067,11933,0.70
oscillations,0.25,42,2,-12.3,10.68,q4,"(150, 150)",6735,-0.004465079529782139,0.4683930768473408,0.0006246465035373606,0.48523215368947303,28067,11933,0.70
oscillations,0.25,43,2,-12.3,10.68,q1,"(50, 50)",734,-0.017393786356844257,0.6042665841587355,0.00018134076883671518,0.4989020736525972,28060,11940,0.70
oscillations,0.25,43,2,-12.3,10.68,q2,"(50, 150)",2314,0.0030751021019961,0.5002682162353517,0.00018134076883671518,0.4989020736525972,28060,11940,0.70
oscillations,0.25,43,2,-12.3,10.68,q3,"(150, 50)",2206,0.007156617652548079,0.5151930609364526,0.00018134076883671518,0.4989020736525972,28060,11940,0.70
oscillations,0.25,43,2,-12.3,10.68,q4,"(150, 150)",6686,-0.0011921981513170745,0.4797549321474711,0.00018134076883671518,0.4989020736525972,28060,11940,0.70
oscillations,0.25,44,2,-12.3,10.68,q1,"(50, 50)",708,0.03526960443792423,0.5801098313668701,0.0016394263054429832,0.4945944784709406,28061,11939,0.70
oscillations,0.25,44,2,-12.3,10.68,q2,"(50, 150)",2238,-0.007093997406304139,0.5243292146233912,0.0016394263054429832,0.4945944784709406,28061,11939,0.70
oscillations,0.25,44,2,-12.3,10.68,q3,"(150, 50)",2137,0.0029560521789740537,0.5071252816166913,0.0016394263054429832,0.4945944784709406,28061,11939,0.70
oscillations,0.25,44,2,-12.3,10.68,q4,"(150, 150)",6856,0.0006069885366794811,0.4703054833935693,0.0016394263054429832,0.4945944784709406,28061,11939,0.70
oscillations,0.25,45,2,-12.3,10.68,q1,"(50, 50)",726,0.04461948234995701,0.5038184490744243,0.0009134425999135432,0.48076941887112196,28063,11937,0.70
oscillations,0.25,45,2,-12.3,10.68,q2,"(50, 150)",2248,-0.011513836403829638,0.5149933443955952,0.0009134425999135432,0.48076941887112196,28063,11937,0.70
oscillations,0.25,45,2,-12.3,10.68,q3,"(150, 50)",2224,0.003185205930512305,0.4555170750572813,0.0009134425999135432,0.48076941887112196,28063,11937,0.70
oscillations,0.25,45,2,-12.3,10.68,q4,"(150, 150)",6739,-0.000399283814297547,0.4742029047307406,0.0009134425999135432,0.48076941887112196,28063,11937,0.70
oscillations,0.25,46,2,-12.3,10.68,q1,"(50, 50)",749,0.012202418194941299,0.6137061129470295,0.0006708292957895723,0.5049599990885318,28074,11926,0.70
oscillations,0.25,46,2,-12.3,10.68,q2,"(50, 150)",2265,-0.003593521922318335,0.5197866948900516,0.0006708292957895723,0.5049599990885318,28074,11926,0.70
oscillations,0.25,46,2,-12.3,10.68,q3,"(150, 50)",2225,0.02110427257355382,0.5256022294724728,0.0006708292957895723,0.5049599990885318,28074,11926,0.70
oscillations,0.25,46,2,-12.3,10.68,q4,"(150, 150)",6687,-0.005975322322196923,0.4784662199477272,0.0006708292957895723,0.5049599990885318,28074,11926,0.70
oscillations,0.25,47,2,-12.3,10.68,q1,"(50, 50)",742,-0.007199631206246246,0.564279320791078,-0.0009383282218927984,0.4862844632621477,28054,11946,0.70
oscillations,0.25,47,2,-12.3,10.68,q2,"(50, 150)",2296,0.0001631347839355811,0.4944804120741489,-0.0009383282218927984,0.4862844632621477,28054,11946,0.70
oscillations,0.25,47,2,-12.3,10.68,q3,"(150, 50)",2229,0.0019245079445203376,0.4723723642118779,-0.0009383282218927984,0.4862844632621477,28054,11946,0.70
oscillations,0.25,47,2,-12.3,10.68,q4,"(150, 150)",6679,-0.001576797163639554,0.4785910895970409,-0.0009383282218927984,0.4862844632621477,28054,11946,0.70
oscillations,0.25,48,2,-12.3,10.68,q1,"(50, 50)",741,0.0008640739999346124,0.5460964112461151,-0.0008233181464431063,0.47991420398812523,28048,11952,0.70
oscillations,0.25,48,2,-12.3,10.68,q2,"(50, 150)",2232,0.0012068653791790461,0.5085127382293096,-0.0008233181464431063,0.47991420398812523,28048,11952,0.70
oscillations,0.25,48,2,-12.3,10.68,q3,"(150, 50)",2241,-0.013842416581209367,0.48295496238382024,-0.0008233181464431063,0.47991420398812523,28048,11952,0.70
oscillations,0.25,48,2,-12.3,10.68,q4,"(150, 150)",6738,0.0026486427295819284,0.46091472583328214,-0.0008233181464431063,0.47991420398812523,28048,11952,0.70
oscillations,0.25,49,2,-12.3,10.68,q1,"(50, 50)",749,0.04044840187701705,0.5530450778891671,0.0014477950270195604,0.5072634601172762,28058,11942,0.70
oscillations,0.25,49,2,-12.3,10.68,q2,"(50, 150)",2224,-0.008862267356010986,0.5393513416785939,0.0014477950270195604,0.5072634601172762,28058,11942,0.70
oscillations,0.25,49,2,-12.3,10.68,q3,"(150, 50)",2269,0.014021107113835715,0.5034128292986965,0.0014477950270195604,0.5072634601172762,28058,11942,0.70
oscillations,0.25,49,2,-12.3,10.68,q4,"(150, 150)",6700,-0.0037478349604094046,0.49170512135808414,0.0014477950270195604,0.5072634601172762,28058,11942,0.70
oscillations,0.25,0,3,-17.0,8.65,q1,"(50, 50)",713,0.018296202501145168,0.6334483169307887,0.0015679672377654531,0.5412936780449615,28047,11953,0.70
oscillations,0.25,0,3,-17.0,8.65,q2,"(50, 150)",2262,-0.0042716183412606235,0.5950442168606176,0.0015679672377654531,0.5412936780449615,28047,11953,0.70
oscillations,0.25,0,3,-17.0,8.65,q3,"(150, 50)",2231,0.016065373566518087,0.5413664497858539,0.0015679672377654531,0.5412936780449615,28047,11953,0.70
oscillations,0.25,0,3,-17.0,8.65,q4,"(150, 150)",6747,-0.0030358274387544642,0.5108067059313356,0.0015679672377654531,0.5412936780449615,28047,11953,0.70
oscillations,0.25,1,3,-17.0,8.65,q1,"(50, 50)",734,0.0023331390831673026,0.6373676936225883,0.0007265058498147742,0.540900550199926,28065,11935,0.70
oscillations,0.25,1,3,-17.0,8.65,q2,"(50, 150)",2238,1.713824216400928e-05,0.5473884812909017,0.0007265058498147742,0.540900550199926,28065,11935,0.70
oscillations,0.25,1,3,-17.0,8.65,q3,"(150, 50)",2291,0.01749516562144989,0.5504211868999513,0.0007265058498147742,0.540900550199926,28065,11935,0.70
oscillations,0.25,1,3,-17.0,8.65,q4,"(150, 150)",6672,-0.004970242295295297,0.5234533709403829,0.0007265058498147742,0.540900550199926,28065,11935,0.70
oscillations,0.25,2,3,-17.0,8.65,q1,"(50, 50)",742,0.004832260603937487,0.6224796210814088,-0.0003798472471074521,0.5330447680250623,28054,11946,0.70
oscillations,0.25,2,3,-17.0,8.65,q2,"(50, 150)",2328,-0.002589664501072385,0.5320555735559162,-0.0003798472471074521,0.5330447680250623,28054,11946,0.70
oscillations,0.25,2,3,-17.0,8.65,q3,"(150, 50)",2186,0.002264133277264264,0.543191131606137,-0.0003798472471074521,0.5330447680250623,28054,11946,0.70
oscillations,0.25,2,3,-17.0,8.65,q4,"(150, 150)",6690,-0.0010528922223722544,0.5191008366642778,-0.0003798472471074521,0.5330447680250623,28054,11946,0.70
oscillations,0.25,3,3,-17.0,8.65,q1,"(50, 50)",701,0.03422846707005655,0.600143899403784,0.002072988021387798,0.5304043313566875,28069,11931,0.70
oscillations,0.25,3,3,-17.0,8.65,q2,"(50, 150)",2288,-0.00780678189879363,0.5422854636857725,0.002072988021387798,0.5304043313566875,28069,11931,0.70
oscillations,0.25,3,3,-17.0,8.65,q3,"(150, 50)",2207,0.009869860974491466,0.5263054486703417,0.002072988021387798,0.5304043313566875,28069,11931,0.70
oscillations,0.25,3,3,-17.0,8.65,q4,"(150, 150)",6735,-0.00047248723373343387,0.5196585047440376,0.002072988021387798,0.5304043313566875,28069,11931,0.70
oscillations,0.25,4,3,-17.0,8.65,q1,"(50, 50)",733,-0.008988677054339833,0.6181785548651566,-0.0002596419250602299,0.5442308544871427,28070,11930,0.70
oscillations,0.25,4,3,-17.0,8.65,q2,"(50, 150)",2323,0.0037156989905081012,0.5677267302879777,-0.0002596419250602299,0.5442308544871427,28070,11930,0.70
oscillations,0.25,4,3,-17.0,8.65,q3,"(150, 50)",2269,-0.004632981713499995,0.565498864057303,-0.0002596419250602299,0.5442308544871427,28070,11930,0.70
oscillations,0.25,4,3,-17.0,8.65,q4,"(150, 150)",6605,0.0008132988444880727,0.5189697728458694,-0.0002596419250602299,0.5442308544871427,28070,11930,0.70
oscillations,0.25,5,3,-17.0,8.65,q1,"(50, 50)",728,0.019059358259902112,0.6582630287548821,-0.0005152737082756759,0.549361964543858,28060,11940,0.70
oscillations,0.25,5,3,-17.0,8.65,q2,"(50, 150)",2203,-0.006955914479735517,0.5775002928263245,-0.0005152737082756759,0.549361964543858,28060,11940,0.70
oscillations,0.25,5,3,-17.0,8.65,q3,"(150, 50)",2339,0.014607032140544748,0.5901522554497843,-0.0005152737082756759,0.549361964543858,28060,11940,0.70
oscillations,0.25,5,3,-17.0,8.65,q4,"(150, 150)",6670,-0.005827518660854139,0.510400146035779,-0.0005152737082756759,0.549361964543858,28060,11940,0.70
oscillations,0.25,6,3,-17.0,8.65,q1,"(50, 50)",738,0.015501942847510854,0.6618406747458507,-0.0012149494507113663,0.5308982485736307,28060,11940,0.70
oscillations,0.25,6,3,-17.0,8.65,q2,"(50, 150)",2230,-0.007548978724986549,0.5271771600549617,-0.0012149494507113663,0.5308982485736307,28060,11940,0.70
oscillations,0.25,6,3,-17.0,8.65,q3,"(150, 50)",2275,-0.005201316090027028,0.5439807449651338,-0.0012149494507113663,0.5308982485736307,28060,11940,0.70
oscillations,0.25,6,3,-17.0,8.65,q4,"(150, 150)",6697,0.0004061947735664884,0.5110029424298337,-0.0012149494507113663,0.5308982485736307,28060,11940,0.70
oscillations,0.25,7,3,-17.0,8.65,q1,"(50, 50)",743,0.023992764963119174,0.6260196720594196,-0.00022682495087517158,0.524586637092208,28060,11940,0.70
oscillations,0.25,7,3,-17.0,8.65,q2,"(50, 150)",2249,-0.004838285631676138,0.5197707068814864,-0.00022682495087517158,0.524586637092208,28060,11940,0.70
oscillations,0.25,7,3,-17.0,8.65,q3,"(150, 50)",2233,0.0025117913793381162,0.5304186288474265,-0.00022682495087517158,0.524586637092208,28060,11940,0.70
oscillations,0.25,7,3,-17.0,8.65,q4,"(150, 150)",6715,-0.002272887571923973,0.5117003516042042,-0.00022682495087517158,0.524586637092208,28060,11940,0.70
oscillations,0.25,8,3,-17.0,8.65,q1,"(50, 50)",756,0.0072904037153148585,0.6212292892693003,1.3555477224151201e-05,0.5196755419237725,28068,11932,0.70
oscillations,0.25,8,3,-17.0,8.65,q2,"(50, 150)",2198,-0.0005930931167209589,0.5462647301258721,1.3555477224151201e-05,0.5196755419237725,28068,11932,0.70
oscillations,0.25,8,3,-17.0,8.65,q3,"(150, 50)",2304,0.0010811305999989579,0.5487508883892105,1.3555477224151201e-05,0.5196755419237725,28068,11932,0.70
oscillations,0.25,8,3,-17.0,8.65,q4,"(150, 150)",6674,-0.0009794886854037166,0.4866952354570246,1.3555477224151201e-05,0.5196755419237725,28068,11932,0.70
oscillations,0.25,9,3,-17.0,8.65,q1,"(50, 50)",749,0.01742343290711991,0.6900327793474084,-0.0004302035598185837,0.539742998506163,28046,11954,0.70
oscillations,0.25,9,3,-17.0,8.65,q2,"(50, 150)",2232,-0.005234758989691933,0.5533888636160359,-0.0004302035598185837,0.539742998506163,28046,11954,0.70
oscillations,0.25,9,3,-17.0,8.65,q3,"(150, 50)",2293,0.0020644697754647235,0.5475508644777333,-0.0004302035598185837,0.539742998506163,28046,11954,0.70
oscillations,0.25,9,3,-17.0,8.65,q4,"(150, 150)",6680,-0.0016830316963551471,0.512497501346162,-0.0004302035598185837,0.539742998506163,28046,11954,0.70
oscillations,0.25,10,3,-17.0,8.65,q1,"(50, 50)",724,0.018230744780319233,0.5853887354645548,-0.000315004414612707,0.5342890840548683,28053,11947,0.70
oscillations,0.25,10,3,-17.0,8.65,q2,"(50, 150)",2278,-0.003554917956920733,0.5509725302487749,-0.000315004414612707,0.5342890840548683,28053,11947,0.70
oscillations,0.25,10,3,-17.0,8.65,q3,"(150, 50)",2228,-0.013950174941682693,0.5484330755119288,-0.000315004414612707,0.5342890840548683,28053,11947,0.70
oscillations,0.25,10,3,-17.0,8.65,q4,"(150, 150)",6717,0.0033075295390211893,0.5176508269601653,-0.000315004414612707,0.5342890840548683,28053,11947,0.70
oscillations,0.25,11,3,-17.0,8.65,q1,"(50, 50)",727,0.011240864375864594,0.601922258534287,-0.0011170506162996217,0.540769067777222,28070,11930,0.70
oscillations,0.25,11,3,-17.0,8.65,q2,"(50, 150)",2227,-0.004599085360876217,0.5837490071897706,-0.0011170506162996217,0.540769067777222,28070,11930,0.70
oscillations,0.25,11,3,-17.0,8.65,q3,"(150, 50)",2307,-0.004307477964180223,0.5392213981504858,-0.0011170506162996217,0.540769067777222,28070,11930,0.70
oscillations,0.25,11,3,-17.0,8.65,q4,"(150, 150)",6669,-0.00019778190008590624,0.5188709919066756,-0.0011170506162996217,0.540769067777222,28070,11930,0.70
oscillations,0.25,12,3,-17.0,8.65,q1,"(50, 50)",763,-0.0006741790987029973,0.6291737577005678,-0.0011216578681547006,0.5343757052480627,28059,11941,0.70
oscillations,0.25,12,3,-17.0,8.65,q2,"(50, 150)",2298,1.9845520816216872e-05,0.5284702434981494,-0.0011216578681547006,0.5343757052480627,28059,11941,0.70
oscillations,0.25,12,3,-17.0,8.65,q3,"(150, 50)",2186,0.0020920787814938725,0.5536659988121898,-0.0011216578681547006,0.5343757052480627,28059,11941,0.70
oscillations,0.25,12,3,-17.0,8.65,q4,"(150, 150)",6694,-0.0026140136203325662,0.5179569635383731,-0.0011216578681547006,0.5343757052480627,28059,11941,0.70
oscillations,0.25,13,3,-17.0,8.65,q1,"(50, 50)",734,0.030494432139453086,0.6701452212543004,0.0003778621741906105,0.5492605125105003,28062,11938,0.70
oscillations,0.25,13,3,-17.0,8.65,q2,"(50, 150)",2254,-0.007421779434009822,0.5511675241356232,0.0003778621741906105,0.5492605125105003,28062,11938,0.70
oscillations,0.25,13,3,-17.0,8.65,q3,"(150, 50)",2213,0.018700027218309587,0.5555213296393691,0.0003778621741906105,0.5492605125105003,28062,11938,0.70
oscillations,0.25,13,3,-17.0,8.65,q4,"(150, 150)",6737,-0.00631237404552947,0.5313930700074116,0.0003778621741906105,0.5492605125105003,28062,11938,0.70
oscillations,0.25,14,3,-17.0,8.65,q1,"(50, 50)",768,0.026598596862624602,0.6193797966139141,-0.0002590140706299564,0.5361610556733436,28059,11941,0.70
oscillations,0.25,14,3,-17.0,8.65,q2,"(50, 150)",2261,-0.010553378525851347,0.5411785761643064,-0.0002590140706299564,0.5361610556733436,28059,11941,0.70
oscillations,0.25,14,3,-17.0,8.65,q3,"(150, 50)",2245,0.009670982143366093,0.5774577649629139,-0.0002590140706299564,0.5361610556733436,28059,11941,0.70
oscillations,0.25,14,3,-17.0,8.65,q4,"(150, 150)",6667,-0.0032054560481168397,0.5088331905953672,-0.0002590140706299564,0.5361610556733436,28059,11941,0.70
oscillations,0.25,15,3,-17.0,8.65,q1,"(50, 50)",737,0.010334843626791322,0.6474475544308506,-0.00031619680097613354,0.5494963554302473,28064,11936,0.70
oscillations,0.25,15,3,-17.0,8.65,q2,"(50, 150)",2229,-0.0017470218492957503,0.5653897868826081,-0.00031619680097613354,0.5494963554302473,28064,11936,0.70
oscillations,0.25,15,3,-17.0,8.65,q3,"(150, 50)",2266,-0.016202916652811896,0.5453222922147568,-0.00031619680097613354,0.5494963554302473,28064,11936,0.70
oscillations,0.25,15,3,-17.0,8.65,q4,"(150, 150)",6704,0.004358445117535148,0.5334699219710362,-0.00031619680097613354,0.5494963554302473,28064,11936,0.70
oscillations,0.25,16,3,-17.0,8.65,q1,"(50, 50)",709,0.0008092141264202487,0.631986532037429,0.0004026970346685056,0.5385161002025811,28068,11932,0.70
oscillations,0.25,16,3,-17.0,8.65,q2,"(50, 150)",2234,-0.003498300046236473,0.5773892125153973,0.0004026970346685056,0.5385161002025811,28068,11932,0.70
oscillations,0.25,16,3,-17.0,8.65,q3,"(150, 50)",2282,-0.0012239147389845224,0.5406820792695712,0.0004026970346685056,0.5385161002025811,28068,11932,0.70
oscillations,0.25,16,3,-17.0,8.65,q4,"(150, 150)",6707,0.0022125277977765923,0.513011414011732,0.0004026970346685056,0.5385161002025811,28068,11932,0.70
oscillations,0.25,17,3,-17.0,8.65,q1,"(50, 50)",744,0.04248750303776686,0.6280586978509665,0.00019439006994009797,0.5475825834598174,28052,11948,0.70
oscillations,0.25,17,3,-17.0,8.65,q2,"(50, 150)",2284,-0.010647359497191377,0.589312793320622,0.00019439006994009797,0.5475825834598174,28052,11948,0.70
oscillations,0.25,17,3,-17.0,8.65,q3,"(150, 50)",2207,0.007432005254159781,0.5231889327276135,0.00019439006994009797,0.5475825834598174,28052,11948,0.70
oscillations,0.25,17,3,-17.0,8.65,q4,"(150, 150)",6713,-0.0031836729046327713,0.5306031547477782,0.00019439006994009797,0.5475825834598174,28052,11948,0.70
oscillations,0.25,18,3,-17.0,8.65,q1,"(50, 50)",732,-0.024512197892001916,0.5756537016122591,-0.0014507327451454715,0.5338697419703141,28057,11943,0.70
oscillations,0.25,18,3,-17.0,8.65,q2,"(50, 150)",2296,0.005849691974491621,0.5560411220795983,-0.0014507327451454715,0.5338697419703141,28057,11943,0.70
oscillations,0.25,18,3,-17.0,8.65,q3,"(150, 50)",2202,-0.006282017426843004,0.5602003183098059,-0.0014507327451454715,0.5338697419703141,28057,11943,0.70
oscillations,0.25,18,3,-17.0,8.65,q4,"(150, 150)",6713,0.00015178568183354298,0.5120164680177185,-0.0014507327451454715,0.5338697419703141,28057,11943,0.70
oscillations,0.25,19,3,-17.0,8.65,q1,"(50, 50)",761,-0.0009357540712333713,0.640211497333512,0.0003429908593023,0.537897926072208,28071,11929,0.70
oscillations,0.25,19,3,-17.0,8.65,q2,"(50, 150)",2256,0.0006305254729722221,0.5244830102771088,0.0003429908593023,0.537897926072208,28071,11929,0.70
oscillations,0.25,19,3,-17.0,8.65,q3,"(150, 50)",2300,-0.0010887959307243208,0.6039318884828206,0.0003429908593023,0.537897926072208,28071,11929,0.70
oscillations,0.25,19,3,-17.0,8.65,q4,"(150, 150)",6612,0.0008901107051521967,0.5040780635734619,0.0003429908593023,0.537897926072208,28071,11929,0.70
oscillations,0.25,20,3,-17.0,8.65,q1,"(50, 50)",765,0.02121814846186579,0.6127938551543748,0.0005193981336134268,0.5312382377249693,28057,11943,0.70
oscillations,0.25,20,3,-17.0,8.65,q2,"(50, 150)",2220,-0.006419899600015218,0.536108415628339,0.0005193981336134268,0.5312382377249693,28057,11943,0.70
oscillations,0.25,20,3,-17.0,8.65,q3,"(150, 50)",2229,0.021163405279380963,0.5357249945743358,0.0005193981336134268,0.5312382377249693,28057,11943,0.70
oscillations,0.25,20,3,-17.0,8.65,q4,"(150, 150)",6729,-0.006382785691676111,0.5177380362819373,0.0005193981336134268,0.5312382377249693,28057,11943,0.70
oscillations,0.25,21,3,-17.0,8.65,q1,"(50, 50)",717,0.030311374626492863,0.5938389623866135,0.0009606322263239561,0.5387951799094447,28061,11939,0.70
oscillations,0.25,21,3,-17.0,8.65,q2,"(50, 150)",2257,-0.007787104653673747,0.5770175966392246,0.0009606322263239561,0.5387951799094447,28061,11939,0.70
oscillations,0.25,21,3,-17.0,8.65,q3,"(150, 50)",2269,0.0025429515908024936,0.5373100016777188,0.0009606322263239561,0.5387951799094447,28061,11939,0.70
oscillations,0.25,21,3,-17.0,8.65,q4,"(150, 150)",6696,0.00023017780565966642,0.5192985961064466,0.0009606322263239561,0.5387951799094447,28061,11939,0.70
oscillations,0.25,22,3,-17.0,8.65,q1,"(50, 50)",732,-0.04950566572559742,0.6045677535600453,0.0007154219119093322,0.5352725117341247,28053,11947,0.70
oscillations,0.25,22,3,-17.0,8.65,q2,"(50, 150)",2265,0.017488641104006795,0.552512827398376,0.0007154219119093322,0.5352725117341247,28053,11947,0.70
oscillations,0.25,22,3,-17.0,8.65,q3,"(150, 50)",2244,-0.007881994017813289,0.5597977066059807,0.0007154219119093322,0.5352725117341247,28053,11947,0.70
oscillations,0.25,22,3,-17.0,8.65,q4,"(150, 150)",6706,0.003408994239206042,0.5120267574601896,0.0007154219119093322,0.5352725117341247,28053,11947,0.70
oscillations,0.25,23,3,-17.0,8.65,q1,"(50, 50)",724,0.012215286732297357,0.6369215915355175,-0.0005577593001274154,0.5333381710268439,28061,11939,0.70
oscillations,0.25,23,3,-17.0,8.65,q2,"(50, 150)",2187,-0.004744508203688112,0.5764060423523533,-0.0005577593001274154,0.5333381710268439,28061,11939,0.70
oscillations,0.25,23,3,-17.0,8.65,q3,"(150, 50)",2299,-0.004838106377890971,0.5234952981334661,-0.0005577593001274154,0.5333381710268439,28061,11939,0.70
oscillations,0.25,23,3,-17.0,8.65,q4,"(150, 150)",6729,0.000891081903081107,0.509309151639692,-0.0005577593001274154,0.5333381710268439,28061,11939,0.70
oscillations,0.25,24,3,-17.0,8.65,q1,"(50, 50)",736,0.009357003840582755,0.5999431366028257,-0.0006005672588143952,0.5346048246212834,28058,11942,0.70
oscillations,0.25,24,3,-17.0,8.65,q2,"(50, 150)",2243,-0.0029423844034281005,0.549172219238975,-0.0006005672588143952,0.5346048246212834,28058,11942,0.70
oscillations,0.25,24,3,-17.0,8.65,q3,"(150, 50)",2230,0.009725917502560948,0.5630654071572324,-0.0006005672588143952,0.5346048246212834,28058,11942,0.70
oscillations,0.25,24,3,-17.0,8.65,q4,"(150, 150)",6733,-0.004329089090338946,0.5118893952939316,-0.0006005672588143952,0.5346048246212834,28058,11942,0.70
oscillations,0.25,25,3,-17.0,8.65,q1,"(50, 50)",750,0.050807608319113975,0.6807145860476681,0.0010160588595259498,0.5486086826510539,28058,11942,0.70
oscillations,0.25,25,3,-17.0,8.65,q2,"(50, 150)",2218,-0.011935070641781766,0.5671214705347444,0.0010160588595259498,0.5486086826510539,28058,11942,0.70
oscillations,0.25,25,3,-17.0,8.65,q3,"(150, 50)",2244,0.014431267679269923,0.5529906080140261,0.0010160588595259498,0.5486086826510539,28058,11942,0.70
oscillations,0.25,25,3,-17.0,8.65,q4,"(150, 150)",6730,-0.004737549677219368,0.5234804545993276,0.0010160588595259498,0.5486086826510539,28058,11942,0.70
oscillations,0.25,26,3,-17.0,8.65,q1,"(50, 50)",739,0.002229723451279859,0.5976086312400913,-0.0005163842081801192,0.537672497935021,28072,11928,0.70
oscillations,0.25,26,3,-17.0,8.65,q2,"(50, 150)",2226,0.000230698728976415,0.5447506230483586,-0.0005163842081801192,0.537672497935021,28072,11928,0.70
oscillations,0.25,26,3,-17.0,8.65,q3,"(150, 50)",2290,-0.0014567134721084937,0.5408564851470108,-0.0005163842081801192,0.537672497935021,28072,11928,0.70
oscillations,0.25,26,3,-17.0,8.65,q4,"(150, 150)",6673,-0.0007470190297079775,0.5270868577342928,-0.0005163842081801192,0.537672497935021,28072,11928,0.70
oscillations,0.25,27,3,-17.0,8.65,q1,"(50, 50)",735,0.0023166877108018666,0.6330835081299999,-0.00046033861965088515,0.5385398536779583,28067,11933,0.70
oscillations,0.25,27,3,-17.0,8.65,q2,"(50, 150)",2247,-0.0044286866670565335,0.5473653018594299,-0.00046033861965088515,0.5385398536779583,28067,11933,0.70
oscillations,0.25,27,3,-17.0,8.65,q3,"(150, 50)",2234,-0.0032501546306871877,0.5559141183284649,-0.00046033861965088515,0.5385398536779583,28067,11933,0.70
oscillations,0.25,27,3,-17.0,8.65,q4,"(150, 150)",6717,0.0014911594715048147,0.5180362893368206,-0.00046033861965088515,0.5385398536779583,28067,11933,0.70
oscillations,0.25,28,3,-17.0,8.65,q1,"(50, 50)",734,0.025796017064490608,0.6218354792635322,-0.00035375473337351867,0.5376913424084546,28056,11944,0.70
oscillations,0.25,28,3,-17.0,8.65,q2,"(50, 150)",2228,-0.010026945883836636,0.5947265634557397,-0.00035375473337351867,0.5376913424084546,28056,11944,0.70
oscillations,0.25,28,3,-17.0,8.65,q3,"(150, 50)",2234,0.005331309529062266,0.5382708923331465,-0.00035375473337351867,0.5376913424084546,28056,11944,0.70
oscillations,0.25,28,3,-17.0,8.65,q4,"(150, 150)",6748,-0.0018864305156322595,0.5068031920850463,-0.00035375473337351867,0.5376913424084546,28056,11944,0.70
oscillations,0.25,29,3,-17.0,8.65,q1,"(50, 50)",735,0.009352035600398554,0.6581156566079626,0.00035842166444040037,0.5380131765689922,28060,11940,0.70
oscillations,0.25,29,3,-17.0,8.65,q2,"(50, 150)",2280,-0.002923906112980792,0.5616430983657918,0.00035842166444040037,0.5380131765689922,28060,11940,0.70
oscillations,0.25,29,3,-17.0,8.65,q3,"(150, 50)",2275,0.008391578442944614,0.5134047817248251,0.00035842166444040037,0.5380131765689922,28060,11940,0.70
oscillations,0.25,29,3,-17.0,8.65,q4,"(150, 150)",6650,-0.0022584250395454664,0.5229541914911728,0.00035842166444040037,0.5380131765689922,28060,11940,0.70
oscillations,0.25,30,3,-17.0,8.65,q1,"(50, 50)",713,0.005537542216394755,0.5684452948707871,-0.00012620785020882135,0.5432299197593745,28063,11937,0.70
oscillations,0.25,30,3,-17.0,8.65,q2,"(50, 150)",2256,-6.067307903747953e-05,0.5914739270153085,-0.00012620785020882135,0.5432299197593745,28063,11937,0.70
oscillations,0.25,30,3,-17.0,8.65,q3,"(150, 50)",2306,-0.0032555053581739156,0.5321495500152095,-0.00012620785020882135,0.5432299197593745,28063,11937,0.70
oscillations,0.25,30,3,-17.0,8.65,q4,"(150, 150)",6662,0.000328619500754345,0.5269518643300056,-0.00012620785020882135,0.5432299197593745,28063,11937,0.70
oscillations,0.25,31,3,-17.0,8.65,q1,"(50, 50)",734,0.007958703212097129,0.689341081082668,0.0017480077995500427,0.5501683123279422,28057,11943,0.70
oscillations,0.25,31,3,-17.0,8.65,q2,"(50, 150)",2335,0.0035465920909081477,0.5562586664703816,0.0017480077995500427,0.5501683123279422,28057,11943,0.70
oscillations,0.25,31,3,-17.0,8.65,q3,"(150, 50)",2278,0.013789747268828883,0.5786583018102546,0.0017480077995500427,0.5501683123279422,28057,11943,0.70
oscillations,0.25,31,3,-17.0,8.65,q4,"(150, 150)",6596,-0.00373856395062399,0.5195294178774841,0.0017480077995500427,0.5501683123279422,28057,11943,0.70
oscillations,0.25,32,3,-17.0,8.65,q1,"(50, 50)",750,0.015818603674133295,0.5984192717370542,0.0008154940675163052,0.5391876500736548,28061,11939,0.70
oscillations,0.25,32,3,-17.0,8.65,q2,"(50, 150)",2270,-0.004308311527451114,0.5584327335517065,0.0008154940675163052,0.5391876500736548,28061,11939,0.70
oscillations,0.25,32,3,-17.0,8.65,q3,"(150, 50)",2292,0.006304144859787605,0.5209390358611322,0.0008154940675163052,0.5391876500736548,28061,11939,0.70
oscillations,0.25,32,3,-17.0,8.65,q4,"(150, 150)",6627,-0.0010256529251308252,0.5315114010484464,0.0008154940675163052,0.5391876500736548,28061,11939,0.70
oscillations,0.25,33,3,-17.0,8.65,q1,"(50, 50)",696,-0.0020936560246889208,0.5878746734344907,-0.0008953339229925056,0.5263253482992307,28061,11939,0.70
oscillations,0.25,33,3,-17.0,8.65,q2,"(50, 150)",2255,0.002305071526449602,0.5665563103293385,-0.0008953339229925056,0.5263253482992307,28061,11939,0.70
oscillations,0.25,33,3,-17.0,8.65,q3,"(150, 50)",2229,0.007297527862147407,0.5101265274863772,-0.0008953339229925056,0.5263253482992307,28061,11939,0.70
oscillations,0.25,33,3,-17.0,8.65,q4,"(150, 150)",6759,-0.004541549491092536,0.5106716408597806,-0.0008953339229925056,0.5263253482992307,28061,11939,0.70
oscillations,0.25,34,3,-17.0,8.65,q1,"(50, 50)",708,0.00632568760177099,0.6701052012554465,-0.0008483265699488241,0.5554232255732744,28070,11930,0.70
oscillations,0.25,34,3,-17.0,8.65,q2,"(50, 150)",2231,-0.003085459535720497,0.6002374876626854,-0.0008483265699488241,0.5554232255732744,28070,11930,0.70
oscillations,0.25,34,3,-17.0,8.65,q3,"(150, 50)",2234,0.01696732034462022,0.5306303524071516,-0.0008483265699488241,0.5554232255732744,28070,11930,0.70
oscillations,0.25,34,3,-17.0,8.65,q4,"(150, 150)",6757,-0.0067515844645896815,0.5342511030176289,-0.0008483265699488241,0.5554232255732744,28070,11930,0.70
oscillations,0.25,35,3,-17.0,8.65,q1,"(50, 50)",762,0.020685639861988854,0.6232763163603057,-6.866471642259117e-05,0.5449769567616437,28058,11942,0.70
oscillations,0.25,35,3,-17.0,8.65,q2,"(50, 150)",2231,-0.00899606613667493,0.5576481052789737,-6.866471642259117e-05,0.5449769567616437,28058,11942,0.70
oscillations,0.25,35,3,-17.0,8.65,q3,"(150, 50)",2226,-0.0031464036671695994,0.5784929330730296,-6.866471642259117e-05,0.5449769567616437,28058,11942,0.70
oscillations,0.25,35,3,-17.0,8.65,q4,"(150, 150)",6723,0.0015605632151847726,0.5190830708198446,-6.866471642259117e-05,0.5449769567616437,28058,11942,0.70
oscillations,0.25,36,3,-17.0,8.65,q1,"(50, 50)",752,-0.021038566348865462,0.633573848933492,-0.0009709695646998476,0.5424796165402398,28067,11933,0.70
oscillations,0.25,36,3,-17.0,8.65,q2,"(50, 150)",2235,0.0035859619287670276,0.5773185148933722,-0.0009709695646998476,0.5424796165402398,28067,11933,0.70
oscillations,0.25,36,3,-17.0,8.65,q3,"(150, 50)",2247,0.011861819739124589,0.5173906758800944,-0.0009709695646998476,0.5424796165402398,28067,11933,0.70
oscillations,0.25,36,3,-17.0,8.65,q4,"(150, 150)",6699,-0.004543023105810377,0.5272962128065597,-0.0009709695646998476,0.5424796165402398,28067,11933,0.70
oscillations,0.25,37,3,-17.0,8.65,q1,"(50, 50)",726,-0.004353389813324994,0.6675691402640603,0.00043513255239495115,0.5415605241887465,28056,11944,0.70
oscillations,0.25,37,3,-17.0,8.65,q2,"(50, 150)",2182,-0.0007478871526464278,0.545409223055659,0.00043513255239495115,0.5415605241887465,28056,11944,0.70
oscillations,0.25,37,3,-17.0,8.65,q3,"(150, 50)",2259,-0.0003174404895790849,0.5777626571670705,0.00043513255239495115,0.5415605241887465,28056,11944,0.70
oscillations,0.25,37,3,-17.0,8.65,q4,"(150, 150)",6777,0.0015798689749613264,0.5119640616697534,0.00043513255239495115,0.5415605241887465,28056,11944,0.70
oscillations,0.25,38,3,-17.0,8.65,q1,"(50, 50)",770,0.015323815317371517,0.6456833772913368,0.0010135527389401634,0.5359125746306008,28073,11927,0.70
oscillations,0.25,38,3,-17.0,8.65,q2,"(50, 150)",2211,-0.004911380499313297,0.5385841734014613,0.0010135527389401634,0.5359125746306008,28073,11927,0.70
oscillations,0.25,38,3,-17.0,8.65,q3,"(150, 50)",2210,0.014760896235612888,0.5540380194589262,0.0010135527389401634,0.5359125746306008,28073,11927,0.70
oscillations,0.25,38,3,-17.0,8.65,q4,"(150, 150)",6736,-0.0031878284848217814,0.5146232651756197,0.0010135527389401634,0.5359125746306008,28073,11927,0.70
oscillations,0.25,39,3,-17.0,8.65,q1,"(50, 50)",749,0.008918240128248652,0.6002156043460389,0.0003815568663709999,0.5408771935602288,28075,11925,0.70
oscillations,0.25,39,3,-17.0,8.65,q2,"(50, 150)",2230,-0.005501160698000167,0.5714832047453466,0.0003815568663709999,0.5408771935602288,28075,11925,0.70
oscillations,0.25,39,3,-17.0,8.65,q3,"(150, 50)",2285,0.00814274307691675,0.5207693837505166,0.0003815568663709999,0.5408771935602288,28075,11925,0.70
oscillations,0.25,39,3,-17.0,8.65,q4,"(150, 150)",6661,-0.0012713219935142556,0.5299212499539,0.0003815568663709999,0.5408771935602288,28075,11925,0.70
oscillations,0.25,40,3,-17.0,8.65,q1,"(50, 50)",695,0.04266554743941175,0.6669005868738318,0.00018936987740168242,0.5419692544232443,28063,11937,0.70
oscillations,0.25,40,3,-17.0,8.65,q2,"(50, 150)",2236,-0.009733206562355969,0.570166763660084,0.00018936987740168242,0.5419692544232443,28063,11937,0.70
oscillations,0.25,40,3,-17.0,8.65,q3,"(150, 50)",2182,-0.0026441066792282715,0.5607133457077934,0.00018936987740168242,0.5419692544232443,28063,11937,0.70
oscillations,0.25,40,3,-17.0,8.65,q4,"(150, 150)",6824,2.0639420231058857e-05,0.5111225354635615,0.00018936987740168242,0.5419692544232443,28063,11937,0.70
oscillations,0.25,41,3,-17.0,8.65,q1,"(50, 50)",731,0.01573929622429059,0.6109028798343118,0.0003755585942754044,0.5391918217337723,28059,11941,0.70
oscillations,0.25,41,3,-17.0,8.65,q2,"(50, 150)",2251,-0.004100075642563197,0.5465045201763784,0.0003755585942754044,0.5391918217337723,28059,11941,0.70
oscillations,0.25,41,3,-17.0,8.65,q3,"(150, 50)",2220,-0.0002519784532233218,0.5531205165594626,0.0003755585942754044,0.5391918217337723,28059,11941,0.70
oscillations,0.25,41,3,-17.0,8.65,q4,"(150, 150)",6739,0.0004107110953927498,0.5235314068046106,0.0003755585942754044,0.5391918217337723,28059,11941,0.70
oscillations,0.25,42,3,-17.0,8.65,q1,"(50, 50)",742,0.03267945904228701,0.6631460103247864,0.0008310718072020079,0.5484617465414077,28060,11940,0.70
oscillations,0.25,42,3,-17.0,8.65,q2,"(50, 150)",2232,-0.00805144714022822,0.5557570923384922,0.0008310718072020079,0.5484617465414077,28060,11940,0.70
oscillations,0.25,42,3,-17.0,8.65,q3,"(150, 50)",2251,0.007553302587569878,0.5493231290710986,0.0008310718072020079,0.5484617465414077,28060,11940,0.70
oscillations,0.25,42,3,-17.0,8.65,q4,"(150, 150)",6715,-0.0019891013163090675,0.5313192930200348,0.0008310718072020079,0.5484617465414077,28060,11940,0.70
oscillations,0.25,43,3,-17.0,8.65,q1,"(50, 50)",733,0.008704594741143561,0.6887160248090145,0.000618100192570559,0.5400118099551339,28067,11933,0.70
oscillations,0.25,43,3,-17.0,8.65,q2,"(50, 150)",2286,-0.0011300220332787821,0.5311952670102391,0.000618100192570559,0.5400118099551339,28067,11933,0.70
oscillations,0.25,43,3,-17.0,8.65,q3,"(150, 50)",2208,0.013963259721432305,0.572625188641948,0.000618100192570559,0.5400118099551339,28067,11933,0.70
oscillations,0.25,43,3,-17.0,8.65,q4,"(150, 150)",6706,-0.004063871971989408,0.5126634977801554,0.000618100192570559,0.5400118099551339,28067,11933,0.70
oscillations,0.25,44,3,-17.0,8.65,q1,"(50, 50)",695,0.02697430546834382,0.6185010003309426,0.0010662158312819642,0.5309179006920496,28059,11941,0.70
oscillations,0.25,44,3,-17.0,8.65,q2,"(50, 150)",2287,-0.005597699174487276,0.556616471402564,0.0010662158312819642,0.5309179006920496,28059,11941,0.70
oscillations,0.25,44,3,-17.0,8.65,q3,"(150, 50)",2263,0.004960508164570196,0.5480453767450622,0.0010662158312819642,0.5309179006920496,28059,11941,0.70
oscillations,0.25,44,3,-17.0,8.65,q4,"(150, 150)",6696,-0.0006629556486754732,0.5055105454467484,0.0010662158312819642,0.5309179006920496,28059,11941,0.70
oscillations,0.25,45,3,-17.0,8.65,q1,"(50, 50)",720,0.0505826733113304,0.6414003948229104,0.0005101792187111811,0.5370109368487662,28053,11947,0.70
oscillations,0.25,45,3,-17.0,8.65,q2,"(50, 150)",2255,-0.010735838528705617,0.5513661532578851,0.0005101792187111811,0.5370109368487662,28053,11947,0.70
oscillations,0.25,45,3,-17.0,8.65,q3,"(150, 50)",2292,0.009000437783745242,0.5455060281189528,0.0005101792187111811,0.5370109368487662,28053,11947,0.70
oscillations,0.25,45,3,-17.0,8.65,q4,"(150, 150)",6680,-0.004003607960528196,0.5160757736735987,0.0005101792187111811,0.5370109368487662,28053,11947,0.70
oscillations,0.25,46,3,-17.0,8.65,q1,"(50, 50)",762,-0.021823855850651698,0.586656116779963,-0.00042780401462369527,0.5277944025471633,28062,11938,0.70
oscillations,0.25,46,3,-17.0,8.65,q2,"(50, 150)",2287,0.006546035543835668,0.5255727912867834,-0.00042780401462369527,0.5277944025471633,28062,11938,0.70
oscillations,0.25,46,3,-17.0,8.65,q3,"(150, 50)",2252,0.011828068924940158,0.5466687757878919,-0.00042780401462369527,0.5277944025471633,28062,11938,0.70
oscillations,0.25,46,3,-17.0,8.65,q4,"(150, 150)",6637,-0.004532912562317084,0.5146101590231039,-0.00042780401462369527,0.5277944025471633,28062,11938,0.70
oscillations,0.25,47,3,-17.0,8.65,q1,"(50, 50)",753,-0.001263543732796634,0.6177542174553102,-0.0002264568098865057,0.5377464785221925,28064,11936,0.70
oscillations,0.25,47,3,-17.0,8.65,q2,"(50, 150)",2220,0.002924053438339402,0.5492986303862062,-0.0002264568098865057,0.5377464785221925,28064,11936,0.70
oscillations,0.25,47,3,-17.0,8.65,q3,"(150, 50)",2248,-0.008383100381251814,0.5719464117507799,-0.0002264568098865057,0.5377464785221925,28064,11936,0.70
oscillations,0.25,47,3,-17.0,8.65,q4,"(150, 150)",6715,0.0015788936667060515,0.5117798952498147,-0.0002264568098865057,0.5377464785221925,28064,11936,0.70
oscillations,0.25,48,3,-17.0,8.65,q1,"(50, 50)",738,0.04859463793962212,0.6283545453802092,0.0001963424216990479,0.5257333453925318,28064,11936,0.70
oscillations,0.25,48,3,-17.0,8.65,q2,"(50, 150)",2252,-0.015170480478504333,0.5534150516178437,0.0001963424216990479,0.5257333453925318,28064,11936,0.70
oscillations,0.25,48,3,-17.0,8.65,q3,"(150, 50)",2272,-0.002274145095258826,0.5131515158584377,0.0001963424216990479,0.5257333453925318,28064,11936,0.70
oscillations,0.25,48,3,-17.0,8.65,q4,"(150, 150)",6674,0.0008707641654148213,0.5072749958436794,0.0001963424216990479,0.5257333453925318,28064,11936,0.70
oscillations,0.25,49,3,-17.0,8.65,q1,"(50, 50)",744,0.015367044340932319,0.6535762037295532,0.00023363988901854455,0.5352063673770759,28061,11939,0.70
oscillations,0.25,49,3,-17.0,8.65,q2,"(50, 150)",2224,-0.0037090283585952425,0.5713216438835558,0.00023363988901854455,0.5352063673770759,28061,11939,0.70
oscillations,0.25,49,3,-17.0,8.65,q3,"(150, 50)",2121,0.006267530281551368,0.5444275258155189,0.00023363988901854455,0.5352063673770759,28061,11939,0.70
oscillations,0.25,49,3,-17.0,8.65,q4,"(150, 150)",6850,-0.0019982783959585195,0.5050334663881694,0.00023363988901854455,0.5352063673770759,28061,11939,0.70
oscillations,0.25,0,4,-22.0,7.18,q1,"(50, 50)",732,0.01532113433388956,0.680461854257605,-0.00019294823468316474,0.5711114338111475,28064,11936,0.70
oscillations,0.25,0,4,-22.0,7.18,q2,"(50, 150)",2231,-0.007559155363045408,0.5954421929636803,-0.00019294823468316474,0.5711114338111475,28064,11936,0.70
oscillations,0.25,0,4,-22.0,7.18,q3,"(150, 50)",2310,0.008561387410808924,0.5486760869441095,-0.00019294823468316474,0.5711114338111475,28064,11936,0.70
oscillations,0.25,0,4,-22.0,7.18,q4,"(150, 150)",6663,-0.002465920721236635,0.5570122290687866,-0.00019294823468316474,0.5711114338111475,28064,11936,0.70
oscillations,0.25,1,4,-22.0,7.18,q1,"(50, 50)",773,0.03543139255826166,0.6709683310610456,-0.0003097692945471772,0.574478927429866,28054,11946,0.70
oscillations,0.25,1,4,-22.0,7.18,q2,"(50, 150)",2245,-0.009820073134938595,0.5848118678713299,-0.0003097692945471772,0.574478927429866,28054,11946,0.70
oscillations,0.25,1,4,-22.0,7.18,q3,"(150, 50)",2240,-0.0036195062737810098,0.5667220584212505,-0.0003097692945471772,0.574478927429866,28054,11946,0.70
oscillations,0.25,1,4,-22.0,7.18,q4,"(150, 150)",6688,-0.00013983435989686326,0.5611582627717032,-0.0003097692945471772,0.574478927429866,28054,11946,0.70
oscillations,0.25,2,4,-22.0,7.18,q1,"(50, 50)",734,0.037840402273012726,0.701281686402917,-0.0008252741518243343,0.5581673128122563,28064,11936,0.70
oscillations,0.25,2,4,-22.0,7.18,q2,"(50, 150)",2242,-0.016373239849781455,0.545789908233334,-0.0008252741518243343,0.5581673128122563,28064,11936,0.70
oscillations,0.25,2,4,-22.0,7.18,q3,"(150, 50)",2282,0.0007831853742741677,0.5777088195226376,-0.0008252741518243343,0.5581673128122563,28064,11936,0.70
oscillations,0.25,2,4,-22.0,7.18,q4,"(150, 150)",6678,-0.00040487463693474377,0.5371175683983037,-0.0008252741518243343,0.5581673128122563,28064,11936,0.70
oscillations,0.25,3,4,-22.0,7.18,q1,"(50, 50)",747,0.026064313927291683,0.6307729451227515,-5.284141439041358e-05,0.5665129504499273,28053,11947,0.70
oscillations,0.25,3,4,-22.0,7.18,q2,"(50, 150)",2239,-0.009417599236549772,0.5852977274348318,-5.284141439041358e-05,0.5665129504499273,28053,11947,0.70
oscillations,0.25,3,4,-22.0,7.18,q3,"(150, 50)",2232,-0.022202873052233556,0.5623474809770951,-5.284141439041358e-05,0.5665129504499273,28053,11947,0.70
oscillations,0.25,3,4,-22.0,7.18,q4,"(150, 150)",6729,0.007510993975599804,0.5535625425244892,-5.284141439041358e-05,0.5665129504499273,28053,11947,0.70
oscillations,0.25,4,4,-22.0,7.18,q1,"(50, 50)",747,0.04018789788660824,0.5839384336033157,0.00013843870214481511,0.5570682517431546,28058,11942,0.70
oscillations,0.25,4,4,-22.0,7.18,q2,"(50, 150)",2356,-0.009678356052364886,0.5873349172591023,0.00013843870214481511,0.5570682517431546,28058,11942,0.70
oscillations,0.25,4,4,-22.0,7.18,q3,"(150, 50)",2178,0.0025156263755062897,0.5435880978105468,0.00013843870214481511,0.5570682517431546,28058,11942,0.70
oscillations,0.25,4,4,-22.0,7.18,q4,"(150, 150)",6661,-0.0016580021208172974,0.5470538208453204,0.00013843870214481511,0.5570682517431546,28058,11942,0.70
oscillations,0.25,5,4,-22.0,7.18,q1,"(50, 50)",756,0.0102252964554261,0.6277914590568944,0.0002745359895917858,0.5732781777065221,28062,11938,0.70
oscillations,0.25,5,4,-22.0,7.18,q2,"(50, 150)",2251,-0.0018692796351258549,0.5857057957094592,0.0002745359895917858,0.5732781777065221,28062,11938,0.70
oscillations,0.25,5,4,-22.0,7.18,q3,"(150, 50)",2291,-0.004523208552406305,0.5956685428543911,0.0002745359895917858,0.5732781777065221,28062,11938,0.70
oscillations,0.25,5,4,-22.0,7.18,q4,"(150, 150)",6640,0.0015237207493487557,0.5543081913589901,0.0002745359895917858,0.5732781777065221,28062,11938,0.70
oscillations,0.25,6,4,-22.0,7.18,q1,"(50, 50)",732,0.009793230791167699,0.5854099373511266,-0.00012728501743891472,0.5734544271980377,28053,11947,0.70
oscillations,0.25,6,4,-22.0,7.18,q2,"(50, 150)",2251,-0.0035518960277711774,0.6111081288364001,-0.00012728501743891472,0.5734544271980377,28053,11947,0.70
oscillations,0.25,6,4,-22.0,7.18,q3,"(150, 50)",2179,0.012334766631392973,0.5773741004963795,-0.00012728501743891472,0.5734544271980377,28053,11947,0.70
oscillations,0.25,6,4,-22.0,7.18,q4,"(150, 150)",6785,-0.0040635899150729335,0.5576998372185842,-0.00012728501743891472,0.5734544271980377,28053,11947,0.70
oscillations,0.25,7,4,-22.0,7.18,q1,"(50, 50)",678,0.06468291478554229,0.6764311129937342,0.0002452527626903221,0.5860309148056367,28080,11920,0.70
oscillations,0.25,7,4,-22.0,7.18,q2,"(50, 150)",2280,-0.019045926500600923,0.5956950824651269,0.0002452527626903221,0.5860309148056367,28080,11920,0.70
oscillations,0.25,7,4,-22.0,7.18,q3,"(150, 50)",2278,0.006259983966121642,0.5925009847341116,0.0002452527626903221,0.5860309148056367,28080,11920,0.70
oscillations,0.25,7,4,-22.0,7.18,q4,"(150, 150)",6684,-0.0017604928705541663,0.5699094105863629,0.0002452527626903221,0.5860309148056367,28080,11920,0.70
oscillations,0.25,8,4,-22.0,7.18,q1,"(50, 50)",715,0.02792826573913987,0.635182543323216,-0.0001343826438326989,0.5683726508486553,28063,11937,0.70
oscillations,0.25,8,4,-22.0,7.18,q2,"(50, 150)",2282,-0.012415451890292254,0.5805265087996588,-0.0001343826438326989,0.5683726508486553,28063,11937,0.70
oscillations,0.25,8,4,-22.0,7.18,q3,"(150, 50)",2229,0.02000220974264955,0.5253013244080352,-0.0001343826438326989,0.5683726508486553,28063,11937,0.70
oscillations,0.25,8,4,-22.0,7.18,q4,"(150, 150)",6711,-0.005636373107679163,0.5701561950501619,-0.0001343826438326989,0.5683726508486553,28063,11937,0.70
oscillations,0.25,9,4,-22.0,7.18,q1,"(50, 50)",720,-0.021667741687963846,0.6527162476531018,-0.00020306674198578538,0.5730686029327258,28062,11938,0.70
oscillations,0.25,9,4,-22.0,7.18,q2,"(50, 150)",2222,0.003161405001894133,0.6116320818279506,-0.00020306674198578538,0.5730686029327258,28062,11938,0.70
oscillations,0.25,9,4,-22.0,7.18,q3,"(150, 50)",2210,0.007718305146570391,0.59525504350434,-0.00020306674198578538,0.5730686029327258,28062,11938,0.70
oscillations,0.25,9,4,-22.0,7.18,q4,"(150, 150)",6786,-0.001607063518806611,0.5427456094753487,-0.00020306674198578538,0.5730686029327258,28062,11938,0.70
oscillations,0.25,10,4,-22.0,7.18,q1,"(50, 50)",706,-0.03926473142530441,0.6327521652060508,-0.000777937251061982,0.5593671304919008,28064,11936,0.70
oscillations,0.25,10,4,-22.0,7.18,q2,"(50, 150)",2197,0.009814868175813245,0.5906133381569307,-0.000777937251061982,0.5593671304919008,28064,11936,0.70
oscillations,0.25,10,4,-22.0,7.18,q3,"(150, 50)",2217,0.014238013912599278,0.5622716316151058,-0.000777937251061982,0.5593671304919008,28064,11936,0.70
oscillations,0.25,10,4,-22.0,7.18,q4,"(150, 150)",6816,-0.005090008930297121,0.5393577116786505,-0.000777937251061982,0.5593671304919008,28064,11936,0.70
oscillations,0.25,11,4,-22.0,7.18,q1,"(50, 50)",693,0.01589919020619214,0.6030710421806224,0.0011034273396064297,0.5572998728725427,28055,11945,0.70
oscillations,0.25,11,4,-22.0,7.18,q2,"(50, 150)",2262,-0.004234284938717094,0.6069995955284615,0.0011034273396064297,0.5572998728725427,28055,11945,0.70
oscillations,0.25,11,4,-22.0,7.18,q3,"(150, 50)",2244,0.0032104312875246895,0.5338226901279811,0.0011034273396064297,0.5572998728725427,28055,11945,0.70
oscillations,0.25,11,4,-22.0,7.18,q4,"(150, 150)",6746,0.0006724052002490826,0.5424128598467328,0.0011034273396064297,0.5572998728725427,28055,11945,0.70
oscillations,0.25,12,4,-22.0,7.18,q1,"(50, 50)",752,0.006247822039672719,0.6347324773257389,0.00038887582922335546,0.5685334252251456,28066,11934,0.70
oscillations,0.25,12,4,-22.0,7.18,q2,"(50, 150)",2241,0.002797305374669402,0.597627116646313,0.00038887582922335546,0.5685334252251456,28066,11934,0.70
oscillations,0.25,12,4,-22.0,7.18,q3,"(150, 50)",2219,-0.015618900876320063,0.5881614804070254,0.00038887582922335546,0.5685334252251456,28066,11934,0.70
oscillations,0.25,12,4,-22.0,7.18,q4,"(150, 150)",6722,0.004214826193400437,0.5435148814099054,0.00038887582922335546,0.5685334252251456,28066,11934,0.70
oscillations,0.25,13,4,-22.0,7.18,q1,"(50, 50)",720,-0.008716885823027626,0.6603163730937434,0.00038895986834969686,0.5700241668126749,28067,11933,0.70
oscillations,0.25,13,4,-22.0,7.18,q2,"(50, 150)",2189,0.005501343961607822,0.606592962573069,0.00038895986834969686,0.5700241668126749,28067,11933,0.70
oscillations,0.25,13,4,-22.0,7.18,q3,"(150, 50)",2230,0.013381136339863394,0.5481470262675938,0.00038895986834969686,0.5700241668126749,28067,11933,0.70
oscillations,0.25,13,4,-22.0,7.18,q4,"(150, 150)",6794,-0.004557662653555794,0.554277566899277,0.00038895986834969686,0.5700241668126749,28067,11933,0.70
oscillations,0.25,14,4,-22.0,7.18,q1,"(50, 50)",772,0.03879253528638364,0.6862009063494043,-0.0010983461548250133,0.5860152189672784,28053,11947,0.70
oscillations,0.25,14,4,-22.0,7.18,q2,"(50, 150)",2266,-0.01338052278066202,0.584591223372098,-0.0010983461548250133,0.5860152189672784,28053,11947,0.70
oscillations,0.25,14,4,-22.0,7.18,q3,"(150, 50)",2186,0.0009494973762752219,0.6036664279438005,-0.0010983461548250133,0.5860152189672784,28053,11947,0.70
oscillations,0.25,14,4,-22.0,7.18,q4,"(150, 150)",6723,-0.002205133927761431,0.5676932238212302,-0.0010983461548250133,0.5860152189672784,28053,11947,0.70
oscillations,0.25,15,4,-22.0,7.18,q1,"(50, 50)",712,0.062487219173868534,0.7213978695879661,0.0012301545460958684,0.5780068745860982,28065,11935,0.70
oscillations,0.25,15,4,-22.0,7.18,q2,"(50, 150)",2195,-0.0145010102374242,0.6070907919591028,0.0012301545460958684,0.5780068745860982,28065,11935,0.70
oscillations,0.25,15,4,-22.0,7.18,q3,"(150, 50)",2244,0.01093520952349542,0.6104102056600579,0.0012301545460958684,0.5780068745860982,28065,11935,0.70
oscillations,0.25,15,4,-22.0,7.18,q4,"(150, 150)",6784,-0.0033192656609253874,0.5386289698834253,0.0012301545460958684,0.5780068745860982,28065,11935,0.70
oscillations,0.25,16,4,-22.0,7.18,q1,"(50, 50)",725,0.021793807566365817,0.6299224988050981,-0.00018846249373363798,0.5738502257123083,28057,11943,0.70
oscillations,0.25,16,4,-22.0,7.18,q2,"(50, 150)",2283,-0.007919790892885656,0.5881916052686955,-0.00018846249373363798,0.5738502257123083,28057,11943,0.70
oscillations,0.25,16,4,-22.0,7.18,q3,"(150, 50)",2192,0.0007049182071327465,0.5931508832281522,-0.00018846249373363798,0.5738502257123083,28057,11943,0.70
oscillations,0.25,16,4,-22.0,7.18,q4,"(150, 150)",6743,-0.00022476881949474566,0.5558865434572129,-0.00018846249373363798,0.5738502257123083,28057,11943,0.70
oscillations,0.25,17,4,-22.0,7.18,q1,"(50, 50)",778,-0.007860694141864466,0.6228924781956208,7.067058139181915e-05,0.5724757423117262,28065,11935,0.70
oscillations,0.25,17,4,-22.0,7.18,q2,"(50, 150)",2171,0.0030044781052420253,0.6177868546304813,7.067058139181915e-05,0.5724757423117262,28065,11935,0.70
oscillations,0.25,17,4,-22.0,7.18,q3,"(150, 50)",2269,0.005284508941591491,0.5521505025499561,7.067058139181915e-05,0.5724757423117262,28065,11935,0.70
oscillations,0.25,17,4,-22.0,7.18,q4,"(150, 150)",6717,-0.0017201428202574995,0.5576878583076411,7.067058139181915e-05,0.5724757423117262,28065,11935,0.70
oscillations,0.25,18,4,-22.0,7.18,q1,"(50, 50)",749,0.015245778811977013,0.673372572796009,0.00064104910938173,0.580517095535798,28067,11933,0.70
oscillations,0.25,18,4,-22.0,7.18,q2,"(50, 150)",2279,-0.0016314077372344073,0.5927081465511698,0.00064104910938173,0.580517095535798,28067,11933,0.70
oscillations,0.25,18,4,-22.0,7.18,q3,"(150, 50)",2264,0.013323601785997188,0.5827316790321907,0.00064104910938173,0.580517095535798,28067,11933,0.70
oscillations,0.25,18,4,-22.0,7.18,q4,"(150, 150)",6641,-0.004549933070058576,0.563892195390913,0.00064104910938173,0.580517095535798,28067,11933,0.70
oscillations,0.25,19,4,-22.0,7.18,q1,"(50, 50)",710,0.052856374288053405,0.6075121723100031,0.0012252144226719377,0.5636085272586849,28053,11947,0.70
oscillations,0.25,19,4,-22.0,7.18,q2,"(50, 150)",2215,-0.013485401424639986,0.6013249495812806,0.0012252144226719377,0.5636085272586849,28053,11947,0.70
oscillations,0.25,19,4,-22.0,7.18,q3,"(150, 50)",2246,-0.011355055931242674,0.5658676617006448,0.0012252144226719377,0.5636085272586849,28053,11947,0.70
oscillations,0.25,19,4,-22.0,7.18,q4,"(150, 150)",6776,0.0047938652214126855,0.5446498656790594,0.0012252144226719377,0.5636085272586849,28053,11947,0.70
oscillations,0.25,20,4,-22.0,7.18,q1,"(50, 50)",722,0.008458814824506562,0.6608266931483909,-0.00036910486480755124,0.5783660480381669,28056,11944,0.70
oscillations,0.25,20,4,-22.0,7.18,q2,"(50, 150)",2250,-0.00598481375908738,0.6037425463830509,-0.00036910486480755124,0.5783660480381669,28056,11944,0.70
oscillations,0.25,20,4,-22.0,7.18,q3,"(150, 50)",2274,0.004513007730628861,0.6067355951045355,-0.00036910486480755124,0.5783660480381669,28056,11944,0.70
oscillations,0.25,20,4,-22.0,7.18,q4,"(150, 150)",6698,-0.0010917589474557443,0.5495212066110413,-0.00036910486480755124,0.5783660480381669,28056,11944,0.70
oscillations,0.25,21,4,-22.0,7.18,q1,"(50, 50)",723,0.029602651738396303,0.6188953050525704,-0.000687188355161936,0.5744647390448139,28063,11937,0.70
oscillations,0.25,21,4,-22.0,7.18,q2,"(50, 150)",2277,-0.01056326562164305,0.5987850900387071,-0.000687188355161936,0.5744647390448139,28063,11937,0.70
oscillations,0.25,21,4,-22.0,7.18,q3,"(150, 50)",2232,0.0033874536247495974,0.5899149475299414,-0.000687188355161936,0.5744647390448139,28063,11937,0.70
oscillations,0.25,21,4,-22.0,7.18,q4,"(150, 150)",6705,-0.0019558426953599486,0.5554049115384744,-0.000687188355161936,0.5744647390448139,28063,11937,0.70
oscillations,0.25,22,4,-22.0,7.18,q1,"(50, 50)",735,0.022074836144268584,0.6208938928695423,0.0013726094080213694,0.5550436072814916,28064,11936,0.70
oscillations,0.25,22,4,-22.0,7.18,q2,"(50, 150)",2258,-0.004157398371903802,0.5970033954573798,0.0013726094080213694,0.5550436072814916,28064,11936,0.70
oscillations,0.25,22,4,-22.0,7.18,q3,"(150, 50)",2232,0.014415161846732421,0.5532946799119056,0.0013726094080213694,0.5550436072814916,28064,11936,0.70
oscillations,0.25,22,4,-22.0,7.18,q4,"(150, 150)",6711,-0.0033718930695935513,0.5327629869329052,0.0013726094080213694,0.5550436072814916,28064,11936,0.70
oscillations,0.25,23,4,-22.0,7.18,q1,"(50, 50)",740,0.04600883672582454,0.6603915118166472,0.0011147394085082253,0.5771410641479517,28053,11947,0.70
oscillations,0.25,23,4,-22.0,7.18,q2,"(50, 150)",2248,-0.010080986596472472,0.5999999723642437,0.0011147394085082253,0.5771410641479517,28053,11947,0.70
oscillations,0.25,23,4,-22.0,7.18,q3,"(150, 50)",2221,0.016119045862295126,0.5731824886243281,0.0011147394085082253,0.5771410641479517,28053,11947,0.70
oscillations,0.25,23,4,-22.0,7.18,q4,"(150, 150)",6738,-0.005026282347128194,0.5602906465807287,0.0011147394085082253,0.5771410641479517,28053,11947,0.70
oscillations,0.25,24,4,-22.0,7.18,q1,"(50, 50)",738,-0.002405707604973836,0.6466765295810323,-0.0007136833438073336,0.5682519234747754,28073,11927,0.70
oscillations,0.25,24,4,-22.0,7.18,q2,"(50, 150)",2207,0.0009772007090336006,0.5939065519661354,-0.0007136833438073336,0.5682519234747754,28073,11927,0.70
oscillations,0.25,24,4,-22.0,7.18,q3,"(150, 50)",2235,-0.0010108635728612251,0.5368907752253468,-0.0007136833438073336,0.5682519234747754,28073,11927,0.70
oscillations,0.25,24,4,-22.0,7.18,q4,"(150, 150)",6747,-0.000983265289552646,0.5605490479562074,-0.0007136833438073336,0.5682519234747754,28073,11927,0.70
oscillations,0.25,25,4,-22.0,7.18,q1,"(50, 50)",745,0.02512052401078096,0.6351859557112786,0.0001783966926589827,0.5698192874828522,28053,11947,0.70
oscillations,0.25,25,4,-22.0,7.18,q2,"(50, 150)",2254,-0.005400387539984274,0.6059785291756228,0.0001783966926589827,0.5698192874828522,28053,11947,0.70
oscillations,0.25,25,4,-22.0,7.18,q3,"(150, 50)",2200,0.0044347914155421705,0.5401022047997477,0.0001783966926589827,0.5698192874828522,28053,11947,0.70
oscillations,0.25,25,4,-22.0,7.18,q4,"(150, 150)",6748,-0.0020995187759192597,0.5589809699536507,0.0001783966926589827,0.5698192874828522,28053,11947,0.70
oscillations,0.25,26,4,-22.0,7.18,q1,"(50, 50)",742,0.0042708103291670355,0.5854719854086137,-0.001726539319572857,0.5716142310339506,28050,11950,0.70
oscillations,0.25,26,4,-22.0,7.18,q2,"(50, 150)",2204,-0.0036912219145368986,0.62341014947692,-0.001726539319572857,0.5716142310339506,28050,11950,0.70
oscillations,0.25,26,4,-22.0,7.18,q3,"(150, 50)",2291,-0.008079746270508234,0.5599948098409573,-0.001726539319572857,0.5716142310339506,28050,11950,0.70
oscillations,0.25,26,4,-22.0,7.18,q4,"(150, 150)",6713,0.00042381434116432607,0.5559785592575058,-0.001726539319572857,0.5716142310339506,28050,11950,0.70
oscillations,0.25,27,4,-22.0,7.18,q1,"(50, 50)",765,-0.03821803500437723,0.6080328099176794,3.36045527276231e-05,0.5756697902906098,28066,11934,0.70
oscillations,0.25,27,4,-22.0,7.18,q2,"(50, 150)",2241,0.012783823643523182,0.6143751083189477,3.36045527276231e-05,0.5756697902906098,28066,11934,0.70
oscillations,0.25,27,4,-22.0,7.18,q3,"(150, 50)",2232,0.0077090445801220025,0.5450657952926912,3.36045527276231e-05,0.5756697902906098,28066,11934,0.70
oscillations,0.25,27,4,-22.0,7.18,q4,"(150, 150)",6696,-0.00242193888550892,0.5681454531962785,3.36045527276231e-05,0.5756697902906098,28066,11934,0.70
oscillations,0.25,28,4,-22.0,7.18,q1,"(50, 50)",742,-0.0036173667274103784,0.6055492422420697,-0.0005628606592339157,0.5635591197805611,28057,11943,0.70
oscillations,0.25,28,4,-22.0,7.18,q2,"(50, 150)",2221,-0.0025608332368563377,0.5960805341737684,-0.0005628606592339157,0.5635591197805611,28057,11943,0.70
oscillations,0.25,28,4,-22.0,7.18,q3,"(150, 50)",2242,0.015150507378103617,0.5643534133344829,-0.0005628606592339157,0.5635591197805611,28057,11943,0.70
oscillations,0.25,28,4,-22.0,7.18,q4,"(150, 150)",6738,-0.004796376619789627,0.5471391607682938,-0.0005628606592339157,0.5635591197805611,28057,11943,0.70
oscillations,0.25,29,4,-22.0,7.18,q1,"(50, 50)",727,0.03159363509992314,0.6120428575623688,-0.0002805454878766118,0.5631947612031369,28064,11936,0.70
oscillations,0.25,29,4,-22.0,7.18,q2,"(50, 150)",2322,-0.009818488700728056,0.561563520404701,-0.0002805454878766118,0.5631947612031369,28064,11936,0.70
oscillations,0.25,29,4,-22.0,7.18,q3,"(150, 50)",2267,-0.0031823924504972285,0.5878799335228492,-0.0002805454878766118,0.5631947612031369,28064,11936,0.70
oscillations,0.25,29,4,-22.0,7.18,q4,"(150, 150)",6620,0.0005582856174363127,0.5492266168258099,-0.0002805454878766118,0.5631947612031369,28064,11936,0.70
oscillations,0.25,30,4,-22.0,7.18,q1,"(50, 50)",677,0.04677577109719895,0.7148910694995417,0.000827217556358745,0.5624269822748794,28065,11935,0.70
oscillations,0.25,30,4,-22.0,7.18,q2,"(50, 150)",2242,-0.011120932674049377,0.6102246233087455,0.000827217556358745,0.5624269822748794,28065,11935,0.70
oscillations,0.25,30,4,-22.0,7.18,q3,"(150, 50)",2273,0.00422286790988791,0.5595420726238147,0.000827217556358745,0.5624269822748794,28065,11935,0.70
oscillations,0.25,30,4,-22.0,7.18,q4,"(150, 150)",6743,-0.0009580013646179148,0.5281666114054993,0.000827217556358745,0.5624269822748794,28065,11935,0.70
oscillations,0.25,31,4,-22.0,7.18,q1,"(50, 50)",759,0.0030876197067336375,0.6089716982089337,-0.0003890353961437072,0.5714331461495935,28055,11945,0.70
oscillations,0.25,31,4,-22.0,7.18,q2,"(50, 150)",2254,0.0011098668742669459,0.599489871987499,-0.0003890353961437072,0.5714331461495935,28055,11945,0.70
oscillations,0.25,31,4,-22.0,7.18,q3,"(150, 50)",2170,-0.007514840442477889,0.5658152030984581,-0.0003890353961437072,0.5714331461495935,28055,11945,0.70
oscillations,0.25,31,4,-22.0,7.18,q4,"(150, 150)",6762,0.0010078427478899617,0.559143437477851,-0.0003890353961437072,0.5714331461495935,28055,11945,0.70
oscillations,0.25,32,4,-22.0,7.18,q1,"(50, 50)",766,-0.005060824643942662,0.6370720836048537,0.0003304521480652274,0.5777110054760061,28061,11939,0.70
oscillations,0.25,32,4,-22.0,7.18,q2,"(50, 150)",2259,0.003869036922363132,0.5972088729697832,0.0003304521480652274,0.5777110054760061,28061,11939,0.70
oscillations,0.25,32,4,-22.0,7.18,q3,"(150, 50)",2250,0.009486402512977077,0.5437755976971869,0.0003304521480652274,0.5777110054760061,28061,11939,0.70
oscillations,0.25,32,4,-22.0,7.18,q4,"(150, 150)",6664,-0.0033407413248508293,0.5748877366068219,0.0003304521480652274,0.5777110054760061,28061,11939,0.70
oscillations,0.25,33,4,-22.0,7.18,q1,"(50, 50)",766,0.0007675266080904488,0.6147687534561987,-0.0012996607666454396,0.57235744750239,28068,11932,0.70
oscillations,0.25,33,4,-22.0,7.18,q2,"(50, 150)",2302,0.00052936447484714,0.5980774865135756,-0.0012996607666454396,0.57235744750239,28068,11932,0.70
oscillations,0.25,33,4,-22.0,7.18,q3,"(150, 50)",2218,0.005603439782472026,0.5705845839179213,-0.0012996607666454396,0.57235744750239,28068,11932,0.70
oscillations,0.25,33,4,-22.0,7.18,q4,"(150, 150)",6646,-0.004475248887756807,0.5585799988677336,-0.0012996607666454396,0.57235744750239,28068,11932,0.70
oscillations,0.25,34,4,-22.0,7.18,q1,"(50, 50)",746,0.004336313828350533,0.5955750073552876,-0.0010979382998695369,0.5796100914685357,28062,11938,0.70
oscillations,0.25,34,4,-22.0,7.18,q2,"(50, 150)",2235,-0.0051488599849313305,0.622627524574945,-0.0010979382998695369,0.5796100914685357,28062,11938,0.70
oscillations,0.25,34,4,-22.0,7.18,q3,"(150, 50)",2181,0.0003214736275389425,0.5928557584885867,-0.0010979382998695369,0.5796100914685357,28062,11938,0.70
oscillations,0.25,34,4,-22.0,7.18,q4,"(150, 150)",6776,-0.0008169287861766433,0.5584046812100436,-0.0010979382998695369,0.5796100914685357,28062,11938,0.70
oscillations,0.25,35,4,-22.0,7.18,q1,"(50, 50)",727,-0.02640136840159405,0.6165678989181944,-0.0006123124101845712,0.5669365312100096,28066,11934,0.70
oscillations,0.25,35,4,-22.0,7.18,q2,"(50, 150)",2210,0.008278089703687866,0.603382378070549,-0.0006123124101845712,0.5669365312100096,28066,11934,0.70
oscillations,0.25,35,4,-22.0,7.18,q3,"(150, 50)",2237,0.012474399024741746,0.5221818624636211,-0.0006123124101845712,0.5669365312100096,28066,11934,0.70
oscillations,0.25,35,4,-22.0,7.18,q4,"(150, 150)",6760,-0.0050759393992132066,0.5631266533668904,-0.0006123124101845712,0.5669365312100096,28066,11934,0.70
oscillations,0.25,36,4,-22.0,7.18,q1,"(50, 50)",765,0.009357592421441486,0.6564003734154606,-0.0012786104891811245,0.575805396458449,28063,11937,0.70
oscillations,0.25,36,4,-22.0,7.18,q2,"(50, 150)",2257,-0.004419884668853545,0.5965057516754958,-0.0012786104891811245,0.575805396458449,28063,11937,0.70
oscillations,0.25,36,4,-22.0,7.18,q3,"(150, 50)",2188,-0.008426669055786531,0.591063826918507,-0.0012786104891811245,0.575805396458449,28063,11937,0.70
oscillations,0.25,36,4,-22.0,7.18,q4,"(150, 150)",6727,0.0008907239452810413,0.5534326800896711,-0.0012786104891811245,0.575805396458449,28063,11937,0.70
oscillations,0.25,37,4,-22.0,7.18,q1,"(50, 50)",712,0.006088719478587952,0.6408619201562109,0.0012035957819875028,0.5725425553390332,28064,11936,0.70
oscillations,0.25,37,4,-22.0,7.18,q2,"(50, 150)",2276,-0.0012981045867478385,0.5964794390248185,0.0012035957819875028,0.5725425553390332,28064,11936,0.70
oscillations,0.25,37,4,-22.0,7.18,q3,"(150, 50)",2247,0.021020270399300746,0.5561982815919911,0.0012035957819875028,0.5725425553390332,28064,11936,0.70
oscillations,0.25,37,4,-22.0,7.18,q4,"(150, 150)",6701,-0.005110746241268837,0.5616959501506613,0.0012035957819875028,0.5725425553390332,28064,11936,0.70
oscillations,0.25,38,4,-22.0,7.18,q1,"(50, 50)",719,0.012807388600572393,0.6352621668039448,-0.00034071342962215955,0.5675799703685227,28073,11927,0.70
oscillations,0.25,38,4,-22.0,7.18,q2,"(50, 150)",2291,-0.0033349771743725136,0.5846169111615931,-0.00034071342962215955,0.5675799703685227,28073,11927,0.70
oscillations,0.25,38,4,-22.0,7.18,q3,"(150, 50)",2251,0.003207102765891238,0.5544906154012871,-0.00034071342962215955,0.5675799703685227,28073,11927,0.70
oscillations,0.25,38,4,-22.0,7.18,q4,"(150, 150)",6666,-0.001927836348402159,0.5581671799390363,-0.00034071342962215955,0.5675799703685227,28073,11927,0.70
oscillations,0.25,39,4,-22.0,7.18,q1,"(50, 50)",736,0.03732795592618114,0.5983665878189458,-0.0006556566818098284,0.5724019591808751,28061,11939,0.70
oscillations,0.25,39,4,-22.0,7.18,q2,"(50, 150)",2238,-0.011629860494480454,0.6437152100863309,-0.0006556566818098284,0.5724019591808751,28061,11939,0.70
oscillations,0.25,39,4,-22.0,7.18,q3,"(150, 50)",2243,0.0009242544214275353,0.5702973684944974,-0.0006556566818098284,0.5724019591808751,28061,11939,0.70
oscillations,0.25,39,4,-22.0,7.18,q4,"(150, 150)",6722,-0.0016879999354971087,0.5440993627068185,-0.0006556566818098284,0.5724019591808751,28061,11939,0.70
oscillations,0.25,40,4,-22.0,7.18,q1,"(50, 50)",752,0.00037675188495180236,0.7015051873062514,-0.0005963350667432998,0.5754131642934808,28060,11940,0.70
oscillations,0.25,40,4,-22.0,7.18,q2,"(50, 150)",2202,0.0006956862510580189,0.5994145399220264,-0.0005963350667432998,0.5754131642934808,28060,11940,0.70
oscillations,0.25,40,4,-22.0,7.18,q3,"(150, 50)",2299,0.001411545222072204,0.5797519610251314,-0.0005963350667432998,0.5754131642934808,28060,11940,0.70
oscillations,0.25,40,4,-22.0,7.18,q4,"(150, 150)",6687,-0.0018215345752613254,0.5495286180306224,-0.0005963350667432998,0.5754131642934808,28060,11940,0.70
oscillations,0.25,41,4,-22.0,7.18,q1,"(50, 50)",743,0.013762636218148406,0.6457352152906641,0.0010698355304117405,0.5695783060221222,28056,11944,0.70
oscillations,0.25,41,4,-22.0,7.18,q2,"(50, 150)",2274,-0.0013886704881425577,0.5905918016662755,0.0010698355304117405,0.5695783060221222,28056,11944,0.70
oscillations,0.25,41,4,-22.0,7.18,q3,"(150, 50)",2267,-0.0006081693367272374,0.5833300054338126,0.0010698355304117405,0.5695783060221222,28056,11944,0.70
oscillations,0.25,41,4,-22.0,7.18,q4,"(150, 150)",6660,0.0010644194356682238,0.5480439242853837,0.0010698355304117405,0.5695783060221222,28056,11944,0.70
oscillations,0.25,42,4,-22.0,7.18,q1,"(50, 50)",736,-0.001865700470152667,0.6958079105555309,0.0005143992784702805,0.5735546012050121,28048,11952,0.70
oscillations,0.25,42,4,-22.0,7.18,q2,"(50, 150)",2221,0.0006819875846535855,0.5643593589694748,0.0005143992784702805,0.5735546012050121,28048,11952,0.70
oscillations,0.25,42,4,-22.0,7.18,q3,"(150, 50)",2281,-0.0011485982761525312,0.588870466779266,0.0005143992784702805,0.5735546012050121,28048,11952,0.70
oscillations,0.25,42,4,-22.0,7.18,q4,"(150, 150)",6714,0.0012848546268539544,0.5562049773137832,0.0005143992784702805,0.5735546012050121,28048,11952,0.70
oscillations,0.25,43,4,-22.0,7.18,q1,"(50, 50)",737,-0.011323862259342201,0.6488021062869599,-0.0004137812819051859,0.5620958255037303,28052,11948,0.70
oscillations,0.25,43,4,-22.0,7.18,q2,"(50, 150)",2259,0.0018185483189697167,0.597081742641079,-0.0004137812819051859,0.5620958255037303,28052,11948,0.70
oscillations,0.25,43,4,-22.0,7.18,q3,"(150, 50)",2223,0.013180149557075792,0.5595519948503918,-0.0004137812819051859,0.5620958255037303,28052,11948,0.70
oscillations,0.25,43,4,-22.0,7.18,q4,"(150, 150)",6729,-0.004459168582107303,0.540081552121051,-0.0004137812819051859,0.5620958255037303,28052,11948,0.70
oscillations,0.25,44,4,-22.0,7.18,q1,"(50, 50)",735,-0.0285092328082629,0.6394472315378533,-0.0003550634593154605,0.5756351291493491,28050,11950,0.70
oscillations,0.25,44,4,-22.0,7.18,q2,"(50, 150)",2242,0.01039583290221209,0.6324997421625139,-0.0003550634593154605,0.5756351291493491,28050,11950,0.70
oscillations,0.25,44,4,-22.0,7.18,q3,"(150, 50)",2235,0.006307173088937401,0.5842891271072693,-0.0003550634593154605,0.5756351291493491,28050,11950,0.70
oscillations,0.25,44,4,-22.0,7.18,q4,"(150, 150)",6738,-0.0030710465190384576,0.544575031831872,-0.0003550634593154605,0.5756351291493491,28050,11950,0.70
oscillations,0.25,45,4,-22.0,7.18,q1,"(50, 50)",750,0.004428247497904173,0.618796532264985,-0.0012216614645958774,0.5626119878362418,28060,11940,0.70
oscillations,0.25,45,4,-22.0,7.18,q2,"(50, 150)",2126,-0.0035640800202983484,0.6346974887373292,-0.0012216614645958774,0.5626119878362418,28060,11940,0.70
oscillations,0.25,45,4,-22.0,7.18,q3,"(150, 50)",2258,-0.008603237438739995,0.5389951722898672,-0.0012216614645958774,0.5626119878362418,28060,11940,0.70
oscillations,0.25,45,4,-22.0,7.18,q4,"(150, 150)",6806,0.0013363974065715924,0.5393133483242961,-0.0012216614645958774,0.5626119878362418,28060,11940,0.70
oscillations,0.25,46,4,-22.0,7.18,q1,"(50, 50)",734,0.0014402827525984796,0.6660128714231697,-0.0004646461342796466,0.5830016150999233,28065,11935,0.70
oscillations,0.25,46,4,-22.0,7.18,q2,"(50, 150)",2295,-0.00040544657698491065,0.6017588596463314,-0.0004646461342796466,0.5830016150999233,28065,11935,0.70
oscillations,0.25,46,4,-22.0,7.18,q3,"(150, 50)",2258,-0.0010037424660341331,0.6157830947585208,-0.0004646461342796466,0.5830016150999233,28065,11935,0.70
oscillations,0.25,46,4,-22.0,7.18,q4,"(150, 150)",6648,-0.0005122997548961224,0.5544579623374059,-0.0004646461342796466,0.5830016150999233,28065,11935,0.70
oscillations,0.25,47,4,-22.0,7.18,q1,"(50, 50)",732,0.00993406853557857,0.6840371332369749,-0.000379463079898072,0.5577365054668427,28063,11937,0.70
oscillations,0.25,47,4,-22.0,7.18,q2,"(50, 150)",2285,-0.0025107798073824386,0.546607251702008,-0.000379463079898072,0.5577365054668427,28063,11937,0.70
oscillations,0.25,47,4,-22.0,7.18,q3,"(150, 50)",2296,-0.004354886035503144,0.5312838535142156,-0.000379463079898072,0.5577365054668427,28063,11937,0.70
oscillations,0.25,47,4,-22.0,7.18,q4,"(150, 150)",6624,0.0005939856951384825,0.5549266360412453,-0.000379463079898072,0.5577365054668427,28063,11937,0.70
oscillations,0.25,48,4,-22.0,7.18,q1,"(50, 50)",730,0.009377011557519705,0.5942185845006127,0.0007683708737731441,0.5567137762036241,28068,11932,0.70
oscillations,0.25,48,4,-22.0,7.18,q2,"(50, 150)",2279,-0.002062171489208628,0.5763367682150425,0.0007683708737731441,0.5567137762036241,28068,11932,0.70
oscillations,0.25,48,4,-22.0,7.18,q3,"(150, 50)",2266,0.0013426052622408236,0.5551028858397801,0.0007683708737731441,0.5567137762036241,28068,11932,0.70
oscillations,0.25,48,4,-22.0,7.18,q4,"(150, 150)",6657,0.0005979161977678434,0.5460619986671091,0.0007683708737731441,0.5567137762036241,28068,11932,0.70
oscillations,0.25,49,4,-22.0,7.18,q1,"(50, 50)",740,0.035532375438484386,0.6533420598922783,-0.000713830737337023,0.5565991746917074,28067,11933,0.70
oscillations,0.25,49,4,-22.0,7.18,q2,"(50, 150)",2212,-0.01493997761226754,0.579170072035597,-0.000713830737337023,0.5565991746917074,28067,11933,0.70
oscillations,0.25,49,4,-22.0,7.18,q3,"(150, 50)",2271,0.0005621543857606245,0.5538107501110651,-0.000713830737337023,0.5565991746917074,28067,11933,0.70
oscillations,0.25,49,4,-22.0,7.18,q4,"(150, 150)",6710,-0.00045328198879996003,0.5378461565264245,-0.000713830737337023,0.5565991746917074,28067,11933,0.70
oscillations,0.5,0,1,-8.5,14.44,q1,"(100, 100)",2930,0.012505727364718765,0.4214031711211187,0.0002698895655525879,0.45385246304277066,28064,11936,0.70
oscillations,0.5,0,1,-8.5,14.44,q2,"(100, 100)",3016,-0.006729005744572532,0.4481079027031804,0.0002698895655525879,0.45385246304277066,28064,11936,0.70
oscillations,0.5,0,1,-8.5,14.44,q3,"(100, 100)",3070,-0.00855238561823264,0.4575769173407837,0.0002698895655525879,0.45385246304277066,28064,11936,0.70
oscillations,0.5,0,1,-8.5,14.44,q4,"(100, 100)",2920,0.004496618441580363,0.4857602139612994,0.0002698895655525879,0.45385246304277066,28064,11936,0.70
oscillations,0.5,1,1,-8.5,14.44,q1,"(100, 100)",2953,-0.005892817784718859,0.45355995930863585,-0.0007049351222485359,0.4710716673749749,28065,11935,0.70
oscillations,0.5,1,1,-8.5,14.44,q2,"(100, 100)",3006,0.00447934790126776,0.4636268328701127,-0.0007049351222485359,0.4710716673749749,28065,11935,0.70
oscillations,0.5,1,1,-8.5,14.44,q3,"(100, 100)",2974,-0.009649058081206748,0.48693337166831346,-0.0007049351222485359,0.4710716673749749,28065,11935,0.70
oscillations,0.5,1,1,-8.5,14.44,q4,"(100, 100)",3002,0.008067777873596435,0.4791039456605606,-0.0007049351222485359,0.4710716673749749,28065,11935,0.70
oscillations,0.5,2,1,-8.5,14.44,q1,"(100, 100)",2930,-0.002621065636008351,0.43683846132857507,-0.00037443305015109223,0.45869311202615637,28071,11929,0.70
oscillations,0.5,2,1,-8.5,14.44,q2,"(100, 100)",2998,0.0018701948830168453,0.4756580366626631,-0.00037443305015109223,0.45869311202615637,28071,11929,0.70
oscillations,0.5,2,1,-8.5,14.44,q3,"(100, 100)",2997,0.0014300014360882631,0.43724265492047576,-0.00037443305015109223,0.45869311202615637,28071,11929,0.70
oscillations,0.5,2,1,-8.5,14.44,q4,"(100, 100)",3004,-0.002223518010981675,0.48252054113237974,-0.00037443305015109223,0.45869311202615637,28071,11929,0.70
oscillations,0.5,3,1,-8.5,14.44,q1,"(100, 100)",2996,0.010375764427875342,0.43433432852334847,-0.0005292303565011815,0.46286368038925046,28068,11932,0.70
oscillations,0.5,3,1,-8.5,14.44,q2,"(100, 100)",3041,-0.0054058228300014775,0.4527458298570236,-0.0005292303565011815,0.46286368038925046,28068,11932,0.70
oscillations,0.5,3,1,-8.5,14.44,q3,"(100, 100)",3001,-0.008765449178047106,0.47227765242850517,-0.0005292303565011815,0.46286368038925046,28068,11932,0.70
oscillations,0.5,3,1,-8.5,14.44,q4,"(100, 100)",2894,0.001846459353720543,0.4910427824047622,-0.0005292303565011815,0.46286368038925046,28068,11932,0.70
oscillations,0.5,4,1,-8.5,14.44,q1,"(100, 100)",2906,0.008533370283512243,0.46170317863250077,0.0010682682692263609,0.47186027683832427,28054,11946,0.70
oscillations,0.5,4,1,-8.5,14.44,q2,"(100, 100)",3034,-0.003470721911074207,0.46773992818866406,0.0010682682692263609,0.47186027683832427,28054,11946,0.70
oscillations,0.5,4,1,-8.5,14.44,q3,"(100, 100)",3062,0.0005636249527772432,0.479982051224796,0.0010682682692263609,0.47186027683832427,28054,11946,0.70
oscillations,0.5,4,1,-8.5,14.44,q4,"(100, 100)",2944,-0.0010978568705547732,0.4773679445064045,0.0010682682692263609,0.47186027683832427,28054,11946,0.70
oscillations,0.5,5,1,-8.5,14.44,q1,"(100, 100)",2986,-0.0011069570116375245,0.4359600258483107,0.0002453979893534847,0.45340340442756955,28046,11954,0.70
oscillations,0.5,5,1,-8.5,14.44,q2,"(100, 100)",2961,0.0014884658599356741,0.4457695482705715,0.0002453979893534847,0.45340340442756955,28046,11954,0.70
oscillations,0.5,5,1,-8.5,14.44,q3,"(100, 100)",3008,0.0004736469476810402,0.44523065732349365,0.0002453979893534847,0.45340340442756955,28046,11954,0.70
oscillations,0.5,5,1,-8.5,14.44,q4,"(100, 100)",2999,0.00013563980379696872,0.48493403972564375,0.0002453979893534847,0.45340340442756955,28046,11954,0.70
oscillations,0.5,6,1,-8.5,14.44,q1,"(100, 100)",2922,-0.00045467912260510255,0.4349280006690169,5.407592526881823e-05,0.4631176618912361,28057,11943,0.70
oscillations,0.5,6,1,-8.5,14.44,q2,"(100, 100)",3013,-0.00027785203947390904,0.466142401446506,5.407592526881823e-05,0.4631176618912361,28057,11943,0.70
oscillations,0.5,6,1,-8.5,14.44,q3,"(100, 100)",3004,0.00037141399336856684,0.46948600805096175,5.407592526881823e-05,0.4631176618912361,28057,11943,0.70
oscillations,0.5,6,1,-8.5,14.44,q4,"(100, 100)",3004,0.00056452787303372,0.47994111724862654,5.407592526881823e-05,0.4631176618912361,28057,11943,0.70
oscillations,0.5,7,1,-8.5,14.44,q1,"(100, 100)",2989,0.011106227667170383,0.4388506761841562,0.001635441056382985,0.4551750881125817,28053,11947,0.70
oscillations,0.5,7,1,-8.5,14.44,q2,"(100, 100)",3048,-0.00466643801446233,0.4269807913617825,0.001635441056382985,0.4551750881125817,28053,11947,0.70
oscillations,0.5,7,1,-8.5,14.44,q3,"(100, 100)",2996,0.01023698244882814,0.481791195950084,0.001635441056382985,0.4551750881125817,28053,11947,0.70
oscillations,0.5,7,1,-8.5,14.44,q4,"(100, 100)",2914,-0.010331021463683145,0.47135650378278227,0.001635441056382985,0.4551750881125817,28053,11947,0.70
oscillations,0.5,8,1,-8.5,14.44,q1,"(100, 100)",2977,-0.001486986813636906,0.4042558134199634,0.0018121077880295228,0.4565598908542515,28062,11938,0.70
oscillations,0.5,8,1,-8.5,14.44,q2,"(100, 100)",3000,0.0016040492812718064,0.47075577030148497,0.0018121077880295228,0.4565598908542515,28062,11938,0.70
oscillations,0.5,8,1,-8.5,14.44,q3,"(100, 100)",2951,0.010244076047162206,0.4659303234558437,0.0018121077880295228,0.4565598908542515,28062,11938,0.70
oscillations,0.5,8,1,-8.5,14.44,q4,"(100, 100)",3010,-0.002984290279500861,0.4809146952933813,0.0018121077880295228,0.4565598908542515,28062,11938,0.70
oscillations,0.5,9,1,-8.5,14.44,q1,"(100, 100)",2964,0.003674619521492978,0.40703574164592843,-0.0011134287065678718,0.4506128967306642,28059,11941,0.70
oscillations,0.5,9,1,-8.5,14.44,q2,"(100, 100)",3018,-0.004343779672821975,0.44875403916432355,-0.0011134287065678718,0.4506128967306642,28059,11941,0.70
oscillations,0.5,9,1,-8.5,14.44,q3,"(100, 100)",3002,-0.010849467386724357,0.4607875063539319,-0.0011134287065678718,0.4506128967306642,28059,11941,0.70
oscillations,0.5,9,1,-8.5,14.44,q4,"(100, 100)",2957,0.007268381366483289,0.4822926972215774,-0.0011134287065678718,0.4506128967306642,28059,11941,0.70
oscillations,0.5,10,1,-8.5,14.44,q1,"(100, 100)",3015,-0.006674381545379283,0.4323827526799301,-0.0010835289833933533,0.4609238337155563,28056,11944,0.70
oscillations,0.5,10,1,-8.5,14.44,q2,"(100, 100)",2986,0.0045204685385163415,0.4627340503770604,-0.0010835289833933533,0.4609238337155563,28056,11944,0.70
oscillations,0.5,10,1,-8.5,14.44,q3,"(100, 100)",2980,-0.0049542961538394945,0.46283117298308496,-0.0010835289833933533,0.4609238337155563,28056,11944,0.70
oscillations,0.5,10,1,-8.5,14.44,q4,"(100, 100)",2963,0.0028509192251435066,0.4846061678781532,-0.0010835289833933533,0.4609238337155563,28056,11944,0.70
oscillations,0.5,11,1,-8.5,14.44,q1,"(100, 100)",2940,-0.0009423100640916899,0.4447967454179222,-0.0008286321152407351,0.4731625587686066,28066,11934,0.70
oscillations,0.5,11,1,-8.5,14.44,q2,"(100, 100)",2987,0.0008378555787633965,0.4815249911550083,-0.0008286321152407351,0.4731625587686066,28066,11934,0.70
oscillations,0.5,11,1,-8.5,14.44,q3,"(100, 100)",3096,-0.0037253347455039657,0.4781710387725485,-0.0008286321152407351,0.4731625587686066,28066,11934,0.70
oscillations,0.5,11,1,-8.5,14.44,q4,"(100, 100)",2911,0.0006569761880661713,0.4867313341072755,-0.0008286321152407351,0.4731625587686066,28066,11934,0.70
oscillations,0.5,12,1,-8.5,14.44,q1,"(100, 100)",3032,0.0074707184405991825,0.4139450394448686,0.0015163539753637678,0.4621880564768054,28055,11945,0.70
oscillations,0.5,12,1,-8.5,14.44,q2,"(100, 100)",3016,-0.000942082443915898,0.4545386119844724,0.0015163539753637678,0.4621880564768054,28055,11945,0.70
oscillations,0.5,12,1,-8.5,14.44,q3,"(100, 100)",2958,-0.007244509218754089,0.4740617464994495,0.0015163539753637678,0.4621880564768054,28055,11945,0.70
oscillations,0.5,12,1,-8.5,14.44,q4,"(100, 100)",2939,0.006713919307161762,0.5030736600933635,0.0015163539753637678,0.4621880564768054,28055,11945,0.70
oscillations,0.5,13,1,-8.5,14.44,q1,"(100, 100)",2953,0.005446479685538165,0.4089508328115724,0.00040640695942409686,0.46165284516570276,28052,11948,0.70
oscillations,0.5,13,1,-8.5,14.44,q2,"(100, 100)",3024,-0.003834660569964992,0.4680975973853859,0.00040640695942409686,0.46165284516570276,28052,11948,0.70
oscillations,0.5,13,1,-8.5,14.44,q3,"(100, 100)",3010,0.00023325109083049332,0.474243378336737,0.00040640695942409686,0.46165284516570276,28052,11948,0.70
oscillations,0.5,13,1,-8.5,14.44,q4,"(100, 100)",2961,-0.00011272420804482632,0.4906526431046155,0.00040640695942409686,0.46165284516570276,28052,11948,0.70
oscillations,0.5,14,1,-8.5,14.44,q1,"(100, 100)",2887,0.0011207859664625426,0.44196381413025726,-0.0012599180287765474,0.47197763331848486,28055,11945,0.70
oscillations,0.5,14,1,-8.5,14.44,q2,"(100, 100)",3062,0.001183938735388687,0.47964196723731306,-0.0012599180287765474,0.47197763331848486,28055,11945,0.70
oscillations,0.5,14,1,-8.5,14.44,q3,"(100, 100)",3068,-0.0016841967092539394,0.48710217859752314,-0.0012599180287765474,0.47197763331848486,28055,11945,0.70
oscillations,0.5,14,1,-8.5,14.44,q4,"(100, 100)",2928,-0.005718420369768542,0.4763939656448106,-0.0012599180287765474,0.47197763331848486,28055,11945,0.70
oscillations,0.5,15,1,-8.5,14.44,q1,"(100, 100)",2988,0.01001167613402831,0.42578515183650834,0.0008684300060054631,0.4603553907003233,28051,11949,0.70
oscillations,0.5,15,1,-8.5,14.44,q2,"(100, 100)",2928,-0.004137216570345064,0.47962831316566035,0.0008684300060054631,0.4603553907003233,28051,11949,0.70
oscillations,0.5,15,1,-8.5,14.44,q3,"(100, 100)",3004,-2.215594425611718e-05,0.44799892903107763,0.0008684300060054631,0.4603553907003233,28051,11949,0.70
oscillations,0.5,15,1,-8.5,14.44,q4,"(100, 100)",3029,-0.0024290827243980124,0.48543528687663373,0.0008684300060054631,0.4603553907003233,28051,11949,0.70
oscillations,0.5,16,1,-8.5,14.44,q1,"(100, 100)",2954,0.006684745640320476,0.43561117170561314,0.0007451124378509808,0.4577554923080231,28066,11934,0.70
oscillations,0.5,16,1,-8.5,14.44,q2,"(100, 100)",3028,-0.0018626123895374171,0.4638704209469328,0.0007451124378509808,0.4577554923080231,28066,11934,0.70
oscillations,0.5,16,1,-8.5,14.44,q3,"(100, 100)",3003,-0.0014331789459850802,0.45498952356114597,0.0007451124378509808,0.4577554923080231,28066,11934,0.70
oscillations,0.5,16,1,-8.5,14.44,q4,"(100, 100)",2949,-0.00030883014509345186,0.47549192452015177,0.0007451124378509808,0.4577554923080231,28066,11934,0.70
oscillations,0.5,17,1,-8.5,14.44,q1,"(100, 100)",2968,0.0005546802255380976,0.41844014600422696,0.0006532390375981952,0.46081924895755694,28063,11937,0.70
oscillations,0.5,17,1,-8.5,14.44,q2,"(100, 100)",2979,0.0013108825454916334,0.47032741679993784,0.0006532390375981952,0.46081924895755694,28063,11937,0.70
oscillations,0.5,17,1,-8.5,14.44,q3,"(100, 100)",3018,0.00315827436007564,0.4621781611758636,0.0006532390375981952,0.46081924895755694,28063,11937,0.70
oscillations,0.5,17,1,-8.5,14.44,q4,"(100, 100)",2972,-0.0024513350064990784,0.489287198141991,0.0006532390375981952,0.46081924895755694,28063,11937,0.70
oscillations,0.5,18,1,-8.5,14.44,q1,"(100, 100)",2961,0.012507134582126498,0.4277927113458709,0.00013466117604200376,0.45115147954549917,28076,11924,0.70
oscillations,0.5,18,1,-8.5,14.44,q2,"(100, 100)",2940,-0.006529291450095295,0.46361659325417726,0.00013466117604200376,0.45115147954549917,28076,11924,0.70
oscillations,0.5,18,1,-8.5,14.44,q3,"(100, 100)",3042,-0.013559814787070452,0.41928967766004566,0.00013466117604200376,0.45115147954549917,28076,11924,0.70
oscillations,0.5,18,1,-8.5,14.44,q4,"(100, 100)",2981,0.008392199869505797,0.49043963365803384,0.00013466117604200376,0.45115147954549917,28076,11924,0.70
oscillations,0.5,19,1,-8.5,14.44,q1,"(100, 100)",2997,0.005743710852176068,0.4701642592781456,0.0014240146542740036,0.4810025238367286,28054,11946,0.70
oscillations,0.5,19,1,-8.5,14.44,q2,"(100, 100)",2958,-0.0027002035675982947,0.4630420817100378,0.0014240146542740036,0.4810025238367286,28054,11946,0.70
oscillations,0.5,19,1,-8.5,14.44,q3,"(100, 100)",3010,0.0052326985782672345,0.49084547982059407,0.0014240146542740036,0.4810025238367286,28054,11946,0.70
oscillations,0.5,19,1,-8.5,14.44,q4,"(100, 100)",2981,-0.0026722049418460457,0.49882503397752914,0.0014240146542740036,0.4810025238367286,28054,11946,0.70
oscillations,0.5,20,1,-8.5,14.44,q1,"(100, 100)",3000,0.010313952801452019,0.466024386757842,0.0021203162115380285,0.4745080769524291,28066,11934,0.70
oscillations,0.5,20,1,-8.5,14.44,q2,"(100, 100)",2981,-0.0072295317304186405,0.4678198535125776,0.0021203162115380285,0.4745080769524291,28066,11934,0.70
oscillations,0.5,20,1,-8.5,14.44,q3,"(100, 100)",3017,0.0124369381037109,0.48083384201430424,0.0021203162115380285,0.4745080769524291,28066,11934,0.70
oscillations,0.5,20,1,-8.5,14.44,q4,"(100, 100)",2936,-0.00736001801988387,0.4828493909680962,0.0021203162115380285,0.4745080769524291,28066,11934,0.70
oscillations,0.5,21,1,-8.5,14.44,q1,"(100, 100)",2976,-0.0038006666538014564,0.4104811811015642,-1.7988055291335e-05,0.44582716155139734,28063,11937,0.70
oscillations,0.5,21,1,-8.5,14.44,q2,"(100, 100)",3016,0.0022852331976138283,0.4475970384940441,-1.7988055291335e-05,0.44582716155139734,28063,11937,0.70
oscillations,0.5,21,1,-8.5,14.44,q3,"(100, 100)",3029,0.002032300376826096,0.4470574982539489,-1.7988055291335e-05,0.44582716155139734,28063,11937,0.70
oscillations,0.5,21,1,-8.5,14.44,q4,"(100, 100)",2916,-0.0006694240808330253,0.47628795606333546,-1.7988055291335e-05,0.44582716155139734,28063,11937,0.70
oscillations,0.5,22,1,-8.5,14.44,q1,"(100, 100)",2985,0.013975218886344539,0.45572528601414786,0.000531596436804329,0.4754994047451476,28057,11943,0.70
oscillations,0.5,22,1,-8.5,14.44,q2,"(100, 100)",3079,-0.0066650451332705305,0.462867199544595,0.000531596436804329,0.4754994047451476,28057,11943,0.70
oscillations,0.5,22,1,-8.5,14.44,q3,"(100, 100)",2927,-0.016039551514163256,0.4758037833456664,0.000531596436804329,0.4754994047451476,28057,11943,0.70
oscillations,0.5,22,1,-8.5,14.44,q4,"(100, 100)",2952,0.01087475241067462,0.5061424208310052,0.000531596436804329,0.4754994047451476,28057,11943,0.70
oscillations,0.5,23,1,-8.5,14.44,q1,"(100, 100)",2938,0.00837280131944919,0.46950372381145355,0.0011515228244351325,0.4693955212482748,28036,11964,0.70
oscillations,0.5,23,1,-8.5,14.44,q2,"(100, 100)",3018,-0.004042009049421585,0.4615197757776417,0.0011515228244351325,0.4693955212482748,28036,11964,0.70
oscillations,0.5,23,1,-8.5,14.44,q3,"(100, 100)",3014,-0.0006406338273250269,0.47586445170650743,0.0011515228244351325,0.4693955212482748,28036,11964,0.70
oscillations,0.5,23,1,-8.5,14.44,q4,"(100, 100)",2994,0.0011046033606253124,0.47051633633004414,0.0011515228244351325,0.4693955212482748,28036,11964,0.70
oscillations,0.5,24,1,-8.5,14.44,q1,"(100, 100)",2981,0.005890473313142765,0.42706888097193396,-0.0007752307728563941,0.46070938219718827,28062,11938,0.70
oscillations,0.5,24,1,-8.5,14.44,q2,"(100, 100)",2982,-0.0035460694712356384,0.4798940958340184,-0.0007752307728563941,0.46070938219718827,28062,11938,0.70
oscillations,0.5,24,1,-8.5,14.44,q3,"(100, 100)",2973,-0.008817358931796483,0.45017244509966536,-0.0007752307728563941,0.46070938219718827,28062,11938,0.70
oscillations,0.5,24,1,-8.5,14.44,q4,"(100, 100)",3002,0.003322512110132381,0.4830705253427944,-0.0007752307728563941,0.46070938219718827,28062,11938,0.70
oscillations,0.5,25,1,-8.5,14.44,q1,"(100, 100)",2955,-0.005648857611679736,0.43668138213745056,0.0005949082301777103,0.46348267554275624,28061,11939,0.70
oscillations,0.5,25,1,-8.5,14.44,q2,"(100, 100)",2978,0.004650015430962341,0.4696529207682896,0.0005949082301777103,0.46348267554275624,28061,11939,0.70
oscillations,0.5,25,1,-8.5,14.44,q3,"(100, 100)",2975,0.009388996142631462,0.45611270730038744,0.0005949082301777103,0.46348267554275624,28061,11939,0.70
oscillations,0.5,25,1,-8.5,14.44,q4,"(100, 100)",3031,-0.005933693789221105,0.4890391629731954,0.0005949082301777103,0.46348267554275624,28061,11939,0.70
oscillations,0.5,26,1,-8.5,14.44,q1,"(100, 100)",3014,0.001748266710303538,0.4268342386834069,-0.0004668857987475755,0.47127879983309445,28057,11943,0.70
oscillations,0.5,26,1,-8.5,14.44,q2,"(100, 100)",3019,-0.0031144248946956402,0.46345786725513344,-0.0004668857987475755,0.47127879983309445,28057,11943,0.70
oscillations,0.5,26,1,-8.5,14.44,q3,"(100, 100)",2960,0.0062692094399943625,0.506225681872863,-0.0004668857987475755,0.47127879983309445,28057,11943,0.70
oscillations,0.5,26,1,-8.5,14.44,q4,"(100, 100)",2950,-0.0067795607269811355,0.48579144931964136,-0.0004668857987475755,0.47127879983309445,28057,11943,0.70
oscillations,0.5,27,1,-8.5,14.44,q1,"(100, 100)",2968,-0.004461401826954596,0.4047265922252286,-0.0018667419425240743,0.45252236315990096,28057,11943,0.70
oscillations,0.5,27,1,-8.5,14.44,q2,"(100, 100)",3016,0.0034691267257121955,0.46833267211869095,-0.0018667419425240743,0.45252236315990096,28057,11943,0.70
oscillations,0.5,27,1,-8.5,14.44,q3,"(100, 100)",2964,-0.006185486616373081,0.4649117936368885,-0.0018667419425240743,0.45252236315990096,28057,11943,0.70
oscillations,0.5,27,1,-8.5,14.44,q4,"(100, 100)",2995,-0.0003947119435665951,0.4684165898104014,-0.0018667419425240743,0.45252236315990096,28057,11943,0.70
oscillations,0.5,28,1,-8.5,14.44,q1,"(100, 100)",3002,0.010627382081244684,0.42526083205378956,0.0011121448803119386,0.4562921291546876,28057,11943,0.70
oscillations,0.5,28,1,-8.5,14.44,q2,"(100, 100)",2954,-0.005976137279384403,0.4556099150272058,0.0011121448803119386,0.4562921291546876,28057,11943,0.70
oscillations,0.5,28,1,-8.5,14.44,q3,"(100, 100)",2928,0.00041825823965891155,0.4902052297729261,0.0011121448803119386,0.4562921291546876,28057,11943,0.70
oscillations,0.5,28,1,-8.5,14.44,q4,"(100, 100)",3059,-0.0007166411587939874,0.45253069906139687,0.0011121448803119386,0.4562921291546876,28057,11943,0.70
oscillations,0.5,29,1,-8.5,14.44,q1,"(100, 100)",3001,-0.005254156398982832,0.45004418840689187,-0.000149328124607108,0.4642652907041815,28062,11938,0.70
oscillations,0.5,29,1,-8.5,14.44,q2,"(100, 100)",2929,0.00527912697285099,0.46039842462073743,-0.000149328124607108,0.4642652907041815,28062,11938,0.70
oscillations,0.5,29,1,-8.5,14.44,q3,"(100, 100)",3027,0.0011585919515637005,0.47536657997859916,-0.000149328124607108,0.4642652907041815,28062,11938,0.70
oscillations,0.5,29,1,-8.5,14.44,q4,"(100, 100)",2981,-0.001672115578354936,0.4706313115099423,-0.000149328124607108,0.4642652907041815,28062,11938,0.70
oscillations,0.5,30,1,-8.5,14.44,q1,"(100, 100)",2959,0.003546120648452111,0.4314911850933481,5.298599468246501e-05,0.4540655629397877,28050,11950,0.70
oscillations,0.5,30,1,-8.5,14.44,q2,"(100, 100)",3031,-0.0004177034001443997,0.4580468769043276,5.298599468246501e-05,0.4540655629397877,28050,11950,0.70
oscillations,0.5,30,1,-8.5,14.44,q3,"(100, 100)",3056,-0.003733944866925041,0.4553453574403665,5.298599468246501e-05,0.4540655629397877,28050,11950,0.70
oscillations,0.5,30,1,-8.5,14.44,q4,"(100, 100)",2904,0.0009701123129635879,0.4706394073360843,5.298599468246501e-05,0.4540655629397877,28050,11950,0.70
oscillations,0.5,31,1,-8.5,14.44,q1,"(100, 100)",2909,0.0022435387380407143,0.46223167993918013,0.0003114832959812344,0.47149582177729127,28057,11943,0.70
oscillations,0.5,31,1,-8.5,14.44,q2,"(100, 100)",3020,-0.0020287811712264682,0.4705684499337626,0.0003114832959812344,0.47149582177729127,28057,11943,0.70
oscillations,0.5,31,1,-8.5,14.44,q3,"(100, 100)",3060,-0.0022253123237393558,0.48126790666718067,0.0003114832959812344,0.47149582177729127,28057,11943,0.70
oscillations,0.5,31,1,-8.5,14.44,q4,"(100, 100)",2954,0.0034292368526370365,0.4712214350298565,0.0003114832959812344,0.47149582177729127,28057,11943,0.70
oscillations,0.5,32,1,-8.5,14.44,q1,"(100, 100)",3007,0.0032670378110570488,0.4676967398811722,-0.0013503490876443942,0.49311797503927307,28066,11934,0.70
oscillations,0.5,32,1,-8.5,14.44,q2,"(100, 100)",2976,-0.0027233821778628797,0.4883818285082291,-0.0013503490876443942,0.49311797503927307,28066,11934,0.70
oscillations,0.5,32,1,-8.5,14.44,q3,"(100, 100)",2977,-0.011192389820728357,0.5014853089001311,-0.0013503490876443942,0.49311797503927307,28066,11934,0.70
oscillations,0.5,32,1,-8.5,14.44,q4,"(100, 100)",2974,0.00520695398380346,0.5138279229201421,-0.0013503490876443942,0.49311797503927307,28066,11934,0.70
oscillations,0.5,33,1,-8.5,14.44,q1,"(100, 100)",3008,0.006693302273031225,0.45321074771572184,0.002468208974600077,0.4679326065397626,28048,11952,0.70
oscillations,0.5,33,1,-8.5,14.44,q2,"(100, 100)",2952,-0.002909899972698856,0.45617329306033155,0.002468208974600077,0.4679326065397626,28048,11952,0.70
oscillations,0.5,33,1,-8.5,14.44,q3,"(100, 100)",3053,0.011941519428988558,0.4890296486698857,0.002468208974600077,0.4679326065397626,28048,11952,0.70
oscillations,0.5,33,1,-8.5,14.44,q4,"(100, 100)",2939,-0.006294948509749193,0.47176862859296353,0.002468208974600077,0.4679326065397626,28048,11952,0.70
oscillations,0.5,34,1,-8.5,14.44,q1,"(100, 100)",3013,0.006349017060822881,0.39940165443145137,0.0013761246838765336,0.4506570000996962,28056,11944,0.70
oscillations,0.5,34,1,-8.5,14.44,q2,"(100, 100)",3039,-0.0048739527451714575,0.4574587201774597,0.0013761246838765336,0.4506570000996962,28056,11944,0.70
oscillations,0.5,34,1,-8.5,14.44,q3,"(100, 100)",2958,0.0016152435111156276,0.43510257319124446,0.0013761246838765336,0.4506570000996962,28056,11944,0.70
oscillations,0.5,34,1,-8.5,14.44,q4,"(100, 100)",2934,0.0025020098523033454,0.5052327555587618,0.0013761246838765336,0.4506570000996962,28056,11944,0.70
oscillations,0.5,35,1,-8.5,14.44,q1,"(100, 100)",2957,0.006604048719286137,0.43138620555073576,0.0013412040187511074,0.4692432746436607,28053,11947,0.70
oscillations,0.5,35,1,-8.5,14.44,q2,"(100, 100)",3023,-0.003478885286560787,0.47113574218456417,0.0013412040187511074,0.4692432746436607,28053,11947,0.70
oscillations,0.5,35,1,-8.5,14.44,q3,"(100, 100)",3003,0.011737100755117805,0.4779811444266892,0.0013412040187511074,0.4692432746436607,28053,11947,0.70
oscillations,0.5,35,1,-8.5,14.44,q4,"(100, 100)",2964,-0.009525860660342497,0.49368442817674335,0.0013412040187511074,0.4692432746436607,28053,11947,0.70
oscillations,0.5,36,1,-8.5,14.44,q1,"(100, 100)",3009,0.0027657732646914836,0.44290801277215636,0.0003624157726155059,0.4591038984624223,28058,11942,0.70
oscillations,0.5,36,1,-8.5,14.44,q2,"(100, 100)",2921,-0.0008976155112669075,0.43818300182005526,0.0003624157726155059,0.4591038984624223,28058,11942,0.70
oscillations,0.5,36,1,-8.5,14.44,q3,"(100, 100)",3012,-0.01392482446177204,0.46622028789837366,0.0003624157726155059,0.4591038984624223,28058,11942,0.70
oscillations,0.5,36,1,-8.5,14.44,q4,"(100, 100)",3000,0.013523087863461911,0.4865285423203371,0.0003624157726155059,0.4591038984624223,28058,11942,0.70
oscillations,0.5,37,1,-8.5,14.44,q1,"(100, 100)",3016,0.016686897557123638,0.4194239459259281,0.002893986687812215,0.4556397281156097,28068,11932,0.70
oscillations,0.5,37,1,-8.5,14.44,q2,"(100, 100)",2948,-0.008504120183667672,0.4617862721479589,0.002893986687812215,0.4556397281156097,28068,11932,0.70
oscillations,0.5,37,1,-8.5,14.44,q3,"(100, 100)",3056,0.001902249685549345,0.44867722009181027,0.002893986687812215,0.4556397281156097,28068,11932,0.70
oscillations,0.5,37,1,-8.5,14.44,q4,"(100, 100)",2912,0.001188268334170321,0.4909144093952887,0.002893986687812215,0.4556397281156097,28068,11932,0.70
oscillations,0.5,38,1,-8.5,14.44,q1,"(100, 100)",2940,-0.005200397246969578,0.41993833690487026,0.0006882975472053129,0.459941626609722,28056,11944,0.70
oscillations,0.5,38,1,-8.5,14.44,q2,"(100, 100)",2979,0.004573186309977503,0.4808757156634363,0.0006882975472053129,0.459941626609722,28056,11944,0.70
oscillations,0.5,38,1,-8.5,14.44,q3,"(100, 100)",3050,0.007679238859481056,0.45367598432179657,0.0006882975472053129,0.459941626609722,28056,11944,0.70
oscillations,0.5,38,1,-8.5,14.44,q4,"(100, 100)",2975,-0.004549582093757772,0.48202744161216676,0.0006882975472053129,0.459941626609722,28056,11944,0.70
oscillations,0.5,39,1,-8.5,14.44,q1,"(100, 100)",2972,-0.0009965932069138505,0.43215663016397665,0.0005663896388518838,0.4549188778994077,28057,11943,0.70
oscillations,0.5,39,1,-8.5,14.44,q2,"(100, 100)",2998,-0.000726738861228958,0.44361270409558906,0.0005663896388518838,0.4549188778994077,28057,11943,0.70
oscillations,0.5,39,1,-8.5,14.44,q3,"(100, 100)",2987,0.005783311383371401,0.475182807800636,0.0005663896388518838,0.4549188778994077,28057,11943,0.70
oscillations,0.5,39,1,-8.5,14.44,q4,"(100, 100)",2986,-0.0017982992392531626,0.4672872492876333,0.0005663896388518838,0.4549188778994077,28057,11943,0.70
oscillations,0.5,40,1,-8.5,14.44,q1,"(100, 100)",2950,-0.0006780116850941304,0.4414776392399558,-0.0008730185297426336,0.46972987607170835,28065,11935,0.70
oscillations,0.5,40,1,-8.5,14.44,q2,"(100, 100)",3003,-0.0005417181271982371,0.4778510886053928,-0.0008730185297426336,0.46972987607170835,28065,11935,0.70
oscillations,0.5,40,1,-8.5,14.44,q3,"(100, 100)",3029,-0.006903115197372357,0.47710725840795115,-0.0008730185297426336,0.46972987607170835,28065,11935,0.70
oscillations,0.5,40,1,-8.5,14.44,q4,"(100, 100)",2953,0.00478055326358501,0.48094020743040644,-0.0008730185297426336,0.46972987607170835,28065,11935,0.70
oscillations,0.5,41,1,-8.5,14.44,q1,"(100, 100)",3043,-0.007898315997824996,0.44355702049239476,-0.0005355890858097173,0.46879318328217384,28058,11942,0.70
oscillations,0.5,41,1,-8.5,14.44,q2,"(100, 100)",2962,0.003564962484210476,0.4584927794471731,-0.0005355890858097173,0.46879318328217384,28058,11942,0.70
oscillations,0.5,41,1,-8.5,14.44,q3,"(100, 100)",2960,0.005860797406456285,0.4963012667383422,-0.0005355890858097173,0.46879318328217384,28058,11942,0.70
oscillations,0.5,41,1,-8.5,14.44,q4,"(100, 100)",2977,-0.003449381418441457,0.475696748990008,-0.0005355890858097173,0.46879318328217384,28058,11942,0.70
oscillations,0.5,42,1,-8.5,14.44,q1,"(100, 100)",2979,-0.0038425720311484105,0.45266251759116893,0.0004970628008708845,0.47229356714746645,28057,11943,0.70
oscillations,0.5,42,1,-8.5,14.44,q2,"(100, 100)",2973,0.006333043709457425,0.4693878379302469,0.0004970628008708845,0.47229356714746645,28057,11943,0.70
oscillations,0.5,42,1,-8.5,14.44,q3,"(100, 100)",3054,-0.006924778062433059,0.48004291865832055,0.0004970628008708845,0.47229356714746645,28057,11943,0.70
oscillations,0.5,42,1,-8.5,14.44,q4,"(100, 100)",2937,0.006708742378633207,0.48623566449445516,0.0004970628008708845,0.47229356714746645,28057,11943,0.70
oscillations,0.5,43,1,-8.5,14.44,q1,"(100, 100)",2965,0.0008766611571159011,0.44055264342515926,0.0016141657591173513,0.46388376461451813,28062,11938,0.70
oscillations,0.5,43,1,-8.5,14.44,q2,"(100, 100)",2997,0.002403056288375437,0.45865947313173744,0.0016141657591173513,0.46388376461451813,28062,11938,0.70
oscillations,0.5,43,1,-8.5,14.44,q3,"(100, 100)",3019,0.010228713013314425,0.46764347793985767,0.0016141657591173513,0.46388376461451813,28062,11938,0.70
oscillations,0.5,43,1,-8.5,14.44,q4,"(100, 100)",2957,-0.0072410665478400875,0.48734024723409886,0.0016141657591173513,0.46388376461451813,28062,11938,0.70
oscillations,0.5,44,1,-8.5,14.44,q1,"(100, 100)",2995,-0.001173801457317476,0.47577683303371193,0.00028288415591872396,0.49041574244579617,28059,11941,0.70
oscillations,0.5,44,1,-8.5,14.44,q2,"(100, 100)",2965,0.0023516445754130345,0.4811202414624551,0.00028288415591872396,0.49041574244579617,28059,11941,0.70
oscillations,0.5,44,1,-8.5,14.44,q3,"(100, 100)",3011,-0.0005268275157460757,0.5015363756544498,0.00028288415591872396,0.49041574244579617,28059,11941,0.70
oscillations,0.5,44,1,-8.5,14.44,q4,"(100, 100)",2970,0.0005074432842771433,0.5025891250721384,0.00028288415591872396,0.49041574244579617,28059,11941,0.70
oscillations,0.5,45,1,-8.5,14.44,q1,"(100, 100)",2990,0.00036772692483546794,0.43716082640916076,5.3492608778328565e-05,0.451489835976682,28058,11942,0.70
oscillations,0.5,45,1,-8.5,14.44,q2,"(100, 100)",2880,-6.894119662587251e-05,0.466599026021491,5.3492608778328565e-05,0.451489835976682,28058,11942,0.70
oscillations,0.5,45,1,-8.5,14.44,q3,"(100, 100)",3046,0.0009652702998250863,0.421185585959645,5.3492608778328565e-05,0.451489835976682,28058,11942,0.70
oscillations,0.5,45,1,-8.5,14.44,q4,"(100, 100)",3026,-0.0010582807198320993,0.4794175118554422,5.3492608778328565e-05,0.451489835976682,28058,11942,0.70
oscillations,0.5,46,1,-8.5,14.44,q1,"(100, 100)",2965,0.016451096717779907,0.42272144687115115,0.0028742794774786512,0.4628945595368827,28058,11942,0.70
oscillations,0.5,46,1,-8.5,14.44,q2,"(100, 100)",2933,-0.008781663688993779,0.4669134396431235,0.0028742794774786512,0.4628945595368827,28058,11942,0.70
oscillations,0.5,46,1,-8.5,14.44,q3,"(100, 100)",3073,0.008843957625302443,0.467952492437629,0.0028742794774786512,0.4628945595368827,28058,11942,0.70
oscillations,0.5,46,1,-8.5,14.44,q4,"(100, 100)",2971,-0.005342887388388771,0.49070991107490236,0.0028742794774786512,0.4628945595368827,28058,11942,0.70
oscillations,0.5,47,1,-8.5,14.44,q1,"(100, 100)",3007,0.003808543571337815,0.470388072175412,0.000977938221924915,0.48408857624391133,28069,11931,0.70
oscillations,0.5,47,1,-8.5,14.44,q2,"(100, 100)",2981,-0.0005821524965602689,0.4757043186099672,0.000977938221924915,0.48408857624391133,28069,11931,0.70
oscillations,0.5,47,1,-8.5,14.44,q3,"(100, 100)",2982,0.004982437758937811,0.5031940591753769,0.000977938221924915,0.48408857624391133,28069,11931,0.70
oscillations,0.5,47,1,-8.5,14.44,q4,"(100, 100)",2961,-0.004358913339457292,0.486489168480693,0.000977938221924915,0.48408857624391133,28069,11931,0.70
oscillations,0.5,48,1,-8.5,14.44,q1,"(100, 100)",2975,-0.001094911262436713,0.4234104582988472,-0.0016672353426054,0.45854011626691393,28064,11936,0.70
oscillations,0.5,48,1,-8.5,14.44,q2,"(100, 100)",3010,-0.0025150578836900107,0.4573496997791588,-0.0016672353426054,0.45854011626691393,28064,11936,0.70
oscillations,0.5,48,1,-8.5,14.44,q3,"(100, 100)",3008,-0.009868598007704668,0.48297841365757055,-0.0016672353426054,0.45854011626691393,28064,11936,0.70
oscillations,0.5,48,1,-8.5,14.44,q4,"(100, 100)",2943,0.007003841995750504,0.46800785912358395,-0.0016672353426054,0.45854011626691393,28064,11936,0.70
oscillations,0.5,49,1,-8.5,14.44,q1,"(100, 100)",2971,-0.006073097052173971,0.4262851697504137,-0.00033818657324859684,0.4592012437137614,28061,11939,0.70
oscillations,0.5,49,1,-8.5,14.44,q2,"(100, 100)",3048,0.006634229883607531,0.45040555722759185,-0.00033818657324859684,0.4592012437137614,28061,11939,0.70
oscillations,0.5,49,1,-8.5,14.44,q3,"(100, 100)",2979,-0.008068722451184968,0.4724892538598603,-0.00033818657324859684,0.4592012437137614,28061,11939,0.70
oscillations,0.5,49,1,-8.5,14.44,q4,"(100, 100)",2941,0.006059555709227514,0.4856708563695266,-0.00033818657324859684,0.4592012437137614,28061,11939,0.70
oscillations,0.5,0,2,-12.3,10.68,q1,"(100, 100)",3006,0.0016272366481732427,0.4782432497959397,0.0016984578059864052,0.49835237482534467,28060,11940,0.70
oscillations,0.5,0,2,-12.3,10.68,q2,"(100, 100)",3005,0.0005119569281129729,0.47291212013667333,0.0016984578059864052,0.49835237482534467,28060,11940,0.70
oscillations,0.5,0,2,-12.3,10.68,q3,"(100, 100)",2931,0.014772248489766483,0.5316975507875484,0.0016984578059864052,0.49835237482534467,28060,11940,0.70
oscillations,0.5,0,2,-12.3,10.68,q4,"(100, 100)",2998,-0.009822474334028065,0.5088536504367576,0.0016984578059864052,0.49835237482534467,28060,11940,0.70
oscillations,0.5,1,2,-12.3,10.68,q1,"(100, 100)",2905,0.015623131218150805,0.4616130306610891,0.0005827393102118851,0.5009022595143423,28058,11942,0.70
oscillations,0.5,1,2,-12.3,10.68,q2,"(100, 100)",3033,-0.008733691911244103,0.5138792355354057,0.0005827393102118851,0.5009022595143423,28058,11942,0.70
oscillations,0.5,1,2,-12.3,10.68,q3,"(100, 100)",2998,-0.017295945205205915,0.5004928186990572,0.0005827393102118851,0.5009022595143423,28058,11942,0.70
oscillations,0.5,1,2,-12.3,10.68,q4,"(100, 100)",3006,0.01327891149229306,0.5232443108192336,0.0005827393102118851,0.5009022595143423,28058,11942,0.70
oscillations,0.5,2,2,-12.3,10.68,q1,"(100, 100)",2915,0.005485908820106064,0.4699398925438572,3.8931174404415664e-05,0.4949507192132113,28061,11939,0.70
oscillations,0.5,2,2,-12.3,10.68,q2,"(100, 100)",3045,-0.0023251569762711877,0.4932363162308666,3.8931174404415664e-05,0.4949507192132113,28061,11939,0.70
oscillations,0.5,2,2,-12.3,10.68,q3,"(100, 100)",3047,-0.002053878345338397,0.5071954982300554,3.8931174404415664e-05,0.4949507192132113,28061,11939,0.70
oscillations,0.5,2,2,-12.3,10.68,q4,"(100, 100)",2932,-0.0007463692388823354,0.5078736232806024,3.8931174404415664e-05,0.4949507192132113,28061,11939,0.70
oscillations,0.5,3,2,-12.3,10.68,q1,"(100, 100)",3005,-0.003997723693490794,0.45035921259805595,-0.0012460694728887653,0.4954234868055045,28056,11944,0.70
oscillations,0.5,3,2,-12.3,10.68,q2,"(100, 100)",2981,0.0036090386243207524,0.5021111224913116,-0.0012460694728887653,0.4954234868055045,28056,11944,0.70
oscillations,0.5,3,2,-12.3,10.68,q3,"(100, 100)",3012,-0.004168939518454133,0.5034290932215255,-0.0012460694728887653,0.4954234868055045,28056,11944,0.70
oscillations,0.5,3,2,-12.3,10.68,q4,"(100, 100)",2946,-0.00036374487262724894,0.5234042034025636,-0.0012460694728887653,0.4954234868055045,28056,11944,0.70
oscillations,0.5,4,2,-12.3,10.68,q1,"(100, 100)",3007,0.004527666791694016,0.4930967714234374,0.0006015066026091388,0.5036710208258884,28075,11925,0.70
oscillations,0.5,4,2,-12.3,10.68,q2,"(100, 100)",2944,-0.0035117089828854576,0.48263843328712625,0.0006015066026091388,0.5036710208258884,28075,11925,0.70
oscillations,0.5,4,2,-12.3,10.68,q3,"(100, 100)",3011,-0.00809052047280764,0.5241221661543584,0.0006015066026091388,0.5036710208258884,28075,11925,0.70
oscillations,0.5,4,2,-12.3,10.68,q4,"(100, 100)",2963,0.0095367197376742,0.5132675480824634,0.0006015066026091388,0.5036710208258884,28075,11925,0.70
oscillations,0.5,5,2,-12.3,10.68,q1,"(100, 100)",3028,0.010945658327022106,0.48549747550211597,-0.00018936906424904223,0.504989869905386,28061,11939,0.70
oscillations,0.5,5,2,-12.3,10.68,q2,"(100, 100)",2934,-0.00858761862760143,0.4961867494552789,-0.00018936906424904223,0.504989869905386,28061,11939,0.70
oscillations,0.5,5,2,-12.3,10.68,q3,"(100, 100)",3000,-0.005524122898912945,0.518380665210139,-0.00018936906424904223,0.504989869905386,28061,11939,0.70
oscillations,0.5,5,2,-12.3,10.68,q4,"(100, 100)",2977,0.002137759851471002,0.5189405842168441,-0.00018936906424904223,0.504989869905386,28061,11939,0.70
oscillations,0.5,6,2,-12.3,10.68,q1,"(100, 100)",2907,0.0031507443390497505,0.4698874373041101,0.0006735836675526285,0.4924433390389472,28070,11930,0.70
oscillations,0.5,6,2,-12.3,10.68,q2,"(100, 100)",3049,0.0010555784721270104,0.4775835228800943,0.0006735836675526285,0.4924433390389472,28070,11930,0.70
oscillations,0.5,6,2,-12.3,10.68,q3,"(100, 100)",3026,-0.008190351158240775,0.5045021212131734,0.0006735836675526285,0.4924433390389472,28070,11930,0.70
oscillations,0.5,6,2,-12.3,10.68,q4,"(100, 100)",2948,0.006934254818048361,0.5160881552516472,0.0006735836675526285,0.4924433390389472,28070,11930,0.70
oscillations,0.5,7,2,-12.3,10.68,q1,"(100, 100)",2896,0.012056978021507632,0.5043811876726746,0.0010699463738875602,0.5008999936390233,28069,11931,0.70
oscillations,0.5,7,2,-12.3,10.68,q2,"(100, 100)",3032,-0.005759376265362854,0.48519894356711274,0.0010699463738875602,0.5008999936390233,28069,11931,0.70
oscillations,0.5,7,2,-12.3,10.68,q3,"(100, 100)",3042,-0.0043725428996602275,0.49800811495566916,0.0010699463738875602,0.5008999936390233,28069,11931,0.70
oscillations,0.5,7,2,-12.3,10.68,q4,"(100, 100)",2961,0.0029085532502238992,0.5158490071803407,0.0010699463738875602,0.5008999936390233,28069,11931,0.70
oscillations,0.5,8,2,-12.3,10.68,q1,"(100, 100)",2960,-0.0023795606846615607,0.4668208804333894,0.00042432776558615616,0.49512504416037634,28068,11932,0.70
oscillations,0.5,8,2,-12.3,10.68,q2,"(100, 100)",3068,0.001370267558177196,0.48447543445234886,0.00042432776558615616,0.49512504416037634,28068,11932,0.70
oscillations,0.5,8,2,-12.3,10.68,q3,"(100, 100)",2955,0.004327468762745527,0.4986200130204437,0.00042432776558615616,0.49512504416037634,28068,11932,0.70
oscillations,0.5,8,2,-12.3,10.68,q4,"(100, 100)",2949,-0.0016565183237804144,0.5289822189487577,0.00042432776558615616,0.49512504416037634,28068,11932,0.70
oscillations,0.5,9,2,-12.3,10.68,q1,"(100, 100)",2931,0.0034615813705199537,0.4598280009013765,-0.0010521164464142925,0.5049220149976913,28054,11946,0.70
oscillations,0.5,9,2,-12.3,10.68,q2,"(100, 100)",2991,-0.00045624302298330016,0.5107064315811782,-0.0010521164464142925,0.5049220149976913,28054,11946,0.70
oscillations,0.5,9,2,-12.3,10.68,q3,"(100, 100)",3022,-0.018477495439954413,0.5007545022210855,-0.0010521164464142925,0.5049220149976913,28054,11946,0.70
oscillations,0.5,9,2,-12.3,10.68,q4,"(100, 100)",3002,0.011488719532120646,0.543419164919234,-0.0010521164464142925,0.5049220149976913,28054,11946,0.70
oscillations,0.5,10,2,-12.3,10.68,q1,"(100, 100)",2948,0.002200806853973842,0.45573496657913004,0.0013581138559226622,0.4949762074509597,28067,11933,0.70
oscillations,0.5,10,2,-12.3,10.68,q2,"(100, 100)",3056,-0.0007569661014669549,0.5007495580850028,0.0013581138559226622,0.4949762074509597,28067,11933,0.70
oscillations,0.5,10,2,-12.3,10.68,q3,"(100, 100)",3009,0.01268362448450552,0.5049762474722663,0.0013581138559226622,0.4949762074509597,28067,11933,0.70
oscillations,0.5,10,2,-12.3,10.68,q4,"(100, 100)",2920,-0.008949775215953372,0.5158504404421776,0.0013581138559226622,0.4949762074509597,28067,11933,0.70
oscillations,0.5,11,2,-12.3,10.68,q1,"(100, 100)",2959,0.011091891666818765,0.4703662054730047,0.0013843357743244433,0.5000252492051354,28058,11942,0.70
oscillations,0.5,11,2,-12.3,10.68,q2,"(100, 100)",2991,-0.007498411311371579,0.4893693366605385,0.0013843357743244433,0.5000252492051354,28058,11942,0.70
oscillations,0.5,11,2,-12.3,10.68,q3,"(100, 100)",3053,0.004894096609051221,0.4981664885019166,0.0013843357743244433,0.5000252492051354,28058,11942,0.70
oscillations,0.5,11,2,-12.3,10.68,q4,"(100, 100)",2939,-0.002995269935438994,0.5398626120323993,0.0013843357743244433,0.5000252492051354,28058,11942,0.70
oscillations,0.5,12,2,-12.3,10.68,q1,"(100, 100)",3015,0.0020903165858142726,0.44691765809799083,-0.001043040486636964,0.4928242607371833,28055,11945,0.70
oscillations,0.5,12,2,-12.3,10.68,q2,"(100, 100)",3005,-0.0017405910148064058,0.5146129785290874,-0.001043040486636964,0.4928242607371833,28055,11945,0.70
oscillations,0.5,12,2,-12.3,10.68,q3,"(100, 100)",2978,-0.007084759537620147,0.48157541153420774,-0.001043040486636964,0.4928242607371833,28055,11945,0.70
oscillations,0.5,12,2,-12.3,10.68,q4,"(100, 100)",2947,0.0025678543547395564,0.5250185466507008,-0.001043040486636964,0.4928242607371833,28055,11945,0.70
oscillations,0.5,13,2,-12.3,10.68,q1,"(100, 100)",2980,-0.0018144656149397093,0.4761228476023077,-0.0001673676603699016,0.5102621092662656,28061,11939,0.70
oscillations,0.5,13,2,-12.3,10.68,q2,"(100, 100)",2992,-0.001631918345473995,0.5213249820409678,-0.0001673676603699016,0.5102621092662656,28061,11939,0.70
oscillations,0.5,13,2,-12.3,10.68,q3,"(100, 100)",2990,0.001887608621336243,0.5237104516371941,-0.0001673676603699016,0.5102621092662656,28061,11939,0.70
oscillations,0.5,13,2,-12.3,10.68,q4,"(100, 100)",2977,0.0008893701535864575,0.5182951107389693,-0.0001673676603699016,0.5102621092662656,28061,11939,0.70
oscillations,0.5,14,2,-12.3,10.68,q1,"(100, 100)",2915,0.009285244270519025,0.48055301448874743,0.001815368615973687,0.5054600004214967,28069,11931,0.70
oscillations,0.5,14,2,-12.3,10.68,q2,"(100, 100)",3018,-0.0034777286474945205,0.5144174673767071,0.001815368615973687,0.5054600004214967,28069,11931,0.70
oscillations,0.5,14,2,-12.3,10.68,q3,"(100, 100)",3056,-0.002196942718607956,0.4904139179183673,0.001815368615973687,0.5054600004214967,28069,11931,0.70
oscillations,0.5,14,2,-12.3,10.68,q4,"(100, 100)",2942,0.0040116648248890085,0.5347060590854191,0.001815368615973687,0.5054600004214967,28069,11931,0.70
oscillations,0.5,15,2,-12.3,10.68,q1,"(100, 100)",3003,0.006350272893873758,0.4583735531622987,-0.00026476652819963176,0.49308489541383843,28066,11934,0.70
oscillations,0.5,15,2,-12.3,10.68,q2,"(100, 100)",3005,-0.004898569125767302,0.4827129655365006,-0.00026476652819963176,0.49308489541383843,28066,11934,0.70
oscillations,0.5,15,2,-12.3,10.68,q3,"(100, 100)",2959,-0.001982818071182247,0.5000503891366413,-0.00026476652819963176,0.49308489541383843,28066,11934,0.70
oscillations,0.5,15,2,-12.3,10.68,q4,"(100, 100)",2967,-0.0005534999502117547,0.5290012103033169,-0.00026476652819963176,0.49308489541383843,28066,11934,0.70
oscillations,0.5,16,2,-12.3,10.68,q1,"(100, 100)",2986,0.008968614741015705,0.489910187440275,0.0005508017487678576,0.5002063913253756,28050,11950,0.70
oscillations,0.5,16,2,-12.3,10.68,q2,"(100, 100)",2957,-0.004582884156022181,0.4944231166954613,0.0005508017487678576,0.5002063913253756,28050,11950,0.70
oscillations,0.5,16,2,-12.3,10.68,q3,"(100, 100)",3053,-0.002768182616789028,0.506673659769946,0.0005508017487678576,0.5002063913253756,28050,11950,0.70
oscillations,0.5,16,2,-12.3,10.68,q4,"(100, 100)",2954,0.0006109164724162085,0.5093426865562739,0.0005508017487678576,0.5002063913253756,28050,11950,0.70
oscillations,0.5,17,2,-12.3,10.68,q1,"(100, 100)",2990,0.005346376296101212,0.48305746890009743,0.0005554710708755654,0.49157553161187584,28051,11949,0.70
oscillations,0.5,17,2,-12.3,10.68,q2,"(100, 100)",3011,-0.00011224695911021151,0.4838834662764999,0.0005554710708755654,0.49157553161187584,28051,11949,0.70
oscillations,0.5,17,2,-12.3,10.68,q3,"(100, 100)",2985,-0.007324947144388845,0.49106252166403475,0.0005554710708755654,0.49157553161187584,28051,11949,0.70
oscillations,0.5,17,2,-12.3,10.68,q4,"(100, 100)",2963,0.004338373783473192,0.5079924644754725,0.0005554710708755654,0.49157553161187584,28051,11949,0.70
oscillations,0.5,18,2,-12.3,10.68,q1,"(100, 100)",2988,0.013220336098028501,0.4651639239408357,0.001630608262751534,0.5006644317308739,28059,11941,0.70
oscillations,0.5,18,2,-12.3,10.68,q2,"(100, 100)",3041,-0.007518867562284795,0.5076656566709224,0.001630608262751534,0.5006644317308739,28059,11941,0.70
oscillations,0.5,18,2,-12.3,10.68,q3,"(100, 100)",2948,0.0016305520967370725,0.4847738869901181,0.001630608262751534,0.5006644317308739,28059,11941,0.70
oscillations,0.5,18,2,-12.3,10.68,q4,"(100, 100)",2964,-0.0006657430228292603,0.5416041091677785,0.001630608262751534,0.5006644317308739,28059,11941,0.70
oscillations,0.5,19,2,-12.3,10.68,q1,"(100, 100)",2914,0.012056800076326916,0.44598060255909167,0.0016325772115101636,0.48661057998139434,28065,11935,0.70
oscillations,0.5,19,2,-12.3,10.68,q2,"(100, 100)",3031,-0.004306543577168179,0.49903334427134094,0.0016325772115101636,0.48661057998139434,28065,11935,0.70
oscillations,0.5,19,2,-12.3,10.68,q3,"(100, 100)",3011,-0.004542207125517371,0.48790923912739,0.0016325772115101636,0.48661057998139434,28065,11935,0.70
oscillations,0.5,19,2,-12.3,10.68,q4,"(100, 100)",2979,0.003719708907112022,0.5098351285368392,0.0016325772115101636,0.48661057998139434,28065,11935,0.70
oscillations,0.5,20,2,-12.3,10.68,q1,"(100, 100)",2910,-0.004327836806424744,0.48609368684640913,0.0001765834676912388,0.4993246081486891,28057,11943,0.70
oscillations,0.5,20,2,-12.3,10.68,q2,"(100, 100)",3055,0.002556907881736182,0.5051443729658849,0.0001765834676912388,0.4993246081486891,28057,11943,0.70
oscillations,0.5,20,2,-12.3,10.68,q3,"(100, 100)",3018,-0.006815597189439563,0.501002814699727,0.0001765834676912388,0.4993246081486891,28057,11943,0.70
oscillations,0.5,20,2,-12.3,10.68,q4,"(100, 100)",2960,0.009277385202823313,0.504221489322094,0.0001765834676912388,0.4993246081486891,28057,11943,0.70
oscillations,0.5,21,2,-12.3,10.68,q1,"(100, 100)",2975,0.0054152088121971614,0.5104479940400587,-0.00027745048713286784,0.5086265602372954,28064,11936,0.70
oscillations,0.5,21,2,-12.3,10.68,q2,"(100, 100)",3000,-0.002177977446584139,0.48646048578303475,-0.00027745048713286784,0.5086265602372954,28064,11936,0.70
oscillations,0.5,21,2,-12.3,10.68,q3,"(100, 100)",2969,-0.012543434705274891,0.5216729127492963,-0.00027745048713286784,0.5086265602372954,28064,11936,0.70
oscillations,0.5,21,2,-12.3,10.68,q4,"(100, 100)",2992,0.008139537015043153,0.5151477341889912,-0.00027745048713286784,0.5086265602372954,28064,11936,0.70
oscillations,0.5,22,2,-12.3,10.68,q1,"(100, 100)",2947,-0.009500340690444135,0.49403897270638164,-0.0012167934157147847,0.5074000757185935,28050,11950,0.70
oscillations,0.5,22,2,-12.3,10.68,q2,"(100, 100)",3031,0.004618485300740812,0.5214366554604799,-0.0012167934157147847,0.5074000757185935,28050,11950,0.70
oscillations,0.5,22,2,-12.3,10.68,q3,"(100, 100)",2987,0.003758524197129668,0.5021303806518886,-0.0012167934157147847,0.5074000757185935,28050,11950,0.70
oscillations,0.5,22,2,-12.3,10.68,q4,"(100, 100)",2985,-0.003942552102654785,0.511067411226402,-0.0012167934157147847,0.5074000757185935,28050,11950,0.70
oscillations,0.5,23,2,-12.3,10.68,q1,"(100, 100)",2986,0.01945276228296566,0.4807341429112314,0.0030187570144094584,0.5001507363440917,28046,11954,0.70
oscillations,0.5,23,2,-12.3,10.68,q2,"(100, 100)",2983,-0.011834446880041738,0.491983455490067,0.0030187570144094584,0.5001507363440917,28046,11954,0.70
oscillations,0.5,23,2,-12.3,10.68,q3,"(100, 100)",2997,0.009352385815361167,0.5033800451423672,0.0030187570144094584,0.5001507363440917,28046,11954,0.70
oscillations,0.5,23,2,-12.3,10.68,q4,"(100, 100)",2988,-0.004928605111163893,0.5229043132841322,0.0030187570144094584,0.5001507363440917,28046,11954,0.70
oscillations,0.5,24,2,-12.3,10.68,q1,"(100, 100)",2927,0.013259743275480214,0.47471712188324694,0.0005044180662012775,0.5018379508295612,28052,11948,0.70
oscillations,0.5,24,2,-12.3,10.68,q2,"(100, 100)",3005,-0.009021446952200661,0.5072734650116945,0.0005044180662012775,0.5018379508295612,28052,11948,0.70
oscillations,0.5,24,2,-12.3,10.68,q3,"(100, 100)",2992,0.0034280993318548114,0.5056496798575525,0.0005044180662012775,0.5018379508295612,28052,11948,0.70
oscillations,0.5,24,2,-12.3,10.68,q4,"(100, 100)",3024,-0.005268487639518627,0.5176264257563065,0.0005044180662012775,0.5018379508295612,28052,11948,0.70
oscillations,0.5,25,2,-12.3,10.68,q1,"(100, 100)",2952,-0.002595050286763196,0.47214391928274835,0.0010160082354335014,0.504744687394866,28053,11947,0.70
oscillations,0.5,25,2,-12.3,10.68,q2,"(100, 100)",3059,0.002468182511962268,0.4769415388642195,0.0010160082354335014,0.504744687394866,28053,11947,0.70
oscillations,0.5,25,2,-12.3,10.68,q3,"(100, 100)",3007,0.001599346832927609,0.5416316440269627,0.0010160082354335014,0.504744687394866,28053,11947,0.70
oscillations,0.5,25,2,-12.3,10.68,q4,"(100, 100)",2929,0.002539922364132164,0.5250966168658324,0.0010160082354335014,0.504744687394866,28053,11947,0.70
oscillations,0.5,26,2,-12.3,10.68,q1,"(100, 100)",2939,-0.005561668184661272,0.4855141285158628,-0.0007928531198032626,0.4928126078289897,28069,11931,0.70
oscillations,0.5,26,2,-12.3,10.68,q2,"(100, 100)",3050,0.0026355839856880337,0.47847843265676104,-0.0007928531198032626,0.4928126078289897,28069,11931,0.70
oscillations,0.5,26,2,-12.3,10.68,q3,"(100, 100)",2968,-0.0015106724920753013,0.48348486354447434,-0.0007928531198032626,0.4928126078289897,28069,11931,0.70
oscillations,0.5,26,2,-12.3,10.68,q4,"(100, 100)",2974,0.0011201603976051643,0.5227318214148283,-0.0007928531198032626,0.4928126078289897,28069,11931,0.70
oscillations,0.5,27,2,-12.3,10.68,q1,"(100, 100)",3001,0.006951964697034692,0.47829725507972726,-0.0008299958817113063,0.4948543799299734,28059,11941,0.70
oscillations,0.5,27,2,-12.3,10.68,q2,"(100, 100)",2924,-0.0040491459040547,0.48972661510862214,-0.0008299958817113063,0.4948543799299734,28059,11941,0.70
oscillations,0.5,27,2,-12.3,10.68,q3,"(100, 100)",3028,-0.005463200650156717,0.5058355563355097,-0.0008299958817113063,0.4948543799299734,28059,11941,0.70
oscillations,0.5,27,2,-12.3,10.68,q4,"(100, 100)",2988,-0.0008003857721503852,0.504752947209096,-0.0008299958817113063,0.4948543799299734,28059,11941,0.70
oscillations,0.5,28,2,-12.3,10.68,q1,"(100, 100)",2923,4.509554310730387e-05,0.48762642659615113,-0.000655499806376684,0.49588207873508416,28072,11928,0.70
oscillations,0.5,28,2,-12.3,10.68,q2,"(100, 100)",2978,-9.104163131156907e-05,0.5007154035454235,-0.000655499806376684,0.49588207873508416,28072,11928,0.70
oscillations,0.5,28,2,-12.3,10.68,q3,"(100, 100)",2991,-0.004936148113175296,0.48693964128306166,-0.000655499806376684,0.49588207873508416,28072,11928,0.70
oscillations,0.5,28,2,-12.3,10.68,q4,"(100, 100)",3036,0.0023335062653456608,0.5075650261238293,-0.000655499806376684,0.49588207873508416,28072,11928,0.70
oscillations,0.5,29,2,-12.3,10.68,q1,"(100, 100)",2897,0.004983185751992487,0.47577478167540366,2.3049505681300892e-05,0.49639472723799244,28068,11932,0.70
oscillations,0.5,29,2,-12.3,10.68,q2,"(100, 100)",2987,-0.003875775266181424,0.5054378199204846,2.3049505681300892e-05,0.49639472723799244,28068,11932,0.70
oscillations,0.5,29,2,-12.3,10.68,q3,"(100, 100)",3031,0.007855615035430545,0.48064873841736816,2.3049505681300892e-05,0.49639472723799244,28068,11932,0.70
oscillations,0.5,29,2,-12.3,10.68,q4,"(100, 100)",3017,-0.008748654582048071,0.521503172353747,2.3049505681300892e-05,0.49639472723799244,28068,11932,0.70
oscillations,0.5,30,2,-12.3,10.68,q1,"(100, 100)",2983,0.002444103294521091,0.482589751005415,-0.0006682923521860513,0.4949328384711523,28056,11944,0.70
oscillations,0.5,30,2,-12.3,10.68,q2,"(100, 100)",2975,-0.001738514512237232,0.4900484820595144,-0.0006682923521860513,0.4949328384711523,28056,11944,0.70
oscillations,0.5,30,2,-12.3,10.68,q3,"(100, 100)",3034,-0.005254089857132144,0.483587950513954,-0.0006682923521860513,0.4949328384711523,28056,11944,0.70
oscillations,0.5,30,2,-12.3,10.68,q4,"(100, 100)",2952,0.0019783690102906687,0.5228473630485235,-0.0006682923521860513,0.4949328384711523,28056,11944,0.70
oscillations,0.5,31,2,-12.3,10.68,q1,"(100, 100)",3017,-0.00013294702456292655,0.4778051010384414,6.115831018483641e-05,0.5088307312945605,28061,11939,0.70
oscillations,0.5,31,2,-12.3,10.68,q2,"(100, 100)",3058,0.004685972382734022,0.5059442891825973,6.115831018483641e-05,0.5088307312945605,28061,11939,0.70
oscillations,0.5,31,2,-12.3,10.68,q3,"(100, 100)",2997,-0.002391750769824571,0.532728183404721,6.115831018483641e-05,0.5088307312945605,28061,11939,0.70
oscillations,0.5,31,2,-12.3,10.68,q4,"(100, 100)",2867,-0.0021033680679572045,0.5178729846314882,6.115831018483641e-05,0.5088307312945605,28061,11939,0.70
oscillations,0.5,32,2,-12.3,10.68,q1,"(100, 100)",2966,0.011121697604358962,0.4827009682478031,-0.00046086551946149815,0.5004012827566184,28054,11946,0.70
oscillations,0.5,32,2,-12.3,10.68,q2,"(100, 100)",3018,-0.01080027329293181,0.4974914834106923,-0.00046086551946149815,0.5004012827566184,28054,11946,0.70
oscillations,0.5,32,2,-12.3,10.68,q3,"(100, 100)",2974,-0.013222975943607681,0.514727146596651,-0.00046086551946149815,0.5004012827566184,28054,11946,0.70
oscillations,0.5,32,2,-12.3,10.68,q4,"(100, 100)",2988,0.011187383087129093,0.5055630267318586,-0.00046086551946149815,0.5004012827566184,28054,11946,0.70
oscillations,0.5,33,2,-12.3,10.68,q1,"(100, 100)",3011,-0.0020950735346568455,0.508243214734352,0.0009096817789473843,0.5059383947591135,28057,11943,0.70
oscillations,0.5,33,2,-12.3,10.68,q2,"(100, 100)",2960,-7.969450786909225e-05,0.5005966033678697,0.0009096817789473843,0.5059383947591135,28057,11943,0.70
oscillations,0.5,33,2,-12.3,10.68,q3,"(100, 100)",2985,0.00802487062401527,0.5136124292386698,0.0009096817789473843,0.5059383947591135,28057,11943,0.70
oscillations,0.5,33,2,-12.3,10.68,q4,"(100, 100)",2987,-0.0021914118415040824,0.5010552480192983,0.0009096817789473843,0.5059383947591135,28057,11943,0.70
oscillations,0.5,34,2,-12.3,10.68,q1,"(100, 100)",2963,0.01129717265457057,0.46771228193911946,0.001251022054846857,0.49520848949222596,28058,11942,0.70
oscillations,0.5,34,2,-12.3,10.68,q2,"(100, 100)",3016,-0.00683646809286997,0.47297802792169574,0.001251022054846857,0.49520848949222596,28058,11942,0.70
oscillations,0.5,34,2,-12.3,10.68,q3,"(100, 100)",3011,0.002368392094949366,0.5307849072295661,0.001251022054846857,0.49520848949222596,28058,11942,0.70
oscillations,0.5,34,2,-12.3,10.68,q4,"(100, 100)",2952,-0.0017094370007818907,0.5063474850668757,0.001251022054846857,0.49520848949222596,28058,11942,0.70
oscillations,0.5,35,2,-12.3,10.68,q1,"(100, 100)",2937,-0.0010266518236894291,0.48805530080825427,-0.00035875705255339986,0.5020346608892571,28053,11947,0.70
oscillations,0.5,35,2,-12.3,10.68,q2,"(100, 100)",2966,0.002285697697573907,0.4946767556438708,-0.00035875705255339986,0.5020346608892571,28053,11947,0.70
oscillations,0.5,35,2,-12.3,10.68,q3,"(100, 100)",3130,-0.001520625972425307,0.5153980747982632,-0.00035875705255339986,0.5020346608892571,28053,11947,0.70
oscillations,0.5,35,2,-12.3,10.68,q4,"(100, 100)",2914,-0.0011292430260784513,0.5087628433401865,-0.00035875705255339986,0.5020346608892571,28053,11947,0.70
oscillations,0.5,36,2,-12.3,10.68,q1,"(100, 100)",3008,0.009566720957986599,0.46683131977486086,0.0011903427198426072,0.50559145666916,28049,11951,0.70
oscillations,0.5,36,2,-12.3,10.68,q2,"(100, 100)",3061,-0.0036063954477336844,0.48604250972300045,0.0011903427198426072,0.50559145666916,28049,11951,0.70
oscillations,0.5,36,2,-12.3,10.68,q3,"(100, 100)",2972,-0.0024143537685288024,0.5373330306849525,0.0011903427198426072,0.50559145666916,28049,11951,0.70
oscillations,0.5,36,2,-12.3,10.68,q4,"(100, 100)",2910,0.0012590120511325562,0.5301464113074295,0.0011903427198426072,0.50559145666916,28049,11951,0.70
oscillations,0.5,37,2,-12.3,10.68,q1,"(100, 100)",2988,0.0033656248946006668,0.4928618438382012,0.0023555382085190357,0.5068239838620953,28055,11945,0.70
oscillations,0.5,37,2,-12.3,10.68,q2,"(100, 100)",2967,0.0015845979107917167,0.4904113267285709,0.0023555382085190357,0.5068239838620953,28055,11945,0.70
oscillations,0.5,37,2,-12.3,10.68,q3,"(100, 100)",2957,0.006769068728310005,0.5203855667477794,0.0023555382085190357,0.5068239838620953,28055,11945,0.70
oscillations,0.5,37,2,-12.3,10.68,q4,"(100, 100)",3033,-0.0021883354814502486,0.5225031972534115,0.0023555382085190357,0.5068239838620953,28055,11945,0.70
oscillations,0.5,38,2,-12.3,10.68,q1,"(100, 100)",3057,0.016817043968312673,0.48414304723499174,0.0015738259827691762,0.5038419781291368,28065,11935,0.70
oscillations,0.5,38,2,-12.3,10.68,q2,"(100, 100)",2983,-0.007678717392794806,0.4895903955447995,0.0015738259827691762,0.5038419781291368,28065,11935,0.70
oscillations,0.5,38,2,-12.3,10.68,q3,"(100, 100)",2963,-0.003621446111153987,0.5198926874273806,0.0015738259827691762,0.5038419781291368,28065,11935,0.70
oscillations,0.5,38,2,-12.3,10.68,q4,"(100, 100)",2932,0.00034442991244012426,0.5211424238570932,0.0015738259827691762,0.5038419781291368,28065,11935,0.70
oscillations,0.5,39,2,-12.3,10.68,q1,"(100, 100)",3008,0.008090094905729277,0.45912118973120847,0.001108847666533457,0.4992003420569644,28054,11946,0.70
oscillations,0.5,39,2,-12.3,10.68,q2,"(100, 100)",3030,-0.0037645717181866043,0.5044515179109372,0.001108847666533457,0.4992003420569644,28054,11946,0.70
oscillations,0.5,39,2,-12.3,10.68,q3,"(100, 100)",2970,-0.0022466007071362233,0.49161828823766285,0.001108847666533457,0.4992003420569644,28054,11946,0.70
oscillations,0.5,39,2,-12.3,10.68,q4,"(100, 100)",2938,0.002379286982394484,0.539069846943566,0.001108847666533457,0.4992003420569644,28054,11946,0.70
oscillations,0.5,40,2,-12.3,10.68,q1,"(100, 100)",2972,0.0030419411426360395,0.48927037336497137,0.0007072556960379161,0.4977402174212576,28066,11934,0.70
oscillations,0.5,40,2,-12.3,10.68,q2,"(100, 100)",3041,0.0007667272366568285,0.4633636467072239,0.0007072556960379161,0.4977402174212576,28066,11934,0.70
oscillations,0.5,40,2,-12.3,10.68,q3,"(100, 100)",2941,-0.002561519419967371,0.5208665571819203,0.0007072556960379161,0.4977402174212576,28066,11934,0.70
oscillations,0.5,40,2,-12.3,10.68,q4,"(100, 100)",2980,0.0015441447946485877,0.5162687608562597,0.0007072556960379161,0.4977402174212576,28066,11934,0.70
oscillations,0.5,41,2,-12.3,10.68,q1,"(100, 100)",2965,0.009232181742887442,0.46512262081146427,0.0010821617854357129,0.5103820350483612,28057,11943,0.70
oscillations,0.5,41,2,-12.3,10.68,q2,"(100, 100)",3022,-0.0033663194104089932,0.5098492485320673,0.0010821617854357129,0.5103820350483612,28057,11943,0.70
oscillations,0.5,41,2,-12.3,10.68,q3,"(100, 100)",3005,-0.004796588367387888,0.5380306112136949,0.0010821617854357129,0.5103820350483612,28057,11943,0.70
oscillations,0.5,41,2,-12.3,10.68,q4,"(100, 100)",2951,0.003435311636073884,0.5251298994994763,0.0010821617854357129,0.5103820350483612,28057,11943,0.70
oscillations,0.5,42,2,-12.3,10.68,q1,"(100, 100)",2968,-0.00016180773076495504,0.4772202298972495,0.0010351827319834337,0.49945602978791076,28061,11939,0.70
oscillations,0.5,42,2,-12.3,10.68,q2,"(100, 100)",3090,0.0016327574861968819,0.49524399278602704,0.0010351827319834337,0.49945602978791076,28061,11939,0.70
oscillations,0.5,42,2,-12.3,10.68,q3,"(100, 100)",2972,-0.002253037634331773,0.482586600697467,0.0010351827319834337,0.49945602978791076,28061,11939,0.70
oscillations,0.5,42,2,-12.3,10.68,q4,"(100, 100)",2909,0.004981127259864648,0.5412588925636577,0.0010351827319834337,0.49945602978791076,28061,11939,0.70
oscillations,0.5,43,2,-12.3,10.68,q1,"(100, 100)",2948,0.010150127459048924,0.47481313480598575,-0.0004787736811646969,0.5034129853117918,28049,11951,0.70
oscillations,0.5,43,2,-12.3,10.68,q2,"(100, 100)",2979,-0.010051910153126242,0.4801476694935635,-0.0004787736811646969,0.5034129853117918,28049,11951,0.70
oscillations,0.5,43,2,-12.3,10.68,q3,"(100, 100)",2990,-0.002184508798045419,0.5222166870005575,-0.0004787736811646969,0.5034129853117918,28049,11951,0.70
oscillations,0.5,43,2,-12.3,10.68,q4,"(100, 100)",3034,0.00027419961748297955,0.5327922912518778,-0.0004787736811646969,0.5034129853117918,28049,11951,0.70
oscillations,0.5,44,2,-12.3,10.68,q1,"(100, 100)",2910,0.00013599881544877333,0.458811748936104,9.028508618548253e-05,0.49380217417403505,28058,11942,0.70
oscillations,0.5,44,2,-12.3,10.68,q2,"(100, 100)",3005,0.0023748282072063704,0.5095245366199437,9.028508618548253e-05,0.49380217417403505,28058,11942,0.70
oscillations,0.5,44,2,-12.3,10.68,q3,"(100, 100)",3021,-0.009357891917340252,0.5012363618704193,9.028508618548253e-05,0.49380217417403505,28058,11942,0.70
oscillations,0.5,44,2,-12.3,10.68,q4,"(100, 100)",3006,0.007257571745143334,0.5027509417636034,9.028508618548253e-05,0.49380217417403505,28058,11942,0.70
oscillations,0.5,45,2,-12.3,10.68,q1,"(100, 100)",2888,0.008798232877985975,0.49615049596517197,0.000845655846158095,0.5040246495621065,28066,11934,0.70
oscillations,0.5,45,2,-12.3,10.68,q2,"(100, 100)",3028,-0.003200673150628257,0.5002835411592568,0.000845655846158095,0.5040246495621065,28066,11934,0.70
oscillations,0.5,45,2,-12.3,10.68,q3,"(100, 100)",3014,-0.0030007348415967755,0.5008395640593599,0.000845655846158095,0.5040246495621065,28066,11934,0.70
oscillations,0.5,45,2,-12.3,10.68,q4,"(100, 100)",3004,0.0011380204491019444,0.518187714094706,0.000845655846158095,0.5040246495621065,28066,11934,0.70
oscillations,0.5,46,2,-12.3,10.68,q1,"(100, 100)",2950,0.0017444267390823015,0.4582563937062217,0.0004213324344483444,0.4931064727806509,28069,11931,0.70
oscillations,0.5,46,2,-12.3,10.68,q2,"(100, 100)",3012,-0.0026113463657316373,0.4882872872489851,0.0004213324344483444,0.4931064727806509,28069,11931,0.70
oscillations,0.5,46,2,-12.3,10.68,q3,"(100, 100)",2998,0.00041439082867294693,0.4974561618882855,0.0004213324344483444,0.4931064727806509,28069,11931,0.70
oscillations,0.5,46,2,-12.3,10.68,q4,"(100, 100)",2971,0.0021891248550429485,0.5258398205198418,0.0004213324344483444,0.4931064727806509,28069,11931,0.70
oscillations,0.5,47,2,-12.3,10.68,q1,"(100, 100)",2961,-0.0018424114148235615,0.4505357498281606,0.00039172387714433516,0.4941927824479104,28065,11935,0.70
oscillations,0.5,47,2,-12.3,10.68,q2,"(100, 100)",2982,0.0018724752866951652,0.48852423476110857,0.00039172387714433516,0.4941927824479104,28065,11935,0.70
oscillations,0.5,47,2,-12.3,10.68,q3,"(100, 100)",3008,-0.006640528423999606,0.5017461672173421,0.00039172387714433516,0.4941927824479104,28065,11935,0.70
oscillations,0.5,47,2,-12.3,10.68,q4,"(100, 100)",2984,0.00821769197971717,0.5319943992305296,0.00039172387714433516,0.4941927824479104,28065,11935,0.70
oscillations,0.5,48,2,-12.3,10.68,q1,"(100, 100)",2965,0.009951316688282683,0.4824539724340447,0.0009334980805188296,0.49766633824252343,28058,11942,0.70
oscillations,0.5,48,2,-12.3,10.68,q2,"(100, 100)",3041,-0.005499689165510876,0.4888053757241806,0.0009334980805188296,0.49766633824252343,28058,11942,0.70
oscillations,0.5,48,2,-12.3,10.68,q3,"(100, 100)",2962,-0.0027826753423027327,0.4935832837873576,0.0009334980805188296,0.49766633824252343,28058,11942,0.70
oscillations,0.5,48,2,-12.3,10.68,q4,"(100, 100)",2974,0.0022222660433816326,0.5247540492667193,0.0009334980805188296,0.49766633824252343,28058,11942,0.70
oscillations,0.5,49,2,-12.3,10.68,q1,"(100, 100)",2997,0.0009243659473445959,0.47535037549479364,-0.0018742453237721452,0.5025634394707797,28063,11937,0.70
oscillations,0.5,49,2,-12.3,10.68,q2,"(100, 100)",2927,-0.003987238927266941,0.5221520647849366,-0.0018742453237721452,0.5025634394707797,28063,11937,0.70
oscillations,0.5,49,2,-12.3,10.68,q3,"(100, 100)",3009,-0.0011375688094842373,0.4976932911932099,-0.0018742453237721452,0.5025634394707797,28063,11937,0.70
oscillations,0.5,49,2,-12.3,10.68,q4,"(100, 100)",3004,-0.0033454055546642647,0.5142240867609728,-0.0018742453237721452,0.5025634394707797,28063,11937,0.70
oscillations,0.5,0,3,-17.0,8.65,q1,"(100, 100)",2882,0.000678566158850145,0.5060107758617023,0.0006744090827181271,0.5369601584054015,28058,11942,0.70
oscillations,0.5,0,3,-17.0,8.65,q2,"(100, 100)",3038,0.0014499120394631114,0.5414293512668965,0.0006744090827181271,0.5369601584054015,28058,11942,0.70
oscillations,0.5,0,3,-17.0,8.65,q3,"(100, 100)",2978,-0.004384274115559765,0.5559657012091058,0.0006744090827181271,0.5369601584054015,28058,11942,0.70
oscillations,0.5,0,3,-17.0,8.65,q4,"(100, 100)",3044,0.0048454997162489495,0.5419532159503838,0.0006744090827181271,0.5369601584054015,28058,11942,0.70
oscillations,0.5,1,3,-17.0,8.65,q1,"(100, 100)",3015,0.0008694226204073439,0.541231960283492,-0.0002392078012793078,0.5441951517817877,28057,11943,0.70
oscillations,0.5,1,3,-17.0,8.65,q2,"(100, 100)",3009,-0.00015361587183570485,0.518816309697235,-0.0002392078012793078,0.5441951517817877,28057,11943,0.70
oscillations,0.5,1,3,-17.0,8.65,q3,"(100, 100)",2966,-0.0066922575122917985,0.579286877178528,-0.0002392078012793078,0.5441951517817877,28057,11943,0.70
oscillations,0.5,1,3,-17.0,8.65,q4,"(100, 100)",2953,0.005023128333425059,0.5359594778130712,-0.0002392078012793078,0.5441951517817877,28057,11943,0.70
oscillations,0.5,2,3,-17.0,8.65,q1,"(100, 100)",2916,0.01254346271159125,0.5262530254383775,-1.7300652596485586e-05,0.5375362854517706,28061,11939,0.70
oscillations,0.5,2,3,-17.0,8.65,q2,"(100, 100)",2962,-0.01015157289869189,0.5249726009454255,-1.7300652596485586e-05,0.5375362854517706,28061,11939,0.70
oscillations,0.5,2,3,-17.0,8.65,q3,"(100, 100)",3036,0.0052675028472314095,0.5600898359672554,-1.7300652596485586e-05,0.5375362854517706,28061,11939,0.70
oscillations,0.5,2,3,-17.0,8.65,q4,"(100, 100)",3025,-0.007506270901361556,0.5370331690681392,-1.7300652596485586e-05,0.5375362854517706,28061,11939,0.70
oscillations,0.5,3,3,-17.0,8.65,q1,"(100, 100)",2944,0.011195408526164144,0.5338136209655786,0.00096153479303106,0.5414741025789924,28055,11945,0.70
oscillations,0.5,3,3,-17.0,8.65,q2,"(100, 100)",2968,-0.005608259912153732,0.5437488484529185,0.00096153479303106,0.5414741025789924,28055,11945,0.70
oscillations,0.5,3,3,-17.0,8.65,q3,"(100, 100)",3118,-0.008712415421074218,0.5508208471941826,0.00096153479303106,0.5414741025789924,28055,11945,0.70
oscillations,0.5,3,3,-17.0,8.65,q4,"(100, 100)",2915,0.007662736570809761,0.5364557497313737,0.00096153479303106,0.5414741025789924,28055,11945,0.70
oscillations,0.5,4,3,-17.0,8.65,q1,"(100, 100)",2984,0.004514425151057148,0.5253677732414486,0.00022351241254027382,0.5482340720131869,28059,11941,0.70
oscillations,0.5,4,3,-17.0,8.65,q2,"(100, 100)",3070,-0.003100689709012008,0.5141555624758187,0.00022351241254027382,0.5482340720131869,28059,11941,0.70
oscillations,0.5,4,3,-17.0,8.65,q3,"(100, 100)",2949,-0.00955013557313637,0.5915649976269216,0.00022351241254027382,0.5482340720131869,28059,11941,0.70
oscillations,0.5,4,3,-17.0,8.65,q4,"(100, 100)",2938,0.009149211803687848,0.5599520362398073,0.00022351241254027382,0.5482340720131869,28059,11941,0.70
oscillations,0.5,5,3,-17.0,8.65,q1,"(100, 100)",2996,0.008789225564053295,0.5159732353302918,0.00024362505340268576,0.5335092375105039,28061,11939,0.70
oscillations,0.5,5,3,-17.0,8.65,q2,"(100, 100)",2941,-0.006842222924185593,0.5179935058863587,0.00024362505340268576,0.5335092375105039,28061,11939,0.70
oscillations,0.5,5,3,-17.0,8.65,q3,"(100, 100)",2939,-0.009200022056073509,0.5435578110532986,0.00024362505340268576,0.5335092375105039,28061,11939,0.70
oscillations,0.5,5,3,-17.0,8.65,q4,"(100, 100)",3063,0.007749906028567049,0.5546637606461712,0.00024362505340268576,0.5335092375105039,28061,11939,0.70
oscillations,0.5,6,3,-17.0,8.65,q1,"(100, 100)",2977,0.003455034483121263,0.5030096737269283,0.0019077543006123957,0.5327851664380896,28050,11950,0.70
oscillations,0.5,6,3,-17.0,8.65,q2,"(100, 100)",2966,-9.382584482187477e-05,0.5216072964708245,0.0019077543006123957,0.5327851664380896,28050,11950,0.70
oscillations,0.5,6,3,-17.0,8.65,q3,"(100, 100)",3066,0.0031266201966935843,0.5335203561920157,0.0019077543006123957,0.5327851664380896,28050,11950,0.70
oscillations,0.5,6,3,-17.0,8.65,q4,"(100, 100)",2941,0.0010894580648572888,0.5710857770929283,0.0019077543006123957,0.5327851664380896,28050,11950,0.70
oscillations,0.5,7,3,-17.0,8.65,q1,"(100, 100)",2915,0.010183932757932883,0.5391346603167205,-0.00020696036337584893,0.530000845503577,28060,11940,0.70
oscillations,0.5,7,3,-17.0,8.65,q2,"(100, 100)",2993,-0.006213930851830866,0.5150443735670467,-0.00020696036337584893,0.530000845503577,28060,11940,0.70
oscillations,0.5,7,3,-17.0,8.65,q3,"(100, 100)",3098,-0.011095883309750516,0.5479876369499799,-0.00020696036337584893,0.530000845503577,28060,11940,0.70
oscillations,0.5,7,3,-17.0,8.65,q4,"(100, 100)",2934,0.007094775325512912,0.5160885526913918,-0.00020696036337584893,0.530000845503577,28060,11940,0.70
oscillations,0.5,8,3,-17.0,8.65,q1,"(100, 100)",2903,0.004411327078493292,0.5292371652414983,-0.0015857593469618134,0.5324716716252332,28066,11934,0.70
oscillations,0.5,8,3,-17.0,8.65,q2,"(100, 100)",3044,-0.010334082040417832,0.5009542633595394,-0.0015857593469618134,0.5324716716252332,28066,11934,0.70
oscillations,0.5,8,3,-17.0,8.65,q3,"(100, 100)",3039,-0.005087683698063257,0.5551110080933748,-0.0015857593469618134,0.5324716716252332,28066,11934,0.70
oscillations,0.5,8,3,-17.0,8.65,q4,"(100, 100)",2948,0.005151927386003324,0.5431248931465531,-0.0015857593469618134,0.5324716716252332,28066,11934,0.70
oscillations,0.5,9,3,-17.0,8.65,q1,"(100, 100)",3026,0.004960024013496997,0.5163994781987357,0.0012613220058171107,0.5488220959504763,28060,11940,0.70
oscillations,0.5,9,3,-17.0,8.65,q2,"(100, 100)",2986,-0.0017099939960577566,0.5422092979138068,0.0012613220058171107,0.5488220959504763,28060,11940,0.70
oscillations,0.5,9,3,-17.0,8.65,q3,"(100, 100)",2987,0.00443816885037764,0.5886494235882961,0.0012613220058171107,0.5488220959504763,28060,11940,0.70
oscillations,0.5,9,3,-17.0,8.65,q4,"(100, 100)",2941,-0.0027540347498249454,0.5458991465621172,0.0012613220058171107,0.5488220959504763,28060,11940,0.70
oscillations,0.5,10,3,-17.0,8.65,q1,"(100, 100)",3013,0.003414571934579463,0.5085019084434638,-0.001235209054685823,0.5318997223820263,28059,11941,0.70
oscillations,0.5,10,3,-17.0,8.65,q2,"(100, 100)",2914,-0.007618945732878041,0.5398343571183258,-0.001235209054685823,0.5318997223820263,28059,11941,0.70
oscillations,0.5,10,3,-17.0,8.65,q3,"(100, 100)",3007,-0.005425452921216786,0.54801030407465,-0.001235209054685823,0.5318997223820263,28059,11941,0.70
oscillations,0.5,10,3,-17.0,8.65,q4,"(100, 100)",3007,0.004482277432262773,0.5306211603194281,-0.001235209054685823,0.5318997223820263,28059,11941,0.70
oscillations,0.5,11,3,-17.0,8.65,q1,"(100, 100)",3048,0.0020339312018799217,0.5273501891728594,-0.00063876416503867,0.5362912346596799,28064,11936,0.70
oscillations,0.5,11,3,-17.0,8.65,q2,"(100, 100)",2948,-0.004446926468128786,0.5025943807790826,-0.00063876416503867,0.5362912346596799,28064,11936,0.70
oscillations,0.5,11,3,-17.0,8.65,q3,"(100, 100)",2964,-0.009093496421092787,0.5727034499912245,-0.00063876416503867,0.5362912346596799,28064,11936,0.70
oscillations,0.5,11,3,-17.0,8.65,q4,"(100, 100)",2976,0.008816851896146212,0.5400239194789862,-0.00063876416503867,0.5362912346596799,28064,11936,0.70
oscillations,0.5,12,3,-17.0,8.65,q1,"(100, 100)",2986,0.001077547839255194,0.5350264895754259,-0.0008500387704637348,0.548373935994541,28071,11929,0.70
oscillations,0.5,12,3,-17.0,8.65,q2,"(100, 100)",2980,-0.0013578039920749735,0.5385797669462016,-0.0008500387704637348,0.548373935994541,28071,11929,0.70
oscillations,0.5,12,3,-17.0,8.65,q3,"(100, 100)",2971,-0.00593399486580917,0.5552488975567303,-0.0008500387704637348,0.548373935994541,28071,11929,0.70
oscillations,0.5,12,3,-17.0,8.65,q4,"(100, 100)",2992,0.0027802420794868217,0.5640671904796923,-0.0008500387704637348,0.548373935994541,28071,11929,0.70
oscillations,0.5,13,3,-17.0,8.65,q1,"(100, 100)",2928,-0.005956405745836165,0.5504057230665462,-0.0003441091509947622,0.5442553840172558,28057,11943,0.70
oscillations,0.5,13,3,-17.0,8.65,q2,"(100, 100)",3000,0.005326956082437818,0.5191925703630135,-0.0003441091509947622,0.5442553840172558,28057,11943,0.70
oscillations,0.5,13,3,-17.0,8.65,q3,"(100, 100)",3033,-0.0041298199798749675,0.5656621766927749,-0.0003441091509947622,0.5442553840172558,28057,11943,0.70
oscillations,0.5,13,3,-17.0,8.65,q4,"(100, 100)",2982,0.003311715689176783,0.540518113169294,-0.0003441091509947622,0.5442553840172558,28057,11943,0.70
oscillations,0.5,14,3,-17.0,8.65,q1,"(100, 100)",2960,0.0012681504218211204,0.5029407664030554,-0.00039509175510033965,0.536968674169897,28059,11941,0.70
oscillations,0.5,14,3,-17.0,8.65,q2,"(100, 100)",2990,-0.0032859386926796332,0.5171756809640797,-0.00039509175510033965,0.536968674169897,28059,11941,0.70
oscillations,0.5,14,3,-17.0,8.65,q3,"(100, 100)",3048,-0.007642110016458727,0.5679724587945292,-0.00039509175510033965,0.536968674169897,28059,11941,0.70
oscillations,0.5,14,3,-17.0,8.65,q4,"(100, 100)",2943,0.008374649040106916,0.5563285230241498,-0.00039509175510033965,0.536968674169897,28059,11941,0.70
oscillations,0.5,15,3,-17.0,8.65,q1,"(100, 100)",3015,0.0011566115637046558,0.5473107389144392,5.300700011756614e-07,0.536531145835113,28054,11946,0.70
oscillations,0.5,15,3,-17.0,8.65,q2,"(100, 100)",2979,0.0004939627671069506,0.4972998787100319,5.300700011756614e-07,0.536531145835113,28054,11946,0.70
oscillations,0.5,15,3,-17.0,8.65,q3,"(100, 100)",2952,0.005438659801184895,0.5512941049259216,5.300700011756614e-07,0.536531145835113,28054,11946,0.70
oscillations,0.5,15,3,-17.0,8.65,q4,"(100, 100)",3000,-0.00700243015488163,0.5481935577912745,5.300700011756614e-07,0.536531145835113,28054,11946,0.70
oscillations,0.5,16,3,-17.0,8.65,q1,"(100, 100)",2958,-0.008811544023696266,0.5226507287083209,-0.0006575396857018787,0.5317483803427783,28064,11936,0.70
oscillations,0.5,16,3,-17.0,8.65,q2,"(100, 100)",2950,0.008106380462304774,0.5027319013708853,-0.0006575396857018787,0.5317483803427783,28064,11936,0.70
oscillations,0.5,16,3,-17.0,8.65,q3,"(100, 100)",2996,0.002281371286645414,0.5625539014335689,-0.0006575396857018787,0.5317483803427783,28064,11936,0.70
oscillations,0.5,16,3,-17.0,8.65,q4,"(100, 100)",3032,-0.004133462138863065,0.5365160217874692,-0.0006575396857018787,0.5317483803427783,28064,11936,0.70
oscillations,0.5,17,3,-17.0,8.65,q1,"(100, 100)",2975,0.004834472864718364,0.529775252303134,0.00010115253362041593,0.5340394979407106,28058,11942,0.70
oscillations,0.5,17,3,-17.0,8.65,q2,"(100, 100)",2978,-0.004869844135846459,0.5054251809966701,0.00010115253362041593,0.5340394979407106,28058,11942,0.70
oscillations,0.5,17,3,-17.0,8.65,q3,"(100, 100)",2993,-0.006526579036546264,0.547452487515788,0.00010115253362041593,0.5340394979407106,28058,11942,0.70
oscillations,0.5,17,3,-17.0,8.65,q4,"(100, 100)",2996,0.006963235539683446,0.5519405148296315,0.00010115253362041593,0.5340394979407106,28058,11942,0.70
oscillations,0.5,18,3,-17.0,8.65,q1,"(100, 100)",2939,-0.006686319037498693,0.5370881351128978,-0.0015996854836209933,0.537172519282463,28060,11940,0.70
oscillations,0.5,18,3,-17.0,8.65,q2,"(100, 100)",2942,0.0034348364625981483,0.507165805001135,-0.0015996854836209933,0.537172519282463,28060,11940,0.70
oscillations,0.5,18,3,-17.0,8.65,q3,"(100, 100)",3013,-0.012663730117916525,0.5692267842960794,-0.0015996854836209933,0.537172519282463,28060,11940,0.70
oscillations,0.5,18,3,-17.0,8.65,q4,"(100, 100)",3046,0.009389815150719877,0.5324820161208231,-0.0015996854836209933,0.537172519282463,28060,11940,0.70
oscillations,0.5,19,3,-17.0,8.65,q1,"(100, 100)",2964,-0.006500459139092168,0.5183612226848088,0.0006369066446231857,0.5320875189423793,28051,11949,0.70
oscillations,0.5,19,3,-17.0,8.65,q2,"(100, 100)",3005,0.007421823658399815,0.5090226239023155,0.0006369066446231857,0.5320875189423793,28051,11949,0.70
oscillations,0.5,19,3,-17.0,8.65,q3,"(100, 100)",2999,-0.000575931986229319,0.5524332044906075,0.0006369066446231857,0.5320875189423793,28051,11949,0.70
oscillations,0.5,19,3,-17.0,8.65,q4,"(100, 100)",2981,0.00211418930495871,0.5471387610949546,0.0006369066446231857,0.5320875189423793,28051,11949,0.70
oscillations,0.5,20,3,-17.0,8.65,q1,"(100, 100)",2985,0.011027010809934764,0.5417143031525722,0.000838193245469587,0.5436416010439149,28055,11945,0.70
oscillations,0.5,20,3,-17.0,8.65,q2,"(100, 100)",3000,-0.003969068397221173,0.5154469674763068,0.000838193245469587,0.5436416010439149,28055,11945,0.70
oscillations,0.5,20,3,-17.0,8.65,q3,"(100, 100)",3014,-0.006652281820621041,0.5843165089006735,0.000838193245469587,0.5436416010439149,28055,11945,0.70
oscillations,0.5,20,3,-17.0,8.65,q4,"(100, 100)",2946,0.003073242922095813,0.5300414462807502,0.000838193245469587,0.5436416010439149,28055,11945,0.70
oscillations,0.5,21,3,-17.0,8.65,q1,"(100, 100)",2946,-0.001578436026359112,0.5539950187066199,0.0007883625526765479,0.5508161180404478,28055,11945,0.70
oscillations,0.5,21,3,-17.0,8.65,q2,"(100, 100)",2984,0.005972990233826454,0.537812180119731,0.0007883625526765479,0.5508161180404478,28055,11945,0.70
oscillations,0.5,21,3,-17.0,8.65,q3,"(100, 100)",3053,-0.005874955909055329,0.575210242970136,0.0007883625526765479,0.5508161180404478,28055,11945,0.70
oscillations,0.5,21,3,-17.0,8.65,q4,"(100, 100)",2962,0.00478727236933933,0.5345653845700028,0.0007883625526765479,0.5508161180404478,28055,11945,0.70
oscillations,0.5,22,3,-17.0,8.65,q1,"(100, 100)",3025,-0.0022672568939394247,0.5006645299740622,0.000998919855799035,0.5206401653480672,28065,11935,0.70
oscillations,0.5,22,3,-17.0,8.65,q2,"(100, 100)",2903,0.0030555956754145484,0.5200608068898351,0.000998919855799035,0.5206401653480672,28065,11935,0.70
oscillations,0.5,22,3,-17.0,8.65,q3,"(100, 100)",2998,0.013859612359823248,0.5531506545505672,0.000998919855799035,0.5206401653480672,28065,11935,0.70
oscillations,0.5,22,3,-17.0,8.65,q4,"(100, 100)",3009,-0.010515437526537153,0.5070143456530233,0.000998919855799035,0.5206401653480672,28065,11935,0.70
oscillations,0.5,23,3,-17.0,8.65,q1,"(100, 100)",2919,0.006047840195830688,0.5106761629864547,-0.0004497088583956732,0.5340058660548199,28069,11931,0.70
oscillations,0.5,23,3,-17.0,8.65,q2,"(100, 100)",3005,-0.00603603586941812,0.5281408349831219,-0.0004497088583956732,0.5340058660548199,28069,11931,0.70
oscillations,0.5,23,3,-17.0,8.65,q3,"(100, 100)",3032,0.008593714339451115,0.5567215433497035,-0.0004497088583956732,0.5340058660548199,28069,11931,0.70
oscillations,0.5,23,3,-17.0,8.65,q4,"(100, 100)",2975,-0.010398983533029541,0.5383877340645888,-0.0004497088583956732,0.5340058660548199,28069,11931,0.70
oscillations,0.5,24,3,-17.0,8.65,q1,"(100, 100)",2996,0.00011345606160047763,0.50314292711159,0.0003743299909587679,0.5376072117919517,28059,11941,0.70
oscillations,0.5,24,3,-17.0,8.65,q2,"(100, 100)",3005,0.00042551992321266226,0.5389351103306352,0.0003743299909587679,0.5376072117919517,28059,11941,0.70
oscillations,0.5,24,3,-17.0,8.65,q3,"(100, 100)",3000,0.014501860027170185,0.5478200631234224,0.0003743299909587679,0.5376072117919517,28059,11941,0.70
oscillations,0.5,24,3,-17.0,8.65,q4,"(100, 100)",2940,-0.013827995710639796,0.5589233541067383,0.0003743299909587679,0.5376072117919517,28059,11941,0.70
oscillations,0.5,25,3,-17.0,8.65,q1,"(100, 100)",2874,-0.001020569927631962,0.4916608841327134,-0.00019390267654303056,0.5381517507704788,28059,11941,0.70
oscillations,0.5,25,3,-17.0,8.65,q2,"(100, 100)",3088,0.0014100211387856481,0.5478701557630306,-0.00019390267654303056,0.5381517507704788,28059,11941,0.70
oscillations,0.5,25,3,-17.0,8.65,q3,"(100, 100)",2969,-0.021136984803221192,0.561970382008789,-0.00019390267654303056,0.5381517507704788,28059,11941,0.70
oscillations,0.5,25,3,-17.0,8.65,q4,"(100, 100)",3010,0.019607737114819786,0.5457275533137341,-0.00019390267654303056,0.5381517507704788,28059,11941,0.70
oscillations,0.5,26,3,-17.0,8.65,q1,"(100, 100)",2989,0.005319831951553215,0.5394728613001266,-0.0005057426213931327,0.5448299898218638,28069,11931,0.70
oscillations,0.5,26,3,-17.0,8.65,q2,"(100, 100)",2923,-0.0051401019173065755,0.5261503052142701,-0.0005057426213931327,0.5448299898218638,28069,11931,0.70
oscillations,0.5,26,3,-17.0,8.65,q3,"(100, 100)",3047,-0.006886050124800958,0.5636594357148413,-0.0005057426213931327,0.5448299898218638,28069,11931,0.70
oscillations,0.5,26,3,-17.0,8.65,q4,"(100, 100)",2972,0.00473462978314994,0.5484833783482064,-0.0005057426213931327,0.5448299898218638,28069,11931,0.70
oscillations,0.5,27,3,-17.0,8.65,q1,"(100, 100)",3009,0.013929738305888428,0.5361218914835598,0.001508064956423992,0.5490322802477035,28051,11949,0.70
oscillations,0.5,27,3,-17.0,8.65,q2,"(100, 100)",3007,-0.008671683023626978,0.5517583973246534,0.001508064956423992,0.5490322802477035,28051,11949,0.70
oscillations,0.5,27,3,-17.0,8.65,q3,"(100, 100)",2971,0.0003387573044264865,0.5575420544855999,0.001508064956423992,0.5490322802477035,28051,11949,0.70
oscillations,0.5,27,3,-17.0,8.65,q4,"(100, 100)",2962,0.00039655249915166726,0.5503745715014349,0.001508064956423992,0.5490322802477035,28051,11949,0.70
oscillations,0.5,28,3,-17.0,8.65,q1,"(100, 100)",2967,0.005447561406738842,0.5123999477517552,-0.0003119430227596761,0.5270024437684038,28057,11943,0.70
oscillations,0.5,28,3,-17.0,8.65,q2,"(100, 100)",2958,-0.0029377532968688416,0.5210340499974595,-0.0003119430227596761,0.5270024437684038,28057,11943,0.70
oscillations,0.5,28,3,-17.0,8.65,q3,"(100, 100)",3057,-0.0011264482006835784,0.5511928037818321,-0.0003119430227596761,0.5270024437684038,28057,11943,0.70
oscillations,0.5,28,3,-17.0,8.65,q4,"(100, 100)",2961,-0.002619055661258103,0.5217425388895995,-0.0003119430227596761,0.5270024437684038,28057,11943,0.70
oscillations,0.5,29,3,-17.0,8.65,q1,"(100, 100)",2964,0.007330837360387935,0.5215624678479349,0.00011657161631170778,0.5398548578675656,28053,11947,0.70
oscillations,0.5,29,3,-17.0,8.65,q2,"(100, 100)",3016,-0.0019226191270681743,0.5097257172787363,0.00011657161631170778,0.5398548578675656,28053,11947,0.70
oscillations,0.5,29,3,-17.0,8.65,q3,"(100, 100)",2997,-0.0068119748282177055,0.5529776876486433,0.00011657161631170778,0.5398548578675656,28053,11947,0.70
oscillations,0.5,29,3,-17.0,8.65,q4,"(100, 100)",2970,0.0019791875458896294,0.5730210684085191,0.00011657161631170778,0.5398548578675656,28053,11947,0.70
oscillations,0.5,30,3,-17.0,8.65,q1,"(100, 100)",3018,0.015230466177412414,0.5255478516007155,0.0003131309467302413,0.520746912780801,28064,11936,0.70
oscillations,0.5,30,3,-17.0,8.65,q2,"(100, 100)",2947,-0.014086502249271797,0.502376567898504,0.0003131309467302413,0.520746912780801,28064,11936,0.70
oscillations,0.5,30,3,-17.0,8.65,q3,"(100, 100)",2956,-0.008396266169655072,0.5299424253595726,0.0003131309467302413,0.520746912780801,28064,11936,0.70
oscillations,0.5,30,3,-17.0,8.65,q4,"(100, 100)",3015,0.007994782415537601,0.5239169981812332,0.0003131309467302413,0.520746912780801,28064,11936,0.70
oscillations,0.5,31,3,-17.0,8.65,q1,"(100, 100)",2974,0.013423615251079879,0.535480496570237,0.00031269193816999984,0.5457485774663868,28058,11942,0.70
oscillations,0.5,31,3,-17.0,8.65,q2,"(100, 100)",2972,-0.008300982503428707,0.5250868862678568,0.00031269193816999984,0.5457485774663868,28058,11942,0.70
oscillations,0.5,31,3,-17.0,8.65,q3,"(100, 100)",3019,-0.007667301645649657,0.5691997577537129,0.00031269193816999984,0.5457485774663868,28058,11942,0.70
oscillations,0.5,31,3,-17.0,8.65,q4,"(100, 100)",2977,0.003906764876493449,0.5515265654432578,0.00031269193816999984,0.5457485774663868,28058,11942,0.70
oscillations,0.5,32,3,-17.0,8.65,q1,"(100, 100)",2969,0.005283037959717789,0.49795091325237073,-0.0006347499317838116,0.5403835006447726,28064,11936,0.70
oscillations,0.5,32,3,-17.0,8.65,q2,"(100, 100)",3008,-0.0029683446009492655,0.5445706888678388,-0.0006347499317838116,0.5403835006447726,28064,11936,0.70
oscillations,0.5,32,3,-17.0,8.65,q3,"(100, 100)",3018,-0.004876325631819612,0.5574988370969578,-0.0006347499317838116,0.5403835006447726,28064,11936,0.70
oscillations,0.5,32,3,-17.0,8.65,q4,"(100, 100)",2941,0.00013050541595147663,0.5590206138714169,-0.0006347499317838116,0.5403835006447726,28064,11936,0.70
oscillations,0.5,33,3,-17.0,8.65,q1,"(100, 100)",3005,-0.005019724439268543,0.5188438259082797,-0.0008940570438903726,0.5421011419194496,28065,11935,0.70
oscillations,0.5,33,3,-17.0,8.65,q2,"(100, 100)",3057,0.005519809939226495,0.5281037767269747,-0.0008940570438903726,0.5421011419194496,28065,11935,0.70
oscillations,0.5,33,3,-17.0,8.65,q3,"(100, 100)",2981,-0.009554008738734033,0.5820005705327472,-0.0008940570438903726,0.5421011419194496,28065,11935,0.70
oscillations,0.5,33,3,-17.0,8.65,q4,"(100, 100)",2892,0.00553946825280813,0.5375277424995621,-0.0008940570438903726,0.5421011419194496,28065,11935,0.70
oscillations,0.5,34,3,-17.0,8.65,q1,"(100, 100)",2975,0.004231730557467216,0.5107466537246698,-5.355378591365564e-06,0.5341533605011554,28059,11941,0.70
oscillations,0.5,34,3,-17.0,8.65,q2,"(100, 100)",3003,-0.002695919995446517,0.5147451298591229,-5.355378591365564e-06,0.5341533605011554,28059,11941,0.70
oscillations,0.5,34,3,-17.0,8.65,q3,"(100, 100)",2931,-0.0015261832967069233,0.5608394016768788,-5.355378591365564e-06,0.5341533605011554,28059,11941,0.70
oscillations,0.5,34,3,-17.0,8.65,q4,"(100, 100)",3032,-2.7788916639374934e-05,0.5488220033163341,-5.355378591365564e-06,0.5341533605011554,28059,11941,0.70
oscillations,0.5,35,3,-17.0,8.65,q1,"(100, 100)",2982,0.012333652053471917,0.507405388745161,0.0005480169580735791,0.5379350429178908,28069,11931,0.70
oscillations,0.5,35,3,-17.0,8.65,q2,"(100, 100)",3037,-0.00979513075509684,0.5160963255582459,0.0005480169580735791,0.5379350429178908,28069,11931,0.70
oscillations,0.5,35,3,-17.0,8.65,q3,"(100, 100)",2968,0.0054392499216447685,0.5480799851372385,0.0005480169580735791,0.5379350429178908,28069,11931,0.70
oscillations,0.5,35,3,-17.0,8.65,q4,"(100, 100)",2944,-0.00565096527204143,0.577948780352538,0.0005480169580735791,0.5379350429178908,28069,11931,0.70
oscillations,0.5,36,3,-17.0,8.65,q1,"(100, 100)",2990,0.011916834271253878,0.53971571389448,0.000803714275686568,0.5294525460375374,28048,11952,0.70
oscillations,0.5,36,3,-17.0,8.65,q2,"(100, 100)",2982,-0.011245190226142966,0.4913392566707461,0.000803714275686568,0.5294525460375374,28048,11952,0.70
oscillations,0.5,36,3,-17.0,8.65,q3,"(100, 100)",2985,-0.003990730242570353,0.5520767553145146,0.000803714275686568,0.5294525460375374,28048,11952,0.70
oscillations,0.5,36,3,-17.0,8.65,q4,"(100, 100)",2995,0.006484188841531745,0.5323458077046892,0.000803714275686568,0.5294525460375374,28048,11952,0.70
oscillations,0.5,37,3,-17.0,8.65,q1,"(100, 100)",2865,0.004556331773392122,0.5277440734703568,0.0005726404720901164,0.5276696404698368,28061,11939,0.70
oscillations,0.5,37,3,-17.0,8.65,q2,"(100, 100)",3070,-0.004538096452747386,0.47652273382993987,0.0005726404720901164,0.5276696404698368,28061,11939,0.70
oscillations,0.5,37,3,-17.0,8.65,q3,"(100, 100)",3029,0.012569519666735248,0.582584623238329,0.0005726404720901164,0.5276696404698368,28061,11939,0.70
oscillations,0.5,37,3,-17.0,8.65,q4,"(100, 100)",2975,-0.010204455426921388,0.5186326745961839,0.0005726404720901164,0.5276696404698368,28061,11939,0.70
oscillations,0.5,38,3,-17.0,8.65,q1,"(100, 100)",2964,-0.004188538340485998,0.5117412841146263,-0.0008923899860585118,0.525698807857266,28048,11952,0.70
oscillations,0.5,38,3,-17.0,8.65,q2,"(100, 100)",3031,0.002878123378457993,0.5023869353367886,-0.0008923899860585118,0.525698807857266,28048,11952,0.70
oscillations,0.5,38,3,-17.0,8.65,q3,"(100, 100)",2974,-0.0006243521117808087,0.5497264026791493,-0.0008923899860585118,0.525698807857266,28048,11952,0.70
oscillations,0.5,38,3,-17.0,8.65,q4,"(100, 100)",2983,-0.0017156507716529982,0.5378767945242805,-0.0008923899860585118,0.525698807857266,28048,11952,0.70
oscillations,0.5,39,3,-17.0,8.65,q1,"(100, 100)",2974,0.00456322766090402,0.5326300888009752,0.00028161616869798933,0.5289486328654622,28052,11948,0.70
oscillations,0.5,39,3,-17.0,8.65,q2,"(100, 100)",3067,-0.004209574977536652,0.4892284192983667,0.00028161616869798933,0.5289486328654622,28052,11948,0.70
oscillations,0.5,39,3,-17.0,8.65,q3,"(100, 100)",2992,0.005776626038782476,0.5465581460591555,0.00028161616869798933,0.5289486328654622,28052,11948,0.70
oscillations,0.5,39,3,-17.0,8.65,q4,"(100, 100)",2915,-0.0050014366147023035,0.5466371481402895,0.00028161616869798933,0.5289486328654622,28052,11948,0.70
oscillations,0.5,40,3,-17.0,8.65,q1,"(100, 100)",2911,0.00577929151327558,0.5350741535710558,-0.000514819694289719,0.5337155368328114,28066,11934,0.70
oscillations,0.5,40,3,-17.0,8.65,q2,"(100, 100)",3012,-0.002860692847124114,0.5067987005002944,-0.000514819694289719,0.5337155368328114,28066,11934,0.70
oscillations,0.5,40,3,-17.0,8.65,q3,"(100, 100)",3028,-0.010766718998719102,0.5521704299822544,-0.000514819694289719,0.5337155368328114,28066,11934,0.70
oscillations,0.5,40,3,-17.0,8.65,q4,"(100, 100)",2983,0.006118221976822183,0.5396088931061708,-0.000514819694289719,0.5337155368328114,28066,11934,0.70
oscillations,0.5,41,3,-17.0,8.65,q1,"(100, 100)",2932,0.002191532972473594,0.5226566690573468,0.000300049226864574,0.5343847595360289,28065,11935,0.70
oscillations,0.5,41,3,-17.0,8.65,q2,"(100, 100)",3047,0.0009977826610151703,0.5070100088552811,0.000300049226864574,0.5343847595360289,28065,11935,0.70
oscillations,0.5,41,3,-17.0,8.65,q3,"(100, 100)",3030,0.0007021511847859428,0.5585347207167894,0.000300049226864574,0.5343847595360289,28065,11935,0.70
oscillations,0.5,41,3,-17.0,8.65,q4,"(100, 100)",2926,-0.002738294262022729,0.5480244573413449,0.000300049226864574,0.5343847595360289,28065,11935,0.70
oscillations,0.5,42,3,-17.0,8.65,q1,"(100, 100)",2954,0.002021068956786506,0.5081986563961797,-0.0003585787347336501,0.5254825206158298,28065,11935,0.70
oscillations,0.5,42,3,-17.0,8.65,q2,"(100, 100)",3053,-0.0014255956080922094,0.5063630070660804,-0.0003585787347336501,0.5254825206158298,28065,11935,0.70
oscillations,0.5,42,3,-17.0,8.65,q3,"(100, 100)",2984,-0.013236831918270145,0.5614153291619294,-0.0003585787347336501,0.5254825206158298,28065,11935,0.70
oscillations,0.5,42,3,-17.0,8.65,q4,"(100, 100)",2944,0.0114134425741271,0.5240399862463917,-0.0003585787347336501,0.5254825206158298,28065,11935,0.70
oscillations,0.5,43,3,-17.0,8.65,q1,"(100, 100)",3029,0.004372211120410155,0.5019427355567292,-0.001667673633240809,0.5370749054309669,28061,11939,0.70
oscillations,0.5,43,3,-17.0,8.65,q2,"(100, 100)",2954,-0.005762198775555586,0.5233294494151415,-0.001667673633240809,0.5370749054309669,28061,11939,0.70
oscillations,0.5,43,3,-17.0,8.65,q3,"(100, 100)",3010,0.00019150600300658996,0.572376340822205,-0.001667673633240809,0.5370749054309669,28061,11939,0.70
oscillations,0.5,43,3,-17.0,8.65,q4,"(100, 100)",2946,-0.0056716499922074065,0.5481844615129032,-0.001667673633240809,0.5370749054309669,28061,11939,0.70
oscillations,0.5,44,3,-17.0,8.65,q1,"(100, 100)",3008,0.005269577670136002,0.5133656682300466,0.0009152129703513851,0.5372451613936696,28058,11942,0.70
oscillations,0.5,44,3,-17.0,8.65,q2,"(100, 100)",2913,-0.0027058602128936984,0.5489004661265741,0.0009152129703513851,0.5372451613936696,28058,11942,0.70
oscillations,0.5,44,3,-17.0,8.65,q3,"(100, 100)",2964,-0.0005127450048739382,0.5546755299471527,0.0009152129703513851,0.5372451613936696,28058,11942,0.70
oscillations,0.5,44,3,-17.0,8.65,q4,"(100, 100)",3057,0.0014656626283195448,0.5317595744050878,0.0009152129703513851,0.5372451613936696,28058,11942,0.70
oscillations,0.5,45,3,-17.0,8.65,q1,"(100, 100)",2990,-0.004287416954703559,0.5179894498072288,-0.0005534380322130855,0.5373857813760904,28068,11932,0.70
oscillations,0.5,45,3,-17.0,8.65,q2,"(100, 100)",2982,0.003051290113077767,0.5037409012332758,-0.0005534380322130855,0.5373857813760904,28068,11932,0.70
oscillations,0.5,45,3,-17.0,8.65,q3,"(100, 100)",3050,-0.0007068732658262353,0.5876516409763346,-0.0005534380322130855,0.5373857813760904,28068,11932,0.70
oscillations,0.5,45,3,-17.0,8.65,q4,"(100, 100)",2910,-0.00024990706605867405,0.5351752222921847,-0.0005534380322130855,0.5373857813760904,28068,11932,0.70
oscillations,0.5,46,3,-17.0,8.65,q1,"(100, 100)",3003,-0.004363531655228241,0.5097773199350304,0.0007112723468430321,0.5502343498145017,28065,11935,0.70
oscillations,0.5,46,3,-17.0,8.65,q2,"(100, 100)",2978,0.006016597915009886,0.5739096455898208,0.0007112723468430321,0.5502343498145017,28065,11935,0.70
oscillations,0.5,46,3,-17.0,8.65,q3,"(100, 100)",2995,0.00701219476645026,0.5453529058235225,0.0007112723468430321,0.5502343498145017,28065,11935,0.70
oscillations,0.5,46,3,-17.0,8.65,q4,"(100, 100)",2959,-0.005855434571205123,0.5698863622091503,0.0007112723468430321,0.5502343498145017,28065,11935,0.70
oscillations,0.5,47,3,-17.0,8.65,q1,"(100, 100)",3015,-0.00021909900065326777,0.523780966813707,0.0006947426513832586,0.5407787201565343,28060,11940,0.70
oscillations,0.5,47,3,-17.0,8.65,q2,"(100, 100)",3046,0.004426351871312046,0.5001051231339412,0.0006947426513832586,0.5407787201565343,28060,11940,0.70
oscillations,0.5,47,3,-17.0,8.65,q3,"(100, 100)",2913,-0.004787235688726218,0.5807187036239522,0.0006947426513832586,0.5407787201565343,28060,11940,0.70
oscillations,0.5,47,3,-17.0,8.65,q4,"(100, 100)",2966,0.003175441842794569,0.5570198324018579,0.0006947426513832586,0.5407787201565343,28060,11940,0.70
oscillations,0.5,48,3,-17.0,8.65,q1,"(100, 100)",2932,0.012444518999836788,0.5636741232133138,-0.00047778933858006443,0.5408597202114585,28054,11946,0.70
oscillations,0.5,48,3,-17.0,8.65,q2,"(100, 100)",2975,-0.012213942444594306,0.5148833248071153,-0.00047778933858006443,0.5408597202114585,28054,11946,0.70
oscillations,0.5,48,3,-17.0,8.65,q3,"(100, 100)",3020,-0.0031972382250079062,0.5558596795713966,-0.00047778933858006443,0.5408597202114585,28054,11946,0.70
oscillations,0.5,48,3,-17.0,8.65,q4,"(100, 100)",3019,0.0012577466266952666,0.5275569477631817,-0.00047778933858006443,0.5408597202114585,28054,11946,0.70
oscillations,0.5,49,3,-17.0,8.65,q1,"(100, 100)",2978,0.008959347512350191,0.5317809618761995,0.0018133073196396126,0.5286340970725936,28049,11951,0.70
oscillations,0.5,49,3,-17.0,8.65,q2,"(100, 100)",3019,-0.005534471659283425,0.5023490308470154,0.0018133073196396126,0.5286340970725936,28049,11951,0.70
oscillations,0.5,49,3,-17.0,8.65,q3,"(100, 100)",2992,-0.0023111530092368012,0.5408606780927717,0.0018133073196396126,0.5286340970725936,28049,11951,0.70
oscillations,0.5,49,3,-17.0,8.65,q4,"(100, 100)",2962,0.006284077862338727,0.5388577815883555,0.0018133073196396126,0.5286340970725936,28049,11951,0.70
oscillations,0.5,0,4,-22.0,7.18,q1,"(100, 100)",3022,0.0016878941967413703,0.5040706865416753,0.0009256428740049616,0.5549880962258149,28060,11940,0.70
oscillations,0.5,0,4,-22.0,7.18,q2,"(100, 100)",3057,0.00240541640212874,0.538893096595377,0.0009256428740049616,0.5549880962258149,28060,11940,0.70
oscillations,0.5,0,4,-22.0,7.18,q3,"(100, 100)",2892,-0.004296070653671855,0.5829771505829981,0.0009256428740049616,0.5549880962258149,28060,11940,0.70
oscillations,0.5,0,4,-22.0,7.18,q4,"(100, 100)",2969,0.0037124412402082373,0.5915784601779233,0.0009256428740049616,0.5549880962258149,28060,11940,0.70
oscillations,0.5,1,4,-22.0,7.18,q1,"(100, 100)",2961,0.0118242251231139,0.5022540770254453,-0.00046146349261216467,0.5509562733708712,28070,11930,0.70
oscillations,0.5,1,4,-22.0,7.18,q2,"(100, 100)",3027,-0.009857645071493776,0.5475870984922068,-0.00046146349261216467,0.5509562733708712,28070,11930,0.70
oscillations,0.5,1,4,-22.0,7.18,q3,"(100, 100)",2964,-0.00115154784996738,0.5767352293259953,-0.00046146349261216467,0.5509562733708712,28070,11930,0.70
oscillations,0.5,1,4,-22.0,7.18,q4,"(100, 100)",2978,-0.0024393924102378813,0.5737050613750413,-0.00046146349261216467,0.5509562733708712,28070,11930,0.70
oscillations,0.5,2,4,-22.0,7.18,q1,"(100, 100)",2877,0.014761869534153423,0.537448527678442,0.0005161337726687185,0.5586796029781684,28062,11938,0.70
oscillations,0.5,2,4,-22.0,7.18,q2,"(100, 100)",2982,-0.011319938158393264,0.5749455695131572,0.0005161337726687185,0.5586796029781684,28062,11938,0.70
oscillations,0.5,2,4,-22.0,7.18,q3,"(100, 100)",3052,-0.0031973955592671526,0.5582516330436503,0.0005161337726687185,0.5586796029781684,28062,11938,0.70
oscillations,0.5,2,4,-22.0,7.18,q4,"(100, 100)",3027,0.0023806452472982524,0.562325492920677,0.0005161337726687185,0.5586796029781684,28062,11938,0.70
oscillations,0.5,3,4,-22.0,7.18,q1,"(100, 100)",3013,0.005053189980248137,0.5108949290926134,0.00012975492749441067,0.552875522469305,28056,11944,0.70
oscillations,0.5,3,4,-22.0,7.18,q2,"(100, 100)",2914,-0.0030252801328857293,0.5703102323394093,0.00012975492749441067,0.552875522469305,28056,11944,0.70
oscillations,0.5,3,4,-22.0,7.18,q3,"(100, 100)",3032,-0.0064835253299740415,0.5587902290858354,0.00012975492749441067,0.552875522469305,28056,11944,0.70
oscillations,0.5,3,4,-22.0,7.18,q4,"(100, 100)",2985,0.004957536533070663,0.5699567505219612,0.00012975492749441067,0.552875522469305,28056,11944,0.70
oscillations,0.5,4,4,-22.0,7.18,q1,"(100, 100)",2992,0.010998599774847176,0.5377426035070845,-3.275390138440051e-05,0.561633916035749,28059,11941,0.70
oscillations,0.5,4,4,-22.0,7.18,q2,"(100, 100)",3004,-0.0103943475698667,0.5553733010649926,-3.275390138440051e-05,0.561633916035749,28059,11941,0.70
oscillations,0.5,4,4,-22.0,7.18,q3,"(100, 100)",2958,-0.0018510873455503745,0.557472409397722,-3.275390138440051e-05,0.561633916035749,28059,11941,0.70
oscillations,0.5,4,4,-22.0,7.18,q4,"(100, 100)",2987,0.0011386714446748201,0.5942664058353394,-3.275390138440051e-05,0.561633916035749,28059,11941,0.70
oscillations,0.5,5,4,-22.0,7.18,q1,"(100, 100)",3046,0.006735146100601631,0.5020757633163219,-0.00015116609545486956,0.5503677556791768,28065,11935,0.70
oscillations,0.5,5,4,-22.0,7.18,q2,"(100, 100)",2979,-0.006220440119762768,0.5619275541299467,-0.00015116609545486956,0.5503677556791768,28065,11935,0.70
oscillations,0.5,5,4,-22.0,7.18,q3,"(100, 100)",2961,-0.008922090166568808,0.5520521532285848,-0.00015116609545486956,0.5503677556791768,28065,11935,0.70
oscillations,0.5,5,4,-22.0,7.18,q4,"(100, 100)",2949,0.0076736445331628,0.5833722358625429,-0.00015116609545486956,0.5503677556791768,28065,11935,0.70
oscillations,0.5,6,4,-22.0,7.18,q1,"(100, 100)",2897,0.006950195843634852,0.551926212918476,0.0007703723430123417,0.5683709136914408,28068,11932,0.70
oscillations,0.5,6,4,-22.0,7.18,q2,"(100, 100)",3002,-0.0017090173410912641,0.5688935684947076,0.0007703723430123417,0.5683709136914408,28068,11932,0.70
oscillations,0.5,6,4,-22.0,7.18,q3,"(100, 100)",2963,-0.010631411049848586,0.5803957453403557,0.0007703723430123417,0.5683709136914408,28068,11932,0.70
oscillations,0.5,6,4,-22.0,7.18,q4,"(100, 100)",3070,0.008367656819697212,0.5712193461737988,0.0007703723430123417,0.5683709136914408,28068,11932,0.70
oscillations,0.5,7,4,-22.0,7.18,q1,"(100, 100)",3045,0.010281345972377207,0.5453876038132859,-0.00010110151320337313,0.5655088035381594,28069,11931,0.70
oscillations,0.5,7,4,-22.0,7.18,q2,"(100, 100)",2984,-0.011372163072260735,0.5408919885676295,-0.00010110151320337313,0.5655088035381594,28069,11931,0.70
oscillations,0.5,7,4,-22.0,7.18,q3,"(100, 100)",2943,-0.010120949942287337,0.6064240624583862,-0.00010110151320337313,0.5655088035381594,28069,11931,0.70
oscillations,0.5,7,4,-22.0,7.18,q4,"(100, 100)",2959,0.010546654156086391,0.5675611645617735,-0.00010110151320337313,0.5655088035381594,28069,11931,0.70
oscillations,0.5,8,4,-22.0,7.18,q1,"(100, 100)",2910,0.007584642878513072,0.5291722880798565,0.0003358643014484113,0.5678341850843525,28059,11941,0.70
oscillations,0.5,8,4,-22.0,7.18,q2,"(100, 100)",3039,-0.00669730726318367,0.577320141201683,0.0003358643014484113,0.5678341850843525,28059,11941,0.70
oscillations,0.5,8,4,-22.0,7.18,q3,"(100, 100)",2980,-0.0015671241485134162,0.5757266535348383,0.0003358643014484113,0.5678341850843525,28059,11941,0.70
oscillations,0.5,8,4,-22.0,7.18,q4,"(100, 100)",3012,0.002311550990208362,0.5860150922237713,0.0003358643014484113,0.5678341850843525,28059,11941,0.70
oscillations,0.5,9,4,-22.0,7.18,q1,"(100, 100)",2993,0.004547322478848557,0.5318326394180827,-0.00018406813289600197,0.5591459425852144,28047,11953,0.70
oscillations,0.5,9,4,-22.0,7.18,q2,"(100, 100)",2967,-0.0001196659639333181,0.5536089345567068,-0.00018406813289600197,0.5591459425852144,28047,11953,0.70
oscillations,0.5,9,4,-22.0,7.18,q3,"(100, 100)",2980,-0.013419664794924364,0.5817638837498448,-0.00018406813289600197,0.5591459425852144,28047,11953,0.70
oscillations,0.5,9,4,-22.0,7.18,q4,"(100, 100)",3013,0.00814316210825261,0.5679125243464306,-0.00018406813289600197,0.5591459425852144,28047,11953,0.70
oscillations,0.5,10,4,-22.0,7.18,q1,"(100, 100)",3011,0.004199882813532781,0.5289760986988351,-0.0004570118181102586,0.560380337910144,28061,11939,0.70
oscillations,0.5,10,4,-22.0,7.18,q2,"(100, 100)",3002,-0.002657405666772116,0.5543610598324112,-0.0004570118181102586,0.560380337910144,28061,11939,0.70
oscillations,0.5,10,4,-22.0,7.18,q3,"(100, 100)",2957,-0.01282353170943435,0.5927922790828208,-0.0004570118181102586,0.560380337910144,28061,11939,0.70
oscillations,0.5,10,4,-22.0,7.18,q4,"(100, 100)",2969,0.009361604522897162,0.5639183411875989,-0.0004570118181102586,0.560380337910144,28061,11939,0.70
oscillations,0.5,11,4,-22.0,7.18,q1,"(100, 100)",2977,0.022209816956819,0.5389167433426119,-0.000265940144951186,0.5645270009513181,28056,11944,0.70
oscillations,0.5,11,4,-22.0,7.18,q2,"(100, 100)",2955,-0.02213548743841766,0.5501177925688305,-0.000265940144951186,0.5645270009513181,28056,11944,0.70
oscillations,0.5,11,4,-22.0,7.18,q3,"(100, 100)",3097,0.000503374315505893,0.5739579464303373,-0.000265940144951186,0.5645270009513181,28056,11944,0.70
oscillations,0.5,11,4,-22.0,7.18,q4,"(100, 100)",2915,-0.0018674439267048688,0.592808161548431,-0.000265940144951186,0.5645270009513181,28056,11944,0.70
oscillations,0.5,12,4,-22.0,7.18,q1,"(100, 100)",2965,0.0035890520167596142,0.5430102204177855,-0.0003871851546778268,0.554192813678437,28052,11948,0.70
oscillations,0.5,12,4,-22.0,7.18,q2,"(100, 100)",3019,-0.0017464678645164745,0.5346833057860202,-0.0003871851546778268,0.554192813678437,28052,11948,0.70
oscillations,0.5,12,4,-22.0,7.18,q3,"(100, 100)",3003,0.004104787049851189,0.5814380676351663,-0.0003871851546778268,0.554192813678437,28052,11948,0.70
oscillations,0.5,12,4,-22.0,7.18,q4,"(100, 100)",2961,-0.007538573618882417,0.556423068556997,-0.0003871851546778268,0.554192813678437,28052,11948,0.70
oscillations,0.5,13,4,-22.0,7.18,q1,"(100, 100)",3014,0.002278951156395029,0.5302823962149797,-0.0008108284386673609,0.5533807503557221,28063,11937,0.70
oscillations,0.5,13,4,-22.0,7.18,q2,"(100, 100)",2936,-0.0017371813523022893,0.5380371909192894,-0.0008108284386673609,0.5533807503557221,28063,11937,0.70
oscillations,0.5,13,4,-22.0,7.18,q3,"(100, 100)",2994,-0.004021209065288598,0.5756982484824311,-0.0008108284386673609,0.5533807503557221,28063,11937,0.70
oscillations,0.5,13,4,-22.0,7.18,q4,"(100, 100)",2993,0.00019787722488696233,0.5680102187207356,-0.0008108284386673609,0.5533807503557221,28063,11937,0.70
oscillations,0.5,14,4,-22.0,7.18,q1,"(100, 100)",3013,0.01160322342055406,0.5514878048063,-0.00019501155677647652,0.5570644536632595,28055,11945,0.70
oscillations,0.5,14,4,-22.0,7.18,q2,"(100, 100)",3016,-0.00995052221084647,0.526839102861597,-0.00019501155677647652,0.5570644536632595,28055,11945,0.70
oscillations,0.5,14,4,-22.0,7.18,q3,"(100, 100)",2919,-0.008408846977278313,0.6002973738925943,-0.00019501155677647652,0.5570644536632595,28055,11945,0.70
oscillations,0.5,14,4,-22.0,7.18,q4,"(100, 100)",2997,0.005761185886808133,0.5481186781142947,-0.00019501155677647652,0.5570644536632595,28055,11945,0.70
oscillations,0.5,15,4,-22.0,7.18,q1,"(100, 100)",2995,0.007796289629515027,0.5273908226805089,-0.00039410707487875656,0.5652616037876532,28061,11939,0.70
oscillations,0.5,15,4,-22.0,7.18,q2,"(100, 100)",2949,-0.008943746165282023,0.5722568922220297,-0.00039410707487875656,0.5652616037876532,28061,11939,0.70
oscillations,0.5,15,4,-22.0,7.18,q3,"(100, 100)",3025,-0.003785215950744952,0.5752860039356426,-0.00039410707487875656,0.5652616037876532,28061,11939,0.70
oscillations,0.5,15,4,-22.0,7.18,q4,"(100, 100)",2970,0.003289647772742486,0.584411708817961,-0.00039410707487875656,0.5652616037876532,28061,11939,0.70
oscillations,0.5,16,4,-22.0,7.18,q1,"(100, 100)",2959,-0.0031669721475110642,0.5266954291843893,-0.000793944546836705,0.5555046478121751,28052,11948,0.70
oscillations,0.5,16,4,-22.0,7.18,q2,"(100, 100)",3037,0.004659449566218202,0.5446520573927258,-0.000793944546836705,0.5555046478121751,28052,11948,0.70
oscillations,0.5,16,4,-22.0,7.18,q3,"(100, 100)",2995,0.0010311073118917078,0.5639339708027573,-0.000793944546836705,0.5555046478121751,28052,11948,0.70
oscillations,0.5,16,4,-22.0,7.18,q4,"(100, 100)",2957,-0.0058687499468515585,0.5851698294375175,-0.000793944546836705,0.5555046478121751,28052,11948,0.70
oscillations,0.5,17,4,-22.0,7.18,q1,"(100, 100)",2946,0.0023740960473415357,0.5214102179141367,-0.002783087400902934,0.5503348328465839,28067,11933,0.70
oscillations,0.5,17,4,-22.0,7.18,q2,"(100, 100)",3017,-0.006852274965613745,0.5359791127542929,-0.002783087400902934,0.5503348328465839,28067,11933,0.70
oscillations,0.5,17,4,-22.0,7.18,q3,"(100, 100)",3005,-0.007499532340594984,0.5802975042358777,-0.002783087400902934,0.5503348328465839,28067,11933,0.70
oscillations,0.5,17,4,-22.0,7.18,q4,"(100, 100)",2965,0.0010134028142670184,0.561358968042272,-0.002783087400902934,0.5503348328465839,28067,11933,0.70
oscillations,0.5,18,4,-22.0,7.18,q1,"(100, 100)",2986,-0.0006354051772187794,0.5408227873990716,0.000458010284060776,0.5561370527847476,28057,11943,0.70
oscillations,0.5,18,4,-22.0,7.18,q2,"(100, 100)",3000,0.004864573724431823,0.5210168583437108,0.000458010284060776,0.5561370527847476,28057,11943,0.70
oscillations,0.5,18,4,-22.0,7.18,q3,"(100, 100)",3036,0.0024187066710989165,0.5700313372605983,0.000458010284060776,0.5561370527847476,28057,11943,0.70
oscillations,0.5,18,4,-22.0,7.18,q4,"(100, 100)",2921,-0.004987873312235078,0.590759008591995,0.000458010284060776,0.5561370527847476,28057,11943,0.70
oscillations,0.5,19,4,-22.0,7.18,q1,"(100, 100)",3072,-0.0011579703345891655,0.5284528036883589,0.00032720527960017223,0.5550400808823632,28059,11941,0.70
oscillations,0.5,19,4,-22.0,7.18,q2,"(100, 100)",3008,0.000506122599394755,0.5242894165210621,0.00032720527960017223,0.5550400808823632,28059,11941,0.70
oscillations,0.5,19,4,-22.0,7.18,q3,"(100, 100)",2945,0.010281119164564194,0.596700950006691,0.00032720527960017223,0.5550400808823632,28059,11941,0.70
oscillations,0.5,19,4,-22.0,7.18,q4,"(100, 100)",2916,-0.008345634295973051,0.5692254583479238,0.00032720527960017223,0.5550400808823632,28059,11941,0.70
oscillations,0.5,20,4,-22.0,7.18,q1,"(100, 100)",2961,0.0018922325965140853,0.5474955263846756,-1.4064584310557351e-05,0.5566666913728839,28069,11931,0.70
oscillations,0.5,20,4,-22.0,7.18,q2,"(100, 100)",3025,-0.0009423027866630853,0.5607069834045968,-1.4064584310557351e-05,0.5566666913728839,28069,11931,0.70
oscillations,0.5,20,4,-22.0,7.18,q3,"(100, 100)",2963,-0.011800131294475385,0.577500499821701,-1.4064584310557351e-05,0.5566666913728839,28069,11931,0.70
oscillations,0.5,20,4,-22.0,7.18,q4,"(100, 100)",2982,0.010745657170187434,0.540015354366427,-1.4064584310557351e-05,0.5566666913728839,28069,11931,0.70
oscillations,0.5,21,4,-22.0,7.18,q1,"(100, 100)",2941,0.004356230111121957,0.5427351422292228,-0.00035995775976315023,0.561571131760687,28055,11945,0.70
oscillations,0.5,21,4,-22.0,7.18,q2,"(100, 100)",3065,-0.0018648675032187612,0.5246514059591566,-0.00035995775976315023,0.561571131760687,28055,11945,0.70
oscillations,0.5,21,4,-22.0,7.18,q3,"(100, 100)",3054,0.007205361052597672,0.5960509134061909,-0.00035995775976315023,0.561571131760687,28055,11945,0.70
oscillations,0.5,21,4,-22.0,7.18,q4,"(100, 100)",2885,-0.011577373294436146,0.5802650489679286,-0.00035995775976315023,0.561571131760687,28055,11945,0.70
oscillations,0.5,22,4,-22.0,7.18,q1,"(100, 100)",3004,0.0029400664194253598,0.5315905834769583,-8.092668975877792e-05,0.5619107490244653,28061,11939,0.70
oscillations,0.5,22,4,-22.0,7.18,q2,"(100, 100)",3003,-0.0029743907366029773,0.5462459526211785,-8.092668975877792e-05,0.5619107490244653,28061,11939,0.70
oscillations,0.5,22,4,-22.0,7.18,q3,"(100, 100)",3021,-0.002766056506971271,0.572653038960604,-8.092668975877792e-05,0.5619107490244653,28061,11939,0.70
oscillations,0.5,22,4,-22.0,7.18,q4,"(100, 100)",2911,0.0025730707030556916,0.5959738167358136,-8.092668975877792e-05,0.5619107490244653,28061,11939,0.70
oscillations,0.5,23,4,-22.0,7.18,q1,"(100, 100)",2996,0.012366042095859562,0.5277382365111061,0.00014895000359662543,0.5708490509952617,28060,11940,0.70
oscillations,0.5,23,4,-22.0,7.18,q2,"(100, 100)",3006,-0.006632016771910104,0.574986341325104,0.00014895000359662543,0.5708490509952617,28060,11940,0.70
oscillations,0.5,23,4,-22.0,7.18,q3,"(100, 100)",2967,-0.006219306411215012,0.5966807872769837,0.00014895000359662543,0.5708490509952617,28060,11940,0.70
oscillations,0.5,23,4,-22.0,7.18,q4,"(100, 100)",2971,0.0010495878364810438,0.5817856927606219,0.00014895000359662543,0.5708490509952617,28060,11940,0.70
oscillations,0.5,24,4,-22.0,7.18,q1,"(100, 100)",2974,0.003580498265814295,0.5477192092824382,3.0745205830867315e-05,0.5604587294244993,28055,11945,0.70
oscillations,0.5,24,4,-22.0,7.18,q2,"(100, 100)",3003,-0.0018484799051104207,0.5510019092159956,3.0745205830867315e-05,0.5604587294244993,28055,11945,0.70
oscillations,0.5,24,4,-22.0,7.18,q3,"(100, 100)",2980,-0.002051220038170956,0.5808153386817798,3.0745205830867315e-05,0.5604587294244993,28055,11945,0.70
oscillations,0.5,24,4,-22.0,7.18,q4,"(100, 100)",2988,0.00046267420010509547,0.5617279375563323,3.0745205830867315e-05,0.5604587294244993,28055,11945,0.70
oscillations,0.5,25,4,-22.0,7.18,q1,"(100, 100)",2946,-0.00528161613104481,0.5703523720699124,0.000626517021945068,0.5796935235238038,28062,11938,0.70
oscillations,0.5,25,4,-22.0,7.18,q2,"(100, 100)",2988,0.0042162798837119785,0.554372483442789,0.000626517021945068,0.5796935235238038,28062,11938,0.70
oscillations,0.5,25,4,-22.0,7.18,q3,"(100, 100)",2997,0.007104366596120157,0.5954895703600347,0.000626517021945068,0.5796935235238038,28062,11938,0.70
oscillations,0.5,25,4,-22.0,7.18,q4,"(100, 100)",3007,-0.0036085898407267245,0.5970723731229918,0.000626517021945068,0.5796935235238038,28062,11938,0.70
oscillations,0.5,26,4,-22.0,7.18,q1,"(100, 100)",2968,0.005500536094672891,0.5209194047647732,-0.0008347324966944278,0.5624284367566835,28074,11926,0.70
oscillations,0.5,26,4,-22.0,7.18,q2,"(100, 100)",2987,-0.004985337733319621,0.5682469765071648,-0.0008347324966944278,0.5624284367566835,28074,11926,0.70
oscillations,0.5,26,4,-22.0,7.18,q3,"(100, 100)",3040,0.0021931775551980266,0.5846690703321216,-0.0008347324966944278,0.5624284367566835,28074,11926,0.70
oscillations,0.5,26,4,-22.0,7.18,q4,"(100, 100)",2931,-0.006160582341502286,0.5732369044307427,-0.0008347324966944278,0.5624284367566835,28074,11926,0.70
oscillations,0.5,27,4,-22.0,7.18,q1,"(100, 100)",3056,-0.0010461763940740406,0.5256407882275242,0.0008069043295930765,0.5571333964857015,28063,11937,0.70
oscillations,0.5,27,4,-22.0,7.18,q2,"(100, 100)",2949,0.003486241810115755,0.5522558598008845,0.0008069043295930765,0.5571333964857015,28063,11937,0.70
oscillations,0.5,27,4,-22.0,7.18,q3,"(100, 100)",3015,0.0015438243174860401,0.5791044676956107,0.0008069043295930765,0.5571333964857015,28063,11937,0.70
oscillations,0.5,27,4,-22.0,7.18,q4,"(100, 100)",2917,-0.0007221204568422932,0.5707674845547354,0.0008069043295930765,0.5571333964857015,28063,11937,0.70
oscillations,0.5,28,4,-22.0,7.18,q1,"(100, 100)",2946,-0.0008537731900205395,0.5471278434423734,0.0005170179660567845,0.5576933703531111,28057,11943,0.70
oscillations,0.5,28,4,-22.0,7.18,q2,"(100, 100)",2994,0.003178157206655535,0.5411746930001387,0.0005170179660567845,0.5576933703531111,28057,11943,0.70
oscillations,0.5,28,4,-22.0,7.18,q3,"(100, 100)",3007,-0.013094791198054737,0.5559782300204437,0.0005170179660567845,0.5576933703531111,28057,11943,0.70
oscillations,0.5,28,4,-22.0,7.18,q4,"(100, 100)",2996,0.01286735508753025,0.5849867795128239,0.0005170179660567845,0.5576933703531111,28057,11943,0.70
oscillations,0.5,29,4,-22.0,7.18,q1,"(100, 100)",2952,-0.0037994915083139017,0.5404362919169614,-0.0004669881353756095,0.5531626974611205,28059,11941,0.70
oscillations,0.5,29,4,-22.0,7.18,q2,"(100, 100)",2988,0.007303348837842231,0.5182405423210198,-0.0004669881353756095,0.5531626974611205,28059,11941,0.70
oscillations,0.5,29,4,-22.0,7.18,q3,"(100, 100)",2991,-0.00480504963935528,0.5796550217075253,-0.0004669881353756095,0.5531626974611205,28059,11941,0.70
oscillations,0.5,29,4,-22.0,7.18,q4,"(100, 100)",3010,-0.0006015645342652715,0.5717250491174131,-0.0004669881353756095,0.5531626974611205,28059,11941,0.70
oscillations,0.5,30,4,-22.0,7.18,q1,"(100, 100)",3030,0.002260808964612997,0.525794369965629,-0.0005881131427511233,0.5602467303534795,28057,11943,0.70
oscillations,0.5,30,4,-22.0,7.18,q2,"(100, 100)",2928,-0.003698713798663565,0.5579274861157358,-0.0005881131427511233,0.5602467303534795,28057,11943,0.70
oscillations,0.5,30,4,-22.0,7.18,q3,"(100, 100)",3091,-0.008276180232552456,0.5678369505416633,-0.0005881131427511233,0.5602467303534795,28057,11943,0.70
oscillations,0.5,30,4,-22.0,7.18,q4,"(100, 100)",2894,0.0077876367224093005,0.5885391943919828,-0.0005881131427511233,0.5602467303534795,28057,11943,0.70
oscillations,0.5,31,4,-22.0,7.18,q1,"(100, 100)",2957,0.00630188805265165,0.5385658690888789,-0.0009505594409386299,0.5499628655790774,28061,11939,0.70
oscillations,0.5,31,4,-22.0,7.18,q2,"(100, 100)",2929,-0.007465664016519259,0.539611386134045,-0.0009505594409386299,0.5499628655790774,28061,11939,0.70
oscillations,0.5,31,4,-22.0,7.18,q3,"(100, 100)",3073,-0.00440502386262647,0.548086990674079,-0.0009505594409386299,0.5499628655790774,28061,11939,0.70
oscillations,0.5,31,4,-22.0,7.18,q4,"(100, 100)",2980,0.0018188443279123598,0.5725951805312008,-0.0009505594409386299,0.5499628655790774,28061,11939,0.70
oscillations,0.5,32,4,-22.0,7.18,q1,"(100, 100)",2908,0.0014475116801246862,0.5524419029145106,-0.0019771108461771334,0.5666697393811857,28059,11941,0.70
oscillations,0.5,32,4,-22.0,7.18,q2,"(100, 100)",2987,-0.004391682463171098,0.5770090932845349,-0.0019771108461771334,0.5666697393811857,28059,11941,0.70
oscillations,0.5,32,4,-22.0,7.18,q3,"(100, 100)",3028,-0.005519243274379515,0.5637093264396842,-0.0019771108461771334,0.5666697393811857,28059,11941,0.70
oscillations,0.5,32,4,-22.0,7.18,q4,"(100, 100)",3018,0.0006667261671005741,0.5727775975367118,-0.0019771108461771334,0.5666697393811857,28059,11941,0.70
oscillations,0.5,33,4,-22.0,7.18,q1,"(100, 100)",3034,0.009299982160493898,0.530669810758666,-5.537327465386138e-05,0.5718189038752219,28063,11937,0.70
oscillations,0.5,33,4,-22.0,7.18,q2,"(100, 100)",2920,-0.010639631616825506,0.5991621658040468,-5.537327465386138e-05,0.5718189038752219,28063,11937,0.70
oscillations,0.5,33,4,-22.0,7.18,q3,"(100, 100)",3072,0.004082104976582926,0.5737360099224019,-5.537327465386138e-05,0.5718189038752219,28063,11937,0.70
oscillations,0.5,33,4,-22.0,7.18,q4,"(100, 100)",2911,-0.0035553551430484065,0.5827445436800688,-5.537327465386138e-05,0.5718189038752219,28063,11937,0.70
oscillations,0.5,34,4,-22.0,7.18,q1,"(100, 100)",2978,0.01416194312367545,0.5329482332716269,0.0006503884582713458,0.559053436646106,28054,11946,0.70
oscillations,0.5,34,4,-22.0,7.18,q2,"(100, 100)",3029,-0.012414511196666875,0.5530579523314777,0.0006503884582713458,0.559053436646106,28054,11946,0.70
oscillations,0.5,34,4,-22.0,7.18,q3,"(100, 100)",2930,0.007673462196894953,0.568643265206598,0.0006503884582713458,0.559053436646106,28054,11946,0.70
oscillations,0.5,34,4,-22.0,7.18,q4,"(100, 100)",3009,-0.006408911904949901,0.5800733442727326,0.0006503884582713458,0.559053436646106,28054,11946,0.70
oscillations,0.5,35,4,-22.0,7.18,q1,"(100, 100)",2953,0.010730986316347686,0.5367529980934295,-0.0018250424214218573,0.5508111853044514,28049,11951,0.70
oscillations,0.5,35,4,-22.0,7.18,q2,"(100, 100)",2939,-0.013418320083898195,0.550754229787065,-0.0018250424214218573,0.5508111853044514,28049,11951,0.70
oscillations,0.5,35,4,-22.0,7.18,q3,"(100, 100)",3040,-0.010500593663657182,0.5650914056065469,-0.0018250424214218573,0.5508111853044514,28049,11951,0.70
oscillations,0.5,35,4,-22.0,7.18,q4,"(100, 100)",3019,0.005915390160154786,0.5494925316345893,-0.0018250424214218573,0.5508111853044514,28049,11951,0.70
oscillations,0.5,36,4,-22.0,7.18,q1,"(100, 100)",2972,0.00832523723201424,0.5172584114887296,-0.001035356975895509,0.5531536879268316,28069,11931,0.70
oscillations,0.5,36,4,-22.0,7.18,q2,"(100, 100)",3074,-0.0072580261525051395,0.5494000533687979,-0.001035356975895509,0.5531536879268316,28069,11931,0.70
oscillations,0.5,36,4,-22.0,7.18,q3,"(100, 100)",2943,0.0021428235121709167,0.5628742194065267,-0.001035356975895509,0.5531536879268316,28069,11931,0.70
oscillations,0.5,36,4,-22.0,7.18,q4,"(100, 100)",2942,-0.007168798890711706,0.5814542510156161,-0.001035356975895509,0.5531536879268316,28069,11931,0.70
oscillations,0.5,37,4,-22.0,7.18,q1,"(100, 100)",3003,0.012249873560430172,0.5460533975424327,0.000882427838537044,0.5663721147675869,28058,11942,0.70
oscillations,0.5,37,4,-22.0,7.18,q2,"(100, 100)",2911,-0.01061391224516109,0.5744699655741009,0.000882427838537044,0.5663721147675869,28058,11942,0.70
oscillations,0.5,37,4,-22.0,7.18,q3,"(100, 100)",3027,-0.01586645409931819,0.5643508669073264,0.000882427838537044,0.5663721147675869,28058,11942,0.70
oscillations,0.5,37,4,-22.0,7.18,q4,"(100, 100)",3001,0.01755296169614718,0.5795869979548339,0.000882427838537044,0.5663721147675869,28058,11942,0.70
oscillations,0.5,38,4,-22.0,7.18,q1,"(100, 100)",2967,0.008942426215448433,0.5176116783456831,0.001116355580391828,0.5458157684008814,28066,11934,0.70
oscillations,0.5,38,4,-22.0,7.18,q2,"(100, 100)",2976,-0.006465722345139031,0.533132497471948,0.001116355580391828,0.5458157684008814,28066,11934,0.70
oscillations,0.5,38,4,-22.0,7.18,q3,"(100, 100)",2961,0.011572690578147365,0.5852273302531583,0.001116355580391828,0.5458157684008814,28066,11934,0.70
oscillations,0.5,38,4,-22.0,7.18,q4,"(100, 100)",3030,-0.00931826342825083,0.5448226419833808,0.001116355580391828,0.5458157684008814,28066,11934,0.70
oscillations,0.5,39,4,-22.0,7.18,q1,"(100, 100)",2908,-0.002526848684642691,0.5200609034673004,-0.0004582479406806469,0.5509592210597342,28068,11932,0.70
oscillations,0.5,39,4,-22.0,7.18,q2,"(100, 100)",3040,0.0024358758386764713,0.5486132378534823,-0.0004582479406806469,0.5509592210597342,28068,11932,0.70
oscillations,0.5,39,4,-22.0,7.18,q3,"(100, 100)",3019,-0.0014746804195102325,0.577512804101099,-0.0004582479406806469,0.5509592210597342,28068,11932,0.70
oscillations,0.5,39,4,-22.0,7.18,q4,"(100, 100)",2965,-0.0003618012871283629,0.5550971722207413,-0.0004582479406806469,0.5509592210597342,28068,11932,0.70
oscillations,0.5,40,4,-22.0,7.18,q1,"(100, 100)",3021,-0.004866609186088001,0.5277039801274578,-0.0007417452096614304,0.5692837761186457,28058,11942,0.70
oscillations,0.5,40,4,-22.0,7.18,q2,"(100, 100)",3019,0.0022583689070831445,0.579549569086293,-0.0007417452096614304,0.5692837761186457,28058,11942,0.70
oscillations,0.5,40,4,-22.0,7.18,q3,"(100, 100)",2941,0.0024101898334280216,0.5930456312357827,-0.0007417452096614304,0.5692837761186457,28058,11942,0.70
oscillations,0.5,40,4,-22.0,7.18,q4,"(100, 100)",2961,-0.0027228230237084676,0.5754330822817523,-0.0007417452096614304,0.5692837761186457,28058,11942,0.70
oscillations,0.5,41,4,-22.0,7.18,q1,"(100, 100)",2984,-0.008623682715954867,0.5309242166179112,0.0003351046849472417,0.5596316389419957,28067,11933,0.70
oscillations,0.5,41,4,-22.0,7.18,q2,"(100, 100)",2993,0.008949949811560666,0.5518684727536932,0.0003351046849472417,0.5596316389419957,28067,11933,0.70
oscillations,0.5,41,4,-22.0,7.18,q3,"(100, 100)",2984,0.003965821412863425,0.5637353685530146,0.0003351046849472417,0.5596316389419957,28067,11933,0.70
oscillations,0.5,41,4,-22.0,7.18,q4,"(100, 100)",2972,-0.0029910287523892275,0.5903410257914394,0.0003351046849472417,0.5596316389419957,28067,11933,0.70
oscillations,0.5,42,4,-22.0,7.18,q1,"(100, 100)",2939,0.019472535930675276,0.5480814153078961,-0.00034915773699842876,0.5659680491626904,28065,11935,0.70
oscillations,0.5,42,4,-22.0,7.18,q2,"(100, 100)",3001,-0.01244938642212295,0.5589756952017313,-0.00034915773699842876,0.5659680491626904,28065,11935,0.70
oscillations,0.5,42,4,-22.0,7.18,q3,"(100, 100)",2987,-0.0032198090935747557,0.563301809991822,-0.00034915773699842876,0.5659680491626904,28065,11935,0.70
oscillations,0.5,42,4,-22.0,7.18,q4,"(100, 100)",3008,-0.004793484799212799,0.591666308692551,-0.00034915773699842876,0.5659680491626904,28065,11935,0.70
oscillations,0.5,43,4,-22.0,7.18,q1,"(100, 100)",2956,-0.0001627948757805752,0.5695207231218591,-0.0006615351608449631,0.5778798559105967,28065,11935,0.70
oscillations,0.5,43,4,-22.0,7.18,q2,"(100, 100)",2996,-0.0013258479328044762,0.5927855305604357,-0.0006615351608449631,0.5778798559105967,28065,11935,0.70
oscillations,0.5,43,4,-22.0,7.18,q3,"(100, 100)",2990,-0.010873606052740858,0.5797991942635978,-0.0006615351608449631,0.5778798559105967,28065,11935,0.70
oscillations,0.5,43,4,-22.0,7.18,q4,"(100, 100)",2993,0.009712703646007386,0.5687869022300411,-0.0006615351608449631,0.5778798559105967,28065,11935,0.70
oscillations,0.5,44,4,-22.0,7.18,q1,"(100, 100)",2976,0.008003992297441387,0.5314228323849955,0.00044520962571656966,0.5641494355390816,28053,11947,0.70
oscillations,0.5,44,4,-22.0,7.18,q2,"(100, 100)",2995,-0.0050534755852804465,0.5676802303131471,0.00044520962571656966,0.5641494355390816,28053,11947,0.70
oscillations,0.5,44,4,-22.0,7.18,q3,"(100, 100)",2982,-0.002262735448148541,0.5754467853100753,0.00044520962571656966,0.5641494355390816,28053,11947,0.70
oscillations,0.5,44,4,-22.0,7.18,q4,"(100, 100)",2994,0.001129483902987363,0.5805068206221493,0.00044520962571656966,0.5641494355390816,28053,11947,0.70
oscillations,0.5,45,4,-22.0,7.18,q1,"(100, 100)",2936,0.004935583747594223,0.5487555952113601,2.5255492108283683e-05,0.5605596213736026,28069,11931,0.70
oscillations,0.5,45,4,-22.0,7.18,q2,"(100, 100)",2965,-0.0003511954048268409,0.5402079058063172,2.5255492108283683e-05,0.5605596213736026,28069,11931,0.70
oscillations,0.5,45,4,-22.0,7.18,q3,"(100, 100)",2982,-0.0026197401586201957,0.5752472956910966,2.5255492108283683e-05,0.5605596213736026,28069,11931,0.70
oscillations,0.5,45,4,-22.0,7.18,q4,"(100, 100)",3048,-0.0017507188577019943,0.5764358510412104,2.5255492108283683e-05,0.5605596213736026,28069,11931,0.70
oscillations,0.5,46,4,-22.0,7.18,q1,"(100, 100)",2970,0.01134731960295446,0.536238674417127,0.002353610794523105,0.5569758625382435,28067,11933,0.70
oscillations,0.5,46,4,-22.0,7.18,q2,"(100, 100)",3014,-0.005632151334004336,0.5695204689488719,0.002353610794523105,0.5569758625382435,28067,11933,0.70
oscillations,0.5,46,4,-22.0,7.18,q3,"(100, 100)",3013,0.002195018539135531,0.5612047242051494,0.002353610794523105,0.5569758625382435,28067,11933,0.70
oscillations,0.5,46,4,-22.0,7.18,q4,"(100, 100)",2936,0.0016164208625828271,0.5600423664844809,0.002353610794523105,0.5569758625382435,28067,11933,0.70
oscillations,0.5,47,4,-22.0,7.18,q1,"(100, 100)",3033,0.002695111827887472,0.5310018344723788,0.0006798310583961161,0.5510543018983997,28057,11943,0.70
oscillations,0.5,47,4,-22.0,7.18,q2,"(100, 100)",3027,0.0025604513994247242,0.5223953701342271,0.0006798310583961161,0.5510543018983997,28057,11943,0.70
oscillations,0.5,47,4,-22.0,7.18,q3,"(100, 100)",2936,-0.005198165341827153,0.5660917938197091,0.0006798310583961161,0.5510543018983997,28057,11943,0.70
oscillations,0.5,47,4,-22.0,7.18,q4,"(100, 100)",2947,0.0025301239273797047,0.5837884451858849,0.0006798310583961161,0.5510543018983997,28057,11943,0.70
oscillations,0.5,48,4,-22.0,7.18,q1,"(100, 100)",2853,0.002349947322065455,0.55772894925812,0.0010061645828099038,0.560233960681884,28066,11934,0.70
oscillations,0.5,48,4,-22.0,7.18,q2,"(100, 100)",3047,0.0032602787297010003,0.559303216175247,0.0010061645828099038,0.560233960681884,28066,11934,0.70
oscillations,0.5,48,4,-22.0,7.18,q3,"(100, 100)",3015,-0.007091731525975709,0.552497593941981,0.0010061645828099038,0.560233960681884,28066,11934,0.70
oscillations,0.5,48,4,-22.0,7.18,q4,"(100, 100)",3019,0.00554841658920784,0.5710205070003451,0.0010061645828099038,0.560233960681884,28066,11934,0.70
oscillations,0.5,49,4,-22.0,7.18,q1,"(100, 100)",3003,0.009879440725726888,0.5420681971521675,0.00024072382119782508,0.5570985475968201,28060,11940,0.70
oscillations,0.5,49,4,-22.0,7.18,q2,"(100, 100)",2967,-0.006875147443194377,0.5328576916212329,0.00024072382119782508,0.5570985475968201,28060,11940,0.70
oscillations,0.5,49,4,-22.0,7.18,q3,"(100, 100)",2957,-0.0012813149361740619,0.5802752976126919,0.00024072382119782508,0.5570985475968201,28060,11940,0.70
oscillations,0.5,49,4,-22.0,7.18,q4,"(100, 100)",3013,-0.0008650206916798578,0.5716872130375948,0.00024072382119782508,0.5570985475968201,28060,11940,0.70
oscillations,0.75,0,1,-8.5,14.44,q1,"(150, 150)",6691,-0.002599333472740721,0.47907933031798927,-0.0005309722564222052,0.5004418837836832,28060,11940,0.70
oscillations,0.75,0,1,-8.5,14.44,q2,"(150, 50)",2302,0.004595862093093006,0.5077826697917154,-0.0005309722564222052,0.5004418837836832,28060,11940,0.70
oscillations,0.75,0,1,-8.5,14.44,q3,"(50, 150)",2221,-0.005407008006947848,0.5531309950123074,-0.0005309722564222052,0.5004418837836832,28060,11940,0.70
oscillations,0.75,0,1,-8.5,14.44,q4,"(50, 50)",726,0.017192316486994673,0.4994920499078849,-0.0005309722564222052,0.5004418837836832,28060,11940,0.70
oscillations,0.75,1,1,-8.5,14.44,q1,"(150, 150)",6730,-0.0025176467710956137,0.4774721602493399,-0.0003661313286270744,0.48433973991547963,28063,11937,0.70
oscillations,0.75,1,1,-8.5,14.44,q2,"(150, 50)",2255,0.006291819058076507,0.48838688715896506,-0.0003661313286270744,0.48433973991547963,28063,11937,0.70
oscillations,0.75,1,1,-8.5,14.44,q3,"(50, 150)",2218,-0.005103046881485921,0.5018747809504757,-0.0003661313286270744,0.48433973991547963,28063,11937,0.70
oscillations,0.75,1,1,-8.5,14.44,q4,"(50, 50)",734,0.013220380254530421,0.4799648451250142,-0.0003661313286270744,0.48433973991547963,28063,11937,0.70
oscillations,0.75,2,1,-8.5,14.44,q1,"(150, 150)",6716,-0.00397599100194321,0.491250376941114,-0.0011996185214505136,0.4984899671857465,28054,11946,0.70
oscillations,0.75,2,1,-8.5,14.44,q2,"(150, 50)",2207,0.008028871279807363,0.5020408687798518,-0.0011996185214505136,0.4984899671857465,28054,11946,0.70
oscillations,0.75,2,1,-8.5,14.44,q3,"(50, 150)",2276,-0.0027758920853952255,0.5096859017627369,-0.0011996185214505136,0.4984899671857465,28054,11946,0.70
oscillations,0.75,2,1,-8.5,14.44,q4,"(50, 50)",747,0.0012989614238653722,0.5173879289178541,-0.0011996185214505136,0.4984899671857465,28054,11946,0.70
oscillations,0.75,3,1,-8.5,14.44,q1,"(150, 150)",6711,0.00023073307434311766,0.47867260611647405,0.0007702446476614302,0.490873000585712,28067,11933,0.70
oscillations,0.75,3,1,-8.5,14.44,q2,"(150, 50)",2226,0.002287970897302206,0.5142975093458781,0.0007702446476614302,0.490873000585712,28067,11933,0.70
oscillations,0.75,3,1,-8.5,14.44,q3,"(50, 150)",2269,-0.00019371964818664067,0.4953858076708616,0.0007702446476614302,0.490873000585712,28067,11933,0.70
oscillations,0.75,3,1,-8.5,14.44,q4,"(50, 50)",727,0.004111975767493761,0.5139456080827298,0.0007702446476614302,0.490873000585712,28067,11933,0.70
oscillations,0.75,4,1,-8.5,14.44,q1,"(150, 150)",6696,-0.002341202554668754,0.4967950181502672,-0.0006522863025060728,0.49507141839962804,28052,11948,0.70
oscillations,0.75,4,1,-8.5,14.44,q2,"(150, 50)",2222,0.005720976588818483,0.48897696784740563,-0.0006522863025060728,0.49507141839962804,28052,11948,0.70
oscillations,0.75,4,1,-8.5,14.44,q3,"(50, 150)",2316,-0.004800876273983391,0.5066962429383394,-0.0006522863025060728,0.49507141839962804,28052,11948,0.70
oscillations,0.75,4,1,-8.5,14.44,q4,"(50, 50)",714,0.00880951685421614,0.4578799916705626,-0.0006522863025060728,0.49507141839962804,28052,11948,0.70
oscillations,0.75,5,1,-8.5,14.44,q1,"(150, 150)",6697,-0.002441293255299132,0.4794515900315388,-0.001085222356873395,0.4924698708559432,28044,11956,0.70
oscillations,0.75,5,1,-8.5,14.44,q2,"(150, 50)",2262,0.0014177834692742895,0.4784033943747144,-0.001085222356873395,0.4924698708559432,28044,11956,0.70
oscillations,0.75,5,1,-8.5,14.44,q3,"(50, 150)",2242,-0.00623404334288376,0.5165256568783805,-0.001085222356873395,0.4924698708559432,28044,11956,0.70
oscillations,0.75,5,1,-8.5,14.44,q4,"(50, 50)",755,0.018733935628088647,0.5684111655871215,-0.001085222356873395,0.4924698708559432,28044,11956,0.70
oscillations,0.75,6,1,-8.5,14.44,q1,"(150, 150)",6632,-0.0056815822737828975,0.4988825364129001,-0.0011639187791730049,0.5023534326562493,28054,11946,0.70
oscillations,0.75,6,1,-8.5,14.44,q2,"(150, 50)",2279,0.011976824897996678,0.5014016730142435,-0.0011639187791730049,0.5023534326562493,28054,11946,0.70
oscillations,0.75,6,1,-8.5,14.44,q3,"(50, 150)",2289,-0.006103320188837276,0.5178381986659457,-0.0011639187791730049,0.5023534326562493,28054,11946,0.70
oscillations,0.75,6,1,-8.5,14.44,q4,"(50, 50)",746,0.014009914039465877,0.4865036651042513,-0.0011639187791730049,0.5023534326562493,28054,11946,0.70
oscillations,0.75,7,1,-8.5,14.44,q1,"(150, 150)",6726,-0.003634208268477923,0.48188516976583523,-0.002374833125196985,0.4917736855466704,28055,11945,0.70
oscillations,0.75,7,1,-8.5,14.44,q2,"(150, 50)",2269,0.0007636949363306762,0.5038286964998324,-0.002374833125196985,0.4917736855466704,28055,11945,0.70
oscillations,0.75,7,1,-8.5,14.44,q3,"(50, 150)",2190,-0.005399279848079759,0.5028133837459374,-0.002374833125196985,0.4917736855466704,28055,11945,0.70
oscillations,0.75,7,1,-8.5,14.44,q4,"(50, 50)",760,0.00811566077640119,0.509311122562888,-0.002374833125196985,0.4917736855466704,28055,11945,0.70
oscillations,0.75,8,1,-8.5,14.44,q1,"(150, 150)",6658,-0.002083522612623061,0.47947768145487135,-0.0010452698961427313,0.48945490339587433,28061,11939,0.70
oscillations,0.75,8,1,-8.5,14.44,q2,"(150, 50)",2229,0.006162599831859682,0.5086840815893142,-0.0010452698961427313,0.48945490339587433,28061,11939,0.70
oscillations,0.75,8,1,-8.5,14.44,q3,"(50, 150)",2292,-0.011114009168244518,0.5034326772829882,-0.0010452698961427313,0.48945490339587433,28061,11939,0.70
oscillations,0.75,8,1,-8.5,14.44,q4,"(50, 50)",760,0.017275645069996667,0.474664860491316,-0.0010452698961427313,0.48945490339587433,28061,11939,0.70
oscillations,0.75,9,1,-8.5,14.44,q1,"(150, 150)",6655,0.006225937482464292,0.5061191657276692,0.00158806109287162,0.504259996922702,28058,11942,0.70
oscillations,0.75,9,1,-8.5,14.44,q2,"(150, 50)",2293,-0.010088287434184202,0.4743489884895402,0.00158806109287162,0.504259996922702,28058,11942,0.70
oscillations,0.75,9,1,-8.5,14.44,q3,"(50, 150)",2238,-0.0038797955177869,0.5317494769748261,0.00158806109287162,0.504259996922702,28058,11942,0.70
oscillations,0.75,9,1,-8.5,14.44,q4,"(50, 50)",756,0.012363012011460967,0.49133314828237373,0.00158806109287162,0.504259996922702,28058,11942,0.70
oscillations,0.75,10,1,-8.5,14.44,q1,"(150, 150)",6730,-0.0026998846082776783,0.5036901347815763,-0.0008699717543041868,0.4984293645445795,28059,11941,0.70
oscillations,0.75,10,1,-8.5,14.44,q2,"(150, 50)",2234,0.006479994645080508,0.4868876362620103,-0.0008699717543041868,0.4984293645445795,28059,11941,0.70
oscillations,0.75,10,1,-8.5,14.44,q3,"(50, 150)",2253,-0.005519047521259942,0.47758784254875813,-0.0008699717543041868,0.4984293645445795,28059,11941,0.70
oscillations,0.75,10,1,-8.5,14.44,q4,"(50, 50)",724,0.007928172270512809,0.5454129496614307,-0.0008699717543041868,0.4984293645445795,28059,11941,0.70
oscillations,0.75,11,1,-8.5,14.44,q1,"(150, 150)",6710,-0.005529557219530131,0.4737235643407758,-0.0011114140237751308,0.49714082107337254,28054,11946,0.70
oscillations,0.75,11,1,-8.5,14.44,q2,"(150, 50)",2308,0.011688266454560614,0.5108218060190006,-0.0011114140237751308,0.49714082107337254,28054,11946,0.70
oscillations,0.75,11,1,-8.5,14.44,q3,"(50, 150)",2193,-0.004865448636098932,0.5441405518369665,-0.0011114140237751308,0.49714082107337254,28054,11946,0.70
oscillations,0.75,11,1,-8.5,14.44,q4,"(50, 50)",735,0.010231002580773503,0.5143111484399151,-0.0011114140237751308,0.49714082107337254,28054,11946,0.70
oscillations,0.75,12,1,-8.5,14.44,q1,"(150, 150)",6677,-0.0036607385786636623,0.48247446386304016,0.0004137698888902047,0.503997727176763,28059,11941,0.70
oscillations,0.75,12,1,-8.5,14.44,q2,"(150, 50)",2277,0.010677435210942993,0.5129925639601453,0.0004137698888902047,0.503997727176763,28059,11941,0.70
oscillations,0.75,12,1,-8.5,14.44,q3,"(50, 150)",2238,0.0021948746138092507,0.543655813545847,0.0004137698888902047,0.503997727176763,28059,11941,0.70
oscillations,0.75,12,1,-8.5,14.44,q4,"(50, 50)",749,0.00021218741248720189,0.5393113055223119,0.0004137698888902047,0.503997727176763,28059,11941,0.70
oscillations,0.75,13,1,-8.5,14.44,q1,"(150, 150)",6797,0.0034322337162938166,0.4727227176169159,0.0006259450551945635,0.4847154423889207,28059,11941,0.70
oscillations,0.75,13,1,-8.5,14.44,q2,"(150, 50)",2227,-0.0025011770602885865,0.47046914939197276,0.0006259450551945635,0.4847154423889207,28059,11941,0.70
oscillations,0.75,13,1,-8.5,14.44,q3,"(50, 150)",2179,-0.007217452938856249,0.5168380080914424,0.0006259450551945635,0.4847154423889207,28059,11941,0.70
oscillations,0.75,13,1,-8.5,14.44,q4,"(50, 50)",738,0.007374618701164871,0.5352043327958358,0.0006259450551945635,0.4847154423889207,28059,11941,0.70
oscillations,0.75,14,1,-8.5,14.44,q1,"(150, 150)",6717,-0.0061124398253562615,0.4871624040180823,-0.0019059568132544587,0.49335607270777465,28069,11931,0.70
oscillations,0.75,14,1,-8.5,14.44,q2,"(150, 50)",2281,0.009611202286498224,0.49202919776298026,-0.0019059568132544587,0.49335607270777465,28069,11931,0.70
oscillations,0.75,14,1,-8.5,14.44,q3,"(50, 150)",2216,-0.005058463627738657,0.4958475872973397,-0.0019059568132544587,0.49335607270777465,28069,11931,0.70
oscillations,0.75,14,1,-8.5,14.44,q4,"(50, 50)",717,0.010604868272727311,0.5441145154764653,-0.0019059568132544587,0.49335607270777465,28069,11931,0.70
oscillations,0.75,15,1,-8.5,14.44,q1,"(150, 150)",6658,-0.004272223047287331,0.49063832668932517,-0.0016940068270852795,0.4935500945620916,28055,11945,0.70
oscillations,0.75,15,1,-8.5,14.44,q2,"(150, 50)",2308,0.006833099531855466,0.48415731582191196,-0.0016940068270852795,0.4935500945620916,28055,11945,0.70
oscillations,0.75,15,1,-8.5,14.44,q3,"(50, 150)",2240,-0.009008552660569186,0.49626796466039313,-0.0016940068270852795,0.4935500945620916,28055,11945,0.70
oscillations,0.75,15,1,-8.5,14.44,q4,"(50, 50)",739,0.01707430817247354,0.5377133837808707,-0.0016940068270852795,0.4935500945620916,28055,11945,0.70
oscillations,0.75,16,1,-8.5,14.44,q1,"(150, 150)",6745,-0.005305888655386619,0.4918205711052297,-0.0004281718679910451,0.49934098498589263,28061,11939,0.70
oscillations,0.75,16,1,-8.5,14.44,q2,"(150, 50)",2239,0.012213441590027416,0.474790125260322,-0.0004281718679910451,0.49934098498589263,28061,11939,0.70
oscillations,0.75,16,1,-8.5,14.44,q3,"(50, 150)",2237,-0.0015935293195445783,0.5399689640952395,-0.0004281718679910451,0.49934098498589263,28061,11939,0.70
oscillations,0.75,16,1,-8.5,14.44,q4,"(50, 50)",718,0.009603209493575926,0.5114297082743657,-0.0004281718679910451,0.49934098498589263,28061,11939,0.70
oscillations,0.75,17,1,-8.5,14.44,q1,"(150, 150)",6703,0.002917976158319116,0.48063835871701666,0.0008347505606536142,0.49449517290197,28061,11939,0.70
oscillations,0.75,17,1,-8.5,14.44,q2,"(150, 50)",2242,-0.0008432232040212281,0.49137252990079366,0.0008347505606536142,0.49449517290197,28061,11939,0.70
oscillations,0.75,17,1,-8.5,14.44,q3,"(50, 150)",2246,-0.012074245628468485,0.5271455896602031,0.0008347505606536142,0.49449517290197,28061,11939,0.70
oscillations,0.75,17,1,-8.5,14.44,q4,"(50, 50)",748,0.02595742628260199,0.5229723511164583,0.0008347505606536142,0.49449517290197,28061,11939,0.70
oscillations,0.75,18,1,-8.5,14.44,q1,"(150, 150)",6690,0.0006500102677570441,0.46233304006871917,0.00048002217793365986,0.48270367694101995,28056,11944,0.70
oscillations,0.75,18,1,-8.5,14.44,q2,"(150, 50)",2267,0.0007740521875214196,0.5209721350917722,0.00048002217793365986,0.48270367694101995,28056,11944,0.70
oscillations,0.75,18,1,-8.5,14.44,q3,"(50, 150)",2227,-0.0071944432988579575,0.48964441308793405,0.00048002217793365986,0.48270367694101995,28056,11944,0.70
oscillations,0.75,18,1,-8.5,14.44,q4,"(50, 50)",760,0.020594822525513975,0.5172411652548939,0.00048002217793365986,0.48270367694101995,28056,11944,0.70
oscillations,0.75,19,1,-8.5,14.44,q1,"(150, 150)",6785,-0.007615644483911295,0.48519755325118824,-0.0007821955494146777,0.48924257489912576,28058,11942,0.70
oscillations,0.75,19,1,-8.5,14.44,q2,"(150, 50)",2164,0.01856529908650019,0.4682097416693236,-0.0007821955494146777,0.48924257489912576,28058,11942,0.70
oscillations,0.75,19,1,-8.5,14.44,q3,"(50, 150)",2265,-0.0028162464324356824,0.5024328739948568,-0.0007821955494146777,0.48924257489912576,28058,11942,0.70
oscillations,0.75,19,1,-8.5,14.44,q4,"(50, 50)",728,0.011723433404544596,0.5417942832206197,-0.0007821955494146777,0.48924257489912576,28058,11942,0.70
oscillations,0.75,20,1,-8.5,14.44,q1,"(150, 150)",6702,-0.007113990749401034,0.5021988602491828,-0.002178859400537942,0.5042031890214733,28062,11938,0.70
oscillations,0.75,20,1,-8.5,14.44,q2,"(150, 50)",2255,0.011226500241867103,0.4954592448189678,-0.002178859400537942,0.5042031890214733,28062,11938,0.70
oscillations,0.75,20,1,-8.5,14.44,q3,"(50, 150)",2274,0.0006815041114402188,0.5238301788889179,-0.002178859400537942,0.5042031890214733,28062,11938,0.70
oscillations,0.75,20,1,-8.5,14.44,q4,"(50, 50)",707,-0.007353261550157862,0.4852493816551525,-0.002178859400537942,0.5042031890214733,28062,11938,0.70
oscillations,0.75,21,1,-8.5,14.44,q1,"(150, 150)",6713,-0.00201204922047007,0.4644682893922884,5.606631166117196e-05,0.48873819560668863,28054,11946,0.70
oscillations,0.75,21,1,-8.5,14.44,q2,"(150, 50)",2290,0.004842958417018222,0.5047987477716666,5.606631166117196e-05,0.48873819560668863,28054,11946,0.70
oscillations,0.75,21,1,-8.5,14.44,q3,"(50, 150)",2244,-0.0016272408958040983,0.5114392934493348,5.606631166117196e-05,0.48873819560668863,28054,11946,0.70
oscillations,0.75,21,1,-8.5,14.44,q4,"(50, 50)",699,0.00963921083166322,0.5793585148665504,5.606631166117196e-05,0.48873819560668863,28054,11946,0.70
oscillations,0.75,22,1,-8.5,14.44,q1,"(150, 150)",6734,-0.003862634994912054,0.48854450284360534,-0.0011019940357344805,0.4981363935829987,28054,11946,0.70
oscillations,0.75,22,1,-8.5,14.44,q2,"(150, 50)",2275,0.008506159170336926,0.46536865334651795,-0.0011019940357344805,0.4981363935829987,28054,11946,0.70
oscillations,0.75,22,1,-8.5,14.44,q3,"(50, 150)",2211,-0.010196577024668047,0.5552687550724924,-0.0011019940357344805,0.4981363935829987,28054,11946,0.70
oscillations,0.75,22,1,-8.5,14.44,q4,"(50, 50)",726,0.022093227264295048,0.500421965689974,-0.0011019940357344805,0.4981363935829987,28054,11946,0.70
oscillations,0.75,23,1,-8.5,14.44,q1,"(150, 150)",6630,-0.005855290356095925,0.4801337135424803,-0.0007317535047677906,0.4847277183944961,28072,11928,0.70
oscillations,0.75,23,1,-8.5,14.44,q2,"(150, 50)",2284,0.008566420147067969,0.48542062988954143,-0.0007317535047677906,0.4847277183944961,28072,11928,0.70
oscillations,0.75,23,1,-8.5,14.44,q3,"(50, 150)",2252,0.008738342729264204,0.4932533893553993,-0.0007317535047677906,0.4847277183944961,28072,11928,0.70
oscillations,0.75,23,1,-8.5,14.44,q4,"(50, 50)",762,-0.012010803393911343,0.495975157892813,-0.0007317535047677906,0.4847277183944961,28072,11928,0.70
oscillations,0.75,24,1,-8.5,14.44,q1,"(150, 150)",6659,0.0036668596428063595,0.47865512810304667,0.0016176762482950446,0.4933243236365039,28059,11941,0.70
oscillations,0.75,24,1,-8.5,14.44,q2,"(150, 50)",2271,-0.0038255141114747595,0.5098368529750937,0.0016176762482950446,0.4933243236365039,28059,11941,0.70
oscillations,0.75,24,1,-8.5,14.44,q3,"(50, 150)",2290,0.001489335596746056,0.5149539814483792,0.0016176762482950446,0.4933243236365039,28059,11941,0.70
oscillations,0.75,24,1,-8.5,14.44,q4,"(50, 50)",721,0.0002444074203249614,0.5034650160718732,0.0016176762482950446,0.4933243236365039,28059,11941,0.70
oscillations,0.75,25,1,-8.5,14.44,q1,"(150, 150)",6793,-0.0033053279000257686,0.4786029778513591,0.0006663018921647541,0.4957650742161534,28062,11938,0.70
oscillations,0.75,25,1,-8.5,14.44,q2,"(150, 50)",2188,0.013022939829305977,0.5278430040817317,0.0006663018921647541,0.4957650742161534,28062,11938,0.70
oscillations,0.75,25,1,-8.5,14.44,q3,"(50, 150)",2219,-0.002034545000510993,0.511856986390086,0.0006663018921647541,0.4957650742161534,28062,11938,0.70
oscillations,0.75,25,1,-8.5,14.44,q4,"(50, 50)",738,0.008709847456843235,0.5029088687793366,0.0006663018921647541,0.4957650742161534,28062,11938,0.70
oscillations,0.75,26,1,-8.5,14.44,q1,"(150, 150)",6680,0.004870231634694868,0.4972830809033682,0.0006009958285369638,0.5098533587304848,28060,11940,0.70
oscillations,0.75,26,1,-8.5,14.44,q2,"(150, 50)",2263,-0.00942133161172187,0.5160557867180388,0.0006009958285369638,0.5098533587304848,28060,11940,0.70
oscillations,0.75,26,1,-8.5,14.44,q3,"(50, 150)",2264,-0.005349715399358799,0.518783392759004,0.0006009958285369638,0.5098533587304848,28060,11940,0.70
oscillations,0.75,26,1,-8.5,14.44,q4,"(50, 50)",733,0.011016332843716958,0.5715006288789535,0.0006009958285369638,0.5098533587304848,28060,11940,0.70
oscillations,0.75,27,1,-8.5,14.44,q1,"(150, 150)",6757,-0.0035607438694953684,0.4838025435168619,-0.0018686921324807331,0.4946988116992448,28049,11951,0.70
oscillations,0.75,27,1,-8.5,14.44,q2,"(150, 50)",2243,0.0070232204953090535,0.4737859788622624,-0.0018686921324807331,0.4946988116992448,28049,11951,0.70
oscillations,0.75,27,1,-8.5,14.44,q3,"(50, 150)",2220,-0.012020165440051208,0.5431165601682427,-0.0018686921324807331,0.4946988116992448,28049,11951,0.70
oscillations,0.75,27,1,-8.5,14.44,q4,"(50, 50)",731,0.017317223470367217,0.5018722222994888,-0.0018686921324807331,0.4946988116992448,28049,11951,0.70
oscillations,0.75,28,1,-8.5,14.44,q1,"(150, 150)",6689,0.0016793088992788543,0.4704912572078918,-0.0006557385056963998,0.4827820255383066,28062,11938,0.70
oscillations,0.75,28,1,-8.5,14.44,q2,"(150, 50)",2219,-0.004367031120135831,0.49936779229392786,-0.0006557385056963998,0.4827820255383066,28062,11938,0.70
oscillations,0.75,28,1,-8.5,14.44,q3,"(50, 150)",2277,-0.008507345256329861,0.48028864925719394,-0.0006557385056963998,0.4827820255383066,28062,11938,0.70
oscillations,0.75,28,1,-8.5,14.44,q4,"(50, 50)",753,0.01328096108361834,0.5440084565317898,-0.0006557385056963998,0.4827820255383066,28062,11938,0.70
oscillations,0.75,29,1,-8.5,14.44,q1,"(150, 150)",6658,-0.0012734319833874873,0.4812564928301126,0.00022493941447647997,0.49767026773945244,28060,11940,0.70
oscillations,0.75,29,1,-8.5,14.44,q2,"(150, 50)",2296,0.007234033408758018,0.49602810519008056,0.00022493941447647997,0.49767026773945244,28060,11940,0.70
oscillations,0.75,29,1,-8.5,14.44,q3,"(50, 150)",2287,-0.008597924043049324,0.5377222677746576,0.00022493941447647997,0.49767026773945244,28060,11940,0.70
oscillations,0.75,29,1,-8.5,14.44,q4,"(50, 50)",699,0.020341056272086464,0.519191700649171,0.00022493941447647997,0.49767026773945244,28060,11940,0.70
oscillations,0.75,30,1,-8.5,14.44,q1,"(150, 150)",6611,-0.00016531316734209512,0.48969177379871126,0.0013311219566690595,0.486284992749647,28050,11950,0.70
oscillations,0.75,30,1,-8.5,14.44,q2,"(150, 50)",2275,0.0058467349932646556,0.47347705302873494,0.0013311219566690595,0.486284992749647,28050,11950,0.70
oscillations,0.75,30,1,-8.5,14.44,q3,"(50, 150)",2307,-0.005310370553641444,0.48781321852786813,0.0013311219566690595,0.486284992749647,28050,11950,0.70
oscillations,0.75,30,1,-8.5,14.44,q4,"(50, 50)",757,0.021069346749098484,0.48911856993157954,0.0013311219566690595,0.486284992749647,28050,11950,0.70
oscillations,0.75,31,1,-8.5,14.44,q1,"(150, 150)",6705,-0.0009914502901722086,0.479568008403643,-0.0004310302492922409,0.49395858246176355,28062,11938,0.70
oscillations,0.75,31,1,-8.5,14.44,q2,"(150, 50)",2246,0.003303168256381881,0.5113136373758249,-0.0004310302492922409,0.49395858246176355,28062,11938,0.70
oscillations,0.75,31,1,-8.5,14.44,q3,"(50, 150)",2254,-0.009238402672151981,0.5055114137514832,-0.0004310302492922409,0.49395858246176355,28062,11938,0.70
oscillations,0.75,31,1,-8.5,14.44,q4,"(50, 50)",733,0.020336260298432128,0.5314747798340111,-0.0004310302492922409,0.49395858246176355,28062,11938,0.70
oscillations,0.75,32,1,-8.5,14.44,q1,"(150, 150)",6737,-0.0053904966681878,0.472621643475916,-0.001956000152996482,0.4912847683221441,28067,11933,0.70
oscillations,0.75,32,1,-8.5,14.44,q2,"(150, 50)",2203,0.008388883051999599,0.4997761642522159,-0.001956000152996482,0.4912847683221441,28067,11933,0.70
oscillations,0.75,32,1,-8.5,14.44,q3,"(50, 150)",2263,-0.0023180003504772984,0.5360963593807271,-0.001956000152996482,0.4912847683221441,28067,11933,0.70
oscillations,0.75,32,1,-8.5,14.44,q4,"(50, 50)",730,-0.00035650457883670594,0.48870334294558926,-0.001956000152996482,0.4912847683221441,28067,11933,0.70
oscillations,0.75,33,1,-8.5,14.44,q1,"(150, 150)",6748,-0.0013572991619362693,0.49210490456997247,-0.0012362737945397348,0.4940578015094939,28060,11940,0.70
oscillations,0.75,33,1,-8.5,14.44,q2,"(150, 50)",2199,-0.0005373884947664116,0.4826132192184246,-0.0012362737945397348,0.4940578015094939,28060,11940,0.70
oscillations,0.75,33,1,-8.5,14.44,q3,"(50, 150)",2247,-0.010509454207965221,0.512754403787655,-0.0012362737945397348,0.4940578015094939,28060,11940,0.70
oscillations,0.75,33,1,-8.5,14.44,q4,"(50, 50)",746,0.025729767484223474,0.48659574955103985,-0.0012362737945397348,0.4940578015094939,28060,11940,0.70
oscillations,0.75,34,1,-8.5,14.44,q1,"(150, 150)",6717,0.004321910365058852,0.47892428468393516,0.0035968308245643357,0.4876961235025761,28064,11936,0.70
oscillations,0.75,34,1,-8.5,14.44,q2,"(150, 50)",2230,0.002682902332082906,0.5004317623275757,0.0035968308245643357,0.4876961235025761,28064,11936,0.70
oscillations,0.75,34,1,-8.5,14.44,q3,"(50, 150)",2266,0.0042070119351884944,0.490722823730561,0.0035968308245643357,0.4876961235025761,28064,11936,0.70
oscillations,0.75,34,1,-8.5,14.44,q4,"(50, 50)",723,-0.0022330019996990393,0.5181529727454065,0.0035968308245643357,0.4876961235025761,28064,11936,0.70
oscillations,0.75,35,1,-8.5,14.44,q1,"(150, 150)",6729,0.005043931867407677,0.5099805585883966,-0.0001351127451940463,0.5178063619885912,28053,11947,0.70
oscillations,0.75,35,1,-8.5,14.44,q2,"(150, 50)",2248,-0.01126576167744943,0.5132019553273003,-0.0001351127451940463,0.5178063619885912,28053,11947,0.70
oscillations,0.75,35,1,-8.5,14.44,q3,"(50, 150)",2278,-0.014567888498081818,0.5410132204278855,-0.0001351127451940463,0.5178063619885912,28053,11947,0.70
oscillations,0.75,35,1,-8.5,14.44,q4,"(50, 50)",692,0.03317380454756818,0.5276463037300048,-0.0001351127451940463,0.5178063619885912,28053,11947,0.70
oscillations,0.75,36,1,-8.5,14.44,q1,"(150, 150)",6683,0.003203156104788522,0.49746334104029866,0.0020176414522120136,0.5088391906006597,28066,11934,0.70
oscillations,0.75,36,1,-8.5,14.44,q2,"(150, 50)",2190,-0.0017590072426310417,0.5068510251173207,0.0020176414522120136,0.5088391906006597,28066,11934,0.70
oscillations,0.75,36,1,-8.5,14.44,q3,"(50, 150)",2313,0.005758052090819316,0.5254288242089291,0.0020176414522120136,0.5088391906006597,28066,11934,0.70
oscillations,0.75,36,1,-8.5,14.44,q4,"(50, 50)",748,-0.009083299174206699,0.5602050241145691,0.0020176414522120136,0.5088391906006597,28066,11934,0.70
oscillations,0.75,37,1,-8.5,14.44,q1,"(150, 150)",6707,0.0018823329993026192,0.4761618730566281,-0.00048233157232648163,0.48826910384316907,28044,11956,0.70
oscillations,0.75,37,1,-8.5,14.44,q2,"(150, 50)",2258,-0.0019765658297820105,0.5118656155858924,-0.00048233157232648163,0.48826910384316907,28044,11956,0.70
oscillations,0.75,37,1,-8.5,14.44,q3,"(50, 150)",2261,-0.01823120221059762,0.4859671770695577,-0.00048233157232648163,0.48826910384316907,28044,11956,0.70
oscillations,0.75,37,1,-8.5,14.44,q4,"(50, 50)",730,0.03738667142020672,0.52646738309897,-0.00048233157232648163,0.48826910384316907,28044,11956,0.70
oscillations,0.75,38,1,-8.5,14.44,q1,"(150, 150)",6698,-0.003638320116212687,0.48859750183246803,-0.0004988932227019855,0.4995017102277572,28064,11936,0.70
oscillations,0.75,38,1,-8.5,14.44,q2,"(150, 50)",2255,0.006987357257831819,0.5017307928030541,-0.0004988932227019855,0.4995017102277572,28064,11936,0.70
oscillations,0.75,38,1,-8.5,14.44,q3,"(50, 150)",2242,-0.0012346564636073157,0.5260589732489978,-0.0004988932227019855,0.4995017102277572,28064,11936,0.70
oscillations,0.75,38,1,-8.5,14.44,q4,"(50, 50)",741,0.007322925515814501,0.5073190716585523,-0.0004988932227019855,0.4995017102277572,28064,11936,0.70
oscillations,0.75,39,1,-8.5,14.44,q1,"(150, 150)",6769,0.007318198532681476,0.48605374761589504,0.002500377754578628,0.4911630084667576,28053,11947,0.70
oscillations,0.75,39,1,-8.5,14.44,q2,"(150, 50)",2182,-0.010832794394443129,0.49906920570794516,0.002500377754578628,0.4911630084667576,28053,11947,0.70
oscillations,0.75,39,1,-8.5,14.44,q3,"(50, 150)",2237,-0.004550532200889475,0.4889515350694718,0.002500377754578628,0.4911630084667576,28053,11947,0.70
oscillations,0.75,39,1,-8.5,14.44,q4,"(50, 50)",759,0.018645355821205065,0.5181939286652053,0.002500377754578628,0.4911630084667576,28053,11947,0.70
oscillations,0.75,40,1,-8.5,14.44,q1,"(150, 150)",6643,-0.004062417419330438,0.47350416889699004,-0.00026177341926684203,0.48182644900080823,28064,11936,0.70
oscillations,0.75,40,1,-8.5,14.44,q2,"(150, 50)",2315,0.012205896592509488,0.4808698746253637,-0.00026177341926684203,0.48182644900080823,28064,11936,0.70
oscillations,0.75,40,1,-8.5,14.44,q3,"(50, 150)",2248,-0.0025632692276907412,0.4990578490765244,-0.00026177341926684203,0.48182644900080823,28064,11936,0.70
oscillations,0.75,40,1,-8.5,14.44,q4,"(50, 50)",730,0.0018735479403183563,0.5047105168368198,-0.00026177341926684203,0.48182644900080823,28064,11936,0.70
oscillations,0.75,41,1,-8.5,14.44,q1,"(150, 150)",6698,-0.004536894424067582,0.4748717096442263,-0.000988640018616448,0.4894624883898849,28049,11951,0.70
oscillations,0.75,41,1,-8.5,14.44,q2,"(150, 50)",2240,0.011179782940107429,0.515880593914578,-0.000988640018616448,0.4894624883898849,28049,11951,0.70
oscillations,0.75,41,1,-8.5,14.44,q3,"(50, 150)",2268,-0.004139352153425289,0.4854147920869471,-0.000988640018616448,0.4894624883898849,28049,11951,0.70
oscillations,0.75,41,1,-8.5,14.44,q4,"(50, 50)",745,0.003917072332949578,0.5455445923548553,-0.000988640018616448,0.4894624883898849,28049,11951,0.70
oscillations,0.75,42,1,-8.5,14.44,q1,"(150, 150)",6689,-0.007100492048616988,0.4779381696655606,-0.002157454059340509,0.4938996487459763,28067,11933,0.70
oscillations,0.75,42,1,-8.5,14.44,q2,"(150, 50)",2262,0.013679928712146395,0.5141923599542546,-0.002157454059340509,0.4938996487459763,28067,11933,0.70
oscillations,0.75,42,1,-8.5,14.44,q3,"(50, 150)",2233,-0.009298681942823147,0.5151675539047972,-0.002157454059340509,0.4938996487459763,28067,11933,0.70
oscillations,0.75,42,1,-8.5,14.44,q4,"(50, 50)",749,0.015447596868541625,0.5052409645133158,-0.002157454059340509,0.4938996487459763,28067,11933,0.70
oscillations,0.75,43,1,-8.5,14.44,q1,"(150, 150)",6690,0.0013848201727366066,0.4874201445181775,0.001291870917484963,0.5000677418598488,28066,11934,0.70
oscillations,0.75,43,1,-8.5,14.44,q2,"(150, 50)",2267,-0.0008763841714468427,0.49844117606823296,0.001291870917484963,0.5000677418598488,28066,11934,0.70
oscillations,0.75,43,1,-8.5,14.44,q3,"(50, 150)",2259,0.003973988902395636,0.5287018732866723,0.001291870917484963,0.5000677418598488,28066,11934,0.70
oscillations,0.75,43,1,-8.5,14.44,q4,"(50, 50)",718,-0.0011667652370252169,0.5280536032574388,0.001291870917484963,0.5000677418598488,28066,11934,0.70
oscillations,0.75,44,1,-8.5,14.44,q1,"(150, 150)",6798,-0.0048988836095045524,0.488914895432598,-0.0011067662545639228,0.5000547433433543,28054,11946,0.70
oscillations,0.75,44,1,-8.5,14.44,q2,"(150, 50)",2221,0.007680960705295575,0.5040523680560345,-0.0011067662545639228,0.5000547433433543,28054,11946,0.70
oscillations,0.75,44,1,-8.5,14.44,q3,"(50, 150)",2199,-0.002382418935774517,0.5305821251928341,-0.0011067662545639228,0.5000547433433543,28054,11946,0.70
oscillations,0.75,44,1,-8.5,14.44,q4,"(50, 50)",728,0.0113471244693654,0.4950939492385133,-0.0011067662545639228,0.5000547433433543,28054,11946,0.70
oscillations,0.75,45,1,-8.5,14.44,q1,"(150, 150)",6643,-0.004500094335895067,0.4908421935743362,-0.0004917110374460334,0.4961303902034885,28061,11939,0.70
oscillations,0.75,45,1,-8.5,14.44,q2,"(150, 50)",2331,0.011839421344002272,0.4804501444066222,-0.0004917110374460334,0.4961303902034885,28061,11939,0.70
oscillations,0.75,45,1,-8.5,14.44,q3,"(50, 150)",2224,-0.0051258814165199215,0.5235675930766912,-0.0004917110374460334,0.4961303902034885,28061,11939,0.70
oscillations,0.75,45,1,-8.5,14.44,q4,"(50, 50)",741,0.010561211490895766,0.5062876343905116,-0.0004917110374460334,0.4961303902034885,28061,11939,0.70
oscillations,0.75,46,1,-8.5,14.44,q1,"(150, 150)",6737,0.009000556885661393,0.46751125238672137,0.004071618250620043,0.4846029889760992,28064,11936,0.70
oscillations,0.75,46,1,-8.5,14.44,q2,"(150, 50)",2248,-0.011264368929165184,0.5151141682527846,0.004071618250620043,0.4846029889760992,28064,11936,0.70
oscillations,0.75,46,1,-8.5,14.44,q3,"(50, 150)",2228,0.008018255258438321,0.49145852470568363,0.004071618250620043,0.4846029889760992,28064,11936,0.70
oscillations,0.75,46,1,-8.5,14.44,q4,"(50, 50)",723,-0.006335114332416633,0.5195205712742688,0.004071618250620043,0.4846029889760992,28064,11936,0.70
oscillations,0.75,47,1,-8.5,14.44,q1,"(150, 150)",6652,0.003359248043725992,0.5032981648581432,-1.9165147215982792e-05,0.4999970259552808,28064,11936,0.70
oscillations,0.75,47,1,-8.5,14.44,q2,"(150, 50)",2210,-0.004011447776859199,0.49787984448033434,-1.9165147215982792e-05,0.4999970259552808,28064,11936,0.70
oscillations,0.75,47,1,-8.5,14.44,q3,"(50, 150)",2310,-0.010395462619508094,0.48717343415200326,-1.9165147215982792e-05,0.4999970259552808,28064,11936,0.70
oscillations,0.75,47,1,-8.5,14.44,q4,"(50, 50)",764,0.013487362635978078,0.5146778208039131,-1.9165147215982792e-05,0.4999970259552808,28064,11936,0.70
oscillations,0.75,48,1,-8.5,14.44,q1,"(150, 150)",6675,-0.004100829657372127,0.46551438891319685,-0.0007039239760428304,0.4753950911713026,28056,11944,0.70
oscillations,0.75,48,1,-8.5,14.44,q2,"(150, 50)",2235,0.010074365116230255,0.4817406998331536,-0.0007039239760428304,0.4753950911713026,28056,11944,0.70
oscillations,0.75,48,1,-8.5,14.44,q3,"(50, 150)",2292,-0.003411478760185456,0.480009059096273,-0.0007039239760428304,0.4753950911713026,28056,11944,0.70
oscillations,0.75,48,1,-8.5,14.44,q4,"(50, 50)",742,0.0057523898607464005,0.5265028514215158,-0.0007039239760428304,0.4753950911713026,28056,11944,0.70
oscillations,0.75,49,1,-8.5,14.44,q1,"(150, 150)",6696,0.0029063295247640487,0.48845309679132204,0.0003754617939271543,0.49904927637584623,28069,11931,0.70
oscillations,0.75,49,1,-8.5,14.44,q2,"(150, 50)",2266,-0.00673858342053637,0.5091412196146984,0.0003754617939271543,0.49904927637584623,28069,11931,0.70
oscillations,0.75,49,1,-8.5,14.44,q3,"(50, 150)",2250,-0.003495665611188394,0.5069242588763692,0.0003754617939271543,0.49904927637584623,28069,11931,0.70
oscillations,0.75,49,1,-8.5,14.44,q4,"(50, 50)",719,0.011340375273482764,0.5378244332547067,0.0003754617939271543,0.49904927637584623,28069,11931,0.70
oscillations,0.75,0,2,-12.3,10.68,q1,"(150, 150)",6729,-0.0023677091698062125,0.5079312644995824,1.56943337460744e-05,0.5215177161812958,28053,11947,0.70
oscillations,0.75,0,2,-12.3,10.68,q2,"(150, 50)",2210,0.008218489518716692,0.5511789458734874,1.56943337460744e-05,0.5215177161812958,28053,11947,0.70
oscillations,0.75,0,2,-12.3,10.68,q3,"(50, 150)",2249,-0.007024070445164332,0.5245048389572603,1.56943337460744e-05,0.5215177161812958,28053,11947,0.70
oscillations,0.75,0,2,-12.3,10.68,q4,"(50, 50)",759,0.018121327804612702,0.5416242506936828,1.56943337460744e-05,0.5215177161812958,28053,11947,0.70
oscillations,0.75,1,2,-12.3,10.68,q1,"(150, 150)",6618,0.001704575706866715,0.4909103630420469,-0.00024321880661626465,0.5083193486764771,28052,11948,0.70
oscillations,0.75,1,2,-12.3,10.68,q2,"(150, 50)",2319,-0.0013496495536836025,0.521378315138968,-0.00024321880661626465,0.5083193486764771,28052,11948,0.70
oscillations,0.75,1,2,-12.3,10.68,q3,"(50, 150)",2258,-0.014304157844374825,0.5329479923673646,-0.00024321880661626465,0.5083193486764771,28052,11948,0.70
oscillations,0.75,1,2,-12.3,10.68,q4,"(50, 50)",753,0.02820951580092372,0.5399289431295463,-0.00024321880661626465,0.5083193486764771,28052,11948,0.70
oscillations,0.75,2,2,-12.3,10.68,q1,"(150, 150)",6681,-0.004921605256984298,0.5056455487263651,-0.0019761468726145755,0.5174879134976863,28061,11939,0.70
oscillations,0.75,2,2,-12.3,10.68,q2,"(150, 50)",2222,0.007921450556699617,0.5303426018953705,-0.0019761468726145755,0.5174879134976863,28061,11939,0.70
oscillations,0.75,2,2,-12.3,10.68,q3,"(50, 150)",2278,-0.01626823620443817,0.5193577832091352,-0.0019761468726145755,0.5174879134976863,28061,11939,0.70
oscillations,0.75,2,2,-12.3,10.68,q4,"(50, 50)",758,0.03792296325394501,0.5715822289402456,-0.0019761468726145755,0.5174879134976863,28061,11939,0.70
oscillations,0.75,3,2,-12.3,10.68,q1,"(150, 150)",6652,-0.0038361999765542123,0.5106180296501025,-0.0002766436723938754,0.515059828678191,28072,11928,0.70
oscillations,0.75,3,2,-12.3,10.68,q2,"(150, 50)",2245,0.010582640970926007,0.5086915682565307,-0.0002766436723938754,0.515059828678191,28072,11928,0.70
oscillations,0.75,3,2,-12.3,10.68,q3,"(50, 150)",2304,0.0004933529166803221,0.5379369483500882,-0.0002766436723938754,0.515059828678191,28072,11928,0.70
oscillations,0.75,3,2,-12.3,10.68,q4,"(50, 50)",727,-0.003681042063323068,0.5002669675494397,-0.0002766436723938754,0.515059828678191,28072,11928,0.70
oscillations,0.75,4,2,-12.3,10.68,q1,"(150, 150)",6730,-0.0041320653485381244,0.5033791486152129,-0.0014406423159462332,0.5100112425922956,28060,11940,0.70
oscillations,0.75,4,2,-12.3,10.68,q2,"(150, 50)",2239,0.0075658248392489885,0.510941527638743,-0.0014406423159462332,0.5100112425922956,28060,11940,0.70
oscillations,0.75,4,2,-12.3,10.68,q3,"(50, 150)",2232,-0.011257452662806368,0.5237230555645127,-0.0014406423159462332,0.5100112425922956,28060,11940,0.70
oscillations,0.75,4,2,-12.3,10.68,q4,"(50, 50)",739,0.025432047458144626,0.5237410393101578,-0.0014406423159462332,0.5100112425922956,28060,11940,0.70
oscillations,0.75,5,2,-12.3,10.68,q1,"(150, 150)",6728,-0.0001440483699485078,0.48187170036687305,-4.0620956766197844e-05,0.5002268497383473,28064,11936,0.70
oscillations,0.75,5,2,-12.3,10.68,q2,"(150, 50)",2284,0.0030530018633444394,0.5008844865364656,-4.0620956766197844e-05,0.5002268497383473,28064,11936,0.70
oscillations,0.75,5,2,-12.3,10.68,q3,"(50, 150)",2200,-0.01505993551592088,0.5301512408044461,-4.0620956766197844e-05,0.5002268497383473,28064,11936,0.70
oscillations,0.75,5,2,-12.3,10.68,q4,"(50, 50)",724,0.03679987233729205,0.5655986188465236,-4.0620956766197844e-05,0.5002268497383473,28064,11936,0.70
oscillations,0.75,6,2,-12.3,10.68,q1,"(150, 150)",6716,-0.0035774199901442423,0.5120546134131374,-0.0006432259146807901,0.5148987728678327,28068,11932,0.70
oscillations,0.75,6,2,-12.3,10.68,q2,"(150, 50)",2275,0.0081832000449637,0.4926109371735301,-0.0006432259146807901,0.5148987728678327,28068,11932,0.70
oscillations,0.75,6,2,-12.3,10.68,q3,"(50, 150)",2209,-0.007228263412463621,0.5441617384812276,-0.0006432259146807901,0.5148987728678327,28068,11932,0.70
oscillations,0.75,6,2,-12.3,10.68,q4,"(50, 50)",732,0.018717807125242156,0.5170657324806203,-0.0006432259146807901,0.5148987728678327,28068,11932,0.70
oscillations,0.75,7,2,-12.3,10.68,q1,"(150, 150)",6710,-0.0014391743070687022,0.49086777258219816,-0.0003363662971975067,0.5050910013338564,28058,11942,0.70
oscillations,0.75,7,2,-12.3,10.68,q2,"(150, 50)",2250,0.004245123256096865,0.5116300060143133,-0.0003363662971975067,0.5050910013338564,28058,11942,0.70
oscillations,0.75,7,2,-12.3,10.68,q3,"(50, 150)",2248,-0.005854269677808164,0.5287770398864988,-0.0003363662971975067,0.5050910013338564,28058,11942,0.70
oscillations,0.75,7,2,-12.3,10.68,q4,"(50, 50)",734,0.012600605161843578,0.5374946750262988,-0.0003363662971975067,0.5050910013338564,28058,11942,0.70
oscillations,0.75,8,2,-12.3,10.68,q1,"(150, 150)",6793,8.543244386142878e-05,0.5116954592251685,0.0005979125521804056,0.5217842364362623,28063,11937,0.70
oscillations,0.75,8,2,-12.3,10.68,q2,"(150, 50)",2214,0.00044528500611606996,0.5250506959628896,0.0005979125521804056,0.5217842364362623,28063,11937,0.70
oscillations,0.75,8,2,-12.3,10.68,q3,"(50, 150)",2196,-0.0037964079728768393,0.5559497803164573,0.0005979125521804056,0.5217842364362623,28063,11937,0.70
oscillations,0.75,8,2,-12.3,10.68,q4,"(50, 50)",734,0.018948215870740276,0.49787518987782864,0.0005979125521804056,0.5217842364362623,28063,11937,0.70
oscillations,0.75,9,2,-12.3,10.68,q1,"(150, 150)",6746,-0.001253772062608868,0.5026431352433804,-0.0003066689974019537,0.5132289105943868,28068,11932,0.70
oscillations,0.75,9,2,-12.3,10.68,q2,"(150, 50)",2222,0.0031733529207968085,0.5105989562105606,-0.0003066689974019537,0.5132289105943868,28068,11932,0.70
oscillations,0.75,9,2,-12.3,10.68,q3,"(50, 150)",2255,-0.01229712591104037,0.5369095237802557,-0.0003066689974019537,0.5132289105943868,28068,11932,0.70
oscillations,0.75,9,2,-12.3,10.68,q4,"(50, 50)",709,0.03593455655394191,0.541527797008349,-0.0003066689974019537,0.5132289105943868,28068,11932,0.70
oscillations,0.75,10,2,-12.3,10.68,q1,"(150, 150)",6708,-0.0022776664149618394,0.4946196559397475,0.0003728464936100849,0.505945463663235,28059,11941,0.70
oscillations,0.75,10,2,-12.3,10.68,q2,"(150, 50)",2226,0.010618200534307258,0.5277475894954682,0.0003728464936100849,0.505945463663235,28059,11941,0.70
oscillations,0.75,10,2,-12.3,10.68,q3,"(50, 150)",2230,-0.007767187138626091,0.4987601123367719,0.0003728464936100849,0.505945463663235,28059,11941,0.70
oscillations,0.75,10,2,-12.3,10.68,q4,"(50, 50)",777,0.017265713283822755,0.5559960905568035,0.0003728464936100849,0.505945463663235,28059,11941,0.70
oscillations,0.75,11,2,-12.3,10.68,q1,"(150, 150)",6622,-0.0034230174493336926,0.5068553982629078,-0.0007009477154696619,0.518928610671364,28067,11933,0.70
oscillations,0.75,11,2,-12.3,10.68,q2,"(150, 50)",2281,0.007634315816090901,0.543553057481088,-0.0007009477154696619,0.518928610671364,28067,11933,0.70
oscillations,0.75,11,2,-12.3,10.68,q3,"(50, 150)",2287,-0.006292929497234819,0.5279271274060221,-0.0007009477154696619,0.518928610671364,28067,11933,0.70
oscillations,0.75,11,2,-12.3,10.68,q4,"(50, 50)",743,0.015182863855263719,0.5193459652729489,-0.0007009477154696619,0.518928610671364,28067,11933,0.70
oscillations,0.75,12,2,-12.3,10.68,q1,"(150, 150)",6816,0.0005527637369896604,0.49853430722010256,-0.0004160415054514138,0.5230898148104651,28073,11927,0.70
oscillations,0.75,12,2,-12.3,10.68,q2,"(150, 50)",2170,-0.006083809121513566,0.5435246709421551,-0.0004160415054514138,0.5230898148104651,28073,11927,0.70
oscillations,0.75,12,2,-12.3,10.68,q3,"(50, 150)",2216,0.0029804834922107348,0.5428577038926595,-0.0004160415054514138,0.5230898148104651,28073,11927,0.70
oscillations,0.75,12,2,-12.3,10.68,q4,"(50, 50)",725,-0.0029415866095104533,0.6161816142091299,-0.0004160415054514138,0.5230898148104651,28073,11927,0.70
oscillations,0.75,13,2,-12.3,10.68,q1,"(150, 150)",6701,-0.0006654594392000926,0.48932344670527556,0.0015254550069458167,0.5081170697095782,28070,11930,0.70
oscillations,0.75,13,2,-12.3,10.68,q2,"(150, 50)",2229,0.006253163174402501,0.5274743493982627,0.0015254550069458167,0.5081170697095782,28070,11930,0.70
oscillations,0.75,13,2,-12.3,10.68,q3,"(50, 150)",2216,0.0002756510713105961,0.5271692328412909,0.0015254550069458167,0.5081170697095782,28070,11930,0.70
oscillations,0.75,13,2,-12.3,10.68,q4,"(50, 50)",784,0.010342829649459108,0.5526955674705941,0.0015254550069458167,0.5081170697095782,28070,11930,0.70
oscillations,0.75,14,2,-12.3,10.68,q1,"(150, 150)",6708,-0.0023756341621373554,0.4992648688892355,-0.0008079857162522565,0.5160464394738933,28063,11937,0.70
oscillations,0.75,14,2,-12.3,10.68,q2,"(150, 50)",2274,0.005545164930498742,0.5210883922277187,-0.0008079857162522565,0.5160464394738933,28063,11937,0.70
oscillations,0.75,14,2,-12.3,10.68,q3,"(50, 150)",2202,-0.01800780375230837,0.5469264979152577,-0.0008079857162522565,0.5160464394738933,28063,11937,0.70
oscillations,0.75,14,2,-12.3,10.68,q4,"(50, 50)",753,0.04426866836034937,0.5506972973644566,-0.0008079857162522565,0.5160464394738933,28063,11937,0.70
oscillations,0.75,15,2,-12.3,10.68,q1,"(150, 150)",6670,-0.0070481989291335135,0.4984147745973252,-0.001128837210167973,0.5161245584921682,28061,11939,0.70
oscillations,0.75,15,2,-12.3,10.68,q2,"(150, 50)",2259,0.014212714446347863,0.5165949109614055,-0.001128837210167973,0.5161245584921682,28061,11939,0.70
oscillations,0.75,15,2,-12.3,10.68,q3,"(50, 150)",2272,0.004369339470911069,0.5561821993160273,-0.001128837210167973,0.5161245584921682,28061,11939,0.70
oscillations,0.75,15,2,-12.3,10.68,q4,"(50, 50)",738,-0.011516750416103881,0.5420412577651261,-0.001128837210167973,0.5161245584921682,28061,11939,0.70
oscillations,0.75,16,2,-12.3,10.68,q1,"(150, 150)",6701,0.001275156672743277,0.5016354587886166,-0.0001177426322702789,0.5155631347403602,28047,11953,0.70
oscillations,0.75,16,2,-12.3,10.68,q2,"(150, 50)",2227,-0.0023331698503043976,0.5174083818578635,-0.0001177426322702789,0.5155631347403602,28047,11953,0.70
oscillations,0.75,16,2,-12.3,10.68,q3,"(50, 150)",2268,-0.005526667343293861,0.5505163476882274,-0.0001177426322702789,0.5155631347403602,28047,11953,0.70
oscillations,0.75,16,2,-12.3,10.68,q4,"(50, 50)",757,0.01027509675513743,0.5232001491440311,-0.0001177426322702789,0.5155631347403602,28047,11953,0.70
oscillations,0.75,17,2,-12.3,10.68,q1,"(150, 150)",6709,-0.0006042096679754269,0.5031420463359674,-0.0002541722579818411,0.5082184422599927,28058,11942,0.70
oscillations,0.75,17,2,-12.3,10.68,q2,"(150, 50)",2257,0.0038962491619019394,0.49418271028968114,-0.0002541722579818411,0.5082184422599927,28058,11942,0.70
oscillations,0.75,17,2,-12.3,10.68,q3,"(50, 150)",2239,-0.013589985103650552,0.527487509395899,-0.0002541722579818411,0.5082184422599927,28058,11942,0.70
oscillations,0.75,17,2,-12.3,10.68,q4,"(50, 50)",737,0.030736037783295662,0.5347190281286242,-0.0002541722579818411,0.5082184422599927,28058,11942,0.70
oscillations,0.75,18,2,-12.3,10.68,q1,"(150, 150)",6718,-0.006047594362568909,0.4926826283243382,-0.000826096309990649,0.5076570013529529,28061,11939,0.70
oscillations,0.75,18,2,-12.3,10.68,q2,"(150, 50)",2249,0.011347234485849983,0.5212627710718548,-0.000826096309990649,0.5076570013529529,28061,11939,0.70
oscillations,0.75,18,2,-12.3,10.68,q3,"(50, 150)",2245,-0.005479362832259246,0.5297233776992281,-0.000826096309990649,0.5076570013529529,28061,11939,0.70
oscillations,0.75,18,2,-12.3,10.68,q4,"(50, 50)",727,0.024135095299181515,0.5298492523629501,-0.000826096309990649,0.5076570013529529,28061,11939,0.70
oscillations,0.75,19,2,-12.3,10.68,q1,"(150, 150)",6672,0.0009974097772683713,0.5006754011387841,-0.001411630044039053,0.5133049831152636,28057,11943,0.70
oscillations,0.75,19,2,-12.3,10.68,q2,"(150, 50)",2205,-0.005294918372787118,0.524100650704814,-0.001411630044039053,0.5133049831152636,28057,11943,0.70
oscillations,0.75,19,2,-12.3,10.68,q3,"(50, 150)",2327,-0.010294548015142083,0.5206434081118658,-0.001411630044039053,0.5133049831152636,28057,11943,0.70
oscillations,0.75,19,2,-12.3,10.68,q4,"(50, 50)",739,0.016396336391526725,0.5666829873050286,-0.001411630044039053,0.5133049831152636,28057,11943,0.70
oscillations,0.75,20,2,-12.3,10.68,q1,"(150, 150)",6642,0.00021682066950385253,0.490973028542131,0.0002399141530398169,0.5075012055478378,28054,11946,0.70
oscillations,0.75,20,2,-12.3,10.68,q2,"(150, 50)",2355,0.0021197836752879255,0.5126212322597313,0.0002399141530398169,0.5075012055478378,28054,11946,0.70
oscillations,0.75,20,2,-12.3,10.68,q3,"(50, 150)",2206,-0.005104725801888325,0.5441999547642773,0.0002399141530398169,0.5075012055478378,28054,11946,0.70
oscillations,0.75,20,2,-12.3,10.68,q4,"(50, 50)",743,0.010356428195197359,0.5231995297740298,0.0002399141530398169,0.5075012055478378,28054,11946,0.70
oscillations,0.75,21,2,-12.3,10.68,q1,"(150, 150)",6763,-0.0028846376447037225,0.49936351967017834,9.341928655110051e-05,0.5165750992988597,28056,11944,0.70
oscillations,0.75,21,2,-12.3,10.68,q2,"(150, 50)",2236,0.007834543736820276,0.5402897308182388,9.341928655110051e-05,0.5165750992988597,28056,11944,0.70
oscillations,0.75,21,2,-12.3,10.68,q3,"(50, 150)",2261,-0.004003235234878191,0.5189873732014118,9.341928655110051e-05,0.5165750992988597,28056,11944,0.70
oscillations,0.75,21,2,-12.3,10.68,q4,"(50, 50)",684,0.017774677514951837,0.5906773172992372,9.341928655110051e-05,0.5165750992988597,28056,11944,0.70
oscillations,0.75,22,2,-12.3,10.68,q1,"(150, 150)",6647,-0.0007486621270253193,0.5039836262627657,7.530943873468533e-05,0.5078544169537837,28056,11944,0.70
oscillations,0.75,22,2,-12.3,10.68,q2,"(150, 50)",2308,0.006362320988496996,0.5086080167697017,7.530943873468533e-05,0.5078544169537837,28056,11944,0.70
oscillations,0.75,22,2,-12.3,10.68,q3,"(50, 150)",2167,-0.003368503324957347,0.5192284809672824,7.530943873468533e-05,0.5078544169537837,28056,11944,0.70
oscillations,0.75,22,2,-12.3,10.68,q4,"(50, 50)",822,-0.001835568177231283,0.5064465939882359,7.530943873468533e-05,0.5078544169537837,28056,11944,0.70
oscillations,0.75,23,2,-12.3,10.68,q1,"(150, 150)",6698,0.0020372672252728158,0.4906073012382986,0.00046089987834755904,0.5056476152322993,28063,11937,0.70
oscillations,0.75,23,2,-12.3,10.68,q2,"(150, 50)",2248,-0.0034706590653280738,0.5077087956734222,0.00046089987834755904,0.5056476152322993,28063,11937,0.70
oscillations,0.75,23,2,-12.3,10.68,q3,"(50, 150)",2259,-0.005557681062403509,0.5371150180739175,0.00046089987834755904,0.5056476152322993,28063,11937,0.70
oscillations,0.75,23,2,-12.3,10.68,q4,"(50, 50)",732,0.0166844113002521,0.5335393227392202,0.00046089987834755904,0.5056476152322993,28063,11937,0.70
oscillations,0.75,24,2,-12.3,10.68,q1,"(150, 150)",6711,-0.005297512909250497,0.5138918190600894,-0.0005008856430057457,0.5143857507215505,28069,11931,0.70
oscillations,0.75,24,2,-12.3,10.68,q2,"(150, 50)",2220,0.010479642073882633,0.49490899067023225,-0.0005008856430057457,0.5143857507215505,28069,11931,0.70
oscillations,0.75,24,2,-12.3,10.68,q3,"(50, 150)",2290,-0.006288513129252043,0.5400647623840997,-0.0005008856430057457,0.5143857507215505,28069,11931,0.70
oscillations,0.75,24,2,-12.3,10.68,q4,"(50, 50)",710,0.029171031252459526,0.4918760387061675,-0.0005008856430057457,0.5143857507215505,28069,11931,0.70
oscillations,0.75,25,2,-12.3,10.68,q1,"(150, 150)",6730,-0.002601992828272032,0.5221734179648566,-0.00021030019466338309,0.5180261640049044,28046,11954,0.70
oscillations,0.75,25,2,-12.3,10.68,q2,"(150, 50)",2206,0.008299106643093643,0.48439555732197925,-0.00021030019466338309,0.5180261640049044,28046,11954,0.70
oscillations,0.75,25,2,-12.3,10.68,q3,"(50, 150)",2284,-0.003308109870968267,0.5289285592662596,-0.00021030019466338309,0.5180261640049044,28046,11954,0.70
oscillations,0.75,25,2,-12.3,10.68,q4,"(50, 50)",734,0.005783892231459978,0.5424596412060928,-0.00021030019466338309,0.5180261640049044,28046,11954,0.70
oscillations,0.75,26,2,-12.3,10.68,q1,"(150, 150)",6703,-0.010303619957848528,0.4918237044607265,-0.0024560886841690833,0.5136774425091926,28062,11938,0.70
oscillations,0.75,26,2,-12.3,10.68,q2,"(150, 50)",2236,0.018691896647896077,0.5315124343241294,-0.0024560886841690833,0.5136774425091926,28062,11938,0.70
oscillations,0.75,26,2,-12.3,10.68,q3,"(50, 150)",2297,-0.009130944180151378,0.5503382163271933,-0.0024560886841690833,0.5136774425091926,28062,11938,0.70
oscillations,0.75,26,2,-12.3,10.68,q4,"(50, 50)",702,0.02695594835179525,0.5325851920502529,-0.0024560886841690833,0.5136774425091926,28062,11938,0.70
oscillations,0.75,27,2,-12.3,10.68,q1,"(150, 150)",6632,0.004886689682765485,0.511881202622713,0.0021045388289848413,0.5271195843516489,28057,11943,0.70
oscillations,0.75,27,2,-12.3,10.68,q2,"(150, 50)",2287,-0.00628518231923596,0.5401446822897527,0.0021045388289848413,0.5271195843516489,28057,11943,0.70
oscillations,0.75,27,2,-12.3,10.68,q3,"(50, 150)",2293,-0.003635235353829641,0.5405405247200701,0.0021045388289848413,0.5271195843516489,28057,11943,0.70
oscillations,0.75,27,2,-12.3,10.68,q4,"(50, 50)",731,0.021115988904089295,0.5764577561637734,0.0021045388289848413,0.5271195843516489,28057,11943,0.70
oscillations,0.75,28,2,-12.3,10.68,q1,"(150, 150)",6652,-0.005587779121412323,0.5060260425470874,0.000458838319041261,0.5166123748538702,28058,11942,0.70
oscillations,0.75,28,2,-12.3,10.68,q2,"(150, 50)",2290,0.018901977455178222,0.5234276497449305,0.000458838319041261,0.5166123748538702,28058,11942,0.70
oscillations,0.75,28,2,-12.3,10.68,q3,"(50, 150)",2260,-0.0008488967475037462,0.5375941890344589,0.000458838319041261,0.5166123748538702,28058,11942,0.70
oscillations,0.75,28,2,-12.3,10.68,q4,"(50, 50)",740,0.0017328813494944114,0.5228087440128057,0.000458838319041261,0.5166123748538702,28058,11942,0.70
oscillations,0.75,29,2,-12.3,10.68,q1,"(150, 150)",6757,-0.0028786596948739414,0.5191973362476693,0.00033787557744093574,0.5220756524126369,28066,11934,0.70
oscillations,0.75,29,2,-12.3,10.68,q2,"(150, 50)",2183,0.012143883755218245,0.4867927201713061,0.00033787557744093574,0.5220756524126369,28066,11934,0.70
oscillations,0.75,29,2,-12.3,10.68,q3,"(50, 150)",2241,-0.000776551742393676,0.5638097599176721,0.00033787557744093574,0.5220756524126369,28066,11934,0.70
oscillations,0.75,29,2,-12.3,10.68,q4,"(50, 50)",753,-0.0017085459276146662,0.5169868082362414,0.00033787557744093574,0.5220756524126369,28066,11934,0.70
oscillations,0.75,30,2,-12.3,10.68,q1,"(150, 150)",6755,-0.0003768994638610283,0.5145921621272991,-0.0015403542824136654,0.5268702825225994,28067,11933,0.70
oscillations,0.75,30,2,-12.3,10.68,q2,"(150, 50)",2204,-0.004506556710044826,0.5242979965879598,-0.0015403542824136654,0.5268702825225994,28067,11933,0.70
oscillations,0.75,30,2,-12.3,10.68,q3,"(50, 150)",2241,-0.017253130076805442,0.5659834380962364,-0.0015403542824136654,0.5268702825225994,28067,11933,0.70
oscillations,0.75,30,2,-12.3,10.68,q4,"(50, 50)",733,0.044695257458934164,0.5195651948408883,-0.0015403542824136654,0.5268702825225994,28067,11933,0.70
oscillations,0.75,31,2,-12.3,10.68,q1,"(150, 150)",6648,0.0052626859345469325,0.526609597086436,0.0006756872710436606,0.5218330732828496,28065,11935,0.70
oscillations,0.75,31,2,-12.3,10.68,q2,"(150, 50)",2287,-0.012081198215280448,0.4927739306203215,0.0006756872710436606,0.5218330732828496,28065,11935,0.70
oscillations,0.75,31,2,-12.3,10.68,q3,"(50, 150)",2253,0.005364606504395102,0.5350671814836155,0.0006756872710436606,0.5218330732828496,28065,11935,0.70
oscillations,0.75,31,2,-12.3,10.68,q4,"(50, 50)",747,-0.015232619342727856,0.5242297324598101,0.0006756872710436606,0.5218330732828496,28065,11935,0.70
oscillations,0.75,32,2,-12.3,10.68,q1,"(150, 150)",6655,0.0013489721651918517,0.5286208720181952,-0.0005087332805379234,0.5258258461810206,28052,11948,0.70
oscillations,0.75,32,2,-12.3,10.68,q2,"(150, 50)",2256,-0.0026770431211274423,0.506026640867647,-0.0005087332805379234,0.5258258461810206,28052,11948,0.70
oscillations,0.75,32,2,-12.3,10.68,q3,"(50, 150)",2327,-0.004936789629082474,0.5271297516402962,-0.0005087332805379234,0.5258258461810206,28052,11948,0.70
oscillations,0.75,32,2,-12.3,10.68,q4,"(50, 50)",710,0.003481075708337399,0.5560178360740371,-0.0005087332805379234,0.5258258461810206,28052,11948,0.70
oscillations,0.75,33,2,-12.3,10.68,q1,"(150, 150)",6808,-0.0015369296499362843,0.5089328640899706,-0.0008145175716695588,0.5199837720919347,28060,11940,0.70
oscillations,0.75,33,2,-12.3,10.68,q2,"(150, 50)",2183,0.0005046010154457128,0.522195041871426,-0.0008145175716695588,0.5199837720919347,28060,11940,0.70
oscillations,0.75,33,2,-12.3,10.68,q3,"(50, 150)",2230,-0.013335805307973542,0.5504412333193699,-0.0008145175716695588,0.5199837720919347,28060,11940,0.70
oscillations,0.75,33,2,-12.3,10.68,q4,"(50, 50)",719,0.04085588187913031,0.5173967840054041,-0.0008145175716695588,0.5199837720919347,28060,11940,0.70
oscillations,0.75,34,2,-12.3,10.68,q1,"(150, 150)",6765,0.005123149812798984,0.5102433810329976,0.0021631169640652843,0.51682691780569,28057,11943,0.70
oscillations,0.75,34,2,-12.3,10.68,q2,"(150, 50)",2180,-0.006513338474332202,0.50480627385225,0.0021631169640652843,0.51682691780569,28057,11943,0.70
oscillations,0.75,34,2,-12.3,10.68,q3,"(50, 150)",2284,0.008988353369166322,0.5423358532225113,0.0021631169640652843,0.51682691780569,28057,11943,0.70
oscillations,0.75,34,2,-12.3,10.68,q4,"(50, 50)",714,-0.02122454314129567,0.5303162958216553,0.0021631169640652843,0.51682691780569,28057,11943,0.70
oscillations,0.75,35,2,-12.3,10.68,q1,"(150, 150)",6670,-0.0013587405274532076,0.5020172031887575,0.00013990079652681476,0.5055088550475504,28061,11939,0.70
oscillations,0.75,35,2,-12.3,10.68,q2,"(150, 50)",2266,-0.0007022823207186795,0.48874046807136073,0.00013990079652681476,0.5055088550475504,28061,11939,0.70
oscillations,0.75,35,2,-12.3,10.68,q3,"(50, 150)",2232,0.010138250492611037,0.5298184680793334,0.00013990079652681476,0.5055088550475504,28061,11939,0.70
oscillations,0.75,35,2,-12.3,10.68,q4,"(50, 50)",771,-0.013364628317656007,0.5114864389710855,0.00013990079652681476,0.5055088550475504,28061,11939,0.70
oscillations,0.75,36,2,-12.3,10.68,q1,"(150, 150)",6672,-0.0039004907150207626,0.506098719554444,-0.0014336090308231047,0.5124216931479649,28070,11930,0.70
oscillations,0.75,36,2,-12.3,10.68,q2,"(150, 50)",2288,0.010313495944415378,0.5153891486244384,-0.0014336090308231047,0.5124216931479649,28070,11930,0.70
oscillations,0.75,36,2,-12.3,10.68,q3,"(50, 150)",2249,-0.01734453265776557,0.5176304432509109,-0.0014336090308231047,0.5124216931479649,28070,11930,0.70
oscillations,0.75,36,2,-12.3,10.68,q4,"(50, 50)",721,0.03374714776614602,0.5415119158857008,-0.0014336090308231047,0.5124216931479649,28070,11930,0.70
oscillations,0.75,37,2,-12.3,10.68,q1,"(150, 150)",6714,0.0004884174690557746,0.5129271208187699,0.0012368961861771392,0.5213361132496753,28054,11946,0.70
oscillations,0.75,37,2,-12.3,10.68,q2,"(150, 50)",2197,0.0029658457150201806,0.5164476111962586,0.0012368961861771392,0.5213361132496753,28054,11946,0.70
oscillations,0.75,37,2,-12.3,10.68,q3,"(50, 150)",2297,-0.002287443653213188,0.5348244872210353,0.0012368961861771392,0.5213361132496753,28054,11946,0.70
oscillations,0.75,37,2,-12.3,10.68,q4,"(50, 50)",738,0.01386859348016663,0.5669784347941607,0.0012368961861771392,0.5213361132496753,28054,11946,0.70
oscillations,0.75,38,2,-12.3,10.68,q1,"(150, 150)",6680,-0.00682852555700526,0.49136238336456967,-0.0009919995442967961,0.5070734601502663,28069,11931,0.70
oscillations,0.75,38,2,-12.3,10.68,q2,"(150, 50)",2239,0.013976803038726886,0.5370633251425333,-0.0009919995442967961,0.5070734601502663,28069,11931,0.70
oscillations,0.75,38,2,-12.3,10.68,q3,"(50, 150)",2265,0.0031431393442955436,0.5172484012058882,-0.0009919995442967961,0.5070734601502663,28069,11931,0.70
oscillations,0.75,38,2,-12.3,10.68,q4,"(50, 50)",747,-0.006203839974228676,0.5204661238301148,-0.0009919995442967961,0.5070734601502663,28069,11931,0.70
oscillations,0.75,39,2,-12.3,10.68,q1,"(150, 150)",6732,1.4301853933022154e-05,0.49346469621300076,-0.0008034555211680048,0.5103439610683009,28056,11944,0.70
oscillations,0.75,39,2,-12.3,10.68,q2,"(150, 50)",2250,-0.0029401143124288365,0.4973327398302805,-0.0008034555211680048,0.5103439610683009,28056,11944,0.70
oscillations,0.75,39,2,-12.3,10.68,q3,"(50, 150)",2250,-0.007613489795284494,0.5559565028929846,-0.0008034555211680048,0.5103439610683009,28056,11944,0.70
oscillations,0.75,39,2,-12.3,10.68,q4,"(50, 50)",712,0.019737157888830414,0.5547965229156185,-0.0008034555211680048,0.5103439610683009,28056,11944,0.70
oscillations,0.75,40,2,-12.3,10.68,q1,"(150, 150)",6616,-0.0006802502572574908,0.5030680172546356,0.0011644871319060944,0.5090463701452159,28057,11943,0.70
oscillations,0.75,40,2,-12.3,10.68,q2,"(150, 50)",2323,0.008886306387613981,0.5035792907570487,0.0011644871319060944,0.5090463701452159,28057,11943,0.70
oscillations,0.75,40,2,-12.3,10.68,q3,"(50, 150)",2247,-0.0014107461580648174,0.5248422759744036,0.0011644871319060944,0.5090463701452159,28057,11943,0.70
oscillations,0.75,40,2,-12.3,10.68,q4,"(50, 50)",757,0.0012352211322515054,0.529425062163798,0.0011644871319060944,0.5090463701452159,28057,11943,0.70
oscillations,0.75,41,2,-12.3,10.68,q1,"(150, 150)",6778,-0.008434780067359229,0.48356424393301844,-0.00155168922167358,0.5048388393939952,28052,11948,0.70
oscillations,0.75,41,2,-12.3,10.68,q2,"(150, 50)",2273,0.019526249914134076,0.5139390651320771,-0.00155168922167358,0.5048388393939952,28052,11948,0.70
oscillations,0.75,41,2,-12.3,10.68,q3,"(50, 150)",2207,-0.009885110109652592,0.5499994669409185,-0.00155168922167358,0.5048388393939952,28052,11948,0.70
oscillations,0.75,41,2,-12.3,10.68,q4,"(50, 50)",690,0.02328207019301661,0.5251137701688614,-0.00155168922167358,0.5048388393939952,28052,11948,0.70
oscillations,0.75,42,2,-12.3,10.68,q1,"(150, 150)",6654,-0.00408747591344195,0.5127359049874486,0.0007119256920658399,0.5192579445863917,28055,11945,0.70
oscillations,0.75,42,2,-12.3,10.68,q2,"(150, 50)",2213,0.012677405347206653,0.5430470390774376,0.0007119256920658399,0.5192579445863917,28055,11945,0.70
oscillations,0.75,42,2,-12.3,10.68,q3,"(50, 150)",2296,0.006323445772098337,0.5126358806877309,0.0007119256920658399,0.5192579445863917,28055,11945,0.70
oscillations,0.75,42,2,-12.3,10.68,q4,"(50, 50)",782,-0.008787356018333657,0.5240833164612476,0.0007119256920658399,0.5192579445863917,28055,11945,0.70
oscillations,0.75,43,2,-12.3,10.68,q1,"(150, 150)",6695,-0.003975588902320877,0.5013964324084638,-0.0012412788879343547,0.5098147565998438,28057,11943,0.70
oscillations,0.75,43,2,-12.3,10.68,q2,"(150, 50)",2279,0.0062096004826449995,0.49673509701147917,-0.0012412788879343547,0.5098147565998438,28057,11943,0.70
oscillations,0.75,43,2,-12.3,10.68,q3,"(50, 150)",2228,-0.0025375720331427816,0.5311298754505306,-0.0012412788879343547,0.5098147565998438,28057,11943,0.70
oscillations,0.75,43,2,-12.3,10.68,q4,"(50, 50)",741,0.004445350785873721,0.5570691830575105,-0.0012412788879343547,0.5098147565998438,28057,11943,0.70
oscillations,0.75,44,2,-12.3,10.68,q1,"(150, 150)",6703,-6.778090439153985e-05,0.5081522285335737,0.001783741323937453,0.5163658669043272,28058,11942,0.70
oscillations,0.75,44,2,-12.3,10.68,q2,"(150, 50)",2243,0.004695663820410943,0.5026980101148026,0.001783741323937453,0.5163658669043272,28058,11942,0.70
oscillations,0.75,44,2,-12.3,10.68,q3,"(50, 150)",2262,0.00013038638030313457,0.5374226642368648,0.001783741323937453,0.5163658669043272,28058,11942,0.70
oscillations,0.75,44,2,-12.3,10.68,q4,"(50, 50)",734,0.014888918734564214,0.5634046240102447,0.001783741323937453,0.5163658669043272,28058,11942,0.70
oscillations,0.75,45,2,-12.3,10.68,q1,"(150, 150)",6796,0.00044564739376366216,0.4806045479589789,-0.0008144816808150336,0.5027475885182348,28068,11932,0.70
oscillations,0.75,45,2,-12.3,10.68,q2,"(150, 50)",2291,-0.0005154447895162258,0.49952393064478046,-0.0008144816808150336,0.5027475885182348,28068,11932,0.70
oscillations,0.75,45,2,-12.3,10.68,q3,"(50, 150)",2119,-0.017905876238806507,0.5443896289468992,-0.0008144816808150336,0.5027475885182348,28068,11932,0.70
oscillations,0.75,45,2,-12.3,10.68,q4,"(50, 50)",726,0.03633115793293367,0.580740835214796,-0.0008144816808150336,0.5027475885182348,28068,11932,0.70
oscillations,0.75,46,2,-12.3,10.68,q1,"(150, 150)",6668,0.0079829030870631,0.49152810361066557,0.0023008153546602217,0.504268729784731,28051,11949,0.70
oscillations,0.75,46,2,-12.3,10.68,q2,"(150, 50)",2277,-0.011648570261155908,0.5149046969277423,0.0023008153546602217,0.504268729784731,28051,11949,0.70
oscillations,0.75,46,2,-12.3,10.68,q3,"(50, 150)",2268,-0.0017787866283804374,0.5129373949875512,0.0023008153546602217,0.504268729784731,28051,11949,0.70
oscillations,0.75,46,2,-12.3,10.68,q4,"(50, 50)",736,0.006549629682224284,0.5545782409655613,0.0023008153546602217,0.504268729784731,28051,11949,0.70
oscillations,0.75,47,2,-12.3,10.68,q1,"(150, 150)",6667,-0.001420427684537638,0.5144393179845578,-0.0019329569816987067,0.5177363182689771,28065,11935,0.70
oscillations,0.75,47,2,-12.3,10.68,q2,"(150, 50)",2282,-0.0026473931324641473,0.498458159640535,-0.0019329569816987067,0.5177363182689771,28065,11935,0.70
oscillations,0.75,47,2,-12.3,10.68,q3,"(50, 150)",2253,-0.0034931213342342567,0.5481370506108645,-0.0019329569816987067,0.5177363182689771,28065,11935,0.70
oscillations,0.75,47,2,-12.3,10.68,q4,"(50, 50)",733,0.00042497038274396846,0.5102732870142234,-0.0019329569816987067,0.5177363182689771,28065,11935,0.70
oscillations,0.75,48,2,-12.3,10.68,q1,"(150, 150)",6692,-0.0017649293025054625,0.5118225633005095,-0.00016504899589403322,0.5152734485572545,28055,11945,0.70
oscillations,0.75,48,2,-12.3,10.68,q2,"(150, 50)",2274,0.003999220844234517,0.4920128285395777,-0.00016504899589403322,0.5152734485572545,28055,11945,0.70
oscillations,0.75,48,2,-12.3,10.68,q3,"(50, 150)",2280,-0.00792679671990993,0.5429857658620106,-0.00016504899589403322,0.5152734485572545,28055,11945,0.70
oscillations,0.75,48,2,-12.3,10.68,q4,"(50, 50)",699,0.026921695218909407,0.5281982877829846,-0.00016504899589403322,0.5152734485572545,28055,11945,0.70
oscillations,0.75,49,2,-12.3,10.68,q1,"(150, 150)",6693,0.0004657046017437695,0.49129198151355913,-0.000622295222429623,0.5045912667200679,28051,11949,0.70
oscillations,0.75,49,2,-12.3,10.68,q2,"(150, 50)",2234,-0.0016518446607089049,0.5251501440256373,-0.000622295222429623,0.5045912667200679,28051,11949,0.70
oscillations,0.75,49,2,-12.3,10.68,q3,"(50, 150)",2297,-0.011775453639961684,0.5164925349880992,-0.000622295222429623,0.5045912667200679,28051,11949,0.70
oscillations,0.75,49,2,-12.3,10.68,q4,"(50, 50)",725,0.027842305476873205,0.521467542952367,-0.000622295222429623,0.5045912667200679,28051,11949,0.70
oscillations,0.75,0,3,-17.0,8.65,q1,"(150, 150)",6721,-0.010639970691840335,0.5435535690909656,-0.000893782586843691,0.5413931049576727,28076,11924,0.70
oscillations,0.75,0,3,-17.0,8.65,q2,"(150, 50)",2190,0.029100531650671113,0.5169756078816163,-0.000893782586843691,0.5413931049576727,28076,11924,0.70
oscillations,0.75,0,3,-17.0,8.65,q3,"(50, 150)",2276,-0.004607948204895452,0.5612173395607425,-0.000893782586843691,0.5413931049576727,28076,11924,0.70
oscillations,0.75,0,3,-17.0,8.65,q4,"(50, 50)",737,0.010327415540986457,0.5266036224879446,-0.000893782586843691,0.5413931049576727,28076,11924,0.70
oscillations,0.75,1,3,-17.0,8.65,q1,"(150, 150)",6677,0.00383055098951391,0.5233001837153624,0.0017969264726760915,0.5305543374676236,28057,11943,0.70
oscillations,0.75,1,3,-17.0,8.65,q2,"(150, 50)",2259,-0.0038130339056775477,0.5219254011112555,0.0017969264726760915,0.5305543374676236,28057,11943,0.70
oscillations,0.75,1,3,-17.0,8.65,q3,"(50, 150)",2287,0.006542904428442017,0.5452823935222453,0.0017969264726760915,0.5305543374676236,28057,11943,0.70
oscillations,0.75,1,3,-17.0,8.65,q4,"(50, 50)",720,-0.014535937401020998,0.574518817671872,0.0017969264726760915,0.5305543374676236,28057,11943,0.70
oscillations,0.75,2,3,-17.0,8.65,q1,"(150, 150)",6702,-0.00581698379929281,0.543344747594681,-0.0009779553106701207,0.5316087287185398,28068,11932,0.70
oscillations,0.75,2,3,-17.0,8.65,q2,"(150, 50)",2188,0.011855604474644553,0.4830190289839496,-0.0009779553106701207,0.5316087287185398,28068,11932,0.70
oscillations,0.75,2,3,-17.0,8.65,q3,"(50, 150)",2302,-0.008259753395875175,0.5452081621514655,-0.0009779553106701207,0.5316087287185398,28068,11932,0.70
oscillations,0.75,2,3,-17.0,8.65,q4,"(50, 50)",740,0.02755453024692827,0.5166111503349481,-0.0009779553106701207,0.5316087287185398,28068,11932,0.70
oscillations,0.75,3,3,-17.0,8.65,q1,"(150, 150)",6807,0.0002663546734996523,0.5392545531212058,0.0013935540226721502,0.5340951551828035,28058,11942,0.70
oscillations,0.75,3,3,-17.0,8.65,q2,"(150, 50)",2203,0.009004716138084286,0.501678474964806,0.0013935540226721502,0.5340951551828035,28058,11942,0.70
oscillations,0.75,3,3,-17.0,8.65,q3,"(50, 150)",2184,-0.007797072820339315,0.5604356801821176,0.0013935540226721502,0.5340951551828035,28058,11942,0.70
oscillations,0.75,3,3,-17.0,8.65,q4,"(50, 50)",748,0.01606973698350279,0.4989261491944435,0.0013935540226721502,0.5340951551828035,28058,11942,0.70
oscillations,0.75,4,3,-17.0,8.65,q1,"(150, 150)",6719,0.0003592463220518868,0.5293194007151572,0.0005771110761965583,0.527469777149369,28054,11946,0.70
oscillations,0.75,4,3,-17.0,8.65,q2,"(150, 50)",2191,0.0040301846655186446,0.5153252175631434,0.0005771110761965583,0.527469777149369,28054,11946,0.70
oscillations,0.75,4,3,-17.0,8.65,q3,"(50, 150)",2294,-0.010339400780852964,0.5491981239460946,0.0005771110761965583,0.527469777149369,28054,11946,0.70
oscillations,0.75,4,3,-17.0,8.65,q4,"(50, 50)",742,0.02610356289420863,0.4738540179154802,0.0005771110761965583,0.527469777149369,28054,11946,0.70
oscillations,0.75,5,3,-17.0,8.65,q1,"(150, 150)",6684,-0.004765928579653484,0.5310998691055215,-0.0018154699659491587,0.5331045385868645,28056,11944,0.70
oscillations,0.75,5,3,-17.0,8.65,q2,"(150, 50)",2269,0.0073763116331653665,0.5143837301790447,-0.0018154699659491587,0.5331045385868645,28056,11944,0.70
oscillations,0.75,5,3,-17.0,8.65,q3,"(50, 150)",2227,-0.0026707294055014884,0.563157039188429,-0.0018154699659491587,0.5331045385868645,28056,11944,0.70
oscillations,0.75,5,3,-17.0,8.65,q4,"(50, 50)",764,-0.0008084337126875357,0.5145292617747709,-0.0018154699659491587,0.5331045385868645,28056,11944,0.70
oscillations,0.75,6,3,-17.0,8.65,q1,"(150, 150)",6721,0.003222178615476819,0.5366512083291601,0.0013868759284256012,0.5480635543214086,28058,11942,0.70
oscillations,0.75,6,3,-17.0,8.65,q2,"(150, 50)",2290,-0.00037016554153040314,0.5156663506529605,0.0013868759284256012,0.5480635543214086,28058,11942,0.70
oscillations,0.75,6,3,-17.0,8.65,q3,"(50, 150)",2213,-0.011547780640251092,0.5954479946296921,0.0013868759284256012,0.5480635543214086,28058,11942,0.70
oscillations,0.75,6,3,-17.0,8.65,q4,"(50, 50)",718,0.029677893467436118,0.5981644521333184,0.0013868759284256012,0.5480635543214086,28058,11942,0.70
oscillations,0.75,7,3,-17.0,8.65,q1,"(150, 150)",6706,-0.008109313299728775,0.5425101382701626,-0.0012326693722380729,0.5382746718487221,28063,11937,0.70
oscillations,0.75,7,3,-17.0,8.65,q2,"(150, 50)",2228,0.018751048026016806,0.5089187824872734,-0.0012326693722380729,0.5382746718487221,28063,11937,0.70
oscillations,0.75,7,3,-17.0,8.65,q3,"(50, 150)",2260,-0.007237172491103136,0.5652208930993174,-0.0012326693722380729,0.5382746718487221,28063,11937,0.70
oscillations,0.75,7,3,-17.0,8.65,q4,"(50, 50)",743,0.01917275305451271,0.4980063549550106,-0.0012326693722380729,0.5382746718487221,28063,11937,0.70
oscillations,0.75,8,3,-17.0,8.65,q1,"(150, 150)",6723,-5.9470921660289515e-06,0.5320234323835018,-1.1546453206443083e-05,0.5340212918353403,28064,11936,0.70
oscillations,0.75,8,3,-17.0,8.65,q2,"(150, 50)",2268,-0.0014858282379410644,0.4939788208271088,-1.1546453206443083e-05,0.5340212918353403,28064,11936,0.70
oscillations,0.75,8,3,-17.0,8.65,q3,"(50, 150)",2213,-0.00737696119630063,0.5744178551633784,-1.1546453206443083e-05,0.5340212918353403,28064,11936,0.70
oscillations,0.75,8,3,-17.0,8.65,q4,"(50, 50)",732,0.02677218224893955,0.5440774450017491,-1.1546453206443083e-05,0.5340212918353403,28064,11936,0.70
oscillations,0.75,9,3,-17.0,8.65,q1,"(150, 150)",6656,-0.00012672589790485792,0.5524433146616715,-9.44832011077143e-05,0.5404227168933562,28055,11945,0.70
oscillations,0.75,9,3,-17.0,8.65,q2,"(150, 50)",2180,0.003189739792721606,0.5414129623881928,-9.44832011077143e-05,0.5404227168933562,28055,11945,0.70
oscillations,0.75,9,3,-17.0,8.65,q3,"(50, 150)",2324,-0.01574408899130174,0.5132786638771241,-9.44832011077143e-05,0.5404227168933562,28055,11945,0.70
oscillations,0.75,9,3,-17.0,8.65,q4,"(50, 50)",785,0.03738919211066907,0.5101076082498296,-9.44832011077143e-05,0.5404227168933562,28055,11945,0.70
oscillations,0.75,10,3,-17.0,8.65,q1,"(150, 150)",6605,0.0007897982383541615,0.5334788816542904,-0.000841252586377664,0.5261499582469316,28071,11929,0.70
oscillations,0.75,10,3,-17.0,8.65,q2,"(150, 50)",2272,-0.007693803759668896,0.49608345596600845,-0.000841252586377664,0.5261499582469316,28071,11929,0.70
oscillations,0.75,10,3,-17.0,8.65,q3,"(50, 150)",2278,-0.0089531139583849,0.5410826289603332,-0.000841252586377664,0.5261499582469316,28071,11929,0.70
oscillations,0.75,10,3,-17.0,8.65,q4,"(50, 50)",774,0.02922945254772631,0.5026126941813167,-0.000841252586377664,0.5261499582469316,28071,11929,0.70
oscillations,0.75,11,3,-17.0,8.65,q1,"(150, 150)",6665,0.004073911194378764,0.5238841476056665,0.0019532682912139702,0.5335689808951141,28053,11947,0.70
oscillations,0.75,11,3,-17.0,8.65,q2,"(150, 50)",2297,-0.007309559777139068,0.549234331161851,0.0019532682912139702,0.5335689808951141,28053,11947,0.70
oscillations,0.75,11,3,-17.0,8.65,q3,"(50, 150)",2199,0.003899756204507878,0.5423381168405081,0.0019532682912139702,0.5335689808951141,28053,11947,0.70
oscillations,0.75,11,3,-17.0,8.65,q4,"(50, 50)",786,0.005594876690807156,0.5433769565680725,0.0019532682912139702,0.5335689808951141,28053,11947,0.70
oscillations,0.75,12,3,-17.0,8.65,q1,"(150, 150)",6766,-0.0011164537346456673,0.533504703677117,0.00022162208254457433,0.528692164307508,28055,11945,0.70
oscillations,0.75,12,3,-17.0,8.65,q2,"(150, 50)",2262,0.003997087958322525,0.48185276412239786,0.00022162208254457433,0.528692164307508,28055,11945,0.70
oscillations,0.75,12,3,-17.0,8.65,q3,"(50, 150)",2206,-0.010575321188790112,0.5643906622793058,0.00022162208254457433,0.528692164307508,28055,11945,0.70
oscillations,0.75,12,3,-17.0,8.65,q4,"(50, 50)",711,0.03444296388938531,0.5087160585211686,0.00022162208254457433,0.528692164307508,28055,11945,0.70
oscillations,0.75,13,3,-17.0,8.65,q1,"(150, 150)",6688,0.0008826941508694068,0.5341014843496767,-8.997474036202546e-05,0.5346423961035187,28063,11937,0.70
oscillations,0.75,13,3,-17.0,8.65,q2,"(150, 50)",2261,-0.0016005392866181507,0.5194661622298783,-8.997474036202546e-05,0.5346423961035187,28063,11937,0.70
oscillations,0.75,13,3,-17.0,8.65,q3,"(50, 150)",2266,-0.003085084633561872,0.554235836949693,-8.997474036202546e-05,0.5346423961035187,28063,11937,0.70
oscillations,0.75,13,3,-17.0,8.65,q4,"(50, 50)",722,0.0050306567174221144,0.5237029075640977,-8.997474036202546e-05,0.5346423961035187,28063,11937,0.70
oscillations,0.75,14,3,-17.0,8.65,q1,"(150, 150)",6721,0.0005208731307129029,0.511164252842679,0.0009541743566358756,0.5223989659060355,28045,11955,0.70
oscillations,0.75,14,3,-17.0,8.65,q2,"(150, 50)",2299,0.0026555047843412546,0.4818159527700072,0.0009541743566358756,0.5223989659060355,28045,11955,0.70
oscillations,0.75,14,3,-17.0,8.65,q3,"(50, 150)",2203,-0.003027512081106225,0.5760319495555895,0.0009541743566358756,0.5223989659060355,28045,11955,0.70
oscillations,0.75,14,3,-17.0,8.65,q4,"(50, 50)",732,0.011572363029422028,0.5744930340036699,0.0009541743566358756,0.5223989659060355,28045,11955,0.70
oscillations,0.75,15,3,-17.0,8.65,q1,"(150, 150)",6731,-0.00041139904652252597,0.513059932523848,0.0007710159487745483,0.5173691165579649,28052,11948,0.70
oscillations,0.75,15,3,-17.0,8.65,q2,"(150, 50)",2188,0.008797467869545323,0.49686886705389877,0.0007710159487745483,0.5173691165579649,28052,11948,0.70
oscillations,0.75,15,3,-17.0,8.65,q3,"(50, 150)",2288,-0.004422089095358036,0.5376671296287258,0.0007710159487745483,0.5173691165579649,28052,11948,0.70
oscillations,0.75,15,3,-17.0,8.65,q4,"(50, 50)",741,0.0038462964773487906,0.5504360240318368,0.0007710159487745483,0.5173691165579649,28052,11948,0.70
oscillations,0.75,16,3,-17.0,8.65,q1,"(150, 150)",6673,-0.008512520078841509,0.5362291526770205,0.0008292781466784958,0.5362106209026489,28056,11944,0.70
oscillations,0.75,16,3,-17.0,8.65,q2,"(150, 50)",2279,0.02715442185006933,0.5105700516064292,0.0008292781466784958,0.5362106209026489,28056,11944,0.70
oscillations,0.75,16,3,-17.0,8.65,q3,"(50, 150)",2292,-0.00433034523851463,0.5622715244181598,0.0008292781466784958,0.5362106209026489,28056,11944,0.70
oscillations,0.75,16,3,-17.0,8.65,q4,"(50, 50)",700,0.021070240800578396,0.5266844063000802,0.0008292781466784958,0.5362106209026489,28056,11944,0.70
oscillations,0.75,17,3,-17.0,8.65,q1,"(150, 150)",6699,0.003006062273064252,0.5203965601081435,-1.2375766424854793e-06,0.5255443390762837,28060,11940,0.70
oscillations,0.75,17,3,-17.0,8.65,q2,"(150, 50)",2265,-0.010337214140240747,0.5005482499693448,-1.2375766424854793e-06,0.5255443390762837,28060,11940,0.70
oscillations,0.75,17,3,-17.0,8.65,q3,"(50, 150)",2261,0.0006848284897470301,0.5612356946184017,-1.2375766424854793e-06,0.5255443390762837,28060,11940,0.70
oscillations,0.75,17,3,-17.0,8.65,q4,"(50, 50)",715,0.0023958111607812107,0.5336698629932263,-1.2375766424854793e-06,0.5255443390762837,28060,11940,0.70
oscillations,0.75,18,3,-17.0,8.65,q1,"(150, 150)",6693,-0.0011229448232435713,0.5221632743333018,0.0011849554833979466,0.5269679048422913,28052,11948,0.70
oscillations,0.75,18,3,-17.0,8.65,q2,"(150, 50)",2259,0.006110261258317786,0.5267992819731278,0.0011849554833979466,0.5269679048422913,28052,11948,0.70
oscillations,0.75,18,3,-17.0,8.65,q3,"(50, 150)",2251,0.006259402600486696,0.5359656630261986,0.0011849554833979466,0.5269679048422913,28052,11948,0.70
oscillations,0.75,18,3,-17.0,8.65,q4,"(50, 50)",745,-0.008348023649164482,0.5425231903583526,0.0011849554833979466,0.5269679048422913,28052,11948,0.70
oscillations,0.75,19,3,-17.0,8.65,q1,"(150, 150)",6631,-0.0030392811251889517,0.5355270121005978,0.0005083494866559706,0.5252211747732033,28059,11941,0.70
oscillations,0.75,19,3,-17.0,8.65,q2,"(150, 50)",2274,0.008473061754784501,0.483457679190758,0.0005083494866559706,0.5252211747732033,28059,11941,0.70
oscillations,0.75,19,3,-17.0,8.65,q3,"(50, 150)",2282,0.005909444138666594,0.5362819780639595,0.0005083494866559706,0.5252211747732033,28059,11941,0.70
oscillations,0.75,19,3,-17.0,8.65,q4,"(50, 50)",754,-0.008659707683727126,0.5203429279992198,0.0005083494866559706,0.5252211747732033,28059,11941,0.70
oscillations,0.75,20,3,-17.0,8.65,q1,"(150, 150)",6795,0.004347392011710998,0.5403596110797289,0.0019017617094526731,0.5368159911221352,28071,11929,0.70
oscillations,0.75,20,3,-17.0,8.65,q2,"(150, 50)",2189,-0.002416436931425366,0.49238892065276685,0.0019017617094526731,0.5368159911221352,28071,11929,0.70
oscillations,0.75,20,3,-17.0,8.65,q3,"(50, 150)",2228,0.007171474006458414,0.566794964254559,0.0019017617094526731,0.5368159911221352,28071,11929,0.70
oscillations,0.75,20,3,-17.0,8.65,q4,"(50, 50)",717,-0.02446705290239123,0.5365539522511185,0.0019017617094526731,0.5368159911221352,28071,11929,0.70
oscillations,0.75,21,3,-17.0,8.65,q1,"(150, 150)",6783,0.00017254622009308233,0.5231364444076706,0.0013470414979446647,0.5374987770512529,28067,11933,0.70
oscillations,0.75,21,3,-17.0,8.65,q2,"(150, 50)",2212,0.0014323729922826288,0.520699834727684,0.0013470414979446647,0.5374987770512529,28067,11933,0.70
oscillations,0.75,21,3,-17.0,8.65,q3,"(50, 150)",2206,0.0008028128520586669,0.5811874500703598,0.0013470414979446647,0.5374987770512529,28067,11933,0.70
oscillations,0.75,21,3,-17.0,8.65,q4,"(50, 50)",732,0.013612637941955878,0.5799366906578548,0.0013470414979446647,0.5374987770512529,28067,11933,0.70
oscillations,0.75,22,3,-17.0,8.65,q1,"(150, 150)",6710,0.0009110363213607781,0.5473126011975422,0.0008489904677792009,0.5490115883300423,28067,11933,0.70
oscillations,0.75,22,3,-17.0,8.65,q2,"(150, 50)",2228,0.001073650697484419,0.532814899344061,0.0008489904677792009,0.5490115883300423,28067,11933,0.70
oscillations,0.75,22,3,-17.0,8.65,q3,"(50, 150)",2287,-0.007310265077511088,0.5685035386014721,0.0008489904677792009,0.5490115883300423,28067,11933,0.70
oscillations,0.75,22,3,-17.0,8.65,q4,"(50, 50)",708,0.025910214708970248,0.5504550194017765,0.0008489904677792009,0.5490115883300423,28067,11933,0.70
oscillations,0.75,23,3,-17.0,8.65,q1,"(150, 150)",6660,-0.0009895645717598836,0.5413782587197558,0.001014006046613988,0.5373117887571134,28052,11948,0.70
oscillations,0.75,23,3,-17.0,8.65,q2,"(150, 50)",2274,0.0055377687361130214,0.5008372013844217,0.001014006046613988,0.5373117887571134,28052,11948,0.70
oscillations,0.75,23,3,-17.0,8.65,q3,"(50, 150)",2266,-0.0020270441181408977,0.5790739148764724,0.001014006046613988,0.5373117887571134,28052,11948,0.70
oscillations,0.75,23,3,-17.0,8.65,q4,"(50, 50)",748,0.01431315529231417,0.47246468990265733,0.001014006046613988,0.5373117887571134,28052,11948,0.70
oscillations,0.75,24,3,-17.0,8.65,q1,"(150, 150)",6743,-0.0006689021009895885,0.5282696397593548,0.001008279142077394,0.5341795312086125,28051,11949,0.70
oscillations,0.75,24,3,-17.0,8.65,q2,"(150, 50)",2268,0.003284117544325728,0.5098287400148654,0.001008279142077394,0.5341795312086125,28051,11949,0.70
oscillations,0.75,24,3,-17.0,8.65,q3,"(50, 150)",2227,0.005499939620668468,0.5714280803794185,0.001008279142077394,0.5341795312086125,28051,11949,0.70
oscillations,0.75,24,3,-17.0,8.65,q4,"(50, 50)",711,-0.004414078467094051,0.5448517105057964,0.001008279142077394,0.5341795312086125,28051,11949,0.70
oscillations,0.75,25,3,-17.0,8.65,q1,"(150, 150)",6715,-0.00016351958984162603,0.5342020861976272,-0.0010779663205175158,0.5350764511316207,28064,11936,0.70
oscillations,0.75,25,3,-17.0,8.65,q2,"(150, 50)",2296,0.001639672415342547,0.487353497645191,-0.0010779663205175158,0.5350764511316207,28064,11936,0.70
oscillations,0.75,25,3,-17.0,8.65,q3,"(50, 150)",2196,-0.017870063421906716,0.5958310738153408,-0.0010779663205175158,0.5350764511316207,28064,11936,0.70
oscillations,0.75,25,3,-17.0,8.65,q4,"(50, 50)",729,0.03252318169131699,0.48950306473564303,-0.0010779663205175158,0.5350764511316207,28064,11936,0.70
oscillations,0.75,26,3,-17.0,8.65,q1,"(150, 150)",6670,-0.005560436883663827,0.5244496682731657,-0.00018782642157392856,0.5249504745305148,28060,11940,0.70
oscillations,0.75,26,3,-17.0,8.65,q2,"(150, 50)",2251,0.016101913093656283,0.4980670255040749,-0.00018782642157392856,0.5249504745305148,28060,11940,0.70
oscillations,0.75,26,3,-17.0,8.65,q3,"(50, 150)",2290,0.004651479188979663,0.5657346345402879,-0.00018782642157392856,0.5249504745305148,28060,11940,0.70
oscillations,0.75,26,3,-17.0,8.65,q4,"(50, 50)",729,-0.016531998869874748,0.47344012706904787,-0.00018782642157392856,0.5249504745305148,28060,11940,0.70
oscillations,0.75,27,3,-17.0,8.65,q1,"(150, 150)",6748,-0.0028975720649790956,0.5129198025338355,-0.0004812665779582162,0.5284961805469951,28058,11942,0.70
oscillations,0.75,27,3,-17.0,8.65,q2,"(150, 50)",2227,0.00850737154323167,0.5331557811853584,-0.0004812665779582162,0.5284961805469951,28058,11942,0.70
oscillations,0.75,27,3,-17.0,8.65,q3,"(50, 150)",2229,-0.016208325950223944,0.5635689010054507,-0.0004812665779582162,0.5284961805469951,28058,11942,0.70
oscillations,0.75,27,3,-17.0,8.65,q4,"(50, 50)",738,0.04198912322056118,0.5423764556909496,-0.0004812665779582162,0.5284961805469951,28058,11942,0.70
oscillations,0.75,28,3,-17.0,8.65,q1,"(150, 150)",6677,-0.0004015627277647112,0.5270934495565006,-0.0008543539680643691,0.5254184012637163,28051,11949,0.70
oscillations,0.75,28,3,-17.0,8.65,q2,"(150, 50)",2278,-0.0045025043011961705,0.49774314206307485,-0.0008543539680643691,0.5254184012637163,28051,11949,0.70
oscillations,0.75,28,3,-17.0,8.65,q3,"(50, 150)",2227,-0.009346669638642497,0.560871833136086,-0.0008543539680643691,0.5254184012637163,28051,11949,0.70
oscillations,0.75,28,3,-17.0,8.65,q4,"(50, 50)",767,0.03069660606553526,0.48140205403907504,-0.0008543539680643691,0.5254184012637163,28051,11949,0.70
oscillations,0.75,29,3,-17.0,8.65,q1,"(150, 150)",6653,-0.0002222029143130654,0.5305346360673556,0.0005104232315940116,0.5245233863215863,28063,11937,0.70
oscillations,0.75,29,3,-17.0,8.65,q2,"(150, 50)",2265,0.0018887148235392146,0.5023836322202988,0.0005104232315940116,0.5245233863215863,28063,11937,0.70
oscillations,0.75,29,3,-17.0,8.65,q3,"(50, 150)",2287,-0.0037584833708537717,0.5385138884125064,0.0005104232315940116,0.5245233863215863,28063,11937,0.70
oscillations,0.75,29,3,-17.0,8.65,q4,"(50, 50)",732,0.01624173565339998,0.49096824700975517,0.0005104232315940116,0.5245233863215863,28063,11937,0.70
oscillations,0.75,30,3,-17.0,8.65,q1,"(150, 150)",6729,-0.004754323840925534,0.5289366611032775,-0.0006265676855972478,0.5312990737403263,28052,11948,0.70
oscillations,0.75,30,3,-17.0,8.65,q2,"(150, 50)",2259,0.013645765965542235,0.5118422437913899,-0.0006265676855972478,0.5312990737403263,28052,11948,0.70
oscillations,0.75,30,3,-17.0,8.65,q3,"(50, 150)",2251,-0.017623878451860187,0.5591622585716725,-0.0006265676855972478,0.5312990737403263,28052,11948,0.70
oscillations,0.75,30,3,-17.0,8.65,q4,"(50, 50)",709,0.04703974541191732,0.5198583704494312,-0.0006265676855972478,0.5312990737403263,28052,11948,0.70
oscillations,0.75,31,3,-17.0,8.65,q1,"(150, 150)",6729,-0.0015613866722397412,0.5240303640213989,0.0010431129156862032,0.5346114211517942,28057,11943,0.70
oscillations,0.75,31,3,-17.0,8.65,q2,"(150, 50)",2206,0.007446518113812432,0.5440076163042028,0.0010431129156862032,0.5346114211517942,28057,11943,0.70
oscillations,0.75,31,3,-17.0,8.65,q3,"(50, 150)",2251,-0.007779673593675152,0.5597055003938806,0.0010431129156862032,0.5346114211517942,28057,11943,0.70
oscillations,0.75,31,3,-17.0,8.65,q4,"(50, 50)",757,0.03176947789938452,0.5223345292580077,0.0010431129156862032,0.5346114211517942,28057,11943,0.70
oscillations,0.75,32,3,-17.0,8.65,q1,"(150, 150)",6613,0.0007490807037833442,0.538875086620295,-0.0004485739845257781,0.5349681208949899,28054,11946,0.70
oscillations,0.75,32,3,-17.0,8.65,q2,"(150, 50)",2269,-0.0009663735795649317,0.5134522122544208,-0.0004485739845257781,0.5349681208949899,28054,11946,0.70
oscillations,0.75,32,3,-17.0,8.65,q3,"(50, 150)",2333,-0.0117672485406145,0.5569460918493051,-0.0004485739845257781,0.5349681208949899,28054,11946,0.70
oscillations,0.75,32,3,-17.0,8.65,q4,"(50, 50)",731,0.026447820771576307,0.4904269563893921,-0.0004485739845257781,0.5349681208949899,28054,11946,0.70
oscillations,0.75,33,3,-17.0,8.65,q1,"(150, 150)",6681,-0.002838819408303134,0.5451672425563014,0.0018508826572162726,0.5329755859601318,28057,11943,0.70
oscillations,0.75,33,3,-17.0,8.65,q2,"(150, 50)",2204,0.01727274590560925,0.482410436259508,0.0018508826572162726,0.5329755859601318,28057,11943,0.70
oscillations,0.75,33,3,-17.0,8.65,q3,"(50, 150)",2314,-0.0063266115744093805,0.5550397541858102,0.0018508826572162726,0.5329755859601318,28057,11943,0.70
oscillations,0.75,33,3,-17.0,8.65,q4,"(50, 50)",744,0.023712219421004987,0.4918066470585619,0.0018508826572162726,0.5329755859601318,28057,11943,0.70
oscillations,0.75,34,3,-17.0,8.65,q1,"(150, 150)",6653,-0.0011611100143204373,0.538259525849712,0.00028088796209517383,0.533947624744571,28052,11948,0.70
oscillations,0.75,34,3,-17.0,8.65,q2,"(150, 50)",2275,0.0016777014496184447,0.5054006491382587,0.00028088796209517383,0.533947624744571,28052,11948,0.70
oscillations,0.75,34,3,-17.0,8.65,q3,"(50, 150)",2261,-0.0009597533632116396,0.5453209699608152,0.00028088796209517383,0.533947624744571,28052,11948,0.70
oscillations,0.75,34,3,-17.0,8.65,q4,"(50, 50)",759,0.012429704680799165,0.5447618155775618,0.00028088796209517383,0.533947624744571,28052,11948,0.70
oscillations,0.75,35,3,-17.0,8.65,q1,"(150, 150)",6690,-0.005997311180050561,0.5224474939726348,-0.0014434010738298801,0.5314034388352028,28051,11949,0.70
oscillations,0.75,35,3,-17.0,8.65,q2,"(150, 50)",2252,0.01280751437600478,0.5136423394198101,-0.0014434010738298801,0.5314034388352028,28051,11949,0.70
oscillations,0.75,35,3,-17.0,8.65,q3,"(50, 150)",2216,-0.011204043560143448,0.5646766903249972,-0.0014434010738298801,0.5314034388352028,28051,11949,0.70
oscillations,0.75,35,3,-17.0,8.65,q4,"(50, 50)",791,0.023843805964424963,0.5578775282410524,-0.0014434010738298801,0.5314034388352028,28051,11949,0.70
oscillations,0.75,36,3,-17.0,8.65,q1,"(150, 150)",6712,0.0008898753687980135,0.5492621415383347,0.0010630319152838553,0.5395197389330895,28059,11941,0.70
oscillations,0.75,36,3,-17.0,8.65,q2,"(150, 50)",2238,0.0019145938220149015,0.49357136387315037,0.0010630319152838553,0.5395197389330895,28059,11941,0.70
oscillations,0.75,36,3,-17.0,8.65,q3,"(50, 150)",2271,-0.008522819394949583,0.5666653455062234,0.0010630319152838553,0.5395197389330895,28059,11941,0.70
oscillations,0.75,36,3,-17.0,8.65,q4,"(50, 50)",720,0.03026567013512972,0.4938499893979544,0.0010630319152838553,0.5395197389330895,28059,11941,0.70
oscillations,0.75,37,3,-17.0,8.65,q1,"(150, 150)",6655,-0.0018861269184669998,0.5416667708206854,-0.00018439485178747304,0.5411087701969067,28057,11943,0.70
oscillations,0.75,37,3,-17.0,8.65,q2,"(150, 50)",2290,0.005429698671312992,0.5081245086750683,-0.00018439485178747304,0.5411087701969067,28057,11943,0.70
oscillations,0.75,37,3,-17.0,8.65,q3,"(50, 150)",2276,-0.0031469416936358552,0.5729563638949522,-0.00018439485178747304,0.5411087701969067,28057,11943,0.70
oscillations,0.75,37,3,-17.0,8.65,q4,"(50, 50)",722,0.007033762139762528,0.5338024558752207,-0.00018439485178747304,0.5411087701969067,28057,11943,0.70
oscillations,0.75,38,3,-17.0,8.65,q1,"(150, 150)",6704,0.0023981810576608714,0.5345290194751746,0.0013120143061519528,0.5406718873082533,28069,11931,0.70
oscillations,0.75,38,3,-17.0,8.65,q2,"(150, 50)",2178,-0.0007569003782682913,0.5380945301373357,0.0013120143061519528,0.5406718873082533,28069,11931,0.70
oscillations,0.75,38,3,-17.0,8.65,q3,"(50, 150)",2301,0.004004123378775197,0.5564413363561197,0.0013120143061519528,0.5406718873082533,28069,11931,0.70
oscillations,0.75,38,3,-17.0,8.65,q4,"(50, 50)",748,-0.01068010961838626,0.5533604962455846,0.0013120143061519528,0.5406718873082533,28069,11931,0.70
oscillations,0.75,39,3,-17.0,8.65,q1,"(150, 150)",6730,-0.0052146524450048665,0.5073993477707152,-0.001471486892568692,0.5242721013292507,28063,11937,0.70
oscillations,0.75,39,3,-17.0,8.65,q2,"(150, 50)",2270,0.007769939345947857,0.5321965943999224,-0.001471486892568692,0.5242721013292507,28063,11937,0.70
oscillations,0.75,39,3,-17.0,8.65,q3,"(50, 150)",2206,-0.0009321395869078299,0.5661527373436736,-0.001471486892568692,0.5242721013292507,28063,11937,0.70
oscillations,0.75,39,3,-17.0,8.65,q4,"(50, 50)",731,0.002664855720529785,0.5204767161124657,-0.001471486892568692,0.5242721013292507,28063,11937,0.70
oscillations,0.75,40,3,-17.0,8.65,q1,"(150, 150)",6658,0.0022302859993026994,0.5230681697633248,0.0007560267663168516,0.5355682556880537,28068,11932,0.70
oscillations,0.75,40,3,-17.0,8.65,q2,"(150, 50)",2286,0.0009537192838852169,0.5502811836411636,0.0007560267663168516,0.5355682556880537,28068,11932,0.70
oscillations,0.75,40,3,-17.0,8.65,q3,"(50, 150)",2278,-0.012102349000530609,0.555625393946951,0.0007560267663168516,0.5355682556880537,28068,11932,0.70
oscillations,0.75,40,3,-17.0,8.65,q4,"(50, 50)",710,0.027550163285327365,0.5366541791058719,0.0007560267663168516,0.5355682556880537,28068,11932,0.70
oscillations,0.75,41,3,-17.0,8.65,q1,"(150, 150)",6755,-0.006439220798080138,0.5167399858289707,-0.00033516815826677675,0.5218425983909526,28064,11936,0.70
oscillations,0.75,41,3,-17.0,8.65,q2,"(150, 50)",2238,0.017977047443210548,0.4841200714092944,-0.00033516815826677675,0.5218425983909526,28064,11936,0.70
oscillations,0.75,41,3,-17.0,8.65,q3,"(50, 150)",2261,-0.007064282484439774,0.5674859393873258,-0.00033516815826677675,0.5218425983909526,28064,11936,0.70
oscillations,0.75,41,3,-17.0,8.65,q4,"(50, 50)",682,0.022340293069460716,0.5313803330664463,-0.00033516815826677675,0.5218425983909526,28064,11936,0.70
oscillations,0.75,42,3,-17.0,8.65,q1,"(150, 150)",6631,-0.0037782896825077927,0.5541572023948848,2.05158961407562e-05,0.5433559303005472,28066,11934,0.70
oscillations,0.75,42,3,-17.0,8.65,q2,"(150, 50)",2237,0.014165622945356865,0.50823173597976,2.05158961407562e-05,0.5433559303005472,28066,11934,0.70
oscillations,0.75,42,3,-17.0,8.65,q3,"(50, 150)",2339,-0.008449107665363305,0.5582520999366956,2.05158961407562e-05,0.5433559303005472,28066,11934,0.70
oscillations,0.75,42,3,-17.0,8.65,q4,"(50, 50)",727,0.01839427770257827,0.49664101376375014,2.05158961407562e-05,0.5433559303005472,28066,11934,0.70
oscillations,0.75,43,3,-17.0,8.65,q1,"(150, 150)",6657,-6.254573377453522e-05,0.5408135903307493,-0.0003590928943828811,0.5379914210884615,28076,11924,0.70
oscillations,0.75,43,3,-17.0,8.65,q2,"(150, 50)",2272,0.0014580642330556306,0.528565225776117,-0.0003590928943828811,0.5379914210884615,28076,11924,0.70
oscillations,0.75,43,3,-17.0,8.65,q3,"(50, 150)",2258,-0.008590290385200488,0.5504081320540755,-0.0003590928943828811,0.5379914210884615,28076,11924,0.70
oscillations,0.75,43,3,-17.0,8.65,q4,"(50, 50)",737,0.016578964761731242,0.501015971388732,-0.0003590928943828811,0.5379914210884615,28076,11924,0.70
oscillations,0.75,44,3,-17.0,8.65,q1,"(150, 150)",6697,0.004381214889312742,0.5131264186382998,0.00038207265726333296,0.5251939020758731,28054,11946,0.70
oscillations,0.75,44,3,-17.0,8.65,q2,"(150, 50)",2261,-0.011897170751448659,0.5263546121863893,0.00038207265726333296,0.5251939020758731,28054,11946,0.70
oscillations,0.75,44,3,-17.0,8.65,q3,"(50, 150)",2221,-0.005687853817710538,0.5527185856332498,0.00038207265726333296,0.5251939020758731,28054,11946,0.70
oscillations,0.75,44,3,-17.0,8.65,q4,"(50, 50)",767,0.019237901236115868,0.5428399657514191,0.00038207265726333296,0.5251939020758731,28054,11946,0.70
oscillations,0.75,45,3,-17.0,8.65,q1,"(150, 150)",6755,0.0016039058805101367,0.5299183848971232,0.00026663805734519346,0.5301372612521574,28053,11947,0.70
oscillations,0.75,45,3,-17.0,8.65,q2,"(150, 50)",2243,0.0002392865921208074,0.4769516795121837,0.00026663805734519346,0.5301372612521574,28053,11947,0.70
oscillations,0.75,45,3,-17.0,8.65,q3,"(50, 150)",2211,-0.012567788629026804,0.5879311601955367,0.00026663805734519346,0.5301372612521574,28053,11947,0.70
oscillations,0.75,45,3,-17.0,8.65,q4,"(50, 50)",738,0.026560706613696937,0.5011692884314054,0.00026663805734519346,0.5301372612521574,28053,11947,0.70
oscillations,0.75,46,3,-17.0,8.65,q1,"(150, 150)",6788,0.0007509343417577893,0.5275473539396255,0.002070322188944252,0.5323860433980628,28064,11936,0.70
oscillations,0.75,46,3,-17.0,8.65,q2,"(150, 50)",2185,0.0027556469000609225,0.49961533563934274,0.002070322188944252,0.5323860433980628,28064,11936,0.70
oscillations,0.75,46,3,-17.0,8.65,q3,"(50, 150)",2273,0.0032960074908743764,0.5646657458934633,0.002070322188944252,0.5323860433980628,28064,11936,0.70
oscillations,0.75,46,3,-17.0,8.65,q4,"(50, 50)",690,0.008842188162313242,0.5694371963170639,0.002070322188944252,0.5323860433980628,28064,11936,0.70
oscillations,0.75,47,3,-17.0,8.65,q1,"(150, 150)",6717,-0.0019281722886940987,0.5602807469025688,-0.00027614152280096586,0.5423139305555311,28066,11934,0.70
oscillations,0.75,47,3,-17.0,8.65,q2,"(150, 50)",2279,0.008637784843044465,0.4831385611961024,-0.00027614152280096586,0.5423139305555311,28066,11934,0.70
oscillations,0.75,47,3,-17.0,8.65,q3,"(50, 150)",2234,-0.004928221500531188,0.5500999711045811,-0.00027614152280096586,0.5423139305555311,28066,11934,0.70
oscillations,0.75,47,3,-17.0,8.65,q4,"(50, 50)",704,0.0013923231604259891,0.5236277603872138,-0.00027614152280096586,0.5423139305555311,28066,11934,0.70
oscillations,0.75,48,3,-17.0,8.65,q1,"(150, 150)",6755,0.002906160596351635,0.5273733349514783,0.0011153429372049214,0.5337988260095381,28060,11940,0.70
oscillations,0.75,48,3,-17.0,8.65,q2,"(150, 50)",2244,0.0008084693450450326,0.49860331608027003,0.0011153429372049214,0.5337988260095381,28060,11940,0.70
oscillations,0.75,48,3,-17.0,8.65,q3,"(50, 150)",2215,-0.010887122418020593,0.5822896005317962,0.0011153429372049214,0.5337988260095381,28060,11940,0.70
oscillations,0.75,48,3,-17.0,8.65,q4,"(50, 50)",726,0.0220204556301736,0.542835122083158,0.0011153429372049214,0.5337988260095381,28060,11940,0.70
oscillations,0.75,49,3,-17.0,8.65,q1,"(150, 150)",6657,-0.0064976152744613885,0.5368352171116364,0.0008854259712380361,0.5398878939222206,28081,11919,0.70
oscillations,0.75,49,3,-17.0,8.65,q2,"(150, 50)",2290,0.01897000324273266,0.5053820845027659,0.0008854259712380361,0.5398878939222206,28081,11919,0.70
oscillations,0.75,49,3,-17.0,8.65,q3,"(50, 150)",2255,-0.0030464726471217387,0.5824048776020417,0.0008854259712380361,0.5398878939222206,28081,11919,0.70
oscillations,0.75,49,3,-17.0,8.65,q4,"(50, 50)",717,0.02403975652256259,0.5338406872786722,0.0008854259712380361,0.5398878939222206,28081,11919,0.70
oscillations,0.75,0,4,-22.0,7.18,q1,"(150, 150)",6736,7.67255802042607e-05,0.5443969517864049,-4.481066452071401e-05,0.5502844050615094,28059,11941,0.70
oscillations,0.75,0,4,-22.0,7.18,q2,"(150, 50)",2215,-0.0004073059695553503,0.5364195778264013,-4.481066452071401e-05,0.5502844050615094,28059,11941,0.70
oscillations,0.75,0,4,-22.0,7.18,q3,"(50, 150)",2233,-0.009353475384351155,0.5840272967807991,-4.481066452071401e-05,0.5502844050615094,28059,11941,0.70
oscillations,0.75,0,4,-22.0,7.18,q4,"(50, 50)",757,0.027393111760268787,0.538827552971665,-4.481066452071401e-05,0.5502844050615094,28059,11941,0.70
oscillations,0.75,1,4,-22.0,7.18,q1,"(150, 150)",6718,-0.00458846807993658,0.5370887625035893,-5.304312886524391e-06,0.5477237420158121,28054,11946,0.70
oscillations,0.75,1,4,-22.0,7.18,q2,"(150, 50)",2226,0.012291585112860697,0.5252942171143327,-5.304312886524391e-06,0.5477237420158121,28054,11946,0.70
oscillations,0.75,1,4,-22.0,7.18,q3,"(50, 150)",2253,-0.001899819260822594,0.5885466931390178,-5.304312886524391e-06,0.5477237420158121,28054,11946,0.70
oscillations,0.75,1,4,-22.0,7.18,q4,"(50, 50)",749,0.010255257106377733,0.5785529531786855,-5.304312886524391e-06,0.5477237420158121,28054,11946,0.70
oscillations,0.75,2,4,-22.0,7.18,q1,"(150, 150)",6743,0.0020370359849682987,0.5186504614849703,0.0012154971139765331,0.5333331753710991,28065,11935,0.70
oscillations,0.75,2,4,-22.0,7.18,q2,"(150, 50)",2219,0.0020826421880004585,0.538886334317827,0.0012154971139765331,0.5333331753710991,28065,11935,0.70
oscillations,0.75,2,4,-22.0,7.18,q3,"(50, 150)",2235,-0.0031232035820506344,0.556763854899246,0.0012154971139765331,0.5333331753710991,28065,11935,0.70
oscillations,0.75,2,4,-22.0,7.18,q4,"(50, 50)",738,0.00424146531081145,0.5746672433017459,0.0012154971139765331,0.5333331753710991,28065,11935,0.70
oscillations,0.75,3,4,-22.0,7.18,q1,"(150, 150)",6740,-0.0013768147385412298,0.5181598434686415,0.0009309956884014962,0.5479207079170134,28055,11945,0.70
oscillations,0.75,3,4,-22.0,7.18,q2,"(150, 50)",2243,0.00819294659114764,0.5861550954686043,0.0009309956884014962,0.5479207079170134,28055,11945,0.70
oscillations,0.75,3,4,-22.0,7.18,q3,"(50, 150)",2223,0.00439289897167824,0.5830093239607483,0.0009309956884014962,0.5479207079170134,28055,11945,0.70
oscillations,0.75,3,4,-22.0,7.18,q4,"(50, 50)",739,-0.010475938812261342,0.5815776092917757,0.0009309956884014962,0.5479207079170134,28055,11945,0.70
oscillations,0.75,4,4,-22.0,7.18,q1,"(150, 150)",6766,-0.0038148589985683595,0.5219940193166147,0.0014570260272228647,0.5322936720273566,28061,11939,0.70
oscillations,0.75,4,4,-22.0,7.18,q2,"(150, 50)",2217,0.01701957983434063,0.5367256193818377,0.0014570260272228647,0.5322936720273566,28061,11939,0.70
oscillations,0.75,4,4,-22.0,7.18,q3,"(50, 150)",2222,0.001589002498220521,0.5653549004315434,0.0014570260272228647,0.5322936720273566,28061,11939,0.70
oscillations,0.75,4,4,-22.0,7.18,q4,"(50, 50)",734,0.0026479532418911783,0.5082082171962095,0.0014570260272228647,0.5322936720273566,28061,11939,0.70
oscillations,0.75,5,4,-22.0,7.18,q1,"(150, 150)",6665,-0.004089874980866688,0.5294342266267703,-0.0007719970079675345,0.5416598828299599,28055,11945,0.70
oscillations,0.75,5,4,-22.0,7.18,q2,"(150, 50)",2268,0.007320793190998775,0.5522338094801885,-0.0007719970079675345,0.5416598828299599,28055,11945,0.70
oscillations,0.75,5,4,-22.0,7.18,q3,"(50, 150)",2240,0.0013219325080303466,0.5685070041898675,-0.0007719970079675345,0.5416598828299599,28055,11945,0.70
oscillations,0.75,5,4,-22.0,7.18,q4,"(50, 50)",772,-0.0019782063314364175,0.5344957148757137,-0.0007719970079675345,0.5416598828299599,28055,11945,0.70
oscillations,0.75,6,4,-22.0,7.18,q1,"(150, 150)",6719,0.0036302593230637574,0.5252539409074652,0.0008185467990934517,0.544805301026493,28054,11946,0.70
oscillations,0.75,6,4,-22.0,7.18,q2,"(150, 50)",2245,-0.008916025299518826,0.5319348455958138,0.0008185467990934517,0.544805301026493,28054,11946,0.70
oscillations,0.75,6,4,-22.0,7.18,q3,"(50, 150)",2262,-0.012474884488547892,0.5989170125139622,0.0008185467990934517,0.544805301026493,28054,11946,0.70
oscillations,0.75,6,4,-22.0,7.18,q4,"(50, 50)",720,0.04669626830669455,0.5812012024463571,0.0008185467990934517,0.544805301026493,28054,11946,0.70
oscillations,0.75,7,4,-22.0,7.18,q1,"(150, 150)",6769,0.0016404521439059329,0.5379945188123373,0.0014345080983228196,0.5472523682497525,28059,11941,0.70
oscillations,0.75,7,4,-22.0,7.18,q2,"(150, 50)",2216,0.0008401203878855678,0.544564498059576,0.0014345080983228196,0.5472523682497525,28059,11941,0.70
oscillations,0.75,7,4,-22.0,7.18,q3,"(50, 150)",2229,-0.008513964514966221,0.5768906100650424,0.0014345080983228196,0.5472523682497525,28059,11941,0.70
oscillations,0.75,7,4,-22.0,7.18,q4,"(50, 50)",727,0.03183103268814142,0.5464390760135424,0.0014345080983228196,0.5472523682497525,28059,11941,0.70
oscillations,0.75,8,4,-22.0,7.18,q1,"(150, 150)",6647,-0.0009654098874347417,0.5493875581792229,0.0009638446466824844,0.5527806861712925,28064,11936,0.70
oscillations,0.75,8,4,-22.0,7.18,q2,"(150, 50)",2211,0.009198800444926205,0.5440452259108828,0.0009638446466824844,0.5527806861712925,28064,11936,0.70
oscillations,0.75,8,4,-22.0,7.18,q3,"(50, 150)",2308,-0.01746924354303528,0.5641145458332972,0.0009638446466824844,0.5527806861712925,28064,11936,0.70
oscillations,0.75,8,4,-22.0,7.18,q4,"(50, 50)",770,0.049223370828797984,0.569073385425814,0.0009638446466824844,0.5527806861712925,28064,11936,0.70
oscillations,0.75,9,4,-22.0,7.18,q1,"(150, 150)",6731,-0.00015930056462534861,0.513645414763629,0.0019091539593462186,0.5346273266202662,28057,11943,0.70
oscillations,0.75,9,4,-22.0,7.18,q2,"(150, 50)",2262,0.008946452616161529,0.5598974288570975,0.0019091539593462186,0.5346273266202662,28057,11943,0.70
oscillations,0.75,9,4,-22.0,7.18,q3,"(50, 150)",2216,-0.0036972877599130752,0.5585988358549777,0.0019091539593462186,0.5346273266202662,28057,11943,0.70
oscillations,0.75,9,4,-22.0,7.18,q4,"(50, 50)",734,0.016116609938930663,0.5680497285155591,0.0019091539593462186,0.5346273266202662,28057,11943,0.70
oscillations,0.75,10,4,-22.0,7.18,q1,"(150, 150)",6705,0.0037101406226133747,0.521952620072371,0.00054634172367758,0.5276992247466854,28071,11929,0.70
oscillations,0.75,10,4,-22.0,7.18,q2,"(150, 50)",2258,-0.004204467270753437,0.5212166065942959,0.00054634172367758,0.5276992247466854,28071,11929,0.70
oscillations,0.75,10,4,-22.0,7.18,q3,"(50, 150)",2269,-0.007893702116229778,0.5352891209051476,0.00054634172367758,0.5276992247466854,28071,11929,0.70
oscillations,0.75,10,4,-22.0,7.18,q4,"(50, 50)",697,0.012977496049087217,0.5759346144193535,0.00054634172367758,0.5276992247466854,28071,11929,0.70
oscillations,0.75,11,4,-22.0,7.18,q1,"(150, 150)",6688,-0.002621369966832975,0.5387638880916712,0.001108102160276858,0.5421322622652288,28064,11936,0.70
oscillations,0.75,11,4,-22.0,7.18,q2,"(150, 50)",2245,0.012262660868093014,0.5219422956706524,0.001108102160276858,0.5421322622652288,28064,11936,0.70
oscillations,0.75,11,4,-22.0,7.18,q3,"(50, 150)",2247,-0.0059144181111165164,0.5769518696767322,0.001108102160276858,0.5421322622652288,28064,11936,0.70
oscillations,0.75,11,4,-22.0,7.18,q4,"(50, 50)",756,0.021849277209065494,0.5225214472254599,0.001108102160276858,0.5421322622652288,28064,11936,0.70
oscillations,0.75,12,4,-22.0,7.18,q1,"(150, 150)",6677,0.004856564092437279,0.5319950682799635,0.0004830808808644602,0.5385102245341552,28070,11930,0.70
oscillations,0.75,12,4,-22.0,7.18,q2,"(150, 50)",2265,-0.011492101011300078,0.5161979621753037,0.0004830808808644602,0.5385102245341552,28070,11930,0.70
oscillations,0.75,12,4,-22.0,7.18,q3,"(50, 150)",2216,0.002628483745968258,0.5720781585507506,0.0004830808808644602,0.5385102245341552,28070,11930,0.70
oscillations,0.75,12,4,-22.0,7.18,q4,"(50, 50)",772,-0.008366884361349346,0.5582746069485998,0.0004830808808644602,0.5385102245341552,28070,11930,0.70
oscillations,0.75,13,4,-22.0,7.18,q1,"(150, 150)",6738,-0.0028194656379968326,0.5238763337262263,0.0008373741792701236,0.5389181798164666,28059,11941,0.70
oscillations,0.75,13,4,-22.0,7.18,q2,"(150, 50)",2227,0.010871065564120375,0.5441037003382853,0.0008373741792701236,0.5389181798164666,28059,11941,0.70
oscillations,0.75,13,4,-22.0,7.18,q3,"(50, 150)",2247,-0.009440964455704578,0.5774354783650105,0.0008373741792701236,0.5389181798164666,28059,11941,0.70
oscillations,0.75,13,4,-22.0,7.18,q4,"(50, 50)",729,0.03566615728965612,0.5352849180178852,0.0008373741792701236,0.5389181798164666,28059,11941,0.70
oscillations,0.75,14,4,-22.0,7.18,q1,"(150, 150)",6704,-0.0006652286288768698,0.5453404734077407,0.0021718112562369046,0.5437382456337383,28058,11942,0.70
oscillations,0.75,14,4,-22.0,7.18,q2,"(150, 50)",2210,0.011382762275574531,0.5349195957742842,0.0021718112562369046,0.5437382456337383,28058,11942,0.70
oscillations,0.75,14,4,-22.0,7.18,q3,"(50, 150)",2293,0.00015477347809973816,0.541671482203548,0.0021718112562369046,0.5437382456337383,28058,11942,0.70
oscillations,0.75,14,4,-22.0,7.18,q4,"(50, 50)",735,0.006645799368257483,0.5612256748675774,0.0021718112562369046,0.5437382456337383,28058,11942,0.70
oscillations,0.75,15,4,-22.0,7.18,q1,"(150, 150)",6623,-0.0016918926459291528,0.5406605092761556,0.00028994400458137525,0.5373657668380581,28059,11941,0.70
oscillations,0.75,15,4,-22.0,7.18,q2,"(150, 50)",2316,0.005021455367411055,0.5374373285231083,0.00028994400458137525,0.5373657668380581,28059,11941,0.70
oscillations,0.75,15,4,-22.0,7.18,q3,"(50, 150)",2267,0.0006001235321184034,0.5366488381361254,0.00028994400458137525,0.5373657668380581,28059,11941,0.70
oscillations,0.75,15,4,-22.0,7.18,q4,"(50, 50)",735,0.0022822526183109856,0.5087035531146922,0.00028994400458137525,0.5373657668380581,28059,11941,0.70
oscillations,0.75,16,4,-22.0,7.18,q1,"(150, 150)",6647,0.0025663916009368596,0.5187293949188126,0.0005907358889351591,0.5328657714962497,28055,11945,0.70
oscillations,0.75,16,4,-22.0,7.18,q2,"(150, 50)",2292,-0.006136177111847586,0.5553715442023517,0.0005907358889351591,0.5328657714962497,28055,11945,0.70
oscillations,0.75,16,4,-22.0,7.18,q3,"(50, 150)",2214,-0.004191065033121864,0.5328724802672132,0.0005907358889351591,0.5328657714962497,28055,11945,0.70
oscillations,0.75,16,4,-22.0,7.18,q4,"(50, 50)",792,0.016844281749481837,0.5807927849813391,0.0005907358889351591,0.5328657714962497,28055,11945,0.70
oscillations,0.75,17,4,-22.0,7.18,q1,"(150, 150)",6725,0.0007289164187531474,0.5267755081273207,-0.00010596812479404966,0.5398504584831506,28057,11943,0.70
oscillations,0.75,17,4,-22.0,7.18,q2,"(150, 50)",2250,-0.0050814224237927825,0.5349942438172722,-0.00010596812479404966,0.5398504584831506,28057,11943,0.70
oscillations,0.75,17,4,-22.0,7.18,q3,"(50, 150)",2243,0.0002517707835973739,0.5630311307691724,-0.00010596812479404966,0.5398504584831506,28057,11943,0.70
oscillations,0.75,17,4,-22.0,7.18,q4,"(50, 50)",725,0.006484052903992544,0.5981453381573402,-0.00010596812479404966,0.5398504584831506,28057,11943,0.70
oscillations,0.75,18,4,-22.0,7.18,q1,"(150, 150)",6708,-0.0018246491137869606,0.5264971336571299,0.0013618862326367613,0.54350633362442,28060,11940,0.70
oscillations,0.75,18,4,-22.0,7.18,q2,"(150, 50)",2257,0.009605003168795341,0.5398698381444182,0.0013618862326367613,0.54350633362442,28060,11940,0.70
oscillations,0.75,18,4,-22.0,7.18,q3,"(50, 150)",2233,-0.0006034324940724454,0.6047802382085898,0.0013618862326367613,0.54350633362442,28060,11940,0.70
oscillations,0.75,18,4,-22.0,7.18,q4,"(50, 50)",742,0.011010297143205588,0.509677155724002,0.0013618862326367613,0.54350633362442,28060,11940,0.70
oscillations,0.75,19,4,-22.0,7.18,q1,"(150, 150)",6750,0.001849178284063443,0.5468330439145501,0.0005325100645488982,0.5506333723896369,28053,11947,0.70
oscillations,0.75,19,4,-22.0,7.18,q2,"(150, 50)",2238,-0.0019131238407478033,0.5505103090160914,0.0005325100645488982,0.5506333723896369,28053,11947,0.70
oscillations,0.75,19,4,-22.0,7.18,q3,"(50, 150)",2235,-0.0022248732737587575,0.5779522054060535,0.0005325100645488982,0.5506333723896369,28053,11947,0.70
oscillations,0.75,19,4,-22.0,7.18,q4,"(50, 50)",724,0.004328877411853409,0.49724266600212946,0.0005325100645488982,0.5506333723896369,28053,11947,0.70
oscillations,0.75,20,4,-22.0,7.18,q1,"(150, 150)",6817,-0.0020216043712264517,0.5312629239899643,0.0009707552507903679,0.5430461680377378,28059,11941,0.70
oscillations,0.75,20,4,-22.0,7.18,q2,"(150, 50)",2221,0.010430724956395932,0.5230456737106727,0.0009707552507903679,0.5430461680377378,28059,11941,0.70
oscillations,0.75,20,4,-22.0,7.18,q3,"(50, 150)",2215,-0.00515851975758854,0.5905744775925483,0.0009707552507903679,0.5430461680377378,28059,11941,0.70
oscillations,0.75,20,4,-22.0,7.18,q4,"(50, 50)",688,0.01981474794075838,0.5611106448293903,0.0009707552507903679,0.5430461680377378,28059,11941,0.70
oscillations,0.75,21,4,-22.0,7.18,q1,"(150, 150)",6683,-0.0009191115974903546,0.5402128533193912,-0.0003643397216381619,0.5521828763576866,28060,11940,0.70
oscillations,0.75,21,4,-22.0,7.18,q2,"(150, 50)",2276,-0.0012061638121188525,0.538633066891571,-0.0003643397216381619,0.5521828763576866,28060,11940,0.70
oscillations,0.75,21,4,-22.0,7.18,q3,"(50, 150)",2280,-0.009574580161486004,0.5873851732393276,-0.0003643397216381619,0.5521828763576866,28060,11940,0.70
oscillations,0.75,21,4,-22.0,7.18,q4,"(50, 50)",701,0.037614091489641906,0.5876701928661128,-0.0003643397216381619,0.5521828763576866,28060,11940,0.70
oscillations,0.75,22,4,-22.0,7.18,q1,"(150, 150)",6693,-0.00015450250081854575,0.5307933661238331,0.0009045282383033079,0.5481998903015941,28057,11943,0.70
oscillations,0.75,22,4,-22.0,7.18,q2,"(150, 50)",2293,0.004710383751991146,0.5589433693955655,0.0009045282383033079,0.5481998903015941,28057,11943,0.70
oscillations,0.75,22,4,-22.0,7.18,q3,"(50, 150)",2243,0.002914178926867011,0.5764591868119995,0.0009045282383033079,0.5481998903015941,28057,11943,0.70
oscillations,0.75,22,4,-22.0,7.18,q4,"(50, 50)",714,-0.007703847742637909,0.5817173744929215,0.0009045282383033079,0.5481998903015941,28057,11943,0.70
oscillations,0.75,23,4,-22.0,7.18,q1,"(150, 150)",6678,-0.007124728403493209,0.5440001101652209,-0.0006831637787110194,0.5504388307325813,28065,11935,0.70
oscillations,0.75,23,4,-22.0,7.18,q2,"(150, 50)",2251,0.01346777618494707,0.5525474876430805,-0.0006831637787110194,0.5504388307325813,28065,11935,0.70
oscillations,0.75,23,4,-22.0,7.18,q3,"(50, 150)",2249,-0.0007534274583789588,0.5768217501472179,-0.0006831637787110194,0.5504388307325813,28065,11935,0.70
oscillations,0.75,23,4,-22.0,7.18,q4,"(50, 50)",757,0.014271956064980303,0.5183523458413856,-0.0006831637787110194,0.5504388307325813,28065,11935,0.70
oscillations,0.75,24,4,-22.0,7.18,q1,"(150, 150)",6692,-0.0010944650998621769,0.5380309054232733,-0.0021153255956436116,0.5449523988699488,28061,11939,0.70
oscillations,0.75,24,4,-22.0,7.18,q2,"(150, 50)",2298,-0.0026576032904080606,0.5440684170948064,-0.0021153255956436116,0.5449523988699488,28061,11939,0.70
oscillations,0.75,24,4,-22.0,7.18,q3,"(50, 150)",2192,-0.008185817850289786,0.5483630429852765,-0.0021153255956436116,0.5449523988699488,28061,11939,0.70
oscillations,0.75,24,4,-22.0,7.18,q4,"(50, 50)",757,0.008084244717412817,0.5959376281592456,-0.0021153255956436116,0.5449523988699488,28061,11939,0.70
oscillations,0.75,25,4,-22.0,7.18,q1,"(150, 150)",6639,0.002887427679840811,0.5341401621378643,-0.0004726699186454733,0.5357132973010297,28060,11940,0.70
oscillations,0.75,25,4,-22.0,7.18,q2,"(150, 50)",2293,-0.010140521672648018,0.5305030382914424,-0.0004726699186454733,0.5357132973010297,28060,11940,0.70
oscillations,0.75,25,4,-22.0,7.18,q3,"(50, 150)",2265,-0.010342140180028932,0.5497977420522361,-0.0004726699186454733,0.5357132973010297,28060,11940,0.70
oscillations,0.75,25,4,-22.0,7.18,q4,"(50, 50)",743,0.02942645021272862,0.520561293365354,-0.0004726699186454733,0.5357132973010297,28060,11940,0.70
oscillations,0.75,26,4,-22.0,7.18,q1,"(150, 150)",6683,-0.0014324983530592142,0.5499422021522788,-4.277218118449427e-05,0.5550059460777871,28067,11933,0.70
oscillations,0.75,26,4,-22.0,7.18,q2,"(150, 50)",2248,0.007432407234851385,0.5488225465129282,-4.277218118449427e-05,0.5550059460777871,28067,11933,0.70
oscillations,0.75,26,4,-22.0,7.18,q3,"(50, 150)",2265,-0.0029194789260555427,0.5777548883607116,-4.277218118449427e-05,0.5550059460777871,28067,11933,0.70
oscillations,0.75,26,4,-22.0,7.18,q4,"(50, 50)",737,-0.001400876039362183,0.5478831931002516,-4.277218118449427e-05,0.5550059460777871,28067,11933,0.70
oscillations,0.75,27,4,-22.0,7.18,q1,"(150, 150)",6654,0.002340140834875016,0.5487847498091082,0.001147326066145697,0.5496781975296586,28059,11941,0.70
oscillations,0.75,27,4,-22.0,7.18,q2,"(150, 50)",2229,-0.002646540609763316,0.5673762205612444,0.001147326066145697,0.5496781975296586,28059,11941,0.70
oscillations,0.75,27,4,-22.0,7.18,q3,"(50, 150)",2310,-0.001713633196540578,0.5522922715762014,0.001147326066145697,0.5496781975296586,28059,11941,0.70
oscillations,0.75,27,4,-22.0,7.18,q4,"(50, 50)",748,0.010677212759035529,0.4928451315727849,0.001147326066145697,0.5496781975296586,28059,11941,0.70
oscillations,0.75,28,4,-22.0,7.18,q1,"(150, 150)",6743,0.0016635789947216995,0.5268489774644314,-0.0004479435781064086,0.532487529793343,28057,11943,0.70
oscillations,0.75,28,4,-22.0,7.18,q2,"(150, 50)",2205,-0.01081798787390033,0.5520986294156826,-0.0004479435781064086,0.532487529793343,28057,11943,0.70
oscillations,0.75,28,4,-22.0,7.18,q3,"(50, 150)",2229,-0.00032752329387189874,0.5281936594345346,-0.0004479435781064086,0.532487529793343,28057,11943,0.70
oscillations,0.75,28,4,-22.0,7.18,q4,"(50, 50)",766,0.01046528638284261,0.5363592999359551,-0.0004479435781064086,0.532487529793343,28057,11943,0.70
oscillations,0.75,29,4,-22.0,7.18,q1,"(150, 150)",6753,-0.005443711964066516,0.5330149574554262,-0.001267101788729985,0.5354179923553013,28051,11949,0.70
oscillations,0.75,29,4,-22.0,7.18,q2,"(150, 50)",2250,0.011945511523010785,0.5262666066620948,-0.001267101788729985,0.5354179923553013,28051,11949,0.70
oscillations,0.75,29,4,-22.0,7.18,q3,"(50, 150)",2229,-0.011070466167432375,0.5428093624487768,-0.001267101788729985,0.5354179923553013,28051,11949,0.70
oscillations,0.75,29,4,-22.0,7.18,q4,"(50, 50)",717,0.027084317685131212,0.5610283332453181,-0.001267101788729985,0.5354179923553013,28051,11949,0.70
oscillations,0.75,30,4,-22.0,7.18,q1,"(150, 150)",6719,0.000270161944529815,0.5266060273048315,-0.0002449431302593642,0.532902075802307,28054,11946,0.70
oscillations,0.75,30,4,-22.0,7.18,q2,"(150, 50)",2265,-0.003428498999664202,0.5340182489642935,-0.0002449431302593642,0.532902075802307,28054,11946,0.70
oscillations,0.75,30,4,-22.0,7.18,q3,"(50, 150)",2257,-0.0076992667990957355,0.5432110783808698,-0.0002449431302593642,0.532902075802307,28054,11946,0.70
oscillations,0.75,30,4,-22.0,7.18,q4,"(50, 50)",705,0.02893827895095647,0.5542145728974733,-0.0002449431302593642,0.532902075802307,28054,11946,0.70
oscillations,0.75,31,4,-22.0,7.18,q1,"(150, 150)",6718,-0.0034028407583965455,0.5382199559229881,0.00010117604437344458,0.5456377336424456,28054,11946,0.70
oscillations,0.75,31,4,-22.0,7.18,q2,"(150, 50)",2306,0.007176782041174208,0.5186974052874775,0.00010117604437344458,0.5456377336424456,28054,11946,0.70
oscillations,0.75,31,4,-22.0,7.18,q3,"(50, 150)",2176,0.006637664914476484,0.5856997585080976,0.00010117604437344458,0.5456377336424456,28054,11946,0.70
oscillations,0.75,31,4,-22.0,7.18,q4,"(50, 50)",746,-0.009281883377822236,0.5710289953329656,0.00010117604437344458,0.5456377336424456,28054,11946,0.70
oscillations,0.75,32,4,-22.0,7.18,q1,"(150, 150)",6762,0.0011584600468345957,0.5372711415097416,0.0010389618733610561,0.5402909126601002,28055,11945,0.70
oscillations,0.75,32,4,-22.0,7.18,q2,"(150, 50)",2260,0.0014819884224470923,0.5248764440295819,0.0010389618733610561,0.5402909126601002,28055,11945,0.70
oscillations,0.75,32,4,-22.0,7.18,q3,"(50, 150)",2179,-0.0026513723991198677,0.5606062561514807,0.0010389618733610561,0.5402909126601002,28055,11945,0.70
oscillations,0.75,32,4,-22.0,7.18,q4,"(50, 50)",744,0.009415241080045753,0.5529474300729079,0.0010389618733610561,0.5402909126601002,28055,11945,0.70
oscillations,0.75,33,4,-22.0,7.18,q1,"(150, 150)",6622,0.0015346250225983411,0.5211089759815497,0.00042506689110374937,0.5249510924269468,28066,11934,0.70
oscillations,0.75,33,4,-22.0,7.18,q2,"(150, 50)",2296,-0.0024305529026789692,0.5172704411368911,0.00042506689110374937,0.5249510924269468,28066,11934,0.70
oscillations,0.75,33,4,-22.0,7.18,q3,"(50, 150)",2273,-0.0009601597903889835,0.5470068844071573,0.00042506689110374937,0.5249510924269468,28066,11934,0.70
oscillations,0.75,33,4,-22.0,7.18,q4,"(50, 50)",743,0.003598188488413229,0.5135655757593638,0.00042506689110374937,0.5249510924269468,28066,11934,0.70
oscillations,0.75,34,4,-22.0,7.18,q1,"(150, 150)",6684,-0.0006188624820026527,0.537138006733434,0.0006532731757900934,0.5405741492871123,28059,11941,0.70
oscillations,0.75,34,4,-22.0,7.18,q2,"(150, 50)",2248,0.004008948291511245,0.5323015690920918,0.0006532731757900934,0.5405741492871123,28059,11941,0.70
oscillations,0.75,34,4,-22.0,7.18,q3,"(50, 150)",2286,-0.004352986047506381,0.573554968991717,0.0006532731757900934,0.5405741492871123,28059,11941,0.70
oscillations,0.75,34,4,-22.0,7.18,q4,"(50, 50)",723,0.017809159290591323,0.4872855527073969,0.0006532731757900934,0.5405741492871123,28059,11941,0.70
oscillations,0.75,35,4,-22.0,7.18,q1,"(150, 150)",6675,-0.0036956016542446634,0.5279316502618696,-0.001489998112898757,0.5393855712631208,28064,11936,0.70
oscillations,0.75,35,4,-22.0,7.18,q2,"(150, 50)",2256,0.004460546282736838,0.5453088603291564,-0.001489998112898757,0.5393855712631208,28064,11936,0.70
oscillations,0.75,35,4,-22.0,7.18,q3,"(50, 150)",2275,-0.003315381244798742,0.5677529320843823,-0.001489998112898757,0.5393855712631208,28064,11936,0.70
oscillations,0.75,35,4,-22.0,7.18,q4,"(50, 50)",730,0.005976744499433424,0.5336359718711295,-0.001489998112898757,0.5393855712631208,28064,11936,0.70
oscillations,0.75,36,4,-22.0,7.18,q1,"(150, 150)",6692,0.002790067205385994,0.5373705287102819,0.0016468461868140909,0.5322967972688202,28061,11939,0.70
oscillations,0.75,36,4,-22.0,7.18,q2,"(150, 50)",2232,-0.006058559185771555,0.49523502127130514,0.0016468461868140909,0.5322967972688202,28061,11939,0.70
oscillations,0.75,36,4,-22.0,7.18,q3,"(50, 150)",2237,-0.0001085886327325378,0.5468621192972069,0.0016468461868140909,0.5322967972688202,28061,11939,0.70
oscillations,0.75,36,4,-22.0,7.18,q4,"(50, 50)",778,0.01896681717223025,0.5479285175889753,0.0016468461868140909,0.5322967972688202,28061,11939,0.70
oscillations,0.75,37,4,-22.0,7.18,q1,"(150, 150)",6654,0.002458604255841727,0.5313189216574495,-0.0009148680720550642,0.5358824775323644,28060,11940,0.70
oscillations,0.75,37,4,-22.0,7.18,q2,"(150, 50)",2297,-0.011111749131372528,0.5179611358888042,-0.0009148680720550642,0.5358824775323644,28060,11940,0.70
oscillations,0.75,37,4,-22.0,7.18,q3,"(50, 150)",2253,-0.0025026346029429223,0.5647883283059758,-0.0009148680720550642,0.5358824775323644,28060,11940,0.70
oscillations,0.75,37,4,-22.0,7.18,q4,"(50, 50)",736,0.00527044295718043,0.5406266905750944,-0.0009148680720550642,0.5358824775323644,28060,11940,0.70
oscillations,0.75,38,4,-22.0,7.18,q1,"(150, 150)",6731,-0.0024198010231551497,0.5274722796533654,-0.00025314869331941877,0.5416188276813565,28056,11944,0.70
oscillations,0.75,38,4,-22.0,7.18,q2,"(150, 50)",2244,0.00591035478252828,0.5590621132868575,-0.00025314869331941877,0.5416188276813565,28056,11944,0.70
oscillations,0.75,38,4,-22.0,7.18,q3,"(50, 150)",2222,-0.00979692095464052,0.556416017490059,-0.00025314869331941877,0.5416188276813565,28056,11944,0.70
oscillations,0.75,38,4,-22.0,7.18,q4,"(50, 50)",747,0.029143232828738885,0.5677421554882809,-0.00025314869331941877,0.5416188276813565,28056,11944,0.70
oscillations,0.75,39,4,-22.0,7.18,q1,"(150, 150)",6624,0.003987690305150403,0.5465212590662224,0.0015382260687490483,0.5474339968069507,28059,11941,0.70
oscillations,0.75,39,4,-22.0,7.18,q2,"(150, 50)",2270,-0.0035277451080101643,0.5428185457277617,0.0015382260687490483,0.5474339968069507,28059,11941,0.70
oscillations,0.75,39,4,-22.0,7.18,q3,"(50, 150)",2296,-0.004796483208562315,0.5550205852838793,0.0015382260687490483,0.5474339968069507,28059,11941,0.70
oscillations,0.75,39,4,-22.0,7.18,q4,"(50, 50)",751,0.014612787946282648,0.5456246417246184,0.0015382260687490483,0.5474339968069507,28059,11941,0.70
oscillations,0.75,40,4,-22.0,7.18,q1,"(150, 150)",6684,0.00727890444684199,0.5263662888481522,0.0003594460495294748,0.5380759280151374,28063,11937,0.70
oscillations,0.75,40,4,-22.0,7.18,q2,"(150, 50)",2281,-0.01764295619803336,0.5443025828170176,0.0003594460495294748,0.5380759280151374,28063,11937,0.70
oscillations,0.75,40,4,-22.0,7.18,q3,"(50, 150)",2273,-0.01541301275126246,0.5581479979411713,0.0003594460495294748,0.5380759280151374,28063,11937,0.70
oscillations,0.75,40,4,-22.0,7.18,q4,"(50, 50)",699,0.04422871422299735,0.5576012858745207,0.0003594460495294748,0.5380759280151374,28063,11937,0.70
oscillations,0.75,41,4,-22.0,7.18,q1,"(150, 150)",6707,-0.0037396328140050484,0.5327984636602986,0.0001897534684628653,0.5422445615032739,28067,11933,0.70
oscillations,0.75,41,4,-22.0,7.18,q2,"(150, 50)",2241,0.006854654854995001,0.5139308749987361,0.0001897534684628653,0.5422445615032739,28067,11933,0.70
oscillations,0.75,41,4,-22.0,7.18,q3,"(50, 150)",2283,0.00409318477981864,0.5995347778570733,0.0001897534684628653,0.5422445615032739,28067,11933,0.70
oscillations,0.75,41,4,-22.0,7.18,q4,"(50, 50)",702,0.003760716581665934,0.522906800177623,0.0001897534684628653,0.5422445615032739,28067,11933,0.70
oscillations,0.75,42,4,-22.0,7.18,q1,"(150, 150)",6647,0.0008429217631805967,0.5299606976730153,0.0006230254062593288,0.5394889083262621,28055,11945,0.70
oscillations,0.75,42,4,-22.0,7.18,q2,"(150, 50)",2297,0.00019906412421003824,0.5255268852433653,0.0006230254062593288,0.5394889083262621,28055,11945,0.70
oscillations,0.75,42,4,-22.0,7.18,q3,"(50, 150)",2303,-0.003557749203597188,0.5573104361014264,0.0006230254062593288,0.5394889083262621,28055,11945,0.70
oscillations,0.75,42,4,-22.0,7.18,q4,"(50, 50)",698,0.013718314671174937,0.6101616998773827,0.0006230254062593288,0.5394889083262621,28055,11945,0.70
oscillations,0.75,43,4,-22.0,7.18,q1,"(150, 150)",6703,-0.0023089322407897606,0.5415986042816062,0.0007923839678921239,0.5394919864520445,28053,11947,0.70
oscillations,0.75,43,4,-22.0,7.18,q2,"(150, 50)",2260,0.011191360879848051,0.517924146833746,0.0007923839678921239,0.5394919864520445,28053,11947,0.70
oscillations,0.75,43,4,-22.0,7.18,q3,"(50, 150)",2293,-0.00040905992323683727,0.5557882155175642,0.0007923839678921239,0.5394919864520445,28053,11947,0.70
oscillations,0.75,43,4,-22.0,7.18,q4,"(50, 50)",691,0.0008522183646113408,0.5327931034507934,0.0007923839678921239,0.5394919864520445,28053,11947,0.70
oscillations,0.75,44,4,-22.0,7.18,q1,"(150, 150)",6672,-0.005453721954727354,0.5253384637587512,-0.0010587057178735348,0.5366119525487849,28067,11933,0.70
oscillations,0.75,44,4,-22.0,7.18,q2,"(150, 50)",2283,0.011479415938752251,0.5460297159592856,-0.0010587057178735348,0.5366119525487849,28067,11933,0.70
oscillations,0.75,44,4,-22.0,7.18,q3,"(50, 150)",2227,-0.012869605006872517,0.5464538868651722,-0.0010587057178735348,0.5366119525487849,28067,11933,0.70
oscillations,0.75,44,4,-22.0,7.18,q4,"(50, 50)",751,0.034895873918361804,0.5738917461368607,-0.0010587057178735348,0.5366119525487849,28067,11933,0.70
oscillations,0.75,45,4,-22.0,7.18,q1,"(150, 150)",6728,-0.0002915443114236272,0.5416226765510557,0.000924983298268463,0.5556855946881984,28057,11943,0.70
oscillations,0.75,45,4,-22.0,7.18,q2,"(150, 50)",2186,0.0057866534815639884,0.5700217237165672,0.000924983298268463,0.5556855946881984,28057,11943,0.70
oscillations,0.75,45,4,-22.0,7.18,q3,"(50, 150)",2303,-0.010725735917307655,0.5710059467851842,0.000924983298268463,0.5556855946881984,28057,11943,0.70
oscillations,0.75,45,4,-22.0,7.18,q4,"(50, 50)",726,0.03451836221121084,0.5888969525044482,0.000924983298268463,0.5556855946881984,28057,11943,0.70
oscillations,0.75,46,4,-22.0,7.18,q1,"(150, 150)",6669,-0.001102961491869003,0.5344553739135282,-0.001157714815222761,0.5407452942264932,28063,11937,0.70
oscillations,0.75,46,4,-22.0,7.18,q2,"(150, 50)",2283,0.0004325498169460161,0.5158897044191759,-0.001157714815222761,0.5407452942264932,28063,11937,0.70
oscillations,0.75,46,4,-22.0,7.18,q3,"(50, 150)",2225,-0.0011505242789254986,0.5758295962065902,-0.001157714815222761,0.5407452942264932,28063,11937,0.70
oscillations,0.75,46,4,-22.0,7.18,q4,"(50, 50)",760,-0.0064362977256819075,0.5620679875999627,-0.001157714815222761,0.5407452942264932,28063,11937,0.70
oscillations,0.75,47,4,-22.0,7.18,q1,"(150, 150)",6742,0.0029062156453316472,0.5406508377335671,0.0011230574516088825,0.5456648447843996,28052,11948,0.70
oscillations,0.75,47,4,-22.0,7.18,q2,"(150, 50)",2277,-0.0027563548837224107,0.5379424931594716,0.0011230574516088825,0.5456648447843996,28052,11948,0.70
oscillations,0.75,47,4,-22.0,7.18,q3,"(50, 150)",2194,-0.004764373177961394,0.5541346792233866,0.0011230574516088825,0.5456648447843996,28052,11948,0.70
oscillations,0.75,47,4,-22.0,7.18,q4,"(50, 50)",735,0.01435896513425874,0.5877718409981232,0.0011230574516088825,0.5456648447843996,28052,11948,0.70
oscillations,0.75,48,4,-22.0,7.18,q1,"(150, 150)",6693,0.001870678920100094,0.5239837359576147,0.0011368811752572215,0.5332876864114883,28070,11930,0.70
oscillations,0.75,48,4,-22.0,7.18,q2,"(150, 50)",2262,-0.0012324396446699577,0.5372800405854444,0.0011368811752572215,0.5332876864114883,28070,11930,0.70
oscillations,0.75,48,4,-22.0,7.18,q3,"(50, 150)",2244,0.00044791118635585723,0.5594741123045707,0.0011368811752572215,0.5332876864114883,28070,11930,0.70
oscillations,0.75,48,4,-22.0,7.18,q4,"(50, 50)",731,0.0038648484030774618,0.5228394771709115,0.0011368811752572215,0.5332876864114883,28070,11930,0.70
oscillations,0.75,49,4,-22.0,7.18,q1,"(150, 150)",6643,0.006049881575816919,0.5285505313313849,0.00012544992083129777,0.5415047030689677,28047,11953,0.70
oscillations,0.75,49,4,-22.0,7.18,q2,"(150, 50)",2336,-0.016603078341750854,0.5630573893484564,0.00012544992083129777,0.5415047030689677,28047,11953,0.70
oscillations,0.75,49,4,-22.0,7.18,q3,"(50, 150)",2252,-0.008979163935006633,0.5518351846755001,0.00012544992083129777,0.5415047030689677,28047,11953,0.70
oscillations,0.75,49,4,-22.0,7.18,q4,"(50, 50)",722,0.02813851493560892,0.5533903935855664,0.00012544992083129777,0.5415047030689677,28047,11953,0.70
sequences,0.25,0,9,-8.5,14.44,q1,"(50, 50)",756,0.00030837010724087425,0.41208188202155194,0.05314070148180356,0.32904239188203593,28069,11931,0.70
sequences,0.25,0,9,-8.5,14.44,q2,"(50, 150)",2276,0.07252198042122998,0.3065592795176415,0.05314070148180356,0.32904239188203593,28069,11931,0.70
sequences,0.25,0,9,-8.5,14.44,q3,"(150, 50)",2173,0.010728803598096519,0.40393166113621587,0.05314070148180356,0.32904239188203593,28069,11931,0.70
sequences,0.25,0,9,-8.5,14.44,q4,"(150, 150)",6726,0.06622284625645866,0.29539786807452856,0.05314070148180356,0.32904239188203593,28069,11931,0.70
sequences,0.25,1,9,-8.5,14.44,q1,"(50, 50)",736,0.01434679483304743,0.4342607828797335,0.05337947828559959,0.33482395314251634,28067,11933,0.70
sequences,0.25,1,9,-8.5,14.44,q2,"(50, 150)",2282,0.0686553508742418,0.3102139893315874,0.05337947828559959,0.33482395314251634,28067,11933,0.70
sequences,0.25,1,9,-8.5,14.44,q3,"(150, 50)",2230,0.016312301679924923,0.41155570981823214,0.05337947828559959,0.33482395314251634,28067,11933,0.70
sequences,0.25,1,9,-8.5,14.44,q4,"(150, 150)",6685,0.06482724456898797,0.2986048321554773,0.05337947828559959,0.33482395314251634,28067,11933,0.70
sequences,0.25,2,9,-8.5,14.44,q1,"(50, 50)",738,0.022076000403375557,0.4096265264849311,0.052704125028784,0.3272098020856012,28062,11938,0.70
sequences,0.25,2,9,-8.5,14.44,q2,"(50, 150)",2182,0.06902556345845492,0.31315678132341324,0.052704125028784,0.3272098020856012,28062,11938,0.70
sequences,0.25,2,9,-8.5,14.44,q3,"(150, 50)",2251,0.009641403090611624,0.3845513770265491,0.052704125028784,0.3272098020856012,28062,11938,0.70
sequences,0.25,2,9,-8.5,14.44,q4,"(150, 150)",6767,0.06510612952159255,0.2980098764121203,0.052704125028784,0.3272098020856012,28062,11938,0.70
sequences,0.25,3,9,-8.5,14.44,q1,"(50, 50)",717,0.004488379194571121,0.49063713106945045,0.051721060082986686,0.35234171372018763,28063,11937,0.70
sequences,0.25,3,9,-8.5,14.44,q2,"(50, 150)",2270,0.07083251411524501,0.3104842986217803,0.051721060082986686,0.35234171372018763,28063,11937,0.70
sequences,0.25,3,9,-8.5,14.44,q3,"(150, 50)",2276,-0.007205956088667498,0.46003247020761584,0.051721060082986686,0.35234171372018763,28063,11937,0.70
sequences,0.25,3,9,-8.5,14.44,q4,"(150, 150)",6674,0.07039063160687827,0.2988737685499925,0.051721060082986686,0.35234171372018763,28063,11937,0.70
sequences,0.25,4,9,-8.5,14.44,q1,"(50, 50)",734,0.002688853558114581,0.4424317768369119,0.05204410228417532,0.34357129674520054,28063,11937,0.70
sequences,0.25,4,9,-8.5,14.44,q2,"(50, 150)",2207,0.07341496165240702,0.32338958588679745,0.05204410228417532,0.34357129674520054,28063,11937,0.70
sequences,0.25,4,9,-8.5,14.44,q3,"(150, 50)",2283,-0.0008058764251857956,0.41899790909956597,0.05204410228417532,0.34357129674520054,28063,11937,0.70
sequences,0.25,4,9,-8.5,14.44,q4,"(150, 150)",6713,0.06838817607126196,0.3045910293353269,0.05204410228417532,0.34357129674520054,28063,11937,0.70
sequences,0.25,5,9,-8.5,14.44,q1,"(50, 50)",722,0.014341151290360584,0.4193167022619992,0.05411136777386344,0.3272209216943673,28051,11949,0.70
sequences,0.25,5,9,-8.5,14.44,q2,"(50, 150)",2217,0.07074504194443078,0.31097730968952036,0.05411136777386344,0.3272209216943673,28051,11949,0.70
sequences,0.25,5,9,-8.5,14.44,q3,"(150, 50)",2277,0.026512962742008896,0.3899821587407484,0.05411136777386344,0.3272209216943673,28051,11949,0.70
sequences,0.25,5,9,-8.5,14.44,q4,"(150, 150)",6733,0.06223238499092478,0.29547857148630835,0.05411136777386344,0.3272209216943673,28051,11949,0.70
sequences,0.25,6,9,-8.5,14.44,q1,"(50, 50)",764,-0.012493795331718979,0.42318354311493594,0.05088580829523905,0.3430512072141832,28064,11936,0.70
sequences,0.25,6,9,-8.5,14.44,q2,"(50, 150)",2243,0.07558759698745549,0.3216414839742515,0.05088580829523905,0.3430512072141832,28064,11936,0.70
sequences,0.25,6,9,-8.5,14.44,q3,"(150, 50)",2239,-0.012657963935519146,0.41214859544240334,0.05088580829523905,0.3430512072141832,28064,11936,0.70
sequences,0.25,6,9,-8.5,14.44,q4,"(150, 150)",6690,0.0711085902323126,0.3091205820834801,0.05088580829523905,0.3430512072141832,28064,11936,0.70
sequences,0.25,7,9,-8.5,14.44,q1,"(50, 50)",740,0.009882441465510596,0.4254294752603048,0.052813651409284824,0.3362163411791345,28053,11947,0.70
sequences,0.25,7,9,-8.5,14.44,q2,"(50, 150)",2164,0.0734777175177065,0.3204066393867001,0.052813651409284824,0.3362163411791345,28053,11947,0.70
sequences,0.25,7,9,-8.5,14.44,q3,"(150, 50)",2300,0.005738333831074647,0.4204322045884842,0.052813651409284824,0.3362163411791345,28053,11947,0.70
sequences,0.25,7,9,-8.5,14.44,q4,"(150, 150)",6743,0.06695057662501251,0.2930628183873644,0.052813651409284824,0.3362163411791345,28053,11947,0.70
sequences,0.25,8,9,-8.5,14.44,q1,"(50, 50)",747,-0.014932310001919795,0.3968480264659356,0.05094209021835857,0.3405840614847621,28063,11937,0.70
sequences,0.25,8,9,-8.5,14.44,q2,"(50, 150)",2288,0.07457380886454962,0.3251575906780066,0.05094209021835857,0.3405840614847621,28063,11937,0.70
sequences,0.25,8,9,-8.5,14.44,q3,"(150, 50)",2255,-0.011334152582262056,0.39630508540263465,0.05094209021835857,0.3405840614847621,28063,11937,0.70
sequences,0.25,8,9,-8.5,14.44,q4,"(150, 150)",6647,0.07133801803804599,0.31389245138160565,0.05094209021835857,0.3405840614847621,28063,11937,0.70
sequences,0.25,9,9,-8.5,14.44,q1,"(50, 50)",739,0.0008236537861707355,0.45344204891257484,0.05331604086137217,0.3322643107876084,28081,11919,0.70
sequences,0.25,9,9,-8.5,14.44,q2,"(50, 150)",2293,0.07114616464137243,0.29898193766828185,0.05331604086137217,0.3322643107876084,28081,11919,0.70
sequences,0.25,9,9,-8.5,14.44,q3,"(150, 50)",2204,0.018543819420303097,0.42641611375967686,0.05331604086137217,0.3322643107876084,28081,11919,0.70
sequences,0.25,9,9,-8.5,14.44,q4,"(150, 150)",6683,0.06447051883191676,0.2873768802257999,0.05331604086137217,0.3322643107876084,28081,11919,0.70
sequences,0.25,10,9,-8.5,14.44,q1,"(50, 50)",734,0.026438922251370605,0.41465984182465976,0.05412341811522837,0.32769618981378323,28060,11940,0.70
sequences,0.25,10,9,-8.5,14.44,q2,"(50, 150)",2225,0.06754462960795492,0.3054607558214784,0.05412341811522837,0.32769618981378323,28060,11940,0.70
sequences,0.25,10,9,-8.5,14.44,q3,"(150, 50)",2248,0.025603868982603174,0.40780072503406806,0.05412341811522837,0.32769618981378323,28060,11940,0.70
sequences,0.25,10,9,-8.5,14.44,q4,"(150, 150)",6733,0.06222830016526496,0.29128697529589254,0.05412341811522837,0.32769618981378323,28060,11940,0.70
sequences,0.25,11,9,-8.5,14.44,q1,"(50, 50)",733,-0.01470246855923206,0.4295633652664621,0.050609750735960225,0.34984752512822964,28047,11953,0.70
sequences,0.25,11,9,-8.5,14.44,q2,"(50, 150)",2308,0.07341449225385371,0.3320559670277314,0.050609750735960225,0.34984752512822964,28047,11953,0.70
sequences,0.25,11,9,-8.5,14.44,q3,"(150, 50)",2275,-0.011414670390785997,0.4179585521987535,0.050609750735960225,0.34984752512822964,28047,11953,0.70
sequences,0.25,11,9,-8.5,14.44,q4,"(150, 150)",6637,0.07115307925538548,0.31532819798791856,0.050609750735960225,0.34984752512822964,28047,11953,0.70
sequences,0.25,12,9,-8.5,14.44,q1,"(50, 50)",728,-0.011440809931077368,0.4220538985245818,0.050279370964615544,0.34169008237550547,28058,11942,0.70
sequences,0.25,12,9,-8.5,14.44,q2,"(50, 150)",2316,0.07237522284968587,0.31920219129434396,0.050279370964615544,0.34169008237550547,28058,11942,0.70
sequences,0.25,12,9,-8.5,14.44,q3,"(150, 50)",2290,-0.02152922774539559,0.4018771935973513,0.050279370964615544,0.34169008237550547,28058,11942,0.70
sequences,0.25,12,9,-8.5,14.44,q4,"(150, 150)",6608,0.07422004738292172,0.31102894251109564,0.050279370964615544,0.34169008237550547,28058,11942,0.70
sequences,0.25,13,9,-8.5,14.44,q1,"(50, 50)",724,-0.01988637384088814,0.44708055142166586,0.051406867063605116,0.34882295004806047,28063,11937,0.70
sequences,0.25,13,9,-8.5,14.44,q2,"(50, 150)",2253,0.07706858705006482,0.32786583749411125,0.051406867063605116,0.34882295004806047,28063,11937,0.70
sequences,0.25,13,9,-8.5,14.44,q3,"(150, 50)",2188,-0.004577062049120865,0.430181909030304,0.051406867063605116,0.34882295004806047,28063,11937,0.70
sequences,0.25,13,9,-8.5,14.44,q4,"(150, 150)",6772,0.06857953218232984,0.309010088158277,0.051406867063605116,0.34882295004806047,28063,11937,0.70
sequences,0.25,14,9,-8.5,14.44,q1,"(50, 50)",660,-0.0021299478601587286,0.43652684420088583,0.051229953782994886,0.3494602010398125,28056,11944,0.70
sequences,0.25,14,9,-8.5,14.44,q2,"(50, 150)",2279,0.07209165399804303,0.33742532472234144,0.051229953782994886,0.3494602010398125,28056,11944,0.70
sequences,0.25,14,9,-8.5,14.44,q3,"(150, 50)",2241,-0.012446308391456542,0.3962727670754645,0.051229953782994886,0.3494602010398125,28056,11944,0.70
sequences,0.25,14,9,-8.5,14.44,q4,"(150, 150)",6764,0.07050438072375957,0.3233031807414566,0.051229953782994886,0.3494602010398125,28056,11944,0.70
sequences,0.25,15,9,-8.5,14.44,q1,"(50, 50)",713,-0.008094570232547919,0.3954432823607651,0.051019307058410096,0.3377043007296043,28055,11945,0.70
sequences,0.25,15,9,-8.5,14.44,q2,"(50, 150)",2270,0.07385315302288624,0.3307871438151201,0.051019307058410096,0.3377043007296043,28055,11945,0.70
sequences,0.25,15,9,-8.5,14.44,q3,"(150, 50)",2233,-0.01729914560585143,0.3896445082969935,0.051019307058410096,0.3377043007296043,28055,11945,0.70
sequences,0.25,15,9,-8.5,14.44,q4,"(150, 150)",6729,0.07225135772988998,0.30989700830401895,0.051019307058410096,0.3377043007296043,28055,11945,0.70
sequences,0.25,16,9,-8.5,14.44,q1,"(50, 50)",719,-0.0007857076759567733,0.40895871410895024,0.05150099240406607,0.3301844108577324,28064,11936,0.70
sequences,0.25,16,9,-8.5,14.44,q2,"(50, 150)",2272,0.07200656519560461,0.31577520543494403,0.05150099240406607,0.3301844108577324,28064,11936,0.70
sequences,0.25,16,9,-8.5,14.44,q3,"(150, 50)",2265,-0.0062126664036953,0.3822177061451936,0.05150099240406607,0.3301844108577324,28064,11936,0.70
sequences,0.25,16,9,-8.5,14.44,q4,"(150, 150)",6680,0.06972358419669188,0.3024115490921281,0.05150099240406607,0.3301844108577324,28064,11936,0.70
sequences,0.25,17,9,-8.5,14.44,q1,"(50, 50)",730,0.018948573012144622,0.45585924901494,0.053954417721644124,0.338258627951615,28059,11941,0.70
sequences,0.25,17,9,-8.5,14.44,q2,"(50, 150)",2190,0.07026193841270223,0.30567190567646957,0.053954417721644124,0.338258627951615,28059,11941,0.70
sequences,0.25,17,9,-8.5,14.44,q3,"(150, 50)",2285,0.02449682257362124,0.44217648093548806,0.053954417721644124,0.338258627951615,28059,11941,0.70
sequences,0.25,17,9,-8.5,14.44,q4,"(150, 150)",6736,0.0624388894018326,0.2881377067370354,0.053954417721644124,0.338258627951615,28059,11941,0.70
sequences,0.25,18,9,-8.5,14.44,q1,"(50, 50)",744,0.008442069019122762,0.41480598605196733,0.05205674077818929,0.33541175997156053,28056,11944,0.70
sequences,0.25,18,9,-8.5,14.44,q2,"(50, 150)",2277,0.06992958978584254,0.3163462265272804,0.05205674077818929,0.33541175997156053,28056,11944,0.70
sequences,0.25,18,9,-8.5,14.44,q3,"(150, 50)",2191,-0.005358017498753719,0.4065804689194939,0.05205674077818929,0.33541175997156053,28056,11944,0.70
sequences,0.25,18,9,-8.5,14.44,q4,"(150, 150)",6732,0.06951790744234572,0.3020575759057374,0.05205674077818929,0.33541175997156053,28056,11944,0.70
sequences,0.25,19,9,-8.5,14.44,q1,"(50, 50)",723,-0.0068621224733364915,0.4411431560920008,0.05350723056389453,0.3358508936938469,28057,11943,0.70
sequences,0.25,19,9,-8.5,14.44,q2,"(50, 150)",2246,0.0743352946139152,0.3060413513154191,0.05350723056389453,0.3358508936938469,28057,11943,0.70
sequences,0.25,19,9,-8.5,14.44,q3,"(150, 50)",2296,0.024683090118959906,0.41914299187690085,0.05350723056389453,0.3358508936938469,28057,11943,0.70
sequences,0.25,19,9,-8.5,14.44,q4,"(150, 150)",6678,0.06294829627984862,0.2963744230889281,0.05350723056389453,0.3358508936938469,28057,11943,0.70
sequences,0.25,20,9,-8.5,14.44,q1,"(50, 50)",689,0.027388805387037474,0.4298200129925567,0.05355309025643286,0.3382346093659426,28061,11939,0.70
sequences,0.25,20,9,-8.5,14.44,q2,"(50, 150)",2249,0.06712340799953485,0.3195418958826239,0.05355309025643286,0.3382346093659426,28061,11939,0.70
sequences,0.25,20,9,-8.5,14.44,q3,"(150, 50)",2310,0.013657978838234334,0.40372293589327357,0.05355309025643286,0.3382346093659426,28061,11939,0.70
sequences,0.25,20,9,-8.5,14.44,q4,"(150, 150)",6691,0.06545942040840053,0.30609366591362747,0.05355309025643286,0.3382346093659426,28061,11939,0.70
sequences,0.25,21,9,-8.5,14.44,q1,"(50, 50)",721,-0.03503304559076637,0.4283580074686665,0.050620878520405324,0.34686816636844187,28046,11954,0.70
sequences,0.25,21,9,-8.5,14.44,q2,"(50, 150)",2262,0.08010719915371317,0.3286704638361105,0.050620878520405324,0.34686816636844187,28046,11954,0.70
sequences,0.25,21,9,-8.5,14.44,q3,"(150, 50)",2240,-0.01195331692418256,0.42069543583657654,0.050620878520405324,0.34686816636844187,28046,11954,0.70
sequences,0.25,21,9,-8.5,14.44,q4,"(150, 150)",6731,0.07071070466919292,0.3099016353786547,0.050620878520405324,0.34686816636844187,28046,11954,0.70
sequences,0.25,22,9,-8.5,14.44,q1,"(50, 50)",701,-0.00984951139400126,0.3687022316130285,0.05103921662858703,0.34199379026622334,28070,11930,0.70
sequences,0.25,22,9,-8.5,14.44,q2,"(50, 150)",2213,0.07581530172702515,0.34702641205287654,0.05103921662858703,0.34199379026622334,28070,11930,0.70
sequences,0.25,22,9,-8.5,14.44,q3,"(150, 50)",2267,-0.008939389332941113,0.35878089444371575,0.05103921662858703,0.34199379026622334,28070,11930,0.70
sequences,0.25,22,9,-8.5,14.44,q4,"(150, 150)",6749,0.06938638239177788,0.328280767069054,0.05103921662858703,0.34199379026622334,28070,11930,0.70
sequences,0.25,23,9,-8.5,14.44,q1,"(50, 50)",742,0.016852171632527953,0.4252810033071947,0.05380397467424148,0.3371525701299483,28066,11934,0.70
sequences,0.25,23,9,-8.5,14.44,q2,"(50, 150)",2239,0.06959189807288678,0.31652636777536286,0.05380397467424148,0.3371525701299483,28066,11934,0.70
sequences,0.25,23,9,-8.5,14.44,q3,"(150, 50)",2267,0.021817715601436853,0.416539495731808,0.05380397467424148,0.3371525701299483,28066,11934,0.70
sequences,0.25,23,9,-8.5,14.44,q4,"(150, 150)",6686,0.06346325177346862,0.2996121721783986,0.05380397467424148,0.3371525701299483,28066,11934,0.70
sequences,0.25,24,9,-8.5,14.44,q1,"(50, 50)",718,-0.010861586303083873,0.44951677452878736,0.05329584279821466,0.34640092360500147,28062,11938,0.70
sequences,0.25,24,9,-8.5,14.44,q2,"(50, 150)",2266,0.07442546902246824,0.3170193234843075,0.05329584279821466,0.34640092360500147,28062,11938,0.70
sequences,0.25,24,9,-8.5,14.44,q3,"(150, 50)",2249,0.02452249078242066,0.43321028289091196,0.05329584279821466,0.34640092360500147,28062,11938,0.70
sequences,0.25,24,9,-8.5,14.44,q4,"(150, 150)",6705,0.06267639011426156,0.30681383935407747,0.05329584279821466,0.34640092360500147,28062,11938,0.70
sequences,0.25,25,9,-8.5,14.44,q1,"(50, 50)",735,-0.010125270060728898,0.42059114468680553,0.051526624025025086,0.3394572824449605,28063,11937,0.70
sequences,0.25,25,9,-8.5,14.44,q2,"(50, 150)",2245,0.07473329685108404,0.32213129784020295,0.051526624025025086,0.3394572824449605,28063,11937,0.70
sequences,0.25,25,9,-8.5,14.44,q3,"(150, 50)",2294,-0.0018819932556086965,0.4057131161743074,0.051526624025025086,0.3394572824449605,28063,11937,0.70
sequences,0.25,25,9,-8.5,14.44,q4,"(150, 150)",6663,0.06889635683311462,0.3056277173891013,0.051526624025025086,0.3394572824449605,28063,11937,0.70
sequences,0.25,26,9,-8.5,14.44,q1,"(50, 50)",740,0.008461110468615533,0.39049239322541396,0.05439300953907705,0.32036521388501027,28065,11935,0.70
sequences,0.25,26,9,-8.5,14.44,q2,"(50, 150)",2248,0.0710411539259587,0.3026480598237824,0.05439300953907705,0.32036521388501027,28065,11935,0.70
sequences,0.25,26,9,-8.5,14.44,q3,"(150, 50)",2301,0.036164157445542654,0.38461535449910067,0.05439300953907705,0.32036521388501027,28065,11935,0.70
sequences,0.25,26,9,-8.5,14.44,q4,"(150, 150)",6646,0.060187346794216126,0.2909593807965588,0.05439300953907705,0.32036521388501027,28065,11935,0.70
sequences,0.25,27,9,-8.5,14.44,q1,"(50, 50)",752,-0.002007395331047175,0.4502289656701181,0.05097224178223357,0.35722001174002704,28057,11943,0.70
sequences,0.25,27,9,-8.5,14.44,q2,"(50, 150)",2235,0.07282999807154039,0.3304641998319215,0.05097224178223357,0.35722001174002704,28057,11943,0.70
sequences,0.25,27,9,-8.5,14.44,q3,"(150, 50)",2278,-0.010991676348117596,0.4451636722669438,0.05097224178223357,0.35722001174002704,28057,11943,0.70
sequences,0.25,27,9,-8.5,14.44,q4,"(150, 150)",6678,0.07075996375041661,0.3147363352792511,0.05097224178223357,0.35722001174002704,28057,11943,0.70
sequences,0.25,28,9,-8.5,14.44,q1,"(50, 50)",727,-0.02307802008262861,0.4137062359015482,0.050406729788302754,0.3376250967936629,28061,11939,0.70
sequences,0.25,28,9,-8.5,14.44,q2,"(50, 150)",2270,0.0767863998672217,0.3196239190687919,0.050406729788302754,0.3376250967936629,28061,11939,0.70
sequences,0.25,28,9,-8.5,14.44,q3,"(150, 50)",2220,-0.015054096470208186,0.3981145888430024,0.050406729788302754,0.3376250967936629,28061,11939,0.70
sequences,0.25,28,9,-8.5,14.44,q4,"(150, 150)",6722,0.0710649559666597,0.3073188450839717,0.050406729788302754,0.3376250967936629,28061,11939,0.70
sequences,0.25,29,9,-8.5,14.44,q1,"(50, 50)",734,-0.012024486896046262,0.42418290393056673,0.05130562310380598,0.3376567534392223,28068,11932,0.70
sequences,0.25,29,9,-8.5,14.44,q2,"(50, 150)",2212,0.07645573871589435,0.31839644926828603,0.05130562310380598,0.3376567534392223,28068,11932,0.70
sequences,0.25,29,9,-8.5,14.44,q3,"(150, 50)",2229,-0.00663504372489969,0.41009553485256073,0.05130562310380598,0.3376567534392223,28068,11932,0.70
sequences,0.25,29,9,-8.5,14.44,q4,"(150, 150)",6757,0.06906527847854878,0.30175148209373964,0.05130562310380598,0.3376567534392223,28068,11932,0.70
sequences,0.25,30,9,-8.5,14.44,q1,"(50, 50)",739,0.02003249262902739,0.4663149365515957,0.05225200168261857,0.34849012238947485,28071,11929,0.70
sequences,0.25,30,9,-8.5,14.44,q2,"(50, 150)",2250,0.06794556840015024,0.3198719446300051,0.05225200168261857,0.34849012238947485,28071,11929,0.70
sequences,0.25,30,9,-8.5,14.44,q3,"(150, 50)",2258,0.0010903379016264521,0.43587321028458303,0.05225200168261857,0.34849012238947485,28071,11929,0.70
sequences,0.25,30,9,-8.5,14.44,q4,"(150, 150)",6682,0.06781960552782028,0.3046021988922791,0.05225200168261857,0.34849012238947485,28071,11929,0.70
sequences,0.25,31,9,-8.5,14.44,q1,"(50, 50)",682,0.014517741230517595,0.45830702470066387,0.05235542983113998,0.3386980465054425,28067,11933,0.70
sequences,0.25,31,9,-8.5,14.44,q2,"(50, 150)",2244,0.06988680378282038,0.3165212151452907,0.05235542983113998,0.3386980465054425,28067,11933,0.70
sequences,0.25,31,9,-8.5,14.44,q3,"(150, 50)",2320,-0.0022310070569219105,0.41860906931994507,0.05235542983113998,0.3386980465054425,28067,11933,0.70
sequences,0.25,31,9,-8.5,14.44,q4,"(150, 150)",6687,0.0692696565484059,0.2954742953422683,0.05235542983113998,0.3386980465054425,28067,11933,0.70
sequences,0.25,32,9,-8.5,14.44,q1,"(50, 50)",711,-0.0039436524364431,0.4486995962383636,0.05258319413669587,0.34810248249069614,28058,11942,0.70
sequences,0.25,32,9,-8.5,14.44,q2,"(50, 150)",2207,0.07499379612285308,0.323073131514044,0.05258319413669587,0.34810248249069614,28058,11942,0.70
sequences,0.25,32,9,-8.5,14.44,q3,"(150, 50)",2295,0.012386330055252786,0.43262048854360663,0.05258319413669587,0.34810248249069614,28058,11942,0.70
sequences,0.25,32,9,-8.5,14.44,q4,"(150, 150)",6729,0.06491521856780967,0.307417047336824,0.05258319413669587,0.34810248249069614,28058,11942,0.70
sequences,0.25,33,9,-8.5,14.44,q1,"(50, 50)",734,0.013058937157264708,0.4292022108763844,0.0533503479190134,0.3331557851128112,28064,11936,0.70
sequences,0.25,33,9,-8.5,14.44,q2,"(50, 150)",2212,0.07145291165052575,0.3141270594676356,0.0533503479190134,0.3331557851128112,28064,11936,0.70
sequences,0.25,33,9,-8.5,14.44,q3,"(150, 50)",2272,0.01252555925734312,0.41187295060464785,0.0533503479190134,0.3331557851128112,28064,11936,0.70
sequences,0.25,33,9,-8.5,14.44,q4,"(150, 150)",6718,0.06559877667226335,0.29362429737589546,0.0533503479190134,0.3331557851128112,28064,11936,0.70
sequences,0.25,34,9,-8.5,14.44,q1,"(50, 50)",718,-0.0242679547887691,0.457321334720667,0.049924439962123854,0.35058120991150904,28055,11945,0.70
sequences,0.25,34,9,-8.5,14.44,q2,"(50, 150)",2269,0.07757504028248915,0.31848645419704336,0.049924439962123854,0.35058120991150904,28055,11945,0.70
sequences,0.25,34,9,-8.5,14.44,q3,"(150, 50)",2254,-0.031227633628561752,0.41797968988103645,0.049924439962123854,0.35058120991150904,28055,11945,0.70
sequences,0.25,34,9,-8.5,14.44,q4,"(150, 150)",6704,0.07579671042418196,0.31589756833813776,0.049924439962123854,0.35058120991150904,28055,11945,0.70
sequences,0.25,35,9,-8.5,14.44,q1,"(50, 50)",745,0.014366691135243208,0.4321026142122036,0.052640326661243776,0.32733564807269433,28066,11934,0.70
sequences,0.25,35,9,-8.5,14.44,q2,"(50, 150)",2253,0.0695555276972663,0.30055991705470686,0.052640326661243776,0.32733564807269433,28066,11934,0.70
sequences,0.25,35,9,-8.5,14.44,q3,"(150, 50)",2248,0.0010807076316982295,0.4054429878940203,0.052640326661243776,0.32733564807269433,28066,11934,0.70
sequences,0.25,35,9,-8.5,14.44,q4,"(150, 150)",6688,0.06853595078073094,0.288626614958903,0.052640326661243776,0.32733564807269433,28066,11934,0.70
sequences,0.25,36,9,-8.5,14.44,q1,"(50, 50)",704,-0.00841177242468495,0.42487193630428166,0.051497581196914576,0.33857878829270643,28063,11937,0.70
sequences,0.25,36,9,-8.5,14.44,q2,"(50, 150)",2272,0.07400704909807648,0.32363086197198726,0.051497581196914576,0.33857878829270643,28063,11937,0.70
sequences,0.25,36,9,-8.5,14.44,q3,"(150, 50)",2282,-0.00880173078346587,0.3873234535389982,0.051497581196914576,0.33857878829270643,28063,11937,0.70
sequences,0.25,36,9,-8.5,14.44,q4,"(150, 150)",6679,0.07075760572414837,0.3111353959479441,0.051497581196914576,0.33857878829270643,28063,11937,0.70
sequences,0.25,37,9,-8.5,14.44,q1,"(50, 50)",733,-0.0019488073579565313,0.4485813904143067,0.05241486554176369,0.34067758392078534,28056,11944,0.70
sequences,0.25,37,9,-8.5,14.44,q2,"(50, 150)",2226,0.07322741996511202,0.3150465396439008,0.05241486554176369,0.34067758392078534,28056,11944,0.70
sequences,0.25,37,9,-8.5,14.44,q3,"(150, 50)",2244,0.01620046859670508,0.4301150578293069,0.05241486554176369,0.34067758392078534,28056,11944,0.70
sequences,0.25,37,9,-8.5,14.44,q4,"(150, 150)",6741,0.06350890690563152,0.297284372516385,0.05241486554176369,0.34067758392078534,28056,11944,0.70
sequences,0.25,38,9,-8.5,14.44,q1,"(50, 50)",737,0.01276466370646137,0.40121718333720097,0.05297774595341192,0.32370238730627093,28054,11946,0.70
sequences,0.25,38,9,-8.5,14.44,q2,"(50, 150)",2193,0.07189870557730244,0.3115590730427851,0.05297774595341192,0.32370238730627093,28054,11946,0.70
sequences,0.25,38,9,-8.5,14.44,q3,"(150, 50)",2230,0.007903949123162472,0.3860468395099687,0.05297774595341192,0.32370238730627093,28054,11946,0.70
sequences,0.25,38,9,-8.5,14.44,q4,"(150, 150)",6786,0.06604257708990866,0.29240858171005407,0.05297774595341192,0.32370238730627093,28054,11946,0.70
sequences,0.25,39,9,-8.5,14.44,q1,"(50, 50)",750,0.03611395676191247,0.39072077124045135,0.053826553800626245,0.322007235595085,28053,11947,0.70
sequences,0.25,39,9,-8.5,14.44,q2,"(50, 150)",2297,0.06335219200292816,0.30689663277430673,0.053826553800626245,0.322007235595085,28053,11947,0.70
sequences,0.25,39,9,-8.5,14.44,q3,"(150, 50)",2194,0.015699385689037778,0.38814768527786236,0.053826553800626245,0.322007235595085,28053,11947,0.70
sequences,0.25,39,9,-8.5,14.44,q4,"(150, 150)",6706,0.06501877922042536,0.29228804808957126,0.053826553800626245,0.322007235595085,28053,11947,0.70
sequences,0.25,40,9,-8.5,14.44,q1,"(50, 50)",740,0.01802005659913379,0.4264447070406569,0.05457624411900167,0.3254720708221745,28062,11938,0.70
sequences,0.25,40,9,-8.5,14.44,q2,"(50, 150)",2245,0.069042327205686,0.30110523801142614,0.05457624411900167,0.3254720708221745,28062,11938,0.70
sequences,0.25,40,9,-8.5,14.44,q3,"(150, 50)",2247,0.030493445286027262,0.4034221564987621,0.05457624411900167,0.3254720708221745,28062,11938,0.70
sequences,0.25,40,9,-8.5,14.44,q4,"(150, 150)",6706,0.061836797535761205,0.2883795121054516,0.05457624411900167,0.3254720708221745,28062,11938,0.70
sequences,0.25,41,9,-8.5,14.44,q1,"(50, 50)",748,0.018862572193705077,0.42797689980280906,0.0540502763854583,0.3289038372399352,28072,11928,0.70
sequences,0.25,41,9,-8.5,14.44,q2,"(50, 150)",2196,0.07041834392479113,0.307036692552444,0.0540502763854583,0.3289038372399352,28072,11928,0.70
sequences,0.25,41,9,-8.5,14.44,q3,"(150, 50)",2276,0.02169712988403393,0.40791684334416667,0.0540502763854583,0.3289038372399352,28072,11928,0.70
sequences,0.25,41,9,-8.5,14.44,q4,"(150, 150)",6708,0.06359289532646879,0.28972967882716233,0.0540502763854583,0.3289038372399352,28072,11928,0.70
sequences,0.25,42,9,-8.5,14.44,q1,"(50, 50)",743,0.009775852089946812,0.394036720240266,0.051551112644139925,0.33545556820353606,28058,11942,0.70
sequences,0.25,42,9,-8.5,14.44,q2,"(50, 150)",2248,0.07043250020503343,0.32468540497510856,0.051551112644139925,0.33545556820353606,28058,11942,0.70
sequences,0.25,42,9,-8.5,14.44,q3,"(150, 50)",2234,-0.00961166692867477,0.3722124730278601,0.051551112644139925,0.33545556820353606,28058,11942,0.70
sequences,0.25,42,9,-8.5,14.44,q4,"(150, 150)",6717,0.07019504727575299,0.31563825433075177,0.051551112644139925,0.33545556820353606,28058,11942,0.70
sequences,0.25,43,9,-8.5,14.44,q1,"(50, 50)",762,0.011090682369217526,0.4402170902974325,0.05316324814365224,0.3427145396177645,28064,11936,0.70
sequences,0.25,43,9,-8.5,14.44,q2,"(50, 150)",2241,0.06990108933615923,0.3156143124049249,0.05316324814365224,0.3427145396177645,28064,11936,0.70
sequences,0.25,43,9,-8.5,14.44,q3,"(150, 50)",2268,0.018728113387829433,0.43147198464347597,0.05316324814365224,0.3427145396177645,28064,11936,0.70
sequences,0.25,43,9,-8.5,14.44,q4,"(150, 150)",6665,0.06406327494544027,0.3008701614855212,0.05316324814365224,0.3427145396177645,28064,11936,0.70
sequences,0.25,44,9,-8.5,14.44,q1,"(50, 50)",750,-0.035554064951234025,0.4440022261812777,0.050151847750969855,0.3558941867324538,28069,11931,0.70
sequences,0.25,44,9,-8.5,14.44,q2,"(50, 150)",2260,0.08048537487943141,0.3326158810624653,0.050151847750969855,0.3558941867324538,28069,11931,0.70
sequences,0.25,44,9,-8.5,14.44,q3,"(150, 50)",2273,-0.018033083075952656,0.42103529639222825,0.050151847750969855,0.3558941867324538,28069,11931,0.70
sequences,0.25,44,9,-8.5,14.44,q4,"(150, 150)",6648,0.0728218253360969,0.3218839652398688,0.050151847750969855,0.3558941867324538,28069,11931,0.70
sequences,0.25,45,9,-8.5,14.44,q1,"(50, 50)",725,-0.012519000648702391,0.4271264990621872,0.05312435790683777,0.32870429600513684,28047,11953,0.70
sequences,0.25,45,9,-8.5,14.44,q2,"(50, 150)",2239,0.07615830081436159,0.3033140011113564,0.05312435790683777,0.32870429600513684,28047,11953,0.70
sequences,0.25,45,9,-8.5,14.44,q3,"(150, 50)",2259,0.020609102330614047,0.4090807561462083,0.05312435790683777,0.32870429600513684,28047,11953,0.70
sequences,0.25,45,9,-8.5,14.44,q4,"(150, 150)",6730,0.0634468540627828,0.290455419011378,0.05312435790683777,0.32870429600513684,28047,11953,0.70
sequences,0.25,46,9,-8.5,14.44,q1,"(50, 50)",736,-0.022938277649027315,0.4226158971988036,0.051052466411840094,0.33883083452868706,28068,11932,0.70
sequences,0.25,46,9,-8.5,14.44,q2,"(50, 150)",2212,0.07923460711486766,0.3272310779429742,0.051052466411840094,0.33883083452868706,28068,11932,0.70
sequences,0.25,46,9,-8.5,14.44,q3,"(150, 50)",2285,-0.0076140580389984685,0.3877811185538526,0.051052466411840094,0.33883083452868706,28068,11932,0.70
sequences,0.25,46,9,-8.5,14.44,q4,"(150, 150)",6699,0.06988681493607767,0.3095540787860395,0.051052466411840094,0.33883083452868706,28068,11932,0.70
sequences,0.25,47,9,-8.5,14.44,q1,"(50, 50)",714,-0.00971550227026923,0.4053743340557545,0.050652601267125875,0.3312195426170827,28058,11942,0.70
sequences,0.25,47,9,-8.5,14.44,q2,"(50, 150)",2270,0.07337534332189383,0.31389365635595473,0.050652601267125875,0.3312195426170827,28058,11942,0.70
sequences,0.25,47,9,-8.5,14.44,q3,"(150, 50)",2293,-0.013239944430839487,0.38709736595061045,0.050652601267125875,0.3312195426170827,28058,11942,0.70
sequences,0.25,47,9,-8.5,14.44,q4,"(150, 150)",6665,0.07136194991630988,0.3024122949789429,0.050652601267125875,0.3312195426170827,28058,11942,0.70
sequences,0.25,48,9,-8.5,14.44,q1,"(50, 50)",709,-0.01810106504278171,0.4272196836195486,0.05179127872627926,0.33370203042614827,28065,11935,0.70
sequences,0.25,48,9,-8.5,14.44,q2,"(50, 150)",2234,0.07720286746052184,0.3111264434393615,0.05179127872627926,0.33370203042614827,28065,11935,0.70
sequences,0.25,48,9,-8.5,14.44,q3,"(150, 50)",2245,0.0005304724515226133,0.4062796552517763,0.05179127872627926,0.33370203042614827,28065,11935,0.70
sequences,0.25,48,9,-8.5,14.44,q4,"(150, 150)",6747,0.067778338543501,0.29828202311170676,0.05179127872627926,0.33370203042614827,28065,11935,0.70
sequences,0.25,49,9,-8.5,14.44,q1,"(50, 50)",714,0.006460572303848459,0.40633832197233777,0.052564959829421824,0.33911468797041444,28067,11933,0.70
sequences,0.25,49,9,-8.5,14.44,q2,"(50, 150)",2231,0.07178571731400582,0.3316079536200792,0.052564959829421824,0.33911468797041444,28067,11933,0.70
sequences,0.25,49,9,-8.5,14.44,q3,"(150, 50)",2217,0.0050512660000045515,0.4009773879610399,0.052564959829421824,0.33911468797041444,28067,11933,0.70
sequences,0.25,49,9,-8.5,14.44,q4,"(150, 150)",6771,0.06665074951557905,0.3083814070660855,0.052564959829421824,0.33911468797041444,28067,11933,0.70
sequences,0.25,0,10,-12.3,10.68,q1,"(50, 50)",710,0.0008063627483027172,0.4960972336863179,0.06197664788159802,0.3633419330394433,28054,11946,0.70
sequences,0.25,0,10,-12.3,10.68,q2,"(50, 150)",2293,0.08373663272420132,0.32262865398399004,0.06197664788159802,0.3633419330394433,28054,11946,0.70
sequences,0.25,0,10,-12.3,10.68,q3,"(150, 50)",2261,0.01755397488954272,0.47937885687329396,0.06197664788159802,0.3633419330394433,28054,11946,0.70
sequences,0.25,0,10,-12.3,10.68,q4,"(150, 150)",6682,0.07604053905723217,0.30816242526548304,0.06197664788159802,0.3633419330394433,28054,11946,0.70
sequences,0.25,1,10,-12.3,10.68,q1,"(50, 50)",742,-0.021182919848531098,0.5262486396687783,0.06089905835555821,0.37405423634213386,28066,11934,0.70
sequences,0.25,1,10,-12.3,10.68,q2,"(50, 150)",2220,0.0917257279064084,0.3269912241164669,0.06089905835555821,0.37405423634213386,28066,11934,0.70
sequences,0.25,1,10,-12.3,10.68,q3,"(150, 50)",2250,0.007246315909225805,0.49492717466398756,0.06089905835555821,0.37405423634213386,28066,11934,0.70
sequences,0.25,1,10,-12.3,10.68,q4,"(150, 150)",6722,0.07773754272461424,0.313409364198133,0.06089905835555821,0.37405423634213386,28066,11934,0.70
sequences,0.25,2,10,-12.3,10.68,q1,"(50, 50)",719,-0.015937989140726673,0.5306508810757644,0.06077542079189687,0.37362922504899115,28061,11939,0.70
sequences,0.25,2,10,-12.3,10.68,q2,"(50, 150)",2276,0.08819337774164482,0.32271344909286215,0.06077542079189687,0.37362922504899115,28061,11939,0.70
sequences,0.25,2,10,-12.3,10.68,q3,"(150, 50)",2222,0.00142197109117419,0.4979648237748931,0.06077542079189687,0.37362922504899115,28061,11939,0.70
sequences,0.25,2,10,-12.3,10.68,q4,"(150, 150)",6722,0.07931708055966477,0.31337033623650756,0.06077542079189687,0.37362922504899115,28061,11939,0.70
sequences,0.25,3,10,-12.3,10.68,q1,"(50, 50)",743,-0.004308318991936487,0.5040612033447529,0.061145889054119565,0.36137219187505504,28052,11948,0.70
sequences,0.25,3,10,-12.3,10.68,q2,"(50, 150)",2209,0.08782682359581745,0.31707232772805083,0.061145889054119565,0.36137219187505504,28052,11948,0.70
sequences,0.25,3,10,-12.3,10.68,q3,"(150, 50)",2338,0.009666557946057521,0.47527484946472665,0.061145889054119565,0.36137219187505504,28052,11948,0.70
sequences,0.25,3,10,-12.3,10.68,q4,"(150, 150)",6658,0.0776753225636206,0.3023224674141132,0.061145889054119565,0.36137219187505504,28052,11948,0.70
sequences,0.25,4,10,-12.3,10.68,q1,"(50, 50)",722,-0.004086728717261019,0.5201505257845359,0.0610931996224942,0.37045497411604394,28073,11927,0.70
sequences,0.25,4,10,-12.3,10.68,q2,"(50, 150)",2313,0.08397802060375881,0.3268506852421101,0.0610931996224942,0.37045497411604394,28073,11927,0.70
sequences,0.25,4,10,-12.3,10.68,q3,"(150, 50)",2222,0.0017374627397078923,0.47201472208839407,0.0610931996224942,0.37045497411604394,28073,11927,0.70
sequences,0.25,4,10,-12.3,10.68,q4,"(150, 150)",6670,0.07998611786615079,0.3204281181948138,0.0610931996224942,0.37045497411604394,28073,11927,0.70
sequences,0.25,5,10,-12.3,10.68,q1,"(50, 50)",730,0.005441846811807436,0.4785944473339336,0.060906937139927245,0.36377814696205385,28064,11936,0.70
sequences,0.25,5,10,-12.3,10.68,q2,"(50, 150)",2278,0.08214311547464961,0.32949616671239496,0.060906937139927245,0.36377814696205385,28064,11936,0.70
sequences,0.25,5,10,-12.3,10.68,q3,"(150, 50)",2216,0.00704350666919256,0.4730943004186515,0.060906937139927245,0.36377814696205385,28064,11936,0.70
sequences,0.25,5,10,-12.3,10.68,q4,"(150, 150)",6712,0.07751523028894065,0.312980143899076,0.060906937139927245,0.36377814696205385,28064,11936,0.70
sequences,0.25,6,10,-12.3,10.68,q1,"(50, 50)",772,0.0063887122500820605,0.4980095756863214,0.06150627733423427,0.36501393457626746,28064,11936,0.70
sequences,0.25,6,10,-12.3,10.68,q2,"(50, 150)",2166,0.08676180548120462,0.3295927589042096,0.06150627733423427,0.36501393457626746,28064,11936,0.70
sequences,0.25,6,10,-12.3,10.68,q3,"(150, 50)",2256,0.010918984205668341,0.4841781679754791,0.06150627733423427,0.36501393457626746,28064,11936,0.70
sequences,0.25,6,10,-12.3,10.68,q4,"(150, 150)",6742,0.07663119865975673,0.3041344295076516,0.06150627733423427,0.36501393457626746,28064,11936,0.70
sequences,0.25,7,10,-12.3,10.68,q1,"(50, 50)",735,-0.0017319528587668278,0.5169918601698503,0.06075080976131895,0.3780468780884404,28052,11948,0.70
sequences,0.25,7,10,-12.3,10.68,q2,"(50, 150)",2276,0.08437203361852341,0.33556163184397186,0.06075080976131895,0.3780468780884404,28052,11948,0.70
sequences,0.25,7,10,-12.3,10.68,q3,"(150, 50)",2237,0.0028299189838650886,0.49786955600790245,0.06075080976131895,0.3780468780884404,28052,11948,0.70
sequences,0.25,7,10,-12.3,10.68,q4,"(150, 150)",6700,0.07891975867115926,0.32010229827735037,0.06075080976131895,0.3780468780884404,28052,11948,0.70
sequences,0.25,8,10,-12.3,10.68,q1,"(50, 50)",707,-0.014947743054414308,0.5412282598617353,0.06114251118841767,0.3834378798214602,28058,11942,0.70
sequences,0.25,8,10,-12.3,10.68,q2,"(50, 150)",2284,0.08745514507720611,0.3333006108112118,0.06114251118841767,0.3834378798214602,28058,11942,0.70
sequences,0.25,8,10,-12.3,10.68,q3,"(150, 50)",2241,0.010977204402516523,0.5102710049529524,0.06114251118841767,0.3834378798214602,28058,11942,0.70
sequences,0.25,8,10,-12.3,10.68,q4,"(150, 150)",6710,0.07695744508631541,0.3226297325663219,0.06114251118841767,0.3834378798214602,28058,11942,0.70
sequences,0.25,9,10,-12.3,10.68,q1,"(50, 50)",712,-0.010692807893517104,0.5127985910131763,0.06123049362286725,0.3640090814179319,28061,11939,0.70
sequences,0.25,9,10,-12.3,10.68,q2,"(50, 150)",2268,0.08735083062633638,0.32239826932940036,0.06123049362286725,0.3640090814179319,28061,11939,0.70
sequences,0.25,9,10,-12.3,10.68,q3,"(150, 50)",2232,0.009573991712016913,0.485584471567907,0.06123049362286725,0.3640090814179319,28061,11939,0.70
sequences,0.25,9,10,-12.3,10.68,q4,"(150, 150)",6727,0.07717605310269715,0.30353864002709613,0.06123049362286725,0.3640090814179319,28061,11939,0.70
sequences,0.25,10,10,-12.3,10.68,q1,"(50, 50)",734,0.0003057149208011251,0.49885328765504566,0.061424430107375624,0.3601897220472769,28062,11938,0.70
sequences,0.25,10,10,-12.3,10.68,q2,"(50, 150)",2281,0.08418675030377365,0.31447813546552117,0.061424430107375624,0.3601897220472769,28062,11938,0.70
sequences,0.25,10,10,-12.3,10.68,q3,"(150, 50)",2257,0.008472305364749839,0.48206859811166713,0.061424430107375624,0.3601897220472769,28062,11938,0.70
sequences,0.25,10,10,-12.3,10.68,q4,"(150, 150)",6666,0.0782941015929844,0.30098847829621866,0.061424430107375624,0.3601897220472769,28062,11938,0.70
sequences,0.25,11,10,-12.3,10.68,q1,"(50, 50)",739,0.014206538017629985,0.5252960149335912,0.06132039770722397,0.3694771695699311,28062,11938,0.70
sequences,0.25,11,10,-12.3,10.68,q2,"(50, 150)",2287,0.07980858390172836,0.3135967014511751,0.06132039770722397,0.3694771695699311,28062,11938,0.70
sequences,0.25,11,10,-12.3,10.68,q3,"(150, 50)",2249,0.010430165687570195,0.5059133969487246,0.06132039770722397,0.3694771695699311,28062,11938,0.70
sequences,0.25,11,10,-12.3,10.68,q4,"(150, 150)",6663,0.07737724781918252,0.3038789589501204,0.06132039770722397,0.3694771695699311,28062,11938,0.70
sequences,0.25,12,10,-12.3,10.68,q1,"(50, 50)",767,0.006070893498439393,0.5258273228891277,0.060303902337403785,0.3696793886308901,28054,11946,0.70
sequences,0.25,12,10,-12.3,10.68,q2,"(50, 150)",2264,0.08270349676016506,0.3169151016849506,0.060303902337403785,0.3696793886308901,28054,11946,0.70
sequences,0.25,12,10,-12.3,10.68,q3,"(150, 50)",2222,-0.011952885941259341,0.48864351193327044,0.060303902337403785,0.3696793886308901,28054,11946,0.70
sequences,0.25,12,10,-12.3,10.68,q4,"(150, 150)",6693,0.08293032091824103,0.3102285343863281,0.060303902337403785,0.3696793886308901,28054,11946,0.70
sequences,0.25,13,10,-12.3,10.68,q1,"(50, 50)",737,-0.017687211509970834,0.5553067038918358,0.060008632949445966,0.3898538022012557,28061,11939,0.70
sequences,0.25,13,10,-12.3,10.68,q2,"(50, 150)",2271,0.08885216208185583,0.336538415496389,0.060008632949445966,0.3898538022012557,28061,11939,0.70
sequences,0.25,13,10,-12.3,10.68,q3,"(150, 50)",2231,-0.01141280284446635,0.5247676493325282,0.060008632949445966,0.3898538022012557,28061,11939,0.70
sequences,0.25,13,10,-12.3,10.68,q4,"(150, 150)",6700,0.08256078309319308,0.32197723623944696,0.060008632949445966,0.3898538022012557,28061,11939,0.70
sequences,0.25,14,10,-12.3,10.68,q1,"(50, 50)",712,0.028883107872722413,0.5071711364388101,0.061472124818699236,0.3557712234128657,28049,11951,0.70
sequences,0.25,14,10,-12.3,10.68,q2,"(50, 150)",2260,0.0772611712854094,0.3114558824096765,0.061472124818699236,0.3557712234128657,28049,11951,0.70
sequences,0.25,14,10,-12.3,10.68,q3,"(150, 50)",2239,0.007425077617530464,0.4895009656324922,0.061472124818699236,0.3557712234128657,28049,11951,0.70
sequences,0.25,14,10,-12.3,10.68,q4,"(150, 150)",6740,0.07757471736086355,0.28932686881538666,0.061472124818699236,0.3557712234128657,28049,11951,0.70
sequences,0.25,15,10,-12.3,10.68,q1,"(50, 50)",721,-0.015357036398721343,0.5316104196584203,0.05996026462742507,0.3809265598297547,28054,11946,0.70
sequences,0.25,15,10,-12.3,10.68,q2,"(50, 150)",2271,0.08793794813879305,0.33250104200597963,0.05996026462742507,0.3809265598297547,28054,11946,0.70
sequences,0.25,15,10,-12.3,10.68,q3,"(150, 50)",2264,-0.014676451698695922,0.5112876753442589,0.05996026462742507,0.3809265598297547,28054,11946,0.70
sequences,0.25,15,10,-12.3,10.68,q4,"(150, 150)",6690,0.08383828862561234,0.3151507559100607,0.05996026462742507,0.3809265598297547,28054,11946,0.70
sequences,0.25,16,10,-12.3,10.68,q1,"(50, 50)",711,-0.015025250470370434,0.45821376219844995,0.0604726670285612,0.3611693592362491,28066,11934,0.70
sequences,0.25,16,10,-12.3,10.68,q2,"(50, 150)",2269,0.08814115375762595,0.33636818718249606,0.0604726670285612,0.3611693592362491,28066,11934,0.70
sequences,0.25,16,10,-12.3,10.68,q3,"(150, 50)",2249,-0.0037257409435656054,0.44411031512090143,0.0604726670285612,0.3611693592362491,28066,11934,0.70
sequences,0.25,16,10,-12.3,10.68,q4,"(150, 150)",6705,0.08064887023255905,0.32063945580457964,0.0604726670285612,0.3611693592362491,28066,11934,0.70
sequences,0.25,17,10,-12.3,10.68,q1,"(50, 50)",748,0.016640907432927718,0.5087043456215155,0.0614811849403419,0.3703048508796308,28073,11927,0.70
sequences,0.25,17,10,-12.3,10.68,q2,"(50, 150)",2173,0.08368681953929086,0.33205921218201984,0.0614811849403419,0.3703048508796308,28073,11927,0.70
sequences,0.25,17,10,-12.3,10.68,q3,"(150, 50)",2283,0.009326666912567165,0.4940596093035386,0.0614811849403419,0.3703048508796308,28073,11927,0.70
sequences,0.25,17,10,-12.3,10.68,q4,"(150, 150)",6723,0.07700348871089663,0.30724659688924316,0.0614811849403419,0.3703048508796308,28073,11927,0.70
sequences,0.25,18,10,-12.3,10.68,q1,"(50, 50)",723,-0.01153559040901796,0.5166683566260868,0.060682784739871216,0.37404909583000095,28067,11933,0.70
sequences,0.25,18,10,-12.3,10.68,q2,"(50, 150)",2267,0.08742550422481878,0.33141145677998074,0.060682784739871216,0.37404909583000095,28067,11933,0.70
sequences,0.25,18,10,-12.3,10.68,q3,"(150, 50)",2265,0.004012811632633923,0.497416407669194,0.060682784739871216,0.37404909583000095,28067,11933,0.70
sequences,0.25,18,10,-12.3,10.68,q4,"(150, 150)",6678,0.07864409489982377,0.3125482941677802,0.060682784739871216,0.37404909583000095,28067,11933,0.70
sequences,0.25,19,10,-12.3,10.68,q1,"(50, 50)",745,-0.002424368045049404,0.4729082285668051,0.06141428503211352,0.3608897561204464,28063,11937,0.70
sequences,0.25,19,10,-12.3,10.68,q2,"(50, 150)",2264,0.08494732186320231,0.3274316292315996,0.06141428503211352,0.3608897561204464,28063,11937,0.70
sequences,0.25,19,10,-12.3,10.68,q3,"(150, 50)",2235,0.01622451795109548,0.458124015459421,0.06141428503211352,0.3608897561204464,28063,11937,0.70
sequences,0.25,19,10,-12.3,10.68,q4,"(150, 150)",6693,0.07565007325607538,0.3154625241596136,0.06141428503211352,0.3608897561204464,28063,11937,0.70
sequences,0.25,20,10,-12.3,10.68,q1,"(50, 50)",752,0.014278400613509542,0.5067472793172995,0.06205191178994721,0.361695151117253,28064,11936,0.70
sequences,0.25,20,10,-12.3,10.68,q2,"(50, 150)",2238,0.08195172788567492,0.3178603305618122,0.06205191178994721,0.361695151117253,28064,11936,0.70
sequences,0.25,20,10,-12.3,10.68,q3,"(150, 50)",2217,0.027483758703562452,0.48115895428238703,0.06205191178994721,0.361695151117253,28064,11936,0.70
sequences,0.25,20,10,-12.3,10.68,q4,"(150, 150)",6729,0.07216151015151023,0.3042955568763598,0.06205191178994721,0.361695151117253,28064,11936,0.70
sequences,0.25,21,10,-12.3,10.68,q1,"(50, 50)",726,0.01002128391404809,0.5372713937235275,0.061294770809961464,0.37145509242975716,28067,11933,0.70
sequences,0.25,21,10,-12.3,10.68,q2,"(50, 150)",2239,0.08262539773084668,0.31957366225176503,0.061294770809961464,0.37145509242975716,28067,11933,0.70
sequences,0.25,21,10,-12.3,10.68,q3,"(150, 50)",2241,0.014141431553400507,0.5126237540958439,0.061294770809961464,0.37145509242975716,28067,11933,0.70
sequences,0.25,21,10,-12.3,10.68,q4,"(150, 150)",6727,0.07543716877109186,0.30115947175345764,0.061294770809961464,0.37145509242975716,28067,11933,0.70
sequences,0.25,22,10,-12.3,10.68,q1,"(50, 50)",718,-0.036873962675878766,0.5008573868429058,0.05902262544474516,0.3725685111468009,28061,11939,0.70
sequences,0.25,22,10,-12.3,10.68,q2,"(50, 150)",2253,0.09408121622049288,0.333189045064657,0.05902262544474516,0.3725685111468009,28061,11939,0.70
sequences,0.25,22,10,-12.3,10.68,q3,"(150, 50)",2291,-0.03061609902982051,0.47304083175547434,0.05902262544474516,0.3725685111468009,28061,11939,0.70
sequences,0.25,22,10,-12.3,10.68,q4,"(150, 150)",6677,0.08826166438799489,0.31932588075927487,0.05902262544474516,0.3725685111468009,28061,11939,0.70
sequences,0.25,23,10,-12.3,10.68,q1,"(50, 50)",738,0.001161383798521521,0.47468845115039926,0.059883426105262844,0.3654812305613658,28051,11949,0.70
sequences,0.25,23,10,-12.3,10.68,q2,"(50, 150)",2241,0.08452199028652443,0.33578641107176443,0.059883426105262844,0.3654812305613658,28051,11949,0.70
sequences,0.25,23,10,-12.3,10.68,q3,"(150, 50)",2294,-0.010794072442016535,0.4526852506655786,0.059883426105262844,0.3654812305613658,28051,11949,0.70
sequences,0.25,23,10,-12.3,10.68,q4,"(150, 150)",6676,0.08239032043714223,0.3210912538104071,0.059883426105262844,0.3654812305613658,28051,11949,0.70
sequences,0.25,24,10,-12.3,10.68,q1,"(50, 50)",727,0.011813086627787383,0.5104061310195196,0.06092722689414452,0.3658635328128013,28045,11955,0.70
sequences,0.25,24,10,-12.3,10.68,q2,"(50, 150)",2238,0.08205816544023457,0.3272441959545889,0.06092722689414452,0.3658635328128013,28045,11955,0.70
sequences,0.25,24,10,-12.3,10.68,q3,"(150, 50)",2245,0.008893167223047308,0.4783947833365759,0.06092722689414452,0.3658635328128013,28045,11955,0.70
sequences,0.25,24,10,-12.3,10.68,q4,"(150, 150)",6745,0.07652862103337436,0.3096960294100014,0.06092722689414452,0.3658635328128013,28045,11955,0.70
sequences,0.25,25,10,-12.3,10.68,q1,"(50, 50)",741,0.009059111622824094,0.49385419640137956,0.06216758873757208,0.3533086927577956,28059,11941,0.70
sequences,0.25,25,10,-12.3,10.68,q2,"(50, 150)",2211,0.0844612713161554,0.31363436157024893,0.06216758873757208,0.3533086927577956,28059,11941,0.70
sequences,0.25,25,10,-12.3,10.68,q3,"(150, 50)",2298,0.02348453163591908,0.45897006758774056,0.06216758873757208,0.3533086927577956,28059,11941,0.70
sequences,0.25,25,10,-12.3,10.68,q4,"(150, 150)",6691,0.07396787488020834,0.29963017812112375,0.06216758873757208,0.3533086927577956,28059,11941,0.70
sequences,0.25,26,10,-12.3,10.68,q1,"(50, 50)",717,-0.027864073306313093,0.522975488987547,0.05965273887611449,0.37788803944019156,28058,11942,0.70
sequences,0.25,26,10,-12.3,10.68,q2,"(50, 150)",2228,0.0930777781797122,0.3330819239425329,0.05965273887611449,0.37788803944019156,28058,11942,0.70
sequences,0.25,26,10,-12.3,10.68,q3,"(150, 50)",2295,-0.016194451679476755,0.49548086732326946,0.05965273887611449,0.37788803944019156,28058,11942,0.70
sequences,0.25,26,10,-12.3,10.68,q4,"(150, 150)",6702,0.08387653313028738,0.31700164191977825,0.05965273887611449,0.37788803944019156,28058,11942,0.70
sequences,0.25,27,10,-12.3,10.68,q1,"(50, 50)",748,-0.019384447727521945,0.4715086074149817,0.060107136410200206,0.36065228105384906,28050,11950,0.70
sequences,0.25,27,10,-12.3,10.68,q2,"(50, 150)",2228,0.09069626554316489,0.32761703748712795,0.060107136410200206,0.36065228105384906,28050,11950,0.70
sequences,0.25,27,10,-12.3,10.68,q3,"(150, 50)",2323,-0.008231626357671622,0.4405884930830163,0.060107136410200206,0.36065228105384906,28050,11950,0.70
sequences,0.25,27,10,-12.3,10.68,q4,"(150, 150)",6651,0.08266886714791441,0.3190257332546847,0.060107136410200206,0.36065228105384906,28050,11950,0.70
sequences,0.25,28,10,-12.3,10.68,q1,"(50, 50)",709,0.00501748126485865,0.4792637102297589,0.060287363449280026,0.3646313916783507,28058,11942,0.70
sequences,0.25,28,10,-12.3,10.68,q2,"(50, 150)",2218,0.08470416174342421,0.34206974283572045,0.060287363449280026,0.3646313916783507,28058,11942,0.70
sequences,0.25,28,10,-12.3,10.68,q3,"(150, 50)",2233,-0.00936139149184186,0.4516266172141124,0.060287363449280026,0.3646313916783507,28058,11942,0.70
sequences,0.25,28,10,-12.3,10.68,q4,"(150, 150)",6782,0.08101215814640006,0.3195870687764634,0.060287363449280026,0.3646313916783507,28058,11942,0.70
sequences,0.25,29,10,-12.3,10.68,q1,"(50, 50)",706,-0.004244179359149825,0.5491563222777278,0.06020791746236342,0.3751217419115498,28048,11952,0.70
sequences,0.25,29,10,-12.3,10.68,q2,"(50, 150)",2280,0.08475517264686382,0.3199835630353389,0.06020791746236342,0.3751217419115498,28048,11952,0.70
sequences,0.25,29,10,-12.3,10.68,q3,"(150, 50)",2257,-0.011836569999171478,0.5031425573336851,0.06020791746236342,0.3751217419115498,28048,11952,0.70
sequences,0.25,29,10,-12.3,10.68,q4,"(150, 150)",6709,0.08288489566120255,0.30997878537508716,0.06020791746236342,0.3751217419115498,28048,11952,0.70
sequences,0.25,30,10,-12.3,10.68,q1,"(50, 50)",762,-0.014935149686739292,0.49925759204763126,0.06011053783952542,0.37937883648861576,28072,11928,0.70
sequences,0.25,30,10,-12.3,10.68,q2,"(50, 150)",2249,0.0886893753157993,0.33675685404745015,0.06011053783952542,0.37937883648861576,28072,11928,0.70
sequences,0.25,30,10,-12.3,10.68,q3,"(150, 50)",2249,-0.004598277567957982,0.4901462995816759,0.06011053783952542,0.37937883648861576,28072,11928,0.70
sequences,0.25,30,10,-12.3,10.68,q4,"(150, 150)",6668,0.08087255557532384,0.32701470270711575,0.06011053783952542,0.37937883648861576,28072,11928,0.70
sequences,0.25,31,10,-12.3,10.68,q1,"(50, 50)",777,-0.010376366089741785,0.4861039304505944,0.06121913424063923,0.3605814292850689,28063,11937,0.70
sequences,0.25,31,10,-12.3,10.68,q2,"(50, 150)",2222,0.08918397775244502,0.3136130860863224,0.06121913424063923,0.3605814292850689,28063,11937,0.70
sequences,0.25,31,10,-12.3,10.68,q3,"(150, 50)",2281,0.013469431184423283,0.4749771915916009,0.06121913424063923,0.3605814292850689,28063,11937,0.70
sequences,0.25,31,10,-12.3,10.68,q4,"(150, 150)",6657,0.07660277464092498,0.30586745885466626,0.06121913424063923,0.3605814292850689,28063,11937,0.70
sequences,0.25,32,10,-12.3,10.68,q1,"(50, 50)",729,0.015422096075675013,0.5164542041651898,0.06170335056282568,0.3592825719505721,28048,11952,0.70
sequences,0.25,32,10,-12.3,10.68,q2,"(50, 150)",2181,0.08388636511276064,0.31533364969952354,0.06170335056282568,0.3592825719505721,28048,11952,0.70
sequences,0.25,32,10,-12.3,10.68,q3,"(150, 50)",2241,0.020272367644828752,0.48353081087758504,0.06170335056282568,0.3592825719505721,28048,11952,0.70
sequences,0.25,32,10,-12.3,10.68,q4,"(150, 150)",6801,0.07320235254885063,0.2970643878677245,0.06170335056282568,0.3592825719505721,28048,11952,0.70
sequences,0.25,33,10,-12.3,10.68,q1,"(50, 50)",741,0.012121328400326859,0.48254233648956707,0.06123132355347377,0.3588427535905286,28055,11945,0.70
sequences,0.25,33,10,-12.3,10.68,q2,"(50, 150)",2277,0.08085198397636824,0.32077379970678094,0.06123132355347377,0.3588427535905286,28055,11945,0.70
sequences,0.25,33,10,-12.3,10.68,q3,"(150, 50)",2259,0.008485744204169865,0.4576552229372744,0.06123132355347377,0.3588427535905286,28055,11945,0.70
sequences,0.25,33,10,-12.3,10.68,q4,"(150, 150)",6668,0.07785797717909296,0.31158547686378735,0.06123132355347377,0.3588427535905286,28055,11945,0.70
sequences,0.25,34,10,-12.3,10.68,q1,"(50, 50)",767,-0.019249312531296026,0.5402301256172838,0.06095128172158788,0.3856786788483062,28071,11929,0.70
sequences,0.25,34,10,-12.3,10.68,q2,"(50, 150)",2204,0.09187083966785646,0.3311527027588352,0.06095128172158788,0.3856786788483062,28071,11929,0.70
sequences,0.25,34,10,-12.3,10.68,q3,"(150, 50)",2205,0.012997166328164712,0.5255937332160736,0.06095128172158788,0.3856786788483062,28071,11929,0.70
sequences,0.25,34,10,-12.3,10.68,q4,"(150, 150)",6753,0.0756271257199418,0.31876457819424786,0.06095128172158788,0.3856786788483062,28071,11929,0.70
sequences,0.25,35,10,-12.3,10.68,q1,"(50, 50)",739,0.012046018220874682,0.4878821928221049,0.061366651692383097,0.3652530305593363,28060,11940,0.70
sequences,0.25,35,10,-12.3,10.68,q2,"(50, 150)",2254,0.08200589980414558,0.3289950643972181,0.061366651692383097,0.3652530305593363,28060,11940,0.70
sequences,0.25,35,10,-12.3,10.68,q3,"(150, 50)",2215,0.0007499872374157489,0.4726696843796714,0.061366651692383097,0.3652530305593363,28060,11940,0.70
sequences,0.25,35,10,-12.3,10.68,q4,"(150, 150)",6732,0.07981480895014968,0.314292598890581,0.061366651692383097,0.3652530305593363,28060,11940,0.70
sequences,0.25,36,10,-12.3,10.68,q1,"(50, 50)",727,-0.015075458483180199,0.4968151446590278,0.06090698985407405,0.36134251354348296,28058,11942,0.70
sequences,0.25,36,10,-12.3,10.68,q2,"(50, 150)",2266,0.08791985221094753,0.3221940411468409,0.06090698985407405,0.36134251354348296,28058,11942,0.70
sequences,0.25,36,10,-12.3,10.68,q3,"(150, 50)",2201,0.015256192674839901,0.46638555941505216,0.06090698985407405,0.36134251354348296,28058,11942,0.70
sequences,0.25,36,10,-12.3,10.68,q4,"(150, 150)",6748,0.07491195405561568,0.3113307013662537,0.06090698985407405,0.36134251354348296,28058,11942,0.70
sequences,0.25,37,10,-12.3,10.68,q1,"(50, 50)",732,-0.0026565853662482495,0.4816551881516709,0.06025996935479564,0.3679154617703082,28070,11930,0.70
sequences,0.25,37,10,-12.3,10.68,q2,"(50, 150)",2251,0.08553926594644895,0.34234108660210544,0.06025996935479564,0.3679154617703082,28070,11930,0.70
sequences,0.25,37,10,-12.3,10.68,q3,"(150, 50)",2226,-0.01621192696126791,0.4562595599174617,0.06025996935479564,0.3679154617703082,28070,11930,0.70
sequences,0.25,37,10,-12.3,10.68,q4,"(150, 150)",6721,0.0839733546587013,0.3219655686125651,0.06025996935479564,0.3679154617703082,28070,11930,0.70
sequences,0.25,38,10,-12.3,10.68,q1,"(50, 50)",713,0.01965824527700137,0.4841720757547062,0.061113370073980065,0.3555204248019943,28059,11941,0.70
sequences,0.25,38,10,-12.3,10.68,q2,"(50, 150)",2284,0.07888966752718736,0.32540052404066194,0.061113370073980065,0.3555204248019943,28059,11941,0.70
sequences,0.25,38,10,-12.3,10.68,q3,"(150, 50)",2280,0.0018558139091337548,0.44936039611898415,0.061113370073980065,0.3555204248019943,28059,11941,0.70
sequences,0.25,38,10,-12.3,10.68,q4,"(150, 150)",6664,0.07973036717076425,0.3068942836060381,0.061113370073980065,0.3555204248019943,28059,11941,0.70
sequences,0.25,39,10,-12.3,10.68,q1,"(50, 50)",735,0.0014348343540902468,0.4938501607276464,0.060205302075432836,0.3704685868894802,28061,11939,0.70
sequences,0.25,39,10,-12.3,10.68,q2,"(50, 150)",2207,0.08576392926487068,0.34226979559119647,0.060205302075432836,0.3704685868894802,28061,11939,0.70
sequences,0.25,39,10,-12.3,10.68,q3,"(150, 50)",2213,-0.0023580692515845006,0.4601105742224692,0.060205302075432836,0.3704685868894802,28061,11939,0.70
sequences,0.25,39,10,-12.3,10.68,q4,"(150, 150)",6784,0.07866655565957005,0.32517603652105126,0.060205302075432836,0.3704685868894802,28061,11939,0.70
sequences,0.25,40,10,-12.3,10.68,q1,"(50, 50)",725,-0.006895112604233218,0.5258109417437904,0.06063830244544321,0.3838092870623478,28057,11943,0.70
sequences,0.25,40,10,-12.3,10.68,q2,"(50, 150)",2315,0.08410344847733996,0.3405859613375304,0.06063830244544321,0.3838092870623478,28057,11943,0.70
sequences,0.25,40,10,-12.3,10.68,q3,"(150, 50)",2237,0.004679978172384607,0.5029696170235877,0.06063830244544321,0.3838092870623478,28057,11943,0.70
sequences,0.25,40,10,-12.3,10.68,q4,"(150, 150)",6666,0.07861290254235388,0.3265165325046196,0.06063830244544321,0.3838092870623478,28057,11943,0.70
sequences,0.25,41,10,-12.3,10.68,q1,"(50, 50)",768,0.00026331104022338236,0.45482604292436785,0.0623779853414798,0.3467646610352992,28070,11930,0.70
sequences,0.25,41,10,-12.3,10.68,q2,"(50, 150)",2321,0.08308274460811206,0.30508049723127123,0.0623779853414798,0.3467646610352992,28070,11930,0.70
sequences,0.25,41,10,-12.3,10.68,q3,"(150, 50)",2230,0.0275912909558081,0.44324068217442797,0.0623779853414798,0.3467646610352992,28070,11930,0.70
sequences,0.25,41,10,-12.3,10.68,q4,"(150, 150)",6611,0.07405891894994439,0.3047457229654127,0.0623779853414798,0.3467646610352992,28070,11930,0.70
sequences,0.25,42,10,-12.3,10.68,q1,"(50, 50)",712,0.009499521460858603,0.4884452681052697,0.06273163551685401,0.3604673749846188,28068,11932,0.70
sequences,0.25,42,10,-12.3,10.68,q2,"(50, 150)",2276,0.0823421388727603,0.32250666659190874,0.06273163551685401,0.3604673749846188,28068,11932,0.70
sequences,0.25,42,10,-12.3,10.68,q3,"(150, 50)",2223,0.038617587310497595,0.4673863393759536,0.06273163551685401,0.3604673749846188,28068,11932,0.70
sequences,0.25,42,10,-12.3,10.68,q4,"(150, 150)",6721,0.069705789472003,0.3118648198815789,0.06273163551685401,0.3604673749846188,28068,11932,0.70
sequences,0.25,43,10,-12.3,10.68,q1,"(50, 50)",778,0.007344148078694351,0.48397933095152895,0.05983063231248559,0.3702735572810716,28050,11950,0.70
sequences,0.25,43,10,-12.3,10.68,q2,"(50, 150)",2288,0.0809403862663569,0.3301706480185658,0.05983063231248559,0.3702735572810716,28050,11950,0.70
sequences,0.25,43,10,-12.3,10.68,q3,"(150, 50)",2219,-0.01875607090615818,0.47934833973492635,0.05983063231248559,0.3702735572810716,28050,11950,0.70
sequences,0.25,43,10,-12.3,10.68,q4,"(150, 150)",6665,0.08487478266951523,0.31842650537124234,0.05983063231248559,0.3702735572810716,28050,11950,0.70
sequences,0.25,44,10,-12.3,10.68,q1,"(50, 50)",713,-0.020434375818254694,0.46832680469745086,0.060650497438227355,0.35518964402566966,28075,11925,0.70
sequences,0.25,44,10,-12.3,10.68,q2,"(50, 150)",2298,0.08869425030137562,0.3281732062382123,0.060650497438227355,0.35518964402566966,28075,11925,0.70
sequences,0.25,44,10,-12.3,10.68,q3,"(150, 50)",2231,0.00407831601692419,0.42989439883148517,0.060650497438227355,0.35518964402566966,28075,11925,0.70
sequences,0.25,44,10,-12.3,10.68,q4,"(150, 150)",6683,0.07854388473484329,0.3172195413775007,0.060650497438227355,0.35518964402566966,28075,11925,0.70
sequences,0.25,45,10,-12.3,10.68,q1,"(50, 50)",707,-0.01298376093329255,0.5305293973940144,0.05999151808861234,0.38390514126775166,28064,11936,0.70
sequences,0.25,45,10,-12.3,10.68,q2,"(50, 150)",2240,0.08864131552577661,0.34624902359144744,0.05999151808861234,0.38390514126775166,28064,11936,0.70
sequences,0.25,45,10,-12.3,10.68,q3,"(150, 50)",2272,-0.012856131987947552,0.4918105457768945,0.05999151808861234,0.38390514126775166,28064,11936,0.70
sequences,0.25,45,10,-12.3,10.68,q4,"(150, 150)",6717,0.08275880065273067,0.3276121609279129,0.05999151808861234,0.38390514126775166,28064,11936,0.70
sequences,0.25,46,10,-12.3,10.68,q1,"(50, 50)",740,-0.020458724390714732,0.4506915439219636,0.05988430886643376,0.355996432836104,28061,11939,0.70
sequences,0.25,46,10,-12.3,10.68,q2,"(50, 150)",2243,0.09030036082008651,0.33220476475242183,0.05988430886643376,0.355996432836104,28061,11939,0.70
sequences,0.25,46,10,-12.3,10.68,q3,"(150, 50)",2231,-0.0047616515134878065,0.427490755939813,0.05988430886643376,0.355996432836104,28061,11939,0.70
sequences,0.25,46,10,-12.3,10.68,q4,"(150, 150)",6725,0.08002643194239685,0.31999235194713543,0.05988430886643376,0.355996432836104,28061,11939,0.70
sequences,0.25,47,10,-12.3,10.68,q1,"(50, 50)",721,-0.007337209815789878,0.49546708050309335,0.061489473176484746,0.3566706271756577,28075,11925,0.70
sequences,0.25,47,10,-12.3,10.68,q2,"(50, 150)",2221,0.08874936151353605,0.31835602841572874,0.061489473176484746,0.3566706271756577,28075,11925,0.70
sequences,0.25,47,10,-12.3,10.68,q3,"(150, 50)",2251,-6.518664662355302e-05,0.464182341915228,0.061489473176484746,0.3566706271756577,28075,11925,0.70
sequences,0.25,47,10,-12.3,10.68,q4,"(150, 150)",6732,0.08044956909191195,0.30197970744626806,0.061489473176484746,0.3566706271756577,28075,11925,0.70
sequences,0.25,48,10,-12.3,10.68,q1,"(50, 50)",740,0.0018187332607982533,0.5042524700819958,0.06082106429161475,0.36017583576163326,28070,11930,0.70
sequences,0.25,48,10,-12.3,10.68,q2,"(50, 150)",2268,0.08378865000298213,0.3106555601731908,0.06082106429161475,0.36017583576163326,28070,11930,0.70
sequences,0.25,48,10,-12.3,10.68,q3,"(150, 50)",2216,0.0027333852092139063,0.4902473301920324,0.06082106429161475,0.36017583576163326,28070,11930,0.70
sequences,0.25,48,10,-12.3,10.68,q4,"(150, 150)",6706,0.07875925955198206,0.29776844213129866,0.06082106429161475,0.36017583576163326,28070,11930,0.70
sequences,0.25,49,10,-12.3,10.68,q1,"(50, 50)",724,-0.014690097940944138,0.49017980632836833,0.060952732477868025,0.36181998299452783,28064,11936,0.70
sequences,0.25,49,10,-12.3,10.68,q2,"(50, 150)",2294,0.08751032077589618,0.32629909690684705,0.060952732477868025,0.36181998299452783,28064,11936,0.70
sequences,0.25,49,10,-12.3,10.68,q3,"(150, 50)",2233,0.0016977706614210238,0.46192239403586244,0.060952732477868025,0.36181998299452783,28064,11936,0.70
sequences,0.25,49,10,-12.3,10.68,q4,"(150, 150)",6685,0.07982462947168546,0.31228619792599266,0.060952732477868025,0.36181998299452783,28064,11936,0.70
sequences,0.25,0,11,-17.0,8.65,q1,"(50, 50)",747,-0.0040176487214098906,0.5797553192568624,0.06860738698288173,0.39587929477699313,28073,11927,0.70
sequences,0.25,0,11,-17.0,8.65,q2,"(50, 150)",2258,0.09636423774152499,0.32356942233998054,0.06860738698288173,0.39587929477699313,28073,11927,0.70
sequences,0.25,0,11,-17.0,8.65,q3,"(150, 50)",2221,0.010899040104525472,0.5532115410770164,0.06860738698288173,0.39587929477699313,28073,11927,0.70
sequences,0.25,0,11,-17.0,8.65,q4,"(150, 150)",6701,0.08647728268127279,0.3201397491795804,0.06860738698288173,0.39587929477699313,28073,11927,0.70
sequences,0.25,1,11,-17.0,8.65,q1,"(50, 50)",781,-0.01990188111738355,0.5389459195825904,0.06759669929045986,0.3977499063073818,28062,11938,0.70
sequences,0.25,1,11,-17.0,8.65,q2,"(50, 150)",2282,0.09980185077375674,0.33954097749887846,0.06759669929045986,0.3977499063073818,28062,11938,0.70
sequences,0.25,1,11,-17.0,8.65,q3,"(150, 50)",2252,-0.020737052247566657,0.5240070600544818,0.06759669929045986,0.3977499063073818,28062,11938,0.70
sequences,0.25,1,11,-17.0,8.65,q4,"(150, 150)",6623,0.09685411195500433,0.3362364921868409,0.06759669929045986,0.3977499063073818,28062,11938,0.70
sequences,0.25,2,11,-17.0,8.65,q1,"(50, 50)",710,-0.031294634365216435,0.5437383630921279,0.06827385672908233,0.38628125076441794,28060,11940,0.70
sequences,0.25,2,11,-17.0,8.65,q2,"(50, 150)",2233,0.10638350911294295,0.3394191196794146,0.06827385672908233,0.38628125076441794,28060,11940,0.70
sequences,0.25,2,11,-17.0,8.65,q3,"(150, 50)",2346,-0.008434016281323366,0.5068810750958408,0.06827385672908233,0.38628125076441794,28060,11940,0.70
sequences,0.25,2,11,-17.0,8.65,q4,"(150, 150)",6651,0.0931650678230837,0.3205671621950973,0.06827385672908233,0.38628125076441794,28060,11940,0.70
sequences,0.25,3,11,-17.0,8.65,q1,"(50, 50)",771,-0.016531252637541412,0.583312383011572,0.06820587264445421,0.4011593283350789,28055,11945,0.70
sequences,0.25,3,11,-17.0,8.65,q2,"(50, 150)",2276,0.09944030403490167,0.3321395965575016,0.06820587264445421,0.4011593283350789,28055,11945,0.70
sequences,0.25,3,11,-17.0,8.65,q3,"(150, 50)",2264,-0.0008917956020541171,0.5551537012337083,0.06820587264445421,0.4011593283350789,28055,11945,0.70
sequences,0.25,3,11,-17.0,8.65,q4,"(150, 150)",6634,0.09091914949972328,0.3223030858771007,0.06820587264445421,0.4011593283350789,28055,11945,0.70
sequences,0.25,4,11,-17.0,8.65,q1,"(50, 50)",740,0.024355173192041397,0.5404203044473506,0.06976765312782844,0.37788277945358734,28063,11937,0.70
sequences,0.25,4,11,-17.0,8.65,q2,"(50, 150)",2242,0.0891388372845192,0.32634047156327867,0.06976765312782844,0.37788277945358734,28063,11937,0.70
sequences,0.25,4,11,-17.0,8.65,q3,"(150, 50)",2317,0.0320227711501947,0.5198118267679296,0.06976765312782844,0.37788277945358734,28063,11937,0.70
sequences,0.25,4,11,-17.0,8.65,q4,"(150, 150)",6638,0.08146243044258576,0.3048814885217501,0.06976765312782844,0.37788277945358734,28063,11937,0.70
sequences,0.25,5,11,-17.0,8.65,q1,"(50, 50)",739,-0.045482151838051134,0.5176890883452364,0.0676258941166744,0.3908144263647073,28063,11937,0.70
sequences,0.25,5,11,-17.0,8.65,q2,"(50, 150)",2176,0.11255383801000853,0.3554420190692899,0.0676258941166744,0.3908144263647073,28063,11937,0.70
sequences,0.25,5,11,-17.0,8.65,q3,"(150, 50)",2267,-0.0157261487183472,0.49396575724732894,0.0676258941166744,0.3908144263647073,28063,11937,0.70
sequences,0.25,5,11,-17.0,8.65,q4,"(150, 150)",6755,0.09350046423594029,0.33607859939477774,0.0676258941166744,0.3908144263647073,28063,11937,0.70
sequences,0.25,6,11,-17.0,8.65,q1,"(50, 50)",687,-0.007012996003749377,0.5770000565305706,0.06892377829174369,0.3893212026659333,28067,11933,0.70
sequences,0.25,6,11,-17.0,8.65,q2,"(50, 150)",2286,0.0967266334232858,0.32812461551145633,0.06892377829174369,0.3893212026659333,28067,11933,0.70
sequences,0.25,6,11,-17.0,8.65,q3,"(150, 50)",2172,0.0033141386956331105,0.545044145212374,0.06892377829174369,0.3893212026659333,28067,11933,0.70
sequences,0.25,6,11,-17.0,8.65,q4,"(150, 150)",6788,0.0882395376189462,0.31440492088629257,0.06892377829174369,0.3893212026659333,28067,11933,0.70
sequences,0.25,7,11,-17.0,8.65,q1,"(50, 50)",711,0.005304025264034282,0.5623328877054307,0.06830874169676637,0.3799298274260051,28047,11953,0.70
sequences,0.25,7,11,-17.0,8.65,q2,"(50, 150)",2272,0.0931862241328857,0.31731082087416934,0.06830874169676637,0.3799298274260051,28047,11953,0.70
sequences,0.25,7,11,-17.0,8.65,q3,"(150, 50)",2230,0.000795978611702966,0.5346905946541524,0.06830874169676637,0.3799298274260051,28047,11953,0.70
sequences,0.25,7,11,-17.0,8.65,q4,"(150, 150)",6740,0.08890639376924425,0.30255824277151383,0.06830874169676637,0.3799298274260051,28047,11953,0.70
sequences,0.25,8,11,-17.0,8.65,q1,"(50, 50)",735,0.0030898958244629906,0.5552563278230462,0.06865513199847709,0.3884472668714849,28059,11941,0.70
sequences,0.25,8,11,-17.0,8.65,q2,"(50, 150)",2226,0.09613523660854342,0.3378020962485314,0.06865513199847709,0.3884472668714849,28059,11941,0.70
sequences,0.25,8,11,-17.0,8.65,q3,"(150, 50)",2343,-0.003251652943821509,0.5139365571057098,0.06865513199847709,0.3884472668714849,28059,11941,0.70
sequences,0.25,8,11,-17.0,8.65,q4,"(150, 150)",6637,0.09208399034497375,0.3204916917582323,0.06865513199847709,0.3884472668714849,28059,11941,0.70
sequences,0.25,9,11,-17.0,8.65,q1,"(50, 50)",708,0.008907339658922776,0.49472649124854073,0.06959813809622709,0.3646337502828335,28073,11927,0.70
sequences,0.25,9,11,-17.0,8.65,q2,"(50, 150)",2330,0.09099233916068186,0.31739943696851136,0.06959813809622709,0.3646337502828335,28073,11927,0.70
sequences,0.25,9,11,-17.0,8.65,q3,"(150, 50)",2246,0.021629753364604477,0.4844659238145914,0.06959813809622709,0.3646337502828335,28073,11927,0.70
sequences,0.25,9,11,-17.0,8.65,q4,"(150, 150)",6643,0.08478067443833999,0.31044963089887634,0.06959813809622709,0.3646337502828335,28073,11927,0.70
sequences,0.25,10,11,-17.0,8.65,q1,"(50, 50)",746,0.0008296075833604822,0.5317711744235906,0.06899046020431365,0.3726605379764721,28061,11939,0.70
sequences,0.25,10,11,-17.0,8.65,q2,"(50, 150)",2208,0.09793308609294706,0.32009257586275447,0.06899046020431365,0.3726605379764721,28061,11939,0.70
sequences,0.25,10,11,-17.0,8.65,q3,"(150, 50)",2258,0.0019826397626723567,0.5036989608249784,0.06899046020431365,0.3726605379764721,28061,11939,0.70
sequences,0.25,10,11,-17.0,8.65,q4,"(150, 150)",6727,0.08954142447521518,0.3059482972918737,0.06899046020431365,0.3726605379764721,28061,11939,0.70
sequences,0.25,11,11,-17.0,8.65,q1,"(50, 50)",759,0.004577642045576752,0.5565832325506568,0.0683278649599278,0.3885880204246126,28054,11946,0.70
sequences,0.25,11,11,-17.0,8.65,q2,"(50, 150)",2205,0.09622160557266801,0.3300355819026178,0.0683278649599278,0.3885880204246126,28054,11946,0.70
sequences,0.25,11,11,-17.0,8.65,q3,"(150, 50)",2264,-0.019432255724757787,0.5415146935167208,0.0683278649599278,0.3885880204246126,28054,11946,0.70
sequences,0.25,11,11,-17.0,8.65,q4,"(150, 150)",6718,0.0959506149407299,0.3080000026006243,0.0683278649599278,0.3885880204246126,28054,11946,0.70
sequences,0.25,12,11,-17.0,8.65,q1,"(50, 50)",743,-0.017826797848573196,0.5820134893834463,0.06854860877791814,0.3962749531064111,28060,11940,0.70
sequences,0.25,12,11,-17.0,8.65,q2,"(50, 150)",2270,0.10010445157442317,0.3229322399264974,0.06854860877791814,0.3962749531064111,28060,11940,0.70
sequences,0.25,12,11,-17.0,8.65,q3,"(150, 50)",2283,-0.002421472138159083,0.5406316446412794,0.06854860877791814,0.3962749531064111,28060,11940,0.70
sequences,0.25,12,11,-17.0,8.65,q4,"(150, 150)",6644,0.09181318715040777,0.3237519966352292,0.06854860877791814,0.3962749531064111,28060,11940,0.70
sequences,0.25,13,11,-17.0,8.65,q1,"(50, 50)",707,-0.0029910844574057888,0.5697704740057774,0.06853526075502452,0.3906523821858541,28054,11946,0.70
sequences,0.25,13,11,-17.0,8.65,q2,"(50, 150)",2305,0.09430216747642745,0.330264672260331,0.06853526075502452,0.3906523821858541,28054,11946,0.70
sequences,0.25,13,11,-17.0,8.65,q3,"(150, 50)",2231,0.0022450572767567963,0.538976447607782,0.06853526075502452,0.3906523821858541,28054,11946,0.70
sequences,0.25,13,11,-17.0,8.65,q4,"(150, 150)",6703,0.08928266490725037,0.3176167985853503,0.06853526075502452,0.3906523821858541,28054,11946,0.70
sequences,0.25,14,11,-17.0,8.65,q1,"(50, 50)",725,0.009389347517940209,0.5647680232176867,0.0692953566908232,0.3940777904917772,28058,11942,0.70
sequences,0.25,14,11,-17.0,8.65,q2,"(50, 150)",2298,0.09191518276023522,0.3330272786183262,0.0692953566908232,0.3940777904917772,28058,11942,0.70
sequences,0.25,14,11,-17.0,8.65,q3,"(150, 50)",2291,0.005415629993389293,0.5405996765883113,0.0692953566908232,0.3940777904917772,28058,11942,0.70
sequences,0.25,14,11,-17.0,8.65,q4,"(150, 150)",6628,0.09008593457354082,0.3209907007473142,0.0692953566908232,0.3940777904917772,28058,11942,0.70
sequences,0.25,15,11,-17.0,8.65,q1,"(50, 50)",761,-0.01064160964722338,0.5779571748575273,0.06840619230526945,0.3995449223393329,28064,11936,0.70
sequences,0.25,15,11,-17.0,8.65,q2,"(50, 150)",2284,0.09788055703192818,0.3281190222454373,0.06840619230526945,0.3995449223393329,28064,11936,0.70
sequences,0.25,15,11,-17.0,8.65,q3,"(150, 50)",2191,-0.03097565808842068,0.5598130226861046,0.06840619230526945,0.3995449223393329,28064,11936,0.70
sequences,0.25,15,11,-17.0,8.65,q4,"(150, 150)",6700,0.09983627625493119,0.3194397608011772,0.06840619230526945,0.3995449223393329,28064,11936,0.70
sequences,0.25,16,11,-17.0,8.65,q1,"(50, 50)",755,-0.010559707154690574,0.5347840291942657,0.06874480357152614,0.387922835361522,28058,11942,0.70
sequences,0.25,16,11,-17.0,8.65,q2,"(50, 150)",2251,0.09899968179083155,0.33749236155411694,0.06874480357152614,0.387922835361522,28058,11942,0.70
sequences,0.25,16,11,-17.0,8.65,q3,"(150, 50)",2216,0.012153101759200584,0.5330162564142434,0.06874480357152614,0.387922835361522,28058,11942,0.70
sequences,0.25,16,11,-17.0,8.65,q4,"(150, 150)",6720,0.08618206338443545,0.3179257339591678,0.06874480357152614,0.387922835361522,28058,11942,0.70
sequences,0.25,17,11,-17.0,8.65,q1,"(50, 50)",752,-0.022516887835204457,0.5407494813907187,0.06918552970957678,0.3844088390790158,28069,11931,0.70
sequences,0.25,17,11,-17.0,8.65,q2,"(50, 150)",2270,0.10273075494031182,0.33048542725133595,0.06918552970957678,0.3844088390790158,28069,11931,0.70
sequences,0.25,17,11,-17.0,8.65,q3,"(150, 50)",2201,0.005436094741776105,0.5252601514767545,0.06918552970957678,0.3844088390790158,28069,11931,0.70
sequences,0.25,17,11,-17.0,8.65,q4,"(150, 150)",6708,0.08903124573283802,0.3154502870996783,0.06918552970957678,0.3844088390790158,28069,11931,0.70
sequences,0.25,18,11,-17.0,8.65,q1,"(50, 50)",714,-0.009810854069922622,0.601208922421132,0.06838241343219899,0.40721122984122654,28053,11947,0.70
sequences,0.25,18,11,-17.0,8.65,q2,"(50, 150)",2266,0.0978472923106052,0.34205205057361066,0.06838241343219899,0.40721122984122654,28053,11947,0.70
sequences,0.25,18,11,-17.0,8.65,q3,"(150, 50)",2279,-0.01341482088659613,0.5531533437480032,0.06838241343219899,0.40721122984122654,28053,11947,0.70
sequences,0.25,18,11,-17.0,8.65,q4,"(150, 150)",6688,0.09462022361021641,0.33136362465302704,0.06838241343219899,0.40721122984122654,28053,11947,0.70
sequences,0.25,19,11,-17.0,8.65,q1,"(50, 50)",736,-0.005778465704119556,0.5666203820483566,0.0687473075059248,0.38814934821622527,28065,11935,0.70
sequences,0.25,19,11,-17.0,8.65,q2,"(50, 150)",2259,0.09766167707837503,0.32807622528203534,0.0687473075059248,0.38814934821622527,28065,11935,0.70
sequences,0.25,19,11,-17.0,8.65,q3,"(150, 50)",2232,-0.015534155525717871,0.543479193311194,0.0687473075059248,0.38814934821622527,28065,11935,0.70
sequences,0.25,19,11,-17.0,8.65,q4,"(150, 150)",6708,0.09523055641842541,0.3071598416063064,0.0687473075059248,0.38814934821622527,28065,11935,0.70
sequences,0.25,20,11,-17.0,8.65,q1,"(50, 50)",690,-0.015306068539178085,0.5132520677898401,0.06800224120093795,0.3884769969826055,28061,11939,0.70
sequences,0.25,20,11,-17.0,8.65,q2,"(50, 150)",2205,0.10184949905340226,0.3618315268505137,0.06800224120093795,0.3884769969826055,28061,11939,0.70
sequences,0.25,20,11,-17.0,8.65,q3,"(150, 50)",2263,-0.00546971545747273,0.4911578253098657,0.06800224120093795,0.3884769969826055,28061,11939,0.70
sequences,0.25,20,11,-17.0,8.65,q4,"(150, 150)",6781,0.08999259189758736,0.33535059796399713,0.06800224120093795,0.3884769969826055,28061,11939,0.70
sequences,0.25,21,11,-17.0,8.65,q1,"(50, 50)",724,-0.03145700989729751,0.5690363373363148,0.06818658863507733,0.3929261836897308,28051,11949,0.70
sequences,0.25,21,11,-17.0,8.65,q2,"(50, 150)",2246,0.1052321745899652,0.33487155394430085,0.06818658863507733,0.3929261836897308,28051,11949,0.70
sequences,0.25,21,11,-17.0,8.65,q3,"(150, 50)",2273,-0.004636504325895962,0.5233987079303436,0.06818658863507733,0.3929261836897308,28051,11949,0.70
sequences,0.25,21,11,-17.0,8.65,q4,"(150, 150)",6706,0.09122035982252939,0.32537533395446877,0.06818658863507733,0.3929261836897308,28051,11949,0.70
sequences,0.25,22,11,-17.0,8.65,q1,"(50, 50)",715,-0.031214299010897947,0.6134210494641258,0.06814024930193777,0.4143449548369566,28063,11937,0.70
sequences,0.25,22,11,-17.0,8.65,q2,"(50, 150)",2245,0.104991277054637,0.3463247987552652,0.06814024930193777,0.4143449548369566,28063,11937,0.70
sequences,0.25,22,11,-17.0,8.65,q3,"(150, 50)",2263,-0.010235755641616367,0.5712360309332246,0.06814024930193777,0.4143449548369566,28063,11937,0.70
sequences,0.25,22,11,-17.0,8.65,q4,"(150, 150)",6714,0.0928159782155706,0.33300180247840316,0.06814024930193777,0.4143449548369566,28063,11937,0.70
sequences,0.25,23,11,-17.0,8.65,q1,"(50, 50)",740,-0.03478059787924514,0.5808717553082884,0.06859595788817477,0.40562438195565576,28066,11934,0.70
sequences,0.25,23,11,-17.0,8.65,q2,"(50, 150)",2178,0.10994523545064944,0.34310852962807825,0.06859595788817477,0.40562438195565576,28066,11934,0.70
sequences,0.25,23,11,-17.0,8.65,q3,"(150, 50)",2319,0.008402516658029506,0.5478170994424996,0.06859595788817477,0.40562438195565576,28066,11934,0.70
sequences,0.25,23,11,-17.0,8.65,q4,"(150, 150)",6697,0.08741461026230167,0.332204956601173,0.06859595788817477,0.40562438195565576,28066,11934,0.70
sequences,0.25,24,11,-17.0,8.65,q1,"(50, 50)",715,0.004862316266033177,0.48492747299975786,0.06841277743983087,0.3734893663103073,28062,11938,0.70
sequences,0.25,24,11,-17.0,8.65,q2,"(50, 150)",2271,0.0934920003996604,0.34925537065183127,0.06841277743983087,0.3734893663103073,28062,11938,0.70
sequences,0.25,24,11,-17.0,8.65,q3,"(150, 50)",2238,0.006271494332214455,0.46548848587557334,0.06841277743983087,0.3734893663103073,28062,11938,0.70
sequences,0.25,24,11,-17.0,8.65,q4,"(150, 150)",6714,0.08741126656588658,0.3274326078233187,0.06841277743983087,0.3734893663103073,28062,11938,0.70
sequences,0.25,25,11,-17.0,8.65,q1,"(50, 50)",741,-0.002704267617417058,0.5351144754279568,0.06897712259195463,0.37568176407701276,28055,11945,0.70
sequences,0.25,25,11,-17.0,8.65,q2,"(50, 150)",2241,0.09717961798131868,0.31981289881296626,0.06897712259195463,0.37568176407701276,28055,11945,0.70
sequences,0.25,25,11,-17.0,8.65,q3,"(150, 50)",2258,0.020314106817251265,0.5207333428377072,0.06897712259195463,0.37568176407701276,28055,11945,0.70
sequences,0.25,25,11,-17.0,8.65,q4,"(150, 150)",6705,0.0838608224572581,0.3040311873366245,0.06897712259195463,0.37568176407701276,28055,11945,0.70
sequences,0.25,26,11,-17.0,8.65,q1,"(50, 50)",739,-0.0046789530765916675,0.5725080653072571,0.06844863413963127,0.39295582978718896,28069,11931,0.70
sequences,0.25,26,11,-17.0,8.65,q2,"(50, 150)",2276,0.09560466333204087,0.32997478030776056,0.06844863413963127,0.39295582978718896,28069,11931,0.70
sequences,0.25,26,11,-17.0,8.65,q3,"(150, 50)",2261,0.01080666511385065,0.5467887459953349,0.06844863413963127,0.39295582978718896,28069,11931,0.70
sequences,0.25,26,11,-17.0,8.65,q4,"(150, 150)",6655,0.08686526170960189,0.3151307269413881,0.06844863413963127,0.39295582978718896,28069,11931,0.70
sequences,0.25,27,11,-17.0,8.65,q1,"(50, 50)",749,0.00966675671832391,0.5686476789171879,0.06915580671755067,0.3948685640000875,28060,11940,0.70
sequences,0.25,27,11,-17.0,8.65,q2,"(50, 150)",2202,0.09543853081871057,0.33870663014295904,0.06915580671755067,0.3948685640000875,28060,11940,0.70
sequences,0.25,27,11,-17.0,8.65,q3,"(150, 50)",2230,0.01914104565761087,0.5526712827567148,0.06915580671755067,0.3948685640000875,28060,11940,0.70
sequences,0.25,27,11,-17.0,8.65,q4,"(150, 150)",6759,0.08368689965176172,0.31591486625162674,0.06915580671755067,0.3948685640000875,28060,11940,0.70
sequences,0.25,28,11,-17.0,8.65,q1,"(50, 50)",715,0.004193034554038345,0.5833906079856835,0.06896428919811953,0.38316934989669366,28050,11950,0.70
sequences,0.25,28,11,-17.0,8.65,q2,"(50, 150)",2252,0.09440644339195364,0.3169048389279597,0.06896428919811953,0.38316934989669366,28050,11950,0.70
sequences,0.25,28,11,-17.0,8.65,q3,"(150, 50)",2225,0.027203367672410224,0.544072435250225,0.06896428919811953,0.38316934989669366,28050,11950,0.70
sequences,0.25,28,11,-17.0,8.65,q4,"(150, 150)",6758,0.08108825578893146,0.3021595975206805,0.06896428919811953,0.38316934989669366,28050,11950,0.70
sequences,0.25,29,11,-17.0,8.65,q1,"(50, 50)",738,-0.027440840796025563,0.6069816929318425,0.06831027786310574,0.4076298218833029,28078,11922,0.70
sequences,0.25,29,11,-17.0,8.65,q2,"(50, 150)",2254,0.10374521836806203,0.3256542600202607,0.06831027786310574,0.4076298218833029,28078,11922,0.70
sequences,0.25,29,11,-17.0,8.65,q3,"(150, 50)",2231,-0.0012860458789254099,0.5948574751993886,0.06831027786310574,0.4076298218833029,28078,11922,0.70
sequences,0.25,29,11,-17.0,8.65,q4,"(150, 150)",6699,0.09011403483291304,0.3131701962099395,0.06831027786310574,0.4076298218833029,28078,11922,0.70
sequences,0.25,30,11,-17.0,8.65,q1,"(50, 50)",757,0.007046188513733025,0.5507921773130353,0.06957944619125891,0.3820276590516825,28067,11933,0.70
sequences,0.25,30,11,-17.0,8.65,q2,"(50, 150)",2229,0.09515101684321649,0.32034568497850235,0.06957944619125891,0.3820276590516825,28067,11933,0.70
sequences,0.25,30,11,-17.0,8.65,q3,"(150, 50)",2291,0.03473605249878124,0.5246499609145078,0.06957944619125891,0.3820276590516825,28067,11933,0.70
sequences,0.25,30,11,-17.0,8.65,q4,"(150, 150)",6656,0.08012104174837129,0.31120252689514255,0.06957944619125891,0.3820276590516825,28067,11933,0.70
sequences,0.25,31,11,-17.0,8.65,q1,"(50, 50)",718,-0.0013652196333789992,0.5561700433795416,0.06918971828599504,0.3824001936162593,28055,11945,0.70
sequences,0.25,31,11,-17.0,8.65,q2,"(50, 150)",2209,0.0981812312298716,0.3291363334309413,0.06918971828599504,0.3824001936162593,28055,11945,0.70
sequences,0.25,31,11,-17.0,8.65,q3,"(150, 50)",2259,0.021247617402312916,0.5271652843081669,0.06918971828599504,0.3824001936162593,28055,11945,0.70
sequences,0.25,31,11,-17.0,8.65,q4,"(150, 150)",6759,0.08323283105849469,0.3090533210392109,0.06918971828599504,0.3824001936162593,28055,11945,0.70
sequences,0.25,32,11,-17.0,8.65,q1,"(50, 50)",717,0.023577187772690356,0.6068478902320155,0.0692964386469282,0.39599031476659774,28068,11932,0.70
sequences,0.25,32,11,-17.0,8.65,q2,"(50, 150)",2216,0.09090579532019144,0.3316849388163265,0.0692964386469282,0.39599031476659774,28068,11932,0.70
sequences,0.25,32,11,-17.0,8.65,q3,"(150, 50)",2293,-0.002536661520688645,0.5526689817731489,0.0692964386469282,0.39599031476659774,28068,11932,0.70
sequences,0.25,32,11,-17.0,8.65,q4,"(150, 150)",6706,0.09160596253198974,0.3101606165944357,0.0692964386469282,0.39599031476659774,28068,11932,0.70
sequences,0.25,33,11,-17.0,8.65,q1,"(50, 50)",697,0.025941338565255028,0.5457334860151266,0.06950574136684688,0.3761525296577211,28064,11936,0.70
sequences,0.25,33,11,-17.0,8.65,q2,"(50, 150)",2241,0.08927656360963478,0.33302115994781295,0.06950574136684688,0.3761525296577211,28064,11936,0.70
sequences,0.25,33,11,-17.0,8.65,q3,"(150, 50)",2267,0.02513003113970075,0.5142966933112104,0.06950574136684688,0.3761525296577211,28064,11936,0.70
sequences,0.25,33,11,-17.0,8.65,q4,"(150, 150)",6731,0.08238015990667188,0.3047957238776638,0.06950574136684688,0.3761525296577211,28064,11936,0.70
sequences,0.25,34,11,-17.0,8.65,q1,"(50, 50)",753,-0.014286099642097923,0.5658222773238377,0.06855799784095293,0.3972007554340784,28055,11945,0.70
sequences,0.25,34,11,-17.0,8.65,q2,"(50, 150)",2214,0.10178267271685608,0.33451608590996496,0.06855799784095293,0.3972007554340784,28055,11945,0.70
sequences,0.25,34,11,-17.0,8.65,q3,"(150, 50)",2216,0.007403005837157625,0.5484203141912297,0.06855799784095293,0.3972007554340784,28055,11945,0.70
sequences,0.25,34,11,-17.0,8.65,q4,"(150, 150)",6762,0.08694629087702188,0.3242714469084171,0.06855799784095293,0.3972007554340784,28055,11945,0.70
sequences,0.25,35,11,-17.0,8.65,q1,"(50, 50)",749,-0.014724660742894176,0.593785860790316,0.06853029993114804,0.41159657560136254,28058,11942,0.70
sequences,0.25,35,11,-17.0,8.65,q2,"(50, 150)",2242,0.10075663575286362,0.34698686314041255,0.06853029993114804,0.41159657560136254,28058,11942,0.70
sequences,0.25,35,11,-17.0,8.65,q3,"(150, 50)",2307,0.006445258680471447,0.5590012456431047,0.06853029993114804,0.41159657560136254,28058,11942,0.70
sequences,0.25,35,11,-17.0,8.65,q4,"(150, 150)",6644,0.08859904026797555,0.3357823490114272,0.06853029993114804,0.41159657560136254,28058,11942,0.70
sequences,0.25,36,11,-17.0,8.65,q1,"(50, 50)",729,-0.0026722540279510705,0.5238326895766676,0.06892721982215087,0.38487237070210395,28052,11948,0.70
sequences,0.25,36,11,-17.0,8.65,q2,"(50, 150)",2294,0.09533656100717598,0.34236647511136564,0.06892721982215087,0.38487237070210395,28052,11948,0.70
sequences,0.25,36,11,-17.0,8.65,q3,"(150, 50)",2259,0.0057644362617101114,0.5071994601426503,0.06892721982215087,0.38487237070210395,28052,11948,0.70
sequences,0.25,36,11,-17.0,8.65,q4,"(150, 150)",6666,0.0890738918625518,0.32467842790686685,0.06892721982215087,0.38487237070210395,28052,11948,0.70
sequences,0.25,37,11,-17.0,8.65,q1,"(50, 50)",706,-0.0002929695430491909,0.5541622418272445,0.06865701506128576,0.3804027328076998,28048,11952,0.70
sequences,0.25,37,11,-17.0,8.65,q2,"(50, 150)",2243,0.0966270674692307,0.33376512864546465,0.06865701506128576,0.3804027328076998,28048,11952,0.70
sequences,0.25,37,11,-17.0,8.65,q3,"(150, 50)",2233,-0.012124441232916715,0.4958322699964179,0.06865701506128576,0.3804027328076998,28048,11952,0.70
sequences,0.25,37,11,-17.0,8.65,q4,"(150, 150)",6770,0.09322523566462312,0.3192725097783042,0.06865701506128576,0.3804027328076998,28048,11952,0.70
sequences,0.25,38,11,-17.0,8.65,q1,"(50, 50)",756,-0.009466064400326775,0.5775133642110222,0.06867104421878194,0.39593717787364,28052,11948,0.70
sequences,0.25,38,11,-17.0,8.65,q2,"(50, 150)",2248,0.09872785553363708,0.3246663427843758,0.06867104421878194,0.39593717787364,28052,11948,0.70
sequences,0.25,38,11,-17.0,8.65,q3,"(150, 50)",2269,0.009902320208814255,0.5563537684590283,0.06867104421878194,0.39593717787364,28052,11948,0.70
sequences,0.25,38,11,-17.0,8.65,q4,"(150, 150)",6675,0.08737519059464235,0.31558807901623054,0.06867104421878194,0.39593717787364,28052,11948,0.70
sequences,0.25,39,11,-17.0,8.65,q1,"(50, 50)",761,-0.00705908840161866,0.582359989332731,0.06873003951547242,0.38682682410604813,28052,11948,0.70
sequences,0.25,39,11,-17.0,8.65,q2,"(50, 150)",2222,0.10005405491311162,0.30983878279156657,0.06873003951547242,0.38682682410604813,28052,11948,0.70
sequences,0.25,39,11,-17.0,8.65,q3,"(150, 50)",2243,-0.0041004114661502,0.5493037157977555,0.06873003951547242,0.38682682410604813,28052,11948,0.70
sequences,0.25,39,11,-17.0,8.65,q4,"(150, 150)",6722,0.09125789814134738,0.3031589639829089,0.06873003951547242,0.38682682410604813,28052,11948,0.70
sequences,0.25,40,11,-17.0,8.65,q1,"(50, 50)",751,-0.027580661394084164,0.5318803869879948,0.06832233168657567,0.38896314662362375,28058,11942,0.70
sequences,0.25,40,11,-17.0,8.65,q2,"(50, 150)",2227,0.1055593494559972,0.3355556493167467,0.06832233168657567,0.38896314662362375,28058,11942,0.70
sequences,0.25,40,11,-17.0,8.65,q3,"(150, 50)",2227,-0.015983066551143545,0.5163672969270874,0.06832233168657567,0.38896314662362375,28058,11942,0.70
sequences,0.25,40,11,-17.0,8.65,q4,"(150, 150)",6737,0.09457206170089577,0.3267456993016349,0.06832233168657567,0.38896314662362375,28058,11942,0.70
sequences,0.25,41,11,-17.0,8.65,q1,"(50, 50)",730,0.0017712164873576117,0.5993852516985586,0.06869852779930008,0.39355907700991477,28066,11934,0.70
sequences,0.25,41,11,-17.0,8.65,q2,"(50, 150)",2258,0.09503358483877007,0.3182954031125857,0.06869852779930008,0.39355907700991477,28066,11934,0.70
sequences,0.25,41,11,-17.0,8.65,q3,"(150, 50)",2276,-0.008497284852063953,0.5597455339898136,0.06869852779930008,0.39355907700991477,28066,11934,0.70
sequences,0.25,41,11,-17.0,8.65,q4,"(150, 150)",6670,0.0934496594420436,0.30533190305050084,0.06869852779930008,0.39355907700991477,28066,11934,0.70
sequences,0.25,42,11,-17.0,8.65,q1,"(50, 50)",742,-0.03552550967068276,0.5612734967811338,0.068040012667242,0.39559343834464966,28057,11943,0.70
sequences,0.25,42,11,-17.0,8.65,q2,"(50, 150)",2208,0.10865392040282934,0.34514227704498357,0.068040012667242,0.39559343834464966,28057,11943,0.70
sequences,0.25,42,11,-17.0,8.65,q3,"(150, 50)",2304,-0.018805807451158257,0.5135535158563392,0.068040012667242,0.39559343834464966,28057,11943,0.70
sequences,0.25,42,11,-17.0,8.65,q4,"(150, 150)",6689,0.09603565907886666,0.33043735352842923,0.068040012667242,0.39559343834464966,28057,11943,0.70
sequences,0.25,43,11,-17.0,8.65,q1,"(50, 50)",736,0.005734583056779893,0.5838936593559575,0.06884994617761465,0.3974527886446341,28064,11936,0.70
sequences,0.25,43,11,-17.0,8.65,q2,"(50, 150)",2194,0.09666880369591241,0.3309082699262625,0.06884994617761465,0.3974527886446341,28064,11936,0.70
sequences,0.25,43,11,-17.0,8.65,q3,"(150, 50)",2245,-0.00035389013051812744,0.5558055652877467,0.06884994617761465,0.3974527886446341,28064,11936,0.70
sequences,0.25,43,11,-17.0,8.65,q4,"(150, 150)",6761,0.08967244970868216,0.317722651680603,0.06884994617761465,0.3974527886446341,28064,11936,0.70
sequences,0.25,44,11,-17.0,8.65,q1,"(50, 50)",748,0.016284788311003905,0.5111692033253215,0.06938098401195135,0.3721311660721535,28059,11941,0.70
sequences,0.25,44,11,-17.0,8.65,q2,"(50, 150)",2230,0.09201278868578056,0.3272483851407875,0.06938098401195135,0.3721311660721535,28059,11941,0.70
sequences,0.25,44,11,-17.0,8.65,q3,"(150, 50)",2286,0.0167878295009616,0.4989711923089355,0.06938098401195135,0.3721311660721535,28059,11941,0.70
sequences,0.25,44,11,-17.0,8.65,q4,"(150, 150)",6677,0.08577681764588758,0.3093150389913855,0.06938098401195135,0.3721311660721535,28059,11941,0.70
sequences,0.25,45,11,-17.0,8.65,q1,"(50, 50)",752,0.0045030290914006114,0.5470517394993603,0.06961593521516868,0.3791040851447381,28067,11933,0.70
sequences,0.25,45,11,-17.0,8.65,q2,"(50, 150)",2236,0.09609517551257829,0.3196380358192076,0.06961593521516868,0.3791040851447381,28067,11933,0.70
sequences,0.25,45,11,-17.0,8.65,q3,"(150, 50)",2241,0.013901000550570692,0.5239886282326848,0.06961593521516868,0.3791040851447381,28067,11933,0.70
sequences,0.25,45,11,-17.0,8.65,q4,"(150, 150)",6704,0.08671236908799532,0.30716949548533756,0.06961593521516868,0.3791040851447381,28067,11933,0.70
sequences,0.25,46,11,-17.0,8.65,q1,"(50, 50)",748,0.022197769576723158,0.5525855349364049,0.06934550608846936,0.3879010193336574,28047,11953,0.70
sequences,0.25,46,11,-17.0,8.65,q2,"(50, 150)",2281,0.08825630766757814,0.32980752714257044,0.06934550608846936,0.3879010193336574,28047,11953,0.70
sequences,0.25,46,11,-17.0,8.65,q3,"(150, 50)",2251,0.014106749715884458,0.5404659192262172,0.06934550608846936,0.3879010193336574,28047,11953,0.70
sequences,0.25,46,11,-17.0,8.65,q4,"(150, 150)",6673,0.08679993574582401,0.3128489025993108,0.06934550608846936,0.3879010193336574,28047,11953,0.70
sequences,0.25,47,11,-17.0,8.65,q1,"(50, 50)",703,-0.03126260671654309,0.5714339928830078,0.06924953662920257,0.39126783468766646,28068,11932,0.70
sequences,0.25,47,11,-17.0,8.65,q2,"(50, 150)",2270,0.10477200473637326,0.33239467919457516,0.06924953662920257,0.39126783468766646,28068,11932,0.70
sequences,0.25,47,11,-17.0,8.65,q3,"(150, 50)",2288,0.006889850714177165,0.5421138526771038,0.06924953662920257,0.39126783468766646,28068,11932,0.70
sequences,0.25,47,11,-17.0,8.65,q4,"(150, 150)",6671,0.08914205582308052,0.31272390751761137,0.06924953662920257,0.39126783468766646,28068,11932,0.70
sequences,0.25,48,11,-17.0,8.65,q1,"(50, 50)",724,-0.009230746813339205,0.565358108789521,0.06820516158185405,0.3936539787929585,28062,11938,0.70
sequences,0.25,48,11,-17.0,8.65,q2,"(50, 150)",2227,0.09927016003973302,0.34247669714261886,0.06820516158185405,0.3936539787929585,28062,11938,0.70
sequences,0.25,48,11,-17.0,8.65,q3,"(150, 50)",2210,-0.010817327764735532,0.5514769914105005,0.06820516158185405,0.3936539787929585,28062,11938,0.70
sequences,0.25,48,11,-17.0,8.65,q4,"(150, 150)",6777,0.0920389446080288,0.3123249808415016,0.06820516158185405,0.3936539787929585,28062,11938,0.70
sequences,0.25,49,11,-17.0,8.65,q1,"(50, 50)",757,0.0057318099636127625,0.5810200774577214,0.06904968522811925,0.3920754253107282,28062,11938,0.70
sequences,0.25,49,11,-17.0,8.65,q2,"(50, 150)",2207,0.09620617864610798,0.31980964331945827,0.06904968522811925,0.3920754253107282,28062,11938,0.70
sequences,0.25,49,11,-17.0,8.65,q3,"(150, 50)",2275,0.011673058738633857,0.5606123700891043,0.06904968522811925,0.3920754253107282,28062,11938,0.70
sequences,0.25,49,11,-17.0,8.65,q4,"(150, 150)",6699,0.08674323290169879,0.30535282939058256,0.06904968522811925,0.3920754253107282,28062,11938,0.70
sequences,0.25,0,12,-22.0,7.18,q1,"(50, 50)",740,-0.02398664530993581,0.5616614051255913,0.07512681945440436,0.3947206217400215,28071,11929,0.70
sequences,0.25,0,12,-22.0,7.18,q2,"(50, 150)",2290,0.11077079673671565,0.3275894112303799,0.07512681945440436,0.3947206217400215,28071,11929,0.70
sequences,0.25,0,12,-22.0,7.18,q3,"(150, 50)",2207,-0.007462479288152136,0.5359393366384645,0.07512681945440436,0.3947206217400215,28071,11929,0.70
sequences,0.25,0,12,-22.0,7.18,q4,"(150, 150)",6692,0.101127094151646,0.32703475520063663,0.07512681945440436,0.3947206217400215,28071,11929,0.70
sequences,0.25,1,12,-22.0,7.18,q1,"(50, 50)",688,-0.004649510187260915,0.6616624788691418,0.07485959202885951,0.42471815630432874,28051,11949,0.70
sequences,0.25,1,12,-22.0,7.18,q2,"(50, 150)",2333,0.10210907581123291,0.33575962599788545,0.07485959202885951,0.42471815630432874,28051,11949,0.70
sequences,0.25,1,12,-22.0,7.18,q3,"(150, 50)",2270,0.01079743313959834,0.6212049382013088,0.07485959202885951,0.42471815630432874,28051,11949,0.70
sequences,0.25,1,12,-22.0,7.18,q4,"(150, 150)",6658,0.09536880160216031,0.32355954157296607,0.07485959202885951,0.42471815630432874,28051,11949,0.70
sequences,0.25,2,12,-22.0,7.18,q1,"(50, 50)",749,-0.012789692890918507,0.6469629924213953,0.07457348933885348,0.42073663596845345,28057,11943,0.70
sequences,0.25,2,12,-22.0,7.18,q2,"(50, 150)",2250,0.10893951700704656,0.3274507844854473,0.07457348933885348,0.42073663596845345,28057,11943,0.70
sequences,0.25,2,12,-22.0,7.18,q3,"(150, 50)",2256,0.019581792504649104,0.6148753904541467,0.07457348933885348,0.42073663596845345,28057,11943,0.70
sequences,0.25,2,12,-22.0,7.18,q4,"(150, 150)",6688,0.09134572757070604,0.32105581675472866,0.07457348933885348,0.42073663596845345,28057,11943,0.70
sequences,0.25,3,12,-22.0,7.18,q1,"(50, 50)",743,-0.021726210905030626,0.6193204632229435,0.07510027319616343,0.4078435960420426,28070,11930,0.70
sequences,0.25,3,12,-22.0,7.18,q2,"(50, 150)",2261,0.11171363829281286,0.31862873375029993,0.07510027319616343,0.4078435960420426,28070,11930,0.70
sequences,0.25,3,12,-22.0,7.18,q3,"(150, 50)",2278,0.013209698623319456,0.5827740606334804,0.07510027319616343,0.4078435960420426,28070,11930,0.70
sequences,0.25,3,12,-22.0,7.18,q4,"(150, 150)",6648,0.09467698620467746,0.3186269583170183,0.07510027319616343,0.4078435960420426,28070,11930,0.70
sequences,0.25,4,12,-22.0,7.18,q1,"(50, 50)",699,0.002240072480966169,0.6726163698529748,0.07484760090204738,0.4283081435913642,28069,11931,0.70
sequences,0.25,4,12,-22.0,7.18,q2,"(50, 150)",2204,0.10620680696990432,0.34093782379227744,0.07484760090204738,0.4283081435913642,28069,11931,0.70
sequences,0.25,4,12,-22.0,7.18,q3,"(150, 50)",2262,0.021861422872350225,0.623411751287522,0.07484760090204738,0.4283081435913642,28069,11931,0.70
sequences,0.25,4,12,-22.0,7.18,q4,"(150, 150)",6766,0.08984785317753571,0.3269941918147452,0.07484760090204738,0.4283081435913642,28069,11931,0.70
sequences,0.25,5,12,-22.0,7.18,q1,"(50, 50)",748,-0.012735498042868713,0.6386206162646134,0.07489049309736132,0.42227968674478356,28061,11939,0.70
sequences,0.25,5,12,-22.0,7.18,q2,"(50, 150)",2277,0.1074049704790038,0.33446682483192747,0.07489049309736132,0.42227968674478356,28061,11939,0.70
sequences,0.25,5,12,-22.0,7.18,q3,"(150, 50)",2268,0.00108248479563056,0.6062820990364511,0.07489049309736132,0.42227968674478356,28061,11939,0.70
sequences,0.25,5,12,-22.0,7.18,q4,"(150, 150)",6646,0.09880041473492035,0.327128064829602,0.07489049309736132,0.42227968674478356,28061,11939,0.70
sequences,0.25,6,12,-22.0,7.18,q1,"(50, 50)",744,-0.031492883479634914,0.6482215698915549,0.07507736531171143,0.4187937737822526,28072,11928,0.70
sequences,0.25,6,12,-22.0,7.18,q2,"(50, 150)",2282,0.1134694795350676,0.3245803724515893,0.07507736531171143,0.4187937737822526,28072,11928,0.70
sequences,0.25,6,12,-22.0,7.18,q3,"(150, 50)",2221,-0.005817321676883344,0.6116919987761531,0.07507736531171143,0.4187937737822526,28072,11928,0.70
sequences,0.25,6,12,-22.0,7.18,q4,"(150, 150)",6681,0.10072390927889176,0.31838052296100516,0.07507736531171143,0.4187937737822526,28072,11928,0.70
sequences,0.25,7,12,-22.0,7.18,q1,"(50, 50)",749,0.006746118909256705,0.5747134156419761,0.0756525234107072,0.3894129048586252,28058,11942,0.70
sequences,0.25,7,12,-22.0,7.18,q2,"(50, 150)",2355,0.09891943509542629,0.3093404339018944,0.0756525234107072,0.3894129048586252,28058,11942,0.70
sequences,0.25,7,12,-22.0,7.18,q3,"(150, 50)",2197,0.03021047653942429,0.5702660358668714,0.0756525234107072,0.3894129048586252,28058,11942,0.70
sequences,0.25,7,12,-22.0,7.18,q4,"(150, 150)",6641,0.09020658107224637,0.30379877018610424,0.0756525234107072,0.3894129048586252,28058,11942,0.70
sequences,0.25,8,12,-22.0,7.18,q1,"(50, 50)",729,0.0009773802227612271,0.5902669778734584,0.07558878788536152,0.39827318174886145,28055,11945,0.70
sequences,0.25,8,12,-22.0,7.18,q2,"(50, 150)",2274,0.10403992152942752,0.3195879699116093,0.07558878788536152,0.39827318174886145,28055,11945,0.70
sequences,0.25,8,12,-22.0,7.18,q3,"(150, 50)",2284,0.019884368961363818,0.5668609086739177,0.07558878788536152,0.39827318174886145,28055,11945,0.70
sequences,0.25,8,12,-22.0,7.18,q4,"(150, 150)",6658,0.09315002716169683,0.3147331096595604,0.07558878788536152,0.39827318174886145,28055,11945,0.70
sequences,0.25,9,12,-22.0,7.18,q1,"(50, 50)",743,0.005425244781205832,0.5880771757512042,0.07554912192034406,0.39011272552928367,28058,11942,0.70
sequences,0.25,9,12,-22.0,7.18,q2,"(50, 150)",2246,0.1040889673766146,0.31508148612395104,0.07554912192034406,0.39011272552928367,28058,11942,0.70
sequences,0.25,9,12,-22.0,7.18,q3,"(150, 50)",2266,0.0382369601192113,0.5509056145917283,0.07554912192034406,0.39011272552928367,28058,11942,0.70
sequences,0.25,9,12,-22.0,7.18,q4,"(150, 150)",6687,0.08639866677767363,0.3094516765626921,0.07554912192034406,0.39011272552928367,28058,11942,0.70
sequences,0.25,10,12,-22.0,7.18,q1,"(50, 50)",705,0.0026817223668460137,0.6202146309041441,0.07520095731308944,0.39995658713219917,28057,11943,0.70
sequences,0.25,10,12,-22.0,7.18,q2,"(50, 150)",2301,0.10172193615783202,0.3194477439614969,0.07520095731308944,0.39995658713219917,28057,11943,0.70
sequences,0.25,10,12,-22.0,7.18,q3,"(150, 50)",2280,0.024181600575164084,0.5712403940926715,0.07520095731308944,0.39995658713219917,28057,11943,0.70
sequences,0.25,10,12,-22.0,7.18,q4,"(150, 150)",6657,0.09118795170663288,0.3118759819775543,0.07520095731308944,0.39995658713219917,28057,11943,0.70
sequences,0.25,11,12,-22.0,7.18,q1,"(50, 50)",706,-0.01411118882021178,0.6249942200876779,0.07499257358585519,0.4028741580942822,28066,11934,0.70
sequences,0.25,11,12,-22.0,7.18,q2,"(50, 150)",2254,0.1087562298320423,0.3213202396104328,0.07499257358585519,0.4028741580942822,28066,11934,0.70
sequences,0.25,11,12,-22.0,7.18,q3,"(150, 50)",2213,0.008737302459247845,0.5932365072859411,0.07499257358585519,0.4028741580942822,28066,11934,0.70
sequences,0.25,11,12,-22.0,7.18,q4,"(150, 150)",6761,0.09472735987234528,0.305048472343864,0.07499257358585519,0.4028741580942822,28066,11934,0.70
sequences,0.25,12,12,-22.0,7.18,q1,"(50, 50)",712,0.012795550548753604,0.585587976312006,0.07552103477728504,0.3900776568758245,28063,11937,0.70
sequences,0.25,12,12,-22.0,7.18,q2,"(50, 150)",2184,0.10463336225171765,0.3287376862834829,0.07552103477728504,0.3900776568758245,28063,11937,0.70
sequences,0.25,12,12,-22.0,7.18,q3,"(150, 50)",2266,-0.005549357272110554,0.5395548055522302,0.07552103477728504,0.3900776568758245,28063,11937,0.70
sequences,0.25,12,12,-22.0,7.18,q4,"(150, 150)",6775,0.09984350414267014,0.3104419186488543,0.07552103477728504,0.3900776568758245,28063,11937,0.70
sequences,0.25,13,12,-22.0,7.18,q1,"(50, 50)",768,0.018764720439828513,0.621474073591582,0.07522904018537803,0.40614379785291377,28052,11948,0.70
sequences,0.25,13,12,-22.0,7.18,q2,"(50, 150)",2227,0.09932264799155552,0.30974361814332,0.07522904018537803,0.40614379785291377,28052,11948,0.70
sequences,0.25,13,12,-22.0,7.18,q3,"(150, 50)",2261,0.005848838571996411,0.6066336960220559,0.07522904018537803,0.40614379785291377,28052,11948,0.70
sequences,0.25,13,12,-22.0,7.18,q4,"(150, 150)",6692,0.09713232303476246,0.30208403934563116,0.07522904018537803,0.40614379785291377,28052,11948,0.70
sequences,0.25,14,12,-22.0,7.18,q1,"(50, 50)",745,0.006491378212955942,0.6241521881694525,0.07509180308478382,0.41876409086276617,28062,11938,0.70
sequences,0.25,14,12,-22.0,7.18,q2,"(50, 150)",2324,0.0994718303871645,0.3334320673794594,0.07509180308478382,0.41876409086276617,28062,11938,0.70
sequences,0.25,14,12,-22.0,7.18,q3,"(150, 50)",2266,0.00575669581050311,0.6012583123977313,0.07509180308478382,0.41876409086276617,28062,11938,0.70
sequences,0.25,14,12,-22.0,7.18,q4,"(150, 150)",6603,0.09804523124808823,0.3270900549811811,0.07509180308478382,0.41876409086276617,28062,11938,0.70
sequences,0.25,15,12,-22.0,7.18,q1,"(50, 50)",792,0.018252589543954926,0.5844820894531602,0.07513348586321567,0.39556825196021544,28069,11931,0.70
sequences,0.25,15,12,-22.0,7.18,q2,"(50, 150)",2263,0.09805191618582706,0.3126305482218051,0.07513348586321567,0.39556825196021544,28069,11931,0.70
sequences,0.25,15,12,-22.0,7.18,q3,"(150, 50)",2265,0.02193043571423695,0.5679234682530334,0.07513348586321567,0.39556825196021544,28069,11931,0.70
sequences,0.25,15,12,-22.0,7.18,q4,"(150, 150)",6611,0.09233060742609898,0.3093087539456876,0.07513348586321567,0.39556825196021544,28069,11931,0.70
sequences,0.25,16,12,-22.0,7.18,q1,"(50, 50)",717,-0.014386189554077703,0.642044530521694,0.07508401850578421,0.4157995467879627,28060,11940,0.70
sequences,0.25,16,12,-22.0,7.18,q2,"(50, 150)",2278,0.10819833259749762,0.33665009788743644,0.07508401850578421,0.4157995467879627,28060,11940,0.70
sequences,0.25,16,12,-22.0,7.18,q3,"(150, 50)",2229,0.0036518117990572423,0.6034463263416406,0.07508401850578421,0.4157995467879627,28060,11940,0.70
sequences,0.25,16,12,-22.0,7.18,q4,"(150, 150)",6716,0.09711173149376698,0.3172637085205116,0.07508401850578421,0.4157995467879627,28060,11940,0.70
sequences,0.25,17,12,-22.0,7.18,q1,"(50, 50)",779,-0.0360571721439156,0.5921668015973003,0.07531935904400353,0.40448549942463485,28065,11935,0.70
sequences,0.25,17,12,-22.0,7.18,q2,"(50, 150)",2222,0.11916919309932944,0.32878708609250934,0.07531935904400353,0.40448549942463485,28065,11935,0.70
sequences,0.25,17,12,-22.0,7.18,q3,"(150, 50)",2218,0.018604863917914095,0.5793654191318736,0.07531935904400353,0.40448549942463485,28065,11935,0.70
sequences,0.25,17,12,-22.0,7.18,q4,"(150, 150)",6716,0.09246062418904838,0.31626432611228544,0.07531935904400353,0.40448549942463485,28065,11935,0.70
sequences,0.25,18,12,-22.0,7.18,q1,"(50, 50)",767,-0.005771380588061707,0.5981486756463147,0.07562608240866338,0.40208402498618023,28052,11948,0.70
sequences,0.25,18,12,-22.0,7.18,q2,"(50, 150)",2270,0.10666010892274304,0.315304768662191,0.07562608240866338,0.40208402498618023,28052,11948,0.70
sequences,0.25,18,12,-22.0,7.18,q3,"(150, 50)",2257,0.02064949852983583,0.5878427903746472,0.07562608240866338,0.40208402498618023,28052,11948,0.70
sequences,0.25,18,12,-22.0,7.18,q4,"(150, 150)",6654,0.09306923896803235,0.309044875614645,0.07562608240866338,0.40208402498618023,28052,11948,0.70
sequences,0.25,19,12,-22.0,7.18,q1,"(50, 50)",714,0.010397673745772315,0.6447341279562959,0.07502011607234844,0.404778174169558,28050,11950,0.70
sequences,0.25,19,12,-22.0,7.18,q2,"(50, 150)",2247,0.10146750332317392,0.31445671383373314,0.07502011607234844,0.404778174169558,28050,11950,0.70
sequences,0.25,19,12,-22.0,7.18,q3,"(150, 50)",2317,0.02225109659749132,0.5932245906878437,0.07502011607234844,0.404778174169558,28050,11950,0.70
sequences,0.25,19,12,-22.0,7.18,q4,"(150, 150)",6672,0.0913538934692031,0.30256489892013405,0.07502011607234844,0.404778174169558,28050,11950,0.70
sequences,0.25,20,12,-22.0,7.18,q1,"(50, 50)",704,0.014627477785642355,0.6179660380501929,0.07495387956124906,0.4160641764700899,28049,11951,0.70
sequences,0.25,20,12,-22.0,7.18,q2,"(50, 150)",2279,0.09878510105833654,0.35186681618662735,0.07495387956124906,0.4160641764700899,28049,11951,0.70
sequences,0.25,20,12,-22.0,7.18,q3,"(150, 50)",2267,-0.00399372656008876,0.5769665945273171,0.07495387956124906,0.4160641764700899,28049,11951,0.70
sequences,0.25,20,12,-22.0,7.18,q4,"(150, 150)",6701,0.09989532951427661,0.3325375527831466,0.07495387956124906,0.4160641764700899,28049,11951,0.70
sequences,0.25,21,12,-22.0,7.18,q1,"(50, 50)",697,-0.030927473670857866,0.5892213475521374,0.07509696702016137,0.3980325743737011,28067,11933,0.70
sequences,0.25,21,12,-22.0,7.18,q2,"(50, 150)",2285,0.11284850763762413,0.333734893711505,0.07509696702016137,0.3980325743737011,28067,11933,0.70
sequences,0.25,21,12,-22.0,7.18,q3,"(150, 50)",2257,-0.008659290974866224,0.5438454664019602,0.07509696702016137,0.3980325743737011,28067,11933,0.70
sequences,0.25,21,12,-22.0,7.18,q4,"(150, 150)",6694,0.1014899516549859,0.32219969466581927,0.07509696702016137,0.3980325743737011,28067,11933,0.70
sequences,0.25,22,12,-22.0,7.18,q1,"(50, 50)",723,0.0014071092052983594,0.6747938685775999,0.07470003460317261,0.4236471158277414,28050,11950,0.70
sequences,0.25,22,12,-22.0,7.18,q2,"(50, 150)",2190,0.10715091693145182,0.3325800517712354,0.07470003460317261,0.4236471158277414,28050,11950,0.70
sequences,0.25,22,12,-22.0,7.18,q3,"(150, 50)",2242,0.013539469469259073,0.6261344895385607,0.07470003460317261,0.4236471158277414,28050,11950,0.70
sequences,0.25,22,12,-22.0,7.18,q4,"(150, 150)",6795,0.09221958424172534,0.3158022436468465,0.07470003460317261,0.4236471158277414,28050,11950,0.70
sequences,0.25,23,12,-22.0,7.18,q1,"(50, 50)",764,-0.009225514757298629,0.5863873082643513,0.07541155999050034,0.40691782327869297,28062,11938,0.70
sequences,0.25,23,12,-22.0,7.18,q2,"(50, 150)",2312,0.1052959205156079,0.3279126163897448,0.07541155999050034,0.40691782327869297,28062,11938,0.70
sequences,0.25,23,12,-22.0,7.18,q3,"(150, 50)",2209,-0.003496589107677054,0.585949377295671,0.07541155999050034,0.40691782327869297,28062,11938,0.70
sequences,0.25,23,12,-22.0,7.18,q4,"(150, 150)",6653,0.10094563257897825,0.3200207986391288,0.07541155999050034,0.40691782327869297,28062,11938,0.70
sequences,0.25,24,12,-22.0,7.18,q1,"(50, 50)",736,-0.01790897701549009,0.5950711199290729,0.07558551658628598,0.4035640095277732,28050,11950,0.70
sequences,0.25,24,12,-22.0,7.18,q2,"(50, 150)",2194,0.11445605754359907,0.3399089708770739,0.07558551658628598,0.4035640095277732,28050,11950,0.70
sequences,0.25,24,12,-22.0,7.18,q3,"(150, 50)",2285,0.012005424014930289,0.5633183268806322,0.07558551658628598,0.4035640095277732,28050,11950,0.70
sequences,0.25,24,12,-22.0,7.18,q4,"(150, 150)",6735,0.0947110536250551,0.3190478556996467,0.07558551658628598,0.4035640095277732,28050,11950,0.70
sequences,0.25,25,12,-22.0,7.18,q1,"(50, 50)",725,-0.009179182719331288,0.6364832629240279,0.07536437618337921,0.4184771252381437,28067,11933,0.70
sequences,0.25,25,12,-22.0,7.18,q2,"(50, 150)",2317,0.10529767874507391,0.33035667832596316,0.07536437618337921,0.4184771252381437,28067,11933,0.70
sequences,0.25,25,12,-22.0,7.18,q3,"(150, 50)",2266,0.005086738033054377,0.5927999959608432,0.07536437618337921,0.4184771252381437,28067,11933,0.70
sequences,0.25,25,12,-22.0,7.18,q4,"(150, 150)",6625,0.09818516806528935,0.33080174360358405,0.07536437618337921,0.4184771252381437,28067,11933,0.70
sequences,0.25,26,12,-22.0,7.18,q1,"(50, 50)",744,-0.010314771168564291,0.5856719385094804,0.07588370793487853,0.4022040741694989,28057,11943,0.70
sequences,0.25,26,12,-22.0,7.18,q2,"(50, 150)",2183,0.11297902316296658,0.33784342088472524,0.07588370793487853,0.4022040741694989,28057,11943,0.70
sequences,0.25,26,12,-22.0,7.18,q3,"(150, 50)",2252,-0.0007904165419746977,0.5701984255727006,0.07588370793487853,0.4022040741694989,28057,11943,0.70
sequences,0.25,26,12,-22.0,7.18,q4,"(150, 150)",6764,0.09892077529619117,0.3147485950436756,0.07588370793487853,0.4022040741694989,28057,11943,0.70
sequences,0.25,27,12,-22.0,7.18,q1,"(50, 50)",756,-0.026295721532161736,0.5680111091734075,0.07538189487451491,0.39455706367658416,28062,11938,0.70
sequences,0.25,27,12,-22.0,7.18,q2,"(50, 150)",2286,0.11243080258117129,0.3222642177344095,0.07538189487451491,0.39455706367658416,28062,11938,0.70
sequences,0.25,27,12,-22.0,7.18,q3,"(150, 50)",2194,0.0006907481923009301,0.5571858505732066,0.07538189487451491,0.39455706367658416,28062,11938,0.70
sequences,0.25,27,12,-22.0,7.18,q4,"(150, 150)",6702,0.09866551928615451,0.31598232176768115,0.07538189487451491,0.39455706367658416,28062,11938,0.70
sequences,0.25,28,12,-22.0,7.18,q1,"(50, 50)",738,-0.011471383036417745,0.6484880025086094,0.07458657256250657,0.4241650284559224,28049,11951,0.70
sequences,0.25,28,12,-22.0,7.18,q2,"(50, 150)",2201,0.1105004897490032,0.3409321239278472,0.07458657256250657,0.4241650284559224,28049,11951,0.70
sequences,0.25,28,12,-22.0,7.18,q3,"(150, 50)",2225,0.010977691570319428,0.6153693708649144,0.07458657256250657,0.4241650284559224,28049,11951,0.70
sequences,0.25,28,12,-22.0,7.18,q4,"(150, 150)",6787,0.09315059196904014,0.3261093785131131,0.07458657256250657,0.4241650284559224,28049,11951,0.70
sequences,0.25,29,12,-22.0,7.18,q1,"(50, 50)",750,0.004894863542518887,0.6292841493770427,0.07437355686520906,0.4149724918907213,28057,11943,0.70
sequences,0.25,29,12,-22.0,7.18,q2,"(50, 150)",2276,0.10130877023883164,0.32744486066295436,0.07437355686520906,0.4149724918907213,28057,11943,0.70
sequences,0.25,29,12,-22.0,7.18,q3,"(150, 50)",2259,0.012497686682701235,0.6056658879082039,0.07437355686520906,0.4149724918907213,28057,11943,0.70
sequences,0.25,29,12,-22.0,7.18,q4,"(150, 150)",6658,0.09398636327793626,0.31732427943810915,0.07437355686520906,0.4149724918907213,28057,11943,0.70
sequences,0.25,30,12,-22.0,7.18,q1,"(50, 50)",725,-0.00929967435648853,0.5904766280063978,0.07488367622722368,0.3979207436566053,28069,11931,0.70
sequences,0.25,30,12,-22.0,7.18,q2,"(50, 150)",2296,0.10518459558465694,0.3240728297384863,0.07488367622722368,0.3979207436566053,28069,11931,0.70
sequences,0.25,30,12,-22.0,7.18,q3,"(150, 50)",2201,0.009997518943201143,0.5574850925046998,0.07488367622722368,0.3979207436566053,28069,11931,0.70
sequences,0.25,30,12,-22.0,7.18,q4,"(150, 150)",6709,0.09489805251439885,0.3211628522232854,0.07488367622722368,0.3979207436566053,28069,11931,0.70
sequences,0.25,31,12,-22.0,7.18,q1,"(50, 50)",750,-0.0001599462732205339,0.6120710512923067,0.07542339738157444,0.4113323203657607,28065,11935,0.70
sequences,0.25,31,12,-22.0,7.18,q2,"(50, 150)",2284,0.10375630967005822,0.33133251460548535,0.07542339738157444,0.4113323203657607,28065,11935,0.70
sequences,0.25,31,12,-22.0,7.18,q3,"(150, 50)",2258,0.017801891910615254,0.5810774686360554,0.07542339738157444,0.4113323203657607,28065,11935,0.70
sequences,0.25,31,12,-22.0,7.18,q4,"(150, 150)",6643,0.09380131329721877,0.3267734057993395,0.07542339738157444,0.4113323203657607,28065,11935,0.70
sequences,0.25,32,12,-22.0,7.18,q1,"(50, 50)",750,-0.022034614340648392,0.6124765735532266,0.0752630659654463,0.4109908089926323,28052,11948,0.70
sequences,0.25,32,12,-22.0,7.18,q2,"(50, 150)",2196,0.11537071453312076,0.337464911806342,0.0752630659654463,0.4109908089926323,28052,11948,0.70
sequences,0.25,32,12,-22.0,7.18,q3,"(150, 50)",2220,-0.02251186888750058,0.5811313501459103,0.0752630659654463,0.4109908089926323,28052,11948,0.70
sequences,0.25,32,12,-22.0,7.18,q4,"(150, 150)",6782,0.10504148226572646,0.3210753256539191,0.0752630659654463,0.4109908089926323,28052,11948,0.70
sequences,0.25,33,12,-22.0,7.18,q1,"(50, 50)",751,-0.029657373734180554,0.5758341307514787,0.07466652394145373,0.3959579847111596,28058,11942,0.70
sequences,0.25,33,12,-22.0,7.18,q2,"(50, 150)",2284,0.11294817240854495,0.3208314685461479,0.07466652394145373,0.3959579847111596,28058,11942,0.70
sequences,0.25,33,12,-22.0,7.18,q3,"(150, 50)",2211,0.00828740622204166,0.5575679120524368,0.07466652394145373,0.3959579847111596,28058,11942,0.70
sequences,0.25,33,12,-22.0,7.18,q4,"(150, 150)",6696,0.09522748441534636,0.3179061966645473,0.07466652394145373,0.3959579847111596,28058,11942,0.70
sequences,0.25,34,12,-22.0,7.18,q1,"(50, 50)",746,-0.007097452515194692,0.6087170418239056,0.07473642431015577,0.4130829826203121,28055,11945,0.70
sequences,0.25,34,12,-22.0,7.18,q2,"(50, 150)",2255,0.10649744605065614,0.3379569677227594,0.07473642431015577,0.4130829826203121,28055,11945,0.70
sequences,0.25,34,12,-22.0,7.18,q3,"(150, 50)",2241,-0.012039222286339555,0.5881175721879498,0.07473642431015577,0.4130829826203121,28055,11945,0.70
sequences,0.25,34,12,-22.0,7.18,q4,"(150, 150)",6703,0.10217058694026605,0.3231526240497465,0.07473642431015577,0.4130829826203121,28055,11945,0.70
sequences,0.25,35,12,-22.0,7.18,q1,"(50, 50)",746,0.007033958190599301,0.5977532156692362,0.07534531748873131,0.40122112513437,28055,11945,0.70
sequences,0.25,35,12,-22.0,7.18,q2,"(50, 150)",2226,0.10381936486251157,0.33211489724037657,0.07534531748873131,0.40122112513437,28055,11945,0.70
sequences,0.25,35,12,-22.0,7.18,q3,"(150, 50)",2284,0.005784169474901587,0.560967644204616,0.07534531748873131,0.40122112513437,28055,11945,0.70
sequences,0.25,35,12,-22.0,7.18,q4,"(150, 150)",6689,0.09724017571058192,0.31708273935863784,0.07534531748873131,0.40122112513437,28055,11945,0.70
sequences,0.25,36,12,-22.0,7.18,q1,"(50, 50)",723,-0.014825073473768548,0.5828768101931966,0.07474637761585115,0.41004380876763336,28079,11921,0.70
sequences,0.25,36,12,-22.0,7.18,q2,"(50, 150)",2210,0.11090509021823075,0.3568416397787082,0.07474637761585115,0.41004380876763336,28079,11921,0.70
sequences,0.25,36,12,-22.0,7.18,q3,"(150, 50)",2302,-0.02057053919163324,0.5466714365622498,0.07474637761585115,0.41004380876763336,28079,11921,0.70
sequences,0.25,36,12,-22.0,7.18,q4,"(150, 150)",6686,0.10529811958075769,0.33570610816244384,0.07474637761585115,0.41004380876763336,28079,11921,0.70
sequences,0.25,37,12,-22.0,7.18,q1,"(50, 50)",736,0.01942076710814475,0.6147953338873016,0.07545637622537174,0.39399642126647855,28059,11941,0.70
sequences,0.25,37,12,-22.0,7.18,q2,"(50, 150)",2220,0.1002905793475988,0.30894874350125856,0.07545637622537174,0.39399642126647855,28059,11941,0.70
sequences,0.25,37,12,-22.0,7.18,q3,"(150, 50)",2284,0.025588621345267702,0.5754997798103244,0.07545637622537174,0.39399642126647855,28059,11941,0.70
sequences,0.25,37,12,-22.0,7.18,q4,"(150, 150)",6701,0.09038075012853436,0.29829145124410883,0.07545637622537174,0.39399642126647855,28059,11941,0.70
sequences,0.25,38,12,-22.0,7.18,q1,"(50, 50)",771,-0.007299610111142118,0.563366612430658,0.07521098138610088,0.3862454821013485,28051,11949,0.70
sequences,0.25,38,12,-22.0,7.18,q2,"(50, 150)",2271,0.10645636457023995,0.3110427342784964,0.07521098138610088,0.3862454821013485,28051,11949,0.70
sequences,0.25,38,12,-22.0,7.18,q3,"(150, 50)",2249,0.02038572124619965,0.5348685889024037,0.07521098138610088,0.3862454821013485,28051,11949,0.70
sequences,0.25,38,12,-22.0,7.18,q4,"(150, 150)",6658,0.0926275345383737,0.3145021801523788,0.07521098138610088,0.3862454821013485,28051,11949,0.70
sequences,0.25,39,12,-22.0,7.18,q1,"(50, 50)",723,-0.026949397423231283,0.6572313064648201,0.07503736572314723,0.426934320222149,28054,11946,0.70
sequences,0.25,39,12,-22.0,7.18,q2,"(50, 150)",2222,0.11524123731490318,0.34612840198651695,0.07503736572314723,0.426934320222149,28054,11946,0.70
sequences,0.25,39,12,-22.0,7.18,q3,"(150, 50)",2320,0.013347337637700987,0.6071977794850173,0.07503736572314723,0.426934320222149,28054,11946,0.70
sequences,0.25,39,12,-22.0,7.18,q4,"(150, 150)",6681,0.09412497120678519,0.3285520079462065,0.07503736572314723,0.426934320222149,28054,11946,0.70
sequences,0.25,40,12,-22.0,7.18,q1,"(50, 50)",731,0.002681044419784348,0.6208751360862409,0.07505287131936964,0.4108103103335656,28063,11937,0.70
sequences,0.25,40,12,-22.0,7.18,q2,"(50, 150)",2316,0.10071546214290661,0.32544379833713943,0.07505287131936964,0.4108103103335656,28063,11937,0.70
sequences,0.25,40,12,-22.0,7.18,q3,"(150, 50)",2279,0.031473023164823956,0.597923644420294,0.07505287131936964,0.4108103103335656,28063,11937,0.70
sequences,0.25,40,12,-22.0,7.18,q4,"(150, 150)",6611,0.08908822437647065,0.3163728770529958,0.07505287131936964,0.4108103103335656,28063,11937,0.70
sequences,0.25,41,12,-22.0,7.18,q1,"(50, 50)",742,-0.007080800716353789,0.5767865980952237,0.07536961639291904,0.4016842675844856,28068,11932,0.70
sequences,0.25,41,12,-22.0,7.18,q2,"(50, 150)",2359,0.10246440176545471,0.32728384251211545,0.07536961639291904,0.4016842675844856,28068,11932,0.70
sequences,0.25,41,12,-22.0,7.18,q3,"(150, 50)",2219,0.002962106629582952,0.5728578938129275,0.07536961639291904,0.4016842675844856,28068,11932,0.70
sequences,0.25,41,12,-22.0,7.18,q4,"(150, 150)",6612,0.09925556239505327,0.31958504542622185,0.07536961639291904,0.4016842675844856,28068,11932,0.70
sequences,0.25,42,12,-22.0,7.18,q1,"(50, 50)",719,-0.006591514248620013,0.5660087634805339,0.07456115162133468,0.388734633847329,28055,11945,0.70
sequences,0.25,42,12,-22.0,7.18,q2,"(50, 150)",2282,0.10507183889829047,0.33232783837041663,0.07456115162133468,0.388734633847329,28055,11945,0.70
sequences,0.25,42,12,-22.0,7.18,q3,"(150, 50)",2267,0.0012016152978043615,0.5224013782396738,0.07456115162133468,0.388734633847329,28055,11945,0.70
sequences,0.25,42,12,-22.0,7.18,q4,"(150, 150)",6677,0.09777958014311507,0.3194466228863023,0.07456115162133468,0.388734633847329,28055,11945,0.70
sequences,0.25,43,12,-22.0,7.18,q1,"(50, 50)",709,0.010166381062846688,0.6226782832944869,0.0750835492943581,0.4080525397216815,28049,11951,0.70
sequences,0.25,43,12,-22.0,7.18,q2,"(50, 150)",2312,0.09906852470698115,0.32902712501843456,0.0750835492943581,0.4080525397216815,28049,11951,0.70
sequences,0.25,43,12,-22.0,7.18,q3,"(150, 50)",2181,-0.007212945742315952,0.5887260365122895,0.0750835492943581,0.4080525397216815,28049,11951,0.70
sequences,0.25,43,12,-22.0,7.18,q4,"(150, 150)",6749,0.10028160305004687,0.31868386679755184,0.0750835492943581,0.4080525397216815,28049,11951,0.70
sequences,0.25,44,12,-22.0,7.18,q1,"(50, 50)",739,0.008593242771320949,0.6233571364540831,0.074988620857724,0.41078739977208484,28061,11939,0.70
sequences,0.25,44,12,-22.0,7.18,q2,"(50, 150)",2239,0.10232540452290065,0.3384936861877571,0.074988620857724,0.41078739977208484,28061,11939,0.70
sequences,0.25,44,12,-22.0,7.18,q3,"(150, 50)",2299,0.025053541328425227,0.5874135643562804,0.074988620857724,0.41078739977208484,28061,11939,0.70
sequences,0.25,44,12,-22.0,7.18,q4,"(150, 150)",6662,0.09039838873784697,0.3160471727067534,0.074988620857724,0.41078739977208484,28061,11939,0.70
sequences,0.25,45,12,-22.0,7.18,q1,"(50, 50)",688,0.03783332368487092,0.5448301818112398,0.07559271303685287,0.38006985891320605,28059,11941,0.70
sequences,0.25,45,12,-22.0,7.18,q2,"(50, 150)",2275,0.09279906315560701,0.33561425994577015,0.07559271303685287,0.38006985891320605,28059,11941,0.70
sequences,0.25,45,12,-22.0,7.18,q3,"(150, 50)",2276,0.04245019004721407,0.5165327027338423,0.07559271303685287,0.38006985891320605,28059,11941,0.70
sequences,0.25,45,12,-22.0,7.18,q4,"(150, 150)",6702,0.0848834315803348,0.3120135213696224,0.07559271303685287,0.38006985891320605,28059,11941,0.70
sequences,0.25,46,12,-22.0,7.18,q1,"(50, 50)",716,-0.007835643450936383,0.6079101989706738,0.07549650338417077,0.39616185947451676,28067,11933,0.70
sequences,0.25,46,12,-22.0,7.18,q2,"(50, 150)",2234,0.10845878199323507,0.32370629026235603,0.07549650338417077,0.39616185947451676,28067,11933,0.70
sequences,0.25,46,12,-22.0,7.18,q3,"(150, 50)",2288,0.003574022000631651,0.5513239991041049,0.07549650338417077,0.39616185947451676,28067,11933,0.70
sequences,0.25,46,12,-22.0,7.18,q4,"(150, 150)",6695,0.09798891923582496,0.31303391493439026,0.07549650338417077,0.39616185947451676,28067,11933,0.70
sequences,0.25,47,12,-22.0,7.18,q1,"(50, 50)",715,-0.020269711187877158,0.6090385094970362,0.0747576738129916,0.41393838550669676,28067,11933,0.70
sequences,0.25,47,12,-22.0,7.18,q2,"(50, 150)",2227,0.11240906674080049,0.3495547510009172,0.0747576738129916,0.41393838550669676,28067,11933,0.70
sequences,0.25,47,12,-22.0,7.18,q3,"(150, 50)",2302,-0.005885371276676885,0.5785851116791986,0.0747576738129916,0.41393838550669676,28067,11933,0.70
sequences,0.25,47,12,-22.0,7.18,q4,"(150, 150)",6689,0.10013294934323642,0.3252980054854823,0.0747576738129916,0.41393838550669676,28067,11933,0.70
sequences,0.25,48,12,-22.0,7.18,q1,"(50, 50)",729,0.03364113480052063,0.6040442159039827,0.07513919658286863,0.4050368895103615,28067,11933,0.70
sequences,0.25,48,12,-22.0,7.18,q2,"(50, 150)",2220,0.09510660602626807,0.3354217094056113,0.07513919658286863,0.4050368895103615,28067,11933,0.70
sequences,0.25,48,12,-22.0,7.18,q3,"(150, 50)",2257,0.005623431921284598,0.5738715771351633,0.07513919658286863,0.4050368895103615,28067,11933,0.70
sequences,0.25,48,12,-22.0,7.18,q4,"(150, 150)",6727,0.09637028308742938,0.31853120707961496,0.07513919658286863,0.4050368895103615,28067,11933,0.70
sequences,0.25,49,12,-22.0,7.18,q1,"(50, 50)",746,-0.00042967995138925517,0.667719331227447,0.07463372454767973,0.42442176828380024,28063,11937,0.70
sequences,0.25,49,12,-22.0,7.18,q2,"(50, 150)",2196,0.1069180517308374,0.328784532047198,0.07463372454767973,0.42442176828380024,28063,11937,0.70
sequences,0.25,49,12,-22.0,7.18,q3,"(150, 50)",2226,0.015191108167378196,0.6361081405192026,0.07463372454767973,0.42442176828380024,28063,11937,0.70
sequences,0.25,49,12,-22.0,7.18,q4,"(150, 150)",6769,0.09198047906454228,0.31300171297914237,0.07463372454767973,0.42442176828380024,28063,11937,0.70
sequences,0.5,0,9,-8.5,14.44,q1,"(100, 100)",2976,0.024025452875174744,0.3952348499775275,0.05494222308263173,0.3552381607457159,28055,11945,0.70
sequences,0.5,0,9,-8.5,14.44,q2,"(100, 100)",2961,0.09022270449780763,0.3177239840788408,0.05494222308263173,0.3552381607457159,28055,11945,0.70
sequences,0.5,0,9,-8.5,14.44,q3,"(100, 100)",3054,0.014256453289411579,0.3857747145640218,0.05494222308263173,0.3552381607457159,28055,11945,0.70
sequences,0.5,0,9,-8.5,14.44,q4,"(100, 100)",2954,0.09278824326392844,0.3041567078336027,0.05494222308263173,0.3552381607457159,28055,11945,0.70
sequences,0.5,1,9,-8.5,14.44,q1,"(100, 100)",2969,0.0028906489859903996,0.34996714188978006,0.0524648566915733,0.3501967980326879,28069,11931,0.70
sequences,0.5,1,9,-8.5,14.44,q2,"(100, 100)",3038,0.10259143092334057,0.34839448176633103,0.0524648566915733,0.3501967980326879,28069,11931,0.70
sequences,0.5,1,9,-8.5,14.44,q3,"(100, 100)",2966,0.0021710459580713336,0.34229802587421904,0.0524648566915733,0.3501967980326879,28069,11931,0.70
sequences,0.5,1,9,-8.5,14.44,q4,"(100, 100)",2958,0.10117098677856906,0.34586270828124366,0.0524648566915733,0.3501967980326879,28069,11931,0.70
sequences,0.5,2,9,-8.5,14.44,q1,"(100, 100)",2976,0.009940551253281487,0.37001095221370484,0.05398584972878708,0.3424380531562045,28052,11948,0.70
sequences,0.5,2,9,-8.5,14.44,q2,"(100, 100)",3024,0.09883800793909145,0.3085992033847479,0.05398584972878708,0.3424380531562045,28052,11948,0.70
sequences,0.5,2,9,-8.5,14.44,q3,"(100, 100)",3005,0.011684317670910023,0.364444500613147,0.05398584972878708,0.3424380531562045,28052,11948,0.70
sequences,0.5,2,9,-8.5,14.44,q4,"(100, 100)",2943,0.0956311047981262,0.31074425882319173,0.05398584972878708,0.3424380531562045,28052,11948,0.70
sequences,0.5,3,9,-8.5,14.44,q1,"(100, 100)",3002,0.019612253928505595,0.3705678627836634,0.05462076875902914,0.3468913587154787,28060,11940,0.70
sequences,0.5,3,9,-8.5,14.44,q2,"(100, 100)",3045,0.09065166897707572,0.3240399215531797,0.05462076875902914,0.3468913587154787,28060,11940,0.70
sequences,0.5,3,9,-8.5,14.44,q3,"(100, 100)",2987,0.014398574998329259,0.36399042257059744,0.05462076875902914,0.3468913587154787,28060,11940,0.70
sequences,0.5,3,9,-8.5,14.44,q4,"(100, 100)",2906,0.09437478222100103,0.3169963478039158,0.05462076875902914,0.3468913587154787,28060,11940,0.70
sequences,0.5,4,9,-8.5,14.44,q1,"(100, 100)",3032,0.021199311909727073,0.3647541620534771,0.054566703633993734,0.343978801762986,28070,11930,0.70
sequences,0.5,4,9,-8.5,14.44,q2,"(100, 100)",3000,0.09032836992387928,0.31681209348548856,0.054566703633993734,0.343978801762986,28070,11930,0.70
sequences,0.5,4,9,-8.5,14.44,q3,"(100, 100)",2968,0.014658400272395258,0.37062062104991955,0.054566703633993734,0.343978801762986,28070,11930,0.70
sequences,0.5,4,9,-8.5,14.44,q4,"(100, 100)",2930,0.09290553544817264,0.31086188557858463,0.054566703633993734,0.343978801762986,28070,11930,0.70
sequences,0.5,5,9,-8.5,14.44,q1,"(100, 100)",2895,0.01304671551225569,0.3735638367112618,0.05401853427977932,0.3549726085095302,28066,11934,0.70
sequences,0.5,5,9,-8.5,14.44,q2,"(100, 100)",3070,0.09447907651896618,0.3366591580497306,0.05401853427977932,0.3549726085095302,28066,11934,0.70
sequences,0.5,5,9,-8.5,14.44,q3,"(100, 100)",2998,0.013041645164187833,0.3644932635601451,0.05401853427977932,0.3549726085095302,28066,11934,0.70
sequences,0.5,5,9,-8.5,14.44,q4,"(100, 100)",2971,0.09348277669856775,0.3352680800166337,0.05401853427977932,0.3549726085095302,28066,11934,0.70
sequences,0.5,6,9,-8.5,14.44,q1,"(100, 100)",3005,-0.0013800587914678663,0.3712594050757509,0.051841410336820666,0.3615143623999448,28069,11931,0.70
sequences,0.5,6,9,-8.5,14.44,q2,"(100, 100)",2921,0.10954609670363338,0.34902351963353717,0.051841410336820666,0.3615143623999448,28069,11931,0.70
sequences,0.5,6,9,-8.5,14.44,q3,"(100, 100)",3014,-0.001236051809129956,0.3726769288311995,0.051841410336820666,0.3615143623999448,28069,11931,0.70
sequences,0.5,6,9,-8.5,14.44,q4,"(100, 100)",2991,0.10244341527194009,0.33530612279247124,0.051841410336820666,0.3615143623999448,28069,11931,0.70
sequences,0.5,7,9,-8.5,14.44,q1,"(100, 100)",2982,0.030273217954413845,0.35415847375637544,0.05591916802408272,0.33944872015802857,28055,11945,0.70
sequences,0.5,7,9,-8.5,14.44,q2,"(100, 100)",2985,0.08528706014370543,0.3286344150548411,0.05591916802408272,0.33944872015802857,28055,11945,0.70
sequences,0.5,7,9,-8.5,14.44,q3,"(100, 100)",2953,0.021408959027331937,0.3486787673710337,0.05591916802408272,0.33944872015802857,28055,11945,0.70
sequences,0.5,7,9,-8.5,14.44,q4,"(100, 100)",3025,0.08590981671766416,0.3202112407973425,0.05591916802408272,0.33944872015802857,28055,11945,0.70
sequences,0.5,8,9,-8.5,14.44,q1,"(100, 100)",2996,0.004505338337754967,0.36134572202769355,0.052949447161586165,0.35358938652591515,28056,11944,0.70
sequences,0.5,8,9,-8.5,14.44,q2,"(100, 100)",3076,0.09951858239389096,0.3373105547702771,0.052949447161586165,0.35358938652591515,28056,11944,0.70
sequences,0.5,8,9,-8.5,14.44,q3,"(100, 100)",2912,0.010402478060923159,0.3593322620090753,0.052949447161586165,0.35358938652591515,28056,11944,0.70
sequences,0.5,8,9,-8.5,14.44,q4,"(100, 100)",2960,0.09544561745981565,0.3447562222349602,0.052949447161586165,0.35358938652591515,28056,11944,0.70
sequences,0.5,9,9,-8.5,14.44,q1,"(100, 100)",2946,0.009806708242980982,0.3770140311854572,0.05298342984499861,0.35006654326550396,28065,11935,0.70
sequences,0.5,9,9,-8.5,14.44,q2,"(100, 100)",3032,0.09855463507260359,0.32283574646988955,0.05298342984499861,0.35006654326550396,28065,11935,0.70
sequences,0.5,9,9,-8.5,14.44,q3,"(100, 100)",2887,-0.001233242288758701,0.3711805468437214,0.05298342984499861,0.35006654326550396,28065,11935,0.70
sequences,0.5,9,9,-8.5,14.44,q4,"(100, 100)",3070,0.10039393800122105,0.31411656761090834,0.05298342984499861,0.35006654326550396,28065,11935,0.70
sequences,0.5,10,9,-8.5,14.44,q1,"(100, 100)",2912,-0.0029750154330559,0.36488236485407,0.05184044521356808,0.3551054100653538,28052,11948,0.70
sequences,0.5,10,9,-8.5,14.44,q2,"(100, 100)",3049,0.10520255495511328,0.3427916248890607,0.05184044521356808,0.3551054100653538,28052,11948,0.70
sequences,0.5,10,9,-8.5,14.44,q3,"(100, 100)",2960,0.00643440187960801,0.36193241215620997,0.05184044521356808,0.3551054100653538,28052,11948,0.70
sequences,0.5,10,9,-8.5,14.44,q4,"(100, 100)",3027,0.09522446803138097,0.33695742077696456,0.05184044521356808,0.3551054100653538,28052,11948,0.70
sequences,0.5,11,9,-8.5,14.44,q1,"(100, 100)",3000,0.011692006642008665,0.35615680995367244,0.053612751307796164,0.35047804912012853,28059,11941,0.70
sequences,0.5,11,9,-8.5,14.44,q2,"(100, 100)",3005,0.09774000817345022,0.3444499535141913,0.053612751307796164,0.35047804912012853,28059,11941,0.70
sequences,0.5,11,9,-8.5,14.44,q3,"(100, 100)",2981,0.006749409674408868,0.3575012010756538,0.053612751307796164,0.35047804912012853,28059,11941,0.70
sequences,0.5,11,9,-8.5,14.44,q4,"(100, 100)",2955,0.09857364759381972,0.3316680137249551,0.053612751307796164,0.35047804912012853,28059,11941,0.70
sequences,0.5,12,9,-8.5,14.44,q1,"(100, 100)",2940,0.016443735933369806,0.3635689550228272,0.053999862520628904,0.3480456425843207,28064,11936,0.70
sequences,0.5,12,9,-8.5,14.44,q2,"(100, 100)",3037,0.09400842083519481,0.3359796386953446,0.053999862520628904,0.3480456425843207,28064,11936,0.70
sequences,0.5,12,9,-8.5,14.44,q3,"(100, 100)",3035,0.004968128307015207,0.35575261228527383,0.053999862520628904,0.3480456425843207,28064,11936,0.70
sequences,0.5,12,9,-8.5,14.44,q4,"(100, 100)",2924,0.10109983991581445,0.32430934199574574,0.053999862520628904,0.3480456425843207,28064,11936,0.70
sequences,0.5,13,9,-8.5,14.44,q1,"(100, 100)",2933,-0.00047082624293777605,0.3595348499399891,0.052107522799374556,0.34813242795154525,28054,11946,0.70
sequences,0.5,13,9,-8.5,14.44,q2,"(100, 100)",3129,0.10190054528672716,0.3308871582273035,0.052107522799374556,0.34813242795154525,28054,11946,0.70
sequences,0.5,13,9,-8.5,14.44,q3,"(100, 100)",2942,0.0004008077031126052,0.3613853185845236,0.052107522799374556,0.34813242795154525,28054,11946,0.70
sequences,0.5,13,9,-8.5,14.44,q4,"(100, 100)",2942,0.10327376555647123,0.324835710835063,0.052107522799374556,0.34813242795154525,28054,11946,0.70
sequences,0.5,14,9,-8.5,14.44,q1,"(100, 100)",3017,-0.006056641413583078,0.35209516278121433,0.05091822804253241,0.3584586405561751,28065,11935,0.70
sequences,0.5,14,9,-8.5,14.44,q2,"(100, 100)",2994,0.11006675282067671,0.3574850438121073,0.05091822804253241,0.3584586405561751,28065,11935,0.70
sequences,0.5,14,9,-8.5,14.44,q3,"(100, 100)",2905,-0.006734636393126588,0.35091331808600257,0.05091822804253241,0.3584586405561751,28065,11935,0.70
sequences,0.5,14,9,-8.5,14.44,q4,"(100, 100)",3019,0.10467247419984466,0.3550371364925448,0.05091822804253241,0.3584586405561751,28065,11935,0.70
sequences,0.5,15,9,-8.5,14.44,q1,"(100, 100)",2882,0.022209041103588182,0.38474771296710464,0.05528573919243565,0.347391709050691,28047,11953,0.70
sequences,0.5,15,9,-8.5,14.44,q2,"(100, 100)",3030,0.08995852150889695,0.31696130643441234,0.05528573919243565,0.347391709050691,28047,11953,0.70
sequences,0.5,15,9,-8.5,14.44,q3,"(100, 100)",3007,0.02149452204433304,0.3748527843618217,0.05528573919243565,0.347391709050691,28047,11953,0.70
sequences,0.5,15,9,-8.5,14.44,q4,"(100, 100)",3034,0.08556876603407217,0.3015717811404509,0.05528573919243565,0.347391709050691,28047,11953,0.70
sequences,0.5,16,9,-8.5,14.44,q1,"(100, 100)",2978,0.03707637041976412,0.34662593161205557,0.057201031879922024,0.3289617606509896,28061,11939,0.70
sequences,0.5,16,9,-8.5,14.44,q2,"(100, 100)",3037,0.07967611693795568,0.3103728369247205,0.057201031879922024,0.3289617606509896,28061,11939,0.70
sequences,0.5,16,9,-8.5,14.44,q3,"(100, 100)",2954,0.028428314929801662,0.34637523299986017,0.057201031879922024,0.3289617606509896,28061,11939,0.70
sequences,0.5,16,9,-8.5,14.44,q4,"(100, 100)",2970,0.08301551483539596,0.30707266278697193,0.057201031879922024,0.3289617606509896,28061,11939,0.70
sequences,0.5,17,9,-8.5,14.44,q1,"(100, 100)",2926,0.0038541652150345987,0.35007192182296726,0.05268517441863086,0.3395128085686066,28057,11943,0.70
sequences,0.5,17,9,-8.5,14.44,q2,"(100, 100)",3048,0.1017224999426014,0.3248199593907899,0.05268517441863086,0.3395128085686066,28057,11943,0.70
sequences,0.5,17,9,-8.5,14.44,q3,"(100, 100)",3017,0.0030997516258868124,0.3463065648371973,0.05268517441863086,0.3395128085686066,28057,11943,0.70
sequences,0.5,17,9,-8.5,14.44,q4,"(100, 100)",2952,0.10113130764978578,0.32196577030995427,0.05268517441863086,0.3395128085686066,28057,11943,0.70
sequences,0.5,18,9,-8.5,14.44,q1,"(100, 100)",2990,0.014594252841373221,0.3596122271948762,0.0539839519480151,0.34316711568657304,28052,11948,0.70
sequences,0.5,18,9,-8.5,14.44,q2,"(100, 100)",2989,0.09628413421897597,0.3262691308075743,0.0539839519480151,0.34316711568657304,28052,11948,0.70
sequences,0.5,18,9,-8.5,14.44,q3,"(100, 100)",3004,0.009536013682261982,0.3570579276332806,0.0539839519480151,0.34316711568657304,28052,11948,0.70
sequences,0.5,18,9,-8.5,14.44,q4,"(100, 100)",2965,0.096095777267165,0.31704031463497595,0.0539839519480151,0.34316711568657304,28052,11948,0.70
sequences,0.5,19,9,-8.5,14.44,q1,"(100, 100)",2949,0.017842134169481584,0.35606094819499506,0.054113987100593876,0.3469150541477385,28054,11946,0.70
sequences,0.5,19,9,-8.5,14.44,q2,"(100, 100)",2953,0.094846758201841,0.34572714679217875,0.054113987100593876,0.3469150541477385,28054,11946,0.70
sequences,0.5,19,9,-8.5,14.44,q3,"(100, 100)",3095,0.010757753951454578,0.3406249348056553,0.054113987100593876,0.3469150541477385,28054,11946,0.70
sequences,0.5,19,9,-8.5,14.44,q4,"(100, 100)",2949,0.09510054621502366,0.3356391780671582,0.054113987100593876,0.3469150541477385,28054,11946,0.70
sequences,0.5,20,9,-8.5,14.44,q1,"(100, 100)",2912,0.011106030796685894,0.3648080452587241,0.05405504767710204,0.34829457486189586,28061,11939,0.70
sequences,0.5,20,9,-8.5,14.44,q2,"(100, 100)",3036,0.09774797158404025,0.3303366703763421,0.05405504767710204,0.34829457486189586,28061,11939,0.70
sequences,0.5,20,9,-8.5,14.44,q3,"(100, 100)",3020,0.009708378016167462,0.3627332463680871,0.05405504767710204,0.34829457486189586,28061,11939,0.70
sequences,0.5,20,9,-8.5,14.44,q4,"(100, 100)",2971,0.09658038007371256,0.3228291729889292,0.05405504767710204,0.34829457486189586,28061,11939,0.70
sequences,0.5,21,9,-8.5,14.44,q1,"(100, 100)",3004,0.004138743565563029,0.36610741158293186,0.05275824434372705,0.3523263343698007,28048,11952,0.70
sequences,0.5,21,9,-8.5,14.44,q2,"(100, 100)",3035,0.10161989871908685,0.3367421933618939,0.05275824434372705,0.3523263343698007,28048,11952,0.70
sequences,0.5,21,9,-8.5,14.44,q3,"(100, 100)",2978,0.006713540173781719,0.36138965424458636,0.05275824434372705,0.3523263343698007,28048,11952,0.70
sequences,0.5,21,9,-8.5,14.44,q4,"(100, 100)",2935,0.09871360663554475,0.330741592280758,0.05275824434372705,0.3523263343698007,28048,11952,0.70
sequences,0.5,22,9,-8.5,14.44,q1,"(100, 100)",2961,0.00759781591407548,0.36066621185128445,0.052987106539788144,0.34638798924297076,28051,11949,0.70
sequences,0.5,22,9,-8.5,14.44,q2,"(100, 100)",3022,0.10002066972666501,0.3306493420539761,0.052987106539788144,0.34638798924297076,28051,11949,0.70
sequences,0.5,22,9,-8.5,14.44,q3,"(100, 100)",2967,0.00414154709943685,0.35893539408269415,0.052987106539788144,0.34638798924297076,28051,11949,0.70
sequences,0.5,22,9,-8.5,14.44,q4,"(100, 100)",2999,0.09873136677703907,0.32137631063234556,0.052987106539788144,0.34638798924297076,28051,11949,0.70
sequences,0.5,23,9,-8.5,14.44,q1,"(100, 100)",2904,0.005279714060084381,0.354546493933152,0.053262403866021366,0.34744030189455927,28056,11944,0.70
sequences,0.5,23,9,-8.5,14.44,q2,"(100, 100)",3036,0.10160470905343127,0.33612730511257516,0.053262403866021366,0.34744030189455927,28056,11944,0.70
sequences,0.5,23,9,-8.5,14.44,q3,"(100, 100)",3085,0.007837081489349676,0.3533014434484986,0.053262403866021366,0.34744030189455927,28056,11944,0.70
sequences,0.5,23,9,-8.5,14.44,q4,"(100, 100)",2919,0.0987271562399497,0.3323934181447733,0.053262403866021366,0.34744030189455927,28056,11944,0.70
sequences,0.5,24,9,-8.5,14.44,q1,"(100, 100)",3000,0.01852259221946617,0.34720942778148167,0.054866208643593505,0.3384100197206465,28067,11933,0.70
sequences,0.5,24,9,-8.5,14.44,q2,"(100, 100)",3006,0.09325844849859063,0.3246648361233924,0.054866208643593505,0.3384100197206465,28067,11933,0.70
sequences,0.5,24,9,-8.5,14.44,q3,"(100, 100)",3011,0.014988526359916418,0.3492063270705372,0.054866208643593505,0.3384100197206465,28067,11933,0.70
sequences,0.5,24,9,-8.5,14.44,q4,"(100, 100)",2916,0.09385642730765807,0.3224960096734374,0.054866208643593505,0.3384100197206465,28067,11933,0.70
sequences,0.5,25,9,-8.5,14.44,q1,"(100, 100)",2995,0.024711804522761022,0.3574932256255722,0.05636699036680769,0.3404347458159338,28055,11945,0.70
sequences,0.5,25,9,-8.5,14.44,q2,"(100, 100)",3017,0.08819948197483377,0.3210712703023555,0.05636699036680769,0.3404347458159338,28055,11945,0.70
sequences,0.5,25,9,-8.5,14.44,q3,"(100, 100)",2957,0.033620056721392996,0.3556099375138976,0.05636699036680769,0.3404347458159338,28055,11945,0.70
sequences,0.5,25,9,-8.5,14.44,q4,"(100, 100)",2976,0.07855493969845966,0.32150027066029285,0.05636699036680769,0.3404347458159338,28055,11945,0.70
sequences,0.5,26,9,-8.5,14.44,q1,"(100, 100)",2982,0.007910455414488628,0.36764848661399196,0.05319722394463477,0.3529137325456044,28061,11939,0.70
sequences,0.5,26,9,-8.5,14.44,q2,"(100, 100)",3031,0.09950883940957736,0.3339203471008816,0.05319722394463477,0.3529137325456044,28061,11939,0.70
sequences,0.5,26,9,-8.5,14.44,q3,"(100, 100)",2959,0.005884713499862352,0.3672390804476432,0.05319722394463477,0.3529137325456044,28061,11939,0.70
sequences,0.5,26,9,-8.5,14.44,q4,"(100, 100)",2967,0.09858730001094296,0.32919630691924845,0.05319722394463477,0.3529137325456044,28061,11939,0.70
sequences,0.5,27,9,-8.5,14.44,q1,"(100, 100)",2938,0.006101239063077313,0.36138011868125725,0.05276479810201367,0.356359942975875,28066,11934,0.70
sequences,0.5,27,9,-8.5,14.44,q2,"(100, 100)",2962,0.1025750153452625,0.35443987853284137,0.05276479810201367,0.356359942975875,28066,11934,0.70
sequences,0.5,27,9,-8.5,14.44,q3,"(100, 100)",3082,0.004959932826986659,0.3569126685306618,0.05276479810201367,0.356359942975875,28066,11934,0.70
sequences,0.5,27,9,-8.5,14.44,q4,"(100, 100)",2952,0.09913819503952222,0.3393686115082124,0.05276479810201367,0.356359942975875,28066,11934,0.70
sequences,0.5,28,9,-8.5,14.44,q1,"(100, 100)",2946,-0.002835816731412058,0.34239867012269687,0.05120073612881103,0.35312185286396475,28060,11940,0.70
sequences,0.5,28,9,-8.5,14.44,q2,"(100, 100)",2991,0.10745944028897335,0.36090448288621196,0.05120073612881103,0.35312185286396475,28060,11940,0.70
sequences,0.5,28,9,-8.5,14.44,q3,"(100, 100)",2970,-0.004081325534958177,0.34090136640993335,0.05120073612881103,0.35312185286396475,28060,11940,0.70
sequences,0.5,28,9,-8.5,14.44,q4,"(100, 100)",3033,0.10234139676994729,0.3509971285172604,0.05120073612881103,0.35312185286396475,28060,11940,0.70
sequences,0.5,29,9,-8.5,14.44,q1,"(100, 100)",2943,0.012284795781390925,0.36550004434320993,0.05399971810277924,0.34711910747643726,28055,11945,0.70
sequences,0.5,29,9,-8.5,14.44,q2,"(100, 100)",2987,0.09809380583873212,0.3327422752693154,0.05399971810277924,0.34711910747643726,28055,11945,0.70
sequences,0.5,29,9,-8.5,14.44,q3,"(100, 100)",3031,0.011375016548811907,0.3568427774035759,0.05399971810277924,0.34711910747643726,28055,11945,0.70
sequences,0.5,29,9,-8.5,14.44,q4,"(100, 100)",2984,0.0942991305473602,0.32135995368407594,0.05399971810277924,0.34711910747643726,28055,11945,0.70
sequences,0.5,30,9,-8.5,14.44,q1,"(100, 100)",2955,0.007226634937625086,0.3593811157983444,0.051959666209130936,0.3541441513750283,28061,11939,0.70
sequences,0.5,30,9,-8.5,14.44,q2,"(100, 100)",2967,0.10144490543928149,0.3477966309640144,0.051959666209130936,0.3541441513750283,28061,11939,0.70
sequences,0.5,30,9,-8.5,14.44,q3,"(100, 100)",3030,-0.005098908189511406,0.35537602149891995,0.051959666209130936,0.3541441513750283,28061,11939,0.70
sequences,0.5,30,9,-8.5,14.44,q4,"(100, 100)",2987,0.10493954000870553,0.33873163606275275,0.051959666209130936,0.3541441513750283,28061,11939,0.70
sequences,0.5,31,9,-8.5,14.44,q1,"(100, 100)",3034,0.00801259193418096,0.35715178569752476,0.052812624737424915,0.353115064089234,28061,11939,0.70
sequences,0.5,31,9,-8.5,14.44,q2,"(100, 100)",2901,0.10327671995996981,0.3492446788058337,0.052812624737424915,0.353115064089234,28061,11939,0.70
sequences,0.5,31,9,-8.5,14.44,q3,"(100, 100)",2991,0.003386584752345164,0.3497641344773187,0.052812624737424915,0.353115064089234,28061,11939,0.70
sequences,0.5,31,9,-8.5,14.44,q4,"(100, 100)",3013,0.09840181985186665,0.3431939784854278,0.052812624737424915,0.353115064089234,28061,11939,0.70
sequences,0.5,32,9,-8.5,14.44,q1,"(100, 100)",3017,0.02651386018921712,0.37391391487903614,0.05591159453111526,0.34999689080427127,28069,11931,0.70
sequences,0.5,32,9,-8.5,14.44,q2,"(100, 100)",2929,0.08987245093388112,0.33093955384590085,0.05591159453111526,0.34999689080427127,28069,11931,0.70
sequences,0.5,32,9,-8.5,14.44,q3,"(100, 100)",3001,0.02088343274058879,0.35935908331749844,0.05591159453111526,0.34999689080427127,28069,11931,0.70
sequences,0.5,32,9,-8.5,14.44,q4,"(100, 100)",2984,0.08752725459786304,0.3268208517901636,0.05591159453111526,0.34999689080427127,28069,11931,0.70
sequences,0.5,33,9,-8.5,14.44,q1,"(100, 100)",2958,0.016945521581095323,0.36878111849555406,0.055004323603966725,0.3475524316269883,28051,11949,0.70
sequences,0.5,33,9,-8.5,14.44,q2,"(100, 100)",2963,0.09569972234842883,0.3285940909971554,0.055004323603966725,0.3475524316269883,28051,11949,0.70
sequences,0.5,33,9,-8.5,14.44,q3,"(100, 100)",2970,0.020012614978436413,0.36363578276904857,0.055004323603966725,0.3475524316269883,28051,11949,0.70
sequences,0.5,33,9,-8.5,14.44,q4,"(100, 100)",3058,0.08637216026898875,0.3197116136729838,0.055004323603966725,0.3475524316269883,28051,11949,0.70
sequences,0.5,34,9,-8.5,14.44,q1,"(100, 100)",2994,0.0015118987645674241,0.36102034409840783,0.05264425706392424,0.346097360284989,28058,11942,0.70
sequences,0.5,34,9,-8.5,14.44,q2,"(100, 100)",2958,0.10658408809080412,0.326563235865813,0.05264425706392424,0.346097360284989,28058,11942,0.70
sequences,0.5,34,9,-8.5,14.44,q3,"(100, 100)",3002,0.0032134108361389054,0.3609449262772227,0.05264425706392424,0.346097360284989,28058,11942,0.70
sequences,0.5,34,9,-8.5,14.44,q4,"(100, 100)",2988,0.10014347424818637,0.3185273288111252,0.05264425706392424,0.346097360284989,28058,11942,0.70
sequences,0.5,35,9,-8.5,14.44,q1,"(100, 100)",2940,0.015614948915703102,0.36204429306026575,0.05382654851992866,0.3443371614319991,28052,11948,0.70
sequences,0.5,35,9,-8.5,14.44,q2,"(100, 100)",2990,0.09572519249047888,0.33381947702499565,0.05382654851992866,0.3443371614319991,28052,11948,0.70
sequences,0.5,35,9,-8.5,14.44,q3,"(100, 100)",3004,0.006696162224076431,0.3512516853751858,0.05382654851992866,0.3443371614319991,28052,11948,0.70
sequences,0.5,35,9,-8.5,14.44,q4,"(100, 100)",3014,0.0965089764553029,0.31850876622375235,0.05382654851992866,0.3443371614319991,28052,11948,0.70
sequences,0.5,36,9,-8.5,14.44,q1,"(100, 100)",2994,0.012325599242570751,0.3722135052812925,0.053339176269769424,0.35620192082177066,28066,11934,0.70
sequences,0.5,36,9,-8.5,14.44,q2,"(100, 100)",3020,0.09687368681983069,0.33484068725042415,0.053339176269769424,0.35620192082177066,28066,11934,0.70
sequences,0.5,36,9,-8.5,14.44,q3,"(100, 100)",2993,0.0038982675101101047,0.37495121216813576,0.053339176269769424,0.35620192082177066,28066,11934,0.70
sequences,0.5,36,9,-8.5,14.44,q4,"(100, 100)",2927,0.10092956495303153,0.3282104871045011,0.053339176269769424,0.35620192082177066,28066,11934,0.70
sequences,0.5,37,9,-8.5,14.44,q1,"(100, 100)",2972,0.022119586570568665,0.3758484607843958,0.05528834392692481,0.34827253759981236,28066,11934,0.70
sequences,0.5,37,9,-8.5,14.44,q2,"(100, 100)",3024,0.09029052099835627,0.3212232344835682,0.05528834392692481,0.34827253759981236,28066,11934,0.70
sequences,0.5,37,9,-8.5,14.44,q3,"(100, 100)",2950,0.01739483869826576,0.3708811670781617,0.05528834392692481,0.34827253759981236,28066,11934,0.70
sequences,0.5,37,9,-8.5,14.44,q4,"(100, 100)",2988,0.09026719393483178,0.3142169491307756,0.05528834392692481,0.34827253759981236,28066,11934,0.70
sequences,0.5,38,9,-8.5,14.44,q1,"(100, 100)",2934,0.029232782783874055,0.36928265509420627,0.05663270516093041,0.3436959948673008,28063,11937,0.70
sequences,0.5,38,9,-8.5,14.44,q2,"(100, 100)",2937,0.08811585597718834,0.32746060436727853,0.05663270516093041,0.3436959948673008,28063,11937,0.70
sequences,0.5,38,9,-8.5,14.44,q3,"(100, 100)",3057,0.028062881649111804,0.35509856463667977,0.05663270516093041,0.3436959948673008,28063,11937,0.70
sequences,0.5,38,9,-8.5,14.44,q4,"(100, 100)",3009,0.0816454365609182,0.31579279108753294,0.05663270516093041,0.3436959948673008,28063,11937,0.70
sequences,0.5,39,9,-8.5,14.44,q1,"(100, 100)",3015,0.007016065413443764,0.36731495008933085,0.05377535959603575,0.3489423672368249,28053,11947,0.70
sequences,0.5,39,9,-8.5,14.44,q2,"(100, 100)",2983,0.10157579803494032,0.3218300116092058,0.05377535959603575,0.3489423672368249,28053,11947,0.70
sequences,0.5,39,9,-8.5,14.44,q3,"(100, 100)",3050,0.01517437633388637,0.3721918414487575,0.05377535959603575,0.3489423672368249,28053,11947,0.70
sequences,0.5,39,9,-8.5,14.44,q4,"(100, 100)",2899,0.0938317801020096,0.31835741033713316,0.05377535959603575,0.3489423672368249,28053,11947,0.70
sequences,0.5,40,9,-8.5,14.44,q1,"(100, 100)",2904,0.025163935491742465,0.34721894248541574,0.05524116573530538,0.3384119433789563,28054,11946,0.70
sequences,0.5,40,9,-8.5,14.44,q2,"(100, 100)",2961,0.0897187138988977,0.3389444056929245,0.05524116573530538,0.3384119433789563,28054,11946,0.70
sequences,0.5,40,9,-8.5,14.44,q3,"(100, 100)",3115,0.018681394348580772,0.33415002681996997,0.05524116573530538,0.3384119433789563,28054,11946,0.70
sequences,0.5,40,9,-8.5,14.44,q4,"(100, 100)",2966,0.08866663585821741,0.3265997620771176,0.05524116573530538,0.3384119433789563,28054,11946,0.70
sequences,0.5,41,9,-8.5,14.44,q1,"(100, 100)",2931,2.4363425323423935e-05,0.3675177527819371,0.05230740015706758,0.352453462081401,28060,11940,0.70
sequences,0.5,41,9,-8.5,14.44,q2,"(100, 100)",2962,0.10758100233097471,0.3344101701526792,0.05230740015706758,0.352453462081401,28060,11940,0.70
sequences,0.5,41,9,-8.5,14.44,q3,"(100, 100)",3007,0.0019045852416484453,0.3663941123670257,0.05230740015706758,0.352453462081401,28060,11940,0.70
sequences,0.5,41,9,-8.5,14.44,q4,"(100, 100)",3040,0.09871609603611185,0.3250391107087044,0.05230740015706758,0.352453462081401,28060,11940,0.70
sequences,0.5,42,9,-8.5,14.44,q1,"(100, 100)",2952,0.005953913777241798,0.3613941718853329,0.05273152870659828,0.35177148669799496,28067,11933,0.70
sequences,0.5,42,9,-8.5,14.44,q2,"(100, 100)",3021,0.10069287517868748,0.3363930588261489,0.05273152870659828,0.35177148669799496,28067,11933,0.70
sequences,0.5,42,9,-8.5,14.44,q3,"(100, 100)",2998,0.005171716318484466,0.3587751827419273,0.05273152870659828,0.35177148669799496,28067,11933,0.70
sequences,0.5,42,9,-8.5,14.44,q4,"(100, 100)",2962,0.09857238256171107,0.3372578426705022,0.05273152870659828,0.35177148669799496,28067,11933,0.70
sequences,0.5,43,9,-8.5,14.44,q1,"(100, 100)",2960,-0.0008855640714764017,0.3764142859623216,0.05183836089631715,0.3536503764899785,28059,11941,0.70
sequences,0.5,43,9,-8.5,14.44,q2,"(100, 100)",2956,0.1077951947084073,0.3301507081629046,0.05183836089631715,0.3536503764899785,28059,11941,0.70
sequences,0.5,43,9,-8.5,14.44,q3,"(100, 100)",3027,-0.0011517828978436005,0.3664489088115849,0.05183836089631715,0.3536503764899785,28059,11941,0.70
sequences,0.5,43,9,-8.5,14.44,q4,"(100, 100)",2998,0.10222381200407397,0.3224795184757752,0.05183836089631715,0.3536503764899785,28059,11941,0.70
sequences,0.5,44,9,-8.5,14.44,q1,"(100, 100)",2988,-0.01055462193928524,0.36038226169229354,0.050567640446937394,0.3559880264848444,28049,11951,0.70
sequences,0.5,44,9,-8.5,14.44,q2,"(100, 100)",3002,0.11250570082853789,0.3469263625988376,0.050567640446937394,0.3559880264848444,28049,11951,0.70
sequences,0.5,44,9,-8.5,14.44,q3,"(100, 100)",2974,-0.005996832508978421,0.35896287783169856,0.050567640446937394,0.3559880264848444,28049,11951,0.70
sequences,0.5,44,9,-8.5,14.44,q4,"(100, 100)",2987,0.10577956053912427,0.337691760462167,0.050567640446937394,0.3559880264848444,28049,11951,0.70
sequences,0.5,45,9,-8.5,14.44,q1,"(100, 100)",2998,0.004844307554506399,0.34707050608373186,0.05249989141201818,0.34784756824908786,28060,11940,0.70
sequences,0.5,45,9,-8.5,14.44,q2,"(100, 100)",2958,0.10334384730443164,0.35020252627885085,0.05249989141201818,0.34784756824908786,28060,11940,0.70
sequences,0.5,45,9,-8.5,14.44,q3,"(100, 100)",3019,0.004002783646978095,0.3355044198944239,0.05249989141201818,0.34784756824908786,28060,11940,0.70
sequences,0.5,45,9,-8.5,14.44,q4,"(100, 100)",2965,0.0993423154314844,0.34500422671964864,0.05249989141201818,0.34784756824908786,28060,11940,0.70
sequences,0.5,46,9,-8.5,14.44,q1,"(100, 100)",2929,0.019720853877123974,0.3635198667254812,0.054888670516868944,0.34492343845341433,28066,11934,0.70
sequences,0.5,46,9,-8.5,14.44,q2,"(100, 100)",3053,0.09144584117824439,0.32690644893933135,0.054888670516868944,0.34492343845341433,28066,11934,0.70
sequences,0.5,46,9,-8.5,14.44,q3,"(100, 100)",2967,0.012759149934075838,0.36214349694837733,0.054888670516868944,0.34492343845341433,28066,11934,0.70
sequences,0.5,46,9,-8.5,14.44,q4,"(100, 100)",2985,0.093882231815958,0.31695026643978824,0.054888670516868944,0.34492343845341433,28066,11934,0.70
sequences,0.5,47,9,-8.5,14.44,q1,"(100, 100)",2955,0.014157976581422848,0.36305451291404955,0.053854406459298475,0.34657829449283606,28043,11957,0.70
sequences,0.5,47,9,-8.5,14.44,q2,"(100, 100)",2988,0.0967217079335302,0.33095838513318093,0.053854406459298475,0.34657829449283606,28043,11957,0.70
sequences,0.5,47,9,-8.5,14.44,q3,"(100, 100)",3037,0.008580707102527155,0.35623348526133314,0.053854406459298475,0.34657829449283606,28043,11957,0.70
sequences,0.5,47,9,-8.5,14.44,q4,"(100, 100)",2977,0.0964179531272973,0.3238815249054916,0.053854406459298475,0.34657829449283606,28043,11957,0.70
sequences,0.5,48,9,-8.5,14.44,q1,"(100, 100)",2970,0.033975134074329914,0.374827364203019,0.05641170527183991,0.34074082523194144,28049,11951,0.70
sequences,0.5,48,9,-8.5,14.44,q2,"(100, 100)",3014,0.08223486838251508,0.3080008308962818,0.05641170527183991,0.34074082523194144,28049,11951,0.70
sequences,0.5,48,9,-8.5,14.44,q3,"(100, 100)",3023,0.022330776683219266,0.3684473232794418,0.05641170527183991,0.34074082523194144,28049,11951,0.70
sequences,0.5,48,9,-8.5,14.44,q4,"(100, 100)",2944,0.08760472496084469,0.2995160552617678,0.05641170527183991,0.34074082523194144,28049,11951,0.70
sequences,0.5,49,9,-8.5,14.44,q1,"(100, 100)",2975,0.011318256357712601,0.3650302253583861,0.05402000056891339,0.35647569107473226,28064,11936,0.70
sequences,0.5,49,9,-8.5,14.44,q2,"(100, 100)",3013,0.09741448718711693,0.34303804057913095,0.05402000056891339,0.35647569107473226,28064,11936,0.70
sequences,0.5,49,9,-8.5,14.44,q3,"(100, 100)",3036,0.013537396374710265,0.3708534087071606,0.05402000056891339,0.35647569107473226,28064,11936,0.70
sequences,0.5,49,9,-8.5,14.44,q4,"(100, 100)",2912,0.0949524480899559,0.335256734851577,0.05402000056891339,0.35647569107473226,28064,11936,0.70
sequences,0.5,0,10,-12.3,10.68,q1,"(100, 100)",3068,-0.002382707882204097,0.39080867073772535,0.06055573560758426,0.36035806912942264,28059,11941,0.70
sequences,0.5,0,10,-12.3,10.68,q2,"(100, 100)",2951,0.12761290433897554,0.31428916055224193,0.06055573560758426,0.36035806912942264,28059,11941,0.70
sequences,0.5,0,10,-12.3,10.68,q3,"(100, 100)",2976,0.00025301223590039947,0.39002910242222677,0.06055573560758426,0.36035806912942264,28059,11941,0.70
sequences,0.5,0,10,-12.3,10.68,q4,"(100, 100)",2946,0.11984641600624896,0.3144206092877006,0.06055573560758426,0.36035806912942264,28059,11941,0.70
sequences,0.5,1,10,-12.3,10.68,q1,"(100, 100)",2959,0.01539356692542055,0.41757561592514253,0.061817095471178515,0.3706157513738092,28061,11939,0.70
sequences,0.5,1,10,-12.3,10.68,q2,"(100, 100)",3015,0.11064374837142854,0.31441536217908755,0.061817095471178515,0.3706157513738092,28061,11939,0.70
sequences,0.5,1,10,-12.3,10.68,q3,"(100, 100)",2993,0.010270914176933939,0.4124807095977705,0.061817095471178515,0.3706157513738092,28061,11939,0.70
sequences,0.5,1,10,-12.3,10.68,q4,"(100, 100)",2972,0.1104148690533851,0.311356514417595,0.061817095471178515,0.3706157513738092,28061,11939,0.70
sequences,0.5,2,10,-12.3,10.68,q1,"(100, 100)",2977,0.004363805460900607,0.41025062209770424,0.06052670403709233,0.3788086806054784,28052,11948,0.70
sequences,0.5,2,10,-12.3,10.68,q2,"(100, 100)",3029,0.11842641814151536,0.34085159389181013,0.06052670403709233,0.3788086806054784,28052,11948,0.70
sequences,0.5,2,10,-12.3,10.68,q3,"(100, 100)",2935,0.001889204086789064,0.407881517321024,0.06052670403709233,0.3788086806054784,28052,11948,0.70
sequences,0.5,2,10,-12.3,10.68,q4,"(100, 100)",3007,0.11503943346614638,0.3336150249818066,0.06052670403709233,0.3788086806054784,28052,11948,0.70
sequences,0.5,3,10,-12.3,10.68,q1,"(100, 100)",2978,0.0230550916762552,0.3950180427610662,0.0630513399892373,0.3502888423021736,28058,11942,0.70
sequences,0.5,3,10,-12.3,10.68,q2,"(100, 100)",2990,0.10592902895915011,0.30254855143263276,0.0630513399892373,0.3502888423021736,28058,11942,0.70
sequences,0.5,3,10,-12.3,10.68,q3,"(100, 100)",3073,0.02106742813510941,0.3904823241049568,0.0630513399892373,0.3502888423021736,28058,11942,0.70
sequences,0.5,3,10,-12.3,10.68,q4,"(100, 100)",2901,0.10438918851862594,0.28627039704156115,0.0630513399892373,0.3502888423021736,28058,11942,0.70
sequences,0.5,4,10,-12.3,10.68,q1,"(100, 100)",2989,0.008194199425847665,0.37397645595140355,0.06098105079172955,0.3625988731619122,28061,11939,0.70
sequences,0.5,4,10,-12.3,10.68,q2,"(100, 100)",2943,0.11859621320668455,0.34961634910700173,0.06098105079172955,0.3625988731619122,28061,11939,0.70
sequences,0.5,4,10,-12.3,10.68,q3,"(100, 100)",3037,0.004064720275570954,0.3645919271718292,0.06098105079172955,0.3625988731619122,28061,11939,0.70
sequences,0.5,4,10,-12.3,10.68,q4,"(100, 100)",2970,0.11521450921697604,0.3440591936042985,0.06098105079172955,0.3625988731619122,28061,11939,0.70
sequences,0.5,5,10,-12.3,10.68,q1,"(100, 100)",2934,0.0036493099782100216,0.39640910565175014,0.061191503870480855,0.3672080298813773,28060,11940,0.70
sequences,0.5,5,10,-12.3,10.68,q2,"(100, 100)",3061,0.11803367377198001,0.3305482572702944,0.061191503870480855,0.3672080298813773,28060,11940,0.70
sequences,0.5,5,10,-12.3,10.68,q3,"(100, 100)",3054,0.011204639403161864,0.3935270960588571,0.061191503870480855,0.3672080298813773,28060,11940,0.70
sequences,0.5,5,10,-12.3,10.68,q4,"(100, 100)",2891,0.11221011296582019,0.3257619214448871,0.061191503870480855,0.3672080298813773,28060,11940,0.70
sequences,0.5,6,10,-12.3,10.68,q1,"(100, 100)",2968,0.026491173459900052,0.41482958575343587,0.0631687372968347,0.3654308154640457,28066,11934,0.70
sequences,0.5,6,10,-12.3,10.68,q2,"(100, 100)",2993,0.10337923842124776,0.3066650121866415,0.0631687372968347,0.3654308154640457,28066,11934,0.70
sequences,0.5,6,10,-12.3,10.68,q3,"(100, 100)",2986,0.014260813857495069,0.41160030327848784,0.0631687372968347,0.3654308154640457,28066,11934,0.70
sequences,0.5,6,10,-12.3,10.68,q4,"(100, 100)",2987,0.10821327663145867,0.3026159378490378,0.0631687372968347,0.3654308154640457,28066,11934,0.70
sequences,0.5,7,10,-12.3,10.68,q1,"(100, 100)",3041,0.0353908208395656,0.3853637370637594,0.0638133565083392,0.3482143744874446,28058,11942,0.70
sequences,0.5,7,10,-12.3,10.68,q2,"(100, 100)",2913,0.09835783451356134,0.3066811745251219,0.0638133565083392,0.3482143744874446,28058,11942,0.70
sequences,0.5,7,10,-12.3,10.68,q3,"(100, 100)",2987,0.020915142760002493,0.38375643303015045,0.0638133565083392,0.3482143744874446,28058,11942,0.70
sequences,0.5,7,10,-12.3,10.68,q4,"(100, 100)",3001,0.10178131085882576,0.2981539967268242,0.0638133565083392,0.3482143744874446,28058,11942,0.70
sequences,0.5,8,10,-12.3,10.68,q1,"(100, 100)",2881,0.008466002825169601,0.4190050497449033,0.06123109879386595,0.369871097980298,28058,11942,0.70
sequences,0.5,8,10,-12.3,10.68,q2,"(100, 100)",2980,0.11793156456156334,0.3218587431629537,0.06123109879386595,0.369871097980298,28058,11942,0.70
sequences,0.5,8,10,-12.3,10.68,q3,"(100, 100)",3058,0.001961589634591545,0.4016703788710033,0.06123109879386595,0.369871097980298,28058,11942,0.70
sequences,0.5,8,10,-12.3,10.68,q4,"(100, 100)",3023,0.1155794324052246,0.30895874681427754,0.06123109879386595,0.369871097980298,28058,11942,0.70
sequences,0.5,9,10,-12.3,10.68,q1,"(100, 100)",2993,-0.002274424261939641,0.3865260353994317,0.06036193547170627,0.3768543084975884,28062,11938,0.70
sequences,0.5,9,10,-12.3,10.68,q2,"(100, 100)",3049,0.12295835365741108,0.35559607055522613,0.06036193547170627,0.3768543084975884,28062,11938,0.70
sequences,0.5,9,10,-12.3,10.68,q3,"(100, 100)",3007,0.001025027246360354,0.38956168057785784,0.06036193547170627,0.3768543084975884,28062,11938,0.70
sequences,0.5,9,10,-12.3,10.68,q4,"(100, 100)",2889,0.12095045352923602,0.3537381619665043,0.06036193547170627,0.3768543084975884,28062,11938,0.70
sequences,0.5,10,10,-12.3,10.68,q1,"(100, 100)",3005,0.008840941972223145,0.38900266464246536,0.06135214572351798,0.36561102982953547,28068,11932,0.70
sequences,0.5,10,10,-12.3,10.68,q2,"(100, 100)",2955,0.11763680521545337,0.33353757198044537,0.06135214572351798,0.36561102982953547,28068,11932,0.70
sequences,0.5,10,10,-12.3,10.68,q3,"(100, 100)",2993,0.010198806026995199,0.3906101435719076,0.06135214572351798,0.36561102982953547,28068,11932,0.70
sequences,0.5,10,10,-12.3,10.68,q4,"(100, 100)",2979,0.1098841847250838,0.3289486531716458,0.06135214572351798,0.36561102982953547,28068,11932,0.70
sequences,0.5,11,10,-12.3,10.68,q1,"(100, 100)",2941,0.020316913607869285,0.42191285556312336,0.06271485604238458,0.36613850479774784,28056,11944,0.70
sequences,0.5,11,10,-12.3,10.68,q2,"(100, 100)",3059,0.10625113828063862,0.3001964814793378,0.06271485604238458,0.36613850479774784,28056,11944,0.70
sequences,0.5,11,10,-12.3,10.68,q3,"(100, 100)",2970,0.016478583241282683,0.41858480718950447,0.06271485604238458,0.36613850479774784,28056,11944,0.70
sequences,0.5,11,10,-12.3,10.68,q4,"(100, 100)",2974,0.10603583504452409,0.2948695448937677,0.06271485604238458,0.36613850479774784,28056,11944,0.70
sequences,0.5,12,10,-12.3,10.68,q1,"(100, 100)",2987,0.026068813466603086,0.4057388325508881,0.06333568194661064,0.36336994493721414,28072,11928,0.70
sequences,0.5,12,10,-12.3,10.68,q2,"(100, 100)",3036,0.10221677480045199,0.31200340611878546,0.06333568194661064,0.36336994493721414,28072,11928,0.70
sequences,0.5,12,10,-12.3,10.68,q3,"(100, 100)",2931,0.017732175132450224,0.4085012446329133,0.06333568194661064,0.36336994493721414,28072,11928,0.70
sequences,0.5,12,10,-12.3,10.68,q4,"(100, 100)",2974,0.10601793370109097,0.3059124139063275,0.06333568194661064,0.36336994493721414,28072,11928,0.70
sequences,0.5,13,10,-12.3,10.68,q1,"(100, 100)",2990,0.0021438874880587303,0.39478071957264177,0.060827175118216094,0.36228448939863783,28054,11946,0.70
sequences,0.5,13,10,-12.3,10.68,q2,"(100, 100)",2967,0.12339331578663444,0.32095212082938995,0.060827175118216094,0.36228448939863783,28054,11946,0.70
sequences,0.5,13,10,-12.3,10.68,q3,"(100, 100)",2965,-0.002881756480276096,0.3946603024390501,0.060827175118216094,0.36228448939863783,28054,11946,0.70
sequences,0.5,13,10,-12.3,10.68,q4,"(100, 100)",3024,0.11992977857076328,0.3096535465672005,0.060827175118216094,0.36228448939863783,28054,11946,0.70
sequences,0.5,14,10,-12.3,10.68,q1,"(100, 100)",2864,0.015065234836500784,0.4065057885326223,0.061899520772740184,0.3691300864307475,28060,11940,0.70
sequences,0.5,14,10,-12.3,10.68,q2,"(100, 100)",3054,0.10949793145125557,0.3352225853936475,0.061899520772740184,0.3691300864307475,28060,11940,0.70
sequences,0.5,14,10,-12.3,10.68,q3,"(100, 100)",3027,0.01557166800773474,0.39153484233370445,0.061899520772740184,0.3691300864307475,28060,11940,0.70
sequences,0.5,14,10,-12.3,10.68,q4,"(100, 100)",2995,0.10497206134999398,0.3274623853106994,0.061899520772740184,0.3691300864307475,28060,11940,0.70
sequences,0.5,15,10,-12.3,10.68,q1,"(100, 100)",2945,0.019085227661999056,0.40578820638404517,0.06260231827699914,0.35712739534744337,28056,11944,0.70
sequences,0.5,15,10,-12.3,10.68,q2,"(100, 100)",2972,0.11035370918217567,0.3068728820344991,0.06260231827699914,0.35712739534744337,28056,11944,0.70
sequences,0.5,15,10,-12.3,10.68,q3,"(100, 100)",3010,0.012915455490783583,0.39381498744140925,0.06260231827699914,0.35712739534744337,28056,11944,0.70
sequences,0.5,15,10,-12.3,10.68,q4,"(100, 100)",3017,0.10761330769612387,0.2968215256551843,0.06260231827699914,0.35712739534744337,28056,11944,0.70
sequences,0.5,16,10,-12.3,10.68,q1,"(100, 100)",3004,0.00017159761736816246,0.4018161624151871,0.06102850938716271,0.3627576668682744,28048,11952,0.70
sequences,0.5,16,10,-12.3,10.68,q2,"(100, 100)",3064,0.12149839302806413,0.30860722132509727,0.06102850938716271,0.3627576668682744,28048,11952,0.70
sequences,0.5,16,10,-12.3,10.68,q3,"(100, 100)",2951,0.0029145706293006255,0.4077780010871892,0.06102850938716271,0.3627576668682744,28048,11952,0.70
sequences,0.5,16,10,-12.3,10.68,q4,"(100, 100)",2933,0.11865846941279919,0.299584042997381,0.06102850938716271,0.3627576668682744,28048,11952,0.70
sequences,0.5,17,10,-12.3,10.68,q1,"(100, 100)",2993,0.023552824308430417,0.41927280009215045,0.06255428302265185,0.3696983387508953,28050,11950,0.70
sequences,0.5,17,10,-12.3,10.68,q2,"(100, 100)",2982,0.10505139335023556,0.3137443821294564,0.06255428302265185,0.3696983387508953,28050,11950,0.70
sequences,0.5,17,10,-12.3,10.68,q3,"(100, 100)",3034,0.017865015078947697,0.4190318450947648,0.06255428302265185,0.3696983387508953,28050,11950,0.70
sequences,0.5,17,10,-12.3,10.68,q4,"(100, 100)",2941,0.1052582006955551,0.29705650719050686,0.06255428302265185,0.3696983387508953,28050,11950,0.70
sequences,0.5,18,10,-12.3,10.68,q1,"(100, 100)",3004,0.010011788477379734,0.4101303302141912,0.06169251939869451,0.36971232912763724,28060,11940,0.70
sequences,0.5,18,10,-12.3,10.68,q2,"(100, 100)",3007,0.11555215489530173,0.3186779191332802,0.06169251939869451,0.36971232912763724,28060,11940,0.70
sequences,0.5,18,10,-12.3,10.68,q3,"(100, 100)",2981,0.007340791146173991,0.4059071609266807,0.06169251939869451,0.36971232912763724,28060,11940,0.70
sequences,0.5,18,10,-12.3,10.68,q4,"(100, 100)",2948,0.11437755795707154,0.31713146031576495,0.06169251939869451,0.36971232912763724,28060,11940,0.70
sequences,0.5,19,10,-12.3,10.68,q1,"(100, 100)",2976,-0.001569330698967244,0.3952900627855635,0.06079688677105865,0.3722684113756018,28066,11934,0.70
sequences,0.5,19,10,-12.3,10.68,q2,"(100, 100)",2913,0.1285121670133231,0.34403849141359666,0.06079688677105865,0.3722684113756018,28066,11934,0.70
sequences,0.5,19,10,-12.3,10.68,q3,"(100, 100)",3021,0.0042087624244587125,0.39292078469850994,0.06079688677105865,0.3722684113756018,28066,11934,0.70
sequences,0.5,19,10,-12.3,10.68,q4,"(100, 100)",3024,0.11347545009650808,0.3326659102869202,0.06079688677105865,0.3722684113756018,28066,11934,0.70
sequences,0.5,20,10,-12.3,10.68,q1,"(100, 100)",2943,0.03310550815032223,0.39501380309407036,0.0639505132610327,0.34847166905049337,28063,11937,0.70
sequences,0.5,20,10,-12.3,10.68,q2,"(100, 100)",3014,0.09766978746473884,0.300172026671848,0.0639505132610327,0.34847166905049337,28063,11937,0.70
sequences,0.5,20,10,-12.3,10.68,q3,"(100, 100)",3074,0.024956460685836665,0.3880346662490891,0.0639505132610327,0.34847166905049337,28063,11937,0.70
sequences,0.5,20,10,-12.3,10.68,q4,"(100, 100)",2906,0.10146416611960228,0.28792481613697063,0.0639505132610327,0.34847166905049337,28063,11937,0.70
sequences,0.5,21,10,-12.3,10.68,q1,"(100, 100)",2934,0.016246409698750856,0.39984470197767913,0.06292788889566354,0.35904323195001536,28056,11944,0.70
sequences,0.5,21,10,-12.3,10.68,q2,"(100, 100)",3022,0.11075764933337306,0.31304350599350983,0.06292788889566354,0.35904323195001536,28056,11944,0.70
sequences,0.5,21,10,-12.3,10.68,q3,"(100, 100)",2959,0.02274301590242975,0.3955582614699879,0.06292788889566354,0.35904323195001536,28056,11944,0.70
sequences,0.5,21,10,-12.3,10.68,q4,"(100, 100)",3029,0.09968225109703775,0.30907065465083605,0.06292788889566354,0.35904323195001536,28056,11944,0.70
sequences,0.5,22,10,-12.3,10.68,q1,"(100, 100)",3023,0.021380593304595463,0.39903861414727215,0.06302079564175156,0.3563030803805307,28055,11945,0.70
sequences,0.5,22,10,-12.3,10.68,q2,"(100, 100)",2942,0.10902737909438177,0.31119455966523935,0.06302079564175156,0.3563030803805307,28055,11945,0.70
sequences,0.5,22,10,-12.3,10.68,q3,"(100, 100)",3028,0.019675568539917424,0.3908034224046605,0.06302079564175156,0.3563030803805307,28055,11945,0.70
sequences,0.5,22,10,-12.3,10.68,q4,"(100, 100)",2952,0.1042729334506738,0.2999173538153765,0.06302079564175156,0.3563030803805307,28055,11945,0.70
sequences,0.5,23,10,-12.3,10.68,q1,"(100, 100)",2909,0.009587814457586623,0.39159066599146214,0.06135193114824873,0.3697089330654199,28057,11943,0.70
sequences,0.5,23,10,-12.3,10.68,q2,"(100, 100)",3026,0.11475136342676356,0.3482444664944584,0.06135193114824873,0.3697089330654199,28057,11943,0.70
sequences,0.5,23,10,-12.3,10.68,q3,"(100, 100)",3021,0.007140786276888117,0.38578328364341224,0.06135193114824873,0.3697089330654199,28057,11943,0.70
sequences,0.5,23,10,-12.3,10.68,q4,"(100, 100)",2987,0.11249588897708389,0.33571457687324624,0.06135193114824873,0.3697089330654199,28057,11943,0.70
sequences,0.5,24,10,-12.3,10.68,q1,"(100, 100)",2945,0.025927898828607205,0.40183040533273495,0.06303278468311203,0.3536192403038966,28057,11943,0.70
sequences,0.5,24,10,-12.3,10.68,q2,"(100, 100)",3053,0.10159748008773291,0.3037708605873151,0.06303278468311203,0.3536192403038966,28057,11943,0.70
sequences,0.5,24,10,-12.3,10.68,q3,"(100, 100)",2944,0.022507691981355823,0.392763859226604,0.06303278468311203,0.3536192403038966,28057,11943,0.70
sequences,0.5,24,10,-12.3,10.68,q4,"(100, 100)",3001,0.09996772193242211,0.29688622902960243,0.06303278468311203,0.3536192403038966,28057,11943,0.70
sequences,0.5,25,10,-12.3,10.68,q1,"(100, 100)",3007,0.01564951203930419,0.39806475774853384,0.06191854317443065,0.3593599634673505,28052,11948,0.70
sequences,0.5,25,10,-12.3,10.68,q2,"(100, 100)",2906,0.11449730163252296,0.31469754951198137,0.06191854317443065,0.3593599634673505,28052,11948,0.70
sequences,0.5,25,10,-12.3,10.68,q3,"(100, 100)",3055,0.007482694175070979,0.3935110955269305,0.06191854317443065,0.3593599634673505,28052,11948,0.70
sequences,0.5,25,10,-12.3,10.68,q4,"(100, 100)",2980,0.11313955768354231,0.3033800169179807,0.06191854317443065,0.3593599634673505,28052,11948,0.70
sequences,0.5,26,10,-12.3,10.68,q1,"(100, 100)",2996,0.010506570076731695,0.39788606952041594,0.06172716911104991,0.35991817259423575,28067,11933,0.70
sequences,0.5,26,10,-12.3,10.68,q2,"(100, 100)",2982,0.11608686604729607,0.3157492556807662,0.06172716911104991,0.35991817259423575,28067,11933,0.70
sequences,0.5,26,10,-12.3,10.68,q3,"(100, 100)",2970,0.006356160983494241,0.39398404411024873,0.06172716911104991,0.35991817259423575,28067,11933,0.70
sequences,0.5,26,10,-12.3,10.68,q4,"(100, 100)",2985,0.11392421855217948,0.3058802982867915,0.06172716911104991,0.35991817259423575,28067,11933,0.70
sequences,0.5,27,10,-12.3,10.68,q1,"(100, 100)",2977,0.01964881879576512,0.37520656932480106,0.06298153232113529,0.3517736220061795,28058,11942,0.70
sequences,0.5,27,10,-12.3,10.68,q2,"(100, 100)",2973,0.10958274389029588,0.32554426583990453,0.06298153232113529,0.3517736220061795,28058,11942,0.70
sequences,0.5,27,10,-12.3,10.68,q3,"(100, 100)",3008,0.023056561014811537,0.3742538599931414,0.06298153232113529,0.3517736220061795,28058,11942,0.70
sequences,0.5,27,10,-12.3,10.68,q4,"(100, 100)",2984,0.10002925345362003,0.3177744359560502,0.06298153232113529,0.3517736220061795,28058,11942,0.70
sequences,0.5,28,10,-12.3,10.68,q1,"(100, 100)",3066,0.013550104416502473,0.40450663764387934,0.062041959265473706,0.36800589775604,28063,11937,0.70
sequences,0.5,28,10,-12.3,10.68,q2,"(100, 100)",2947,0.1148705975006181,0.3146768243524581,0.062041959265473706,0.36800589775604,28063,11937,0.70
sequences,0.5,28,10,-12.3,10.68,q3,"(100, 100)",2963,0.007146551129148179,0.41202145096970555,0.062041959265473706,0.36800589775604,28063,11937,0.70
sequences,0.5,28,10,-12.3,10.68,q4,"(100, 100)",2961,0.11460701309725616,0.31163791882827363,0.062041959265473706,0.36800589775604,28063,11937,0.70
sequences,0.5,29,10,-12.3,10.68,q1,"(100, 100)",2969,0.01715277499170222,0.3954953274885069,0.0618073668075071,0.3531335455524694,28059,11941,0.70
sequences,0.5,29,10,-12.3,10.68,q2,"(100, 100)",2962,0.11124138586367996,0.30563881211892024,0.0618073668075071,0.3531335455524694,28059,11941,0.70
sequences,0.5,29,10,-12.3,10.68,q3,"(100, 100)",3042,0.006145355025291691,0.38793062077979185,0.0618073668075071,0.3531335455524694,28059,11941,0.70
sequences,0.5,29,10,-12.3,10.68,q4,"(100, 100)",2968,0.11419273018292483,0.2956709483051727,0.0618073668075071,0.3531335455524694,28059,11941,0.70
sequences,0.5,30,10,-12.3,10.68,q1,"(100, 100)",2951,0.01341081629165209,0.3930961135734842,0.062092969672883844,0.3571919200626306,28072,11928,0.70
sequences,0.5,30,10,-12.3,10.68,q2,"(100, 100)",3005,0.11353256559258604,0.31625908017115323,0.062092969672883844,0.3571919200626306,28072,11928,0.70
sequences,0.5,30,10,-12.3,10.68,q3,"(100, 100)",2969,0.005309331885212565,0.3924238263300586,0.062092969672883844,0.3571919200626306,28072,11928,0.70
sequences,0.5,30,10,-12.3,10.68,q4,"(100, 100)",3003,0.11459902011607598,0.3027636502046461,0.062092969672883844,0.3571919200626306,28072,11928,0.70
sequences,0.5,31,10,-12.3,10.68,q1,"(100, 100)",2882,0.010501384807296229,0.4034485634053662,0.061487185203433714,0.3643123357779593,28062,11938,0.70
sequences,0.5,31,10,-12.3,10.68,q2,"(100, 100)",3063,0.11327327593086262,0.3222360314868351,0.061487185203433714,0.3643123357779593,28062,11938,0.70
sequences,0.5,31,10,-12.3,10.68,q3,"(100, 100)",2998,0.003022373361547223,0.39782126807017776,0.061487185203433714,0.3643123357779593,28062,11938,0.70
sequences,0.5,31,10,-12.3,10.68,q4,"(100, 100)",2995,0.11611082017689925,0.31006426949699295,0.061487185203433714,0.3643123357779593,28062,11938,0.70
sequences,0.5,32,10,-12.3,10.68,q1,"(100, 100)",2978,0.03004348651072565,0.3868690749659022,0.06378161133003246,0.34624909027979195,28052,11948,0.70
sequences,0.5,32,10,-12.3,10.68,q2,"(100, 100)",2931,0.10254744204076895,0.30714279424296714,0.06378161133003246,0.34624909027979195,28052,11948,0.70
sequences,0.5,32,10,-12.3,10.68,q3,"(100, 100)",3047,0.028800677583838887,0.3754208277146183,0.06378161133003246,0.34624909027979195,28052,11948,0.70
sequences,0.5,32,10,-12.3,10.68,q4,"(100, 100)",2992,0.0950103516453329,0.2983512748954834,0.06378161133003246,0.34624909027979195,28052,11948,0.70
sequences,0.5,33,10,-12.3,10.68,q1,"(100, 100)",2987,0.03704284208590661,0.3770521319151767,0.06494652142972474,0.34202016823147025,28054,11946,0.70
sequences,0.5,33,10,-12.3,10.68,q2,"(100, 100)",2958,0.09584721154210847,0.30312663395727046,0.06494652142972474,0.34202016823147025,28054,11946,0.70
sequences,0.5,33,10,-12.3,10.68,q3,"(100, 100)",3068,0.045691675366511184,0.3752116302546568,0.06494652142972474,0.34202016823147025,28054,11946,0.70
sequences,0.5,33,10,-12.3,10.68,q4,"(100, 100)",2933,0.08234096962934728,0.2987998906832458,0.06494652142972474,0.34202016823147025,28054,11946,0.70
sequences,0.5,34,10,-12.3,10.68,q1,"(100, 100)",2968,0.020333895612087524,0.4097072020310277,0.062333861595939566,0.3613215945796064,28070,11930,0.70
sequences,0.5,34,10,-12.3,10.68,q2,"(100, 100)",2983,0.1077723771527766,0.30857004834180224,0.062333861595939566,0.3613215945796064,28070,11930,0.70
sequences,0.5,34,10,-12.3,10.68,q3,"(100, 100)",2970,0.013982328712032444,0.40356027120371474,0.062333861595939566,0.3613215945796064,28070,11930,0.70
sequences,0.5,34,10,-12.3,10.68,q4,"(100, 100)",3009,0.10644049496225134,0.2980919432897225,0.062333861595939566,0.3613215945796064,28070,11930,0.70
sequences,0.5,35,10,-12.3,10.68,q1,"(100, 100)",2973,0.04808693126624848,0.37632982737084597,0.06515439919771471,0.3365824606414242,28051,11949,0.70
sequences,0.5,35,10,-12.3,10.68,q2,"(100, 100)",2992,0.08579261193326003,0.29525568952086934,0.06515439919771471,0.3365824606414242,28051,11949,0.70
sequences,0.5,35,10,-12.3,10.68,q3,"(100, 100)",2987,0.040325348616112075,0.3780949083526261,0.06515439919771471,0.3365824606414242,28051,11949,0.70
sequences,0.5,35,10,-12.3,10.68,q4,"(100, 100)",2997,0.08622761365975824,0.2826744441019237,0.06515439919771471,0.3365824606414242,28051,11949,0.70
sequences,0.5,36,10,-12.3,10.68,q1,"(100, 100)",2965,0.019294417746631327,0.39182974624801065,0.06274507396549617,0.35438142604536516,28058,11942,0.70
sequences,0.5,36,10,-12.3,10.68,q2,"(100, 100)",3013,0.1079426204659597,0.31252170097113285,0.06274507396549617,0.35438142604536516,28058,11942,0.70
sequences,0.5,36,10,-12.3,10.68,q3,"(100, 100)",3006,0.021212982943445015,0.3862475314691891,0.06274507396549617,0.35438142604536516,28058,11942,0.70
sequences,0.5,36,10,-12.3,10.68,q4,"(100, 100)",2958,0.10246666074552435,0.30777147972874325,0.06274507396549617,0.35438142604536516,28058,11942,0.70
sequences,0.5,37,10,-12.3,10.68,q1,"(100, 100)",2983,0.034437928975058096,0.4008574569673713,0.06400541671328151,0.34938162830119734,28063,11937,0.70
sequences,0.5,37,10,-12.3,10.68,q2,"(100, 100)",2958,0.09767866157532455,0.2939053987077584,0.06400541671328151,0.34938162830119734,28063,11937,0.70
sequences,0.5,37,10,-12.3,10.68,q3,"(100, 100)",3002,0.031126856610657845,0.39044328986890936,0.06400541671328151,0.34938162830119734,28063,11937,0.70
sequences,0.5,37,10,-12.3,10.68,q4,"(100, 100)",2994,0.09316232888738749,0.2906258117502379,0.06400541671328151,0.34938162830119734,28063,11937,0.70
sequences,0.5,38,10,-12.3,10.68,q1,"(100, 100)",2962,0.005268466719712879,0.3946840166434177,0.06189291188618879,0.356113304438303,28066,11934,0.70
sequences,0.5,38,10,-12.3,10.68,q2,"(100, 100)",3035,0.11885907192744737,0.30220724563288914,0.06189291188618879,0.356113304438303,28066,11934,0.70
sequences,0.5,38,10,-12.3,10.68,q3,"(100, 100)",3002,0.009485952945678493,0.3918889212004113,0.06189291188618879,0.356113304438303,28066,11934,0.70
sequences,0.5,38,10,-12.3,10.68,q4,"(100, 100)",2935,0.1137344797217233,0.30794266641338397,0.06189291188618879,0.356113304438303,28066,11934,0.70
sequences,0.5,39,10,-12.3,10.68,q1,"(100, 100)",2997,0.010465542662074157,0.40558929670843846,0.06222124339348858,0.3657656099322105,28059,11941,0.70
sequences,0.5,39,10,-12.3,10.68,q2,"(100, 100)",2983,0.1164481345124966,0.31497374538562123,0.06222124339348858,0.3657656099322105,28059,11941,0.70
sequences,0.5,39,10,-12.3,10.68,q3,"(100, 100)",2981,0.015722498737660934,0.4051214419744459,0.06222124339348858,0.3657656099322105,28059,11941,0.70
sequences,0.5,39,10,-12.3,10.68,q4,"(100, 100)",2980,0.10650506107908263,0.312075999430983,0.06222124339348858,0.3657656099322105,28059,11941,0.70
sequences,0.5,40,10,-12.3,10.68,q1,"(100, 100)",3045,0.028086007849841912,0.3870368147226896,0.06372608064926792,0.3398574055600481,28053,11947,0.70
sequences,0.5,40,10,-12.3,10.68,q2,"(100, 100)",3001,0.1014146292496548,0.282509496666986,0.06372608064926792,0.3398574055600481,28053,11947,0.70
sequences,0.5,40,10,-12.3,10.68,q3,"(100, 100)",2904,0.028469759325919934,0.38554125290031566,0.06372608064926792,0.3398574055600481,28053,11947,0.70
sequences,0.5,40,10,-12.3,10.68,q4,"(100, 100)",2997,0.09636039644756415,0.28161223770285804,0.06372608064926792,0.3398574055600481,28053,11947,0.70
sequences,0.5,41,10,-12.3,10.68,q1,"(100, 100)",3031,0.0008077099675545314,0.4100123239279736,0.06029953984166228,0.38002231680235204,28064,11936,0.70
sequences,0.5,41,10,-12.3,10.68,q2,"(100, 100)",3014,0.12171984715809576,0.3370363554311025,0.06029953984166228,0.38002231680235204,28064,11936,0.70
sequences,0.5,41,10,-12.3,10.68,q3,"(100, 100)",2977,-0.002218223451032899,0.4073493004723111,0.06029953984166228,0.38002231680235204,28064,11936,0.70
sequences,0.5,41,10,-12.3,10.68,q4,"(100, 100)",2914,0.1225213351124391,0.3379707803727802,0.06029953984166228,0.38002231680235204,28064,11936,0.70
sequences,0.5,42,10,-12.3,10.68,q1,"(100, 100)",2927,0.026062673703277753,0.3913276320804008,0.06349536908876502,0.34616344765406054,28061,11939,0.70
sequences,0.5,42,10,-12.3,10.68,q2,"(100, 100)",3016,0.10361493112318482,0.29628646518021323,0.06349536908876502,0.34616344765406054,28061,11939,0.70
sequences,0.5,42,10,-12.3,10.68,q3,"(100, 100)",3019,0.01819310134689826,0.38347531420648245,0.06349536908876502,0.34616344765406054,28061,11939,0.70
sequences,0.5,42,10,-12.3,10.68,q4,"(100, 100)",2977,0.10559561988157894,0.2916733357362612,0.06349536908876502,0.34616344765406054,28061,11939,0.70
sequences,0.5,43,10,-12.3,10.68,q1,"(100, 100)",2990,-0.004451927968733407,0.3872471223367096,0.06029304153642385,0.3672702218786231,28065,11935,0.70
sequences,0.5,43,10,-12.3,10.68,q2,"(100, 100)",3039,0.12529105899833673,0.32925561764056893,0.06029304153642385,0.3672702218786231,28065,11935,0.70
sequences,0.5,43,10,-12.3,10.68,q3,"(100, 100)",2964,-0.0012784989399049617,0.3923639463814565,0.06029304153642385,0.3672702218786231,28065,11935,0.70
sequences,0.5,43,10,-12.3,10.68,q4,"(100, 100)",2942,0.1209852678197364,0.3340476792582295,0.06029304153642385,0.3672702218786231,28065,11935,0.70
sequences,0.5,44,10,-12.3,10.68,q1,"(100, 100)",2941,0.022442999862941702,0.42709090042026593,0.06276453761750542,0.36423743084949867,28066,11934,0.70
sequences,0.5,44,10,-12.3,10.68,q2,"(100, 100)",3025,0.10556607989835581,0.29256965639659394,0.06276453761750542,0.36423743084949867,28066,11934,0.70
sequences,0.5,44,10,-12.3,10.68,q3,"(100, 100)",3002,0.015041667438787012,0.41500033710943723,0.06276453761750542,0.36423743084949867,28066,11934,0.70
sequences,0.5,44,10,-12.3,10.68,q4,"(100, 100)",2966,0.10739536479657226,0.28904085340184643,0.06276453761750542,0.36423743084949867,28066,11934,0.70
sequences,0.5,45,10,-12.3,10.68,q1,"(100, 100)",3006,0.01684847295470925,0.4128052377042724,0.06250193451055668,0.3620214849012297,28073,11927,0.70
sequences,0.5,45,10,-12.3,10.68,q2,"(100, 100)",3003,0.11003904095353136,0.29982421842296586,0.06250193451055668,0.3620214849012297,28073,11927,0.70
sequences,0.5,45,10,-12.3,10.68,q3,"(100, 100)",2997,0.017060033881795136,0.4125294111869166,0.06250193451055668,0.3620214849012297,28073,11927,0.70
sequences,0.5,45,10,-12.3,10.68,q4,"(100, 100)",2921,0.10723652916068431,0.2901029291098444,0.06250193451055668,0.3620214849012297,28073,11927,0.70
sequences,0.5,46,10,-12.3,10.68,q1,"(100, 100)",2987,0.009737906450168029,0.40690979415388956,0.06166419419555559,0.3713044979488281,28071,11929,0.70
sequences,0.5,46,10,-12.3,10.68,q2,"(100, 100)",3036,0.11427938809363564,0.32748652715690385,0.06166419419555559,0.3713044979488281,28071,11929,0.70
sequences,0.5,46,10,-12.3,10.68,q3,"(100, 100)",3007,0.012297530353769752,0.4043353610237409,0.06166419419555559,0.3713044979488281,28071,11929,0.70
sequences,0.5,46,10,-12.3,10.68,q4,"(100, 100)",2899,0.1112708347589056,0.3227126209203244,0.06166419419555559,0.3713044979488281,28071,11929,0.70
sequences,0.5,47,10,-12.3,10.68,q1,"(100, 100)",2978,0.013752378521414504,0.4147796719600134,0.062199330397100634,0.3669075344655324,28052,11948,0.70
sequences,0.5,47,10,-12.3,10.68,q2,"(100, 100)",3001,0.11275515464867844,0.3125757629177348,0.062199330397100634,0.3669075344655324,28052,11948,0.70
sequences,0.5,47,10,-12.3,10.68,q3,"(100, 100)",2992,0.015713362723257077,0.4062456548795448,0.062199330397100634,0.3669075344655324,28052,11948,0.70
sequences,0.5,47,10,-12.3,10.68,q4,"(100, 100)",2977,0.10641935370477557,0.3078691421282645,0.062199330397100634,0.3669075344655324,28052,11948,0.70
sequences,0.5,48,10,-12.3,10.68,q1,"(100, 100)",2940,0.012207234705859495,0.41929807431093263,0.0620086392995507,0.3703836886997134,28056,11944,0.70
sequences,0.5,48,10,-12.3,10.68,q2,"(100, 100)",3062,0.11241019605468232,0.3117400081167968,0.0620086392995507,0.3703836886997134,28056,11944,0.70
sequences,0.5,48,10,-12.3,10.68,q3,"(100, 100)",2954,0.00829282929120499,0.41889104841236735,0.0620086392995507,0.3703836886997134,28056,11944,0.70
sequences,0.5,48,10,-12.3,10.68,q4,"(100, 100)",2988,0.11246481918104079,0.3031151297685061,0.0620086392995507,0.3703836886997134,28056,11944,0.70
sequences,0.5,49,10,-12.3,10.68,q1,"(100, 100)",2924,0.02399024001514203,0.42582181429490534,0.06231244512903502,0.37822803658188603,28060,11940,0.70
sequences,0.5,49,10,-12.3,10.68,q2,"(100, 100)",3021,0.10295582920953399,0.33259962193469217,0.06231244512903502,0.37822803658188603,28060,11940,0.70
sequences,0.5,49,10,-12.3,10.68,q3,"(100, 100)",3027,0.019130055392648775,0.4197025556507964,0.06231244512903502,0.37822803658188603,28060,11940,0.70
sequences,0.5,49,10,-12.3,10.68,q4,"(100, 100)",2968,0.1027381722779153,0.3129748045501966,0.06231244512903502,0.37822803658188603,28060,11940,0.70
sequences,0.5,0,11,-17.0,8.65,q1,"(100, 100)",2960,0.0254632748428231,0.44620249356851066,0.07003095823069112,0.38171975590780366,28059,11941,0.70
sequences,0.5,0,11,-17.0,8.65,q2,"(100, 100)",3020,0.11685314123938742,0.30270458876507417,0.07003095823069112,0.38171975590780366,28059,11941,0.70
sequences,0.5,0,11,-17.0,8.65,q3,"(100, 100)",3029,0.019915997834651818,0.4392635520192454,0.07003095823069112,0.38171975590780366,28059,11941,0.70
sequences,0.5,0,11,-17.0,8.65,q4,"(100, 100)",2932,0.11856969123936427,0.29916063564773515,0.07003095823069112,0.38171975590780366,28059,11941,0.70
sequences,0.5,1,11,-17.0,8.65,q1,"(100, 100)",2945,0.009355690175433834,0.45579194287761055,0.06844411638025118,0.3899081139803246,28051,11949,0.70
sequences,0.5,1,11,-17.0,8.65,q2,"(100, 100)",3039,0.12892633500609474,0.3044131308988857,0.06844411638025118,0.3899081139803246,28051,11949,0.70
sequences,0.5,1,11,-17.0,8.65,q3,"(100, 100)",2957,0.010470614045800308,0.4514440616876529,0.06844411638025118,0.3899081139803246,28051,11949,0.70
sequences,0.5,1,11,-17.0,8.65,q4,"(100, 100)",3008,0.12218002036037742,0.3053668135767945,0.06844411638025118,0.3899081139803246,28051,11949,0.70
sequences,0.5,2,11,-17.0,8.65,q1,"(100, 100)",2962,0.010959982490570223,0.4323754278821949,0.06903255323631932,0.3791579117968906,28052,11948,0.70
sequences,0.5,2,11,-17.0,8.65,q2,"(100, 100)",2876,0.1355502842478682,0.31602052322697327,0.06903255323631932,0.3791579117968906,28052,11948,0.70
sequences,0.5,2,11,-17.0,8.65,q3,"(100, 100)",3030,0.011646734980658048,0.42903666636557575,0.06903255323631932,0.3791579117968906,28052,11948,0.70
sequences,0.5,2,11,-17.0,8.65,q4,"(100, 100)",3080,0.11922248488383487,0.3007014569830959,0.06903255323631932,0.3791579117968906,28052,11948,0.70
sequences,0.5,3,11,-17.0,8.65,q1,"(100, 100)",3013,0.00903598467848623,0.42061090794187483,0.06874126277238055,0.37237308660870555,28059,11941,0.70
sequences,0.5,3,11,-17.0,8.65,q2,"(100, 100)",2995,0.13150598767463734,0.3077883257802259,0.06874126277238055,0.37237308660870555,28059,11941,0.70
sequences,0.5,3,11,-17.0,8.65,q3,"(100, 100)",2952,0.0021386352143096133,0.4177306952946239,0.06874126277238055,0.37237308660870555,28059,11941,0.70
sequences,0.5,3,11,-17.0,8.65,q4,"(100, 100)",2981,0.13198266108370896,0.3044534928296772,0.06874126277238055,0.37237308660870555,28059,11941,0.70
sequences,0.5,4,11,-17.0,8.65,q1,"(100, 100)",2951,0.008438553959731742,0.4354659791481315,0.06889173988808006,0.38381223127042147,28069,11931,0.70
sequences,0.5,4,11,-17.0,8.65,q2,"(100, 100)",2945,0.13448823673965227,0.32269267488547715,0.06889173988808006,0.38381223127042147,28069,11931,0.70
sequences,0.5,4,11,-17.0,8.65,q3,"(100, 100)",3060,0.005958096821554107,0.431516564372012,0.06889173988808006,0.38381223127042147,28069,11931,0.70
sequences,0.5,4,11,-17.0,8.65,q4,"(100, 100)",2975,0.1286539638310196,0.304210982512175,0.06889173988808006,0.38381223127042147,28069,11931,0.70
sequences,0.5,5,11,-17.0,8.65,q1,"(100, 100)",2959,0.03746607031002962,0.41762354002049634,0.07054394911070216,0.3575286446054909,28062,11938,0.70
sequences,0.5,5,11,-17.0,8.65,q2,"(100, 100)",2976,0.10779068235358936,0.290995379909785,0.07054394911070216,0.3575286446054909,28062,11938,0.70
sequences,0.5,5,11,-17.0,8.65,q3,"(100, 100)",3032,0.03120604180195615,0.40910000976166777,0.07054394911070216,0.3575286446054909,28062,11938,0.70
sequences,0.5,5,11,-17.0,8.65,q4,"(100, 100)",2971,0.10632439347302988,0.28100984071708096,0.07054394911070216,0.3575286446054909,28062,11938,0.70
sequences,0.5,6,11,-17.0,8.65,q1,"(100, 100)",2951,0.020628451083442075,0.4624021587249293,0.0688992199435935,0.39769859577075195,28045,11955,0.70
sequences,0.5,6,11,-17.0,8.65,q2,"(100, 100)",3037,0.11881404156282625,0.32024590637583183,0.0688992199435935,0.39769859577075195,28045,11955,0.70
sequences,0.5,6,11,-17.0,8.65,q3,"(100, 100)",2984,0.017658415686429757,0.45610198683418995,0.0688992199435935,0.39769859577075195,28045,11955,0.70
sequences,0.5,6,11,-17.0,8.65,q4,"(100, 100)",2983,0.11709173940456358,0.3163079188492025,0.0688992199435935,0.39769859577075195,28045,11955,0.70
sequences,0.5,7,11,-17.0,8.65,q1,"(100, 100)",2903,0.008908538314747534,0.4352134561942493,0.06879123198895354,0.36848779245447544,28061,11939,0.70
sequences,0.5,7,11,-17.0,8.65,q2,"(100, 100)",2971,0.13326094536673005,0.294590569484233,0.06879123198895354,0.36848779245447544,28061,11939,0.70
sequences,0.5,7,11,-17.0,8.65,q3,"(100, 100)",2998,-0.0038907797478847077,0.4184037663959273,0.06879123198895354,0.36848779245447544,28061,11939,0.70
sequences,0.5,7,11,-17.0,8.65,q4,"(100, 100)",3067,0.1340669452194351,0.27793756784672446,0.06879123198895354,0.36848779245447544,28061,11939,0.70
sequences,0.5,8,11,-17.0,8.65,q1,"(100, 100)",2978,0.023669246567332974,0.41988283898401857,0.06954914520808744,0.3612394795523343,28050,11950,0.70
sequences,0.5,8,11,-17.0,8.65,q2,"(100, 100)",3008,0.11813712516229878,0.28843774543381406,0.06954914520808744,0.3612394795523343,28050,11950,0.70
sequences,0.5,8,11,-17.0,8.65,q3,"(100, 100)",3028,0.01888890271803075,0.4134169144031723,0.06954914520808744,0.3612394795523343,28050,11950,0.70
sequences,0.5,8,11,-17.0,8.65,q4,"(100, 100)",2936,0.1185535419076074,0.2849567383028851,0.06954914520808744,0.3612394795523343,28050,11950,0.70
sequences,0.5,9,11,-17.0,8.65,q1,"(100, 100)",2949,0.031793831389512875,0.4430544517035087,0.07044724347378235,0.36929153954419425,28057,11943,0.70
sequences,0.5,9,11,-17.0,8.65,q2,"(100, 100)",2999,0.11222603589715802,0.28507376578566795,0.07044724347378235,0.36929153954419425,28057,11943,0.70
sequences,0.5,9,11,-17.0,8.65,q3,"(100, 100)",2993,0.028967926431455734,0.4279530602864486,0.07044724347378235,0.36929153954419425,28057,11943,0.70
sequences,0.5,9,11,-17.0,8.65,q4,"(100, 100)",3002,0.10803615408886919,0.28213497915311264,0.07044724347378235,0.36929153954419425,28057,11943,0.70
sequences,0.5,10,11,-17.0,8.65,q1,"(100, 100)",2931,0.006509680924418508,0.44882762821040356,0.06868280356083545,0.38753810074516537,28064,11936,0.70
sequences,0.5,10,11,-17.0,8.65,q2,"(100, 100)",3013,0.1331276695182094,0.3140125765745883,0.06868280356083545,0.38753810074516537,28064,11936,0.70
sequences,0.5,10,11,-17.0,8.65,q3,"(100, 100)",2989,0.0048432572868339335,0.4405989418566895,0.06868280356083545,0.38753810074516537,28064,11936,0.70
sequences,0.5,10,11,-17.0,8.65,q4,"(100, 100)",3003,0.1282477203542956,0.3043467476493814,0.06868280356083545,0.38753810074516537,28064,11936,0.70
sequences,0.5,11,11,-17.0,8.65,q1,"(100, 100)",2968,0.021554824745200814,0.4202022107281379,0.06961783093371812,0.37334797526836083,28069,11931,0.70
sequences,0.5,11,11,-17.0,8.65,q2,"(100, 100)",3034,0.11947989118340387,0.31665900354647825,0.06961783093371812,0.37334797526836083,28069,11931,0.70
sequences,0.5,11,11,-17.0,8.65,q3,"(100, 100)",2965,0.010871914894623016,0.41955354921555565,0.06961783093371812,0.37334797526836083,28069,11931,0.70
sequences,0.5,11,11,-17.0,8.65,q4,"(100, 100)",2964,0.12547179605716274,0.30678667676815485,0.06961783093371812,0.37334797526836083,28069,11931,0.70
sequences,0.5,12,11,-17.0,8.65,q1,"(100, 100)",2973,0.03188496983218558,0.4128975056584825,0.0698740386813596,0.35936687062429895,28056,11944,0.70
sequences,0.5,12,11,-17.0,8.65,q2,"(100, 100)",3030,0.11015329811781958,0.2962739752746278,0.0698740386813596,0.35936687062429895,28056,11944,0.70
sequences,0.5,12,11,-17.0,8.65,q3,"(100, 100)",3018,0.01979092859084351,0.40918964842240935,0.0698740386813596,0.35936687062429895,28056,11944,0.70
sequences,0.5,12,11,-17.0,8.65,q4,"(100, 100)",2923,0.11847006052511534,0.2869510952942809,0.0698740386813596,0.35936687062429895,28056,11944,0.70
sequences,0.5,13,11,-17.0,8.65,q1,"(100, 100)",2994,0.0028878053456490903,0.4174049084583728,0.0682163006656278,0.3821761898702435,28066,11934,0.70
sequences,0.5,13,11,-17.0,8.65,q2,"(100, 100)",2988,0.13689004459113865,0.33088416429441336,0.0682163006656278,0.3821761898702435,28066,11934,0.70
sequences,0.5,13,11,-17.0,8.65,q3,"(100, 100)",3007,-0.000315290373928448,0.42249002821152615,0.0682163006656278,0.3821761898702435,28066,11934,0.70
sequences,0.5,13,11,-17.0,8.65,q4,"(100, 100)",2945,0.13492966650417976,0.32099544466604685,0.0682163006656278,0.3821761898702435,28066,11934,0.70
sequences,0.5,14,11,-17.0,8.65,q1,"(100, 100)",2920,0.010691747537472459,0.42919548659969897,0.06893275874687933,0.37214272371672336,28069,11931,0.70
sequences,0.5,14,11,-17.0,8.65,q2,"(100, 100)",2950,0.1323614797628806,0.30683524607874696,0.06893275874687933,0.37214272371672336,28069,11931,0.70
sequences,0.5,14,11,-17.0,8.65,q3,"(100, 100)",3032,0.003570351731324903,0.41419111756269994,0.06893275874687933,0.37214272371672336,28069,11931,0.70
sequences,0.5,14,11,-17.0,8.65,q4,"(100, 100)",3029,0.12873066030033767,0.29910763363303144,0.06893275874687933,0.37214272371672336,28069,11931,0.70
sequences,0.5,15,11,-17.0,8.65,q1,"(100, 100)",2898,0.03359810335813596,0.41946117289339574,0.07048574678384122,0.3548534891465829,28055,11945,0.70
sequences,0.5,15,11,-17.0,8.65,q2,"(100, 100)",3042,0.10988548231111733,0.2843145649386884,0.07048574678384122,0.3548534891465829,28055,11945,0.70
sequences,0.5,15,11,-17.0,8.65,q3,"(100, 100)",3062,0.025892502164471545,0.4031410397061805,0.07048574678384122,0.3548534891465829,28055,11945,0.70
sequences,0.5,15,11,-17.0,8.65,q4,"(100, 100)",2943,0.1124806194301986,0.2800062027874767,0.07048574678384122,0.3548534891465829,28055,11945,0.70
sequences,0.5,16,11,-17.0,8.65,q1,"(100, 100)",2984,0.006505145485287932,0.4374541536654794,0.06864498596968366,0.382337880122265,28053,11947,0.70
sequences,0.5,16,11,-17.0,8.65,q2,"(100, 100)",2980,0.13413384698053504,0.31247978194019166,0.06864498596968366,0.382337880122265,28053,11947,0.70
sequences,0.5,16,11,-17.0,8.65,q3,"(100, 100)",3042,0.01162302436463743,0.428318397882692,0.06864498596968366,0.382337880122265,28053,11947,0.70
sequences,0.5,16,11,-17.0,8.65,q4,"(100, 100)",2941,0.12431628328204355,0.31022512854045736,0.06864498596968366,0.382337880122265,28053,11947,0.70
sequences,0.5,17,11,-17.0,8.65,q1,"(100, 100)",2936,0.024737758709136318,0.41199035986047966,0.07001949068608852,0.35399740347513214,28065,11935,0.70
sequences,0.5,17,11,-17.0,8.65,q2,"(100, 100)",2992,0.11888739503519138,0.2900937527539174,0.07001949068608852,0.35399740347513214,28065,11935,0.70
sequences,0.5,17,11,-17.0,8.65,q3,"(100, 100)",3012,0.02340258584635949,0.3970571149198401,0.07001949068608852,0.35399740347513214,28065,11935,0.70
sequences,0.5,17,11,-17.0,8.65,q4,"(100, 100)",2995,0.11247174866574788,0.28631932869065996,0.07001949068608852,0.35399740347513214,28065,11935,0.70
sequences,0.5,18,11,-17.0,8.65,q1,"(100, 100)",3046,0.04647591326460573,0.40028534900595836,0.07119412732856341,0.3469261193173156,28063,11937,0.70
sequences,0.5,18,11,-17.0,8.65,q2,"(100, 100)",2932,0.10022895061620024,0.2831062647445747,0.07119412732856341,0.3469261193173156,28063,11937,0.70
sequences,0.5,18,11,-17.0,8.65,q3,"(100, 100)",3046,0.04813178218064505,0.392353835241897,0.07119412732856341,0.3469261193173156,28063,11937,0.70
sequences,0.5,18,11,-17.0,8.65,q4,"(100, 100)",2913,0.09193202004398505,0.2855639671562833,0.07119412732856341,0.3469261193173156,28063,11937,0.70
sequences,0.5,19,11,-17.0,8.65,q1,"(100, 100)",3005,0.021019238329576653,0.41820401130637014,0.0697424398694378,0.36584843018551155,28056,11944,0.70
sequences,0.5,19,11,-17.0,8.65,q2,"(100, 100)",2982,0.12177415053123608,0.2987493640714022,0.0697424398694378,0.36584843018551155,28056,11944,0.70
sequences,0.5,19,11,-17.0,8.65,q3,"(100, 100)",2939,0.0203755425477256,0.41323742119580004,0.0697424398694378,0.36584843018551155,28056,11944,0.70
sequences,0.5,19,11,-17.0,8.65,q4,"(100, 100)",3018,0.1149193685183153,0.3027006544232203,0.0697424398694378,0.36584843018551155,28056,11944,0.70
sequences,0.5,20,11,-17.0,8.65,q1,"(100, 100)",2987,0.013695356108266946,0.43934992895999786,0.06904292652203793,0.3754310809276913,28056,11944,0.70
sequences,0.5,20,11,-17.0,8.65,q2,"(100, 100)",2973,0.12849073827649163,0.29325236314060205,0.06904292652203793,0.3754310809276913,28056,11944,0.70
sequences,0.5,20,11,-17.0,8.65,q3,"(100, 100)",3035,0.014321133003113292,0.4321402869309809,0.06904292652203793,0.3754310809276913,28056,11944,0.70
sequences,0.5,20,11,-17.0,8.65,q4,"(100, 100)",2949,0.12148968535889086,0.28976877047800653,0.06904292652203793,0.3754310809276913,28056,11944,0.70
sequences,0.5,21,11,-17.0,8.65,q1,"(100, 100)",2898,0.004827608678596612,0.43128115669550354,0.06874752962984675,0.37657575088622447,28059,11941,0.70
sequences,0.5,21,11,-17.0,8.65,q2,"(100, 100)",3057,0.13295492949808002,0.30483575166016735,0.06874752962984675,0.37657575088622447,28059,11941,0.70
sequences,0.5,21,11,-17.0,8.65,q3,"(100, 100)",3010,0.005061722694263687,0.4304575359157083,0.06874752962984675,0.37657575088622447,28059,11941,0.70
sequences,0.5,21,11,-17.0,8.65,q4,"(100, 100)",2976,0.1294505499240802,0.2983399408153696,0.06874752962984675,0.37657575088622447,28059,11941,0.70
sequences,0.5,22,11,-17.0,8.65,q1,"(100, 100)",3005,0.008355512219644295,0.42925297737280166,0.06856382044277423,0.3822365752108477,28066,11934,0.70
sequences,0.5,22,11,-17.0,8.65,q2,"(100, 100)",2962,0.1334621530649697,0.3226547748642941,0.06856382044277423,0.3822365752108477,28066,11934,0.70
sequences,0.5,22,11,-17.0,8.65,q3,"(100, 100)",2971,-0.002743518007298723,0.4252458820300674,0.06856382044277423,0.3822365752108477,28066,11934,0.70
sequences,0.5,22,11,-17.0,8.65,q4,"(100, 100)",2996,0.1355034758228574,0.31240410978839084,0.06856382044277423,0.3822365752108477,28066,11934,0.70
sequences,0.5,23,11,-17.0,8.65,q1,"(100, 100)",3008,0.000585631091840831,0.4235922483472341,0.06840333077846347,0.3830680450376944,28062,11938,0.70
sequences,0.5,23,11,-17.0,8.65,q2,"(100, 100)",2957,0.1404749271373082,0.3310719184443019,0.06840333077846347,0.3830680450376944,28062,11938,0.70
sequences,0.5,23,11,-17.0,8.65,q3,"(100, 100)",2960,0.0077689042480540834,0.41814154138769694,0.06840333077846347,0.3830680450376944,28062,11938,0.70
sequences,0.5,23,11,-17.0,8.65,q4,"(100, 100)",3013,0.12494426431788229,0.3262567123151285,0.06840333077846347,0.3830680450376944,28062,11938,0.70
sequences,0.5,24,11,-17.0,8.65,q1,"(100, 100)",2897,0.013447663423687924,0.4550597092746552,0.06953306250630804,0.3879387827807217,28061,11939,0.70
sequences,0.5,24,11,-17.0,8.65,q2,"(100, 100)",3058,0.12619212255417842,0.30787558085689337,0.06953306250630804,0.3879387827807217,28061,11939,0.70
sequences,0.5,24,11,-17.0,8.65,q3,"(100, 100)",3026,0.008648913324713235,0.4475193498326535,0.06953306250630804,0.3879387827807217,28061,11939,0.70
sequences,0.5,24,11,-17.0,8.65,q4,"(100, 100)",2958,0.12817113922688572,0.2968528370745831,0.06953306250630804,0.3879387827807217,28061,11939,0.70
sequences,0.5,25,11,-17.0,8.65,q1,"(100, 100)",3009,0.015618238181503288,0.41386634875731165,0.06930716062026153,0.3627750457908571,28060,11940,0.70
sequences,0.5,25,11,-17.0,8.65,q2,"(100, 100)",2949,0.12811596278121026,0.29579840735868224,0.06930716062026153,0.3627750457908571,28060,11940,0.70
sequences,0.5,25,11,-17.0,8.65,q3,"(100, 100)",2934,0.010031022951154633,0.4130688936498352,0.06930716062026153,0.3627750457908571,28060,11940,0.70
sequences,0.5,25,11,-17.0,8.65,q4,"(100, 100)",3048,0.12246956152798642,0.29180332186171354,0.06930716062026153,0.3627750457908571,28060,11940,0.70
sequences,0.5,26,11,-17.0,8.65,q1,"(100, 100)",2949,0.01790683317436119,0.43926275568541573,0.06963692730937608,0.37915728170447843,28061,11939,0.70
sequences,0.5,26,11,-17.0,8.65,q2,"(100, 100)",2978,0.12505544881075084,0.3090920304030894,0.06963692730937608,0.37915728170447843,28061,11939,0.70
sequences,0.5,26,11,-17.0,8.65,q3,"(100, 100)",3023,0.015220552968882778,0.42693986703600095,0.06963692730937608,0.37915728170447843,28061,11939,0.70
sequences,0.5,26,11,-17.0,8.65,q4,"(100, 100)",2989,0.12049553895353003,0.3050161443192574,0.06963692730937608,0.37915728170447843,28061,11939,0.70
sequences,0.5,27,11,-17.0,8.65,q1,"(100, 100)",3040,0.01798225522620351,0.44054347373721264,0.06950992060056287,0.38041325992985403,28060,11940,0.70
sequences,0.5,27,11,-17.0,8.65,q2,"(100, 100)",2964,0.12455082275197749,0.2955271292285472,0.06950992060056287,0.38041325992985403,28060,11940,0.70
sequences,0.5,27,11,-17.0,8.65,q3,"(100, 100)",3007,0.02078708763990809,0.4399636699407954,0.06950992060056287,0.38041325992985403,28060,11940,0.70
sequences,0.5,27,11,-17.0,8.65,q4,"(100, 100)",2929,0.11731204674393887,0.30140408491268816,0.06950992060056287,0.38041325992985403,28060,11940,0.70
sequences,0.5,28,11,-17.0,8.65,q1,"(100, 100)",3047,0.011213266675830216,0.43672001716381226,0.06892483054455228,0.38022728473059636,28049,11951,0.70
sequences,0.5,28,11,-17.0,8.65,q2,"(100, 100)",2928,0.1326952103876051,0.30457877978606146,0.06892483054455228,0.38022728473059636,28049,11951,0.70
sequences,0.5,28,11,-17.0,8.65,q3,"(100, 100)",3051,0.0008736620872554296,0.4341118597594439,0.06892483054455228,0.38022728473059636,28049,11951,0.70
sequences,0.5,28,11,-17.0,8.65,q4,"(100, 100)",2925,0.1361903272593387,0.29272498407045017,0.06892483054455228,0.38022728473059636,28049,11951,0.70
sequences,0.5,29,11,-17.0,8.65,q1,"(100, 100)",2943,0.017672192664820046,0.4240098035312579,0.06921765901527704,0.3720983916972623,28065,11935,0.70
sequences,0.5,29,11,-17.0,8.65,q2,"(100, 100)",3048,0.12190233356525124,0.3097119386241652,0.06921765901527704,0.3720983916972623,28065,11935,0.70
sequences,0.5,29,11,-17.0,8.65,q3,"(100, 100)",3021,0.011497086817181201,0.41581045462233196,0.06921765901527704,0.3720983916972623,28065,11935,0.70
sequences,0.5,29,11,-17.0,8.65,q4,"(100, 100)",2923,0.12583389851288942,0.3055944861380757,0.06921765901527704,0.3720983916972623,28065,11935,0.70
sequences,0.5,30,11,-17.0,8.65,q1,"(100, 100)",2891,0.001389408210851016,0.44598004318385653,0.06851265327687317,0.38776070034251914,28059,11941,0.70
sequences,0.5,30,11,-17.0,8.65,q2,"(100, 100)",3028,0.1368244341819715,0.31569162088720143,0.06851265327687317,0.38776070034251914,28059,11941,0.70
sequences,0.5,30,11,-17.0,8.65,q3,"(100, 100)",2948,0.008913463507741621,0.43967865293209063,0.06851265327687317,0.38776070034251914,28059,11941,0.70
sequences,0.5,30,11,-17.0,8.65,q4,"(100, 100)",3074,0.12150668071494479,0.31368736785234724,0.06851265327687317,0.38776070034251914,28059,11941,0.70
sequences,0.5,31,11,-17.0,8.65,q1,"(100, 100)",2963,0.0182055524914945,0.44014522464808553,0.06990339438405409,0.37999924138399904,28059,11941,0.70
sequences,0.5,31,11,-17.0,8.65,q2,"(100, 100)",3098,0.12016663542350943,0.3022236733380854,0.06990339438405409,0.37999924138399904,28059,11941,0.70
sequences,0.5,31,11,-17.0,8.65,q3,"(100, 100)",2958,0.02819257959130666,0.4409553752391466,0.06990339438405409,0.37999924138399904,28059,11941,0.70
sequences,0.5,31,11,-17.0,8.65,q4,"(100, 100)",2922,0.11126060689068247,0.3018542387522662,0.06990339438405409,0.37999924138399904,28059,11941,0.70
sequences,0.5,32,11,-17.0,8.65,q1,"(100, 100)",2910,0.022839340953333925,0.4296200446887561,0.06969077845633159,0.3705828249390457,28079,11921,0.70
sequences,0.5,32,11,-17.0,8.65,q2,"(100, 100)",3008,0.11954296498351578,0.30663394444682424,0.06969077845633159,0.3705828249390457,28079,11921,0.70
sequences,0.5,32,11,-17.0,8.65,q3,"(100, 100)",3043,0.017621322272425154,0.4184138762646859,0.06969077845633159,0.3705828249390457,28079,11921,0.70
sequences,0.5,32,11,-17.0,8.65,q4,"(100, 100)",2960,0.11861971806024385,0.29365941047628824,0.06969077845633159,0.3705828249390457,28079,11921,0.70
sequences,0.5,33,11,-17.0,8.65,q1,"(100, 100)",2940,-0.0030259471073431406,0.43676099939287905,0.0684008861824567,0.3857485620722267,28065,11935,0.70
sequences,0.5,33,11,-17.0,8.65,q2,"(100, 100)",3040,0.1401339285949928,0.3157659862279857,0.0684008861824567,0.3857485620722267,28065,11935,0.70
sequences,0.5,33,11,-17.0,8.65,q3,"(100, 100)",2989,0.005256670163111261,0.43573468091412204,0.0684008861824567,0.3857485620722267,28065,11935,0.70
sequences,0.5,33,11,-17.0,8.65,q4,"(100, 100)",2966,0.12931272118573564,0.31319255153376024,0.0684008861824567,0.3857485620722267,28065,11935,0.70
sequences,0.5,34,11,-17.0,8.65,q1,"(100, 100)",2971,0.02357726664730578,0.41514053638046783,0.0698311128503268,0.36463679847348124,28060,11940,0.70
sequences,0.5,34,11,-17.0,8.65,q2,"(100, 100)",2918,0.12230077861346016,0.30665420064568816,0.0698311128503268,0.36463679847348124,28060,11940,0.70
sequences,0.5,34,11,-17.0,8.65,q3,"(100, 100)",3022,0.016088874900665327,0.40276969704782406,0.0698311128503268,0.36463679847348124,28060,11940,0.70
sequences,0.5,34,11,-17.0,8.65,q4,"(100, 100)",3029,0.1182704444634761,0.3043926436247941,0.0698311128503268,0.36463679847348124,28060,11940,0.70
sequences,0.5,35,11,-17.0,8.65,q1,"(100, 100)",2875,0.009147619095237007,0.44923009646150464,0.06869079972043635,0.39083517708687865,28066,11934,0.70
sequences,0.5,35,11,-17.0,8.65,q2,"(100, 100)",3055,0.12880696404567848,0.32791161785295764,0.06869079972043635,0.39083517708687865,28066,11934,0.70
sequences,0.5,35,11,-17.0,8.65,q3,"(100, 100)",2988,0.00584744997795578,0.43630355195208886,0.06869079972043635,0.39083517708687865,28066,11934,0.70
sequences,0.5,35,11,-17.0,8.65,q4,"(100, 100)",3016,0.1268166920660482,0.3165593595036183,0.06869079972043635,0.39083517708687865,28066,11934,0.70
sequences,0.5,36,11,-17.0,8.65,q1,"(100, 100)",2948,0.0033699140420825626,0.4427821663132822,0.0687553578112398,0.38541444925890644,28061,11939,0.70
sequences,0.5,36,11,-17.0,8.65,q2,"(100, 100)",3053,0.13421208129479514,0.31243116483766137,0.0687553578112398,0.38541444925890644,28061,11939,0.70
sequences,0.5,36,11,-17.0,8.65,q3,"(100, 100)",3007,0.006202328301655179,0.43795347820358216,0.0687553578112398,0.38541444925890644,28061,11939,0.70
sequences,0.5,36,11,-17.0,8.65,q4,"(100, 100)",2931,0.13051375807446122,0.30468990035680077,0.0687553578112398,0.38541444925890644,28061,11939,0.70
sequences,0.5,37,11,-17.0,8.65,q1,"(100, 100)",2908,0.012696854819451011,0.41599675266797875,0.06905441716826848,0.37268304231221333,28047,11953,0.70
sequences,0.5,37,11,-17.0,8.65,q2,"(100, 100)",3010,0.12870088029807453,0.3259172833309907,0.06905441716826848,0.37268304231221333,28047,11953,0.70
sequences,0.5,37,11,-17.0,8.65,q3,"(100, 100)",3041,-0.003876492913929734,0.4096968938018549,0.06905441716826848,0.37268304231221333,28047,11953,0.70
sequences,0.5,37,11,-17.0,8.65,q4,"(100, 100)",2994,0.13790372740527906,0.30387598245594655,0.06905441716826848,0.37268304231221333,28047,11953,0.70
sequences,0.5,38,11,-17.0,8.65,q1,"(100, 100)",2919,0.02019390731512656,0.4362162230678989,0.0694607617970692,0.3752791821598799,28051,11949,0.70
sequences,0.5,38,11,-17.0,8.65,q2,"(100, 100)",3006,0.12176808576321262,0.31120694743605526,0.0694607617970692,0.3752791821598799,28051,11949,0.70
sequences,0.5,38,11,-17.0,8.65,q3,"(100, 100)",3075,0.016656865886600068,0.421090148178771,0.0694607617970692,0.3752791821598799,28051,11949,0.70
sequences,0.5,38,11,-17.0,8.65,q4,"(100, 100)",2949,0.1199680904899332,0.2967005169562194,0.0694607617970692,0.3752791821598799,28051,11949,0.70
sequences,0.5,39,11,-17.0,8.65,q1,"(100, 100)",2985,0.02182212578196892,0.4361814809861979,0.06954027512608506,0.3762380589855208,28053,11947,0.70
sequences,0.5,39,11,-17.0,8.65,q2,"(100, 100)",2948,0.12211011711891172,0.30447423633202175,0.06954027512608506,0.3762380589855208,28053,11947,0.70
sequences,0.5,39,11,-17.0,8.65,q3,"(100, 100)",2984,0.02250410346513954,0.43066908663857406,0.06954027512608506,0.3762380589855208,28053,11947,0.70
sequences,0.5,39,11,-17.0,8.65,q4,"(100, 100)",3030,0.11172467045070394,0.2982671181805499,0.06954027512608506,0.3762380589855208,28053,11947,0.70
sequences,0.5,40,11,-17.0,8.65,q1,"(100, 100)",3003,0.01566300933961184,0.42495331145128035,0.06907654484025537,0.37472845376533026,28075,11925,0.70
sequences,0.5,40,11,-17.0,8.65,q2,"(100, 100)",2940,0.12793204487426363,0.3105716594463711,0.06907654484025537,0.37472845376533026,28075,11925,0.70
sequences,0.5,40,11,-17.0,8.65,q3,"(100, 100)",3036,0.009121890479963275,0.4186493447205083,0.06907654484025537,0.37472845376533026,28075,11925,0.70
sequences,0.5,40,11,-17.0,8.65,q4,"(100, 100)",2946,0.1265741713325483,0.3067110247684377,0.06907654484025537,0.37472845376533026,28075,11925,0.70
sequences,0.5,41,11,-17.0,8.65,q1,"(100, 100)",2919,0.026000516943463167,0.41679657513014395,0.0699068017071468,0.3566116852918097,28057,11943,0.70
sequences,0.5,41,11,-17.0,8.65,q2,"(100, 100)",2984,0.11782350114612407,0.2925327990932661,0.0699068017071468,0.3566116852918097,28057,11943,0.70
sequences,0.5,41,11,-17.0,8.65,q3,"(100, 100)",3038,0.025211372952945465,0.3991941327754408,0.0699068017071468,0.3566116852918097,28057,11943,0.70
sequences,0.5,41,11,-17.0,8.65,q4,"(100, 100)",3002,0.11020118100579705,0.2878999978737833,0.0699068017071468,0.3566116852918097,28057,11943,0.70
sequences,0.5,42,11,-17.0,8.65,q1,"(100, 100)",2983,0.008658696755161737,0.4290440376045892,0.06949023034146516,0.3761649266321339,28072,11928,0.70
sequences,0.5,42,11,-17.0,8.65,q2,"(100, 100)",2985,0.13339374590607653,0.30743622986239244,0.06949023034146516,0.3761649266321339,28072,11928,0.70
sequences,0.5,42,11,-17.0,8.65,q3,"(100, 100)",3061,0.013484852723093079,0.42316961585071944,0.06949023034146516,0.3761649266321339,28072,11928,0.70
sequences,0.5,42,11,-17.0,8.65,q4,"(100, 100)",2899,0.12542018260687218,0.3032156848156413,0.06949023034146516,0.3761649266321339,28072,11928,0.70
sequences,0.5,43,11,-17.0,8.65,q1,"(100, 100)",2994,0.017208452309725637,0.4293064823378638,0.06985591952954819,0.37166849262536483,28056,11944,0.70
sequences,0.5,43,11,-17.0,8.65,q2,"(100, 100)",2959,0.12662484146977698,0.29758792243932636,0.06985591952954819,0.37166849262536483,28056,11944,0.70
sequences,0.5,43,11,-17.0,8.65,q3,"(100, 100)",3002,0.021245285692929623,0.42496529883538836,0.06985591952954819,0.37166849262536483,28056,11944,0.70
sequences,0.5,43,11,-17.0,8.65,q4,"(100, 100)",2989,0.11521436704127139,0.2965380601557626,0.06985591952954819,0.37166849262536483,28056,11944,0.70
sequences,0.5,44,11,-17.0,8.65,q1,"(100, 100)",2972,0.004768393899623847,0.43413291014285943,0.06833752821654354,0.3816833966973688,28055,11945,0.70
sequences,0.5,44,11,-17.0,8.65,q2,"(100, 100)",2923,0.13827405608308094,0.31665011194167897,0.06833752821654354,0.3816833966973688,28055,11945,0.70
sequences,0.5,44,11,-17.0,8.65,q3,"(100, 100)",3090,-0.004061347145110806,0.4251075215399601,0.06833752821654354,0.3816833966973688,28055,11945,0.70
sequences,0.5,44,11,-17.0,8.65,q4,"(100, 100)",2960,0.13868060967043153,0.30279797152617965,0.06833752821654354,0.3816833966973688,28055,11945,0.70
sequences,0.5,45,11,-17.0,8.65,q1,"(100, 100)",2934,0.02761663398620363,0.4197233365841583,0.06937342104866367,0.3645588397516992,28057,11943,0.70
sequences,0.5,45,11,-17.0,8.65,q2,"(100, 100)",2960,0.11640276865634888,0.30423782014683654,0.06937342104866367,0.3645588397516992,28057,11943,0.70
sequences,0.5,45,11,-17.0,8.65,q3,"(100, 100)",3056,0.013142092097707206,0.41160156621228555,0.06937342104866367,0.3645588397516992,28057,11943,0.70
sequences,0.5,45,11,-17.0,8.65,q4,"(100, 100)",2993,0.12121120440871463,0.2886097692432799,0.06937342104866367,0.3645588397516992,28057,11943,0.70
sequences,0.5,46,11,-17.0,8.65,q1,"(100, 100)",2828,0.019906025433738813,0.4268065545786429,0.06972092635498973,0.36582596220686636,28062,11938,0.70
sequences,0.5,46,11,-17.0,8.65,q2,"(100, 100)",3070,0.1205057975049202,0.3049961148124465,0.06972092635498973,0.36582596220686636,28062,11938,0.70
sequences,0.5,46,11,-17.0,8.65,q3,"(100, 100)",3043,0.012995197977066593,0.40882165992074915,0.06972092635498973,0.36582596220686636,28062,11938,0.70
sequences,0.5,46,11,-17.0,8.65,q4,"(100, 100)",2997,0.12230129900398239,0.2918661548089476,0.06972092635498973,0.36582596220686636,28062,11938,0.70
sequences,0.5,47,11,-17.0,8.65,q1,"(100, 100)",2971,0.026553888639407563,0.42414145944274656,0.06979026013667745,0.36668696882130103,28052,11948,0.70
sequences,0.5,47,11,-17.0,8.65,q2,"(100, 100)",2974,0.11709524138200916,0.2994309660027054,0.06979026013667745,0.36668696882130103,28052,11948,0.70
sequences,0.5,47,11,-17.0,8.65,q3,"(100, 100)",3023,0.02216672698268536,0.422320067798,0.06979026013667745,0.36668696882130103,28052,11948,0.70
sequences,0.5,47,11,-17.0,8.65,q4,"(100, 100)",2980,0.11399703403576819,0.2845872304398213,0.06979026013667745,0.36668696882130103,28052,11948,0.70
sequences,0.5,48,11,-17.0,8.65,q1,"(100, 100)",2940,0.01829806696714416,0.4325992970479187,0.06953419471681488,0.38270375261767703,28046,11954,0.70
sequences,0.5,48,11,-17.0,8.65,q2,"(100, 100)",2992,0.12416893565198021,0.32067995845141406,0.06953419471681488,0.38270375261767703,28046,11954,0.70
sequences,0.5,48,11,-17.0,8.65,q3,"(100, 100)",3078,0.014252301074220606,0.431920142796724,0.06953419471681488,0.38270375261767703,28046,11954,0.70
sequences,0.5,48,11,-17.0,8.65,q4,"(100, 100)",2944,0.12297330454627226,0.3107272478767797,0.06953419471681488,0.38270375261767703,28046,11954,0.70
sequences,0.5,49,11,-17.0,8.65,q1,"(100, 100)",3045,0.015374110257571025,0.43622291491329596,0.06913395744721654,0.3795686182489763,28054,11946,0.70
sequences,0.5,49,11,-17.0,8.65,q2,"(100, 100)",2986,0.12590459357140293,0.30380008912568024,0.06913395744721654,0.3795686182489763,28054,11946,0.70
sequences,0.5,49,11,-17.0,8.65,q3,"(100, 100)",2975,0.010824148435277074,0.4370450714814031,0.06913395744721654,0.3795686182489763,28054,11946,0.70
sequences,0.5,49,11,-17.0,8.65,q4,"(100, 100)",2940,0.12615888841190018,0.2972166210403614,0.06913395744721654,0.3795686182489763,28054,11946,0.70
sequences,0.5,0,12,-22.0,7.18,q1,"(100, 100)",2962,0.02507544281055952,0.4433790956115874,0.07504747383830948,0.381581180065417,28055,11945,0.70
sequences,0.5,0,12,-22.0,7.18,q2,"(100, 100)",3007,0.12796302121595188,0.3017794961027565,0.07504747383830948,0.381581180065417,28055,11945,0.70
sequences,0.5,0,12,-22.0,7.18,q3,"(100, 100)",3002,0.017868085406574863,0.44330727856221835,0.07504747383830948,0.381581180065417,28055,11945,0.70
sequences,0.5,0,12,-22.0,7.18,q4,"(100, 100)",2974,0.12903289045286637,0.2950221200448709,0.07504747383830948,0.381581180065417,28055,11945,0.70
sequences,0.5,1,12,-22.0,7.18,q1,"(100, 100)",3032,0.04664565994096038,0.4275794334031243,0.07554461813288729,0.3638752436761855,28064,11936,0.70
sequences,0.5,1,12,-22.0,7.18,q2,"(100, 100)",3007,0.10661377829286954,0.280528575999573,0.07554461813288729,0.3638752436761855,28064,11936,0.70
sequences,0.5,1,12,-22.0,7.18,q3,"(100, 100)",2953,0.030870632943838527,0.43008420422838767,0.07554461813288729,0.3638752436761855,28064,11936,0.70
sequences,0.5,1,12,-22.0,7.18,q4,"(100, 100)",2944,0.11838393705276387,0.2773559265108247,0.07554461813288729,0.3638752436761855,28064,11936,0.70
sequences,0.5,2,12,-22.0,7.18,q1,"(100, 100)",2929,0.020877077138469077,0.44440033301004994,0.07497230054304438,0.3777334518582123,28065,11935,0.70
sequences,0.5,2,12,-22.0,7.18,q2,"(100, 100)",3024,0.13136087002282404,0.29428872321571004,0.07497230054304438,0.3777334518582123,28065,11935,0.70
sequences,0.5,2,12,-22.0,7.18,q3,"(100, 100)",2986,0.015521706270348531,0.43636346545970406,0.07497230054304438,0.3777334518582123,28065,11935,0.70
sequences,0.5,2,12,-22.0,7.18,q4,"(100, 100)",2996,0.1301943798966549,0.29238068678043005,0.07497230054304438,0.3777334518582123,28065,11935,0.70
sequences,0.5,3,12,-22.0,7.18,q1,"(100, 100)",2973,0.015734503354665485,0.4393351527744551,0.07540258018690962,0.3837949566385613,28057,11943,0.70
sequences,0.5,3,12,-22.0,7.18,q2,"(100, 100)",2936,0.1412386537554414,0.3149274009103149,0.07540258018690962,0.3837949566385613,28057,11943,0.70
sequences,0.5,3,12,-22.0,7.18,q3,"(100, 100)",3025,0.02451045288657552,0.4314721008140683,0.07540258018690962,0.3837949566385613,28057,11943,0.70
sequences,0.5,3,12,-22.0,7.18,q4,"(100, 100)",3009,0.12128066776037698,0.31232808877616547,0.07540258018690962,0.3837949566385613,28057,11943,0.70
sequences,0.5,4,12,-22.0,7.18,q1,"(100, 100)",3011,0.03258272537974023,0.4431280694648393,0.07511041275228113,0.37773862651556184,28053,11947,0.70
sequences,0.5,4,12,-22.0,7.18,q2,"(100, 100)",2928,0.12331322356530426,0.30225572582142435,0.07511041275228113,0.37773862651556184,28053,11947,0.70
sequences,0.5,4,12,-22.0,7.18,q3,"(100, 100)",3096,0.030600513412452873,0.43271196751394303,0.07511041275228113,0.37773862651556184,28053,11947,0.70
sequences,0.5,4,12,-22.0,7.18,q4,"(100, 100)",2912,0.11793860127367436,0.28858326198727635,0.07511041275228113,0.37773862651556184,28053,11947,0.70
sequences,0.5,5,12,-22.0,7.18,q1,"(100, 100)",3033,0.01734358885974739,0.47662503652680327,0.07475875413755022,0.40024788579435644,28054,11946,0.70
sequences,0.5,5,12,-22.0,7.18,q2,"(100, 100)",2976,0.1360165587968118,0.29590556028121223,0.07475875413755022,0.40024788579435644,28054,11946,0.70
sequences,0.5,5,12,-22.0,7.18,q3,"(100, 100)",2961,0.02156484306656425,0.47538209230193185,0.07475875413755022,0.40024788579435644,28054,11946,0.70
sequences,0.5,5,12,-22.0,7.18,q4,"(100, 100)",2976,0.12494159698123405,0.2944093508675329,0.07475875413755022,0.40024788579435644,28054,11946,0.70
sequences,0.5,6,12,-22.0,7.18,q1,"(100, 100)",2964,0.02813686941808417,0.4330065610580926,0.0750438234855349,0.37659552236673777,28052,11948,0.70
sequences,0.5,6,12,-22.0,7.18,q2,"(100, 100)",2984,0.12588030626310603,0.31042662210318134,0.0750438234855349,0.37659552236673777,28052,11948,0.70
sequences,0.5,6,12,-22.0,7.18,q3,"(100, 100)",3001,0.020631627857287428,0.428636793908232,0.0750438234855349,0.37659552236673777,28052,11948,0.70
sequences,0.5,6,12,-22.0,7.18,q4,"(100, 100)",2999,0.12526961419177773,0.2995901571239664,0.0750438234855349,0.37659552236673777,28052,11948,0.70
sequences,0.5,7,12,-22.0,7.18,q1,"(100, 100)",2940,0.03270911955934786,0.4373888082366191,0.07533307248586334,0.36902366600081904,28062,11938,0.70
sequences,0.5,7,12,-22.0,7.18,q2,"(100, 100)",2965,0.12290904795924465,0.2931127826177701,0.07533307248586334,0.36902366600081904,28062,11938,0.70
sequences,0.5,7,12,-22.0,7.18,q3,"(100, 100)",2985,0.030550046827445672,0.4261237860121278,0.07533307248586334,0.36902366600081904,28062,11938,0.70
sequences,0.5,7,12,-22.0,7.18,q4,"(100, 100)",3048,0.11402368466294888,0.2828713272833597,0.07533307248586334,0.36902366600081904,28062,11938,0.70
sequences,0.5,8,12,-22.0,7.18,q1,"(100, 100)",3068,0.055947170174666716,0.42599569713894386,0.07522098430642858,0.35582195102863595,28061,11939,0.70
sequences,0.5,8,12,-22.0,7.18,q2,"(100, 100)",2911,0.09910656979622581,0.26229173049208643,0.07522098430642858,0.35582195102863595,28061,11939,0.70
sequences,0.5,8,12,-22.0,7.18,q3,"(100, 100)",2923,0.045636352380149056,0.431237857543485,0.07522098430642858,0.35582195102863595,28061,11939,0.70
sequences,0.5,8,12,-22.0,7.18,q4,"(100, 100)",3037,0.10027103419643868,0.258996480182942,0.07522098430642858,0.35582195102863595,28061,11939,0.70
sequences,0.5,9,12,-22.0,7.18,q1,"(100, 100)",2962,0.006367007573132879,0.4410214421769774,0.07461105075516504,0.38738376332163693,28053,11947,0.70
sequences,0.5,9,12,-22.0,7.18,q2,"(100, 100)",2997,0.14619409537679284,0.3134221489053368,0.07461105075516504,0.38738376332163693,28053,11947,0.70
sequences,0.5,9,12,-22.0,7.18,q3,"(100, 100)",2971,0.0076754941937037975,0.4410995815931168,0.07461105075516504,0.38738376332163693,28053,11947,0.70
sequences,0.5,9,12,-22.0,7.18,q4,"(100, 100)",3017,0.1364174842050364,0.31018199965757454,0.07461105075516504,0.38738376332163693,28053,11947,0.70
sequences,0.5,10,12,-22.0,7.18,q1,"(100, 100)",2973,0.037813558425062926,0.434975109048743,0.07528986539829075,0.3688626606187217,28062,11938,0.70
sequences,0.5,10,12,-22.0,7.18,q2,"(100, 100)",2979,0.11695279813369791,0.29142155745359744,0.07528986539829075,0.3688626606187217,28062,11938,0.70
sequences,0.5,10,12,-22.0,7.18,q3,"(100, 100)",3047,0.026410035386597547,0.42233138631340655,0.07528986539829075,0.3688626606187217,28062,11938,0.70
sequences,0.5,10,12,-22.0,7.18,q4,"(100, 100)",2939,0.12164577763315203,0.28716806876251366,0.07528986539829075,0.3688626606187217,28062,11938,0.70
sequences,0.5,11,12,-22.0,7.18,q1,"(100, 100)",2989,0.007182641056518254,0.44997736571349206,0.07545046290299584,0.3940276428814864,28069,11931,0.70
sequences,0.5,11,12,-22.0,7.18,q2,"(100, 100)",3070,0.143090880315531,0.31758904429258816,0.07545046290299584,0.3940276428814864,28069,11931,0.70
sequences,0.5,11,12,-22.0,7.18,q3,"(100, 100)",2966,0.006384324172198906,0.45135763658901307,0.07545046290299584,0.3940276428814864,28069,11931,0.70
sequences,0.5,11,12,-22.0,7.18,q4,"(100, 100)",2906,0.14470256390718791,0.30885895142062536,0.07545046290299584,0.3940276428814864,28069,11931,0.70
sequences,0.5,12,12,-22.0,7.18,q1,"(100, 100)",2962,0.0352065042088039,0.44032766211934515,0.07560521471437075,0.37231059619580537,28067,11933,0.70
sequences,0.5,12,12,-22.0,7.18,q2,"(100, 100)",3030,0.11810305277213279,0.29436634238409926,0.07560521471437075,0.37231059619580537,28067,11933,0.70
sequences,0.5,12,12,-22.0,7.18,q3,"(100, 100)",2979,0.03477304957859383,0.4339288661292088,0.07560521471437075,0.37231059619580537,28067,11933,0.70
sequences,0.5,12,12,-22.0,7.18,q4,"(100, 100)",2962,0.11359696054217275,0.28272690049679766,0.07560521471437075,0.37231059619580537,28067,11933,0.70
sequences,0.5,13,12,-22.0,7.18,q1,"(100, 100)",2941,0.0026375348284201896,0.44748856683949917,0.07506183666005005,0.38276035613483567,28064,11936,0.70
sequences,0.5,13,12,-22.0,7.18,q2,"(100, 100)",2988,0.15130850140289512,0.2954709054023794,0.07506183666005005,0.38276035613483567,28064,11936,0.70
sequences,0.5,13,12,-22.0,7.18,q3,"(100, 100)",2998,0.011697581685554334,0.44166291917066625,0.07506183666005005,0.38276035613483567,28064,11936,0.70
sequences,0.5,13,12,-22.0,7.18,q4,"(100, 100)",3009,0.1332675109201832,0.29342392496691133,0.07506183666005005,0.38276035613483567,28064,11936,0.70
sequences,0.5,14,12,-22.0,7.18,q1,"(100, 100)",2977,0.025111651039956082,0.4419076304781637,0.07564227722899994,0.3708592441321119,28059,11941,0.70
sequences,0.5,14,12,-22.0,7.18,q2,"(100, 100)",2995,0.12937904973318556,0.2835138415412987,0.07564227722899994,0.3708592441321119,28059,11941,0.70
sequences,0.5,14,12,-22.0,7.18,q3,"(100, 100)",3024,0.01774491566546392,0.42813218488352234,0.07564227722899994,0.3708592441321119,28059,11941,0.70
sequences,0.5,14,12,-22.0,7.18,q4,"(100, 100)",2945,0.1315233169175841,0.2796777279226499,0.07564227722899994,0.3708592441321119,28059,11941,0.70
sequences,0.5,15,12,-22.0,7.18,q1,"(100, 100)",3010,0.02283407869853915,0.43546795984695863,0.07535751719042466,0.3705479088739418,28060,11940,0.70
sequences,0.5,15,12,-22.0,7.18,q2,"(100, 100)",2991,0.13100239140982203,0.2837158259223302,0.07535751719042466,0.3705479088739418,28060,11940,0.70
sequences,0.5,15,12,-22.0,7.18,q3,"(100, 100)",2970,0.024583889913946912,0.4365048724944096,0.07535751719042466,0.3705479088739418,28060,11940,0.70
sequences,0.5,15,12,-22.0,7.18,q4,"(100, 100)",2969,0.12333980216229959,0.2782852847806426,0.07535751719042466,0.3705479088739418,28060,11940,0.70
sequences,0.5,16,12,-22.0,7.18,q1,"(100, 100)",3005,0.014205262153994194,0.45743063306658305,0.07446198385749381,0.39818395591070577,28064,11936,0.70
sequences,0.5,16,12,-22.0,7.18,q2,"(100, 100)",2976,0.13863511044815705,0.3219316523576696,0.07446198385749381,0.39818395591070577,28064,11936,0.70
sequences,0.5,16,12,-22.0,7.18,q3,"(100, 100)",3040,0.007331061774386787,0.44858448184824795,0.07446198385749381,0.39818395591070577,28064,11936,0.70
sequences,0.5,16,12,-22.0,7.18,q4,"(100, 100)",2915,0.14107269641936274,0.31742837250794403,0.07446198385749381,0.39818395591070577,28064,11936,0.70
sequences,0.5,17,12,-22.0,7.18,q1,"(100, 100)",3014,0.01849999948161058,0.4371869814844332,0.07515448939737804,0.3719831670189308,28058,11942,0.70
sequences,0.5,17,12,-22.0,7.18,q2,"(100, 100)",2980,0.13576411556591772,0.2875190188675689,0.07515448939737804,0.3719831670189308,28058,11942,0.70
sequences,0.5,17,12,-22.0,7.18,q3,"(100, 100)",2989,0.019880522786880177,0.4339058544880232,0.07515448939737804,0.3719831670189308,28058,11942,0.70
sequences,0.5,17,12,-22.0,7.18,q4,"(100, 100)",2959,0.12765662958752777,0.27840442615742034,0.07515448939737804,0.3719831670189308,28058,11942,0.70
sequences,0.5,18,12,-22.0,7.18,q1,"(100, 100)",2961,0.012979756298489057,0.45829990876495946,0.07549453114155454,0.3903136201687795,28070,11930,0.70
sequences,0.5,18,12,-22.0,7.18,q2,"(100, 100)",2991,0.1414795796665996,0.30185131714604085,0.07549453114155454,0.3903136201687795,28070,11930,0.70
sequences,0.5,18,12,-22.0,7.18,q3,"(100, 100)",3001,0.018016826930397686,0.4535210497701873,0.07549453114155454,0.3903136201687795,28070,11930,0.70
sequences,0.5,18,12,-22.0,7.18,q4,"(100, 100)",2977,0.12931903853476537,0.2970245245641194,0.07549453114155454,0.3903136201687795,28070,11930,0.70
sequences,0.5,19,12,-22.0,7.18,q1,"(100, 100)",2977,0.02833076576861337,0.43064682719911784,0.07553966057252857,0.36078058953109615,28062,11938,0.70
sequences,0.5,19,12,-22.0,7.18,q2,"(100, 100)",2970,0.12698155971528405,0.27524428717001664,0.07553966057252857,0.36078058953109615,28062,11938,0.70
sequences,0.5,19,12,-22.0,7.18,q3,"(100, 100)",2985,0.030011040019367816,0.4231658199945723,0.07553966057252857,0.36078058953109615,28062,11938,0.70
sequences,0.5,19,12,-22.0,7.18,q4,"(100, 100)",3006,0.11667784145358531,0.2683583547366898,0.07553966057252857,0.36078058953109615,28062,11938,0.70
sequences,0.5,20,12,-22.0,7.18,q1,"(100, 100)",2973,0.033197027532438445,0.4274750835189644,0.07528290200803436,0.36438954055894474,28073,11927,0.70
sequences,0.5,20,12,-22.0,7.18,q2,"(100, 100)",3044,0.11855911762317012,0.2826192479393956,0.07528290200803436,0.36438954055894474,28073,11927,0.70
sequences,0.5,20,12,-22.0,7.18,q3,"(100, 100)",2988,0.026375633662262546,0.42349135956952766,0.07528290200803436,0.36438954055894474,28073,11927,0.70
sequences,0.5,20,12,-22.0,7.18,q4,"(100, 100)",2922,0.12303219095418069,0.2845550669615606,0.07528290200803436,0.36438954055894474,28073,11927,0.70
sequences,0.5,21,12,-22.0,7.18,q1,"(100, 100)",2881,0.009794473712353808,0.4697728516289608,0.0748496077591674,0.40071670789187314,28059,11941,0.70
sequences,0.5,21,12,-22.0,7.18,q2,"(100, 100)",2998,0.1433792240948834,0.319030760444991,0.0748496077591674,0.40071670789187314,28059,11941,0.70
sequences,0.5,21,12,-22.0,7.18,q3,"(100, 100)",3076,0.003683872374630347,0.4563218464239627,0.0748496077591674,0.40071670789187314,28059,11941,0.70
sequences,0.5,21,12,-22.0,7.18,q4,"(100, 100)",2986,0.14212283396721473,0.3065469162305777,0.0748496077591674,0.40071670789187314,28059,11941,0.70
sequences,0.5,22,12,-22.0,7.18,q1,"(100, 100)",2943,0.012129852849250083,0.456885448038723,0.07510233078429765,0.39192376442725574,28063,11937,0.70
sequences,0.5,22,12,-22.0,7.18,q2,"(100, 100)",2996,0.1412277071837267,0.31780650046311326,0.07510233078429765,0.39192376442725574,28063,11937,0.70
sequences,0.5,22,12,-22.0,7.18,q3,"(100, 100)",2999,0.01605735502882217,0.4416452780039055,0.07510233078429765,0.39192376442725574,28063,11937,0.70
sequences,0.5,22,12,-22.0,7.18,q4,"(100, 100)",2999,0.1298846772867406,0.30959816748620506,0.07510233078429765,0.39192376442725574,28063,11937,0.70
sequences,0.5,23,12,-22.0,7.18,q1,"(100, 100)",3001,0.016694961788938572,0.4465257896230511,0.0751284233526891,0.384065463400387,28054,11946,0.70
sequences,0.5,23,12,-22.0,7.18,q2,"(100, 100)",3009,0.1358245434310482,0.30292677278240115,0.0751284233526891,0.384065463400387,28054,11946,0.70
sequences,0.5,23,12,-22.0,7.18,q3,"(100, 100)",2971,0.010812162126577984,0.4452188094292355,0.0751284233526891,0.384065463400387,28054,11946,0.70
sequences,0.5,23,12,-22.0,7.18,q4,"(100, 100)",2965,0.13712093766628405,0.2925191544999372,0.0751284233526891,0.384065463400387,28054,11946,0.70
sequences,0.5,24,12,-22.0,7.18,q1,"(100, 100)",3007,0.018263422611171195,0.43589070008826136,0.07548722663531877,0.37846915921013563,28068,11932,0.70
sequences,0.5,24,12,-22.0,7.18,q2,"(100, 100)",3014,0.13471472913624477,0.29669774100445606,0.07548722663531877,0.37846915921013563,28068,11932,0.70
sequences,0.5,24,12,-22.0,7.18,q3,"(100, 100)",2970,0.014365688814766825,0.4389247360180593,0.07548722663531877,0.37846915921013563,28068,11932,0.70
sequences,0.5,24,12,-22.0,7.18,q4,"(100, 100)",2941,0.13502182489776693,0.2963850292081566,0.07548722663531877,0.37846915921013563,28068,11932,0.70
sequences,0.5,25,12,-22.0,7.18,q1,"(100, 100)",3016,0.023061576890858443,0.45618502464755456,0.07522909034814396,0.38402051991316866,28062,11938,0.70
sequences,0.5,25,12,-22.0,7.18,q2,"(100, 100)",2946,0.13235735889428507,0.29078176834460645,0.07522909034814396,0.38402051991316866,28062,11938,0.70
sequences,0.5,25,12,-22.0,7.18,q3,"(100, 100)",3055,0.010902081381219845,0.44255708397965754,0.07522909034814396,0.38402051991316866,28062,11938,0.70
sequences,0.5,25,12,-22.0,7.18,q4,"(100, 100)",2921,0.1387540317532088,0.28853697184088617,0.07522909034814396,0.38402051991316866,28062,11938,0.70
sequences,0.5,26,12,-22.0,7.18,q1,"(100, 100)",3009,0.005983049971229793,0.4616802806428368,0.07535864207917864,0.39800700241582115,28068,11932,0.70
sequences,0.5,26,12,-22.0,7.18,q2,"(100, 100)",3004,0.14710925771932168,0.311941416444045,0.07535864207917864,0.39800700241582115,28068,11932,0.70
sequences,0.5,26,12,-22.0,7.18,q3,"(100, 100)",2996,0.006799197489454043,0.4576664317622878,0.07535864207917864,0.39800700241582115,28068,11932,0.70
sequences,0.5,26,12,-22.0,7.18,q4,"(100, 100)",2923,0.14330814712900528,0.30471473169721786,0.07535864207917864,0.39800700241582115,28068,11932,0.70
sequences,0.5,27,12,-22.0,7.18,q1,"(100, 100)",3047,0.020797519827100673,0.46169582802888703,0.0747954453529885,0.3922751865742854,28062,11938,0.70
sequences,0.5,27,12,-22.0,7.18,q2,"(100, 100)",3021,0.13045570463635267,0.2899186800724962,0.0747954453529885,0.3922751865742854,28062,11938,0.70
sequences,0.5,27,12,-22.0,7.18,q3,"(100, 100)",2876,0.03542760646234834,0.4757795850512722,0.0747954453529885,0.3922751865742854,28062,11938,0.70
sequences,0.5,27,12,-22.0,7.18,q4,"(100, 100)",2994,0.1114033078886659,0.29232179690963267,0.0747954453529885,0.3922751865742854,28062,11938,0.70
sequences,0.5,28,12,-22.0,7.18,q1,"(100, 100)",3089,0.026385312395761612,0.42420505575017853,0.075270343584175,0.3710537105262995,28052,11948,0.70
sequences,0.5,28,12,-22.0,7.18,q2,"(100, 100)",2969,0.12762584256147882,0.2959413835377522,0.075270343584175,0.3710537105262995,28052,11948,0.70
sequences,0.5,28,12,-22.0,7.18,q3,"(100, 100)",2972,0.017212662222404005,0.4281010741265151,0.075270343584175,0.3710537105262995,28052,11948,0.70
sequences,0.5,28,12,-22.0,7.18,q4,"(100, 100)",2918,0.13288165745825914,0.29224243374511155,0.075270343584175,0.3710537105262995,28052,11948,0.70
sequences,0.5,29,12,-22.0,7.18,q1,"(100, 100)",3004,0.026587077323763707,0.4369894821339263,0.07536185132211916,0.3787240595653968,28058,11942,0.70
sequences,0.5,29,12,-22.0,7.18,q2,"(100, 100)",2960,0.12841035613282661,0.309223123553104,0.07536185132211916,0.3787240595653968,28058,11942,0.70
sequences,0.5,29,12,-22.0,7.18,q3,"(100, 100)",3030,0.023405838834432945,0.4273408652822341,0.07536185132211916,0.3787240595653968,28058,11942,0.70
sequences,0.5,29,12,-22.0,7.18,q4,"(100, 100)",2948,0.12519989904567919,0.30368128978425674,0.07536185132211916,0.3787240595653968,28058,11942,0.70
sequences,0.5,30,12,-22.0,7.18,q1,"(100, 100)",2970,0.017475997814293886,0.4564454349087041,0.07526569726724634,0.39269152470975877,28049,11951,0.70
sequences,0.5,30,12,-22.0,7.18,q2,"(100, 100)",3013,0.13559588699741473,0.30998031281680305,0.07526569726724634,0.39269152470975877,28049,11951,0.70
sequences,0.5,30,12,-22.0,7.18,q3,"(100, 100)",2991,0.00828965264970957,0.4600602509872181,0.07526569726724634,0.39269152470975877,28049,11951,0.70
sequences,0.5,30,12,-22.0,7.18,q4,"(100, 100)",2977,0.1391507813012819,0.2927406347248958,0.07526569726724634,0.39269152470975877,28049,11951,0.70
sequences,0.5,31,12,-22.0,7.18,q1,"(100, 100)",3003,0.024535966480640572,0.4532936322371901,0.07535821986957085,0.38345440724056007,28057,11943,0.70
sequences,0.5,31,12,-22.0,7.18,q2,"(100, 100)",2927,0.1322675444333999,0.29502250845323436,0.07535821986957085,0.38345440724056007,28057,11943,0.70
sequences,0.5,31,12,-22.0,7.18,q3,"(100, 100)",3049,0.03029389862031702,0.4452422323671412,0.07535821986957085,0.38345440724056007,28057,11943,0.70
sequences,0.5,31,12,-22.0,7.18,q4,"(100, 100)",2964,0.11700692075270344,0.29115294113583245,0.07535821986957085,0.38345440724056007,28057,11943,0.70
sequences,0.5,32,12,-22.0,7.18,q1,"(100, 100)",2999,0.006794096731229422,0.4466840988604603,0.07471365287707281,0.3885928396029728,28064,11936,0.70
sequences,0.5,32,12,-22.0,7.18,q2,"(100, 100)",2945,0.14835852625384668,0.3097607683509783,0.07471365287707281,0.3885928396029728,28064,11936,0.70
sequences,0.5,32,12,-22.0,7.18,q3,"(100, 100)",3011,0.004820260937534808,0.4390268935868115,0.07471365287707281,0.3885928396029728,28064,11936,0.70
sequences,0.5,32,12,-22.0,7.18,q4,"(100, 100)",2981,0.14088460219499777,0.30839069491024595,0.07471365287707281,0.3885928396029728,28064,11936,0.70
sequences,0.5,33,12,-22.0,7.18,q1,"(100, 100)",2947,0.01536543169638563,0.46042285525981225,0.07509470100621671,0.3888452917593045,28074,11926,0.70
sequences,0.5,33,12,-22.0,7.18,q2,"(100, 100)",3019,0.13716583714907357,0.2963158961805668,0.07509470100621671,0.3888452917593045,28074,11926,0.70
sequences,0.5,33,12,-22.0,7.18,q3,"(100, 100)",2960,0.01521180278912473,0.4539783632653209,0.07509470100621671,0.3888452917593045,28074,11926,0.70
sequences,0.5,33,12,-22.0,7.18,q4,"(100, 100)",3000,0.13038895946067655,0.2952015847261988,0.07509470100621671,0.3888452917593045,28074,11926,0.70
sequences,0.5,34,12,-22.0,7.18,q1,"(100, 100)",2926,0.021546811059305053,0.46306997220422363,0.07490400390149703,0.3914643448581829,28060,11940,0.70
sequences,0.5,34,12,-22.0,7.18,q2,"(100, 100)",3011,0.1309858494195746,0.3096560574396107,0.07490400390149703,0.3914643448581829,28060,11940,0.70
sequences,0.5,34,12,-22.0,7.18,q3,"(100, 100)",2970,0.009304887771951422,0.45097106234060597,0.07490400390149703,0.3914643448581829,28060,11940,0.70
sequences,0.5,34,12,-22.0,7.18,q4,"(100, 100)",3033,0.13494029941948993,0.29728530881191234,0.07490400390149703,0.3914643448581829,28060,11940,0.70
sequences,0.5,35,12,-22.0,7.18,q1,"(100, 100)",3004,0.025373630280178125,0.47605154383123766,0.07476663595082184,0.4016070139568403,28067,11933,0.70
sequences,0.5,35,12,-22.0,7.18,q2,"(100, 100)",2984,0.12746160127797662,0.30880889085266444,0.07476663595082184,0.4016070139568403,28067,11933,0.70
sequences,0.5,35,12,-22.0,7.18,q3,"(100, 100)",3047,0.0275036482046741,0.46303026492071064,0.07476663595082184,0.4016070139568403,28067,11933,0.70
sequences,0.5,35,12,-22.0,7.18,q4,"(100, 100)",2898,0.12140056837349122,0.30934170028487734,0.07476663595082184,0.4016070139568403,28067,11933,0.70
sequences,0.5,36,12,-22.0,7.18,q1,"(100, 100)",2933,0.022541183765408333,0.4546000203888857,0.07505131081566015,0.38985055683079395,28061,11939,0.70
sequences,0.5,36,12,-22.0,7.18,q2,"(100, 100)",3040,0.12914279728739977,0.3147273503286677,0.07505131081566015,0.38985055683079395,28061,11939,0.70
sequences,0.5,36,12,-22.0,7.18,q3,"(100, 100)",3005,0.027095567761437803,0.44488590243946535,0.07505131081566015,0.38985055683079395,28061,11939,0.70
sequences,0.5,36,12,-22.0,7.18,q4,"(100, 100)",2961,0.12019858931692258,0.308925642354931,0.07505131081566015,0.38985055683079395,28061,11939,0.70
sequences,0.5,37,12,-22.0,7.18,q1,"(100, 100)",3006,0.02971437903937292,0.4340728851344206,0.07575650237252232,0.3700447645574599,28063,11937,0.70
sequences,0.5,37,12,-22.0,7.18,q2,"(100, 100)",2967,0.12591549392711185,0.2851597406729728,0.07575650237252232,0.3700447645574599,28063,11937,0.70
sequences,0.5,37,12,-22.0,7.18,q3,"(100, 100)",3017,0.02570757482609372,0.43134136883643426,0.07575650237252232,0.3700447645574599,28063,11937,0.70
sequences,0.5,37,12,-22.0,7.18,q4,"(100, 100)",2947,0.12345874506154673,0.28387752824871354,0.07575650237252232,0.3700447645574599,28063,11937,0.70
sequences,0.5,38,12,-22.0,7.18,q1,"(100, 100)",3033,0.017284100879984624,0.44909187078809315,0.07507046024981513,0.3851267536664968,28065,11935,0.70
sequences,0.5,38,12,-22.0,7.18,q2,"(100, 100)",2972,0.13665608496513204,0.3006758907012364,0.07507046024981513,0.3851267536664968,28065,11935,0.70
sequences,0.5,38,12,-22.0,7.18,q3,"(100, 100)",2982,0.013702504581685539,0.4469714635624036,0.07507046024981513,0.3851267536664968,28065,11935,0.70
sequences,0.5,38,12,-22.0,7.18,q4,"(100, 100)",2948,0.13451170689741912,0.2918132583101075,0.07507046024981513,0.3851267536664968,28065,11935,0.70
sequences,0.5,39,12,-22.0,7.18,q1,"(100, 100)",2955,0.022515133564274908,0.447273295593732,0.07555183650762629,0.3850449145723504,28076,11924,0.70
sequences,0.5,39,12,-22.0,7.18,q2,"(100, 100)",3048,0.12935575141718128,0.30319491632773626,0.07555183650762629,0.3850449145723504,28076,11924,0.70
sequences,0.5,39,12,-22.0,7.18,q3,"(100, 100)",2958,0.015833018596804246,0.4503263855398692,0.07555183650762629,0.3850449145723504,28076,11924,0.70
sequences,0.5,39,12,-22.0,7.18,q4,"(100, 100)",2963,0.1327159903832562,0.2958049243185508,0.07555183650762629,0.3850449145723504,28076,11924,0.70
sequences,0.5,40,12,-22.0,7.18,q1,"(100, 100)",2988,0.05863849927339311,0.4264132776905954,0.0756176633372734,0.3524606950901276,28054,11946,0.70
sequences,0.5,40,12,-22.0,7.18,q2,"(100, 100)",2957,0.09719728908462386,0.26593650768018234,0.0756176633372734,0.3524606950901276,28054,11946,0.70
sequences,0.5,40,12,-22.0,7.18,q3,"(100, 100)",3052,0.0650736845862473,0.41739933220223036,0.0756176633372734,0.3524606950901276,28054,11946,0.70
sequences,0.5,40,12,-22.0,7.18,q4,"(100, 100)",2949,0.08209545649973211,0.25857814537839807,0.0756176633372734,0.3524606950901276,28054,11946,0.70
sequences,0.5,41,12,-22.0,7.18,q1,"(100, 100)",2961,0.045074706245608144,0.4435591852493912,0.0753709636600114,0.37039837061203285,28060,11940,0.70
sequences,0.5,41,12,-22.0,7.18,q2,"(100, 100)",3010,0.10875616422105296,0.2864301269360995,0.0753709636600114,0.37039837061203285,28060,11940,0.70
sequences,0.5,41,12,-22.0,7.18,q3,"(100, 100)",3028,0.020916796894971047,0.4305255181272584,0.0753709636600114,0.37039837061203285,28060,11940,0.70
sequences,0.5,41,12,-22.0,7.18,q4,"(100, 100)",2941,0.12776980129342017,0.2761188220905569,0.0753709636600114,0.37039837061203285,28060,11940,0.70
sequences,0.5,42,12,-22.0,7.18,q1,"(100, 100)",2981,0.007010008322759217,0.4361603472087224,0.07508725698139215,0.38378066939920097,28063,11937,0.70
sequences,0.5,42,12,-22.0,7.18,q2,"(100, 100)",2964,0.14747748243376926,0.3161201119222296,0.07508725698139215,0.38378066939920097,28063,11937,0.70
sequences,0.5,42,12,-22.0,7.18,q3,"(100, 100)",3035,0.0012860800301642472,0.43154939965900474,0.07508725698139215,0.38378066939920097,28063,11937,0.70
sequences,0.5,42,12,-22.0,7.18,q4,"(100, 100)",2957,0.1469033618368253,0.30134897083749834,0.07508725698139215,0.38378066939920097,28063,11937,0.70
sequences,0.5,43,12,-22.0,7.18,q1,"(100, 100)",2936,0.03890547431250825,0.4248932610260365,0.0756096134203755,0.35577059378859094,28061,11939,0.70
sequences,0.5,43,12,-22.0,7.18,q2,"(100, 100)",3015,0.11533702291108668,0.2736981377782964,0.0756096134203755,0.35577059378859094,28061,11939,0.70
sequences,0.5,43,12,-22.0,7.18,q3,"(100, 100)",3019,0.034846853020504616,0.4169715877209095,0.0756096134203755,0.35577059378859094,28061,11939,0.70
sequences,0.5,43,12,-22.0,7.18,q4,"(100, 100)",2969,0.11301210127939006,0.2675086714449596,0.0756096134203755,0.35577059378859094,28061,11939,0.70
sequences,0.5,44,12,-22.0,7.18,q1,"(100, 100)",3041,0.019264104539930736,0.4307526444228699,0.07527295451459984,0.37600255615559586,28066,11934,0.70
sequences,0.5,44,12,-22.0,7.18,q2,"(100, 100)",2964,0.13536895185978162,0.2995301018587871,0.07527295451459984,0.37600255615559586,28066,11934,0.70
sequences,0.5,44,12,-22.0,7.18,q3,"(100, 100)",2978,0.01161039203201651,0.43377468036746486,0.07527295451459984,0.37600255615559586,28066,11934,0.70
sequences,0.5,44,12,-22.0,7.18,q4,"(100, 100)",2951,0.13687427193750162,0.29290391877426686,0.07527295451459984,0.37600255615559586,28066,11934,0.70
sequences,0.5,45,12,-22.0,7.18,q1,"(100, 100)",2921,0.01971447535654108,0.45233699399680316,0.07468913565407838,0.38712735421936234,28046,11954,0.70
sequences,0.5,45,12,-22.0,7.18,q2,"(100, 100)",2943,0.1357161271905683,0.3055968318233283,0.07468913565407838,0.38712735421936234,28046,11954,0.70
sequences,0.5,45,12,-22.0,7.18,q3,"(100, 100)",3082,0.008010724606344059,0.4408444519033017,0.07468913565407838,0.38712735421936234,28046,11954,0.70
sequences,0.5,45,12,-22.0,7.18,q4,"(100, 100)",3008,0.13668428508437552,0.30235675909127163,0.07468913565407838,0.38712735421936234,28046,11954,0.70
sequences,0.5,46,12,-22.0,7.18,q1,"(100, 100)",2943,0.0030521848192365843,0.45931007142001007,0.07496604183726789,0.39364388579036086,28065,11935,0.70
sequences,0.5,46,12,-22.0,7.18,q2,"(100, 100)",2970,0.15118960156723987,0.3086831201664486,0.07496604183726789,0.39364388579036086,28065,11935,0.70
sequences,0.5,46,12,-22.0,7.18,q3,"(100, 100)",3044,-0.0006247838385130198,0.4441320408501607,0.07496604183726789,0.39364388579036086,28065,11935,0.70
sequences,0.5,46,12,-22.0,7.18,q4,"(100, 100)",2978,0.14728201972951988,0.3064357345035292,0.07496604183726789,0.39364388579036086,28065,11935,0.70
sequences,0.5,47,12,-22.0,7.18,q1,"(100, 100)",2958,0.027713821202010977,0.48078149762317435,0.07464465236622128,0.39808756782280597,28052,11948,0.70
sequences,0.5,47,12,-22.0,7.18,q2,"(100, 100)",2980,0.12546701955712444,0.29633663140241545,0.07464465236622128,0.39808756782280597,28052,11948,0.70
sequences,0.5,47,12,-22.0,7.18,q3,"(100, 100)",3024,0.02249538038314742,0.4656856337756145,0.07464465236622128,0.39808756782280597,28052,11948,0.70
sequences,0.5,47,12,-22.0,7.18,q4,"(100, 100)",2986,0.12322808934936197,0.2966274854613024,0.07464465236622128,0.39808756782280597,28052,11948,0.70
sequences,0.5,48,12,-22.0,7.18,q1,"(100, 100)",2943,0.02037059195831121,0.4514919694496425,0.07518979914784495,0.38296874655531404,28057,11943,0.70
sequences,0.5,48,12,-22.0,7.18,q2,"(100, 100)",2963,0.1349708189537037,0.3052223094977268,0.07518979914784495,0.38296874655531404,28057,11943,0.70
sequences,0.5,48,12,-22.0,7.18,q3,"(100, 100)",3025,0.014791524487636256,0.4382842956048744,0.07518979914784495,0.38296874655531404,28057,11943,0.70
sequences,0.5,48,12,-22.0,7.18,q4,"(100, 100)",3012,0.13060365901543117,0.2908926633421668,0.07518979914784495,0.38296874655531404,28057,11943,0.70
sequences,0.5,49,12,-22.0,7.18,q1,"(100, 100)",2932,0.04133670713810112,0.4466317505202841,0.07550071203588868,0.3695075238810126,28066,11934,0.70
sequences,0.5,49,12,-22.0,7.18,q2,"(100, 100)",3003,0.11325209244150339,0.2790219703575928,0.07550071203588868,0.3695075238810126,28066,11934,0.70
sequences,0.5,49,12,-22.0,7.18,q3,"(100, 100)",3035,0.04119441996854962,0.43372479762059435,0.07550071203588868,0.3695075238810126,28066,11934,0.70
sequences,0.5,49,12,-22.0,7.18,q4,"(100, 100)",2964,0.10617583464946027,0.2759789793375979,0.07550071203588868,0.3695075238810126,28066,11934,0.70
sequences,0.75,0,9,-8.5,14.44,q1,"(150, 150)",6688,0.026935003074076105,0.34225070465814356,0.057137955775717286,0.3581632484186896,28070,11930,0.70
sequences,0.75,0,9,-8.5,14.44,q2,"(150, 50)",2297,0.1483051804171252,0.3853819119333626,0.057137955775717286,0.3581632484186896,28070,11930,0.70
sequences,0.75,0,9,-8.5,14.44,q3,"(50, 150)",2221,0.013956461132913895,0.3397958397337968,0.057137955775717286,0.3581632484186896,28070,11930,0.70
sequences,0.75,0,9,-8.5,14.44,q4,"(50, 50)",724,0.17936493404771814,0.38845724679916405,0.057137955775717286,0.3581632484186896,28070,11930,0.70
sequences,0.75,1,9,-8.5,14.44,q1,"(150, 150)",6702,0.030146470100340376,0.34761626655440564,0.05771178012866686,0.35848939996430634,28056,11944,0.70
sequences,0.75,1,9,-8.5,14.44,q2,"(150, 50)",2259,0.14561730227715772,0.3730389059577274,0.05771178012866686,0.35848939996430634,28056,11944,0.70
sequences,0.75,1,9,-8.5,14.44,q3,"(50, 150)",2236,0.008440821433771535,0.3452866399150853,0.05771178012866686,0.35848939996430634,28056,11944,0.70
sequences,0.75,1,9,-8.5,14.44,q4,"(50, 50)",747,0.1866729540485989,0.37274709668951095,0.05771178012866686,0.35848939996430634,28056,11944,0.70
sequences,0.75,2,9,-8.5,14.44,q1,"(150, 150)",6715,0.02914493143692184,0.3347944373108928,0.05821331995023859,0.35052822399882966,28055,11945,0.70
sequences,0.75,2,9,-8.5,14.44,q2,"(150, 50)",2254,0.14798578938628082,0.38182252155356927,0.05821331995023859,0.35052822399882966,28055,11945,0.70
sequences,0.75,2,9,-8.5,14.44,q3,"(50, 150)",2234,0.019106263876664305,0.33605710941001765,0.05821331995023859,0.35052822399882966,28055,11945,0.70
sequences,0.75,2,9,-8.5,14.44,q4,"(50, 50)",742,0.16631607739828133,0.3637680277787777,0.05821331995023859,0.35052822399882966,28055,11945,0.70
sequences,0.75,3,9,-8.5,14.44,q1,"(150, 150)",6702,0.030696646348340795,0.34608266780343755,0.05912707941721627,0.35404084485368337,28057,11943,0.70
sequences,0.75,3,9,-8.5,14.44,q2,"(150, 50)",2266,0.14595953350096533,0.3634774727090816,0.05912707941721627,0.35404084485368337,28057,11943,0.70
sequences,0.75,3,9,-8.5,14.44,q3,"(50, 150)",2241,0.022691812429641477,0.3472128466367229,0.05912707941721627,0.35404084485368337,28057,11943,0.70
sequences,0.75,3,9,-8.5,14.44,q4,"(50, 50)",734,0.1618925491624249,0.3530770635157589,0.05912707941721627,0.35404084485368337,28057,11943,0.70
sequences,0.75,4,9,-8.5,14.44,q1,"(150, 150)",6688,0.022075848663211297,0.3443517017934237,0.056280590553710416,0.36196886891513086,28067,11933,0.70
sequences,0.75,4,9,-8.5,14.44,q2,"(150, 50)",2258,0.16181688362383628,0.3913486015245977,0.056280590553710416,0.36196886891513086,28067,11933,0.70
sequences,0.75,4,9,-8.5,14.44,q3,"(50, 150)",2285,0.009687260247216192,0.3435972171402203,0.056280590553710416,0.36196886891513086,28067,11933,0.70
sequences,0.75,4,9,-8.5,14.44,q4,"(50, 50)",702,0.1943519919235868,0.38402080407978645,0.056280590553710416,0.36196886891513086,28067,11933,0.70
sequences,0.75,5,9,-8.5,14.44,q1,"(150, 150)",6746,0.02019048694371021,0.32912231396216146,0.05548377506106234,0.3565045849538263,28064,11936,0.70
sequences,0.75,5,9,-8.5,14.44,q2,"(150, 50)",2207,0.1676065028826485,0.40905985403910317,0.05548377506106234,0.3565045849538263,28064,11936,0.70
sequences,0.75,5,9,-8.5,14.44,q3,"(50, 150)",2254,0.00770196375496312,0.32923237462125904,0.05548377506106234,0.3565045849538263,28064,11936,0.70
sequences,0.75,5,9,-8.5,14.44,q4,"(50, 50)",729,0.19037247742233063,0.40249497216774555,0.05548377506106234,0.3565045849538263,28064,11936,0.70
sequences,0.75,6,9,-8.5,14.44,q1,"(150, 150)",6690,0.038193782901719334,0.33488843002385693,0.060724032580915084,0.34133268714303006,28057,11943,0.70
sequences,0.75,6,9,-8.5,14.44,q2,"(150, 50)",2254,0.13049728934811927,0.35303731111504544,0.060724032580915084,0.34133268714303006,28057,11943,0.70
sequences,0.75,6,9,-8.5,14.44,q3,"(50, 150)",2281,0.03114861789553231,0.3334969972301077,0.060724032580915084,0.34133268714303006,28057,11943,0.70
sequences,0.75,6,9,-8.5,14.44,q4,"(50, 50)",718,0.14557078814902025,0.34410118479665336,0.060724032580915084,0.34133268714303006,28057,11943,0.70
sequences,0.75,7,9,-8.5,14.44,q1,"(150, 150)",6823,0.03932920131807783,0.3428957650781168,0.06065121807202638,0.35251911270531705,28071,11929,0.70
sequences,0.75,7,9,-8.5,14.44,q2,"(150, 50)",2166,0.13013594390991337,0.37258074384597967,0.06065121807202638,0.35251911270531705,28071,11929,0.70
sequences,0.75,7,9,-8.5,14.44,q3,"(50, 150)",2206,0.031370899242700596,0.34524477911956875,0.06065121807202638,0.35251911270531705,28071,11929,0.70
sequences,0.75,7,9,-8.5,14.44,q4,"(50, 50)",734,0.1418073318115637,0.36217387208134294,0.06065121807202638,0.35251911270531705,28071,11929,0.70
sequences,0.75,8,9,-8.5,14.44,q1,"(150, 150)",6729,0.023497454094208642,0.3447772000672373,0.05646203713129616,0.36529253094948183,28061,11939,0.70
sequences,0.75,8,9,-8.5,14.44,q2,"(150, 50)",2262,0.15723085159182162,0.40321527622225845,0.05646203713129616,0.36529253094948183,28061,11939,0.70
sequences,0.75,8,9,-8.5,14.44,q3,"(50, 150)",2191,0.01358210598331965,0.34502584661930846,0.05646203713129616,0.36529253094948183,28061,11939,0.70
sequences,0.75,8,9,-8.5,14.44,q4,"(50, 50)",757,0.17248522087247162,0.39840170389466073,0.05646203713129616,0.36529253094948183,28061,11939,0.70
sequences,0.75,9,9,-8.5,14.44,q1,"(150, 150)",6737,0.03767429299333691,0.34180682476832247,0.059864746738045614,0.344070980569011,28065,11935,0.70
sequences,0.75,9,9,-8.5,14.44,q2,"(150, 50)",2247,0.130629341434355,0.34293932193014603,0.059864746738045614,0.344070980569011,28065,11935,0.70
sequences,0.75,9,9,-8.5,14.44,q3,"(50, 150)",2210,0.02022956019194909,0.33930667292687067,0.059864746738045614,0.344070980569011,28065,11935,0.70
sequences,0.75,9,9,-8.5,14.44,q4,"(50, 50)",741,0.16523965208537192,0.3303339273438525,0.059864746738045614,0.344070980569011,28065,11935,0.70
sequences,0.75,10,9,-8.5,14.44,q1,"(150, 150)",6665,0.030558018916344156,0.34865605791045895,0.0576160775824344,0.362737708364036,28066,11934,0.70
sequences,0.75,10,9,-8.5,14.44,q2,"(150, 50)",2323,0.13945888661456063,0.3851224521490596,0.0576160775824344,0.362737708364036,28066,11934,0.70
sequences,0.75,10,9,-8.5,14.44,q3,"(50, 150)",2221,0.012961398008689616,0.35004191849506555,0.0576160775824344,0.362737708364036,28066,11934,0.70
sequences,0.75,10,9,-8.5,14.44,q4,"(50, 50)",725,0.18092526235643347,0.3850293844951847,0.0576160775824344,0.362737708364036,28066,11934,0.70
sequences,0.75,11,9,-8.5,14.44,q1,"(150, 150)",6742,0.03159794920933705,0.3587206664795513,0.05776011488697131,0.3697172004048069,28064,11936,0.70
sequences,0.75,11,9,-8.5,14.44,q2,"(150, 50)",2267,0.1404685894668785,0.3844555337462216,0.05776011488697131,0.3697172004048069,28064,11936,0.70
sequences,0.75,11,9,-8.5,14.44,q3,"(50, 150)",2189,0.009032934908109866,0.3620667595912804,0.05776011488697131,0.3697172004048069,28064,11936,0.70
sequences,0.75,11,9,-8.5,14.44,q4,"(50, 50)",738,0.1872303128540285,0.3758447377781252,0.05776011488697131,0.3697172004048069,28064,11936,0.70
sequences,0.75,12,9,-8.5,14.44,q1,"(150, 150)",6639,0.03369711351181121,0.355226147897582,0.0580604462137466,0.3640514493619389,28070,11930,0.70
sequences,0.75,12,9,-8.5,14.44,q2,"(150, 50)",2254,0.138121843902583,0.3795807853330654,0.0580604462137466,0.3640514493619389,28070,11930,0.70
sequences,0.75,12,9,-8.5,14.44,q3,"(50, 150)",2285,0.00868400290090067,0.34418725950954937,0.0580604462137466,0.3640514493619389,28070,11930,0.70
sequences,0.75,12,9,-8.5,14.44,q4,"(50, 50)",752,0.18321330311183817,0.3862455988181854,0.0580604462137466,0.3640514493619389,28070,11930,0.70
sequences,0.75,13,9,-8.5,14.44,q1,"(150, 150)",6685,0.023397175033816484,0.3448332528998994,0.056209895664787214,0.3605663408369643,28061,11939,0.70
sequences,0.75,13,9,-8.5,14.44,q2,"(150, 50)",2308,0.15591787589190442,0.3865002508032643,0.056209895664787214,0.3605663408369643,28061,11939,0.70
sequences,0.75,13,9,-8.5,14.44,q3,"(50, 150)",2217,0.0044009085410411505,0.33701063433750705,0.056209895664787214,0.3605663408369643,28061,11939,0.70
sequences,0.75,13,9,-8.5,14.44,q4,"(50, 50)",729,0.19899116247850168,0.38796150850875033,0.056209895664787214,0.3605663408369643,28061,11939,0.70
sequences,0.75,14,9,-8.5,14.44,q1,"(150, 150)",6713,0.039539116266633936,0.3377716030992209,0.06051275612808567,0.3433738795223157,28060,11940,0.70
sequences,0.75,14,9,-8.5,14.44,q2,"(150, 50)",2250,0.12703955482807167,0.35343580204442554,0.06051275612808567,0.3433738795223157,28060,11940,0.70
sequences,0.75,14,9,-8.5,14.44,q3,"(50, 150)",2241,0.027867054652608532,0.3347474726710601,0.06051275612808567,0.3433738795223157,28060,11940,0.70
sequences,0.75,14,9,-8.5,14.44,q4,"(50, 50)",736,0.14783580547795153,0.34738435211680896,0.06051275612808567,0.3433738795223157,28060,11940,0.70
sequences,0.75,15,9,-8.5,14.44,q1,"(150, 150)",6657,0.03640388121126074,0.3416696924532608,0.059916695235116224,0.34909865553831204,28061,11939,0.70
sequences,0.75,15,9,-8.5,14.44,q2,"(150, 50)",2284,0.13248857811923798,0.3634658871587261,0.059916695235116224,0.34909865553831204,28061,11939,0.70
sequences,0.75,15,9,-8.5,14.44,q3,"(50, 150)",2242,0.025900010506088523,0.3339430454940232,0.059916695235116224,0.34909865553831204,28061,11939,0.70
sequences,0.75,15,9,-8.5,14.44,q4,"(50, 50)",756,0.1485886920763226,0.3670879824922386,0.059916695235116224,0.34909865553831204,28061,11939,0.70
sequences,0.75,16,9,-8.5,14.44,q1,"(150, 150)",6746,0.028400708143561746,0.3393837307826892,0.05839277411824298,0.3518718460881412,28069,11931,0.70
sequences,0.75,16,9,-8.5,14.44,q2,"(150, 50)",2184,0.15475319960846204,0.37311428258417395,0.05839277411824298,0.3518718460881412,28069,11931,0.70
sequences,0.75,16,9,-8.5,14.44,q3,"(50, 150)",2299,0.019979449595739673,0.33408574365526045,0.05839277411824298,0.3518718460881412,28069,11931,0.70
sequences,0.75,16,9,-8.5,14.44,q4,"(50, 50)",702,0.17262004031738284,0.37868232670515967,0.05839277411824298,0.3518718460881412,28069,11931,0.70
sequences,0.75,17,9,-8.5,14.44,q1,"(150, 150)",6736,0.0497059514379711,0.3365102273132023,0.06363036016274125,0.3401539583200452,28052,11948,0.70
sequences,0.75,17,9,-8.5,14.44,q2,"(150, 50)",2280,0.10458125198358209,0.3461988183423923,0.06363036016274125,0.3401539583200452,28052,11948,0.70
sequences,0.75,17,9,-8.5,14.44,q3,"(50, 150)",2232,0.04928356506330533,0.3413797138535935,0.06363036016274125,0.3401539583200452,28052,11948,0.70
sequences,0.75,17,9,-8.5,14.44,q4,"(50, 50)",700,0.10998583227770607,0.3363336382403019,0.06363036016274125,0.3401539583200452,28052,11948,0.70
sequences,0.75,18,9,-8.5,14.44,q1,"(150, 150)",6697,0.0298330312962509,0.33406693091133016,0.05773077348186629,0.3499542619727285,28059,11941,0.70
sequences,0.75,18,9,-8.5,14.44,q2,"(150, 50)",2252,0.14496660848747359,0.38235296891990006,0.05773077348186629,0.3499542619727285,28059,11941,0.70
sequences,0.75,18,9,-8.5,14.44,q3,"(50, 150)",2276,0.017323245575675,0.3349753515007873,0.05773077348186629,0.3499542619727285,28059,11941,0.70
sequences,0.75,18,9,-8.5,14.44,q4,"(50, 50)",716,0.17273581887143344,0.36396537841717097,0.05773077348186629,0.3499542619727285,28059,11941,0.70
sequences,0.75,19,9,-8.5,14.44,q1,"(150, 150)",6667,0.03494065859530963,0.34535267126848856,0.059200843688347445,0.35256057595249757,28055,11945,0.70
sequences,0.75,19,9,-8.5,14.44,q2,"(150, 50)",2308,0.1318136941784495,0.36540974836332313,0.059200843688347445,0.35256057595249757,28055,11945,0.70
sequences,0.75,19,9,-8.5,14.44,q3,"(50, 150)",2214,0.026606781420179193,0.3438649143515079,0.059200843688347445,0.35256057595249757,28055,11945,0.70
sequences,0.75,19,9,-8.5,14.44,q4,"(50, 50)",756,0.14691969150032105,0.3551615607119317,0.059200843688347445,0.35256057595249757,28055,11945,0.70
sequences,0.75,20,9,-8.5,14.44,q1,"(150, 150)",6699,0.04361930801926033,0.32917740693414466,0.06140873401068294,0.3390681729787158,28065,11935,0.70
sequences,0.75,20,9,-8.5,14.44,q2,"(150, 50)",2254,0.11864915855501423,0.3658214420616597,0.06140873401068294,0.3390681729787158,28065,11935,0.70
sequences,0.75,20,9,-8.5,14.44,q3,"(50, 150)",2250,0.029222449512449473,0.32359896226573015,0.06140873401068294,0.3390681729787158,28065,11935,0.70
sequences,0.75,20,9,-8.5,14.44,q4,"(50, 50)",732,0.14688767924926577,0.3541454720472139,0.06140873401068294,0.3390681729787158,28065,11935,0.70
sequences,0.75,21,9,-8.5,14.44,q1,"(150, 150)",6694,0.03576262904579366,0.3334582734293989,0.05944301371306137,0.3484951994446175,28052,11948,0.70
sequences,0.75,21,9,-8.5,14.44,q2,"(150, 50)",2293,0.13268373575397321,0.37980853567079487,0.05944301371306137,0.3484951994446175,28052,11948,0.70
sequences,0.75,21,9,-8.5,14.44,q3,"(50, 150)",2196,0.020321395746852274,0.3288571980357674,0.05944301371306137,0.3484951994446175,28052,11948,0.70
sequences,0.75,21,9,-8.5,14.44,q4,"(50, 50)",765,0.15942548740806067,0.38161567233918375,0.05944301371306137,0.3484951994446175,28052,11948,0.70
sequences,0.75,22,9,-8.5,14.44,q1,"(150, 150)",6682,0.03164607704740321,0.35819916453728695,0.05798744802773938,0.3681679984483884,28059,11941,0.70
sequences,0.75,22,9,-8.5,14.44,q2,"(150, 50)",2207,0.14451664560551453,0.38906710911418657,0.05798744802773938,0.3681679984483884,28059,11941,0.70
sequences,0.75,22,9,-8.5,14.44,q3,"(50, 150)",2298,0.015511896152562156,0.35601107003520904,0.05798744802773938,0.3681679984483884,28059,11941,0.70
sequences,0.75,22,9,-8.5,14.44,q4,"(50, 50)",754,0.16760537912271797,0.3669442627370627,0.05798744802773938,0.3681679984483884,28059,11941,0.70
sequences,0.75,23,9,-8.5,14.44,q1,"(150, 150)",6599,0.020674596358318732,0.33704686852896987,0.05528841139861495,0.36358159727866846,28066,11934,0.70
sequences,0.75,23,9,-8.5,14.44,q2,"(150, 50)",2301,0.16126871389567315,0.4161023186291694,0.05528841139861495,0.36358159727866846,28066,11934,0.70
sequences,0.75,23,9,-8.5,14.44,q3,"(50, 150)",2277,0.001931324585885445,0.3267511413838926,0.05528841139861495,0.36358159727866846,28066,11934,0.70
sequences,0.75,23,9,-8.5,14.44,q4,"(50, 50)",757,0.1953808500746635,0.4165169358912206,0.05528841139861495,0.36358159727866846,28066,11934,0.70
sequences,0.75,24,9,-8.5,14.44,q1,"(150, 150)",6737,0.028792253416413758,0.34814139547830775,0.057798670598282746,0.36043699999600987,28055,11945,0.70
sequences,0.75,24,9,-8.5,14.44,q2,"(150, 50)",2198,0.1515370774671125,0.3804334281301238,0.057798670598282746,0.36043699999600987,28055,11945,0.70
sequences,0.75,24,9,-8.5,14.44,q3,"(50, 150)",2258,0.015997916547095987,0.3480347937996082,0.057798670598282746,0.36043699999600987,28055,11945,0.70
sequences,0.75,24,9,-8.5,14.44,q4,"(50, 50)",752,0.1691887196729414,0.37439805492207284,0.057798670598282746,0.36043699999600987,28055,11945,0.70
sequences,0.75,25,9,-8.5,14.44,q1,"(150, 150)",6770,0.022968334331575455,0.3454753162892539,0.0564106860076915,0.36105071334959943,28058,11942,0.70
sequences,0.75,25,9,-8.5,14.44,q2,"(150, 50)",2241,0.1597543527336642,0.38395599918244505,0.0564106860076915,0.36105071334959943,28058,11942,0.70
sequences,0.75,25,9,-8.5,14.44,q3,"(50, 150)",2267,0.01295117061531809,0.3464638450233476,0.0564106860076915,0.36105071334959943,28058,11942,0.70
sequences,0.75,25,9,-8.5,14.44,q4,"(50, 50)",664,0.1969743684006302,0.382811606166717,0.0564106860076915,0.36105071334959943,28058,11942,0.70
sequences,0.75,26,9,-8.5,14.44,q1,"(150, 150)",6653,0.03607495377202987,0.3439844609301558,0.06016089238279468,0.34797653535453826,28067,11933,0.70
sequences,0.75,26,9,-8.5,14.44,q2,"(150, 50)",2276,0.13359017421658537,0.355144317286284,0.06016089238279468,0.34797653535453826,28067,11933,0.70
sequences,0.75,26,9,-8.5,14.44,q3,"(50, 150)",2244,0.029584245003167232,0.3373667695994907,0.06016089238279468,0.34797653535453826,28067,11933,0.70
sequences,0.75,26,9,-8.5,14.44,q4,"(50, 50)",760,0.1413881303348928,0.3479394189191694,0.06016089238279468,0.34797653535453826,28067,11933,0.70
sequences,0.75,27,9,-8.5,14.44,q1,"(150, 150)",6732,0.030359785531043754,0.3406875437861279,0.05792006650652362,0.356208620185668,28059,11941,0.70
sequences,0.75,27,9,-8.5,14.44,q2,"(150, 50)",2256,0.14378813238303176,0.3831792890708847,0.05792006650652362,0.356208620185668,28059,11941,0.70
sequences,0.75,27,9,-8.5,14.44,q3,"(50, 150)",2246,0.01763064229556001,0.34879249462166556,0.05792006650652362,0.356208620185668,28059,11941,0.70
sequences,0.75,27,9,-8.5,14.44,q4,"(50, 50)",707,0.1743380321180544,0.365219444373861,0.05792006650652362,0.356208620185668,28059,11941,0.70
sequences,0.75,28,9,-8.5,14.44,q1,"(150, 150)",6734,0.036672370228415956,0.34654118496512953,0.060005511399656895,0.35170650198708014,28058,11942,0.70
sequences,0.75,28,9,-8.5,14.44,q2,"(150, 50)",2219,0.13418735733271026,0.35549890842117454,0.060005511399656895,0.35170650198708014,28058,11942,0.70
sequences,0.75,28,9,-8.5,14.44,q3,"(50, 150)",2265,0.02794210503819467,0.3471084729835417,0.060005511399656895,0.35170650198708014,28058,11942,0.70
sequences,0.75,28,9,-8.5,14.44,q4,"(50, 50)",724,0.1499771577123684,0.35473163947351166,0.060005511399656895,0.35170650198708014,28058,11942,0.70
sequences,0.75,29,9,-8.5,14.44,q1,"(150, 150)",6754,0.03694153623544746,0.34800943186763794,0.060878855886607255,0.34809285291496805,28064,11936,0.70
sequences,0.75,29,9,-8.5,14.44,q2,"(150, 50)",2218,0.1348500310737702,0.33980473112534776,0.060878855886607255,0.34809285291496805,28064,11936,0.70
sequences,0.75,29,9,-8.5,14.44,q3,"(50, 150)",2234,0.03648013805788343,0.3446118717748988,0.060878855886607255,0.34809285291496805,28064,11936,0.70
sequences,0.75,29,9,-8.5,14.44,q4,"(50, 50)",730,0.13226423395260037,0.34287581333512746,0.060878855886607255,0.34809285291496805,28064,11936,0.70
sequences,0.75,30,9,-8.5,14.44,q1,"(150, 150)",6641,0.0337438779717901,0.34499128264536155,0.05876136776625868,0.35104427291967866,28064,11936,0.70
sequences,0.75,30,9,-8.5,14.44,q2,"(150, 50)",2304,0.1363263706976024,0.360978619683009,0.05876136776625868,0.35104427291967866,28064,11936,0.70
sequences,0.75,30,9,-8.5,14.44,q3,"(50, 150)",2264,0.015049408372641406,0.3339268886627179,0.05876136776625868,0.35104427291967866,28064,11936,0.70
sequences,0.75,30,9,-8.5,14.44,q4,"(50, 50)",727,0.17759941321109968,0.3618799176737691,0.05876136776625868,0.35104427291967866,28064,11936,0.70
sequences,0.75,31,9,-8.5,14.44,q1,"(150, 150)",6614,0.01831063363426734,0.3548677618074574,0.05460365847827657,0.366884834686133,28058,11942,0.70
sequences,0.75,31,9,-8.5,14.44,q2,"(150, 50)",2322,0.16452804185096614,0.3792068821397876,0.05460365847827657,0.366884834686133,28058,11942,0.70
sequences,0.75,31,9,-8.5,14.44,q3,"(50, 150)",2273,-0.0037557678709672017,0.3472456697349897,0.05460365847827657,0.366884834686133,28058,11942,0.70
sequences,0.75,31,9,-8.5,14.44,q4,"(50, 50)",733,0.21483370516139105,0.37528090468008973,0.05460365847827657,0.366884834686133,28058,11942,0.70
sequences,0.75,32,9,-8.5,14.44,q1,"(150, 150)",6739,0.027725980707490827,0.34712452818242967,0.058059758899901816,0.3588499808428802,28052,11948,0.70
sequences,0.75,32,9,-8.5,14.44,q2,"(150, 50)",2248,0.1524745951675926,0.38051469372179925,0.058059758899901816,0.3588499808428802,28052,11948,0.70
sequences,0.75,32,9,-8.5,14.44,q3,"(50, 150)",2262,0.014938145616024688,0.34162432122242214,0.058059758899901816,0.3588499808428802,28052,11948,0.70
sequences,0.75,32,9,-8.5,14.44,q4,"(50, 50)",699,0.1864086409557229,0.368892431359958,0.058059758899901816,0.3588499808428802,28052,11948,0.70
sequences,0.75,33,9,-8.5,14.44,q1,"(150, 150)",6763,0.032428933153836194,0.35252247881180804,0.058716679989885986,0.3596168778746091,28050,11950,0.70
sequences,0.75,33,9,-8.5,14.44,q2,"(150, 50)",2180,0.14556569415559345,0.3729830047760525,0.058716679989885986,0.3596168778746091,28050,11950,0.70
sequences,0.75,33,9,-8.5,14.44,q3,"(50, 150)",2272,0.016613332985385393,0.34521126178595507,0.058716679989885986,0.3596168778746091,28050,11950,0.70
sequences,0.75,33,9,-8.5,14.44,q4,"(50, 50)",735,0.1731547553166722,0.3617297619752783,0.058716679989885986,0.3596168778746091,28050,11950,0.70
sequences,0.75,34,9,-8.5,14.44,q1,"(150, 150)",6700,0.036118608339665736,0.33973941239271715,0.059659940411778474,0.3464278143934187,28068,11932,0.70
sequences,0.75,34,9,-8.5,14.44,q2,"(150, 50)",2238,0.13516639495316174,0.35516661814765377,0.059659940411778474,0.3464278143934187,28068,11932,0.70
sequences,0.75,34,9,-8.5,14.44,q3,"(50, 150)",2285,0.020285204933553413,0.3371192041815689,0.059659940411778474,0.3464278143934187,28068,11932,0.70
sequences,0.75,34,9,-8.5,14.44,q4,"(50, 50)",709,0.17068215506239048,0.3521063882460368,0.059659940411778474,0.3464278143934187,28068,11932,0.70
sequences,0.75,35,9,-8.5,14.44,q1,"(150, 150)",6785,0.02999137009704637,0.3290332540390861,0.05802620315950632,0.3455505560540596,28063,11937,0.70
sequences,0.75,35,9,-8.5,14.44,q2,"(150, 50)",2172,0.1496939887019465,0.37760797215463887,0.05802620315950632,0.3455505560540596,28063,11937,0.70
sequences,0.75,35,9,-8.5,14.44,q3,"(50, 150)",2272,0.016918562180528358,0.32524153559422814,0.05802620315950632,0.3455505560540596,28063,11937,0.70
sequences,0.75,35,9,-8.5,14.44,q4,"(50, 50)",708,0.17739127722002693,0.3818400539001839,0.05802620315950632,0.3455505560540596,28063,11937,0.70
sequences,0.75,36,9,-8.5,14.44,q1,"(150, 150)",6637,0.021089356609178475,0.34535467649919305,0.055522229963632444,0.3601952320685413,28051,11949,0.70
sequences,0.75,36,9,-8.5,14.44,q2,"(150, 50)",2283,0.1615811363777662,0.3844254570702558,0.055522229963632444,0.3601952320685413,28051,11949,0.70
sequences,0.75,36,9,-8.5,14.44,q3,"(50, 150)",2283,0.00509612006098633,0.33835765238903037,0.055522229963632444,0.3601952320685413,28051,11949,0.70
sequences,0.75,36,9,-8.5,14.44,q4,"(50, 50)",746,0.19160977154243217,0.3782747438967808,0.055522229963632444,0.3601952320685413,28051,11949,0.70
sequences,0.75,37,9,-8.5,14.44,q1,"(150, 150)",6684,0.029166337511371036,0.333782646108735,0.058243925862934226,0.34765497703684,28054,11946,0.70
sequences,0.75,37,9,-8.5,14.44,q2,"(150, 50)",2254,0.14902290855384615,0.3759058958697664,0.058243925862934226,0.34765497703684,28054,11946,0.70
sequences,0.75,37,9,-8.5,14.44,q3,"(50, 150)",2289,0.016668068858168145,0.3239287248550327,0.058243925862934226,0.34765497703684,28054,11946,0.70
sequences,0.75,37,9,-8.5,14.44,q4,"(50, 50)",719,0.17633281354087924,0.37715599323817595,0.058243925862934226,0.34765497703684,28054,11946,0.70
sequences,0.75,38,9,-8.5,14.44,q1,"(150, 150)",6695,0.04131519623392691,0.3634963451308439,0.06105561334093593,0.36433095589208453,28072,11928,0.70
sequences,0.75,38,9,-8.5,14.44,q2,"(150, 50)",2255,0.12220016294923833,0.3634946904764185,0.06105561334093593,0.36433095589208453,28072,11928,0.70
sequences,0.75,38,9,-8.5,14.44,q3,"(50, 150)",2220,0.035455658687445914,0.35861591825462447,0.06105561334093593,0.36433095589208453,28072,11928,0.70
sequences,0.75,38,9,-8.5,14.44,q4,"(50, 50)",758,0.12848705462781104,0.3619160270483914,0.06105561334093593,0.36433095589208453,28072,11928,0.70
sequences,0.75,39,9,-8.5,14.44,q1,"(150, 150)",6714,0.01897447910027489,0.33853530721461383,0.05493984644724978,0.3637159175649007,28069,11931,0.70
sequences,0.75,39,9,-8.5,14.44,q2,"(150, 50)",2237,0.16781996061706025,0.4092147804498179,0.05493984644724978,0.3637159175649007,28069,11931,0.70
sequences,0.75,39,9,-8.5,14.44,q3,"(50, 150)",2265,0.0023459693076560953,0.3333913105617685,0.05493984644724978,0.3637159175649007,28069,11931,0.70
sequences,0.75,39,9,-8.5,14.44,q4,"(50, 50)",715,0.20610599007089045,0.4143078434685338,0.05493984644724978,0.3637159175649007,28069,11931,0.70
sequences,0.75,40,9,-8.5,14.44,q1,"(150, 150)",6714,0.03624524187359379,0.3274291536767262,0.06018897292775373,0.33621827687993605,28048,11952,0.70
sequences,0.75,40,9,-8.5,14.44,q2,"(150, 50)",2304,0.130941187358049,0.34614061353047765,0.06018897292775373,0.33621827687993605,28048,11952,0.70
sequences,0.75,40,9,-8.5,14.44,q3,"(50, 150)",2206,0.031352396697859414,0.33211220153287463,0.06018897292775373,0.33621827687993605,28048,11952,0.70
sequences,0.75,40,9,-8.5,14.44,q4,"(50, 50)",728,0.14447275783623784,0.3506718959736856,0.06018897292775373,0.33621827687993605,28048,11952,0.70
sequences,0.75,41,9,-8.5,14.44,q1,"(150, 150)",6768,0.029728151824751543,0.35476652849188056,0.05815500651423773,0.36333855693770983,28064,11936,0.70
sequences,0.75,41,9,-8.5,14.44,q2,"(150, 50)",2237,0.14682496061536734,0.3698052207279076,0.05815500651423773,0.36333855693770983,28064,11936,0.70
sequences,0.75,41,9,-8.5,14.44,q3,"(50, 150)",2204,0.017626826980442226,0.3598277952172982,0.05815500651423773,0.36333855693770983,28064,11936,0.70
sequences,0.75,41,9,-8.5,14.44,q4,"(50, 50)",727,0.1728212691094245,0.364123347688518,0.05815500651423773,0.36333855693770983,28064,11936,0.70
sequences,0.75,42,9,-8.5,14.44,q1,"(150, 150)",6662,0.03258806117651797,0.34722350603373986,0.058890724223682606,0.35384101162715614,28065,11935,0.70
sequences,0.75,42,9,-8.5,14.44,q2,"(150, 50)",2221,0.14382458025775408,0.3654282144302686,0.058890724223682606,0.35384101162715614,28065,11935,0.70
sequences,0.75,42,9,-8.5,14.44,q3,"(50, 150)",2338,0.018929488862976414,0.3378115546454821,0.058890724223682606,0.35384101162715614,28065,11935,0.70
sequences,0.75,42,9,-8.5,14.44,q4,"(50, 50)",714,0.17096301447840112,0.36357326853434035,0.058890724223682606,0.35384101162715614,28065,11935,0.70
sequences,0.75,43,9,-8.5,14.44,q1,"(150, 150)",6700,0.03376736174825998,0.3335108465720008,0.05942122259899221,0.344700128070754,28058,11942,0.70
sequences,0.75,43,9,-8.5,14.44,q2,"(150, 50)",2298,0.13615626095589062,0.36411587419577107,0.05942122259899221,0.344700128070754,28058,11942,0.70
sequences,0.75,43,9,-8.5,14.44,q3,"(50, 150)",2190,0.02647447084651377,0.33471822403654067,0.05942122259899221,0.344700128070754,28058,11942,0.70
sequences,0.75,43,9,-8.5,14.44,q4,"(50, 50)",754,0.14920522245798593,0.35916198972935476,0.05942122259899221,0.344700128070754,28058,11942,0.70
sequences,0.75,44,9,-8.5,14.44,q1,"(150, 150)",6687,0.02974490625669053,0.3472482096630659,0.0580828086092722,0.35194939132437986,28066,11934,0.70
sequences,0.75,44,9,-8.5,14.44,q2,"(150, 50)",2261,0.14592693752395744,0.3547986032364343,0.0580828086092722,0.35194939132437986,28066,11934,0.70
sequences,0.75,44,9,-8.5,14.44,q3,"(50, 150)",2230,0.017214232801440323,0.3411213320924885,0.0580828086092722,0.35194939132437986,28066,11934,0.70
sequences,0.75,44,9,-8.5,14.44,q4,"(50, 50)",756,0.16657077369799633,0.3495420073619357,0.0580828086092722,0.35194939132437986,28066,11934,0.70
sequences,0.75,45,9,-8.5,14.44,q1,"(150, 150)",6706,0.027826776355536036,0.3546989253948597,0.05800949873992477,0.35684211617138045,28053,11947,0.70
sequences,0.75,45,9,-8.5,14.44,q2,"(150, 50)",2241,0.1523614284094115,0.34963188784710664,0.05800949873992477,0.35684211617138045,28053,11947,0.70
sequences,0.75,45,9,-8.5,14.44,q3,"(50, 150)",2263,0.01646315819019186,0.34951356464498895,0.05800949873992477,0.35684211617138045,28053,11947,0.70
sequences,0.75,45,9,-8.5,14.44,q4,"(50, 50)",737,0.17331754566589044,0.34444359188410206,0.05800949873992477,0.35684211617138045,28053,11947,0.70
sequences,0.75,46,9,-8.5,14.44,q1,"(150, 150)",6655,0.027151857911983157,0.3504414685523695,0.05778132754235257,0.3609539957523293,28053,11947,0.70
sequences,0.75,46,9,-8.5,14.44,q2,"(150, 50)",2306,0.14962234833750981,0.37608187918733005,0.05778132754235257,0.3609539957523293,28053,11947,0.70
sequences,0.75,46,9,-8.5,14.44,q3,"(50, 150)",2261,0.015655506008395773,0.3492224407380754,0.05778132754235257,0.3609539957523293,28053,11947,0.70
sequences,0.75,46,9,-8.5,14.44,q4,"(50, 50)",725,0.1781954088178729,0.366033631052107,0.05778132754235257,0.3609539957523293,28053,11947,0.70
sequences,0.75,47,9,-8.5,14.44,q1,"(150, 150)",6705,0.025107996438696687,0.3563994331282868,0.057217981711489556,0.3618203656499846,28069,11931,0.70
sequences,0.75,47,9,-8.5,14.44,q2,"(150, 50)",2199,0.15931822850627997,0.36911111924384254,0.057217981711489556,0.3618203656499846,28069,11931,0.70
sequences,0.75,47,9,-8.5,14.44,q3,"(50, 150)",2303,0.016030307368730082,0.34394126255435187,0.057217981711489556,0.3618203656499846,28069,11931,0.70
sequences,0.75,47,9,-8.5,14.44,q4,"(50, 50)",724,0.17549729464478656,0.36100779180378995,0.057217981711489556,0.3618203656499846,28069,11931,0.70
sequences,0.75,48,9,-8.5,14.44,q1,"(150, 150)",6692,0.023667191363290506,0.34134254895299665,0.05666003657574776,0.3595366303628397,28060,11940,0.70
sequences,0.75,48,9,-8.5,14.44,q2,"(150, 50)",2298,0.1549098447143824,0.3883270997574776,0.05666003657574776,0.3595366303628397,28060,11940,0.70
sequences,0.75,48,9,-8.5,14.44,q3,"(50, 150)",2214,0.01564464567144734,0.3457022532779214,0.05666003657574776,0.3595366303628397,28060,11940,0.70
sequences,0.75,48,9,-8.5,14.44,q4,"(50, 50)",736,0.17326076554490893,0.385539371738938,0.05666003657574776,0.3595366303628397,28060,11940,0.70
sequences,0.75,49,9,-8.5,14.44,q1,"(150, 150)",6658,0.029752831097944722,0.3401118975137755,0.057636202827856614,0.349898957503137,28062,11938,0.70
sequences,0.75,49,9,-8.5,14.44,q2,"(150, 50)",2313,0.14234779508509274,0.36687705312326657,0.057636202827856614,0.349898957503137,28062,11938,0.70
sequences,0.75,49,9,-8.5,14.44,q3,"(50, 150)",2218,0.013078785131269451,0.329175663638911,0.057636202827856614,0.349898957503137,28062,11938,0.70
sequences,0.75,49,9,-8.5,14.44,q4,"(50, 50)",749,0.1758443851213099,0.3709821440063048,0.057636202827856614,0.349898957503137,28062,11938,0.70
sequences,0.75,0,10,-12.3,10.68,q1,"(150, 150)",6665,0.03680182839569485,0.3619692016331311,0.06538773956704072,0.3559504226726365,28054,11946,0.70
sequences,0.75,0,10,-12.3,10.68,q2,"(150, 50)",2329,0.1495348429582214,0.32316645846817277,0.06538773956704072,0.3559504226726365,28054,11946,0.70
sequences,0.75,0,10,-12.3,10.68,q3,"(50, 150)",2230,0.02135652494148141,0.3558093674352206,0.06538773956704072,0.3559504226726365,28054,11946,0.70
sequences,0.75,0,10,-12.3,10.68,q4,"(50, 50)",722,0.19383109520964156,0.32568575262481436,0.06538773956704072,0.3559504226726365,28054,11946,0.70
sequences,0.75,1,10,-12.3,10.68,q1,"(150, 150)",6741,0.031031342754614326,0.38045639450835284,0.06382810649033951,0.3759971508676523,28056,11944,0.70
sequences,0.75,1,10,-12.3,10.68,q2,"(150, 50)",2226,0.16734055126186465,0.3380969183303731,0.06382810649033951,0.3759971508676523,28056,11944,0.70
sequences,0.75,1,10,-12.3,10.68,q3,"(50, 150)",2228,0.015119935347523322,0.37596939663675266,0.06382810649033951,0.3759971508676523,28056,11944,0.70
sequences,0.75,1,10,-12.3,10.68,q4,"(50, 50)",749,0.19625278951744662,0.3541086556452806,0.06382810649033951,0.3759971508676523,28056,11944,0.70
sequences,0.75,2,10,-12.3,10.68,q1,"(150, 150)",6617,0.03348785926113095,0.3686434741738717,0.06492880386495965,0.3665571743220699,28062,11938,0.70
sequences,0.75,2,10,-12.3,10.68,q2,"(150, 50)",2261,0.16304794513739224,0.3426709238411958,0.06492880386495965,0.3665571743220699,28062,11938,0.70
sequences,0.75,2,10,-12.3,10.68,q3,"(50, 150)",2309,0.015825967140654155,0.3654192170077494,0.06492880386495965,0.3665571743220699,28062,11938,0.70
sequences,0.75,2,10,-12.3,10.68,q4,"(50, 50)",751,0.19751975196480784,0.3342535551340228,0.06492880386495965,0.3665571743220699,28062,11938,0.70
sequences,0.75,3,10,-12.3,10.68,q1,"(150, 150)",6733,0.03611069640644386,0.3711989383497596,0.06540422101944605,0.36768659090566463,28065,11935,0.70
sequences,0.75,3,10,-12.3,10.68,q2,"(150, 50)",2249,0.1556700110692971,0.33777036974320074,0.06540422101944605,0.36768659090566463,28065,11935,0.70
sequences,0.75,3,10,-12.3,10.68,q3,"(50, 150)",2244,0.021726846525637243,0.36752983772882486,0.06540422101944605,0.36768659090566463,28065,11935,0.70
sequences,0.75,3,10,-12.3,10.68,q4,"(50, 50)",709,0.19549952110595623,0.3477075547847556,0.06540422101944605,0.36768659090566463,28065,11935,0.70
sequences,0.75,4,10,-12.3,10.68,q1,"(150, 150)",6693,0.03762064134037001,0.3719208889049997,0.06582201121937778,0.36176795780497,28061,11939,0.70
sequences,0.75,4,10,-12.3,10.68,q2,"(150, 50)",2280,0.149998098041519,0.3119205021618473,0.06582201121937778,0.36176795780497,28061,11939,0.70
sequences,0.75,4,10,-12.3,10.68,q3,"(50, 150)",2247,0.0327270153219395,0.37163804970622827,0.06582201121937778,0.36176795780497,28061,11939,0.70
sequences,0.75,4,10,-12.3,10.68,q4,"(50, 50)",719,0.16484113003337061,0.3198459832287089,0.06582201121937778,0.36176795780497,28061,11939,0.70
sequences,0.75,5,10,-12.3,10.68,q1,"(150, 150)",6694,0.026900863936607917,0.37374642316300183,0.06294300809923872,0.3750481169034143,28048,11952,0.70
sequences,0.75,5,10,-12.3,10.68,q2,"(150, 50)",2190,0.17944896523577158,0.36465394854394423,0.06294300809923872,0.3750481169034143,28048,11952,0.70
sequences,0.75,5,10,-12.3,10.68,q3,"(50, 150)",2319,0.01084134288686589,0.35930801285685654,0.06294300809923872,0.3750481169034143,28048,11952,0.70
sequences,0.75,5,10,-12.3,10.68,q4,"(50, 50)",749,0.20572248543319907,0.3571443906765059,0.06294300809923872,0.3750481169034143,28048,11952,0.70
sequences,0.75,6,10,-12.3,10.68,q1,"(150, 150)",6786,0.030560819330788587,0.3600624279290694,0.06431681889855925,0.35906613348878386,28059,11941,0.70
sequences,0.75,6,10,-12.3,10.68,q2,"(150, 50)",2188,0.17245764641570469,0.3269314473588589,0.06431681889855925,0.35906613348878386,28059,11941,0.70
sequences,0.75,6,10,-12.3,10.68,q3,"(50, 150)",2225,0.01732352545074163,0.3627318553993708,0.06431681889855925,0.35906613348878386,28059,11941,0.70
sequences,0.75,6,10,-12.3,10.68,q4,"(50, 50)",742,0.19506636119070436,0.33290061099308077,0.06431681889855925,0.35906613348878386,28059,11941,0.70
sequences,0.75,7,10,-12.3,10.68,q1,"(150, 150)",6743,0.03072264553434898,0.3684204791830377,0.06477551950234853,0.36754231563101514,28067,11933,0.70
sequences,0.75,7,10,-12.3,10.68,q2,"(150, 50)",2297,0.16576920375704868,0.33465698097524815,0.06477551950234853,0.36754231563101514,28067,11933,0.70
sequences,0.75,7,10,-12.3,10.68,q3,"(50, 150)",2167,0.018563411113479256,0.376754131752481,0.06477551950234853,0.36754231563101514,28067,11933,0.70
sequences,0.75,7,10,-12.3,10.68,q4,"(50, 50)",726,0.19945551304484785,0.3378261936068211,0.06477551950234853,0.36754231563101514,28067,11933,0.70
sequences,0.75,8,10,-12.3,10.68,q1,"(150, 150)",6727,0.037638827081286914,0.352656343881714,0.06631762214004437,0.35554308120903466,28066,11934,0.70
sequences,0.75,8,10,-12.3,10.68,q2,"(150, 50)",2289,0.1512798131776528,0.34389201616978954,0.06631762214004437,0.35554308120903466,28066,11934,0.70
sequences,0.75,8,10,-12.3,10.68,q3,"(50, 150)",2199,0.030513015524556993,0.35646654685525075,0.06631762214004437,0.35554308120903466,28066,11934,0.70
sequences,0.75,8,10,-12.3,10.68,q4,"(50, 50)",719,0.17365855263049296,0.3512149531909607,0.06631762214004437,0.35554308120903466,28066,11934,0.70
sequences,0.75,9,10,-12.3,10.68,q1,"(150, 150)",6711,0.03896847037819437,0.3606371469287308,0.06627194768730978,0.35475382354436147,28058,11942,0.70
sequences,0.75,9,10,-12.3,10.68,q2,"(150, 50)",2256,0.15042341155412528,0.32549697382894827,0.06627194768730978,0.35475382354436147,28058,11942,0.70
sequences,0.75,9,10,-12.3,10.68,q3,"(50, 150)",2231,0.026696086942320587,0.3513877198704594,0.06627194768730978,0.35475382354436147,28058,11942,0.70
sequences,0.75,9,10,-12.3,10.68,q4,"(50, 50)",744,0.1760591507249557,0.33228616926928567,0.06627194768730978,0.35475382354436147,28058,11942,0.70
sequences,0.75,10,10,-12.3,10.68,q1,"(150, 150)",6670,0.031059796674524798,0.3659530816122483,0.0645124071007564,0.3725476693435832,28059,11941,0.70
sequences,0.75,10,10,-12.3,10.68,q2,"(150, 50)",2292,0.16521521726063487,0.37443981838731233,0.0645124071007564,0.3725476693435832,28059,11941,0.70
sequences,0.75,10,10,-12.3,10.68,q3,"(50, 150)",2211,0.01713730433279786,0.3611539236927075,0.0645124071007564,0.3725476693435832,28059,11941,0.70
sequences,0.75,10,10,-12.3,10.68,q4,"(50, 50)",768,0.1908983743878393,0.3721799489063802,0.0645124071007564,0.3725476693435832,28059,11941,0.70
sequences,0.75,11,10,-12.3,10.68,q1,"(150, 150)",6705,0.03859091988074754,0.35265144855523284,0.06580416820742128,0.35464872568429057,28058,11942,0.70
sequences,0.75,11,10,-12.3,10.68,q2,"(150, 50)",2286,0.14787685113666013,0.3483476684549744,0.06580416820742128,0.35464872568429057,28058,11942,0.70
sequences,0.75,11,10,-12.3,10.68,q3,"(50, 150)",2245,0.026136608624454997,0.3451479201443385,0.06580416820742128,0.35464872568429057,28058,11942,0.70
sequences,0.75,11,10,-12.3,10.68,q4,"(50, 50)",706,0.18464318820439965,0.3559589205873477,0.06580416820742128,0.35464872568429057,28058,11942,0.70
sequences,0.75,12,10,-12.3,10.68,q1,"(150, 150)",6678,0.037980057606850526,0.3657244511016547,0.06561455923339532,0.36224406989288216,28056,11944,0.70
sequences,0.75,12,10,-12.3,10.68,q2,"(150, 50)",2259,0.1515145954011561,0.34040621101568597,0.06561455923339532,0.36224406989288216,28056,11944,0.70
sequences,0.75,12,10,-12.3,10.68,q3,"(50, 150)",2268,0.020914107581864582,0.3593626824075281,0.06561455923339532,0.36224406989288216,28056,11944,0.70
sequences,0.75,12,10,-12.3,10.68,q4,"(50, 50)",739,0.1899388413778692,0.3325155556757914,0.06561455923339532,0.36224406989288216,28056,11944,0.70
sequences,0.75,13,10,-12.3,10.68,q1,"(150, 150)",6771,0.034738919968656246,0.37038623847736996,0.06520385239487152,0.3668901469797204,28060,11940,0.70
sequences,0.75,13,10,-12.3,10.68,q2,"(150, 50)",2228,0.15927171797704956,0.33097131557570403,0.06520385239487152,0.3668901469797204,28060,11940,0.70
sequences,0.75,13,10,-12.3,10.68,q3,"(50, 150)",2206,0.027205623548906446,0.3711888473544898,0.06520385239487152,0.3668901469797204,28060,11940,0.70
sequences,0.75,13,10,-12.3,10.68,q4,"(50, 50)",735,0.1747534384833205,0.35442348540608487,0.06520385239487152,0.3668901469797204,28060,11940,0.70
sequences,0.75,14,10,-12.3,10.68,q1,"(150, 150)",6672,0.04055604791361907,0.37286606305140824,0.0657872702886575,0.3595764730724505,28057,11943,0.70
sequences,0.75,14,10,-12.3,10.68,q2,"(150, 50)",2245,0.1452110565939503,0.30400957211734425,0.0657872702886575,0.3595764730724505,28057,11943,0.70
sequences,0.75,14,10,-12.3,10.68,q3,"(50, 150)",2264,0.026728957317531943,0.36775462371231254,0.0657872702886575,0.3595764730724505,28057,11943,0.70
sequences,0.75,14,10,-12.3,10.68,q4,"(50, 50)",762,0.16875883983918524,0.3094105729291122,0.0657872702886575,0.3595764730724505,28057,11943,0.70
sequences,0.75,15,10,-12.3,10.68,q1,"(150, 150)",6707,0.04347222565605478,0.3558189031111494,0.0667612442531972,0.34731479655702047,28055,11945,0.70
sequences,0.75,15,10,-12.3,10.68,q2,"(150, 50)",2285,0.136871569398922,0.30801636368208274,0.0667612442531972,0.34731479655702047,28055,11945,0.70
sequences,0.75,15,10,-12.3,10.68,q3,"(50, 150)",2248,0.034232324350952685,0.3540331598290232,0.0667612442531972,0.34731479655702047,28055,11945,0.70
sequences,0.75,15,10,-12.3,10.68,q4,"(50, 50)",705,0.1648071544848264,0.31322327383746695,0.0667612442531972,0.34731479655702047,28055,11945,0.70
sequences,0.75,16,10,-12.3,10.68,q1,"(150, 150)",6730,0.03118657693526039,0.37754367880232054,0.06453781629116286,0.3708518552660562,28068,11932,0.70
sequences,0.75,16,10,-12.3,10.68,q2,"(150, 50)",2217,0.16940873098913126,0.32703760809185267,0.06453781629116286,0.3708518552660562,28068,11932,0.70
sequences,0.75,16,10,-12.3,10.68,q3,"(50, 150)",2255,0.017379772684888526,0.37684378542565056,0.06453781629116286,0.3708518552660562,28068,11932,0.70
sequences,0.75,16,10,-12.3,10.68,q4,"(50, 50)",730,0.19919043452674667,0.31894880372603784,0.06453781629116286,0.3708518552660562,28068,11932,0.70
sequences,0.75,17,10,-12.3,10.68,q1,"(150, 150)",6714,0.035487904715807865,0.3539176985414397,0.06574730182577608,0.35393669674098793,28061,11939,0.70
sequences,0.75,17,10,-12.3,10.68,q2,"(150, 50)",2219,0.1606955050569071,0.3379242853325108,0.06574730182577608,0.35393669674098793,28061,11939,0.70
sequences,0.75,17,10,-12.3,10.68,q3,"(50, 150)",2294,0.02649600615270306,0.3523092503885939,0.06574730182577608,0.35393669674098793,28061,11939,0.70
sequences,0.75,17,10,-12.3,10.68,q4,"(50, 50)",712,0.1816377533713889,0.3293973754704378,0.06574730182577608,0.35393669674098793,28061,11939,0.70
sequences,0.75,18,10,-12.3,10.68,q1,"(150, 150)",6661,0.02630713788530411,0.3684291122426715,0.06375590309012634,0.37503087117007483,28062,11938,0.70
sequences,0.75,18,10,-12.3,10.68,q2,"(150, 50)",2268,0.17848731228138115,0.36619810489190435,0.06375590309012634,0.37503087117007483,28062,11938,0.70
sequences,0.75,18,10,-12.3,10.68,q3,"(50, 150)",2278,0.007151835945881361,0.36912484116832583,0.06375590309012634,0.37503087117007483,28062,11938,0.70
sequences,0.75,18,10,-12.3,10.68,q4,"(50, 50)",731,0.22542410273191144,0.360056177687246,0.06375590309012634,0.37503087117007483,28062,11938,0.70
sequences,0.75,19,10,-12.3,10.68,q1,"(150, 150)",6670,0.03288181413809323,0.36057295240292153,0.06436377676381048,0.36355131742287644,28058,11942,0.70
sequences,0.75,19,10,-12.3,10.68,q2,"(150, 50)",2206,0.16578764120864986,0.3607524380074476,0.06436377676381048,0.36355131742287644,28058,11942,0.70
sequences,0.75,19,10,-12.3,10.68,q3,"(50, 150)",2322,0.016512507285869848,0.3485627436032661,0.06436377676381048,0.36355131742287644,28058,11942,0.70
sequences,0.75,19,10,-12.3,10.68,q4,"(50, 50)",744,0.1952163217584298,0.35661238135352635,0.06436377676381048,0.36355131742287644,28058,11942,0.70
sequences,0.75,20,10,-12.3,10.68,q1,"(150, 150)",6657,0.035341206815092036,0.37041976403558907,0.06546928288372214,0.362411915665095,28063,11937,0.70
sequences,0.75,20,10,-12.3,10.68,q2,"(150, 50)",2293,0.15657705606135638,0.3216568548238867,0.06546928288372214,0.362411915665095,28063,11937,0.70
sequences,0.75,20,10,-12.3,10.68,q3,"(50, 150)",2265,0.02073218475123189,0.3624177735428621,0.06546928288372214,0.362411915665095,28063,11937,0.70
sequences,0.75,20,10,-12.3,10.68,q4,"(50, 50)",722,0.19425322438323153,0.3288886154041738,0.06546928288372214,0.362411915665095,28063,11937,0.70
sequences,0.75,21,10,-12.3,10.68,q1,"(150, 150)",6662,0.054992345594307226,0.3490232249042783,0.06835648372229922,0.33441507512540103,28066,11934,0.70
sequences,0.75,21,10,-12.3,10.68,q2,"(150, 50)",2230,0.11279198941405667,0.29821020572575907,0.06835648372229922,0.33441507512540103,28066,11934,0.70
sequences,0.75,21,10,-12.3,10.68,q3,"(50, 150)",2292,0.04404922590498122,0.33246317508467393,0.06835648372229922,0.33441507512540103,28066,11934,0.70
sequences,0.75,21,10,-12.3,10.68,q4,"(50, 50)",750,0.12922707763344102,0.2868140061999016,0.06835648372229922,0.33441507512540103,28066,11934,0.70
sequences,0.75,22,10,-12.3,10.68,q1,"(150, 150)",6626,0.0365127561642615,0.35985316643613224,0.0655255027752254,0.35529642355607366,28069,11931,0.70
sequences,0.75,22,10,-12.3,10.68,q2,"(150, 50)",2237,0.15791917932790903,0.3307689127880924,0.0655255027752254,0.35529642355607366,28069,11931,0.70
sequences,0.75,22,10,-12.3,10.68,q3,"(50, 150)",2312,0.017965132722304378,0.3510630183353337,0.0655255027752254,0.35529642355607366,28069,11931,0.70
sequences,0.75,22,10,-12.3,10.68,q4,"(50, 50)",756,0.1918659527199965,0.3179539096390127,0.0655255027752254,0.35529642355607366,28069,11931,0.70
sequences,0.75,23,10,-12.3,10.68,q1,"(150, 150)",6733,0.03216378660531664,0.36500942721730123,0.06432515044560717,0.3630003986144932,28059,11941,0.70
sequences,0.75,23,10,-12.3,10.68,q2,"(150, 50)",2239,0.16415605555513488,0.33648802945416656,0.06432515044560717,0.3630003986144932,28059,11941,0.70
sequences,0.75,23,10,-12.3,10.68,q3,"(50, 150)",2240,0.019344989416387737,0.3619674675652544,0.06432515044560717,0.3630003986144932,28059,11941,0.70
sequences,0.75,23,10,-12.3,10.68,q4,"(50, 50)",729,0.1929624987335293,0.33851573942871305,0.06432515044560717,0.3630003986144932,28059,11941,0.70
sequences,0.75,24,10,-12.3,10.68,q1,"(150, 150)",6777,0.045630397287974224,0.37073200544032525,0.06663698224322351,0.36638677944444836,28063,11937,0.70
sequences,0.75,24,10,-12.3,10.68,q2,"(150, 50)",2227,0.1332267350242884,0.3346815058710715,0.06663698224322351,0.36638677944444836,28063,11937,0.70
sequences,0.75,24,10,-12.3,10.68,q3,"(50, 150)",2210,0.02738192592302574,0.3772814788431482,0.06663698224322351,0.36638677944444836,28063,11937,0.70
sequences,0.75,24,10,-12.3,10.68,q4,"(50, 50)",723,0.17842110570924008,0.3360302287056749,0.06663698224322351,0.36638677944444836,28063,11937,0.70
sequences,0.75,25,10,-12.3,10.68,q1,"(150, 150)",6763,0.05138947691752284,0.35097909088875145,0.06798255589454592,0.33702994222943733,28057,11943,0.70
sequences,0.75,25,10,-12.3,10.68,q2,"(150, 50)",2235,0.12093553553830608,0.28449706123970336,0.06798255589454592,0.33702994222943733,28057,11943,0.70
sequences,0.75,25,10,-12.3,10.68,q3,"(50, 150)",2203,0.035910932571257485,0.3476862600030703,0.06798255589454592,0.33702994222943733,28057,11943,0.70
sequences,0.75,25,10,-12.3,10.68,q4,"(50, 50)",742,0.15494060144576913,0.28500650914906434,0.06798255589454592,0.33702994222943733,28057,11943,0.70
sequences,0.75,26,10,-12.3,10.68,q1,"(150, 150)",6703,0.032230257781607735,0.36812681914119916,0.06439343551372627,0.3686060429478064,28063,11937,0.70
sequences,0.75,26,10,-12.3,10.68,q2,"(150, 50)",2257,0.1624903621232172,0.34680890911510215,0.06439343551372627,0.3686060429478064,28063,11937,0.70
sequences,0.75,26,10,-12.3,10.68,q3,"(50, 150)",2238,0.0242783954729103,0.37318515086745185,0.06439343551372627,0.3686060429478064,28063,11937,0.70
sequences,0.75,26,10,-12.3,10.68,q4,"(50, 50)",739,0.17800977731631845,0.34620388982574857,0.06439343551372627,0.3686060429478064,28063,11937,0.70
sequences,0.75,27,10,-12.3,10.68,q1,"(150, 150)",6747,0.032713990272152035,0.3722238070778935,0.06362383142777049,0.3775418205196379,28059,11941,0.70
sequences,0.75,27,10,-12.3,10.68,q2,"(150, 50)",2195,0.1636411196399322,0.38010882182139033,0.06362383142777049,0.3775418205196379,28059,11941,0.70
sequences,0.75,27,10,-12.3,10.68,q3,"(50, 150)",2279,0.013565487892285176,0.3645098726102036,0.06362383142777049,0.3775418205196379,28059,11941,0.70
sequences,0.75,27,10,-12.3,10.68,q4,"(50, 50)",720,0.2068095474953175,0.3697275906694136,0.06362383142777049,0.3775418205196379,28059,11941,0.70
sequences,0.75,28,10,-12.3,10.68,q1,"(150, 150)",6659,0.036020487876586404,0.3736940102005329,0.06489058388643329,0.37186085715585127,28069,11931,0.70
sequences,0.75,28,10,-12.3,10.68,q2,"(150, 50)",2284,0.15295755724260587,0.35034419167838937,0.06489058388643329,0.37186085715585127,28069,11931,0.70
sequences,0.75,28,10,-12.3,10.68,q3,"(50, 150)",2223,0.019773335435866686,0.3674038147823691,0.06489058388643329,0.37186085715585127,28069,11931,0.70
sequences,0.75,28,10,-12.3,10.68,q4,"(50, 50)",765,0.18436332308863154,0.36297875750120584,0.06489058388643329,0.37186085715585127,28069,11931,0.70
sequences,0.75,29,10,-12.3,10.68,q1,"(150, 150)",6756,0.03596995986690863,0.3544831451036586,0.0655566487237845,0.3587472407374036,28065,11935,0.70
sequences,0.75,29,10,-12.3,10.68,q2,"(150, 50)",2231,0.1576281673864418,0.3535798004708849,0.0655566487237845,0.3587472407374036,28065,11935,0.70
sequences,0.75,29,10,-12.3,10.68,q3,"(50, 150)",2206,0.024226753147447502,0.35782737371151113,0.0655566487237845,0.3587472407374036,28065,11935,0.70
sequences,0.75,29,10,-12.3,10.68,q4,"(50, 50)",742,0.18098772880742903,0.3428648258465379,0.0655566487237845,0.3587472407374036,28065,11935,0.70
sequences,0.75,30,10,-12.3,10.68,q1,"(150, 150)",6660,0.03859585696402908,0.3712316831783092,0.06563249601844337,0.3676444206376937,28050,11950,0.70
sequences,0.75,30,10,-12.3,10.68,q2,"(150, 50)",2257,0.15000694710783372,0.349729643044169,0.06563249601844337,0.3676444206376937,28050,11950,0.70
sequences,0.75,30,10,-12.3,10.68,q3,"(50, 150)",2269,0.02373170832729285,0.35548408391525627,0.06563249601844337,0.3676444206376937,28050,11950,0.70
sequences,0.75,30,10,-12.3,10.68,q4,"(50, 50)",764,0.17650130133894812,0.36225605235549113,0.06563249601844337,0.3676444206376937,28050,11950,0.70
sequences,0.75,31,10,-12.3,10.68,q1,"(150, 150)",6701,0.03153879415238231,0.37868831884646564,0.06425413467068254,0.3753646950134785,28059,11941,0.70
sequences,0.75,31,10,-12.3,10.68,q2,"(150, 50)",2265,0.1644026817725117,0.34213475355091144,0.06425413467068254,0.3753646950134785,28059,11941,0.70
sequences,0.75,31,10,-12.3,10.68,q3,"(50, 150)",2243,0.017018082519061714,0.37989578187500983,0.06425413467068254,0.3753646950134785,28059,11941,0.70
sequences,0.75,31,10,-12.3,10.68,q4,"(50, 50)",732,0.1985977174624478,0.33989270671594884,0.06425413467068254,0.3753646950134785,28059,11941,0.70
sequences,0.75,32,10,-12.3,10.68,q1,"(150, 150)",6757,0.041494246496257214,0.3685737958792146,0.06615469586956776,0.367515239709875,28056,11944,0.70
sequences,0.75,32,10,-12.3,10.68,q2,"(150, 50)",2213,0.14512660385594045,0.34950642571778484,0.06615469586956776,0.367515239709875,28056,11944,0.70
sequences,0.75,32,10,-12.3,10.68,q3,"(50, 150)",2228,0.023474487051710815,0.36961910833069966,0.06615469586956776,0.367515239709875,28056,11944,0.70
sequences,0.75,32,10,-12.3,10.68,q4,"(50, 50)",746,0.1827194804376669,0.34445142972854653,0.06615469586956776,0.367515239709875,28056,11944,0.70
sequences,0.75,33,10,-12.3,10.68,q1,"(150, 150)",6727,0.03851150622589069,0.3556688071124389,0.06651976250775221,0.3453897037941759,28057,11943,0.70
sequences,0.75,33,10,-12.3,10.68,q2,"(150, 50)",2285,0.1489524227568545,0.29794454251898433,0.06651976250775221,0.3453897037941759,28057,11943,0.70
sequences,0.75,33,10,-12.3,10.68,q3,"(50, 150)",2220,0.03874130933932178,0.35618848349071525,0.06651976250775221,0.3453897037941759,28057,11943,0.70
sequences,0.75,33,10,-12.3,10.68,q4,"(50, 50)",711,0.15332859144277225,0.2938487543521153,0.06651976250775221,0.3453897037941759,28057,11943,0.70
sequences,0.75,34,10,-12.3,10.68,q1,"(150, 150)",6664,0.034858445889526066,0.37418225731139887,0.06543113292934932,0.3674076111426145,28067,11933,0.70
sequences,0.75,34,10,-12.3,10.68,q2,"(150, 50)",2294,0.15734448852782015,0.33148952466673126,0.06543113292934932,0.3674076111426145,28067,11933,0.70
sequences,0.75,34,10,-12.3,10.68,q3,"(50, 150)",2211,0.020943762550607387,0.3654058542267374,0.06543113292934932,0.3674076111426145,28067,11933,0.70
sequences,0.75,34,10,-12.3,10.68,q4,"(50, 50)",764,0.18486663632972686,0.3424542430469655,0.06543113292934932,0.3674076111426145,28067,11933,0.70
sequences,0.75,35,10,-12.3,10.68,q1,"(150, 150)",6697,0.02599295097462175,0.3740434246665001,0.06363059669067589,0.3748935137981207,28069,11931,0.70
sequences,0.75,35,10,-12.3,10.68,q2,"(150, 50)",2187,0.184619430071472,0.35692183341973316,0.06363059669067589,0.3748935137981207,28069,11931,0.70
sequences,0.75,35,10,-12.3,10.68,q3,"(50, 150)",2319,0.010025741494206908,0.3653243554683701,0.06363059669067589,0.3748935137981207,28069,11931,0.70
sequences,0.75,35,10,-12.3,10.68,q4,"(50, 50)",728,0.21715586311543567,0.3445943612175368,0.06363059669067589,0.3748935137981207,28069,11931,0.70
sequences,0.75,36,10,-12.3,10.68,q1,"(150, 150)",6706,0.03506479051995979,0.3676516958154491,0.06539458534774051,0.3640747069626377,28062,11938,0.70
sequences,0.75,36,10,-12.3,10.68,q2,"(150, 50)",2261,0.1581114317456995,0.34125939632760083,0.06539458534774051,0.3640747069626377,28062,11938,0.70
sequences,0.75,36,10,-12.3,10.68,q3,"(50, 150)",2260,0.02202347568323846,0.3589575589273392,0.06539458534774051,0.3640747069626377,28062,11938,0.70
sequences,0.75,36,10,-12.3,10.68,q4,"(50, 50)",711,0.19447689512423388,0.3348793069106155,0.06539458534774051,0.3640747069626377,28062,11938,0.70
sequences,0.75,37,10,-12.3,10.68,q1,"(150, 150)",6747,0.030993256344807398,0.35586486263786576,0.0650687735676037,0.3561574049075863,28065,11935,0.70
sequences,0.75,37,10,-12.3,10.68,q2,"(150, 50)",2290,0.16599464979472017,0.3294595999994343,0.0650687735676037,0.3561574049075863,28065,11935,0.70
sequences,0.75,37,10,-12.3,10.68,q3,"(50, 150)",2194,0.021490966337322347,0.3582936353227434,0.0650687735676037,0.3561574049075863,28065,11935,0.70
sequences,0.75,37,10,-12.3,10.68,q4,"(50, 50)",704,0.19915537471156275,0.3398091391080036,0.0650687735676037,0.3561574049075863,28065,11935,0.70
sequences,0.75,38,10,-12.3,10.68,q1,"(150, 150)",6615,0.03298422740572675,0.35931393767136177,0.06433261988662793,0.36267152053154694,28056,11944,0.70
sequences,0.75,38,10,-12.3,10.68,q2,"(150, 50)",2322,0.1578570779950458,0.35886226205377514,0.06433261988662793,0.36267152053154694,28056,11944,0.70
sequences,0.75,38,10,-12.3,10.68,q3,"(50, 150)",2282,0.017751220503785355,0.3548583481575173,0.06433261988662793,0.36267152053154694,28056,11944,0.70
sequences,0.75,38,10,-12.3,10.68,q4,"(50, 50)",725,0.19744238254188543,0.34433859764579855,0.06433261988662793,0.36267152053154694,28056,11944,0.70
sequences,0.75,39,10,-12.3,10.68,q1,"(150, 150)",6654,0.03257554403086687,0.34891636710825064,0.06485458985784572,0.35104297346676067,28060,11940,0.70
sequences,0.75,39,10,-12.3,10.68,q2,"(150, 50)",2318,0.1608186278176452,0.33646389109438374,0.06485458985784572,0.35104297346676067,28060,11940,0.70
sequences,0.75,39,10,-12.3,10.68,q3,"(50, 150)",2230,0.016819824899723043,0.34646609164398523,0.06485458985784572,0.35104297346676067,28060,11940,0.70
sequences,0.75,39,10,-12.3,10.68,q4,"(50, 50)",738,0.1996210624845607,0.3381232869422396,0.06485458985784572,0.35104297346676067,28060,11940,0.70
sequences,0.75,40,10,-12.3,10.68,q1,"(150, 150)",6721,0.03481974318280327,0.3617861392282025,0.06466274565066375,0.35899549458169844,28062,11938,0.70
sequences,0.75,40,10,-12.3,10.68,q2,"(150, 50)",2293,0.1539959511466812,0.3300581136333749,0.06466274565066375,0.35899549458169844,28062,11938,0.70
sequences,0.75,40,10,-12.3,10.68,q3,"(50, 150)",2210,0.0203949974979639,0.3602143848918954,0.06466274565066375,0.35899549458169844,28062,11938,0.70
sequences,0.75,40,10,-12.3,10.68,q4,"(50, 50)",714,0.19570686722151653,0.337660904144711,0.06466274565066375,0.35899549458169844,28062,11938,0.70
sequences,0.75,41,10,-12.3,10.68,q1,"(150, 150)",6718,0.03340122574475738,0.3502863315841755,0.06424913763622472,0.35406767552568275,28052,11948,0.70
sequences,0.75,41,10,-12.3,10.68,q2,"(150, 50)",2251,0.15970364177837276,0.34992996740448695,0.06424913763622472,0.35406767552568275,28052,11948,0.70
sequences,0.75,41,10,-12.3,10.68,q3,"(50, 150)",2234,0.021366156439175665,0.3474523681439308,0.06424913763622472,0.35406767552568275,28052,11948,0.70
sequences,0.75,41,10,-12.3,10.68,q4,"(50, 50)",745,0.18259647086724498,0.34127217492211226,0.06424913763622472,0.35406767552568275,28052,11948,0.70
sequences,0.75,42,10,-12.3,10.68,q1,"(150, 150)",6733,0.03694363539183061,0.365750914613349,0.06577249251030086,0.35989716726931087,28064,11936,0.70
sequences,0.75,42,10,-12.3,10.68,q2,"(150, 50)",2239,0.1551388573562468,0.32838081946670894,0.06577249251030086,0.35989716726931087,28064,11936,0.70
sequences,0.75,42,10,-12.3,10.68,q3,"(50, 150)",2224,0.024387078191274947,0.3620913871370102,0.06577249251030086,0.35989716726931087,28064,11936,0.70
sequences,0.75,42,10,-12.3,10.68,q4,"(50, 50)",740,0.18206244593476137,0.318358327901273,0.06577249251030086,0.35989716726931087,28064,11936,0.70
sequences,0.75,43,10,-12.3,10.68,q1,"(150, 150)",6639,0.04089361442827041,0.3598378711701316,0.06608237871070854,0.35555679524431416,28062,11938,0.70
sequences,0.75,43,10,-12.3,10.68,q2,"(150, 50)",2268,0.1438818495875537,0.33618985324798345,0.06608237871070854,0.35555679524431416,28062,11938,0.70
sequences,0.75,43,10,-12.3,10.68,q3,"(50, 150)",2287,0.028965085294241744,0.35428316369220125,0.06608237871070854,0.35555679524431416,28062,11938,0.70
sequences,0.75,43,10,-12.3,10.68,q4,"(50, 50)",744,0.16778433592291472,0.3225192664547643,0.06608237871070854,0.35555679524431416,28062,11938,0.70
sequences,0.75,44,10,-12.3,10.68,q1,"(150, 150)",6734,0.035434825250790815,0.362481743409927,0.06555724771127693,0.35553864718306294,28052,11948,0.70
sequences,0.75,44,10,-12.3,10.68,q2,"(150, 50)",2315,0.15327970109129258,0.3145260782928152,0.06555724771127693,0.35553864718306294,28052,11948,0.70
sequences,0.75,44,10,-12.3,10.68,q3,"(50, 150)",2175,0.027481568158806195,0.36027793926765495,0.06555724771127693,0.35553864718306294,28052,11948,0.70
sequences,0.75,44,10,-12.3,10.68,q4,"(50, 50)",724,0.1796201155300628,0.32757910893061876,0.06555724771127693,0.35553864718306294,28052,11948,0.70
sequences,0.75,45,10,-12.3,10.68,q1,"(150, 150)",6676,0.04266185317203511,0.3539510829127391,0.06674305391013345,0.3458711259843515,28065,11935,0.70
sequences,0.75,45,10,-12.3,10.68,q2,"(150, 50)",2253,0.14154095213022447,0.3135456098582544,0.06674305391013345,0.3458711259843515,28065,11935,0.70
sequences,0.75,45,10,-12.3,10.68,q3,"(50, 150)",2272,0.0319051982672905,0.34315318238673986,0.06674305391013345,0.3458711259843515,28065,11935,0.70
sequences,0.75,45,10,-12.3,10.68,q4,"(50, 50)",734,0.16401558723195728,0.3221126050275053,0.06674305391013345,0.3458711259843515,28065,11935,0.70
sequences,0.75,46,10,-12.3,10.68,q1,"(150, 150)",6701,0.03702146165703833,0.3632577361969466,0.06576586273033627,0.3574004395904362,28063,11937,0.70
sequences,0.75,46,10,-12.3,10.68,q2,"(150, 50)",2239,0.15566236290325777,0.3245338987626565,0.06576586273033627,0.3574004395904362,28063,11937,0.70
sequences,0.75,46,10,-12.3,10.68,q3,"(50, 150)",2258,0.024711972471172818,0.3595164858432902,0.06576586273033627,0.3574004395904362,28063,11937,0.70
sequences,0.75,46,10,-12.3,10.68,q4,"(50, 50)",739,0.17948393026780501,0.32042406074092816,0.06576586273033627,0.3574004395904362,28063,11937,0.70
sequences,0.75,47,10,-12.3,10.68,q1,"(150, 150)",6683,0.026228567182035437,0.3548322078423188,0.06319291614360076,0.367715466038521,28052,11948,0.70
sequences,0.75,47,10,-12.3,10.68,q2,"(150, 50)",2261,0.17644134064248124,0.38522115788308897,0.06319291614360076,0.367715466038521,28052,11948,0.70
sequences,0.75,47,10,-12.3,10.68,q3,"(50, 150)",2237,0.013717796554695948,0.347573572586761,0.06319291614360076,0.367715466038521,28052,11948,0.70
sequences,0.75,47,10,-12.3,10.68,q4,"(50, 50)",767,0.19572733444679793,0.3808831018808167,0.06319291614360076,0.367715466038521,28052,11948,0.70
sequences,0.75,48,10,-12.3,10.68,q1,"(150, 150)",6687,0.03398977358142222,0.3769007810988989,0.06472094424249333,0.3742820077235673,28066,11934,0.70
sequences,0.75,48,10,-12.3,10.68,q2,"(150, 50)",2237,0.16172285397781766,0.35001727075235917,0.06472094424249333,0.3742820077235673,28066,11934,0.70
sequences,0.75,48,10,-12.3,10.68,q3,"(50, 150)",2250,0.013271429268280937,0.37254175823324803,0.06472094424249333,0.3742820077235673,28066,11934,0.70
sequences,0.75,48,10,-12.3,10.68,q4,"(50, 50)",760,0.20191499006438787,0.3401358750533452,0.06472094424249333,0.3742820077235673,28066,11934,0.70
sequences,0.75,49,10,-12.3,10.68,q1,"(150, 150)",6661,0.03867210025379113,0.37443397944579576,0.06584578754282303,0.36616522429344034,28062,11938,0.70
sequences,0.75,49,10,-12.3,10.68,q2,"(150, 50)",2219,0.15317671501252444,0.33413815684473536,0.06584578754282303,0.36616522429344034,28062,11938,0.70
sequences,0.75,49,10,-12.3,10.68,q3,"(50, 150)",2255,0.023577860278668154,0.3627285876559572,0.06584578754282303,0.36616522429344034,28062,11938,0.70
sequences,0.75,49,10,-12.3,10.68,q4,"(50, 50)",803,0.1686238435299254,0.3309248667245181,0.06584578754282303,0.36616522429344034,28062,11938,0.70
sequences,0.75,0,11,-17.0,8.65,q1,"(150, 150)",6648,0.03172839303984158,0.3805822715895238,0.07052268555690842,0.3730120025705796,28060,11940,0.70
sequences,0.75,0,11,-17.0,8.65,q2,"(150, 50)",2274,0.1879116483187404,0.3222861525187754,0.07052268555690842,0.3730120025705796,28060,11940,0.70
sequences,0.75,0,11,-17.0,8.65,q3,"(50, 150)",2259,0.0166092008730774,0.3727121680481285,0.07052268555690842,0.3730120025705796,28060,11940,0.70
sequences,0.75,0,11,-17.0,8.65,q4,"(50, 50)",759,0.21907672670819786,0.33213939472854453,0.07052268555690842,0.3730120025705796,28060,11940,0.70
sequences,0.75,1,11,-17.0,8.65,q1,"(150, 150)",6712,0.04448912078114624,0.3746462084571367,0.07136949556265965,0.36223708430964363,28060,11940,0.70
sequences,0.75,1,11,-17.0,8.65,q2,"(150, 50)",2211,0.15679936361384547,0.312971669972178,0.07136949556265965,0.36223708430964363,28060,11940,0.70
sequences,0.75,1,11,-17.0,8.65,q3,"(50, 150)",2301,0.030023521856018854,0.3659458202148333,0.07136949556265965,0.36223708430964363,28060,11940,0.70
sequences,0.75,1,11,-17.0,8.65,q4,"(50, 50)",716,0.19242078434942872,0.3001333203687096,0.07136949556265965,0.36223708430964363,28060,11940,0.70
sequences,0.75,2,11,-17.0,8.65,q1,"(150, 150)",6638,0.026198142351010027,0.4010520996885059,0.06941953914677686,0.3965095724648069,28053,11947,0.70
sequences,0.75,2,11,-17.0,8.65,q2,"(150, 50)",2318,0.19606834542932794,0.3543058763212437,0.06941953914677686,0.3965095724648069,28053,11947,0.70
sequences,0.75,2,11,-17.0,8.65,q3,"(50, 150)",2238,0.0071425659284606365,0.39072817063228743,0.06941953914677686,0.3965095724648069,28053,11947,0.70
sequences,0.75,2,11,-17.0,8.65,q4,"(50, 50)",753,0.24565800532199425,0.35766177617324824,0.06941953914677686,0.3965095724648069,28053,11947,0.70
sequences,0.75,3,11,-17.0,8.65,q1,"(150, 150)",6705,0.05916340888504476,0.36331823887525383,0.07287443199939453,0.34267721355037073,28061,11939,0.70
sequences,0.75,3,11,-17.0,8.65,q2,"(150, 50)",2243,0.11618144583764325,0.2699822079663746,0.07287443199939453,0.34267721355037073,28061,11939,0.70
sequences,0.75,3,11,-17.0,8.65,q3,"(50, 150)",2238,0.04958331262575037,0.3599457264296116,0.07287443199939453,0.34267721355037073,28061,11939,0.70
sequences,0.75,3,11,-17.0,8.65,q4,"(50, 50)",753,0.135185591495728,0.2674273081138685,0.07287443199939453,0.34267721355037073,28061,11939,0.70
sequences,0.75,4,11,-17.0,8.65,q1,"(150, 150)",6812,0.049108672584387995,0.3677931744764718,0.07109899249294023,0.35541115421571323,28057,11943,0.70
sequences,0.75,4,11,-17.0,8.65,q2,"(150, 50)",2207,0.13954980781723123,0.3009794857576678,0.07109899249294023,0.35541115421571323,28057,11943,0.70
sequences,0.75,4,11,-17.0,8.65,q3,"(50, 150)",2236,0.03967975875530558,0.3628108320932081,0.07109899249294023,0.35541115421571323,28057,11943,0.70
sequences,0.75,4,11,-17.0,8.65,q4,"(50, 50)",688,0.17136137103029292,0.31924062103564443,0.07109899249294023,0.35541115421571323,28057,11943,0.70
sequences,0.75,5,11,-17.0,8.65,q1,"(150, 150)",6678,0.04433720427014329,0.36996000448715854,0.07113552769379149,0.35516801499037637,28051,11949,0.70
sequences,0.75,5,11,-17.0,8.65,q2,"(150, 50)",2289,0.15136352443663484,0.29503845024359243,0.07113552769379149,0.35516801499037637,28051,11949,0.70
sequences,0.75,5,11,-17.0,8.65,q3,"(50, 150)",2290,0.03631390060065372,0.36246997135632825,0.07113552769379149,0.35516801499037637,28051,11949,0.70
sequences,0.75,5,11,-17.0,8.65,q4,"(50, 50)",692,0.17960206717650773,0.301029439881341,0.07113552769379149,0.35516801499037637,28051,11949,0.70
sequences,0.75,6,11,-17.0,8.65,q1,"(150, 150)",6657,0.037334552350525206,0.38751038798114723,0.07052143550218475,0.3792517294100939,28051,11949,0.70
sequences,0.75,6,11,-17.0,8.65,q2,"(150, 50)",2253,0.1728941024062281,0.3347966363253475,0.07052143550218475,0.3792517294100939,28051,11949,0.70
sequences,0.75,6,11,-17.0,8.65,q3,"(50, 150)",2272,0.02114469325388211,0.3785834037143901,0.07052143550218475,0.3792517294100939,28051,11949,0.70
sequences,0.75,6,11,-17.0,8.65,q4,"(50, 50)",767,0.20411129338214756,0.3438053179235061,0.07052143550218475,0.3792517294100939,28051,11949,0.70
sequences,0.75,7,11,-17.0,8.65,q1,"(150, 150)",6710,0.03704085921603562,0.36823577367912086,0.07058030857116619,0.36351846788377956,28060,11940,0.70
sequences,0.75,7,11,-17.0,8.65,q2,"(150, 50)",2211,0.17642782914037902,0.3313055171848062,0.07058030857116619,0.36351846788377956,28060,11940,0.70
sequences,0.75,7,11,-17.0,8.65,q3,"(50, 150)",2261,0.022655003891276358,0.36196614656918474,0.07058030857116619,0.36351846788377956,28060,11940,0.70
sequences,0.75,7,11,-17.0,8.65,q4,"(50, 50)",758,0.20168842344666424,0.32180164521228033,0.07058030857116619,0.36351846788377956,28060,11940,0.70
sequences,0.75,8,11,-17.0,8.65,q1,"(150, 150)",6684,0.04042407939171848,0.40220470358014737,0.07102677846996305,0.3895974461826614,28050,11950,0.70
sequences,0.75,8,11,-17.0,8.65,q2,"(150, 50)",2272,0.16360342575278117,0.33909255549106515,0.07102677846996305,0.3895974461826614,28050,11950,0.70
sequences,0.75,8,11,-17.0,8.65,q3,"(50, 150)",2258,0.03061196877442721,0.39297478080605397,0.07102677846996305,0.3895974461826614,28050,11950,0.70
sequences,0.75,8,11,-17.0,8.65,q4,"(50, 50)",736,0.18715577073211503,0.3364083076710448,0.07102677846996305,0.3895974461826614,28050,11950,0.70
sequences,0.75,9,11,-17.0,8.65,q1,"(150, 150)",6735,0.05254592921038019,0.3772274586805296,0.07159927662260672,0.3647462722405053,28059,11941,0.70
sequences,0.75,9,11,-17.0,8.65,q2,"(150, 50)",2280,0.1287080742982632,0.30774905983926193,0.07159927662260672,0.3647462722405053,28059,11941,0.70
sequences,0.75,9,11,-17.0,8.65,q3,"(50, 150)",2193,0.03933993396580357,0.38070207942049916,0.07159927662260672,0.3647462722405053,28059,11941,0.70
sequences,0.75,9,11,-17.0,8.65,q4,"(50, 50)",733,0.1655433074100806,0.32584068960044676,0.07159927662260672,0.3647462722405053,28059,11941,0.70
sequences,0.75,10,11,-17.0,8.65,q1,"(150, 150)",6769,0.04640929850940931,0.38058702658979593,0.07117279656758232,0.3634951320171731,28048,11952,0.70
sequences,0.75,10,11,-17.0,8.65,q2,"(150, 50)",2221,0.14856397045191422,0.2980155003876299,0.07117279656758232,0.3634951320171731,28048,11952,0.70
sequences,0.75,10,11,-17.0,8.65,q3,"(50, 150)",2253,0.031839442200758364,0.37054642567878066,0.07117279656758232,0.3634951320171731,28048,11952,0.70
sequences,0.75,10,11,-17.0,8.65,q4,"(50, 50)",709,0.19015215982163952,0.2937025826731157,0.07117279656758232,0.3634951320171731,28048,11952,0.70
sequences,0.75,11,11,-17.0,8.65,q1,"(150, 150)",6697,0.0328075019637084,0.39498567093998405,0.07020737160242162,0.3870486357260608,28069,11931,0.70
sequences,0.75,11,11,-17.0,8.65,q2,"(150, 50)",2198,0.18883397965694837,0.3410108222612533,0.07020737160242162,0.3870486357260608,28069,11931,0.70
sequences,0.75,11,11,-17.0,8.65,q3,"(50, 150)",2280,0.01859247912897032,0.3825223057978691,0.07020737160242162,0.3870486357260608,28069,11931,0.70
sequences,0.75,11,11,-17.0,8.65,q4,"(50, 50)",756,0.21228091301258234,0.34821589862812596,0.07020737160242162,0.3870486357260608,28069,11931,0.70
sequences,0.75,12,11,-17.0,8.65,q1,"(150, 150)",6715,0.04339844614118597,0.39371278138500543,0.07099800133720185,0.3807521895436319,28059,11941,0.70
sequences,0.75,12,11,-17.0,8.65,q2,"(150, 50)",2270,0.15444751210675453,0.3236315192775123,0.07099800133720185,0.3807521895436319,28059,11941,0.70
sequences,0.75,12,11,-17.0,8.65,q3,"(50, 150)",2232,0.027895677625715046,0.39046282693823725,0.07099800133720185,0.3807521895436319,28059,11941,0.70
sequences,0.75,12,11,-17.0,8.65,q4,"(50, 50)",724,0.19821486627974397,0.3226889306964325,0.07099800133720185,0.3807521895436319,28059,11941,0.70
sequences,0.75,13,11,-17.0,8.65,q1,"(150, 150)",6741,0.04529238427888159,0.37993169057469084,0.07088774719607857,0.36600008739748946,28051,11949,0.70
sequences,0.75,13,11,-17.0,8.65,q2,"(150, 50)",2240,0.1501192888627257,0.30532604789341194,0.07088774719607857,0.36600008739748946,28051,11949,0.70
sequences,0.75,13,11,-17.0,8.65,q3,"(50, 150)",2252,0.02735508339986969,0.37658737006740356,0.07088774719607857,0.36600008739748946,28051,11949,0.70
sequences,0.75,13,11,-17.0,8.65,q4,"(50, 50)",716,0.20090904183378477,0.30024278416182587,0.07088774719607857,0.36600008739748946,28051,11949,0.70
sequences,0.75,14,11,-17.0,8.65,q1,"(150, 150)",6700,0.03210234097036292,0.3793462550896295,0.07039647895363638,0.3721355712751191,28055,11945,0.70
sequences,0.75,14,11,-17.0,8.65,q2,"(150, 50)",2309,0.18248654416304133,0.322976505007121,0.07039647895363638,0.3721355712751191,28055,11945,0.70
sequences,0.75,14,11,-17.0,8.65,q3,"(50, 150)",2203,0.020286077838239443,0.3756899053913164,0.07039647895363638,0.3721355712751191,28055,11945,0.70
sequences,0.75,14,11,-17.0,8.65,q4,"(50, 50)",733,0.21793805818506276,0.3260526600912608,0.07039647895363638,0.3721355712751191,28055,11945,0.70
sequences,0.75,15,11,-17.0,8.65,q1,"(150, 150)",6661,0.032544848972185965,0.38440607592543874,0.07025260601719191,0.3752043965881196,28062,11938,0.70
sequences,0.75,15,11,-17.0,8.65,q2,"(150, 50)",2276,0.18365427749911656,0.3188644658853798,0.07025260601719191,0.3752043965881196,28062,11938,0.70
sequences,0.75,15,11,-17.0,8.65,q3,"(50, 150)",2260,0.0178618660761955,0.38503121940896134,0.07025260601719191,0.3752043965881196,28062,11938,0.70
sequences,0.75,15,11,-17.0,8.65,q4,"(50, 50)",741,0.22068747464145105,0.30329275016056223,0.07025260601719191,0.3752043965881196,28062,11938,0.70
sequences,0.75,16,11,-17.0,8.65,q1,"(150, 150)",6712,0.03985783274839767,0.3695543402119799,0.07130940621440765,0.36042215163337993,28055,11945,0.70
sequences,0.75,16,11,-17.0,8.65,q2,"(150, 50)",2241,0.16823858919263182,0.3115099886643527,0.07130940621440765,0.36042215163337993,28055,11945,0.70
sequences,0.75,16,11,-17.0,8.65,q3,"(50, 150)",2246,0.029660266872726302,0.36765893212155754,0.07130940621440765,0.36042215163337993,28055,11945,0.70
sequences,0.75,16,11,-17.0,8.65,q4,"(50, 50)",746,0.18850595984855636,0.3109820903254238,0.07130940621440765,0.36042215163337993,28055,11945,0.70
sequences,0.75,17,11,-17.0,8.65,q1,"(150, 150)",6705,0.040084516593782864,0.3725691529485094,0.07086610267441723,0.36551151293862966,28056,11944,0.70
sequences,0.75,17,11,-17.0,8.65,q2,"(150, 50)",2260,0.16456054353944968,0.31996033637667826,0.07086610267441723,0.36551151293862966,28056,11944,0.70
sequences,0.75,17,11,-17.0,8.65,q3,"(50, 150)",2246,0.025880761023941583,0.37169079942736827,0.07086610267441723,0.36551151293862966,28056,11944,0.70
sequences,0.75,17,11,-17.0,8.65,q4,"(50, 50)",733,0.20139567383764834,0.33058904383872895,0.07086610267441723,0.36551151293862966,28056,11944,0.70
sequences,0.75,18,11,-17.0,8.65,q1,"(150, 150)",6773,0.05872063046082652,0.35880603227116903,0.0727893001029867,0.34464368631098014,28069,11931,0.70
sequences,0.75,18,11,-17.0,8.65,q2,"(150, 50)",2212,0.11690404663952858,0.29337073117950685,0.0727893001029867,0.34464368631098014,28069,11931,0.70
sequences,0.75,18,11,-17.0,8.65,q3,"(50, 150)",2247,0.049022997437556864,0.3560660072735553,0.0727893001029867,0.34464368631098014,28069,11931,0.70
sequences,0.75,18,11,-17.0,8.65,q4,"(50, 50)",699,0.14590541202965507,0.2912059854563719,0.0727893001029867,0.34464368631098014,28069,11931,0.70
sequences,0.75,19,11,-17.0,8.65,q1,"(150, 150)",6655,0.057183375212737676,0.3789650056536642,0.07254051141507961,0.3590739904408912,28062,11938,0.70
sequences,0.75,19,11,-17.0,8.65,q2,"(150, 50)",2255,0.12108519623393875,0.29809715400273784,0.07254051141507961,0.3590739904408912,28062,11938,0.70
sequences,0.75,19,11,-17.0,8.65,q3,"(50, 150)",2285,0.049240763334001625,0.3639198520990727,0.07254051141507961,0.3590739904408912,28062,11938,0.70
sequences,0.75,19,11,-17.0,8.65,q4,"(50, 50)",743,0.1344158835891329,0.30581824478868996,0.07254051141507961,0.3590739904408912,28062,11938,0.70
sequences,0.75,20,11,-17.0,8.65,q1,"(150, 150)",6615,0.04224001085765236,0.3762315606639456,0.07145435426878163,0.3658963508424994,28054,11946,0.70
sequences,0.75,20,11,-17.0,8.65,q2,"(150, 50)",2267,0.16139302116230075,0.3213150532163622,0.07145435426878163,0.3658963508424994,28054,11946,0.70
sequences,0.75,20,11,-17.0,8.65,q3,"(50, 150)",2309,0.030677778839626153,0.3665308462246537,0.07145435426878163,0.3658963508424994,28054,11946,0.70
sequences,0.75,20,11,-17.0,8.65,q4,"(50, 50)",755,0.18207029663028132,0.3288790839784919,0.07145435426878163,0.3658963508424994,28054,11946,0.70
sequences,0.75,21,11,-17.0,8.65,q1,"(150, 150)",6753,0.03167429175355303,0.38466216320471414,0.06986857191192695,0.38034771526987626,28058,11942,0.70
sequences,0.75,21,11,-17.0,8.65,q2,"(150, 50)",2191,0.19116817243345044,0.33977161387436394,0.06986857191192695,0.38034771526987626,28058,11942,0.70
sequences,0.75,21,11,-17.0,8.65,q3,"(50, 150)",2296,0.015111429375632967,0.3747491497737056,0.06986857191192695,0.38034771526987626,28058,11942,0.70
sequences,0.75,21,11,-17.0,8.65,q4,"(50, 50)",702,0.23779015087228605,0.3463776959552261,0.06986857191192695,0.38034771526987626,28058,11942,0.70
sequences,0.75,22,11,-17.0,8.65,q1,"(150, 150)",6757,0.031674477187807006,0.38260003362270384,0.0698584482497709,0.382083512483392,28067,11933,0.70
sequences,0.75,22,11,-17.0,8.65,q2,"(150, 50)",2197,0.1905161891192156,0.3572608735410317,0.0698584482497709,0.382083512483392,28067,11933,0.70
sequences,0.75,22,11,-17.0,8.65,q3,"(50, 150)",2206,0.008407450972105004,0.37054776853667837,0.0698584482497709,0.382083512483392,28067,11933,0.70
sequences,0.75,22,11,-17.0,8.65,q4,"(50, 50)",773,0.23607440655514103,0.3562961680365634,0.0698584482497709,0.382083512483392,28067,11933,0.70
sequences,0.75,23,11,-17.0,8.65,q1,"(150, 150)",6604,0.031129728606935244,0.37572525694764203,0.06971519003401024,0.3796607181026637,28067,11933,0.70
sequences,0.75,23,11,-17.0,8.65,q2,"(150, 50)",2290,0.18547574615863474,0.3717579890921647,0.06971519003401024,0.3796607181026637,28067,11933,0.70
sequences,0.75,23,11,-17.0,8.65,q3,"(50, 150)",2295,0.011898804744416996,0.3631697087831227,0.06971519003401024,0.3796607181026637,28067,11933,0.70
sequences,0.75,23,11,-17.0,8.65,q4,"(50, 50)",744,0.234251907747222,0.36708262548319315,0.06971519003401024,0.3796607181026637,28067,11933,0.70
sequences,0.75,24,11,-17.0,8.65,q1,"(150, 150)",6747,0.03615056396471794,0.3696755225300856,0.07091363380588098,0.36073462245167226,28066,11934,0.70
sequences,0.75,24,11,-17.0,8.65,q2,"(150, 50)",2266,0.17479522580864776,0.30670785649193627,0.07091363380588098,0.36073462245167226,28066,11934,0.70
sequences,0.75,24,11,-17.0,8.65,q3,"(50, 150)",2197,0.025734111944027076,0.36897616175599496,0.07091363380588098,0.36073462245167226,28066,11934,0.70
sequences,0.75,24,11,-17.0,8.65,q4,"(50, 50)",724,0.20683926125139257,0.30688077757428944,0.07091363380588098,0.36073462245167226,28066,11934,0.70
sequences,0.75,25,11,-17.0,8.65,q1,"(150, 150)",6754,0.02939364422389121,0.3877801499946099,0.07009520878563912,0.38104080904140936,28066,11934,0.70
sequences,0.75,25,11,-17.0,8.65,q2,"(150, 50)",2227,0.1954263965322369,0.3244865386721496,0.07009520878563912,0.38104080904140936,28066,11934,0.70
sequences,0.75,25,11,-17.0,8.65,q3,"(50, 150)",2242,0.012953464455694928,0.3879028143250953,0.07009520878563912,0.38104080904140936,28066,11934,0.70
sequences,0.75,25,11,-17.0,8.65,q4,"(50, 50)",711,0.24435344046792754,0.31418516075705594,0.07009520878563912,0.38104080904140936,28066,11934,0.70
sequences,0.75,26,11,-17.0,8.65,q1,"(150, 150)",6610,0.03872075352416072,0.3809366584398333,0.0705579427910304,0.3675937582408413,28053,11947,0.70
sequences,0.75,26,11,-17.0,8.65,q2,"(150, 50)",2259,0.16879337626168153,0.319341272659316,0.0705579427910304,0.3675937582408413,28053,11947,0.70
sequences,0.75,26,11,-17.0,8.65,q3,"(50, 150)",2325,0.027930373579682994,0.3652225763293154,0.0705579427910304,0.3675937582408413,28053,11947,0.70
sequences,0.75,26,11,-17.0,8.65,q4,"(50, 50)",753,0.18694449692142942,0.308628598740055,0.0705579427910304,0.3675937582408413,28053,11947,0.70
sequences,0.75,27,11,-17.0,8.65,q1,"(150, 150)",6707,0.026916353702035493,0.37822162556483213,0.06922277890664764,0.3745363559867803,28052,11948,0.70
sequences,0.75,27,11,-17.0,8.65,q2,"(150, 50)",2275,0.19671278054045804,0.33081009629985486,0.06922277890664764,0.3745363559867803,28052,11948,0.70
sequences,0.75,27,11,-17.0,8.65,q3,"(50, 150)",2215,0.008135363952183975,0.37186374408451195,0.06922277890664764,0.3745363559867803,28052,11948,0.70
sequences,0.75,27,11,-17.0,8.65,q4,"(50, 50)",751,0.2410178045451989,0.3302643465161892,0.06922277890664764,0.3745363559867803,28052,11948,0.70
sequences,0.75,28,11,-17.0,8.65,q1,"(150, 150)",6591,0.03414089967839118,0.38565974230026967,0.070398853548019,0.3763521585551645,28074,11926,0.70
sequences,0.75,28,11,-17.0,8.65,q2,"(150, 50)",2267,0.18142707355391682,0.32924779498125173,0.070398853548019,0.3763521585551645,28074,11926,0.70
sequences,0.75,28,11,-17.0,8.65,q3,"(50, 150)",2306,0.01379183249910261,0.3708782630502421,0.070398853548019,0.3763521585551645,28074,11926,0.70
sequences,0.75,28,11,-17.0,8.65,q4,"(50, 50)",762,0.22500645163220265,0.3315228515267686,0.070398853548019,0.3763521585551645,28074,11926,0.70
sequences,0.75,29,11,-17.0,8.65,q1,"(150, 150)",6741,0.04470504773190023,0.3741532173347101,0.07161369519661703,0.35694140883366005,28057,11943,0.70
sequences,0.75,29,11,-17.0,8.65,q2,"(150, 50)",2265,0.15233614298318263,0.2783241015237782,0.07161369519661703,0.35694140883366005,28057,11943,0.70
sequences,0.75,29,11,-17.0,8.65,q3,"(50, 150)",2230,0.03746487268662124,0.37523908492944874,0.07161369519661703,0.35694140883366005,28057,11943,0.70
sequences,0.75,29,11,-17.0,8.65,q4,"(50, 50)",707,0.17728091234000506,0.28731318918899745,0.07161369519661703,0.35694140883366005,28057,11943,0.70
sequences,0.75,30,11,-17.0,8.65,q1,"(150, 150)",6623,0.031584330328462126,0.3850186356755454,0.07010879418922486,0.3797595302548044,28074,11926,0.70
sequences,0.75,30,11,-17.0,8.65,q2,"(150, 50)",2306,0.18412004024251272,0.34249102094894834,0.07010879418922486,0.3797595302548044,28074,11926,0.70
sequences,0.75,30,11,-17.0,8.65,q3,"(50, 150)",2287,0.014422973484203233,0.37189529966613666,0.07010879418922486,0.3797595302548044,28074,11926,0.70
sequences,0.75,30,11,-17.0,8.65,q4,"(50, 50)",710,0.2385469106727943,0.34458919671024585,0.07010879418922486,0.3797595302548044,28074,11926,0.70
sequences,0.75,31,11,-17.0,8.65,q1,"(150, 150)",6655,0.04318106778997003,0.37080811274508885,0.07065601915400953,0.35981596830191126,28070,11930,0.70
sequences,0.75,31,11,-17.0,8.65,q2,"(150, 50)",2235,0.1574932403686394,0.3157466095606425,0.07065601915400953,0.35981596830191126,28070,11930,0.70
sequences,0.75,31,11,-17.0,8.65,q3,"(50, 150)",2309,0.022995220832457683,0.35785340343981603,0.07065601915400953,0.35981596830191126,28070,11930,0.70
sequences,0.75,31,11,-17.0,8.65,q4,"(50, 50)",731,0.2058316624336928,0.31056633437295,0.07065601915400953,0.35981596830191126,28070,11930,0.70
sequences,0.75,32,11,-17.0,8.65,q1,"(150, 150)",6620,0.04951860909164676,0.36997373273759054,0.07202426637770473,0.3557714966024781,28070,11930,0.70
sequences,0.75,32,11,-17.0,8.65,q2,"(150, 50)",2301,0.1396600495754591,0.3070067927046,0.07202426637770473,0.3557714966024781,28070,11930,0.70
sequences,0.75,32,11,-17.0,8.65,q3,"(50, 150)",2281,0.03775798796857753,0.3631052761357458,0.07202426637770473,0.3557714966024781,28070,11930,0.70
sequences,0.75,32,11,-17.0,8.65,q4,"(50, 50)",728,0.1702645069640925,0.2934057488262267,0.07202426637770473,0.3557714966024781,28070,11930,0.70
sequences,0.75,33,11,-17.0,8.65,q1,"(150, 150)",6699,0.05640190327466607,0.3547295369338993,0.0726663501878718,0.33846744203277646,28050,11950,0.70
sequences,0.75,33,11,-17.0,8.65,q2,"(150, 50)",2251,0.1230484514625492,0.28669340912445235,0.0726663501878718,0.33846744203277646,28050,11950,0.70
sequences,0.75,33,11,-17.0,8.65,q3,"(50, 150)",2238,0.057474182683763635,0.3484202943735222,0.0726663501878718,0.33846744203277646,28050,11950,0.70
sequences,0.75,33,11,-17.0,8.65,q4,"(50, 50)",762,0.11143996013073328,0.2810468931127007,0.0726663501878718,0.33846744203277646,28050,11950,0.70
sequences,0.75,34,11,-17.0,8.65,q1,"(150, 150)",6699,0.0443357201796006,0.3738305680631668,0.07165992203689532,0.36294434863268815,28058,11942,0.70
sequences,0.75,34,11,-17.0,8.65,q2,"(150, 50)",2277,0.15384077276752786,0.3058261707078645,0.07165992203689532,0.36294434863268815,28058,11942,0.70
sequences,0.75,34,11,-17.0,8.65,q3,"(50, 150)",2247,0.03774527763844118,0.37877441644340776,0.07165992203689532,0.36294434863268815,28058,11942,0.70
sequences,0.75,34,11,-17.0,8.65,q4,"(50, 50)",719,0.17197318642033557,0.31507966015366556,0.07165992203689532,0.36294434863268815,28058,11942,0.70
sequences,0.75,35,11,-17.0,8.65,q1,"(150, 150)",6685,0.04536903715750789,0.37847461731815885,0.07134672669744577,0.36588091761016367,28054,11946,0.70
sequences,0.75,35,11,-17.0,8.65,q2,"(150, 50)",2269,0.1503348415196396,0.3151284826625371,0.07134672669744577,0.36588091761016367,28054,11946,0.70
sequences,0.75,35,11,-17.0,8.65,q3,"(50, 150)",2313,0.034573117026379274,0.36903527072170494,0.07134672669744577,0.36588091761016367,28054,11946,0.70
sequences,0.75,35,11,-17.0,8.65,q4,"(50, 50)",679,0.18842210403485932,0.32151417455811576,0.07134672669744577,0.36588091761016367,28054,11946,0.70
sequences,0.75,36,11,-17.0,8.65,q1,"(150, 150)",6683,0.03661378386320868,0.38036806852015087,0.07075667029017402,0.36789993362332196,28057,11943,0.70
sequences,0.75,36,11,-17.0,8.65,q2,"(150, 50)",2250,0.17537259238633432,0.30538047788358647,0.07075667029017402,0.36789993362332196,28057,11943,0.70
sequences,0.75,36,11,-17.0,8.65,q3,"(50, 150)",2284,0.022479013037518043,0.3731439474298165,0.07075667029017402,0.36789993362332196,28057,11943,0.70
sequences,0.75,36,11,-17.0,8.65,q4,"(50, 50)",726,0.21270881139226067,0.30913716910277617,0.07075667029017402,0.36789993362332196,28057,11943,0.70
sequences,0.75,37,11,-17.0,8.65,q1,"(150, 150)",6746,0.03452766287648415,0.38846805959309905,0.0700190731855965,0.38029685068350766,28057,11943,0.70
sequences,0.75,37,11,-17.0,8.65,q2,"(150, 50)",2224,0.18002095399675977,0.3340400185704974,0.0700190731855965,0.38029685068350766,28057,11943,0.70
sequences,0.75,37,11,-17.0,8.65,q3,"(50, 150)",2248,0.020947868896578972,0.37961890586628017,0.0700190731855965,0.38029685068350766,28057,11943,0.70
sequences,0.75,37,11,-17.0,8.65,q4,"(50, 50)",725,0.21497485010001874,0.3343895376407958,0.0700190731855965,0.38029685068350766,28057,11943,0.70
sequences,0.75,38,11,-17.0,8.65,q1,"(150, 150)",6743,0.02808387712097193,0.3799445653416596,0.06926437939357659,0.3794665154087051,28059,11941,0.70
sequences,0.75,38,11,-17.0,8.65,q2,"(150, 50)",2204,0.1984512177083663,0.35064315853374556,0.06926437939357659,0.3794665154087051,28059,11941,0.70
sequences,0.75,38,11,-17.0,8.65,q3,"(50, 150)",2290,0.013349230742846442,0.3662434667248539,0.06926437939357659,0.3794665154087051,28059,11941,0.70
sequences,0.75,38,11,-17.0,8.65,q4,"(50, 50)",704,0.241136574831856,0.36093422303858,0.06926437939357659,0.3794665154087051,28059,11941,0.70
sequences,0.75,39,11,-17.0,8.65,q1,"(150, 150)",6718,0.03927404137861573,0.3773996478090626,0.07107235124404056,0.36833809738122636,28068,11932,0.70
sequences,0.75,39,11,-17.0,8.65,q2,"(150, 50)",2222,0.17062929307908103,0.3180818911522039,0.07107235124404056,0.36833809738122636,28068,11932,0.70
sequences,0.75,39,11,-17.0,8.65,q3,"(50, 150)",2257,0.01880616840690564,0.37282742211647824,0.07107235124404056,0.36833809738122636,28068,11932,0.70
sequences,0.75,39,11,-17.0,8.65,q4,"(50, 50)",735,0.22123601870237725,0.3127869089797221,0.07107235124404056,0.36833809738122636,28068,11932,0.70
sequences,0.75,40,11,-17.0,8.65,q1,"(150, 150)",6758,0.03702199601490887,0.3819326323647103,0.07062840913061447,0.3720308667959175,28057,11943,0.70
sequences,0.75,40,11,-17.0,8.65,q2,"(150, 50)",2278,0.17036703242471823,0.31630643511596435,0.07062840913061447,0.3720308667959175,28057,11943,0.70
sequences,0.75,40,11,-17.0,8.65,q3,"(50, 150)",2198,0.02526754959653776,0.38039727120309197,0.07062840913061447,0.3720308667959175,28057,11943,0.70
sequences,0.75,40,11,-17.0,8.65,q4,"(50, 50)",709,0.21112308505144758,0.31957386665612475,0.07062840913061447,0.3720308667959175,28057,11943,0.70
sequences,0.75,41,11,-17.0,8.65,q1,"(150, 150)",6703,0.052537686117359456,0.3738060098981908,0.07238400601787272,0.3548475662249528,28064,11936,0.70
sequences,0.75,41,11,-17.0,8.65,q2,"(150, 50)",2291,0.13100357406671745,0.2869411734025017,0.07238400601787272,0.3548475662249528,28064,11936,0.70
sequences,0.75,41,11,-17.0,8.65,q3,"(50, 150)",2212,0.046408158412609944,0.36984192107149133,0.07238400601787272,0.3548475662249528,28064,11936,0.70
sequences,0.75,41,11,-17.0,8.65,q4,"(50, 50)",730,0.14935801532756893,0.28381428974349265,0.07238400601787272,0.3548475662249528,28064,11936,0.70
sequences,0.75,42,11,-17.0,8.65,q1,"(150, 150)",6677,0.031705033964793045,0.3753538739699842,0.07068471232556339,0.3657203184465067,28062,11938,0.70
sequences,0.75,42,11,-17.0,8.65,q2,"(150, 50)",2248,0.190192894998434,0.30795995886951455,0.07068471232556339,0.3657203184465067,28062,11938,0.70
sequences,0.75,42,11,-17.0,8.65,q3,"(50, 150)",2285,0.016652218965439575,0.36492523726687903,0.07068471232556339,0.3657203184465067,28062,11938,0.70
sequences,0.75,42,11,-17.0,8.65,q4,"(50, 50)",728,0.22875774130102142,0.3131528106779617,0.07068471232556339,0.3657203184465067,28062,11938,0.70
sequences,0.75,43,11,-17.0,8.65,q1,"(150, 150)",6673,0.029843787229335846,0.37384474833252596,0.07019024580612072,0.37251232803108414,28063,11937,0.70
sequences,0.75,43,11,-17.0,8.65,q2,"(150, 50)",2280,0.19071013069721116,0.34277248467359844,0.07019024580612072,0.37251232803108414,28063,11937,0.70
sequences,0.75,43,11,-17.0,8.65,q3,"(50, 150)",2226,0.014867559021238916,0.3693133813188837,0.07019024580612072,0.37251232803108414,28063,11937,0.70
sequences,0.75,43,11,-17.0,8.65,q4,"(50, 50)",758,0.22532861165618168,0.33149492129732305,0.07019024580612072,0.37251232803108414,28063,11937,0.70
sequences,0.75,44,11,-17.0,8.65,q1,"(150, 150)",6650,0.040425410927887484,0.3894936279720636,0.07029801922527204,0.37603329083181236,28048,11952,0.70
sequences,0.75,44,11,-17.0,8.65,q2,"(150, 50)",2266,0.16195935473884387,0.31662082060816166,0.07029801922527204,0.37603329083181236,28048,11952,0.70
sequences,0.75,44,11,-17.0,8.65,q3,"(50, 150)",2318,0.029367337783542023,0.38579005304932695,0.07029801922527204,0.37603329083181236,28048,11952,0.70
sequences,0.75,44,11,-17.0,8.65,q4,"(50, 50)",718,0.18983225109962248,0.3120357171065427,0.07029801922527204,0.37603329083181236,28048,11952,0.70
sequences,0.75,45,11,-17.0,8.65,q1,"(150, 150)",6706,0.04433677952157052,0.38125589168144897,0.07130867836890158,0.36515454855796975,28068,11932,0.70
sequences,0.75,45,11,-17.0,8.65,q2,"(150, 50)",2257,0.15307251123733068,0.30297422404407487,0.07130867836890158,0.36515454855796975,28068,11932,0.70
sequences,0.75,45,11,-17.0,8.65,q3,"(50, 150)",2258,0.038039377760521687,0.3715476331356613,0.07130867836890158,0.36515454855796975,28068,11932,0.70
sequences,0.75,45,11,-17.0,8.65,q4,"(50, 50)",711,0.17180750208181184,0.3085572023978594,0.07130867836890158,0.36515454855796975,28068,11932,0.70
sequences,0.75,46,11,-17.0,8.65,q1,"(150, 150)",6684,0.050818549031788104,0.3749082848447986,0.07159526812992713,0.3597410184095079,28071,11929,0.70
sequences,0.75,46,11,-17.0,8.65,q2,"(150, 50)",2260,0.13575463040500274,0.3025908511613336,0.07159526812992713,0.3597410184095079,28071,11929,0.70
sequences,0.75,46,11,-17.0,8.65,q3,"(50, 150)",2255,0.03515992017148347,0.36983823894210127,0.07159526812992713,0.3597410184095079,28071,11929,0.70
sequences,0.75,46,11,-17.0,8.65,q4,"(50, 50)",730,0.17575025628962665,0.30029168972255366,0.07159526812992713,0.3597410184095079,28071,11929,0.70
sequences,0.75,47,11,-17.0,8.65,q1,"(150, 150)",6818,0.04412699371128584,0.36616462010914336,0.07159448098637697,0.35304342311986736,28058,11942,0.70
sequences,0.75,47,11,-17.0,8.65,q2,"(150, 50)",2264,0.15265245700829466,0.285986576637897,0.07159448098637697,0.35304342311986736,28058,11942,0.70
sequences,0.75,47,11,-17.0,8.65,q3,"(50, 150)",2157,0.03699661799120274,0.37147787902840357,0.07159448098637697,0.35304342311986736,28058,11942,0.70
sequences,0.75,47,11,-17.0,8.65,q4,"(50, 50)",703,0.18309613249212456,0.29249966543915557,0.07159448098637697,0.35304342311986736,28058,11942,0.70
sequences,0.75,48,11,-17.0,8.65,q1,"(150, 150)",6667,0.03427695252641435,0.37411273152794583,0.07058859675329003,0.36781146483448496,28060,11940,0.70
sequences,0.75,48,11,-17.0,8.65,q2,"(150, 50)",2334,0.17543765221570118,0.32244068711112184,0.07058859675329003,0.36781146483448496,28060,11940,0.70
sequences,0.75,48,11,-17.0,8.65,q3,"(50, 150)",2233,0.024464562837146916,0.37211547387181426,0.07058859675329003,0.36781146483448496,28060,11940,0.70
sequences,0.75,48,11,-17.0,8.65,q4,"(50, 50)",706,0.21275149242759608,0.329945176422656,0.07058859675329003,0.36781146483448496,28060,11940,0.70
sequences,0.75,49,11,-17.0,8.65,q1,"(150, 150)",6670,0.043277112093490055,0.3854019056385158,0.07116961316947133,0.36897613510842286,28062,11938,0.70
sequences,0.75,49,11,-17.0,8.65,q2,"(150, 50)",2259,0.15676798253627483,0.29734554302472527,0.07116961316947133,0.36897613510842286,28062,11938,0.70
sequences,0.75,49,11,-17.0,8.65,q3,"(50, 150)",2291,0.03167454272003225,0.3800667819505528,0.07116961316947133,0.36897613510842286,28062,11938,0.70
sequences,0.75,49,11,-17.0,8.65,q4,"(50, 50)",718,0.18699060505923587,0.30987172144432745,0.07116961316947133,0.36897613510842286,28062,11938,0.70
sequences,0.75,0,12,-22.0,7.18,q1,"(150, 150)",6730,0.043083671314157274,0.4034035082314265,0.07479195625973709,0.39194259652243885,28055,11945,0.70
sequences,0.75,0,12,-22.0,7.18,q2,"(150, 50)",2314,0.16613119739998558,0.3296102154375175,0.07479195625973709,0.39194259652243885,28055,11945,0.70
sequences,0.75,0,12,-22.0,7.18,q3,"(50, 150)",2165,0.0322648388698462,0.4078243469169419,0.07479195625973709,0.39194259652243885,28055,11945,0.70
sequences,0.75,0,12,-22.0,7.18,q4,"(50, 50)",736,0.2026573948933387,0.34237006368593026,0.07479195625973709,0.39194259652243885,28055,11945,0.70
sequences,0.75,1,12,-22.0,7.18,q1,"(150, 150)",6674,0.041562945558850956,0.40247463769050773,0.07355385008329242,0.38675954254950423,28065,11935,0.70
sequences,0.75,1,12,-22.0,7.18,q2,"(150, 50)",2296,0.16802128506962347,0.31552464582143797,0.07355385008329242,0.38675954254950423,28065,11935,0.70
sequences,0.75,1,12,-22.0,7.18,q3,"(50, 150)",2244,0.023241213898660927,0.3908613302073227,0.07355385008329242,0.38675954254950423,28065,11935,0.70
sequences,0.75,1,12,-22.0,7.18,q4,"(50, 50)",721,0.22544236834379067,0.339582917666116,0.07355385008329242,0.38675954254950423,28065,11935,0.70
sequences,0.75,2,12,-22.0,7.18,q1,"(150, 150)",6697,0.03990423765889912,0.39288770421592223,0.07458220284191203,0.3795535693660216,28062,11938,0.70
sequences,0.75,2,12,-22.0,7.18,q2,"(150, 50)",2286,0.17718299553587746,0.30958865618905157,0.07458220284191203,0.3795535693660216,28062,11938,0.70
sequences,0.75,2,12,-22.0,7.18,q3,"(50, 150)",2223,0.02667640307261027,0.3940600231999832,0.07458220284191203,0.3795535693660216,28062,11938,0.70
sequences,0.75,2,12,-22.0,7.18,q4,"(50, 50)",732,0.21691487172086046,0.30857371267901584,0.07458220284191203,0.3795535693660216,28062,11938,0.70
sequences,0.75,3,12,-22.0,7.18,q1,"(150, 150)",6730,0.05230820585896539,0.3869255339426148,0.07476417665577208,0.3782064128215889,28059,11941,0.70
sequences,0.75,3,12,-22.0,7.18,q2,"(150, 50)",2245,0.14297691860948444,0.33704657287685075,0.07476417665577208,0.3782064128215889,28059,11941,0.70
sequences,0.75,3,12,-22.0,7.18,q3,"(50, 150)",2214,0.03205166926823283,0.38384344720950136,0.07476417665577208,0.3782064128215889,28059,11941,0.70
sequences,0.75,3,12,-22.0,7.18,q4,"(50, 50)",752,0.1978447207148635,0.3459091616667665,0.07476417665577208,0.3782064128215889,28059,11941,0.70
sequences,0.75,4,12,-22.0,7.18,q1,"(150, 150)",6685,0.03492125940809009,0.3971829464570025,0.07488071746170691,0.38933733602828774,28056,11944,0.70
sequences,0.75,4,12,-22.0,7.18,q2,"(150, 50)",2237,0.1974271316042596,0.33770569965059183,0.07488071746170691,0.38933733602828774,28056,11944,0.70
sequences,0.75,4,12,-22.0,7.18,q3,"(50, 150)",2329,0.02421254445727587,0.3922040355816589,0.07488071746170691,0.38933733602828774,28056,11944,0.70
sequences,0.75,4,12,-22.0,7.18,q4,"(50, 50)",693,0.23505218005746137,0.3279319219049972,0.07488071746170691,0.38933733602828774,28056,11944,0.70
sequences,0.75,5,12,-22.0,7.18,q1,"(150, 150)",6716,0.04356664869174753,0.38246724095360407,0.07484861906603277,0.37132987389221583,28064,11936,0.70
sequences,0.75,5,12,-22.0,7.18,q2,"(150, 50)",2199,0.1736289051711351,0.31908981220208293,0.07484861906603277,0.37132987389221583,28064,11936,0.70
sequences,0.75,5,12,-22.0,7.18,q3,"(50, 150)",2288,0.024185238210948066,0.3716668164004218,0.07484861906603277,0.37132987389221583,28064,11936,0.70
sequences,0.75,5,12,-22.0,7.18,q4,"(50, 50)",733,0.22326564401148072,0.31639878694271584,0.07484861906603277,0.37132987389221583,28064,11936,0.70
sequences,0.75,6,12,-22.0,7.18,q1,"(150, 150)",6713,0.03497777529225315,0.3922333510875278,0.07465720005026638,0.3923305383085187,28065,11935,0.70
sequences,0.75,6,12,-22.0,7.18,q2,"(150, 50)",2249,0.1946990273550664,0.36281832283877713,0.07465720005026638,0.3923305383085187,28065,11935,0.70
sequences,0.75,6,12,-22.0,7.18,q3,"(50, 150)",2220,0.016305348566345138,0.3883511291497903,0.07465720005026638,0.3923305383085187,28065,11935,0.70
sequences,0.75,6,12,-22.0,7.18,q4,"(50, 50)",753,0.24190158130704312,0.3677502698542236,0.07465720005026638,0.3923305383085187,28065,11935,0.70
sequences,0.75,7,12,-22.0,7.18,q1,"(150, 150)",6753,0.035162063112535565,0.38831506137485783,0.07461935377101808,0.38638470660928215,28055,11945,0.70
sequences,0.75,7,12,-22.0,7.18,q2,"(150, 50)",2226,0.19557496055882734,0.351857590391183,0.07461935377101808,0.38638470660928215,28055,11945,0.70
sequences,0.75,7,12,-22.0,7.18,q3,"(50, 150)",2237,0.016186312656282526,0.3805628802048914,0.07461935377101808,0.38638470660928215,28055,11945,0.70
sequences,0.75,7,12,-22.0,7.18,q4,"(50, 50)",729,0.25009619338793476,0.35582075457805523,0.07461935377101808,0.38638470660928215,28055,11945,0.70
sequences,0.75,8,12,-22.0,7.18,q1,"(150, 150)",6746,0.03773865156464842,0.38506223116718785,0.07489124729603522,0.3797293512477188,28061,11939,0.70
sequences,0.75,8,12,-22.0,7.18,q2,"(150, 50)",2267,0.18550907569866293,0.3375588158762559,0.07489124729603522,0.3797293512477188,28061,11939,0.70
sequences,0.75,8,12,-22.0,7.18,q3,"(50, 150)",2208,0.02375961257877358,0.38121281700772086,0.07489124729603522,0.3797293512477188,28061,11939,0.70
sequences,0.75,8,12,-22.0,7.18,q4,"(50, 50)",718,0.2319378256677512,0.33704838464161807,0.07489124729603522,0.3797293512477188,28061,11939,0.70
sequences,0.75,9,12,-22.0,7.18,q1,"(150, 150)",6723,0.04846086327991866,0.391432392077384,0.07525571070892452,0.3728247846680593,28062,11938,0.70
sequences,0.75,9,12,-22.0,7.18,q2,"(150, 50)",2298,0.15328022942974664,0.2960355865579041,0.07525571070892452,0.3728247846680593,28062,11938,0.70
sequences,0.75,9,12,-22.0,7.18,q3,"(50, 150)",2182,0.03390968475255333,0.3831206541145575,0.07525571070892452,0.3728247846680593,28062,11938,0.70
sequences,0.75,9,12,-22.0,7.18,q4,"(50, 50)",735,0.19914475000356313,0.3168154556886035,0.07525571070892452,0.3728247846680593,28062,11938,0.70
sequences,0.75,10,12,-22.0,7.18,q1,"(150, 150)",6649,0.035056462940860976,0.39978323373173036,0.0743052388343948,0.39194496863594874,28060,11940,0.70
sequences,0.75,10,12,-22.0,7.18,q2,"(150, 50)",2214,0.19756184542272187,0.3469572205882261,0.0743052388343948,0.39194496863594874,28060,11940,0.70
sequences,0.75,10,12,-22.0,7.18,q3,"(50, 150)",2343,0.0190784081291701,0.385126097498346,0.0743052388343948,0.39194496863594874,28060,11940,0.70
sequences,0.75,10,12,-22.0,7.18,q4,"(50, 50)",734,0.23434808389146802,0.34562773530997454,0.0743052388343948,0.39194496863594874,28060,11940,0.70
sequences,0.75,11,12,-22.0,7.18,q1,"(150, 150)",6774,0.041428700477860986,0.36915160197602515,0.07549342268523854,0.3646109890538692,28064,11936,0.70
sequences,0.75,11,12,-22.0,7.18,q2,"(150, 50)",2215,0.18023768608898996,0.32051597222306644,0.07549342268523854,0.3646109890538692,28064,11936,0.70
sequences,0.75,11,12,-22.0,7.18,q3,"(50, 150)",2236,0.02690410103950066,0.36988994385191565,0.07549342268523854,0.3646109890538692,28064,11936,0.70
sequences,0.75,11,12,-22.0,7.18,q4,"(50, 50)",711,0.2265364719023075,0.3280957755436927,0.07549342268523854,0.3646109890538692,28064,11936,0.70
sequences,0.75,12,12,-22.0,7.18,q1,"(150, 150)",6727,0.03990875503721358,0.39999887303260895,0.07454237282620173,0.3882371508028112,28060,11940,0.70
sequences,0.75,12,12,-22.0,7.18,q2,"(150, 50)",2228,0.1810854092889673,0.33028492079426275,0.07454237282620173,0.3882371508028112,28060,11940,0.70
sequences,0.75,12,12,-22.0,7.18,q3,"(50, 150)",2245,0.030397450158819325,0.39039712151859984,0.07454237282620173,0.3882371508028112,28060,11940,0.70
sequences,0.75,12,12,-22.0,7.18,q4,"(50, 50)",740,0.2025259039285734,0.3454625704545278,0.07454237282620173,0.3882371508028112,28060,11940,0.70
sequences,0.75,13,12,-22.0,7.18,q1,"(150, 150)",6636,0.04880593810140687,0.39875330344049636,0.0744921080083662,0.3884248511337452,28063,11937,0.70
sequences,0.75,13,12,-22.0,7.18,q2,"(150, 50)",2267,0.15319323070604549,0.3487036497399315,0.0744921080083662,0.3884248511337452,28063,11937,0.70
sequences,0.75,13,12,-22.0,7.18,q3,"(50, 150)",2290,0.03373785530906627,0.3900454109362268,0.0744921080083662,0.3884248511337452,28063,11937,0.70
sequences,0.75,13,12,-22.0,7.18,q4,"(50, 50)",744,0.18923030293893076,0.3473542501014391,0.0744921080083662,0.3884248511337452,28063,11937,0.70
sequences,0.75,14,12,-22.0,7.18,q1,"(150, 150)",6745,0.049216575596780616,0.37703497924105117,0.07528518857435831,0.36172089335889274,28059,11941,0.70
sequences,0.75,14,12,-22.0,7.18,q2,"(150, 50)",2242,0.154558853172987,0.29020952369337405,0.07528518857435831,0.36172089335889274,28059,11941,0.70
sequences,0.75,14,12,-22.0,7.18,q3,"(50, 150)",2209,0.036621568289286914,0.3773954910581674,0.07528518857435831,0.36172089335889274,28059,11941,0.70
sequences,0.75,14,12,-22.0,7.18,q4,"(50, 50)",745,0.18737804188088011,0.30380909228871067,0.07528518857435831,0.36172089335889274,28059,11941,0.70
sequences,0.75,15,12,-22.0,7.18,q1,"(150, 150)",6730,0.03601150294662102,0.3831587225921403,0.07445158515608163,0.381049954537203,28068,11932,0.70
sequences,0.75,15,12,-22.0,7.18,q2,"(150, 50)",2193,0.19551823226985166,0.3455141448022081,0.07445158515608163,0.381049954537203,28068,11932,0.70
sequences,0.75,15,12,-22.0,7.18,q3,"(50, 150)",2277,0.013879804198983077,0.3753002746659015,0.07445158515608163,0.381049954537203,28068,11932,0.70
sequences,0.75,15,12,-22.0,7.18,q4,"(50, 50)",732,0.25358347229882156,0.34679052105434754,0.07445158515608163,0.381049954537203,28068,11932,0.70
sequences,0.75,16,12,-22.0,7.18,q1,"(150, 150)",6683,0.049646083102346576,0.3721752658533246,0.07565092531662643,0.3592870401572638,28055,11945,0.70
sequences,0.75,16,12,-22.0,7.18,q2,"(150, 50)",2243,0.1563103872678984,0.3079486218990787,0.07565092531662643,0.3592870401572638,28055,11945,0.70
sequences,0.75,16,12,-22.0,7.18,q3,"(50, 150)",2284,0.03720743145397937,0.3610292419797188,0.07565092531662643,0.3592870401572638,28055,11945,0.70
sequences,0.75,16,12,-22.0,7.18,q4,"(50, 50)",735,0.18541436387936808,0.3183738390393781,0.07565092531662643,0.3592870401572638,28055,11945,0.70
sequences,0.75,17,12,-22.0,7.18,q1,"(150, 150)",6764,0.040309201011091464,0.40755629970916357,0.07407660904027408,0.39262147236998834,28064,11936,0.70
sequences,0.75,17,12,-22.0,7.18,q2,"(150, 50)",2207,0.1789319087718004,0.3247286329391024,0.07407660904027408,0.39262147236998834,28064,11936,0.70
sequences,0.75,17,12,-22.0,7.18,q3,"(50, 150)",2204,0.026141035709723023,0.4016017629760307,0.07407660904027408,0.39262147236998834,28064,11936,0.70
sequences,0.75,17,12,-22.0,7.18,q4,"(50, 50)",761,0.2089479691223332,0.3188325229214438,0.07407660904027408,0.39262147236998834,28064,11936,0.70
sequences,0.75,18,12,-22.0,7.18,q1,"(150, 150)",6689,0.04915307984675211,0.3719442224964172,0.075243385181109,0.36029063247811766,28058,11942,0.70
sequences,0.75,18,12,-22.0,7.18,q2,"(150, 50)",2262,0.1542549215829723,0.30773115841562493,0.075243385181109,0.36029063247811766,28058,11942,0.70
sequences,0.75,18,12,-22.0,7.18,q3,"(50, 150)",2223,0.036183219769135494,0.3647570766998938,0.075243385181109,0.36029063247811766,28058,11942,0.70
sequences,0.75,18,12,-22.0,7.18,q4,"(50, 50)",768,0.1828276361593846,0.33048627657953694,0.075243385181109,0.36029063247811766,28058,11942,0.70
sequences,0.75,19,12,-22.0,7.18,q1,"(150, 150)",6688,0.04247336345966487,0.38667083943938013,0.07484993036903023,0.37745621916983596,28058,11942,0.70
sequences,0.75,19,12,-22.0,7.18,q2,"(150, 50)",2230,0.1753013425279476,0.3375469680410825,0.07484993036903023,0.37745621916983596,28058,11942,0.70
sequences,0.75,19,12,-22.0,7.18,q3,"(50, 150)",2265,0.029303528323751927,0.3738817532102572,0.07484993036903023,0.37745621916983596,28058,11942,0.70
sequences,0.75,19,12,-22.0,7.18,q4,"(50, 50)",759,0.2009242795231873,0.33363754000758467,0.07484993036903023,0.37745621916983596,28058,11942,0.70
sequences,0.75,20,12,-22.0,7.18,q1,"(150, 150)",6721,0.04121963414516184,0.38575215325850615,0.0748951689592986,0.3819981905412417,28061,11939,0.70
sequences,0.75,20,12,-22.0,7.18,q2,"(150, 50)",2295,0.17319427656424788,0.34694157946443854,0.0748951689592986,0.3819981905412417,28061,11939,0.70
sequences,0.75,20,12,-22.0,7.18,q3,"(50, 150)",2230,0.028159795439835284,0.38642604748580706,0.0748951689592986,0.3819981905412417,28061,11939,0.70
sequences,0.75,20,12,-22.0,7.18,q4,"(50, 50)",693,0.2263478392058467,0.34450639276437,0.0748951689592986,0.3819981905412417,28061,11939,0.70
sequences,0.75,21,12,-22.0,7.18,q1,"(150, 150)",6712,0.04129096891518327,0.39615544110773,0.07473783334484846,0.3840968410879603,28059,11941,0.70
sequences,0.75,21,12,-22.0,7.18,q2,"(150, 50)",2251,0.17629123488166062,0.3237511669614912,0.07473783334484846,0.3840968410879603,28059,11941,0.70
sequences,0.75,21,12,-22.0,7.18,q3,"(50, 150)",2248,0.025136060246589112,0.3893516025234532,0.07473783334484846,0.3840968410879603,28059,11941,0.70
sequences,0.75,21,12,-22.0,7.18,q4,"(50, 50)",730,0.22186582391667797,0.3300177317629405,0.07473783334484846,0.3840968410879603,28059,11941,0.70
sequences,0.75,22,12,-22.0,7.18,q1,"(150, 150)",6693,0.04670587622236133,0.40171299179576064,0.07455989916599659,0.388425134612918,28063,11937,0.70
sequences,0.75,22,12,-22.0,7.18,q2,"(150, 50)",2242,0.1603802516969985,0.3301949781291092,0.07455989916599659,0.388425134612918,28063,11937,0.70
sequences,0.75,22,12,-22.0,7.18,q3,"(50, 150)",2227,0.031345325490799,0.39523986865660987,0.07455989916599659,0.388425134612918,28063,11937,0.70
sequences,0.75,22,12,-22.0,7.18,q4,"(50, 50)",775,0.19102002918136388,0.34492538111814325,0.07455989916599659,0.388425134612918,28063,11937,0.70
sequences,0.75,23,12,-22.0,7.18,q1,"(150, 150)",6699,0.04723526964281852,0.3836723102937531,0.07519043993274839,0.3706831189201531,28056,11944,0.70
sequences,0.75,23,12,-22.0,7.18,q2,"(150, 50)",2253,0.1602508815255952,0.3121052084935824,0.07519043993274839,0.3706831189201531,28056,11944,0.70
sequences,0.75,23,12,-22.0,7.18,q3,"(50, 150)",2220,0.033371134955692425,0.3797724814227853,0.07519043993274839,0.3706831189201531,28056,11944,0.70
sequences,0.75,23,12,-22.0,7.18,q4,"(50, 50)",772,0.1897880667625681,0.32160757007295937,0.07519043993274839,0.3706831189201531,28056,11944,0.70
sequences,0.75,24,12,-22.0,7.18,q1,"(150, 150)",6692,0.031055469120814663,0.382956861407778,0.07475544830356703,0.3834140451699863,28064,11936,0.70
sequences,0.75,24,12,-22.0,7.18,q2,"(150, 50)",2258,0.20632448431523706,0.34846349049397773,0.07475544830356703,0.3834140451699863,28064,11936,0.70
sequences,0.75,24,12,-22.0,7.18,q3,"(50, 150)",2226,0.01169480049194706,0.3813334792402452,0.07475544830356703,0.3834140451699863,28064,11936,0.70
sequences,0.75,24,12,-22.0,7.18,q4,"(50, 50)",760,0.2533480527842171,0.34490822794015985,0.07475544830356703,0.3834140451699863,28064,11936,0.70
sequences,0.75,25,12,-22.0,7.18,q1,"(150, 150)",6766,0.044151991479350935,0.37827879675194076,0.07492963007895187,0.36524208601659675,28067,11933,0.70
sequences,0.75,25,12,-22.0,7.18,q2,"(150, 50)",2193,0.1718208345117414,0.2996345779864067,0.07492963007895187,0.36524208601659675,28067,11933,0.70
sequences,0.75,25,12,-22.0,7.18,q3,"(50, 150)",2257,0.030339643099427143,0.37295454666522926,0.07492963007895187,0.36524208601659675,28067,11933,0.70
sequences,0.75,25,12,-22.0,7.18,q4,"(50, 50)",717,0.20937689933499043,0.30893640386841786,0.07492963007895187,0.36524208601659675,28067,11933,0.70
sequences,0.75,26,12,-22.0,7.18,q1,"(150, 150)",6715,0.03387299359260967,0.3994704617580678,0.07427833651808304,0.39084968078172955,28056,11944,0.70
sequences,0.75,26,12,-22.0,7.18,q2,"(150, 50)",2232,0.19813243468792974,0.3341011312271447,0.07427833651808304,0.39084968078172955,28056,11944,0.70
sequences,0.75,26,12,-22.0,7.18,q3,"(50, 150)",2278,0.015283935225833663,0.3893869130286996,0.07427833651808304,0.39084968078172955,28056,11944,0.70
sequences,0.75,26,12,-22.0,7.18,q4,"(50, 50)",719,0.2540680121414485,0.33799672471379605,0.07427833651808304,0.39084968078172955,28056,11944,0.70
sequences,0.75,27,12,-22.0,7.18,q1,"(150, 150)",6668,0.0471197221075893,0.3875723232557946,0.07511090695719873,0.37374717781077404,28065,11935,0.70
sequences,0.75,27,12,-22.0,7.18,q2,"(150, 50)",2250,0.16090647257877627,0.3185186852985685,0.07511090695719873,0.37374717781077404,28065,11935,0.70
sequences,0.75,27,12,-22.0,7.18,q3,"(50, 150)",2246,0.03458613508979426,0.37655348746463835,0.07511090695719873,0.37374717781077404,28065,11935,0.70
sequences,0.75,27,12,-22.0,7.18,q4,"(50, 50)",771,0.18486944851729795,0.33016752283421913,0.07511090695719873,0.37374717781077404,28065,11935,0.70
sequences,0.75,28,12,-22.0,7.18,q1,"(150, 150)",6597,0.05309986625949606,0.3892537850457711,0.07473183154191088,0.36377676572255274,28069,11931,0.70
sequences,0.75,28,12,-22.0,7.18,q2,"(150, 50)",2315,0.13960826705080512,0.2749970597266152,0.07473183154191088,0.36377676572255274,28069,11931,0.70
sequences,0.75,28,12,-22.0,7.18,q3,"(50, 150)",2261,0.039671205929247,0.37890563354857765,0.07473183154191088,0.36377676572255274,28069,11931,0.70
sequences,0.75,28,12,-22.0,7.18,q4,"(50, 50)",758,0.16944054034828746,0.27474131083467895,0.07473183154191088,0.36377676572255274,28069,11931,0.70
sequences,0.75,29,12,-22.0,7.18,q1,"(150, 150)",6701,0.04411398242016491,0.38212722725762643,0.07494541487067495,0.3686082476663132,28063,11937,0.70
sequences,0.75,29,12,-22.0,7.18,q2,"(150, 50)",2242,0.16947383189900359,0.3083645259031984,0.07494541487067495,0.3686082476663132,28063,11937,0.70
sequences,0.75,29,12,-22.0,7.18,q3,"(50, 150)",2237,0.033267010226326,0.37516039491457864,0.07494541487067495,0.3686082476663132,28063,11937,0.70
sequences,0.75,29,12,-22.0,7.18,q4,"(50, 50)",757,0.1910660345044446,0.3145177661852603,0.07494541487067495,0.3686082476663132,28063,11937,0.70
sequences,0.75,30,12,-22.0,7.18,q1,"(150, 150)",6680,0.03845511457649125,0.3867839243601603,0.07451458356316709,0.38399036592740465,28062,11938,0.70
sequences,0.75,30,12,-22.0,7.18,q2,"(150, 50)",2267,0.18309602876750652,0.3525593945571567,0.07451458356316709,0.38399036592740465,28062,11938,0.70
sequences,0.75,30,12,-22.0,7.18,q3,"(50, 150)",2289,0.02397853037592534,0.38080367963281714,0.07451458356316709,0.38399036592740465,28062,11938,0.70
sequences,0.75,30,12,-22.0,7.18,q4,"(50, 50)",702,0.23177974353233166,0.35519079096961126,0.07451458356316709,0.38399036592740465,28062,11938,0.70
sequences,0.75,31,12,-22.0,7.18,q1,"(150, 150)",6745,0.04562422562379813,0.38387764055443413,0.07513380870062043,0.37431992369039946,28058,11942,0.70
sequences,0.75,31,12,-22.0,7.18,q2,"(150, 50)",2228,0.16578363806234894,0.32610001961183455,0.07513380870062043,0.37431992369039946,28058,11942,0.70
sequences,0.75,31,12,-22.0,7.18,q3,"(50, 150)",2275,0.03558291966480988,0.3807941021627994,0.07513380870062043,0.37431992369039946,28058,11942,0.70
sequences,0.75,31,12,-22.0,7.18,q4,"(50, 50)",694,0.20056981819875347,0.3261606618783316,0.07513380870062043,0.37431992369039946,28058,11942,0.70
sequences,0.75,32,12,-22.0,7.18,q1,"(150, 150)",6680,0.053116605213718554,0.3990776770485617,0.07507750880985949,0.3782940636279584,28063,11937,0.70
sequences,0.75,32,12,-22.0,7.18,q2,"(150, 50)",2302,0.13973731184222193,0.3045289981575588,0.07507750880985949,0.3782940636279584,28063,11937,0.70
sequences,0.75,32,12,-22.0,7.18,q3,"(50, 150)",2245,0.04676822225325198,0.389552375502692,0.07507750880985949,0.3782940636279584,28063,11937,0.70
sequences,0.75,32,12,-22.0,7.18,q4,"(50, 50)",710,0.16156528030465797,0.3145853165030284,0.07507750880985949,0.3782940636279584,28063,11937,0.70
sequences,0.75,33,12,-22.0,7.18,q1,"(150, 150)",6765,0.04495004524633884,0.3735535649366059,0.07543077950726576,0.3654688651910826,28069,11931,0.70
sequences,0.75,33,12,-22.0,7.18,q2,"(150, 50)",2267,0.16562658132545685,0.31164896809148124,0.07543077950726576,0.3654688651910826,28069,11931,0.70
sequences,0.75,33,12,-22.0,7.18,q3,"(50, 150)",2170,0.0317688861256381,0.38327098261978115,0.07543077950726576,0.3654688651910826,28069,11931,0.70
sequences,0.75,33,12,-22.0,7.18,q4,"(50, 50)",729,0.20776904177264796,0.30767518933815274,0.07543077950726576,0.3654688651910826,28069,11931,0.70
sequences,0.75,34,12,-22.0,7.18,q1,"(150, 150)",6727,0.04875858614040274,0.3863930834378874,0.07454388483707931,0.3695073811339081,28054,11946,0.70
sequences,0.75,34,12,-22.0,7.18,q2,"(150, 50)",2225,0.1549733456521427,0.3006182832731382,0.07454388483707931,0.3695073811339081,28054,11946,0.70
sequences,0.75,34,12,-22.0,7.18,q3,"(50, 150)",2268,0.032265169724456234,0.377440440188757,0.07454388483707931,0.3695073811339081,28054,11946,0.70
sequences,0.75,34,12,-22.0,7.18,q4,"(50, 50)",726,0.19904840259803827,0.3068649383850558,0.07454388483707931,0.3695073811339081,28054,11946,0.70
sequences,0.75,35,12,-22.0,7.18,q1,"(150, 150)",6679,0.055891416618100494,0.37833783176852087,0.0751334127979959,0.359452831487043,28061,11939,0.70
sequences,0.75,35,12,-22.0,7.18,q2,"(150, 50)",2237,0.13592887274866045,0.29340692708985217,0.0751334127979959,0.359452831487043,28061,11939,0.70
sequences,0.75,35,12,-22.0,7.18,q3,"(50, 150)",2293,0.04112697377513515,0.3688869240621586,0.0751334127979959,0.359452831487043,28061,11939,0.70
sequences,0.75,35,12,-22.0,7.18,q4,"(50, 50)",730,0.17170137616142672,0.29086896334221657,0.0751334127979959,0.359452831487043,28061,11939,0.70
sequences,0.75,36,12,-22.0,7.18,q1,"(150, 150)",6662,0.04321045154101115,0.4005260320736316,0.07492723973120263,0.3855391588062083,28056,11944,0.70
sequences,0.75,36,12,-22.0,7.18,q2,"(150, 50)",2245,0.17237218902121013,0.3248713225840006,0.07492723973120263,0.3855391588062083,28056,11944,0.70
sequences,0.75,36,12,-22.0,7.18,q3,"(50, 150)",2273,0.032109537672207485,0.3905217678209708,0.07492723973120263,0.3855391588062083,28056,11944,0.70
sequences,0.75,36,12,-22.0,7.18,q4,"(50, 50)",764,0.19254238180853875,0.324181838122013,0.07492723973120263,0.3855391588062083,28056,11944,0.70
sequences,0.75,37,12,-22.0,7.18,q1,"(150, 150)",6721,0.056885075615197796,0.36890811326089457,0.0755219429279643,0.3499393029882507,28056,11944,0.70
sequences,0.75,37,12,-22.0,7.18,q2,"(150, 50)",2231,0.13363302156213153,0.27950270644928693,0.0755219429279643,0.3499393029882507,28056,11944,0.70
sequences,0.75,37,12,-22.0,7.18,q3,"(50, 150)",2249,0.040704822313560825,0.36228090345382863,0.0755219429279643,0.3499393029882507,28056,11944,0.70
sequences,0.75,37,12,-22.0,7.18,q4,"(50, 50)",743,0.1750054867207908,0.28068599536742417,0.0755219429279643,0.3499393029882507,28056,11944,0.70
sequences,0.75,38,12,-22.0,7.18,q1,"(150, 150)",6720,0.03340292136313878,0.4022003669827556,0.07395561550552014,0.39684024483402763,28057,11943,0.70
sequences,0.75,38,12,-22.0,7.18,q2,"(150, 50)",2231,0.19831645638354006,0.3573600272007447,0.07395561550552014,0.39684024483402763,28057,11943,0.70
sequences,0.75,38,12,-22.0,7.18,q3,"(50, 150)",2239,0.016184519783806802,0.3931201063072539,0.07395561550552014,0.39684024483402763,28057,11943,0.70
sequences,0.75,38,12,-22.0,7.18,q4,"(50, 50)",753,0.23918078410957938,0.34423480273584817,0.07395561550552014,0.39684024483402763,28057,11943,0.70
sequences,0.75,39,12,-22.0,7.18,q1,"(150, 150)",6711,0.040963711382380016,0.4008371361396101,0.07484336869715935,0.3892089560491702,28067,11933,0.70
sequences,0.75,39,12,-22.0,7.18,q2,"(150, 50)",2252,0.17768188624798645,0.3296133741786855,0.07484336869715935,0.3892089560491702,28067,11933,0.70
sequences,0.75,39,12,-22.0,7.18,q3,"(50, 150)",2259,0.029965212203629667,0.3926941194090164,0.07484336869715935,0.3892089560491702,28067,11933,0.70
sequences,0.75,39,12,-22.0,7.18,q4,"(50, 50)",711,0.21148724244386138,0.349852339717456,0.07484336869715935,0.3892089560491702,28067,11933,0.70
sequences,0.75,40,12,-22.0,7.18,q1,"(150, 150)",6698,0.034659521674852506,0.3863399502615858,0.07420076187285049,0.3831833226120054,28066,11934,0.70
sequences,0.75,40,12,-22.0,7.18,q2,"(150, 50)",2258,0.19358052376553828,0.34235607564185255,0.07420076187285049,0.3831833226120054,28066,11934,0.70
sequences,0.75,40,12,-22.0,7.18,q3,"(50, 150)",2247,0.016855094168534614,0.38172875631886855,0.07420076187285049,0.3831833226120054,28066,11934,0.70
sequences,0.75,40,12,-22.0,7.18,q4,"(50, 50)",731,0.2440276289372816,0.34956237008059327,0.07420076187285049,0.3831833226120054,28066,11934,0.70
sequences,0.75,41,12,-22.0,7.18,q1,"(150, 150)",6683,0.036546180683225536,0.3900132306404957,0.07465101160233727,0.37793550767834566,28056,11944,0.70
sequences,0.75,41,12,-22.0,7.18,q2,"(150, 50)",2296,0.1871298078623155,0.3115015121137794,0.07465101160233727,0.37793550767834566,28056,11944,0.70
sequences,0.75,41,12,-22.0,7.18,q3,"(50, 150)",2245,0.02417769182791448,0.38413872343314964,0.07465101160233727,0.37793550767834566,28056,11944,0.70
sequences,0.75,41,12,-22.0,7.18,q4,"(50, 50)",720,0.22703416675941088,0.32105576283846293,0.07465101160233727,0.37793550767834566,28056,11944,0.70
sequences,0.75,42,12,-22.0,7.18,q1,"(150, 150)",6757,0.05042902736411277,0.36490297425898477,0.07566981264679767,0.3511662896094772,28060,11940,0.70
sequences,0.75,42,12,-22.0,7.18,q2,"(150, 50)",2248,0.15173130255728348,0.2898058500452072,0.07566981264679767,0.3511662896094772,28060,11940,0.70
sequences,0.75,42,12,-22.0,7.18,q3,"(50, 150)",2227,0.04520074164554625,0.36519252577664396,0.07566981264679767,0.3511662896094772,28060,11940,0.70
sequences,0.75,42,12,-22.0,7.18,q4,"(50, 50)",708,0.17089633518368563,0.29373012502921364,0.07566981264679767,0.3511662896094772,28060,11940,0.70
sequences,0.75,43,12,-22.0,7.18,q1,"(150, 150)",6724,0.044822233082973104,0.37472506916909754,0.075006657561681,0.3650368169631399,28063,11937,0.70
sequences,0.75,43,12,-22.0,7.18,q2,"(150, 50)",2241,0.16710881011929535,0.31505898104004154,0.075006657561681,0.3650368169631399,28063,11937,0.70
sequences,0.75,43,12,-22.0,7.18,q3,"(50, 150)",2230,0.032600678639733975,0.37075762982669075,0.075006657561681,0.3650368169631399,28063,11937,0.70
sequences,0.75,43,12,-22.0,7.18,q4,"(50, 50)",742,0.1978159288678265,0.32240847136032885,0.075006657561681,0.3650368169631399,28063,11937,0.70
sequences,0.75,44,12,-22.0,7.18,q1,"(150, 150)",6682,0.048345979173200326,0.3878418445618906,0.07516190662310902,0.37579864310369115,28055,11945,0.70
sequences,0.75,44,12,-22.0,7.18,q2,"(150, 50)",2239,0.15839987852688983,0.33080082001875083,0.07516190662310902,0.37579864310369115,28055,11945,0.70
sequences,0.75,44,12,-22.0,7.18,q3,"(50, 150)",2260,0.029743342541518596,0.3720128873235145,0.07516190662310902,0.37579864310369115,28055,11945,0.70
sequences,0.75,44,12,-22.0,7.18,q4,"(50, 50)",764,0.20010976389028073,0.33769299243195733,0.07516190662310902,0.37579864310369115,28055,11945,0.70
sequences,0.75,45,12,-22.0,7.18,q1,"(150, 150)",6810,0.033699704777894884,0.38921823647357284,0.07492456792709332,0.38811552164483,28067,11933,0.70
sequences,0.75,45,12,-22.0,7.18,q2,"(150, 50)",2240,0.19880187155715712,0.3425826600564593,0.07492456792709332,0.38811552164483,28067,11933,0.70
sequences,0.75,45,12,-22.0,7.18,q3,"(50, 150)",2165,0.016815569896505005,0.3976284538549196,0.07492456792709332,0.38811552164483,28067,11933,0.70
sequences,0.75,45,12,-22.0,7.18,q4,"(50, 50)",718,0.25467685017071734,0.3424555669263801,0.07492456792709332,0.38811552164483,28067,11933,0.70
sequences,0.75,46,12,-22.0,7.18,q1,"(150, 150)",6739,0.05780185959466501,0.3666772520828396,0.07516798268982151,0.3511853322248266,28064,11936,0.70
sequences,0.75,46,12,-22.0,7.18,q2,"(150, 50)",2310,0.12458924805300045,0.2848518458196612,0.07516798268982151,0.3511853322248266,28064,11936,0.70
sequences,0.75,46,12,-22.0,7.18,q3,"(50, 150)",2164,0.05394385549323795,0.3746556785004659,0.07516798268982151,0.3511853322248266,28064,11936,0.70
sequences,0.75,46,12,-22.0,7.18,q4,"(50, 50)",723,0.14265925765900986,0.29489857097662187,0.07516798268982151,0.3511853322248266,28064,11936,0.70
sequences,0.75,47,12,-22.0,7.18,q1,"(150, 150)",6720,0.0329735567595625,0.400579332285609,0.07440670490359796,0.39506904812661325,28055,11945,0.70
sequences,0.75,47,12,-22.0,7.18,q2,"(150, 50)",2187,0.20535959311569346,0.3488798785306864,0.07440670490359796,0.39506904812661325,28055,11945,0.70
sequences,0.75,47,12,-22.0,7.18,q3,"(50, 150)",2274,0.014573726856943586,0.3888543333604295,0.07440670490359796,0.39506904812661325,28055,11945,0.70
sequences,0.75,47,12,-22.0,7.18,q4,"(50, 50)",764,0.24207291051375193,0.356966876817926,0.07440670490359796,0.39506904812661325,28055,11945,0.70
sequences,0.75,48,12,-22.0,7.18,q1,"(150, 150)",6751,0.03338567613232738,0.3838831522302379,0.07502840867935007,0.37770172159684917,28067,11933,0.70
sequences,0.75,48,12,-22.0,7.18,q2,"(150, 50)",2249,0.20022808884207305,0.32347392026460126,0.07502840867935007,0.37770172159684917,28067,11933,0.70
sequences,0.75,48,12,-22.0,7.18,q3,"(50, 150)",2219,0.022523155991848277,0.38574922301722153,0.07502840867935007,0.37770172159684917,28067,11933,0.70
sequences,0.75,48,12,-22.0,7.18,q4,"(50, 50)",714,0.23758465861289704,0.3131415366686491,0.07502840867935007,0.37770172159684917,28067,11933,0.70
sequences,0.75,49,12,-22.0,7.18,q1,"(150, 150)",6695,0.031730330344370436,0.3887821473170359,0.07424895073422495,0.3872314323322927,28066,11934,0.70
sequences,0.75,49,12,-22.0,7.18,q2,"(150, 50)",2244,0.2037129814903578,0.34924006869157254,0.07424895073422495,0.3872314323322927,28066,11934,0.70
sequences,0.75,49,12,-22.0,7.18,q3,"(50, 150)",2272,0.01985400174269328,0.38184756466912856,0.07424895073422495,0.3872314323322927,28066,11934,0.70
sequences,0.75,49,12,-22.0,7.18,q4,"(50, 50)",723,0.2370846389805236,0.3661724374895137,0.07424895073422495,0.3872314323322927,28066,11934,0.70
