pqif,seed,nloop,sigma2,tau_rec,tau_div,tau_con,tau_chn,sim,vrest,gain
0.0,0,15,13.050491040971249,-0.0072629554575713,0.0003087877993661,-0.0049345744217748,0.0003617156925952,1,-8.5,14.44
0.0,1,15,10.858564892805791,0.0010520461249755,-0.0001268428045481,-0.004941986531037,-0.0001614697234205,1,-8.5,14.44
0.0,2,15,10.938580073807282,-0.0004722096337097,-0.0004040079875788,-0.0049411615783151,6.903451209998544e-06,1,-8.5,14.44
0.0,3,15,11.425570442284164,-0.0017313677516474,0.0001412532227234,-0.0049360738102106,1.895632530556472e-05,1,-8.5,14.44
0.0,4,15,10.951790258319797,0.0006320385280063,0.000346425854811,-0.0049522676837761,3.6431019998996393e-05,1,-8.5,14.44
0.0,5,15,10.422796751138977,-0.0131670946570681,0.0005204689388713,-0.0049385753107392,9.483397577143912e-05,1,-8.5,14.44
0.0,6,15,11.296881332593998,-0.0021972618637053,0.0007596669898819,-0.0048990461060632,0.0001299895854227,1,-8.5,14.44
0.0,7,15,11.40294311785888,-0.0034237899731075,0.0007111858118201,-0.0049298983207081,1.0959268804933424e-05,1,-8.5,14.44
0.0,8,15,10.957678110589816,0.0028594737135039,0.0004342709610656,-0.0049416354770519,-0.0002159426456791,1,-8.5,14.44
0.0,9,15,10.433483017374224,-0.0049754233621611,1.048245927718458e-05,-0.0049596030426083,9.02373896505146e-05,1,-8.5,14.44
0.0,10,15,10.937835756401988,-0.0140876565536542,-6.163086490792769e-05,-0.0049359560833132,-1.1461337510639424e-05,1,-8.5,14.44
0.0,11,15,11.470788240310666,-0.0170110252102015,0.0001545115321468,-0.004926898267659,0.0001168366753722,1,-8.5,14.44
0.0,12,15,10.942956242511572,-0.0044676745919576,-0.0009498085045664,-0.0049422490140029,6.591269661017604e-05,1,-8.5,14.44
0.0,13,15,11.33177348652973,-0.0001776409762103,0.0007194558912746,-0.0049303368035341,2.781586081954678e-05,1,-8.5,14.44
0.0,14,15,11.09419726595048,-0.0052350455333004,0.0001644436707481,-0.0049325496023251,0.0003908731515821,1,-8.5,14.44
0.0,15,15,10.709083758873447,0.004375398991207,0.0005006961892858,-0.0049531520436891,6.81404631379671e-05,1,-8.5,14.44
0.0,16,15,10.568089427710357,-0.0082788850322125,-0.0004705432199071,-0.0049351131323056,1.2537347568007778e-05,1,-8.5,14.44
0.0,17,15,10.123319767600451,-0.0013237229432788,-0.0004309963980389,-0.0049067524703182,4.50687428706918e-05,1,-8.5,14.44
0.0,18,15,10.399872417652068,-0.00011621706807,-9.466452513032524e-05,-0.0049526601541504,-4.759767057866313e-06,1,-8.5,14.44
0.0,19,15,10.421676668936598,-0.0034606698371876,-0.000172215836908,-0.0049611664018908,-6.03678657918405e-05,1,-8.5,14.44
0.0,20,15,11.445662905486047,-0.0186070776171328,-0.0008284254407733,-0.0049174213368197,0.0001796091064492,1,-8.5,14.44
0.0,21,15,9.956213845742983,-0.0008314557132886,0.0002703787567641,-0.0049306524959527,2.231951616040352e-05,1,-8.5,14.44
0.0,22,15,12.44272668974798,-0.0102677931715214,-0.0002871642726905,-0.0049007858211096,5.248289751153e-05,1,-8.5,14.44
0.0,23,15,12.63827457846427,-0.000156472421806,0.0003103994914341,-0.0049247839802757,-8.046725588850255e-05,1,-8.5,14.44
0.0,24,15,10.37773093476457,0.0015080634062475,0.0001052049357568,-0.0048985412256315,-8.845324503471259e-05,1,-8.5,14.44
0.0,25,15,9.929660010060552,-0.0004813297994099,1.62736198184947e-05,-0.004904315285811,0.0001748638674248,1,-8.5,14.44
0.0,26,15,10.895611841213858,-0.0109750640665134,0.0004817116684847,-0.0049348452778856,0.0003961518953559,1,-8.5,14.44
0.0,27,15,10.979921008649413,-0.0115533862130147,5.681441876293715e-05,-0.0049470935775635,0.0002751083279803,1,-8.5,14.44
0.0,28,15,11.615282144051193,-0.001243102606024,-0.0006467877923908,-0.0049478287303978,6.958737382105625e-05,1,-8.5,14.44
0.0,29,15,11.279696760503445,-0.0033122330492802,0.0005814639115664,-0.0049262072190464,0.0003413889500555,1,-8.5,14.44
0.0,30,15,11.191570223227808,-0.0013939025645911,0.0008388674642332,-0.0049471939608767,-0.0001242313352878,1,-8.5,14.44
0.0,31,15,12.738545899572548,0.0068836952933754,0.0004453342325204,-0.0049507415547616,6.121018957416623e-05,1,-8.5,14.44
0.0,32,15,10.579599204570032,-0.0007126394600435,0.0001713375229342,-0.00495189750884,-0.000171930179908,1,-8.5,14.44
0.0,33,15,10.543591809158745,0.0067845148305917,-0.0003279597578776,-0.0049532217916926,-0.000108003939746,1,-8.5,14.44
0.0,34,15,11.85064091314879,-0.0113531068855988,-6.430967454964412e-06,-0.0049556518338819,0.0001568731151716,1,-8.5,14.44
0.0,35,15,9.914264060810927,-0.0047571528860443,0.0003455569020184,-0.0049366483495385,9.276522846838928e-05,1,-8.5,14.44
0.0,36,15,10.0817332814815,-0.0078853595024264,0.0008775938005551,-0.0049618709232851,0.0002070531463941,1,-8.5,14.44
0.0,37,15,11.35611013103201,-0.0041923128251872,-0.0001308521310393,-0.0049517697478084,8.093901999672977e-05,1,-8.5,14.44
0.0,38,15,11.582850435500443,-0.0041712664990975,-0.0004374475170651,-0.0049257352003936,0.0002889069067475,1,-8.5,14.44
0.0,39,15,11.265657823277138,-0.0025103187833274,-0.0004440853273665,-0.0049445997581143,1.431057102321342e-05,1,-8.5,14.44
0.0,40,15,10.864257474151165,0.0055510689693376,-0.0004489242916515,-0.0049535428476393,-0.0001496306600822,1,-8.5,14.44
0.0,41,15,10.526543891647693,0.0272149779165965,0.0005989311535977,-0.0049282771066964,-0.0002405635080591,1,-8.5,14.44
0.0,42,15,12.146286824598214,0.0106699942472918,0.0001891198564758,-0.004925356383355,-4.367602385827708e-05,1,-8.5,14.44
0.0,43,15,11.10947347131373,-0.0025135783297625,-0.0006707494787298,-0.0049593259078264,0.0002052062788267,1,-8.5,14.44
0.0,44,15,10.751807103633524,-0.0051949186447524,0.0008580612505034,-0.0049485897885154,0.0001287404326133,1,-8.5,14.44
0.0,45,15,10.664550891714384,0.0074157370315398,0.0009353823005415,-0.0049454689212502,3.0783135462500985e-05,1,-8.5,14.44
0.0,46,15,10.279202929176428,0.0006457984879463,-7.120414553906613e-05,-0.0049579243711565,-6.778823988921511e-05,1,-8.5,14.44
0.0,47,15,10.805978585125,-0.004507676571851,-5.631350975239039e-05,-0.0049271114692193,6.798951713151525e-05,1,-8.5,14.44
0.0,48,15,12.193538740874924,-0.0037571371881148,0.0013363179089457,-0.0049471710082088,3.557939631085025e-05,1,-8.5,14.44
0.0,49,15,11.18208864468714,0.0116514235201416,0.0005864138983894,-0.0049289907181918,-1.5660986995045902e-06,1,-8.5,14.44
0.25,0,15,12.722973147417097,-0.0276129864058556,5.6572834576679385e-05,-0.0048255863969049,0.0001674507153398,1,-8.5,14.44
0.25,1,15,11.611555344533231,-0.0329910386377658,-0.0001971210598073,-0.0047959055365954,-9.493721350711946e-06,1,-8.5,14.44
0.25,2,15,11.662436301088947,-0.027822763178142,0.0002872556897004,-0.0048414482530533,0.000466049324655,1,-8.5,14.44
0.25,3,15,12.600323695129868,-0.0161931428554318,-0.000485340524265,-0.0047842234791536,0.0005107866862429,1,-8.5,14.44
0.25,4,15,12.299399460489209,-0.0264074418943933,-0.0001209009535094,-0.0046777583048175,0.0007520406862752,1,-8.5,14.44
0.25,5,15,11.508886043580851,-0.0410928626722705,-2.641368134930801e-05,-0.0048227125045521,0.0006307181865499,1,-8.5,14.44
0.25,6,15,11.671436077704048,-0.0275568790554171,-1.7575930717219613e-05,-0.0048287261759697,0.0006125701086826,1,-8.5,14.44
0.25,7,15,11.457091525593484,-0.0166244210463696,-0.0002849581741027,-0.0047902034664733,0.0001817633478576,1,-8.5,14.44
0.25,8,15,11.190511732270346,-0.0293660298669192,0.0018054137728127,-0.0048166178437667,4.453450348343425e-05,1,-8.5,14.44
0.25,9,15,12.09671665398134,-0.0262970914860092,-0.0005332599519791,-0.0047937199300447,0.0005469622273536,1,-8.5,14.44
0.25,10,15,13.354214272847576,0.0005646260738309,0.0002560749122499,-0.0047544007724035,1.0247750173949122e-05,1,-8.5,14.44
0.25,11,15,11.216406531001034,-0.0322733531485486,9.139603440288448e-05,-0.0048225858802043,0.0005517356830725,1,-8.5,14.44
0.25,12,15,11.180656371382366,-0.0340932880015368,-0.0005613228587955,-0.0047951364206002,0.0006964589709089,1,-8.5,14.44
0.25,13,15,11.58541413006922,-0.0346472055607241,-0.0002662510955117,-0.0048019931326781,0.0002812807138533,1,-8.5,14.44
0.25,14,15,11.67827813879197,-0.0211158591621671,0.0004636413146499,-0.0048258002990722,0.0004819438206604,1,-8.5,14.44
0.25,15,15,11.886614886342093,-0.0407568088092187,0.0006321983947793,-0.0048014897670456,0.0004340102531878,1,-8.5,14.44
0.25,16,15,11.486040364845246,-0.0360773295249227,-0.0001064802649287,-0.0048262259709189,0.0004609815618207,1,-8.5,14.44
0.25,17,15,13.284564034327472,-0.0179230042256909,-6.122893821013113e-05,-0.0048150612152417,0.0001148483919533,1,-8.5,14.44
0.25,18,15,12.08838984198313,-0.0392232969847591,0.0001292988802426,-0.0048489371288108,0.000476805329184,1,-8.5,14.44
0.25,19,15,11.640279718360455,-0.0270474355838189,0.0008636165721455,-0.0048805197402324,0.0002841701531318,1,-8.5,14.44
0.25,20,15,12.106059106276868,-0.0143929490956838,0.0005823502285634,-0.0048496361338984,0.0002408972465127,1,-8.5,14.44
0.25,21,15,11.812071509075372,-0.028158665516182,-0.0004810150819865,-0.0047993803626908,0.0004101803304421,1,-8.5,14.44
0.25,22,15,11.46926852784966,-0.0296762247729304,-5.282260834662036e-06,-0.0047603875261286,0.0009785622060697,1,-8.5,14.44
0.25,23,15,11.304190279745663,-0.0188172077224801,8.78846361438193e-05,-0.0048086710417299,0.0004585062350789,1,-8.5,14.44
0.25,24,15,12.657742581015114,-0.0297196302636716,8.561204281817994e-05,-0.0047476295681252,0.0002935947316392,1,-8.5,14.44
0.25,25,15,11.724802070902363,-0.0400093601250158,0.0004845236387056,-0.0047550510024748,0.0002196569018506,1,-8.5,14.44
0.25,26,15,11.288448152154944,-0.0219127380719919,-8.715068996995344e-05,-0.0048516189854168,0.0001313396894116,1,-8.5,14.44
0.25,27,15,10.92607137420188,-0.0285312265897865,0.0001082189663102,-0.0048343439803963,5.912634677976966e-05,1,-8.5,14.44
0.25,28,15,10.73578090829577,-0.0299615426140604,-6.571050912224117e-05,-0.0048306691644757,0.0002804212828451,1,-8.5,14.44
0.25,29,15,10.817138363979444,-0.0252142722905602,0.0001999871213577,-0.0048429297964047,0.0006284323213828,1,-8.5,14.44
0.25,30,15,11.950348108488788,-0.0265119938732391,-0.0004587284177255,-0.0047519915742747,0.0004540282337214,1,-8.5,14.44
0.25,31,15,11.777765643699563,-0.032096509088859,0.0004751498694965,-0.0048179209555467,0.0008549460304413,1,-8.5,14.44
0.25,32,15,11.675300088252325,-0.0407005682290327,0.0014261519087255,-0.0048468422723175,0.0003328826002524,1,-8.5,14.44
0.25,33,15,11.442239708890847,-0.0403997476473856,0.0002631456023108,-0.0047112813717465,0.0003551849247308,1,-8.5,14.44
0.25,34,15,12.366016198020006,-0.0259562533556185,3.019131528613837e-05,-0.0047716003058032,0.0004349132369137,1,-8.5,14.44
0.25,35,15,11.432724636326425,-0.0270816448141026,0.0001876409673183,-0.004826341667954,0.0004827804103111,1,-8.5,14.44
0.25,36,15,12.43818851755102,-0.0318636946705163,6.520182274578848e-05,-0.0047824200695119,0.000584076300205,1,-8.5,14.44
0.25,37,15,12.296866385933724,-0.0259720968905275,0.0003254760872199,-0.0048141341352769,0.0006748163261817,1,-8.5,14.44
0.25,38,15,12.78165052455719,-0.0222792997953875,0.0006191729546019,-0.0048010787997357,0.0005172985957257,1,-8.5,14.44
0.25,39,15,11.786322536096645,-0.0293919852233624,0.0014260774208274,-0.0048454263922852,0.0005391260918652,1,-8.5,14.44
0.25,40,15,12.26455403051566,-0.0318760367780428,0.0008900519665031,-0.0047574642546021,0.0003185196171191,1,-8.5,14.44
0.25,41,15,12.565933340383308,-0.0232557779458429,-0.000161994223455,-0.0048326091268371,0.0004363549532078,1,-8.5,14.44
0.25,42,15,11.866740255908544,-0.0302792840215273,0.0001133383986253,-0.0048426627116902,0.0003741064048793,1,-8.5,14.44
0.25,43,15,11.637625384337705,-0.0140516892376362,-1.8696793491687144e-06,-0.0048081019095979,6.261328030093723e-06,1,-8.5,14.44
0.25,44,15,12.298774190497594,-0.0234378157947146,-0.000608305899524,-0.004802715380258,7.262113086055726e-05,1,-8.5,14.44
0.25,45,15,10.641137161418246,-0.0350695937928448,-0.0005288444874056,-0.0048484356081423,0.0004227189893523,1,-8.5,14.44
0.25,46,15,10.968359824349792,-0.0284071929698389,0.0001901287156867,-0.0047747703511183,0.0007522917490307,1,-8.5,14.44
0.25,47,15,12.795384159714436,-0.0198787660497463,-0.0009329373915705,-0.0047943404151992,-2.8626258544347894e-05,1,-8.5,14.44
0.25,48,15,12.08540357363833,-0.0142937099042132,0.0002936745339732,-0.0048576664943009,0.0001505888986199,1,-8.5,14.44
0.25,49,15,11.751162620391732,-0.0414077081359184,0.0002887392201705,-0.0048592356432289,0.0005266886433188,1,-8.5,14.44
0.5,0,15,12.293012283907178,-0.0522394695736751,0.000390366235855,-0.0046909822305111,0.0002164567577891,1,-8.5,14.44
0.5,1,15,13.242411486914532,-0.0345078618390166,2.6042852536027548e-05,-0.0046667793069017,0.0002717545466359,1,-8.5,14.44
0.5,2,15,12.549276352910042,-0.0396967437096301,0.0006727217100871,-0.0046764355001704,0.0004851858021326,1,-8.5,14.44
0.5,3,15,12.781736375263865,-0.0391252786424917,0.0005348253016953,-0.0046940694436508,0.0007440126640827,1,-8.5,14.44
0.5,4,15,13.29905898545751,-0.0374694238461272,-0.0001147899863174,-0.0046120983675419,0.0007834088420948,1,-8.5,14.44
0.5,5,15,12.28719918363799,-0.055750272949966,-0.0008871789015771,-0.0047173894264828,0.0009524314166651,1,-8.5,14.44
0.5,6,15,12.807552026723052,-0.0441783849542536,0.0004801981415827,-0.0045726409975667,0.0005646985094959,1,-8.5,14.44
0.5,7,15,12.37626984625461,-0.0407727598726083,0.0007731491570827,-0.0046415726578432,0.0009493516885654,1,-8.5,14.44
0.5,8,15,12.442334994784105,-0.0562265779987405,9.9912437618132e-05,-0.0045068686957312,0.0007666936802926,1,-8.5,14.44
0.5,9,15,12.123270548663069,-0.042837401078904,0.0006193590285567,-0.0047310497432482,0.0005640038060983,1,-8.5,14.44
0.5,10,15,12.68760978820665,-0.0310453133038839,1.3104679432998313e-06,-0.0046674021264527,0.0004359733418883,1,-8.5,14.44
0.5,11,15,13.359115842411022,-0.0284711925683386,-0.0007857463104888,-0.0045923471002898,0.0004733321218327,1,-8.5,14.44
0.5,12,15,12.75841939615043,-0.0587974491856731,-0.0003501602011445,-0.0046696669264346,0.000813168613641,1,-8.5,14.44
0.5,13,15,12.73199581588315,-0.01690164117809,0.0002005571274594,-0.0045479148365024,0.0008527366911412,1,-8.5,14.44
0.5,14,15,13.304579882738963,-0.0111485537778626,0.0012489797317632,-0.004716342007211,0.0004920717684081,1,-8.5,14.44
0.5,15,15,12.661615335943146,-0.0299998139114638,-0.000627322052953,-0.0044745028354956,0.0009558624076237,1,-8.5,14.44
0.5,16,15,12.503280458845207,-0.0389784835190481,-0.0003027393235109,-0.004726325760322,0.0003775227486361,1,-8.5,14.44
0.5,17,15,12.674389051135824,-0.0455668805972852,0.0008219816860233,-0.0046315717884297,0.0006152027643497,1,-8.5,14.44
0.5,18,15,12.13491589876022,-0.0389916060721729,0.000172974176066,-0.0045998894890883,0.0004641231617469,1,-8.5,14.44
0.5,19,15,13.81942249929653,-0.0468832276873484,-0.000591788044285,-0.0046382409380593,0.000674614667511,1,-8.5,14.44
0.5,20,15,13.43536101883425,-0.0347435282930235,0.0002080494166156,-0.0046895674664477,0.000674563189511,1,-8.5,14.44
0.5,21,15,11.863101506904805,-0.0432960529734827,-0.0010446074767494,-0.0047019509559005,0.0005642067405913,1,-8.5,14.44
0.5,22,15,13.501554461514004,-0.0308420388342031,-0.0001019269359588,-0.0046329162141828,0.0003918466639923,1,-8.5,14.44
0.5,23,15,13.180325130625238,-0.028588322843488,-0.0002589207395309,-0.0045243963852805,0.000395994354473,1,-8.5,14.44
0.5,24,15,12.669414785334013,-0.0476363042480072,-0.0002441171324027,-0.0046097572370728,0.0006626745312018,1,-8.5,14.44
0.5,25,15,12.82346731470654,-0.0341038380673668,0.0015686908671559,-0.0046079210601624,0.0002223475698694,1,-8.5,14.44
0.5,26,15,13.262932004103396,-0.0326242151064429,0.0004376877511521,-0.0046154663928751,0.0001711697545681,1,-8.5,14.44
0.5,27,15,12.228374009974951,-0.0419529506083868,0.0005330881820733,-0.0047179703616992,0.0006088269147101,1,-8.5,14.44
0.5,28,15,12.43286452005626,-0.0349511457364686,-0.0006038500806694,-0.0046924636927075,0.0005084860079498,1,-8.5,14.44
0.5,29,15,12.865718442288523,-0.0325553911726071,3.730701592860746e-05,-0.0046225707187407,0.0006202866204283,1,-8.5,14.44
0.5,30,15,12.318988360641656,-0.0318559749487607,-0.0004629223286611,-0.0047241804445753,0.0003448296811491,1,-8.5,14.44
0.5,31,15,13.275144792687406,-0.0308647229895758,4.453222723847067e-05,-0.0046640150096625,0.0004693223962265,1,-8.5,14.44
0.5,32,15,14.5097520200031,-0.0398177549826296,0.000156205820808,-0.0046366757111874,0.0005851621439569,1,-8.5,14.44
0.5,33,15,13.085360113703556,-0.0303397959792423,-2.280420233288095e-05,-0.0046677538590148,0.0007653480920368,1,-8.5,14.44
0.5,34,15,12.128717542809811,-0.0422108193446884,0.000638938568228,-0.0045961198603885,0.0010673180297947,1,-8.5,14.44
0.5,35,15,13.153080255914649,-0.0412619247214061,-0.0004712212900391,-0.0046996122591095,0.0008427665746912,1,-8.5,14.44
0.5,36,15,12.58546372323126,-0.050474361803554,0.0003920385439905,-0.0045693036629434,0.0002409647596454,1,-8.5,14.44
0.5,37,15,12.38621775202474,-0.0288044615522366,-0.0001167270523118,-0.0046878054781977,0.0005110773062769,1,-8.5,14.44
0.5,38,15,12.633564873736535,-0.0329401391912075,-0.0004259742214937,-0.0047214531002883,0.000289956594611,1,-8.5,14.44
0.5,39,15,12.358103477078815,-0.020700881736242,0.0003548872111366,-0.0047343164965981,0.0003629731827973,1,-8.5,14.44
0.5,40,15,13.167091298899736,-0.0341408780696483,-0.0007055253514208,-0.0046383711287838,0.0002080670377105,1,-8.5,14.44
0.5,41,15,13.122302491931611,-0.0366570062980417,-0.0003817727041693,-0.0046836447094794,0.0003670879005916,1,-8.5,14.44
0.5,42,15,13.320110716999068,-0.0427492644874392,-0.0002575736313689,-0.0046878379836172,0.0005744790848263,1,-8.5,14.44
0.5,43,15,12.844689606751938,-0.049217885534502,0.0003766481492479,-0.0046663435090528,0.0003083035140846,1,-8.5,14.44
0.5,44,15,14.359509635697416,-0.0244578718480161,-0.0001665368729477,-0.0044822927856532,0.0004786157643518,1,-8.5,14.44
0.5,45,15,12.171469948386052,-0.0477065971068049,-4.15652443320484e-05,-0.0045426190977799,0.0005281298534502,1,-8.5,14.44
0.5,46,15,12.7944897171482,-0.0434963266147955,-8.045071614647631e-05,-0.0045853414350885,0.0002495718671235,1,-8.5,14.44
0.5,47,15,13.97969711006793,-0.0448010394556948,0.0012794164155051,-0.0046420442296719,0.0002896398763305,1,-8.5,14.44
0.5,48,15,12.548375790405611,-0.0404551213304582,0.0002880346105576,-0.0047181623270129,0.0003476237336381,1,-8.5,14.44
0.5,49,15,12.587637659656592,-0.0263695752675744,0.000605526819827,-0.0046996611475009,0.0006645267503359,1,-8.5,14.44
0.75,0,15,14.951403926150087,-0.0548541030614991,0.0001079845984417,-0.0045550107911364,0.0004306908939689,1,-8.5,14.44
0.75,1,15,14.001210363063546,-0.0528702036212632,-0.000192548096226,-0.0047469661191322,0.0005264851002987,1,-8.5,14.44
0.75,2,15,14.84250222190429,-0.0532325435430207,-0.0002803850427168,-0.0045950687068875,0.0003533123326832,1,-8.5,14.44
0.75,3,15,14.3766826386297,-0.0442315753975755,5.584028045006881e-06,-0.0044590133256226,0.0011089047867334,1,-8.5,14.44
0.75,4,15,14.642035500209154,-0.0510942313311285,0.000167618765453,-0.0046271289865691,0.0005440730197512,1,-8.5,14.44
0.75,5,15,14.49828793563237,-0.0638143387547502,0.0002817550149704,-0.004608502904559,0.0007880646823829,1,-8.5,14.44
0.75,6,15,15.073458106728308,-0.0497367661907372,0.0006793961033012,-0.0047693133731087,0.0002962910015167,1,-8.5,14.44
0.75,7,15,14.44421134482092,-0.0580092152686077,-0.0007223248354982,-0.004529708821488,0.0006148206251365,1,-8.5,14.44
0.75,8,15,14.300944241186592,-0.0501846665034299,-0.0006386534947439,-0.0045889061812872,0.000613437732266,1,-8.5,14.44
0.75,9,15,15.183053635677185,-0.0416643937809987,0.0001705509322855,-0.0046600966617128,0.0008147684091624,1,-8.5,14.44
0.75,10,15,14.832654194242036,-0.0432144465152119,-0.0002973002695398,-0.0046507867074402,0.0006125188340007,1,-8.5,14.44
0.75,11,15,14.76226127600776,-0.0506278295769698,-0.0002467794802853,-0.0045432714324142,0.0007735896645328,1,-8.5,14.44
0.75,12,15,15.165895666160903,-0.0453945755053562,0.0001482995471226,-0.0045926695744307,0.0002347984070997,1,-8.5,14.44
0.75,13,15,14.02765004218977,-0.0504214876016689,-0.0004382681537995,-0.0045483799300513,0.0006466608637712,1,-8.5,14.44
0.75,14,15,14.520191863390725,-0.0527488590789126,0.000906556529107,-0.0045281530433374,0.000897000007229,1,-8.5,14.44
0.75,15,15,14.54863424311422,-0.0652701982695146,-0.0002123156479763,-0.0045720912758266,0.0003155496891029,1,-8.5,14.44
0.75,16,15,14.884443701775028,-0.0553323172309793,-0.0002824889470813,-0.0045950051211243,0.0009398275172034,1,-8.5,14.44
0.75,17,15,14.596977471836032,-0.0565586395081075,-0.0001556170430604,-0.0045045365162449,0.00069122453151,1,-8.5,14.44
0.75,18,15,13.914939240614489,-0.0557467890251974,-0.0007944009952511,-0.0046356686816845,0.000536914115299,1,-8.5,14.44
0.75,19,15,14.29210954510369,-0.0567495819346135,-0.0006638489968726,-0.0047139561403349,0.0007617265940033,1,-8.5,14.44
0.75,20,15,15.174641684887224,-0.0513836061358819,-0.0004963339411255,-0.004671285127742,0.0003277354049811,1,-8.5,14.44
0.75,21,15,14.267408005938265,-0.059946348626343,0.0001017111123476,-0.0046005444630345,0.0007252045387789,1,-8.5,14.44
0.75,22,15,14.82144510554642,-0.0391697515799285,0.0007146104792271,-0.0046283520909375,0.000613619968776,1,-8.5,14.44
0.75,23,15,14.013094124843631,-0.0646461021404421,-0.000854345106234,-0.0045932794834454,0.0003966125887164,1,-8.5,14.44
0.75,24,15,14.53044907431945,-0.0500828159475027,0.0014022548190443,-0.0046135981175815,0.0004521619542155,1,-8.5,14.44
0.75,25,15,14.670806387001743,-0.0460722154193914,0.0001324291841312,-0.0046919774510208,0.0001908893552742,1,-8.5,14.44
0.75,26,15,15.5190568370281,-0.0344755495564871,0.0003816665114915,-0.0046280512635545,0.0001724311812889,1,-8.5,14.44
0.75,27,15,14.623803084962985,-0.0606077265118187,0.0004011172837343,-0.0047464357484706,0.0006130166893722,1,-8.5,14.44
0.75,28,15,13.91247272705526,-0.0737005145899286,4.335254234874485e-05,-0.004730764888105,0.0010039745454686,1,-8.5,14.44
0.75,29,15,14.786241133904523,-0.0648015163135,0.0004437577951723,-0.0046511519884313,0.001151563345479,1,-8.5,14.44
0.75,30,15,14.12934161832366,-0.0561336935440586,6.427952178169412e-05,-0.0045688753105835,-4.508599952812489e-05,1,-8.5,14.44
0.75,31,15,14.564074176020243,-0.0432022886971571,0.0002206805870206,-0.004656199304627,0.0005844123238296,1,-8.5,14.44
0.75,32,15,14.4009477472343,-0.0647442295816828,0.000238373161963,-0.0046340518673471,0.0006042151682788,1,-8.5,14.44
0.75,33,15,14.57242274814302,-0.0621042719704215,-0.0001722978033931,-0.004540538036569,0.0012210264797509,1,-8.5,14.44
0.75,34,15,14.195281029403745,-0.0527096318584117,5.7863066802217246e-05,-0.0045876732648805,0.0007022584842453,1,-8.5,14.44
0.75,35,15,16.016353767182487,-0.0531080014624143,2.6855856831899e-05,-0.0045919642106718,0.0001181572637358,1,-8.5,14.44
0.75,36,15,15.449767034506886,-0.0552648094772018,0.0005687233412459,-0.0046342663629419,0.0005863865899263,1,-8.5,14.44
0.75,37,15,14.251963338668132,-0.0565829010881345,-0.0001408661989041,-0.004641625257168,0.0005139428044835,1,-8.5,14.44
0.75,38,15,14.890287306081596,-0.0441431385884487,-0.0004468949366339,-0.0046111930654065,0.0006541080193848,1,-8.5,14.44
0.75,39,15,14.410799075871196,-0.0482302391463943,0.0001821939566216,-0.0046137796130601,0.0005269431529431,1,-8.5,14.44
0.75,40,15,13.855116334034792,-0.0633452545919153,-2.8807884396666676e-05,-0.0046242745107268,0.0005621665522206,1,-8.5,14.44
0.75,41,15,14.315757093303784,-0.0500926891392977,0.0001395259569638,-0.0046483426725439,0.0006801054242155,1,-8.5,14.44
0.75,42,15,14.554687799975882,-0.0462035033992064,0.0001838629851817,-0.0045575711170902,0.0006774613644417,1,-8.5,14.44
0.75,43,15,14.921612304472465,-0.061730515747811,-0.0006034219975369,-0.0046976346284531,0.0007742114286263,1,-8.5,14.44
0.75,44,15,14.93582131328511,-0.0592246274962309,-0.000279746802404,-0.0045809446706929,0.0005406786418507,1,-8.5,14.44
0.75,45,15,14.69365763410216,-0.0450754064906057,0.0003511186856655,-0.0046425200027041,0.0002667701226192,1,-8.5,14.44
0.75,46,15,14.0159487459342,-0.0540064021546342,0.0007684475291634,-0.0046234606624163,5.1495950061027104e-05,1,-8.5,14.44
0.75,47,15,14.919822524918546,-0.0359817320621192,0.000932464683988,-0.004603003517251,5.6848750324981856e-05,1,-8.5,14.44
0.75,48,15,13.496770180312774,-0.0302569306792878,0.0001082154084252,-0.0046119088775119,-0.0001246177486113,1,-8.5,14.44
0.75,49,15,14.85709440415616,-0.0536072008657745,-0.0006954371534341,-0.0046450452091582,0.0008910784906889,1,-8.5,14.44
1.0,0,15,16.63244537906534,-0.082564162721898,0.0004743288419644,-0.0047391101527198,0.0008423449494634,1,,10.74
1.0,1,15,16.953627636968704,-0.0644670091430957,0.0003984555306206,-0.004772590756321,0.0010182304269123,1,,10.74
1.0,2,15,16.560674193926797,-0.0806380327595765,0.000431926541181,-0.0047986935850047,0.0007708108456524,1,,10.74
1.0,3,15,16.58508901466894,-0.0693836396969676,-2.914167387495189e-05,-0.0048183222192715,0.0006643097381254,1,,10.74
1.0,4,15,16.932591951590826,-0.0664949506626899,0.000235870462696,-0.004740890009006,0.0002710484188461,1,,10.74
1.0,5,15,17.068428685651103,-0.076171918680122,-0.0004822724577709,-0.0047345271464004,0.0011709944998773,1,,10.74
1.0,6,15,16.222335848190276,-0.0886567865622759,0.0001518407604821,-0.0047572453615115,0.0010341581477536,1,,10.74
1.0,7,15,17.22381096204127,-0.0732934652855946,0.0001756656816585,-0.0047543239531254,0.001012223319577,1,,10.74
1.0,8,15,15.986615247227771,-0.0551581201372817,-0.0001458082625345,-0.0048379660006633,0.0007654134720804,1,,10.74
1.0,9,15,17.403379144717505,-0.0762052691401151,-0.0007448233362414,-0.004732088484447,0.000859507739933,1,,10.74
1.0,10,15,17.526496009870364,-0.0854232858283025,-0.000407460577328,-0.0047631047064647,0.0009157346485964,1,,10.74
1.0,11,15,16.67835828957964,-0.0890278609128936,2.4428189169343676e-05,-0.0047932130123153,0.0008694238077435,1,,10.74
1.0,12,15,16.292980269086275,-0.0736921983460129,0.000309488015451,-0.0046493739847316,0.001034377262022,1,,10.74
1.0,13,15,16.628343780391354,-0.0876651293332878,0.0002870391615019,-0.0047568651241857,0.0009002302976825,1,,10.74
1.0,14,15,16.870883765455368,-0.0547313046033383,-0.0005576059251489,-0.0047586567556387,0.0008001666143299,1,,10.74
1.0,15,15,16.58008914997039,-0.0901853963391611,0.0003454340982736,-0.0048312968116713,0.0008526855468717,1,,10.74
1.0,16,15,16.586123236257983,-0.068270275606406,0.0003294488021512,-0.0047536012324383,0.0007644255330098,1,,10.74
1.0,17,15,16.694527817980898,-0.0798440017612512,-0.0002700769636311,-0.0047605359636789,0.0010753098730758,1,,10.74
1.0,18,15,16.93908244929971,-0.0721259809831835,0.0003008252075279,-0.0046799029932557,0.0008641874952111,1,,10.74
1.0,19,15,16.503537704744303,-0.0808089809131201,3.0820386541809106e-05,-0.0048114053693565,0.0005424562245692,1,,10.74
1.0,20,15,16.959224915383185,-0.0797552808812272,0.00017578714018,-0.0047261581228717,0.0007405715942248,1,,10.74
1.0,21,15,16.290812643438354,-0.0745137124421767,0.0007092694510067,-0.0047704950593809,0.0010021676152725,1,,10.74
1.0,22,15,17.33070885618796,-0.0540333880878231,0.0007246477456012,-0.0047575259956459,0.0008659563608238,1,,10.74
1.0,23,15,16.758633527167817,-0.0672199316108993,-0.0003556845662768,-0.0047744695606033,0.0005716162846586,1,,10.74
1.0,24,15,16.628941925452875,-0.0833307854503369,-1.891916367046992e-05,-0.0047164566351927,0.0010172147306521,1,,10.74
1.0,25,15,16.9169368067399,-0.0666939249340405,0.0002174821258432,-0.0046497874574382,0.0009369273560878,1,,10.74
1.0,26,15,16.432866934010857,-0.0778832713335845,0.0001263781318493,-0.0047392275999103,0.0011380087308099,1,,10.74
1.0,27,15,17.10014507111194,-0.064201710126647,0.0014028585457268,-0.0046913670376545,0.0007866730242016,1,,10.74
1.0,28,15,16.556448681866986,-0.0882196858732082,0.00045141017534,-0.0047548351385066,0.0008219420117757,1,,10.74
1.0,29,15,18.121286901900607,-0.0561602039337875,0.000874623334161,-0.0046468140950341,0.0008829638002883,1,,10.74
1.0,30,15,17.734779083615514,-0.0566627203937658,-0.0009172596751968,-0.0046556883431929,0.000948867218575,1,,10.74
1.0,31,15,16.66693506281535,-0.0734182937087735,-0.0006579245415791,-0.0047703719949134,0.0008170249573117,1,,10.74
1.0,32,15,16.158261102923486,-0.0809854767547007,0.0007096500842179,-0.0048124526386517,0.0006967088578744,1,,10.74
1.0,33,15,16.316454070223248,-0.0740672693154637,-0.0001283026425052,-0.0047743364605283,0.0005904627530622,1,,10.74
1.0,34,15,16.593816647882697,-0.0874212952315658,9.560222221013096e-05,-0.0047457082537982,0.00112553953777,1,,10.74
1.0,35,15,15.9945432385331,-0.0734967418119358,0.0001000041701881,-0.004757317152617,0.0009889930025895,1,,10.74
1.0,36,15,16.477710958534107,-0.075561414737993,-0.000231704497287,-0.0048529517874503,0.0008272063433247,1,,10.74
1.0,37,15,16.348025353795432,-0.0784116691088547,0.0001596504211073,-0.0047709167206975,0.0009931494950823,1,,10.74
1.0,38,15,17.441400086225293,-0.0681610013917307,-0.0006687757359172,-0.0047399171135452,0.0003417767206205,1,,10.74
1.0,39,15,16.27733209656463,-0.0716567177709659,0.0002516507743584,-0.0047500507630894,0.000772203585118,1,,10.74
1.0,40,15,16.962565239075897,-0.0815378255039174,0.0004053222653817,-0.0048008815985395,0.0007732662781918,1,,10.74
1.0,41,15,16.654258299518805,-0.0855149778720672,0.0004864108032027,-0.0048111086378338,0.0007086368724722,1,,10.74
1.0,42,15,17.210118605581314,-0.074677500436489,-4.035099900073975e-05,-0.004674749808974,0.0011350262290951,1,,10.74
1.0,43,15,16.480820309597263,-0.0646011809165458,-0.0008744459723464,-0.0048174110501352,0.0005453336927596,1,,10.74
1.0,44,15,17.33287203336763,-0.0768015079951594,9.188277759201076e-05,-0.0047465544786325,0.0009543806079189,1,,10.74
1.0,45,15,16.891598036257893,-0.072391753717273,-0.0004990103237973,-0.004776023869194,0.0009001923038025,1,,10.74
1.0,46,15,16.884758525016274,-0.0974872964598641,-0.0002999230722433,-0.0047813781669071,0.0016147086814431,1,,10.74
1.0,47,15,16.495773033879008,-0.0763303623548893,0.000146194641146,-0.0047523511193445,0.0008640739970404,1,,10.74
1.0,48,15,16.168195245708226,-0.0741728199876652,-0.0007757309317495,-0.0048035215886938,0.0008169847686993,1,,10.74
1.0,49,15,16.20142226110227,-0.0836557430785413,0.0001768193685797,-0.0047762643417569,0.0007045924052248,1,,10.74
0.0,0,15,14.567677413385445,0.0104610455762917,0.0003512920109253,-0.0049640305097943,-0.000160763802455,2,-12.3,10.68
0.0,1,15,14.154509079656512,0.0123820967214755,-0.0003058981026041,-0.004975181622119,3.655829004988244e-05,2,-12.3,10.68
0.0,2,15,13.866644033885768,-0.0048206012884448,0.000334203787828,-0.004966221209595,0.0001786028900664,2,-12.3,10.68
0.0,3,15,13.398357249254213,-0.0095421009271832,0.0006127844784928,-0.004945674367058,0.0005053367635114,2,-12.3,10.68
0.0,4,15,14.325705884715466,-0.0022806281147874,-0.0001740218243547,-0.0049506420026286,0.0001336176598545,2,-12.3,10.68
0.0,5,15,13.751552457922658,0.0077142383469194,-8.399987370815252e-05,-0.0049471058588168,7.99432010334137e-05,2,-12.3,10.68
0.0,6,15,13.809326190655945,0.0087212510609193,0.0009830134580647,-0.004953763161572,0.0001559517273621,2,-12.3,10.68
0.0,7,15,13.601075134015472,0.0189591567967241,5.308093973781103e-05,-0.004917906167338,-8.084846277648888e-05,2,-12.3,10.68
0.0,8,15,13.597488508654278,-0.0004066054411659,7.588534158375074e-05,-0.004983224942723,-7.721512561522055e-05,2,-12.3,10.68
0.0,9,15,14.640253342142207,0.0034018152385095,0.0003187369968219,-0.0049211055462841,-1.9352400160068544e-05,2,-12.3,10.68
0.0,10,15,14.294415854256956,0.0029769833049728,-0.0002360493067659,-0.0049140786472482,6.583294297790858e-05,2,-12.3,10.68
0.0,11,15,15.317145903636826,0.0119463075002667,0.0005983343881984,-0.0049385527942909,-0.0002625845437717,2,-12.3,10.68
0.0,12,15,14.02810735428062,0.000445430638347,0.0007356689259159,-0.0049558061366978,-0.0001128210609096,2,-12.3,10.68
0.0,13,15,14.465738405214127,0.0030475708913108,-0.0001301854151728,-0.0049601915104938,-3.0750562411276495e-05,2,-12.3,10.68
0.0,14,15,14.186867180924173,0.000424471964178,0.0005069860489112,-0.004952825676205,-0.000185825851223,2,-12.3,10.68
0.0,15,15,15.9508063566271,-0.0049970065760594,0.0002094672211557,-0.0049449753395823,-7.412163380718374e-05,2,-12.3,10.68
0.0,16,15,14.158460845836284,0.002204396988375,0.001164260385682,-0.0049609706847179,0.000102997744054,2,-12.3,10.68
0.0,17,15,14.19567421348875,0.0109762663727458,5.083143015225986e-05,-0.0049562060267461,0.0001006054537345,2,-12.3,10.68
0.0,18,15,14.768264461322127,0.005179312533334,0.001074357807244,-0.0049648792865842,2.4689392088064053e-05,2,-12.3,10.68
0.0,19,15,13.08102018974774,0.0235778078751313,-0.0001958918586546,-0.0049376657002643,-0.0001680688501259,2,-12.3,10.68
0.0,20,15,14.173923898395795,-0.0023395672252915,0.0007389315778947,-0.0049442751818696,0.000128527856155,2,-12.3,10.68
0.0,21,15,13.60030158887909,-0.0061519885912795,-0.0003109666386615,-0.0049402841646797,1.6151975920702583e-05,2,-12.3,10.68
0.0,22,15,13.943704096872944,0.0078765816909889,-0.0005185927145286,-0.0049245237257431,-5.586375296155309e-05,2,-12.3,10.68
0.0,23,15,14.400338207204449,0.0079436275912693,-0.000770193896296,-0.0049708417229264,9.154969556013984e-05,2,-12.3,10.68
0.0,24,15,14.542159504841315,0.0018208973251404,-0.0005847503592745,-0.0049422336374636,0.0002493872186462,2,-12.3,10.68
0.0,25,15,14.182118248644578,0.0067900673122159,-8.392591504530302e-06,-0.0049462844381375,0.0003062907843568,2,-12.3,10.68
0.0,26,15,14.125359137335783,-0.0023887911795803,0.0013698193644552,-0.0049819967087457,-7.583494008711368e-05,2,-12.3,10.68
0.0,27,15,17.063545997293527,0.017860706126785,0.0007755536478753,-0.0049802252617751,-0.0001746217035476,2,-12.3,10.68
0.0,28,15,13.486990985341372,0.0027473420714304,-0.0003102730104459,-0.0049440038729722,5.045310349484751e-05,2,-12.3,10.68
0.0,29,15,14.181597246478091,0.0177702139138132,0.0001471758144098,-0.0049507146683665,-3.645861472527133e-05,2,-12.3,10.68
0.0,30,15,13.728746684978107,0.0136791652613286,-0.0001217728535489,-0.0049682754577364,-2.302281899454121e-05,2,-12.3,10.68
0.0,31,15,14.128374056300371,-0.0080287943601104,-5.8127818864043183e-05,-0.0049256063024463,0.000271616827531,2,-12.3,10.68
0.0,32,15,13.756800629182214,-0.0002700168631851,0.0001505151567939,-0.0049547936140667,-0.0001354336290538,2,-12.3,10.68
0.0,33,15,14.223057562175388,0.000601718932346,0.0006363766675123,-0.0049519478315433,9.47290204862277e-05,2,-12.3,10.68
0.0,34,15,13.92272886087693,0.0133059397973772,0.0005778320813876,-0.0049627144547408,-0.0002101234169412,2,-12.3,10.68
0.0,35,15,13.45106176223802,0.0085337590965308,-3.8326662538653374e-05,-0.0049681301600922,-0.0002808955895036,2,-12.3,10.68
0.0,36,15,14.26234122836781,0.0082139194390629,0.000737817607263,-0.0049428427982082,-3.0037176358741982e-05,2,-12.3,10.68
0.0,37,15,14.182424952343563,-0.0023014536718321,-0.0004506674815713,-0.0049603677136972,8.151948183059386e-05,2,-12.3,10.68
0.0,38,15,15.772131839138558,0.0021998538427038,0.0003528558560134,-0.0049504100177609,-6.056510549363725e-05,2,-12.3,10.68
0.0,39,15,14.830297330932243,0.0169273011506008,0.0012509491207992,-0.0049465452281324,1.2908650353375268e-05,2,-12.3,10.68
0.0,40,15,13.809626323508732,-0.017243930994865,-0.0002063348677121,-0.0049576212388986,0.0003753198129226,2,-12.3,10.68
0.0,41,15,14.17763688875608,0.0193026596055594,0.000984273365348,-0.0049479830193744,-0.0001417433285431,2,-12.3,10.68
0.0,42,15,14.040299669383078,-0.0058529146327545,-9.00459623966565e-05,-0.0049742328449153,0.0001363781216459,2,-12.3,10.68
0.0,43,15,14.33204131990678,0.000611775412877,9.913492181412704e-05,-0.0049662784127854,6.773358078706612e-06,2,-12.3,10.68
0.0,44,15,15.237359898642948,0.0116848068605752,0.0002148233338297,-0.004954794495513,5.874865462117039e-05,2,-12.3,10.68
0.0,45,15,15.466528483878491,-0.0006795032047207,-0.0004592333409644,-0.0049713247323889,-7.960339852660747e-05,2,-12.3,10.68
0.0,46,15,14.048447452410016,0.0028394371912322,-0.0001943285938517,-0.0049689794624823,0.0001357210193014,2,-12.3,10.68
0.0,47,15,14.24453397902138,0.0181914411890394,-0.0002208376932448,-0.0049560470643097,-0.000196881537557,2,-12.3,10.68
0.0,48,15,13.745110311183671,0.0082707974520972,-0.0004181810945652,-0.0049810502342206,-6.2723057436974014e-06,2,-12.3,10.68
0.0,49,15,14.10214596800096,0.01477952909068,-0.000101050615622,-0.0049587844222175,3.074476017737241e-05,2,-12.3,10.68
0.25,0,15,14.52846962911709,-0.010364923502378,1.2539787992666328e-05,-0.0048650426475922,0.0001901007710104,2,-12.3,10.68
0.25,1,15,14.1130064747071,-0.0090940172647541,0.0004796531883895,-0.0048750587645124,0.0002227743994173,2,-12.3,10.68
0.25,2,15,14.426186992655373,-0.0135591713067394,0.0004804797520554,-0.0048677846153912,0.0003560211557235,2,-12.3,10.68
0.25,3,15,14.357192958455308,-0.0272912033606455,-0.000381393040742,-0.0049002517981757,0.0003855261977163,2,-12.3,10.68
0.25,4,15,13.873564494092994,-0.0134120911810772,-0.0002555815058994,-0.0048833146681053,0.000554559837478,2,-12.3,10.68
0.25,5,15,14.785988599803254,0.0037922835601031,0.000528204489976,-0.0048965082002755,6.402222274444259e-05,2,-12.3,10.68
0.25,6,15,14.6060135584824,-0.009539743254841,0.0003444064776376,-0.0048602577782668,0.0001604904013707,2,-12.3,10.68
0.25,7,15,15.257601409916363,-0.0310696406454647,-0.0002934927257972,-0.0048478413381664,0.0005190809496456,2,-12.3,10.68
0.25,8,15,14.770608550131646,-0.0177678070027618,0.0006582264102292,-0.0048445196680256,0.0002683088720012,2,-12.3,10.68
0.25,9,15,15.3520900751715,-0.0264235230084804,8.320347329256035e-05,-0.0049059372894213,0.000151657007415,2,-12.3,10.68
0.25,10,15,14.342570439628147,-0.0031937133036177,0.0014970565856219,-0.0048124036209027,0.0003540060725536,2,-12.3,10.68
0.25,11,15,14.72311328161728,-0.0203204287520577,0.0001265781169566,-0.0048705475178979,0.0002702654604633,2,-12.3,10.68
0.25,12,15,13.556130584925556,-0.0389063215192429,0.0001252685658785,-0.0049146920107468,0.0003595488062699,2,-12.3,10.68
0.25,13,15,15.538566234629288,-0.0309773370743645,-0.0008156524486481,-0.0049082047836167,0.0003723405439117,2,-12.3,10.68
0.25,14,15,14.52526445288686,-0.0205447461737805,0.0001453918135447,-0.0048391989212209,0.00017643766692,2,-12.3,10.68
0.25,15,15,13.76765214500998,-0.0201888708535825,0.0009906842217169,-0.0048830370986977,0.0001357593222069,2,-12.3,10.68
0.25,16,15,13.908423613155124,-0.0257026120829891,-0.0001448705465275,-0.0048814122482774,0.0003812407149758,2,-12.3,10.68
0.25,17,15,15.21159350773192,-0.0287996617423935,-0.0004355811396239,-0.0048764389121872,0.0003519068270419,2,-12.3,10.68
0.25,18,15,15.079477237173784,-0.0096202122161193,0.0001151115070696,-0.0048470502377383,0.0003560972654381,2,-12.3,10.68
0.25,19,15,14.694177099235803,-0.0169955149266281,-0.0001186344166322,-0.0049088524769141,0.0001638917684166,2,-12.3,10.68
0.25,20,15,14.599857616950452,-0.0050561556916548,-0.0002329141051332,-0.0048829867407322,0.00017860364452,2,-12.3,10.68
0.25,21,15,14.856013219314882,-0.0284896051014052,0.0001587829793488,-0.0048594707359826,0.0003351858502774,2,-12.3,10.68
0.25,22,15,14.236077168184602,-0.0248680464602202,0.0002550133213762,-0.0048702501873555,0.0006221147656025,2,-12.3,10.68
0.25,23,15,15.62283601495867,-0.0164707349183622,-0.0004978515691894,-0.0048467716758795,0.0004181617536219,2,-12.3,10.68
0.25,24,15,14.576761027818376,-0.0281793027539876,0.0013428746706001,-0.004861274128307,0.0002201961795208,2,-12.3,10.68
0.25,25,15,13.966658073662538,-0.0393061577630794,1.6142268843479565e-05,-0.0048972097909703,0.0004678494280975,2,-12.3,10.68
0.25,26,15,14.551170118145338,-0.0316981620131796,0.0005121691919234,-0.0048401377358804,0.0004487873540632,2,-12.3,10.68
0.25,27,15,13.700507441940518,-0.0332332574739922,0.0001806794546202,-0.004864604693452,0.0005972077918104,2,-12.3,10.68
0.25,28,15,14.078590895770098,-0.0241130448321636,0.0010186933304139,-0.0048461523238103,0.0003796880472719,2,-12.3,10.68
0.25,29,15,14.002279424085325,-0.0138971494774477,0.0006105575900983,-0.0048688949010135,0.0003213860848209,2,-12.3,10.68
0.25,30,15,14.806833661418626,-0.0255582972502914,-0.0001995456266602,-0.0048830041781448,0.0002929079033969,2,-12.3,10.68
0.25,31,15,15.233320763020371,-0.0169311148070206,0.0020636058410376,-0.0048702410533387,0.0003430903603426,2,-12.3,10.68
0.25,32,15,14.442617495458126,-0.0030467268592443,5.1806958723983765e-05,-0.0048712744854704,3.142053628648628e-05,2,-12.3,10.68
0.25,33,15,14.96323541043933,-0.0121742708785189,0.0004749036997621,-0.0048297652957816,9.269597470192348e-05,2,-12.3,10.68
0.25,34,15,14.370725971347616,-0.0148770496720295,0.0002170988836021,-0.0049087700664881,8.420776985760364e-05,2,-12.3,10.68
0.25,35,15,14.447878619645133,-0.013901545431886,9.972212697051584e-05,-0.0049048789553408,0.0001599577066421,2,-12.3,10.68
0.25,36,15,14.128796872812575,-0.0124123202044734,0.0007837128062395,-0.0049016833985377,0.0001118583529216,2,-12.3,10.68
0.25,37,15,14.543597080906103,-0.0099913480078187,9.577219812588829e-05,-0.0048789536505784,0.0001856945689667,2,-12.3,10.68
0.25,38,15,14.842595402378205,-0.0338376149433396,0.0003912782510869,-0.0048200460751063,0.0003506587804304,2,-12.3,10.68
0.25,39,15,14.586544842685996,-0.0174115697147014,0.000524854890667,-0.0049042480393365,8.90553233119726e-05,2,-12.3,10.68
0.25,40,15,14.661637297041612,-0.0198973248056263,0.0002603868859427,-0.0048575504925457,0.0004649163774564,2,-12.3,10.68
0.25,41,15,13.824497342707282,-0.0096646659266396,-0.0001786856224194,-0.0048626193133675,0.0001513880186977,2,-12.3,10.68
0.25,42,15,14.048155082244312,-0.0310565088728235,-0.0004964172740211,-0.0049046789186487,0.0002238617456998,2,-12.3,10.68
0.25,43,15,14.859527139150227,-0.0049287532831926,-0.0004087486304128,-0.0048241754149478,0.0001143773025892,2,-12.3,10.68
0.25,44,15,14.602924215135522,-0.0287552707316879,-7.890758597135413e-05,-0.0048654465780584,0.0005581241373579,2,-12.3,10.68
0.25,45,15,13.79558012685683,-0.0150171120676873,-7.657366761953889e-05,-0.0048825359331403,2.556765479673034e-05,2,-12.3,10.68
0.25,46,15,15.204750572109829,-0.0211184523504671,0.0008558476423716,-0.0048668613365421,0.0004852669827423,2,-12.3,10.68
0.25,47,15,14.124544040125762,-0.0115666624935638,0.0007514227011537,-0.0048730829953031,0.0002624833192726,2,-12.3,10.68
0.25,48,15,13.76381076155511,-0.0318985116652438,0.0003066201611185,-0.0048819677752134,0.0002888086416392,2,-12.3,10.68
0.25,49,15,15.36443916760601,-0.0248929596075916,-0.0001081115186187,-0.0047338392974741,0.0007132706150723,2,-12.3,10.68
0.5,0,15,14.826919655200804,-0.0324341865336762,0.0006733266479014,-0.0047933692262366,0.0005587565915901,2,-12.3,10.68
0.5,1,15,14.981436746893978,-0.0193428988770316,-0.0005310669981007,-0.0046865301988176,0.0006618074262724,2,-12.3,10.68
0.5,2,15,14.623855185044468,-0.0277912451816576,0.0011733747467498,-0.0047888669447349,0.0004801796089187,2,-12.3,10.68
0.5,3,15,14.658006474387124,-0.0309263499549883,0.000433061958985,-0.0048218592941722,0.0003999169725175,2,-12.3,10.68
0.5,4,15,15.125953288232314,-0.0198820932236935,0.0003187575064974,-0.0047921089941641,0.0001354019857401,2,-12.3,10.68
0.5,5,15,15.223108119723165,-0.0462732861730249,3.6910696231677622e-06,-0.0047392395647999,0.0010890810331801,2,-12.3,10.68
0.5,6,15,14.46517036730252,-0.0319902511308612,0.0004104869712933,-0.0048148786845557,0.0006404938864194,2,-12.3,10.68
0.5,7,15,14.96753536272145,-0.0512350702046647,-0.0001266082389887,-0.0047073835906632,0.0009554724111871,2,-12.3,10.68
0.5,8,15,14.625585503787024,-0.0291790867119954,-0.0004941665963848,-0.004808647128116,0.0003197797391883,2,-12.3,10.68
0.5,9,15,15.22798536053254,-0.055919101202689,0.0005127812441847,-0.0048398313233146,0.0008145003438567,2,-12.3,10.68
0.5,10,15,14.618088491843304,-0.032777863268801,0.0006691473704039,-0.0047459368026945,0.0004056969422541,2,-12.3,10.68
0.5,11,15,14.929087933191031,-0.0268021817293016,-1.8183911316960942e-05,-0.0047239386592046,0.0002497881728417,2,-12.3,10.68
0.5,12,15,14.505799859598127,-0.0458508725561365,-0.000360955054325,-0.0048286545940257,0.0003407889923361,2,-12.3,10.68
0.5,13,15,15.542634319095614,-0.0214012110920424,0.0005819651498428,-0.0048496788343892,-3.412291162152198e-05,2,-12.3,10.68
0.5,14,15,15.24138269332286,-0.0422294433460365,-0.0005989963457236,-0.0048273965206221,0.0003880830095773,2,-12.3,10.68
0.5,15,15,14.507731984432072,-0.0268659175332092,0.0009140815781186,-0.0048180012493927,0.0004199483244543,2,-12.3,10.68
0.5,16,15,14.949847138519328,-0.0336993851548174,6.819188499641045e-05,-0.0047241475030307,0.0005778274673375,2,-12.3,10.68
0.5,17,15,14.437183265882052,-0.0336883647920011,0.0003901876568058,-0.0047173489306132,0.0006982232122647,2,-12.3,10.68
0.5,18,15,14.966057612623525,-0.0255528574319154,0.000856433992337,-0.0048437562220317,0.0004771840760858,2,-12.3,10.68
0.5,19,15,14.1305462846641,-0.0335848140684442,-0.000281940255728,-0.0047760865514936,0.0005408269027223,2,-12.3,10.68
0.5,20,15,14.888447520909112,-0.0300062673864534,-0.0002452687366731,-0.0047605588893403,0.0003969749541943,2,-12.3,10.68
0.5,21,15,15.439277577055917,-0.0380721138666519,0.0005403306187835,-0.0047875343483729,0.0006162536913066,2,-12.3,10.68
0.5,22,15,15.382988537244046,-0.0423385383046333,-0.0004245449697457,-0.0047724467070872,0.0007664303366623,2,-12.3,10.68
0.5,23,15,14.951892770094869,-0.0390526230747822,-0.000337208935218,-0.004730718915748,0.0008468924316446,2,-12.3,10.68
0.5,24,15,15.045011647887726,-0.0399539538648726,0.0005060655631026,-0.0048519750819763,0.0008787689282201,2,-12.3,10.68
0.5,25,15,15.21856190501681,-0.0341605803932957,-0.0007398922418553,-0.0047905378196921,0.0006809326068886,2,-12.3,10.68
0.5,26,15,14.488094128944226,-0.028898064785563,0.0009559387838637,-0.004745728957489,0.0005480946960929,2,-12.3,10.68
0.5,27,15,14.620640439162344,-0.0545246933024616,0.0001255359332748,-0.0047616830707459,0.000825036964824,2,-12.3,10.68
0.5,28,15,14.665436492081342,-0.0386188421103625,0.0010208781164515,-0.0047930943470038,0.0001992451882736,2,-12.3,10.68
0.5,29,15,14.700684909443948,-0.0354189016213384,3.329950642057489e-05,-0.0048124800140426,0.0004224849618411,2,-12.3,10.68
0.5,30,15,14.62894119935965,-0.0380699962949845,-5.65797716535727e-05,-0.0047756663355682,0.0002307496880579,2,-12.3,10.68
0.5,31,15,15.455555785723122,-0.0280084466662685,0.0008434654195953,-0.0047529137840645,0.0009061634685546,2,-12.3,10.68
0.5,32,15,14.9564871349052,-0.0327746197008577,0.0001263372901334,-0.0047501791001623,0.0003094846604579,2,-12.3,10.68
0.5,33,15,15.28550172579362,-0.0319103497161415,0.0001188460875609,-0.0047381399713438,0.0007143470921218,2,-12.3,10.68
0.5,34,15,14.642835314126444,-0.0320702824481675,0.000336267789551,-0.0048250633298962,0.0004587832768517,2,-12.3,10.68
0.5,35,15,15.05554315384698,-0.0370879691578893,-0.0001546535744643,-0.0048514195329648,0.0005900928286605,2,-12.3,10.68
0.5,36,15,15.274795067931878,-0.037393601316655,4.085120240877246e-05,-0.0047564513842475,0.0006591597105298,2,-12.3,10.68
0.5,37,15,15.341826062741715,-0.0432811352461178,0.0001729502926625,-0.0047953497825051,0.0005915067664093,2,-12.3,10.68
0.5,38,15,15.14900460303087,-0.0249773585512911,-0.0003927359655863,-0.0047696165197793,0.0003986591095713,2,-12.3,10.68
0.5,39,15,14.88482613315315,-0.0245962741803638,0.0001222656331052,-0.0048210352141852,0.0002749130587391,2,-12.3,10.68
0.5,40,15,14.782984427926774,-0.0484612147717123,0.0007766765288531,-0.0047609428454553,0.00088003728175,2,-12.3,10.68
0.5,41,15,15.555198753957262,-0.0375156271022209,7.554544540374531e-05,-0.0047128815871309,0.0002590725449491,2,-12.3,10.68
0.5,42,15,14.891340238258328,-0.0386587215459748,-0.0005098971311062,-0.0047140769235576,0.0008298980432924,2,-12.3,10.68
0.5,43,15,15.143398596440813,-0.0278824992703915,8.139769682023806e-05,-0.0047732635712388,0.0002285661933105,2,-12.3,10.68
0.5,44,15,14.559721804256414,-0.0420828151954401,0.0006369256457565,-0.0048262190062505,0.0004977785523022,2,-12.3,10.68
0.5,45,15,15.158647303174376,-0.0352580034015218,3.3534998072240795e-05,-0.0047203680168209,0.0005216778480722,2,-12.3,10.68
0.5,46,15,14.50535891341292,-0.0340503500341261,-0.000166811440713,-0.0047871550858399,0.0004358895823389,2,-12.3,10.68
0.5,47,15,14.57422318366359,-0.0559523001786422,0.0006099502813325,-0.0047939550067283,0.0007583900020869,2,-12.3,10.68
0.5,48,15,14.788518733892577,-0.0231022961931462,0.0002931249717185,-0.0047694065923952,7.640641769272087e-05,2,-12.3,10.68
0.5,49,15,15.074788181251195,-0.0357898559656087,-0.0004096412351965,-0.0046868328520241,0.0006451606313897,2,-12.3,10.68
0.75,0,15,16.246768814779106,-0.0696467637118083,-1.8697306477462434e-05,-0.0048075978885454,0.0007171376909422,2,-12.3,10.68
0.75,1,15,15.436135067024695,-0.0594690194044875,-0.0001260940364789,-0.0047300195622434,0.0006880028459801,2,-12.3,10.68
0.75,2,15,15.986110884409332,-0.0464521413921533,-0.0002601838594251,-0.0046913991006927,0.0005885768554848,2,-12.3,10.68
0.75,3,15,15.821697644580096,-0.0661569879836264,-7.625823598273379e-05,-0.0047898639354926,0.000794764098724,2,-12.3,10.68
0.75,4,15,15.528741532884965,-0.062974034109304,-7.535955060913429e-05,-0.0047702632268932,0.0008210123487585,2,-12.3,10.68
0.75,5,15,14.933541532655903,-0.0631357784454322,-0.0001373463371541,-0.0047961149978432,0.0007171059906606,2,-12.3,10.68
0.75,6,15,15.817121044860237,-0.0559107334704266,-0.0004167560316157,-0.0048047199979889,0.0008522618449298,2,-12.3,10.68
0.75,7,15,15.233036009817951,-0.0563613930275859,0.0001811261949556,-0.0047699957281572,0.0005245353533682,2,-12.3,10.68
0.75,8,15,16.249780814696834,-0.0534357667705209,-0.0005738968538619,-0.0046806928661479,0.0009345313468291,2,-12.3,10.68
0.75,9,15,15.714681486288416,-0.0599919712824592,-0.000182384850186,-0.0047977302817177,0.0006303755461942,2,-12.3,10.68
0.75,10,15,15.283340214630062,-0.0566637663344173,-0.0005688997766161,-0.0047999258109378,0.0004809062085879,2,-12.3,10.68
0.75,11,15,16.067023635552463,-0.0558887039153716,-0.0002360519463599,-0.0047562287081879,0.0007580951973976,2,-12.3,10.68
0.75,12,15,16.31751212758188,-0.0479618196830032,-0.0002703780930508,-0.0047655272184718,7.169799902775335e-05,2,-12.3,10.68
0.75,13,15,15.400710764367282,-0.0399553133775134,0.0003628152237016,-0.0046920311718908,0.0011839527129685,2,-12.3,10.68
0.75,14,15,15.894377261134135,-0.0601382219209624,0.0001430884770443,-0.0047494387620616,0.0002061104657981,2,-12.3,10.68
0.75,15,15,15.901879665391847,-0.0517784867513067,-7.488148639394254e-05,-0.0047177009222326,0.0008242148064657,2,-12.3,10.68
0.75,16,15,15.88585707886391,-0.0557793547079047,-0.0005238587230097,-0.0047341942068238,0.0005546891622197,2,-12.3,10.68
0.75,17,15,15.422258873352355,-0.0548898280608593,0.0001484704071154,-0.0047729893201847,0.0007747988491796,2,-12.3,10.68
0.75,18,15,15.384363172598666,-0.0489258280944242,-0.0003408547681834,-0.004725368378094,0.0009699777769178,2,-12.3,10.68
0.75,19,15,15.73391143523274,-0.0516867526654859,0.0002400716871579,-0.0047771666094694,0.0007301569971081,2,-12.3,10.68
0.75,20,15,15.383910311302046,-0.0536099151686553,0.000305817572407,-0.0047106745947104,0.000838721231584,2,-12.3,10.68
0.75,21,15,15.936272405197212,-0.0531424496097526,8.761801013318907e-05,-0.0046846686720335,0.0008656121997697,2,-12.3,10.68
0.75,22,15,15.402750256264657,-0.061674496925989,-8.152108538524146e-05,-0.0047589249447281,0.0005973724156037,2,-12.3,10.68
0.75,23,15,15.260240496641686,-0.060773855860534,0.0003064648225275,-0.0047824293649552,0.0011711994134757,2,-12.3,10.68
0.75,24,15,15.784288053492553,-0.0613878073729614,-3.985195609729497e-05,-0.0047342313570259,0.0010257798656135,2,-12.3,10.68
0.75,25,15,16.039347494520342,-0.0437034216889557,-0.0003594708313397,-0.0047539533232948,0.0005785881328777,2,-12.3,10.68
0.75,26,15,15.75032550563042,-0.0430828389785286,0.0003067685789747,-0.0047318802032239,0.0008219507135301,2,-12.3,10.68
0.75,27,15,16.59230019620466,-0.0516593594352493,-0.0006864247366317,-0.0047344847226006,0.0004519442960907,2,-12.3,10.68
0.75,28,15,15.935911948691222,-0.0538402150801885,0.0001658210493086,-0.004725927353178,0.0007919905376109,2,-12.3,10.68
0.75,29,15,16.26383820445173,-0.0530450934638712,4.166271449335815e-05,-0.0047323501671444,0.0006245365459126,2,-12.3,10.68
0.75,30,15,16.56264359139702,-0.0656802951197589,-0.0004507726341787,-0.0047032354233098,0.0005742895813425,2,-12.3,10.68
0.75,31,15,16.25010382713364,-0.0665398924281041,0.0009998161432809,-0.0047721349264562,0.0010288599672028,2,-12.3,10.68
0.75,32,15,16.517691940383514,-0.0366352405658979,-0.000208789227021,-0.0047090884378424,0.000440385878375,2,-12.3,10.68
0.75,33,15,16.14190024188727,-0.0489448003674971,-0.0002319071066424,-0.0047281900918232,0.0007163707852779,2,-12.3,10.68
0.75,34,15,15.950673396000898,-0.0428942885044243,0.0006284017936124,-0.0047522239436709,0.0005878434233678,2,-12.3,10.68
0.75,35,15,15.254413514753873,-0.0620228016421738,0.0002655276550569,-0.0047266516549966,0.0005437114257798,2,-12.3,10.68
0.75,36,15,15.662743930326725,-0.0579756027213846,0.000681778164059,-0.004758956754556,0.0002547750213562,2,-12.3,10.68
0.75,37,15,16.234161006615754,-0.0435247907693419,0.0004079088394653,-0.0047325597478424,0.0006750228639711,2,-12.3,10.68
0.75,38,15,15.33874322816339,-0.0571278303693676,-8.273808781119666e-05,-0.0047502297886449,0.0003776059944489,2,-12.3,10.68
0.75,39,15,15.554158287684242,-0.0506308209185806,-0.00021511434573,-0.0046667134994211,0.0005510792418408,2,-12.3,10.68
0.75,40,15,15.473897676631786,-0.0665731204118907,-0.0003431691919305,-0.0047135923614893,0.0009138742477896,2,-12.3,10.68
0.75,41,15,15.225571913500582,-0.0580321782771992,1.3526782209953936e-05,-0.0047143951828946,0.00073505054016,2,-12.3,10.68
0.75,42,15,16.103602088645808,-0.0644403997583023,7.051216791046722e-05,-0.0046940776775218,0.0003204057786685,2,-12.3,10.68
0.75,43,15,15.520655039497848,-0.0542135785175537,0.0004966611911457,-0.0047473074457466,0.0006114510675972,2,-12.3,10.68
0.75,44,15,15.920831997137018,-0.0571972631148019,0.0001571680256066,-0.0046447467078149,0.0011043093988149,2,-12.3,10.68
0.75,45,15,15.0793992901893,-0.060432278466909,-0.0005409143185963,-0.0048008792226925,0.0007016457800225,2,-12.3,10.68
0.75,46,15,15.192595733474166,-0.0455197444154343,-0.0007848983716497,-0.0045834973660456,0.0006991519739283,2,-12.3,10.68
0.75,47,15,15.996093612183069,-0.0451790506991954,0.0004621004325323,-0.0047495646238873,0.000180446042901,2,-12.3,10.68
0.75,48,15,15.85739039854076,-0.0566355988242798,0.0002827713451966,-0.0047328853526956,0.0004606694475507,2,-12.3,10.68
0.75,49,15,15.211830863595871,-0.0549805906561403,-0.0001511278256381,-0.0047794416850456,0.0007797904758174,2,-12.3,10.68
1.0,0,15,16.814362393824535,-0.0742152788740622,0.0015439192082081,-0.0047411009782038,0.0013336994820497,2,,10.74
1.0,1,15,17.05399010484217,-0.0827770571197352,4.387651761595505e-05,-0.0047134062616301,0.0011702463588175,2,,10.74
1.0,2,15,16.434652177614375,-0.0660171471686342,0.0011760416466076,-0.0047985484940964,0.0007230362189026,2,,10.74
1.0,3,15,16.967774147531014,-0.0760538621566275,0.0005401745798433,-0.0047267641236478,0.0010707502703136,2,,10.74
1.0,4,15,16.826160435834286,-0.0678068908195272,0.0007965473832103,-0.0047940849477843,0.0011150214893694,2,,10.74
1.0,5,15,17.58679708208738,-0.0581419773985713,-0.0009679112204919,-0.0048068555218531,0.0007166023941333,2,,10.74
1.0,6,15,16.932055946521228,-0.0775241067505636,-0.0003451540285247,-0.0047704382673406,0.0014024104266688,2,,10.74
1.0,7,15,17.16633603382278,-0.078385593936559,0.0002470060756104,-0.0047310962004831,0.0010155931780773,2,,10.74
1.0,8,15,16.85022087842389,-0.0779991580845439,-0.0002348210152503,-0.0047448484022525,0.0008796154225525,2,,10.74
1.0,9,15,16.25588123343873,-0.0849818990465323,0.0002147139613558,-0.0047765888519823,0.0006462000855887,2,,10.74
1.0,10,15,17.304905678721262,-0.0529430974874887,-7.559961319456516e-05,-0.0047296408069962,0.0004398285740434,2,,10.74
1.0,11,15,16.610464309938404,-0.0844189783829641,0.0007435132842604,-0.0047470495094145,0.0004402226006534,2,,10.74
1.0,12,15,16.68320043422334,-0.0740779526522839,0.0004087160824453,-0.0047454620644276,0.0011803074403929,2,,10.74
1.0,13,15,16.32137922649375,-0.0857009383263543,-0.0002905684299795,-0.0047221460217912,0.0006372881537982,2,,10.74
1.0,14,15,16.314804762256824,-0.0816477134796133,-0.0007134652485768,-0.004811434638147,0.0009608813198914,2,,10.74
1.0,15,15,17.23825540150912,-0.0710655268934455,0.0002914829865486,-0.004667451392288,0.0007461447669783,2,,10.74
1.0,16,15,15.945088073130403,-0.0712086345707909,-0.0006798970958198,-0.0048238157503081,0.0008400401531394,2,,10.74
1.0,17,15,16.47305209835028,-0.076015078571927,-8.997257116213126e-05,-0.004695752845885,0.0007625701287127,2,,10.74
1.0,18,15,16.70047833853437,-0.0728825687588938,0.0002408086831052,-0.0047203078796448,0.0008192435960132,2,,10.74
1.0,19,15,16.120339249448836,-0.0637398016420981,5.5595728407709386e-05,-0.00476408547785,0.0003141784379471,2,,10.74
1.0,20,15,16.59282727136947,-0.0789613011679872,8.054530923550298e-05,-0.004793765769434,0.0008029461714786,2,,10.74
1.0,21,15,16.388389984783068,-0.0738864369741777,0.0002317715521866,-0.0047811466511768,0.0010050395272738,2,,10.74
1.0,22,15,16.364203833199973,-0.0798571557090574,-0.0004369017671705,-0.0047523079333884,0.0013966122468947,2,,10.74
1.0,23,15,16.232174550939757,-0.0716178602638469,0.0004916369652,-0.0046540754722206,0.0011451037468827,2,,10.74
1.0,24,15,16.103589873617874,-0.0859346115270078,-0.000209962453816,-0.0047857709572996,0.001250523962903,2,,10.74
1.0,25,15,16.90627082284146,-0.0711202311982049,0.0009106201758693,-0.0047986719295055,0.0010127531833954,2,,10.74
1.0,26,15,16.509462238429712,-0.0675934291711551,-0.0008253106431971,-0.004620989695595,0.0009975968670353,2,,10.74
1.0,27,15,16.329292633630327,-0.0742072201924279,-0.0001938811691386,-0.0047579643981811,0.0011266082903726,2,,10.74
1.0,28,15,16.645040121231386,-0.0777689952560491,-0.0002181027325539,-0.004845406739249,0.000722148872761,2,,10.74
1.0,29,15,16.06901628390333,-0.0618186292551405,0.0005757260408317,-0.0047517080300531,0.0004675551233816,2,,10.74
1.0,30,15,17.413945817259474,-0.0698843075858286,-0.0002220437003753,-0.0047558738724148,0.0009668795554331,2,,10.74
1.0,31,15,16.358036827323954,-0.0700105174052519,0.001572408651478,-0.0046875406870424,0.0009375052913335,2,,10.74
1.0,32,15,16.237671660587292,-0.0628718099464219,-0.0003551037458018,-0.004753490473851,0.000922472405563,2,,10.74
1.0,33,15,16.573096176427047,-0.0779308574020645,0.000516521123097,-0.0047767287466261,0.0011430121249459,2,,10.74
1.0,34,15,17.0731773382281,-0.0815661746564855,0.0002873815784767,-0.004726419041978,0.0007171704221921,2,,10.74
1.0,35,15,17.729713076403605,-0.0660204612828365,0.0003855528612477,-0.0046942429452901,0.0007509005156102,2,,10.74
1.0,36,15,16.709738370747377,-0.0835520743019102,-0.0007565263140555,-0.0047472471418253,0.0011071763967587,2,,10.74
1.0,37,15,16.899261641737667,-0.0725411291645895,-0.0004048073918338,-0.0047752190951779,0.0009011801380657,2,,10.74
1.0,38,15,16.586789320920715,-0.0764914153958152,-0.0001354041938651,-0.0047928411283359,0.0011598277168935,2,,10.74
1.0,39,15,16.665412441480584,-0.0767506601543772,0.0001268562473691,-0.0047078363324276,0.0011503445670377,2,,10.74
1.0,40,15,16.270153639180048,-0.083454134453985,0.0001766318765761,-0.0047930823665471,0.0008358305149183,2,,10.74
1.0,41,15,16.86654797744402,-0.0793961484910991,0.0004102804157074,-0.0046606437337233,0.0010753118950365,2,,10.74
1.0,42,15,16.617295289941357,-0.0730790543924618,-0.0002237494436181,-0.0047170380471332,0.0010153765466066,2,,10.74
1.0,43,15,16.690085039961197,-0.0638650522031087,-0.0002616932425075,-0.0047911459747802,0.0006344099200441,2,,10.74
1.0,44,15,16.602492160248897,-0.0734486864818023,0.0003551478264869,-0.004701247598664,0.0009519629410685,2,,10.74
1.0,45,15,16.76152442214116,-0.0847929197877948,0.0006144306516473,-0.0047257405160776,0.0003731691273674,2,,10.74
1.0,46,15,15.770258272271638,-0.0743928864791421,0.0002514694862527,-0.0047766727990536,0.0011321420393032,2,,10.74
1.0,47,15,16.149864079395083,-0.0930061318455325,-0.0003551824602888,-0.0047449917773814,0.0012905505310565,2,,10.74
1.0,48,15,16.182832549502855,-0.1029665878885814,-0.0003288348162538,-0.0047993617287807,0.0011519869293299,2,,10.74
1.0,49,15,17.923280213938448,-0.0786079810645818,0.000407285899898,-0.0045970139765477,0.0011851871715369,2,,10.74
0.0,0,15,17.74600865077012,-0.0010164599581698,1.3829662232290792e-05,-0.0049781943155156,-5.197334741788545e-05,3,-17.0,8.65
0.0,1,15,18.26039579589954,0.0299923495633437,-0.0013418872252207,-0.0049734518593699,-0.0001048616950032,3,-17.0,8.65
0.0,2,15,17.19875205529953,0.0184529350364792,-0.0002360273560154,-0.0049718716137049,-0.0002166603680395,3,-17.0,8.65
0.0,3,15,16.935740706564832,0.0210478925713867,0.000438591695544,-0.0049708941535428,5.656211427023036e-06,3,-17.0,8.65
0.0,4,15,17.560309784584316,0.0079845074743452,0.0006896593743783,-0.0049749046570139,-0.0002603062077725,3,-17.0,8.65
0.0,5,15,17.60548442559258,0.0089361271988759,-0.0001163338127829,-0.0049677082483864,0.0001117567568985,3,-17.0,8.65
0.0,6,15,17.707825220262244,0.0165064792586087,-0.000175300905479,-0.0049843585686551,-9.190394568113868e-05,3,-17.0,8.65
0.0,7,15,17.655684285167172,0.0194659138455913,3.0154921069530623e-05,-0.0049619820790745,-0.0002284111601044,3,-17.0,8.65
0.0,8,15,17.386897401531794,0.022329684131542,-0.0005006313597018,-0.0049772970037327,-0.0001437131663032,3,-17.0,8.65
0.0,9,15,17.323447025970818,0.032447600265289,-0.0004895713320605,-0.0049369322012584,-0.0002061978725376,3,-17.0,8.65
0.0,10,15,17.582843535576984,0.0141427080947194,0.0004186195762125,-0.0049778201373724,-6.332205426812325e-05,3,-17.0,8.65
0.0,11,15,17.090593147800895,0.009582087116295,-5.2657575069791016e-05,-0.0049668348761784,-1.9955587869757157e-06,3,-17.0,8.65
0.0,12,15,18.118447208739312,0.0098481457275346,0.0007665384891267,-0.0049644454924676,6.464084349672285e-06,3,-17.0,8.65
0.0,13,15,17.70961175312096,-0.0054193490796075,-0.0001692762385705,-0.0049906169810545,5.624423413788751e-05,3,-17.0,8.65
0.0,14,15,17.61510448991718,0.0184436552058322,0.0010235879800169,-0.0049780213566106,3.660869804531985e-05,3,-17.0,8.65
0.0,15,15,17.443472310180553,0.0170994213001067,-0.0005725710511218,-0.0049597747042967,-7.111157651452509e-05,3,-17.0,8.65
0.0,16,15,17.76484410258483,0.00687944865118,0.0002753311484249,-0.0049509372538597,0.0001484785038882,3,-17.0,8.65
0.0,17,15,16.87813693286246,0.0154687524655362,-0.0008219100180334,-0.0049685033729582,-0.0001122595095078,3,-17.0,8.65
0.0,18,15,18.58605375827169,0.0250841742019907,0.0001203026963558,-0.0049844878028645,-0.0002755107709735,3,-17.0,8.65
0.0,19,15,18.165901715673147,0.0197509818356238,0.0004449384190152,-0.004946043369745,-0.0002629043963904,3,-17.0,8.65
0.0,20,15,17.420176239167617,0.0398396429615541,-0.0004808854814952,-0.0049711638268209,-0.0002269069372703,3,-17.0,8.65
0.0,21,15,17.34820854980378,0.009113023911853,0.0003087940868364,-0.0048875843228767,0.0001716817041755,3,-17.0,8.65
0.0,22,15,17.305892394071417,0.0324210194704101,0.0002846578954057,-0.0049663903002363,-0.0004159601302544,3,-17.0,8.65
0.0,23,15,16.95191126283901,0.0213896061724151,0.0001912539463694,-0.0049683288476001,-0.0001149069357125,3,-17.0,8.65
0.0,24,15,16.79408050987269,0.0191098823076808,-7.607810541281239e-05,-0.0049859178465714,-0.000182914219513,3,-17.0,8.65
0.0,25,15,16.974184396834595,0.004848084058084,0.0009278272360865,-0.0049815998977682,9.357043191221257e-05,3,-17.0,8.65
0.0,26,15,17.74248227028911,-0.0004304583863672,0.0001907783317886,-0.0049495977650515,4.19127692896239e-05,3,-17.0,8.65
0.0,27,15,16.973703532125835,0.0070833229113891,-0.0001292820334839,-0.0049678476423182,-0.0001013986359103,3,-17.0,8.65
0.0,28,15,18.00794608131657,0.0094435802155041,0.00035234020821,-0.0049622544860708,-8.94908263725216e-05,3,-17.0,8.65
0.0,29,15,17.028510644269485,0.012420898447102,-0.0001102513763531,-0.0049490978282647,-0.0002502845393302,3,-17.0,8.65
0.0,30,15,17.51987801136145,0.0018377104809042,-0.0007541582191675,-0.0049664922666686,0.0001286075332974,3,-17.0,8.65
0.0,31,15,19.967719523920437,0.0232914058333008,8.899895702290254e-05,-0.0049592508167389,-0.0001142901039967,3,-17.0,8.65
0.0,32,15,17.586401390019006,0.0043853221983134,0.0001381526822831,-0.0049613284286961,0.0002203139309899,3,-17.0,8.65
0.0,33,15,18.099506064604203,0.0159884204867,2.8579612242187068e-05,-0.0049756418647419,3.272932438589602e-05,3,-17.0,8.65
0.0,34,15,17.389226808788308,0.0194221282353012,0.0004701633234688,-0.0049523835837939,-3.117133583410519e-05,3,-17.0,8.65
0.0,35,15,17.684783053208683,0.0143859861731481,0.0007689389222968,-0.0049911542709741,-0.0001006795282473,3,-17.0,8.65
0.0,36,15,17.16562631123832,0.0314255761757939,9.91839210232538e-05,-0.0049710706334963,-0.0003327055763945,3,-17.0,8.65
0.0,37,15,18.067133738508723,0.0201554076765675,0.0008177833621974,-0.0049399380105657,-5.6209303050793766e-05,3,-17.0,8.65
0.0,38,15,17.118374538245188,0.0042152007365733,-0.000107607839499,-0.0049798352662512,2.7258723745357725e-05,3,-17.0,8.65
0.0,39,15,17.49136968519696,0.021001306836033,0.0004645387358531,-0.0049434501028696,-2.8669748196491205e-05,3,-17.0,8.65
0.0,40,15,17.385926039253963,0.0279512688485588,-0.0003592940355866,-0.004973194283438,4.348855879340181e-05,3,-17.0,8.65
0.0,41,15,18.408447513325537,0.0196337727931323,0.0002156956931443,-0.0049646443994629,-0.0002028094389158,3,-17.0,8.65
0.0,42,15,17.256102711443567,0.0310857548509131,0.0001740824797224,-0.004969852358409,-0.0001387054488164,3,-17.0,8.65
0.0,43,15,16.990128920689976,0.0226339362101532,-0.0001449862108868,-0.0049604166533223,-0.0001200010617848,3,-17.0,8.65
0.0,44,15,17.17366865448873,0.0098312669538801,0.0012480201179274,-0.004972539663801,-8.497228168624426e-05,3,-17.0,8.65
0.0,45,15,17.387475330902546,0.0348288066407377,-5.620376337453756e-05,-0.0049563254722315,-9.830115377086723e-05,3,-17.0,8.65
0.0,46,15,17.675619364699102,0.0055122838741578,-0.0002192119728105,-0.004926380679953,6.965506623381823e-05,3,-17.0,8.65
0.0,47,15,17.27082122336021,0.0227264778978067,-2.5708237569312298e-05,-0.0049771786165812,-0.0001487772378885,3,-17.0,8.65
0.0,48,15,17.250225445406738,0.0234800283684329,0.0001577855715201,-0.0049723833621256,-0.0001553963269545,3,-17.0,8.65
0.0,49,15,17.070094984368556,0.0092445741869317,-7.446630828918285e-05,-0.0049767520358243,-7.107482233553401e-05,3,-17.0,8.65
0.25,0,15,17.511179050815052,-0.0182154798957474,0.0001568027481443,-0.0049268084260899,0.0003017151616101,3,-17.0,8.65
0.25,1,15,17.45934005486017,-0.0008524555473397,0.0001702364305402,-0.0049087994588439,-0.00026697629977,3,-17.0,8.65
0.25,2,15,16.971492611749287,-0.0071645291744866,0.0002976140831833,-0.0049070787330888,0.0004067606324513,3,-17.0,8.65
0.25,3,15,16.782846753087203,0.0064904987868347,0.0012348804659386,-0.0049306531942592,3.83625367532665e-05,3,-17.0,8.65
0.25,4,15,17.66757067241257,-0.009055330409844,8.647302238731101e-05,-0.0048914877918528,0.0001565898698908,3,-17.0,8.65
0.25,5,15,18.01738563413644,-0.0109856312788078,0.0010726423119526,-0.0048763864825396,0.0003981726895033,3,-17.0,8.65
0.25,6,15,16.826682953705898,-0.0228672261758284,0.0008460842035241,-0.0048983562808408,0.0002577219866549,3,-17.0,8.65
0.25,7,15,16.428913201682363,-0.0174894332827638,0.000338748508628,-0.0048262104665253,0.000400503907422,3,-17.0,8.65
0.25,8,15,16.111938832701355,-0.0126916912268251,-0.0001422539526807,-0.0049274460146215,4.556609795935202e-05,3,-17.0,8.65
0.25,9,15,17.41235384624352,0.0028400468123927,-0.000162023074989,-0.0049150159248723,6.468850822472474e-05,3,-17.0,8.65
0.25,10,15,17.052245498710093,-0.0336314308020739,7.911922440317574e-05,-0.0049212243803317,0.0004119988270173,3,-17.0,8.65
0.25,11,15,17.443572397476895,-0.0059303098851018,4.2265519754704366e-05,-0.0048983703637847,0.0003392122268039,3,-17.0,8.65
0.25,12,15,17.049256922108366,-0.0029070169851128,-0.0005692710223964,-0.0048917265630705,0.0002526749787049,3,-17.0,8.65
0.25,13,15,18.007709610890064,-0.0098499448485293,0.0001832793468556,-0.0048439613444631,0.0003377951315073,3,-17.0,8.65
0.25,14,15,17.16332020710965,-0.0148338470768591,6.452444874097489e-05,-0.0049148846701073,0.0004936633793447,3,-17.0,8.65
0.25,15,15,18.020156065914342,-0.0268305057894984,-2.4096346498625373e-05,-0.0048475755146794,0.0001296519870359,3,-17.0,8.65
0.25,16,15,17.30138233876117,2.9929014236802527e-05,0.0002013061015402,-0.0048733824470134,-5.818258003301068e-05,3,-17.0,8.65
0.25,17,15,17.912842587359755,-0.0063947732845161,0.0018453976897751,-0.0049161032506023,-3.062306559315646e-05,3,-17.0,8.65
0.25,18,15,17.01987242007928,-0.0201908081700868,0.0001514157373764,-0.0049120593346783,0.0003294177021362,3,-17.0,8.65
0.25,19,15,17.257342023082348,-0.0114529517968859,0.0004104610040244,-0.0048877764934907,0.0001943605660876,3,-17.0,8.65
0.25,20,15,16.852424204341684,-0.0064412497298492,0.0005408874507905,-0.0048651716396164,-5.555724580364787e-05,3,-17.0,8.65
0.25,21,15,17.329511823808442,0.0039949409555961,0.0005585311906053,-0.0048857801620181,0.0002406537089602,3,-17.0,8.65
0.25,22,15,17.115094236071673,-0.0324730746414826,-0.0002259031932284,-0.0049083016270845,0.000396527338611,3,-17.0,8.65
0.25,23,15,16.98023217893989,-0.0171377425481864,2.952243945948908e-05,-0.0049127080521004,0.0003037754643765,3,-17.0,8.65
0.25,24,15,17.065271544746462,-0.0112039072278023,2.2098454510758383e-05,-0.0049255403936014,0.0004220851369804,3,-17.0,8.65
0.25,25,15,17.97105070925601,-0.0140065449475616,0.0009388920171328,-0.0049042523385857,0.00047731076939,3,-17.0,8.65
0.25,26,15,17.24144104556881,-0.0021718642668599,-6.459106141225593e-05,-0.0048830562185642,0.0002576666981004,3,-17.0,8.65
0.25,27,15,17.30436087845279,-0.0050233069094403,-0.0003082521585138,-0.0049250334423399,0.0002640027858047,3,-17.0,8.65
0.25,28,15,17.265772669660354,-0.0120758128221325,-0.0001391646251418,-0.0048543698977563,5.75301906371257e-05,3,-17.0,8.65
0.25,29,15,17.28065861636491,0.0002467485355081,-1.6186304543936626e-05,-0.0049182499006793,0.0001576738630089,3,-17.0,8.65
0.25,30,15,17.612969305383057,0.0064645848431446,0.0008858540918712,-0.0049442638034375,-7.00769910488179e-05,3,-17.0,8.65
0.25,31,15,18.074973022139694,-0.0338725994027441,7.323114215437058e-05,-0.0049183543166612,0.0004101013342612,3,-17.0,8.65
0.25,32,15,17.35475655615052,-0.0062764647992167,0.0003333556641012,-0.0049219900770421,0.0002249424023561,3,-17.0,8.65
0.25,33,15,16.53664530218656,-0.0221536865502658,0.0005601290732097,-0.0048944922490901,0.0001452511946535,3,-17.0,8.65
0.25,34,15,18.40175445898785,-0.0003419019155104,0.0008429439639786,-0.0049106130260438,0.0001220894032763,3,-17.0,8.65
0.25,35,15,17.73386323535911,-0.0184113670528844,0.0001645335307471,-0.0049254912820969,0.0003526272436755,3,-17.0,8.65
0.25,36,15,17.558502346665414,-0.0059375838003796,0.0009088002261103,-0.004906907783307,0.0003153787877929,3,-17.0,8.65
0.25,37,15,17.51515542820856,-0.0059792273573327,-0.0003538745347612,-0.0049104654241422,2.3001177344936092e-05,3,-17.0,8.65
0.25,38,15,17.12735141931669,-0.0181934913487591,0.0003988707673334,-0.0049234618760469,0.0002970469839556,3,-17.0,8.65
0.25,39,15,17.443188851529527,0.0003321114648231,-6.788653304391309e-05,-0.004835882277704,0.0001440785575252,3,-17.0,8.65
0.25,40,15,17.531316704115756,-0.002849023568705,-0.0002589886791301,-0.004894495538942,0.0003193227361128,3,-17.0,8.65
0.25,41,15,17.357910437545012,-0.0203169652421219,-0.0002554954833996,-0.0049277430841638,0.0005523577436474,3,-17.0,8.65
0.25,42,15,17.95840308431151,0.0016071011049097,0.0008018079123513,-0.00488757215389,0.000165262726649,3,-17.0,8.65
0.25,43,15,17.39909101517352,-0.0193925235136749,-0.0005320590622166,-0.0048998495587369,0.0001483387905626,3,-17.0,8.65
0.25,44,15,16.829323872060364,0.0025928004992255,3.31004402534693e-05,-0.0049204805674067,-8.690679888724785e-06,3,-17.0,8.65
0.25,45,15,17.226434784140864,-0.0224202220418898,0.0002416328785116,-0.0049005669627412,0.0006229527924979,3,-17.0,8.65
0.25,46,15,16.62766779678696,-0.0196987699309789,-0.0004636832788016,-0.0049169066036496,0.0004206894227013,3,-17.0,8.65
0.25,47,15,17.257743849011373,-0.0158335270551646,0.000619311168818,-0.0049077459358366,0.0003789795797228,3,-17.0,8.65
0.25,48,15,16.495288065471314,-0.0253724651632063,0.0006711183626771,-0.0048988407220487,0.0005471912590402,3,-17.0,8.65
0.25,49,15,17.09938764086927,-0.0064593523139001,0.0004267097520704,-0.0048739062631937,0.0005598375280013,3,-17.0,8.65
0.5,0,15,17.215977151296343,-0.0195196761673846,0.0009210179479871,-0.0048040909416979,0.0005347073764849,3,-17.0,8.65
0.5,1,15,17.68450190655896,-0.0207584958396908,-0.0002570443061938,-0.0048181845593372,0.0002287562114988,3,-17.0,8.65
0.5,2,15,17.248587199427654,-0.0165603809617233,-0.0002606818221116,-0.0048562182886149,0.000353043569107,3,-17.0,8.65
0.5,3,15,17.51106254880313,-0.019777257296251,-0.0002885673382739,-0.0048600804963052,0.000207542254052,3,-17.0,8.65
0.5,4,15,17.944972578954108,-0.0184108141861156,0.0006219293512484,-0.0047683787634421,0.0004307327966077,3,-17.0,8.65
0.5,5,15,16.99111608362141,-0.0217366766779426,0.0001714017392384,-0.0048322201242537,0.0005434767125678,3,-17.0,8.65
0.5,6,15,16.960789501215462,-0.0189039404486455,-0.0002814447290804,-0.0048274545758503,0.0003441291449758,3,-17.0,8.65
0.5,7,15,16.769785299009712,-0.037572688876792,0.0002215271066797,-0.0048402308121214,0.0007228180118603,3,-17.0,8.65
0.5,8,15,16.918106539517634,-0.0218090439316265,-0.0001762708008971,-0.0048272144315725,0.0002106538481557,3,-17.0,8.65
0.5,9,15,17.98204649987396,-0.014387694718095,-0.0005133864765176,-0.0047234530097201,0.0002743771791106,3,-17.0,8.65
0.5,10,15,16.891642172814716,-0.0565633779903523,8.813212141090187e-05,-0.0048433035595638,0.0006520126277661,3,-17.0,8.65
0.5,11,15,17.164479734479166,-0.0299569166995112,-1.826622468292298e-05,-0.0048441617013453,-2.9670628013191844e-05,3,-17.0,8.65
0.5,12,15,17.936115204741565,-0.02298926998927,0.0007438641583888,-0.0047796580681687,0.0004106438381483,3,-17.0,8.65
0.5,13,15,17.68841937356175,-0.0265576085108488,-0.0004174194047119,-0.0048325732988597,0.000251541926923,3,-17.0,8.65
0.5,14,15,17.215069029667248,-0.0409495278490554,0.0007549013164424,-0.0048371896543762,0.0003618845690326,3,-17.0,8.65
0.5,15,15,17.194216496058306,-0.0139896719112967,-0.000447931928154,-0.0047856887937678,0.0002635356072438,3,-17.0,8.65
0.5,16,15,16.87491647452214,-0.0359380242612787,-4.476961972486212e-05,-0.004777617325296,0.0003245178680651,3,-17.0,8.65
0.5,17,15,17.029184076437232,-0.0357106415985401,0.0009436987588129,-0.0047908472877289,0.0006921416086151,3,-17.0,8.65
0.5,18,15,17.22679980319676,-0.0238036978399046,0.0007444185271438,-0.0047780977386129,0.0008093714937389,3,-17.0,8.65
0.5,19,15,16.914849797057688,-0.0241237970716931,-0.0005370378339486,-0.0048498736459073,0.0002370859641477,3,-17.0,8.65
0.5,20,15,17.651525651083816,-0.0377539626231796,3.622150552876052e-05,-0.0047483465631901,0.0009118080537029,3,-17.0,8.65
0.5,21,15,18.12049522976817,-0.0234095493978919,0.0004509352475218,-0.0047370102661559,0.0004126988835089,3,-17.0,8.65
0.5,22,15,16.175916176413924,-0.0325103330623773,-0.0001761782506472,-0.0047854632056388,0.0005263090959434,3,-17.0,8.65
0.5,23,15,17.01136338340828,-0.0271212788328922,-0.0004332877363091,-0.0048579890162842,0.0004192012371824,3,-17.0,8.65
0.5,24,15,17.25603537213071,-0.017442882173085,0.0003571891909918,-0.0048821781160202,0.0002356037496351,3,-17.0,8.65
0.5,25,15,17.291005830590436,-0.0317021743810236,5.70090924980183e-05,-0.004765114703115,0.0008440149368018,3,-17.0,8.65
0.5,26,15,17.707984073039253,-0.0379591732293265,0.0007899788593313,-0.0047912326619877,0.0005498043739088,3,-17.0,8.65
0.5,27,15,18.009415678029697,-0.0339286031953906,-0.0001628379060768,-0.0048766978401688,0.0003150134590565,3,-17.0,8.65
0.5,28,15,16.584745121009078,-0.0357080521375151,0.0002270428210192,-0.0048923510880946,0.0005492487709445,3,-17.0,8.65
0.5,29,15,17.40936415717866,-0.0343422524063364,0.0002933215834643,-0.0047877076378178,0.0008955450133644,3,-17.0,8.65
0.5,30,15,16.18386818469031,-0.0208020875292642,-3.1618159194178715e-05,-0.0048064952298249,0.0002949517493672,3,-17.0,8.65
0.5,31,15,17.78412064577044,-0.0158468111032512,9.224107724114664e-05,-0.0048240993037758,0.0002082799013604,3,-17.0,8.65
0.5,32,15,17.427431951595377,-0.0181167446432725,-0.0002325836085069,-0.0048438016419877,0.000498249938044,3,-17.0,8.65
0.5,33,15,17.536943416459213,-0.049770321060668,-0.000339048174292,-0.0047561834222942,0.001007444363725,3,-17.0,8.65
0.5,34,15,17.03501940858407,-0.0292885435295438,-5.898857961957695e-05,-0.0048160802367237,0.0004964651235546,3,-17.0,8.65
0.5,35,15,17.26262512778209,-0.0327985427837282,-0.0005551704194361,-0.0048811388717384,0.0004949189493684,3,-17.0,8.65
0.5,36,15,16.751950178677365,-0.0211769619616154,-0.0006308238308673,-0.0048695605396576,0.0003334065369573,3,-17.0,8.65
0.5,37,15,16.621205949684782,-0.0328552806986118,-0.0001639454489603,-0.0048458575358554,0.0002908313995748,3,-17.0,8.65
0.5,38,15,16.515261348608586,-0.0331938122532609,-0.000387672307353,-0.0048175824668634,0.0005132755110136,3,-17.0,8.65
0.5,39,15,16.71445816464702,-0.0281533451907377,0.0003893122564445,-0.0048489695292334,0.000478433449214,3,-17.0,8.65
0.5,40,15,16.997146301421278,-0.0253934849609279,0.0001748162184851,-0.0048004027711454,0.0005543973290741,3,-17.0,8.65
0.5,41,15,17.041218744804073,-0.0414426773763833,0.0003318354556378,-0.0048756401299248,0.0005474296134798,3,-17.0,8.65
0.5,42,15,16.478175291059955,-0.0241516613576533,-3.964489614576445e-05,-0.0048571785080902,0.0006753674691404,3,-17.0,8.65
0.5,43,15,17.219106626230086,-0.021365726431544,0.0003434559275432,-0.0048753929955438,0.0002716305162885,3,-17.0,8.65
0.5,44,15,17.234273503362022,-0.0153336770274144,0.0004808557150959,-0.0048663230600567,0.0001625507763054,3,-17.0,8.65
0.5,45,15,17.22883512148347,-0.025319603997828,0.0004587012131322,-0.0048606294743948,0.0004125248873284,3,-17.0,8.65
0.5,46,15,18.06709526715509,-0.0148706562108357,-0.0003943765169874,-0.0047803717041359,0.0005428971255617,3,-17.0,8.65
0.5,47,15,17.45878517708758,-0.0148821565911832,-7.800227349437847e-05,-0.0047737895482235,0.0001532098477911,3,-17.0,8.65
0.5,48,15,17.472780885990925,-0.0227129021290896,-6.297334481667017e-05,-0.0047867299097278,0.0002738479074539,3,-17.0,8.65
0.5,49,15,16.698912059446656,-0.0313877373288859,-0.0004188543158615,-0.0048433620743741,0.0004338272344884,3,-17.0,8.65
0.75,0,15,17.475042607571773,-0.0363689147311406,0.0004008440724801,-0.0046810012524808,0.0008446119434977,3,-17.0,8.65
0.75,1,15,16.809185493684275,-0.0365974038305734,0.0010692275830169,-0.0048330540232713,0.0003842992822562,3,-17.0,8.65
0.75,2,15,16.860423799265654,-0.0490565628898228,0.0002460000013156,-0.0047841889445026,0.0006201800943599,3,-17.0,8.65
0.75,3,15,17.03281471090596,-0.0635266067288239,-0.0004532165122167,-0.0048575281575672,0.0007347005719949,3,-17.0,8.65
0.75,4,15,16.618355321903273,-0.0689206444679859,0.0011409246773896,-0.0047175745038997,0.0006394534553071,3,-17.0,8.65
0.75,5,15,16.97258887665148,-0.0291696321504848,-2.662735359511047e-05,-0.0048221881104487,0.0004554445792429,3,-17.0,8.65
0.75,6,15,17.935391773165303,-0.0547111804398636,-0.0007694221348199,-0.0047187634653175,0.0008904246332505,3,-17.0,8.65
0.75,7,15,17.293172985880783,-0.0556227158559004,0.0004096633682874,-0.0048309666932974,0.0008287551046233,3,-17.0,8.65
0.75,8,15,17.019467216748758,-0.0509608730245192,1.5699907057561565e-05,-0.0047699244700691,0.0006232576964978,3,-17.0,8.65
0.75,9,15,17.443087553958648,-0.053016434987312,0.0002511291496759,-0.0047363948299652,0.000731860651689,3,-17.0,8.65
0.75,10,15,16.51178034511314,-0.0577295864189698,-0.0002730227679102,-0.0048564204745276,0.0005955199928817,3,-17.0,8.65
0.75,11,15,17.006466875240932,-0.0396857092260407,-3.988510327123013e-05,-0.0048518790346668,0.0007789989960868,3,-17.0,8.65
0.75,12,15,16.694059597209606,-0.0565396002401838,0.0004817328431228,-0.0048463563666324,0.0007720475324336,3,-17.0,8.65
0.75,13,15,17.060509456774664,-0.0614081894422593,0.0006176968717941,-0.0048355790572,0.0007513475763234,3,-17.0,8.65
0.75,14,15,16.31267627855096,-0.0731746684897514,4.0879994815264006e-05,-0.004803596563503,0.0007889239551311,3,-17.0,8.65
0.75,15,15,15.990678662888042,-0.0487815196829073,0.000233718158778,-0.0047247457955379,0.0003974007414203,3,-17.0,8.65
0.75,16,15,17.17083249193904,-0.0573124456073527,-0.0002876438015683,-0.0047881438833285,0.0007872689561801,3,-17.0,8.65
0.75,17,15,16.48895208447128,-0.0468314084777381,-0.0001377878333452,-0.0048296979585878,0.0007428531452503,3,-17.0,8.65
0.75,18,15,16.58956844563751,-0.0352468097429969,7.478631749091817e-05,-0.0047992518011161,0.0007333864128807,3,-17.0,8.65
0.75,19,15,16.470069870492242,-0.0615587749155928,0.0006817475347126,-0.0047983078032752,0.0006253618966417,3,-17.0,8.65
0.75,20,15,17.1881350349604,-0.0578794936394369,-0.0003066768311735,-0.0046900743031515,0.0011003451629277,3,-17.0,8.65
0.75,21,15,17.23758893226899,-0.0452926321223379,0.000547240964826,-0.0048164902864987,0.0006085745637195,3,-17.0,8.65
0.75,22,15,17.98388002563272,-0.0485434188458294,0.0004762973457955,-0.0046114374665974,0.0009723445975255,3,-17.0,8.65
0.75,23,15,17.247217548540235,-0.0609382803150318,0.0014662923199819,-0.0047846749570555,0.0009456633985491,3,-17.0,8.65
0.75,24,15,17.048145206287153,-0.046000779859589,-0.0003878872487663,-0.004670226610236,0.0003324459754582,3,-17.0,8.65
0.75,25,15,17.086838989744695,-0.0507185783396886,5.133833168215358e-05,-0.004789016568159,0.0009108598577024,3,-17.0,8.65
0.75,26,15,16.45170961983461,-0.05030934772092,0.0002934854471219,-0.0047846263194418,0.0010664266402404,3,-17.0,8.65
0.75,27,15,16.677503090409186,-0.0540030922002775,0.0005371488625513,-0.0047579368315145,0.0007480574866383,3,-17.0,8.65
0.75,28,15,16.49350391859291,-0.0480812221922162,-0.0007348633856345,-0.0046972209170438,0.000962248374619,3,-17.0,8.65
0.75,29,15,16.420833570696878,-0.0533824022328161,-0.000490448570031,-0.0046985774574334,0.0010174554326436,3,-17.0,8.65
0.75,30,15,16.86334632963777,-0.0546192075630123,0.000535435980275,-0.0047887546177821,0.000802637697115,3,-17.0,8.65
0.75,31,15,17.067152201710833,-0.053816143844949,0.0004089636746347,-0.0047756120300652,0.0008023027310284,3,-17.0,8.65
0.75,32,15,17.0941903114111,-0.0626439007351397,-0.0003262977796844,-0.0048718038792728,0.0006907408167648,3,-17.0,8.65
0.75,33,15,16.962964056101285,-0.0662672660007445,-0.0005095829703594,-0.0047620784265184,0.0005816679185915,3,-17.0,8.65
0.75,34,15,17.031881246555795,-0.0253732095641621,-0.0004162581038821,-0.0047443359753042,0.0007266884010607,3,-17.0,8.65
0.75,35,15,16.871454826472114,-0.0436063160430104,-0.0006232039083293,-0.0047998043013409,0.0006682589611612,3,-17.0,8.65
0.75,36,15,17.379071192751486,-0.0472088254031892,0.0008230458557762,-0.0047981926804018,0.0005801830016424,3,-17.0,8.65
0.75,37,15,17.484475865374485,-0.0317279182622981,0.0006646933012579,-0.0048102621668716,0.0004019693677403,3,-17.0,8.65
0.75,38,15,17.438784942022377,-0.0429562201512528,0.0006874982871942,-0.0047712072492605,0.0004600798354543,3,-17.0,8.65
0.75,39,15,16.405183552113776,-0.0483044530928186,-0.0003351521880706,-0.004886461330937,0.0003519320647152,3,-17.0,8.65
0.75,40,15,17.112501976981438,-0.0629120335687116,0.0001394522062763,-0.0047508589031225,0.0009646222515156,3,-17.0,8.65
0.75,41,15,16.25204425027315,-0.0552034119242293,0.0008163312812755,-0.0048368511602865,0.0003435021305471,3,-17.0,8.65
0.75,42,15,17.616712267080874,-0.0508988682957787,0.0003334516194829,-0.0046978542122718,0.0007216099845974,3,-17.0,8.65
0.75,43,15,17.256106333714868,-0.0591034137689801,-0.0001536832000308,-0.0047193629632601,0.000984405269335,3,-17.0,8.65
0.75,44,15,16.475250470591586,-0.052786270479588,-0.000277133627787,-0.0048009781849258,0.0004746863812859,3,-17.0,8.65
0.75,45,15,16.788256862862507,-0.0449699666685829,1.89107688031748e-06,-0.0047847026002644,0.0007935384136531,3,-17.0,8.65
0.75,46,15,16.915574255551086,-0.0454966728589986,0.0004794591711131,-0.0047980451830855,0.0006882912674843,3,-17.0,8.65
0.75,47,15,17.54921269728158,-0.0580006534401936,5.4779457485172e-05,-0.0047808606253125,0.000692929959385,3,-17.0,8.65
0.75,48,15,17.01104094069077,-0.043121667036964,-0.0008351242413451,-0.0047294967929917,0.0007603868891599,3,-17.0,8.65
0.75,49,15,17.370720109811458,-0.0716618492890977,-0.0001332558468457,-0.0048008748405356,0.001027160718653,3,-17.0,8.65
1.0,0,15,16.555678607929863,-0.0824068066442336,0.0002784282730497,-0.0046640744130368,0.0014387989972811,3,,10.74
1.0,1,15,17.004143467782473,-0.0789936856080019,-0.0002357734514355,-0.0046074676342343,0.0011082702156013,3,,10.74
1.0,2,15,16.256933616153788,-0.0653325796729083,-3.21072810145402e-05,-0.0048400189704347,0.0005156607813927,3,,10.74
1.0,3,15,16.264150773662326,-0.0734275644327263,-0.0003476436408931,-0.0048172198532994,0.000906781736705,3,,10.74
1.0,4,15,16.24932389670693,-0.0708567604927291,0.0007376561017652,-0.0048252398513018,0.0006489169481576,3,,10.74
1.0,5,15,16.57090046647717,-0.0849836248345123,0.0007019058156695,-0.0047635473019113,0.0010024300394989,3,,10.74
1.0,6,15,16.59723937805921,-0.0702631729549741,0.0006396544072685,-0.0047382702765546,0.0003181786563702,3,,10.74
1.0,7,15,16.910884604774754,-0.0748226873168437,0.0003883338121167,-0.0046852427156086,0.0006211564720492,3,,10.74
1.0,8,15,15.986992040002628,-0.0588842012174569,-0.0007306479066585,-0.0047623387924784,0.0002539428842838,3,,10.74
1.0,9,15,16.355967949176584,-0.0599871111210981,0.0001142132676878,-0.0047890532313073,0.0006678876006365,3,,10.74
1.0,10,15,17.260786677505784,-0.0681818010295166,0.0004881683606148,-0.0048113522492828,0.0009222305905692,3,,10.74
1.0,11,15,16.655707643593498,-0.0701892892899306,0.0005433376737572,-0.004814063107689,0.0005148367135744,3,,10.74
1.0,12,15,16.61932207188902,-0.0862714522862759,-0.0001258343709714,-0.0046842030840486,0.0010988949531898,3,,10.74
1.0,13,15,16.359433169230055,-0.0810775657757142,0.0005485458254096,-0.0047852468924626,0.0011314142963133,3,,10.74
1.0,14,15,16.165048579822077,-0.0798731145509341,-0.00034980807025,-0.0047464856157444,0.0008846215257101,3,,10.74
1.0,15,15,16.447694789933824,-0.0873758048542662,-7.212248646251869e-05,-0.0047217967011431,0.0010486883678012,3,,10.74
1.0,16,15,15.684941546701802,-0.094977047718671,-0.0002151068299938,-0.0047699159304499,0.001005235301624,3,,10.74
1.0,17,15,17.18021383730452,-0.0907225105225684,0.000157265422708,-0.0047560171644389,0.0012559260189411,3,,10.74
1.0,18,15,16.684883701461864,-0.0839474728099792,0.0002144626027331,-0.0046560609914767,0.001330620595579,3,,10.74
1.0,19,15,16.142692443226064,-0.0645506315345105,-0.0005562821726504,-0.0047014320449357,0.0006554033648003,3,,10.74
1.0,20,15,17.075443023329317,-0.0796466382415785,-0.0004046775365374,-0.0047745495734651,0.0010666791231858,3,,10.74
1.0,21,15,16.480328385812516,-0.0778731804907134,0.0001551567771528,-0.0047818317586577,0.0007466209437296,3,,10.74
1.0,22,15,17.096547475633496,-0.0803750600833238,0.0004878068262549,-0.0046195199927569,0.0013722507606471,3,,10.74
1.0,23,15,16.16186161499129,-0.0644721514848497,8.121199606248792e-05,-0.0047336208262023,0.0004429064621634,3,,10.74
1.0,24,15,16.54228606861034,-0.0698961190596916,0.0003603803390202,-0.0048111508420324,0.000319233141729,3,,10.74
1.0,25,15,16.588791779479795,-0.0644285272599151,0.0001475192281084,-0.0047031441911758,0.0008389716823331,3,,10.74
1.0,26,15,17.332946283941975,-0.0691156909437692,0.001754420410685,-0.0046681403155948,0.0011671371098517,3,,10.74
1.0,27,15,17.28766725277465,-0.0888744644853377,-0.0006500376177381,-0.004661220624135,0.001510725858305,3,,10.74
1.0,28,15,16.488128854863874,-0.0719942630361178,0.0003283264767775,-0.0047854057906012,0.0010404133242564,3,,10.74
1.0,29,15,16.245354953605865,-0.0976448395552419,0.0005095805284422,-0.0047725214444894,0.0011730901196971,3,,10.74
1.0,30,15,16.64513577335698,-0.0903523173799168,-0.0006605365222442,-0.0047375186649202,0.0009946427587129,3,,10.74
1.0,31,15,17.434097118184695,-0.0772230503216526,0.0007287576020863,-0.0046943249509511,0.0009037264422078,3,,10.74
1.0,32,15,15.970055649158343,-0.0805073589943109,0.0009047808741801,-0.0047901146581845,0.0008202703898245,3,,10.74
1.0,33,15,16.661467195632987,-0.0666237686898558,0.0002931431897034,-0.0047493912682181,0.000716856709217,3,,10.74
1.0,34,15,16.386776306665173,-0.0769499416279825,0.0002453264904633,-0.0048147429766229,0.0007091283134355,3,,10.74
1.0,35,15,16.50698703110718,-0.0624080577728581,-0.0002131039964779,-0.0047675444077843,0.0007328877444687,3,,10.74
1.0,36,15,16.64316537612423,-0.0743582114607037,-0.0008577712362795,-0.0048228557254867,0.0005140923639174,3,,10.74
1.0,37,15,16.439257115884768,-0.0642890385075058,0.0007370841068948,-0.0046993065795299,0.0012536942353763,3,,10.74
1.0,38,15,17.119552867580666,-0.0779246818368926,0.0003388363147476,-0.0047370594016449,0.0009177602484872,3,,10.74
1.0,39,15,16.46241402659652,-0.0831077673237042,-0.0005986023304684,-0.0047746287931784,0.0009659287637145,3,,10.74
1.0,40,15,16.812303272703772,-0.0832640595876779,0.0005003253240884,-0.0046857759742271,0.0009163676139172,3,,10.74
1.0,41,15,16.82536448727631,-0.090462327698943,0.0007629532223368,-0.0047454326655157,0.0013726157729628,3,,10.74
1.0,42,15,16.23492107134578,-0.0733479744924518,-2.039646887265724e-05,-0.0048173585140298,0.00087169977588,3,,10.74
1.0,43,15,16.624050355724375,-0.091138024256109,0.0006007297207238,-0.0047199102768595,0.0010716120326422,3,,10.74
1.0,44,15,17.128809391813075,-0.0694915307843423,-7.542161862383259e-05,-0.0048118633513564,0.0007984076350084,3,,10.74
1.0,45,15,17.004118831409436,-0.0686602938632987,0.0001133391143609,-0.0047392073311438,0.0007247806309792,3,,10.74
1.0,46,15,16.337562369038803,-0.0972104929526874,6.585343960136362e-05,-0.0047050964352227,0.0008023023300364,3,,10.74
1.0,47,15,16.457742546838546,-0.0806252785559783,0.0004349039065612,-0.0047894143032816,0.0010997858862831,3,,10.74
1.0,48,15,16.717464865960117,-0.076226113546843,-0.0001908574714171,-0.0047977228947438,0.0010585241524881,3,,10.74
1.0,49,15,16.4855887348454,-0.0901200343178892,0.000113217699109,-0.0048203548511274,0.0009028112199269,3,,10.74
0.0,0,15,20.954191963310706,0.0289322310377351,4.09767294005562e-05,-0.0049611324652109,-0.0002983957845986,4,-22.0,7.18
0.0,1,15,21.10589932199788,0.0204869731427135,0.0012043485206366,-0.004979257503712,-0.0002725150663218,4,-22.0,7.18
0.0,2,15,20.985240639877933,0.0232370712956847,-0.0006064230197345,-0.0049741928143223,-0.0003673172948195,4,-22.0,7.18
0.0,3,15,20.441369682038196,0.0229383905511561,0.0005589392705523,-0.004971560786663,-6.237810146177186e-05,4,-22.0,7.18
0.0,4,15,21.324402883751496,0.0196976136180257,9.318598616061629e-05,-0.004980145107418,-0.0001882542346776,4,-22.0,7.18
0.0,5,15,20.080839821172344,0.0262546250561227,-0.0010854402551025,-0.0049995099161372,-0.0002178212664419,4,-22.0,7.18
0.0,6,15,20.52669864427344,0.0064104339601622,0.0006933830830675,-0.0049884125028585,-0.0001099916363837,4,-22.0,7.18
0.0,7,15,20.92044072734856,0.0151578742458251,3.872449959648412e-05,-0.0049797985246489,-4.010321349404976e-05,4,-22.0,7.18
0.0,8,15,20.588332115292378,0.0316052924254875,0.0005112260144833,-0.0049708171044151,-0.0002178217641263,4,-22.0,7.18
0.0,9,15,19.96415681897155,0.0140927345875137,-0.0001737018401601,-0.00498086792879,-0.0001548352954885,4,-22.0,7.18
0.0,10,15,20.67668694483281,0.0305759027838368,0.0002366207869673,-0.0049746697721392,-0.0002321874763329,4,-22.0,7.18
0.0,11,15,20.64787406088657,0.024603832309999,0.0001895620547575,-0.0049551595448102,-0.0002552868969933,4,-22.0,7.18
0.0,12,15,20.564026013361364,0.0242123391850475,0.0001533693411138,-0.0049877316639606,-0.0004405864813092,4,-22.0,7.18
0.0,13,15,20.91955647262528,0.0185172364949896,-0.0005861764537739,-0.0049776486097795,-0.0003394152128363,4,-22.0,7.18
0.0,14,15,19.347257618679887,0.0215531236256,-0.0002558638239539,-0.0049580561481855,-0.0001924940980856,4,-22.0,7.18
0.0,15,15,21.02583221472419,0.0176611785758102,0.000330274883991,-0.0049685281526027,-0.000290499386621,4,-22.0,7.18
0.0,16,15,20.96930440392529,0.0245116857988761,0.0007036440451739,-0.0049690825642172,-8.916004305969571e-05,4,-22.0,7.18
0.0,17,15,19.89867653816277,0.0137460765075177,0.0009470272672419,-0.0049709543212085,-0.0002750645137564,4,-22.0,7.18
0.0,18,15,20.88899415361893,0.0211256528045002,0.0005303206595569,-0.0049750053433195,-0.000116289405739,4,-22.0,7.18
0.0,19,15,20.626991341653877,0.0247569272602183,-0.0003607772574489,-0.0049726931441096,-0.0003057762863486,4,-22.0,7.18
0.0,20,15,20.29448595837114,0.0190133738164922,0.0009979305480714,-0.0049661551147456,-0.0001683241383852,4,-22.0,7.18
0.0,21,15,20.191609593660143,0.0249450900799687,0.000468842446523,-0.0049722273476977,-0.0004036861014125,4,-22.0,7.18
0.0,22,15,20.54563801166641,0.0346428589576012,0.0003461812858294,-0.0049428552174598,-0.0002715514192298,4,-22.0,7.18
0.0,23,15,20.69389668582872,0.0187912759145594,-0.0002390032479018,-0.0049880827129753,-0.0002111363558111,4,-22.0,7.18
0.0,24,15,20.785440436863286,-0.0015431697433136,0.0012692183486082,-0.0049847587310081,-0.0001249900009677,4,-22.0,7.18
0.0,25,15,21.17092086206094,0.0203017958943869,-0.0003652218486212,-0.0049755079894665,4.551675363245865e-05,4,-22.0,7.18
0.0,26,15,20.80251695137339,0.0252831164611256,-0.0002844628510988,-0.0049977475616447,-0.0002588007194922,4,-22.0,7.18
0.0,27,15,19.9909504388809,0.0315001891055656,0.000225149765205,-0.0049848525005342,-0.000366470610435,4,-22.0,7.18
0.0,28,15,19.84675713800227,0.0303403903943043,-8.673247346506729e-05,-0.0049671782829849,-0.0003828565753761,4,-22.0,7.18
0.0,29,15,20.13943006742581,0.004486647061002,0.0004142404733447,-0.0049885055872691,2.1019700333540004e-05,4,-22.0,7.18
0.0,30,15,20.6359437432258,0.0203190249874312,0.0001537757217143,-0.0049745348362307,-0.0003150690295972,4,-22.0,7.18
0.0,31,15,20.52789609504545,0.0187677404396575,9.799322286641676e-05,-0.004969046932383,-0.0001364198968646,4,-22.0,7.18
0.0,32,15,21.303992301367305,0.0455237683300544,0.000939812132831,-0.0049664846335565,-0.0003129764639372,4,-22.0,7.18
0.0,33,15,20.736686493594547,0.025527936798415,0.0001845016054083,-0.0049808955000721,-0.0002400514012408,4,-22.0,7.18
0.0,34,15,19.37950884434413,0.0369543623759885,-9.41717718986608e-05,-0.0049860216196013,-0.0004921714950706,4,-22.0,7.18
0.0,35,15,20.72302095697544,0.0230345342345347,-0.0001112928774922,-0.0049665749441399,-0.0001524255788718,4,-22.0,7.18
0.0,36,15,20.159134956003747,0.0245650162878682,0.0008568606951497,-0.0049733432893656,-0.0003616214005667,4,-22.0,7.18
0.0,37,15,20.166272668458635,0.0267872858979082,-0.0004534495695958,-0.0049921696244488,-0.0002099633756549,4,-22.0,7.18
0.0,38,15,20.09567406815093,0.0248378076262904,0.0004668378500307,-0.0049694005436774,-9.603537919835228e-05,4,-22.0,7.18
0.0,39,15,19.884211566406112,0.0264106507176439,-0.0002140993745891,-0.0049825662210531,-0.0001419296005266,4,-22.0,7.18
0.0,40,15,19.94852459490898,0.0341055294506124,3.992492493698228e-05,-0.0049503785411161,-0.0004038638998946,4,-22.0,7.18
0.0,41,15,20.05302826921761,0.0037541193631265,0.0009959079509604,-0.0049766277219224,1.2082932329013125e-05,4,-22.0,7.18
0.0,42,15,21.0093953294566,0.0218060662925191,-0.0003374144254796,-0.0049720226700589,-0.0002851793620935,4,-22.0,7.18
0.0,43,15,20.85456032794458,0.0245321240084114,0.0009285375730882,-0.0049657110896975,-0.000247836151791,4,-22.0,7.18
0.0,44,15,21.03914938595808,0.0215822636328987,0.0018247394406585,-0.0049703338612986,4.195015180901046e-05,4,-22.0,7.18
0.0,45,15,20.55114736799064,0.0248127226286014,0.0002955803100168,-0.0049703116423945,-0.0001981114251201,4,-22.0,7.18
0.0,46,15,21.14734446278329,0.0143360171571719,0.0010302389682801,-0.004964581400883,-0.0001939688738262,4,-22.0,7.18
0.0,47,15,20.07711650305764,0.0262808214283759,0.0008553758122257,-0.0049875474785321,-0.0001519661957827,4,-22.0,7.18
0.0,48,15,20.46654590059064,0.036545758098308,0.0011479366655249,-0.0049657849143709,-0.0004408176427564,4,-22.0,7.18
0.0,49,15,20.204536846645517,0.0194911821210261,-0.0004747587813906,-0.0049719365529947,-0.0001996420753151,4,-22.0,7.18
0.25,0,15,19.465723902278445,-0.0168477179683562,0.0003987776438966,-0.0049111781640091,0.0001416972001792,4,-22.0,7.18
0.25,1,15,19.712459273178016,-0.0263310488473833,0.0008383819209765,-0.0048530020691633,0.0005626835130565,4,-22.0,7.18
0.25,2,15,18.593377223539097,-0.0022772083697976,-4.015581335449823e-05,-0.0048968072982997,-3.935241544914897e-05,4,-22.0,7.18
0.25,3,15,19.171167214022702,-0.0076571096606787,0.0003702775709273,-0.0049149932731783,0.0001150277900532,4,-22.0,7.18
0.25,4,15,18.529508767961715,-0.012497379017196,-0.000729847194231,-0.0049077255542097,0.0004246747177006,4,-22.0,7.18
0.25,5,15,19.616994458828245,-0.0006676175573539,0.0001164232569401,-0.0048801201659715,0.0001461798625613,4,-22.0,7.18
0.25,6,15,19.643854238401342,-0.0177498236511508,-0.0003680273860869,-0.0049169900317475,1.2686220190483163e-05,4,-22.0,7.18
0.25,7,15,20.46856360981531,-0.0001528882837568,0.001505889726701,-0.0049001010739638,0.0002686779054952,4,-22.0,7.18
0.25,8,15,19.281089017021163,-0.0044254568793784,0.0001229230186102,-0.0049081406225245,0.0001556952755094,4,-22.0,7.18
0.25,9,15,19.60265278348229,0.0008034229520389,0.0014688610586464,-0.0049134759217602,7.807606068920007e-05,4,-22.0,7.18
0.25,10,15,18.673395232802356,-0.0107541613155332,8.383343939535202e-05,-0.0049233099093486,0.0002197180801825,4,-22.0,7.18
0.25,11,15,18.549629535230043,-0.0021551858493929,0.0006173603555697,-0.0049275065073139,0.0002848959982732,4,-22.0,7.18
0.25,12,15,19.28715568292805,-0.0069848476690774,0.0006549496810893,-0.0048891883555207,0.0004279403646948,4,-22.0,7.18
0.25,13,15,19.38680864934063,-0.0160541703689302,-0.0004103736984443,-0.0049259043256348,0.00038249457383,4,-22.0,7.18
0.25,14,15,20.51387608390919,-0.0190416551731062,-0.0004552793843966,-0.0048780380513924,0.0002420571535436,4,-22.0,7.18
0.25,15,15,19.937000301573093,0.0115095181570325,0.0004983593411415,-0.0048032479913175,0.0001285301816865,4,-22.0,7.18
0.25,16,15,19.66439471745947,-0.0025033222248152,0.0006595297191911,-0.0048477297447251,0.0001858575934435,4,-22.0,7.18
0.25,17,15,19.55719698668272,-0.0157134402367774,-0.000283483736111,-0.0049187147935802,0.0002344189933196,4,-22.0,7.18
0.25,18,15,20.10712806400826,-0.0045961531021957,0.0002612652621896,-0.0048558057615231,0.0005699305406115,4,-22.0,7.18
0.25,19,15,18.975158747009573,-0.0143446233432677,1.6189800032426526e-06,-0.0049222451790852,0.0002020196441977,4,-22.0,7.18
0.25,20,15,19.976780798151445,0.0029634969491451,3.518184941051981e-05,-0.0048960061522073,3.784042149895803e-05,4,-22.0,7.18
0.25,21,15,19.696650891215818,-0.0043195406809163,0.0001378299584791,-0.0048881105976457,6.729013804722505e-05,4,-22.0,7.18
0.25,22,15,18.385899757380923,-0.0065859306444197,0.0002605089487549,-0.0048848864809412,0.0001979282347982,4,-22.0,7.18
0.25,23,15,19.897291205338732,-0.0235851320420211,0.0005574791687476,-0.0049288019615445,0.0003725340572658,4,-22.0,7.18
0.25,24,15,19.256773988993395,-0.0023274724665577,0.0003235796847172,-0.004919404616281,0.0001395070604379,4,-22.0,7.18
0.25,25,15,19.39559864112653,-0.0097434788415745,-0.0002494733624756,-0.0049185317900207,0.0003702502782087,4,-22.0,7.18
0.25,26,15,19.523008940323532,-0.0098225894270606,-0.0006262811302022,-0.004908162441744,8.856658322459598e-05,4,-22.0,7.18
0.25,27,15,19.77438191101401,0.003752171472411,-0.0004366896964583,-0.0048749087994547,0.0002905025420455,4,-22.0,7.18
0.25,28,15,18.96543047791027,-0.0095616133936532,-0.0002852919879704,-0.0049143324152088,0.0003129899637643,4,-22.0,7.18
0.25,29,15,18.92980336983231,-0.0209579353310471,0.0003753851841092,-0.0048989173515214,0.0004141328458037,4,-22.0,7.18
0.25,30,15,18.876669938386872,-0.0028219929110065,-6.192763223689088e-06,-0.0048940105475733,0.0001800060849879,4,-22.0,7.18
0.25,31,15,19.50235941489589,-0.0187237424028507,7.910424530650615e-05,-0.0048673533731414,0.0001998152026284,4,-22.0,7.18
0.25,32,15,19.92321117207131,0.0065044097834882,-0.0008620626968368,-0.0049254349776616,0.000238411839242,4,-22.0,7.18
0.25,33,15,19.544271938729377,-0.0088927724887553,-0.0003499205177662,-0.0049046811195976,0.0002001125980604,4,-22.0,7.18
0.25,34,15,20.052778131528985,-0.0243833918733363,-0.0004345908470294,-0.0048718042581537,0.0006318534364411,4,-22.0,7.18
0.25,35,15,19.17896990240558,-0.0068551364057264,0.0006870508753353,-0.0049265337033994,0.0003066943626257,4,-22.0,7.18
0.25,36,15,19.7887408979236,-0.0129215501994631,0.0004638066077362,-0.0048836464937305,0.0001813910880012,4,-22.0,7.18
0.25,37,15,19.56346172442316,-0.0106773756196593,-0.0004471389199228,-0.0049131725924239,0.0003692329033569,4,-22.0,7.18
0.25,38,15,19.211242561074418,0.003985700655188,0.0002740459079629,-0.0049072341231376,-5.014028673240763e-05,4,-22.0,7.18
0.25,39,15,19.558726754122382,-0.0201754135777702,0.0002604601972631,-0.0049194584593201,0.0004672517299851,4,-22.0,7.18
0.25,40,15,19.766703378659106,-0.0062613982441239,4.891428552063394e-05,-0.0049010256674102,0.0004766816511371,4,-22.0,7.18
0.25,41,15,19.37437729876888,-0.0076996656474281,0.0004096895079469,-0.0048955219063674,0.0002865894490577,4,-22.0,7.18
0.25,42,15,19.658952350470702,-0.0128255515726883,-0.0002230616230757,-0.0048950392194843,0.0002830639216797,4,-22.0,7.18
0.25,43,15,18.874962749654177,0.000264068394112,0.0001380902783468,-0.0049133128978931,5.129912130277968e-05,4,-22.0,7.18
0.25,44,15,19.79851444646569,-0.0036622326690514,0.0004933508733027,-0.004848402067604,0.0002545996818318,4,-22.0,7.18
0.25,45,15,18.89703776018214,0.0017504353847449,-0.0003812195441964,-0.0048956506840248,0.0001198152979019,4,-22.0,7.18
0.25,46,15,20.28299749495693,-0.0019774840324257,-0.0002561742733344,-0.0048743533658647,0.0002707832774526,4,-22.0,7.18
0.25,47,15,18.56621954827902,-0.0026004938180168,0.0005674581904191,-0.0049402666257566,-1.9782828721794704e-05,4,-22.0,7.18
0.25,48,15,18.49046215506965,-0.016700936566869,0.0003076707992319,-0.0049424441649902,0.000340529309453,4,-22.0,7.18
0.25,49,15,18.48439592394009,0.0046816458676913,0.0003278387103998,-0.0049081601318104,0.0001160044476075,4,-22.0,7.18
0.5,0,15,18.388339564070883,-0.0238232521663484,-0.0003607489193027,-0.0048659977791218,0.0003859544707022,4,-22.0,7.18
0.5,1,15,18.106934338590825,-0.0312771565016741,-0.000271338626457,-0.0048147751097184,0.0004069771481482,4,-22.0,7.18
0.5,2,15,18.630626983797768,-0.0375025644607461,0.0006639153433352,-0.0048736833696344,0.0003773521808978,4,-22.0,7.18
0.5,3,15,18.25469332983968,-0.0305483168357826,0.0003455962553122,-0.0048634500632906,0.0006744843409069,4,-22.0,7.18
0.5,4,15,18.832906750016065,-0.0188077932182173,0.0003489259473357,-0.0047405782923242,0.0008054544110747,4,-22.0,7.18
0.5,5,15,18.075836929637543,-0.0296960682812676,0.0001456867335271,-0.0048633738595079,0.0004643796760752,4,-22.0,7.18
0.5,6,15,19.272919108179774,-0.0341801257826356,-0.0003060462348806,-0.0048060718646994,0.0006383948477057,4,-22.0,7.18
0.5,7,15,19.07768176926335,-0.0358521993961195,0.0008795938266513,-0.0048213089185034,0.0005889594170931,4,-22.0,7.18
0.5,8,15,19.251025909251023,-0.0048400414802848,-0.0007864693898452,-0.0048843708765324,0.0004325103999772,4,-22.0,7.18
0.5,9,15,18.68518114288082,-0.021248217612777,-0.0003629604309048,-0.0048505594001315,0.0005793240500306,4,-22.0,7.18
0.5,10,15,18.7457981659604,-0.0161560995271156,0.0001860598244181,-0.0048195729244316,0.0007510062096909,4,-22.0,7.18
0.5,11,15,19.032213644906413,-0.0259416963146548,0.0003661074520207,-0.0048278490472932,0.0003626570858089,4,-22.0,7.18
0.5,12,15,18.347933049215737,-0.0298801602240846,0.0004038728146593,-0.0048653242977985,0.0005342057174295,4,-22.0,7.18
0.5,13,15,18.277380291005315,-0.0307445823098274,0.0002238321011669,-0.004830806128254,0.0007554688943631,4,-22.0,7.18
0.5,14,15,18.53391170362826,-0.0290069252499424,-4.898480392730412e-06,-0.0048743649073702,0.0003587651002673,4,-22.0,7.18
0.5,15,15,19.073793539811728,-0.0159475072308997,-4.6901465813029645e-05,-0.004876737985762,0.0001422639123484,4,-22.0,7.18
0.5,16,15,18.43491902572745,-0.0146122409939993,1.727171440160643e-05,-0.0048947296764771,0.000409141429292,4,-22.0,7.18
0.5,17,15,18.07096904311166,-0.0358524126710945,0.0008821373199336,-0.0048140696557549,0.0003025895297911,4,-22.0,7.18
0.5,18,15,18.46916687516877,-0.0229376007846069,-0.0008521202357038,-0.0048798482830222,4.748637467624576e-05,4,-22.0,7.18
0.5,19,15,18.39329346717352,-0.0390059327471389,-3.221421051797395e-05,-0.004787448014902,0.0006282921312174,4,-22.0,7.18
0.5,20,15,18.48576048249974,-0.0308840350008192,-0.0003527136428783,-0.0048095845521745,0.0003844063860898,4,-22.0,7.18
0.5,21,15,18.83500900183239,-0.0363024691102243,0.000236784003284,-0.0048579836458718,0.0004203211232733,4,-22.0,7.18
0.5,22,15,18.848319841005395,-0.0307248382544956,0.0011590566648303,-0.0048003422899584,0.0005786718991667,4,-22.0,7.18
0.5,23,15,19.45435867876884,-0.0240330180349879,-9.792974539964554e-05,-0.0048056696138594,0.0004076501793808,4,-22.0,7.18
0.5,24,15,18.7604579363526,-0.0228788329056741,-0.0002491266100693,-0.004872399332741,0.0004053846533873,4,-22.0,7.18
0.5,25,15,20.058517489878557,-0.0206429657879023,-0.0002976185954496,-0.004786552592353,0.0006721857810323,4,-22.0,7.18
0.5,26,15,18.862533423249356,-0.029927490385971,-0.0006460601237858,-0.0047728294498652,0.0005774935827592,4,-22.0,7.18
0.5,27,15,18.526109301627653,-0.0137017853813948,0.0006408970638957,-0.00485756216655,0.000276210621693,4,-22.0,7.18
0.5,28,15,18.572683676314647,-0.0262077596063863,0.0003362472636212,-0.0048219351232678,0.0003606406249153,4,-22.0,7.18
0.5,29,15,18.269080579082832,-0.0514430040024814,0.0003115142718492,-0.0048092709856497,0.0009565184983932,4,-22.0,7.18
0.5,30,15,18.743143645893824,-0.0314731630698423,0.0001700858714946,-0.0048422663031913,0.0002560666177279,4,-22.0,7.18
0.5,31,15,18.05533700813619,-0.0428208549379003,1.8311137630401892e-05,-0.0047631889397463,0.0009815832031699,4,-22.0,7.18
0.5,32,15,19.172310520396472,-0.0233567972292335,0.0001291465994851,-0.00477126514828,0.0006031714677557,4,-22.0,7.18
0.5,33,15,19.51561394760499,-0.0280776157694577,0.0001590372106254,-0.0048163084302272,0.0001941755573513,4,-22.0,7.18
0.5,34,15,18.66807642076975,-0.0323899402195893,0.0010353075941635,-0.0048750802360453,0.0003782361140876,4,-22.0,7.18
0.5,35,15,18.12938600107204,-0.0369618596422497,-0.000152095557951,-0.0048428916863666,0.0005663655358403,4,-22.0,7.18
0.5,36,15,18.253222266093985,-0.0418124229273226,-0.0005015848334095,-0.0048607081938239,0.0005289977795644,4,-22.0,7.18
0.5,37,15,19.153649519045683,-0.010684879216413,0.0007181637063708,-0.0048346330236228,0.0003602011265384,4,-22.0,7.18
0.5,38,15,17.776631457908397,-0.0305665663041934,-0.0001513348975869,-0.0048745467009949,0.0001336748082637,4,-22.0,7.18
0.5,39,15,18.110163525682072,-0.0445951930273487,7.151791073667808e-05,-0.004858480800554,0.0006609608892487,4,-22.0,7.18
0.5,40,15,19.35107974372343,-0.0288493912643937,0.0002995382483636,-0.0048781481638537,0.0001864947544457,4,-22.0,7.18
0.5,41,15,18.68634114319284,-0.0429605634296563,0.0011060388154932,-0.0048412029729422,0.0004917060772863,4,-22.0,7.18
0.5,42,15,19.11509111911698,-0.0128661423939708,-0.0010615217405387,-0.0047976388607578,0.0006063843735028,4,-22.0,7.18
0.5,43,15,19.928193828763696,-0.0247683356646183,0.0007759182317086,-0.0048304705304482,0.0001989434810639,4,-22.0,7.18
0.5,44,15,19.011543325762435,-0.0236253561005138,0.0003275685178505,-0.0048199018049643,0.0005933704013567,4,-22.0,7.18
0.5,45,15,18.745217027827376,-0.0236256105833988,-0.0006805600267373,-0.0048062983007591,0.0003458256716915,4,-22.0,7.18
0.5,46,15,18.509634192596646,-0.0139394886440103,0.000238509749691,-0.0048386394206129,0.0001110376162762,4,-22.0,7.18
0.5,47,15,18.13312663628249,-0.0394730317385575,-0.0005839402594933,-0.0047725651319157,0.000826911508302,4,-22.0,7.18
0.5,48,15,18.72819333738456,-0.0236080740193508,0.0001545784602266,-0.0047627567175283,0.0004597871829628,4,-22.0,7.18
0.5,49,15,18.528422293383255,-0.0248345522906679,-0.0005824584394494,-0.0047771913758257,0.0004867814210481,4,-22.0,7.18
0.75,0,15,18.079445858028063,-0.0426231047607657,-0.0001273654047911,-0.0047652816143948,0.0005572648484076,4,-22.0,7.18
0.75,1,15,17.91907750490357,-0.0631270715661539,-0.0003109950791616,-0.0048123065423635,0.0009109123618867,4,-22.0,7.18
0.75,2,15,16.974274026750223,-0.0420477003930135,8.618751230824777e-05,-0.0048128451353812,0.0003701956710289,4,-22.0,7.18
0.75,3,15,17.930502734715944,-0.032295961423516,0.0007399241624861,-0.0048053081069653,0.000681347318166,4,-22.0,7.18
0.75,4,15,16.913864450930692,-0.0425158249571393,0.0002900864733809,-0.004831217692544,0.000372849260459,4,-22.0,7.18
0.75,5,15,17.523066942509306,-0.05511798162606,-0.0001194602067182,-0.0048255913893574,0.0008008046859513,4,-22.0,7.18
0.75,6,15,17.728657569452853,-0.0611002761073805,0.0003243245952276,-0.0048098162517893,0.0006603849906603,4,-22.0,7.18
0.75,7,15,17.880847337152982,-0.0636823162073362,-0.0007169348034954,-0.0046980301561669,0.0010384363246281,4,-22.0,7.18
0.75,8,15,18.236246842864954,-0.0307926897489618,0.0014736848825453,-0.0047883914334049,0.0002925837855178,4,-22.0,7.18
0.75,9,15,17.068274851808745,-0.057812575470788,5.489880297306052e-05,-0.0048283278301849,0.0008495859604177,4,-22.0,7.18
0.75,10,15,16.609145204382955,-0.0582605645784767,0.0001867940417363,-0.004847934678262,0.0008802214677799,4,-22.0,7.18
0.75,11,15,17.540444436194516,-0.0571047972012095,-4.451098650516381e-05,-0.004796242721112,0.000954072823386,4,-22.0,7.18
0.75,12,15,17.298107842600274,-0.0558411155530513,-0.0003017479898571,-0.0048561522567331,0.0006276730248317,4,-22.0,7.18
0.75,13,15,17.340319962028772,-0.0481657019274896,-7.01378304320658e-05,-0.004792023927689,0.0006035721168862,4,-22.0,7.18
0.75,14,15,17.653535469725067,-0.0427426734279268,0.0005846250918994,-0.004689071333558,0.0009018010219968,4,-22.0,7.18
0.75,15,15,17.24053678267278,-0.0581026066698135,-0.0003569513778438,-0.0048224676131746,0.000865820530706,4,-22.0,7.18
0.75,16,15,16.958685313243578,-0.0595083336301915,0.0002951616773574,-0.0048606974982634,0.0006476866012365,4,-22.0,7.18
0.75,17,15,17.403251544317143,-0.0678955406320601,-0.000126449157244,-0.0047829109966621,0.0011505394185575,4,-22.0,7.18
0.75,18,15,17.635406016414514,-0.0381423409137774,0.0003138351043461,-0.0048315672894057,0.000885970118426,4,-22.0,7.18
0.75,19,15,18.111491292646956,-0.0530503364186675,-0.0004830834488082,-0.0048520565510753,0.0005837675089989,4,-22.0,7.18
0.75,20,15,17.606992658497816,-0.0607119723560954,9.993347628225304e-05,-0.0047258731871147,0.0009056492596637,4,-22.0,7.18
0.75,21,15,18.20288951711132,-0.0496517577256428,3.999632184326098e-05,-0.0047643115201415,0.0009519966518735,4,-22.0,7.18
0.75,22,15,17.945772364070912,-0.0695779620733039,-0.0004564313704403,-0.0048112547062748,0.0009310637704025,4,-22.0,7.18
0.75,23,15,18.08052447913845,-0.0442189246279852,0.0003783606669769,-0.004834971204704,0.0006263843370937,4,-22.0,7.18
0.75,24,15,17.72799760666834,-0.0607211854574891,8.102643148794385e-05,-0.0048118890032967,0.0005283845640971,4,-22.0,7.18
0.75,25,15,17.133236949834163,-0.0513330973816387,0.0003623121154511,-0.0047676276864746,0.000680263138337,4,-22.0,7.18
0.75,26,15,18.378705501432226,-0.0502231471038904,0.0003035580232067,-0.0047949393986487,0.000735940882633,4,-22.0,7.18
0.75,27,15,18.039689275814997,-0.0576388179724402,-0.000432053019093,-0.0048239155563867,0.0007983964630689,4,-22.0,7.18
0.75,28,15,16.931776821339017,-0.0553055213497575,-0.0003195621004716,-0.0048115533482475,0.0008335376864268,4,-22.0,7.18
0.75,29,15,17.127311392183575,-0.0658313033187857,0.0007495949698649,-0.0048822606164857,0.0009663611369334,4,-22.0,7.18
0.75,30,15,16.96240400899616,-0.0609937688945425,-0.0001425247348479,-0.0047680687811329,0.0013500980331223,4,-22.0,7.18
0.75,31,15,17.78284806647433,-0.0512730205474679,-0.0007022862300888,-0.0046537661195931,0.0014288313536222,4,-22.0,7.18
0.75,32,15,17.434625011259435,-0.059819338366288,-0.0001889012667496,-0.0047780595585554,0.0007743677027244,4,-22.0,7.18
0.75,33,15,16.44348722678923,-0.0385554983676268,-0.0006693359085539,-0.0047231618397522,0.0007980890515394,4,-22.0,7.18
0.75,34,15,17.447037505061548,-0.036936341026057,-0.0006513723581052,-0.0048659273043034,0.0007860834478374,4,-22.0,7.18
0.75,35,15,17.363200853629845,-0.039362457131587,0.0002150191563571,-0.0047172615523778,0.0005946238554359,4,-22.0,7.18
0.75,36,15,16.914087735603207,-0.05213172086797,0.0002213738835828,-0.0047858742956124,0.0006863588112018,4,-22.0,7.18
0.75,37,15,17.144085827151713,-0.054142217980887,-0.0003298314553799,-0.0048258178557208,0.0006978669739179,4,-22.0,7.18
0.75,38,15,17.518921687012334,-0.0487804912659202,-0.0001651779580871,-0.0047443442845858,0.0005976202875186,4,-22.0,7.18
0.75,39,15,17.892731174870654,-0.0545087431442534,0.0001536262046942,-0.0048328442246608,0.0009120967284462,4,-22.0,7.18
0.75,40,15,17.280347071821563,-0.0516662429434506,-0.0004362897449627,-0.0048195638548306,0.0004886003459947,4,-22.0,7.18
0.75,41,15,17.54325160611476,-0.0820902224338817,2.7336088474057752e-05,-0.0048181697179115,0.0011653371130979,4,-22.0,7.18
0.75,42,15,17.382874914719906,-0.043790297793763,0.0008474415080267,-0.0048045480776456,0.0002738339890799,4,-22.0,7.18
0.75,43,15,17.38599383570908,-0.0507960510866652,-0.0011276715784292,-0.0048110395393073,0.0003691143403709,4,-22.0,7.18
0.75,44,15,17.180726132444647,-0.0602574525030794,-0.0004628662817295,-0.0048260406279036,0.0006276084188083,4,-22.0,7.18
0.75,45,15,18.439220498864657,-0.0300419958758804,0.0001002935117632,-0.0047492937747342,0.0005988358996455,4,-22.0,7.18
0.75,46,15,17.45227679282665,-0.0503271850453406,0.0006228582494001,-0.0048176736144057,0.0006501506431025,4,-22.0,7.18
0.75,47,15,17.787645179318744,-0.0608580910081948,-0.0007133189162172,-0.0047998256535396,0.0010226672408093,4,-22.0,7.18
0.75,48,15,16.964260977128102,-0.0682328199973512,0.0005518366382518,-0.0048540474126883,0.0008210516602691,4,-22.0,7.18
0.75,49,15,17.52473284053789,-0.0460768001392734,0.0011201187138228,-0.0048477715153929,0.0006152913267224,4,-22.0,7.18
1.0,0,15,17.03740459436776,-0.0761506810691383,-0.0009455252304061,-0.0047437701392954,0.0009165502541931,4,,10.74
1.0,1,15,16.7458360754777,-0.0842255309143444,-0.0004582588187358,-0.0047988204452038,0.0012259899049459,4,,10.74
1.0,2,15,17.11253967503251,-0.0770557320807897,-0.0001903049784135,-0.0047330151465069,0.0007560764116633,4,,10.74
1.0,3,15,16.38649288851819,-0.0777875636558728,-0.0001324596698369,-0.0048178020938289,0.0009979730191291,4,,10.74
1.0,4,15,16.649999039029478,-0.0787989310669731,-0.0004503451920367,-0.0047748323191367,0.0006963806304,4,,10.74
1.0,5,15,17.34891401174024,-0.069225868664636,7.493185073203495e-05,-0.0047529456909367,0.0002454501850865,4,,10.74
1.0,6,15,16.590822288458455,-0.0734775613577134,0.0003162142087335,-0.0047648344131276,0.0005714689122201,4,,10.74
1.0,7,15,16.825840427956408,-0.0728332247437611,0.0006487566504305,-0.0047709905589845,0.0008153650078846,4,,10.74
1.0,8,15,16.94558938175219,-0.0869554044463584,6.521763165497576e-05,-0.0047220480827468,0.0010101233712558,4,,10.74
1.0,9,15,16.877311329005227,-0.0635594957255555,0.0006579714348837,-0.0047294692848327,0.0007674454096785,4,,10.74
1.0,10,15,16.887608690711136,-0.0685471094124146,0.000112732342335,-0.0047643220298892,0.0005519732759429,4,,10.74
1.0,11,15,16.20591080481169,-0.0701555875394969,-0.0007979212105234,-0.0048499503714167,0.0008903942607041,4,,10.74
1.0,12,15,16.633878058376908,-0.0776448364896231,0.0006809458358209,-0.0048287187500373,0.0009877160548253,4,,10.74
1.0,13,15,15.983499751275536,-0.0710293331418375,0.0001417849227268,-0.0048247125360851,0.0008671969411711,4,,10.74
1.0,14,15,17.03628391551503,-0.0615639658484916,0.0001402292675875,-0.0047368936381993,0.0004651558608144,4,,10.74
1.0,15,15,16.47460000397643,-0.0845903782893489,-0.0005145326542235,-0.0046338687902763,0.0013951583485057,4,,10.74
1.0,16,15,16.983085927511333,-0.069645741360127,0.0001835991840624,-0.0046759276871574,0.0009193009686836,4,,10.74
1.0,17,15,16.00805376657029,-0.094609210392882,0.0004498767839841,-0.0047690105044,0.0008183515515925,4,,10.74
1.0,18,15,17.022727311572552,-0.0752724736573442,0.0009496900963185,-0.0046420972949331,0.0014081747407954,4,,10.74
1.0,19,15,15.87511479633989,-0.0608267866783647,0.0001280457301594,-0.0047568852435746,0.0007977041551933,4,,10.74
1.0,20,15,16.768365324428025,-0.0719749796989784,0.0001503049023565,-0.004613298824829,0.0012950552483568,4,,10.74
1.0,21,15,16.59578086772281,-0.0718101760646277,0.0006102040882867,-0.0047960240163259,0.000428091425203,4,,10.74
1.0,22,15,16.539786165614196,-0.0849509925845651,-0.0003287022195105,-0.0047797805080836,0.0007563329613098,4,,10.74
1.0,23,15,16.203206925861117,-0.0857819981365154,0.0005119330709367,-0.0048133739940108,0.0006697495367903,4,,10.74
1.0,24,15,17.138559021909135,-0.0674245124197337,0.0001599277427113,-0.0047209123009156,0.0012725891271369,4,,10.74
1.0,25,15,16.49492292229677,-0.073068668627683,-0.0004924838784832,-0.0047163336597994,0.0013255208949251,4,,10.74
1.0,26,15,16.660928735379503,-0.0792732793326726,0.0002424011871057,-0.0048017999902928,0.0009854259099394,4,,10.74
1.0,27,15,16.41352472236465,-0.0688108483433634,0.0001578273762905,-0.0047486400520598,0.0003156103958805,4,,10.74
1.0,28,15,16.5050355412426,-0.0914429062080986,-0.0001127186254748,-0.0047247449084705,0.0011691756682123,4,,10.74
1.0,29,15,15.954647227842386,-0.0523526391116235,-0.0001449642987801,-0.0048222678968909,0.0005654509025854,4,,10.74
1.0,30,15,16.273832869649773,-0.0801398885431146,-0.0002365892186122,-0.0046601505109358,0.0003798887515243,4,,10.74
1.0,31,15,16.223674150397077,-0.0873257141714977,-0.0003017163096898,-0.0047591627817537,0.0010709793076002,4,,10.74
1.0,32,15,17.530749904779764,-0.0770728621051866,-0.0004235613193705,-0.0046498464828655,0.0017209004096291,4,,10.74
1.0,33,15,17.110449333282148,-0.0775564430822024,-0.0004428230953939,-0.0047500269078337,0.0010338831240721,4,,10.74
1.0,34,15,16.422029456445802,-0.0738319180869106,0.0007416156729027,-0.0046000812417122,0.0009395559986533,4,,10.74
1.0,35,15,16.1923181839246,-0.0715695976873144,0.0005642171745031,-0.0048076517449406,0.0004447214038449,4,,10.74
1.0,36,15,16.199488082419776,-0.0836582708669082,-5.5896872833110624e-06,-0.0046917688255101,0.0011093293450387,4,,10.74
1.0,37,15,17.54232496069564,-0.0577289732980328,0.0012113573788045,-0.0047123647484179,0.0003879026054796,4,,10.74
1.0,38,15,16.156411146970864,-0.0717602251154887,-0.0006820103308336,-0.0047965785244241,0.0003861227790529,4,,10.74
1.0,39,15,16.448160587044907,-0.0644113240474039,-0.0002113427179715,-0.0047501843584194,0.0004863194005801,4,,10.74
1.0,40,15,16.500279364425197,-0.0877493812832288,-0.0001828460013931,-0.0046991310002263,0.0010805706483331,4,,10.74
1.0,41,15,17.291195154352508,-0.071289998835742,-0.0012418251878347,-0.0047427202376422,0.000675456258301,4,,10.74
1.0,42,15,17.131990720486428,-0.0728863525140595,0.0001111147028913,-0.0046495335546868,0.000968063575633,4,,10.74
1.0,43,15,16.554719601126926,-0.0644731103322501,0.000654150835317,-0.0047346820341862,0.001124300083513,4,,10.74
1.0,44,15,16.78543433578084,-0.071344643468799,-0.0002488791254911,-0.0047209860690836,0.0008180971483427,4,,10.74
1.0,45,15,15.727755178469272,-0.0532536342965201,0.0008237224401647,-0.0047858181063251,0.0005405802011901,4,,10.74
1.0,46,15,16.188007383718446,-0.0685770489416329,0.0006573964363559,-0.0048082744324683,0.0008336626473026,4,,10.74
1.0,47,15,16.47838716028424,-0.0725499668136737,0.000388740046804,-0.0047953424293287,0.0007273119148438,4,,10.74
1.0,48,15,16.279732995512685,-0.085377959153771,-0.000628440784364,-0.0048049145143199,0.0009332778253013,4,,10.74
1.0,49,15,15.901976294681972,-0.0815803481052963,0.0004742656066271,-0.0047437941849947,0.0009610343046537,4,,10.74
0.0,0,15,6.798485875751078,0.0108267546236452,0.0063131697616797,-0.0048746701323698,-2.469990698701417e-05,9,-8.5,14.44
0.0,1,15,6.641537448483873,0.0147476156331782,0.0073985497503724,-0.0048757083272073,6.907935744823196e-05,9,-8.5,14.44
0.0,2,15,5.910617776072692,0.0163400546398165,0.0064814249856385,-0.0048534029151922,-2.133874625057193e-06,9,-8.5,14.44
0.0,3,15,6.088581492581277,0.0053827592021209,0.0066038915137526,-0.004839996903118,-2.516843425836798e-05,9,-8.5,14.44
0.0,4,15,5.434141312206455,0.0324631638064636,0.0048374962992194,-0.0048240117111023,-0.0001875385721642,9,-8.5,14.44
0.0,5,15,7.033520266153928,0.016374149759207,0.0061447418566532,-0.0048560281072642,7.920783529028987e-05,9,-8.5,14.44
0.0,6,15,6.095508868500803,0.0100274414170391,0.0052853296976726,-0.0048575680964527,-3.6217537076797616e-05,9,-8.5,14.44
0.0,7,15,6.185611377738692,0.0146921197353204,0.0064042424324244,-0.0048584660916106,-7.658186519555435e-05,9,-8.5,14.44
0.0,8,15,6.985907303550065,0.0170821714559505,0.0077527766518941,-0.0048774768583376,-0.0001245663852142,9,-8.5,14.44
0.0,9,15,5.510773424655984,0.0146556448333163,0.0035090442771514,-0.0048074698840987,8.140809877911825e-07,9,-8.5,14.44
0.0,10,15,6.5892348589983545,0.0075293397899654,0.0056716163268959,-0.0048677738605002,2.1280352616524832e-05,9,-8.5,14.44
0.0,11,15,6.536337082350699,0.0115521720796203,0.0066931059090874,-0.0048515807598626,-1.995301245154012e-05,9,-8.5,14.44
0.0,12,15,6.660000217381724,0.0072051827658129,0.0042237454950458,-0.0048612801841771,-0.0001416516274956,9,-8.5,14.44
0.0,13,15,7.026789411655789,0.0078999973465428,0.0053491837420419,-0.0048660724907331,4.248952444814154e-05,9,-8.5,14.44
0.0,14,15,6.334533400357205,0.0026484386212054,0.0058105886813076,-0.0048622078523371,0.0002269574233475,9,-8.5,14.44
0.0,15,15,7.318106237687496,0.0121487260469866,0.0056502572703677,-0.0048710760203391,-8.545639495544746e-05,9,-8.5,14.44
0.0,16,15,5.94503269371365,0.0249932325016457,0.0052213864609386,-0.0048328059080297,-0.0002863909138473,9,-8.5,14.44
0.0,17,15,6.193915899508564,0.0162471569120699,0.0064769412853559,-0.0048423071347124,-0.0002508819160536,9,-8.5,14.44
0.0,18,15,6.309380304635849,0.0205618406176875,0.0054484334565744,-0.0048517813742504,-1.0943035065721964e-06,9,-8.5,14.44
0.0,19,15,6.483907891814559,0.0314459998385862,0.0066307198108515,-0.0048599938745092,-0.0004137853747972,9,-8.5,14.44
0.0,20,15,7.110621425486147,0.0219013121099149,0.0068289661141009,-0.004876206323508,-6.768750029251761e-05,9,-8.5,14.44
0.0,21,15,5.901302280243571,0.026097532684438,0.0064089860334122,-0.0048095994968458,-0.0001477766993709,9,-8.5,14.44
0.0,22,15,6.370881544985869,0.0221481508614532,0.0060632123744364,-0.0048748208886169,-8.797271521618836e-05,9,-8.5,14.44
0.0,23,15,6.727368485048085,0.009953909988495,0.0044166395302397,-0.0048741571302345,-0.0001736175203701,9,-8.5,14.44
0.0,24,15,6.821365920445467,0.0156031614030769,0.0056135122826794,-0.0048677625458021,6.291455225461217e-06,9,-8.5,14.44
0.0,25,15,5.898943514159892,0.029341461648746,0.0057142008659161,-0.0048280476926051,-0.00018269431977,9,-8.5,14.44
0.0,26,15,6.46897924122764,0.0013518140496785,0.0062828151540864,-0.0048635001345901,7.185032210664847e-05,9,-8.5,14.44
0.0,27,15,6.2556192568191,0.003670677079349,0.0055853897744624,-0.0048532424037376,-9.018452677018067e-05,9,-8.5,14.44
0.0,28,15,6.21841306425765,0.0084244067237067,0.0060273476109975,-0.0048427680738659,0.0002151970025164,9,-8.5,14.44
0.0,29,15,6.062019047152362,0.0170986312336129,0.0048169681011611,-0.0048551110581528,-0.0001619613729176,9,-8.5,14.44
0.0,30,15,6.322038534286969,0.0241862377669898,0.0047930426717745,-0.0048557268801274,-0.0002737335556761,9,-8.5,14.44
0.0,31,15,6.778954417356935,0.0032465290295417,0.0055030187042187,-0.0048721631513384,0.0001645897395014,9,-8.5,14.44
0.0,32,15,6.920663777080128,0.016320149403127,0.0046828142111589,-0.0048689771505606,-8.141228391058346e-05,9,-8.5,14.44
0.0,33,15,6.492438732324647,0.0170531205236472,0.0055466252883378,-0.00485910542161,3.220512537842196e-05,9,-8.5,14.44
0.0,34,15,6.7498494896044,0.0134528664315365,0.0056952627637442,-0.0048579853845566,3.1683614915929964e-05,9,-8.5,14.44
0.0,35,15,6.320580553706265,0.010700196948125,0.0063475588742995,-0.0048599591621795,0.0002074829673308,9,-8.5,14.44
0.0,36,15,6.665152075339621,-0.0058920412984056,0.007860578721878,-0.0048651884467275,0.0001294911377845,9,-8.5,14.44
0.0,37,15,6.499340756216474,0.0241434834448867,0.0057989049265925,-0.0048722810699101,8.63145555776731e-05,9,-8.5,14.44
0.0,38,15,5.866622973323407,0.0125977155809105,0.0045497252334889,-0.0048514484196951,2.9578918308694207e-05,9,-8.5,14.44
0.0,39,15,6.858888146504089,0.0335538865404383,0.0074628537667668,-0.0048589517352692,-0.0003631986607149,9,-8.5,14.44
0.0,40,15,6.772699128612707,0.0135206229281244,0.0072488877689083,-0.004851061126653,7.812121121737694e-05,9,-8.5,14.44
0.0,41,15,6.861825094165124,0.0169643891092802,0.0058304012519376,-0.0048535173345186,1.8642258320322356e-05,9,-8.5,14.44
0.0,42,15,5.997213108894082,0.0243062807974365,0.0032662817715455,-0.0048438666097118,-0.0001872417645508,9,-8.5,14.44
0.0,43,15,5.907916499319669,0.0189558097713107,0.0031071236634302,-0.0048223935299811,-0.0003320277412254,9,-8.5,14.44
0.0,44,15,5.43835708238343,0.0160531857170078,0.0035672051103144,-0.0048353042325488,-0.0001625424914576,9,-8.5,14.44
0.0,45,15,5.690174778243061,0.0163546040873281,0.0035781065764205,-0.004843890707084,2.3900372208423145e-05,9,-8.5,14.44
0.0,46,15,6.420253732786651,0.0031185165629174,0.0064009883179591,-0.0048762304730827,1.982519855640431e-05,9,-8.5,14.44
0.0,47,15,6.270165457927285,0.0124705211568258,0.0046120793172835,-0.0048524707628092,1.5057259974158088e-05,9,-8.5,14.44
0.0,48,15,6.61362766232204,0.0125227011836264,0.0073383655575254,-0.0048646443227712,-0.0001886319353575,9,-8.5,14.44
0.0,49,15,5.738124282541588,0.0032288655386381,0.0029866293299799,-0.0048359455902416,0.0002070272137673,9,-8.5,14.44
0.25,0,15,6.5769948212859655,0.0373837647600771,0.0064603722847896,-0.0046287622579993,-0.0005948223286648,9,-8.5,14.44
0.25,1,15,6.808158975441315,0.0425996323789054,0.0059153557681352,-0.0047312641746034,-0.0007731001474191,9,-8.5,14.44
0.25,2,15,6.507103404754564,0.0410909953190683,0.00391213413865,-0.0046493950726431,-0.0008918773387687,9,-8.5,14.44
0.25,3,15,7.521589891033452,0.048372401523902,0.0079407887949614,-0.0045214711410164,-0.000978991392191,9,-8.5,14.44
0.25,4,15,7.158709262015213,0.0423358758113819,0.0080446404483895,-0.0045532895684274,-0.0005480604799799,9,-8.5,14.44
0.25,5,15,6.519786218181602,0.0465039365621751,0.0039158222683578,-0.0047073490683541,-0.0007441332543347,9,-8.5,14.44
0.25,6,15,7.131809510288552,0.0463511537565026,0.0077339432671551,-0.0046467957090466,-0.0008545559728104,9,-8.5,14.44
0.25,7,15,6.869382897415822,0.045579840477532,0.0065221653407203,-0.0047452186537376,-0.0010076872430262,9,-8.5,14.44
0.25,8,15,7.031976748508002,0.0521548625522199,0.0068585692189646,-0.0044436629911473,-0.0008929460296016,9,-8.5,14.44
0.25,9,15,6.698188883068983,0.052937019147259,0.004662600510377,-0.004740858168791,-0.0012016342646377,9,-8.5,14.44
0.25,10,15,6.533551756047109,0.0630716170072114,0.0038037610223599,-0.0046826143397337,-0.0010684760596196,9,-8.5,14.44
0.25,11,15,7.422170121617525,0.0415837435125784,0.0081497295487874,-0.0045293456285622,-0.0006170361950311,9,-8.5,14.44
0.25,12,15,7.077150954318533,0.0448379686995388,0.0079578594475088,-0.0044970106805452,-0.000567218162988,9,-8.5,14.44
0.25,13,15,7.372976316120721,0.038695616370592,0.008945991884363,-0.0047816870732174,-0.0008981567144634,9,-8.5,14.44
0.25,14,15,7.403086014848043,0.0468693068088501,0.0081569357203606,-0.0045500623891172,-0.0010273528628101,9,-8.5,14.44
0.25,15,15,6.9203269465052974,0.0364330433225089,0.0092665211525712,-0.0046303112074131,-0.0008981078675422,9,-8.5,14.44
0.25,16,15,6.617475686045595,0.0555321835591035,0.0063784667073625,-0.0045263387201024,-0.0009553225305187,9,-8.5,14.44
0.25,17,15,6.953300939727041,0.048488436418492,0.0042297514948278,-0.0046065894937166,-0.0008728492739998,9,-8.5,14.44
0.25,18,15,6.832074037368711,0.0504364190942236,0.0058252923481597,-0.0045432283084031,-0.000972615101244,9,-8.5,14.44
0.25,19,15,6.855522007100842,0.0371348083016199,0.0065777266809115,-0.0047338757481023,-0.0010342219079659,9,-8.5,14.44
0.25,20,15,6.949368233990092,0.043399433768044,0.0044974046534341,-0.0045829030032535,-0.0007310866753653,9,-8.5,14.44
0.25,21,15,7.298765914724929,0.0331875258021896,0.0098706351204717,-0.0046071839025422,-0.0006592478787722,9,-8.5,14.44
0.25,22,15,7.085693014274462,0.039539179707443,0.006343062502935,-0.0045897779942787,-0.000826931093157,9,-8.5,14.44
0.25,23,15,6.904000364604571,0.0427760169953276,0.0057236126516367,-0.0046237068154174,-0.0008604867697364,9,-8.5,14.44
0.25,24,15,7.281363164359536,0.0487192552697603,0.0064756007446687,-0.0046988727822528,-0.0013680736985545,9,-8.5,14.44
0.25,25,15,6.988750812593694,0.042721870145803,0.0059193645347575,-0.004612880300645,-0.0009757863835613,9,-8.5,14.44
0.25,26,15,6.24855120621686,0.0528697407957008,0.0012021463224102,-0.0047617986784527,-0.0006537584781773,9,-8.5,14.44
0.25,27,15,7.728826327928286,0.0375693923087084,0.007810638605186,-0.0047296875618255,-0.0005342521392548,9,-8.5,14.44
0.25,28,15,6.911079242811123,0.0552392769849697,0.0062157349051143,-0.0044170125256942,-0.0007666701136212,9,-8.5,14.44
0.25,29,15,6.912156582968074,0.0421210220886134,0.0060555048197675,-0.0045425049266841,-0.0007044507287013,9,-8.5,14.44
0.25,30,15,7.357890811026112,0.0351880198908129,0.0069263629471116,-0.0045244255533016,-0.0003306869451517,9,-8.5,14.44
0.25,31,15,6.959308998634108,0.047334110061884,0.0061754024245209,-0.0045826026499326,-0.0007332513181067,9,-8.5,14.44
0.25,32,15,7.351187225908641,0.0534098740043989,0.0071479474902662,-0.0048074275513922,-0.0010917599140315,9,-8.5,14.44
0.25,33,15,6.74322606621137,0.0356438217468045,0.0054530929957438,-0.004608112860934,-0.000790386044905,9,-8.5,14.44
0.25,34,15,7.4450393844839,0.0359071690489,0.0101794716648543,-0.0045138793378634,-0.0008626225505168,9,-8.5,14.44
0.25,35,15,6.509573429489138,0.045494392994542,0.0069258440583117,-0.0046747453762122,-0.0013144641896179,9,-8.5,14.44
0.25,36,15,6.953074108872827,0.0478600893310644,0.007067861111775,-0.0045805474884124,-0.0010025731425207,9,-8.5,14.44
0.25,37,15,7.046254415504848,0.053451759308436,0.0080804460140987,-0.0046898640059291,-0.0009290253830637,9,-8.5,14.44
0.25,38,15,6.376277464743606,0.0469003937468622,0.0058169832596895,-0.0046425821015895,-0.0010712335036403,9,-8.5,14.44
0.25,39,15,6.315220472354469,0.0509046515248666,0.0035235238092661,-0.0047435191734799,-0.0007327344683874,9,-8.5,14.44
0.25,40,15,6.44781420805428,0.0579274641632746,0.0038611579211123,-0.0048480460844401,-0.000594766980032,9,-8.5,14.44
0.25,41,15,6.573997645272759,0.0440113250327137,0.0034033121054344,-0.0045741401282057,-0.0006861915171331,9,-8.5,14.44
0.25,42,15,6.830498800776931,0.0511206294372891,0.006406291858952,-0.0044540003987075,-0.0010785659686355,9,-8.5,14.44
0.25,43,15,7.127952980702296,0.0473959874827884,0.0060462765790724,-0.0047529593233226,-0.0009504278983441,9,-8.5,14.44
0.25,44,15,7.661232530540676,0.0407123483265608,0.0090726734292947,-0.0045996859170843,-0.0005634439539026,9,-8.5,14.44
0.25,45,15,6.575666146985515,0.0574498475794213,0.0056735169065083,-0.0045909894422537,-0.0008907950243475,9,-8.5,14.44
0.25,46,15,6.958456823000588,0.047260186999707,0.007105219808189,-0.0045157244685289,-0.0007610542032376,9,-8.5,14.44
0.25,47,15,6.658028387105439,0.0399107737702294,0.0055934848308576,-0.0046401295849944,-0.0006452342153403,9,-8.5,14.44
0.25,48,15,6.757539681798687,0.0490479378640725,0.0068278865195624,-0.0046127889435912,-0.0009383799592996,9,-8.5,14.44
0.25,49,15,6.977079054948974,0.042886956962063,0.0068385423223988,-0.0047466539224426,-0.0006805998332947,9,-8.5,14.44
0.5,0,15,7.663395677668468,0.0592663085133772,0.0099193365389845,-0.0044917101706803,-0.0012568268630424,9,-8.5,14.44
0.5,1,15,7.431183879374418,0.0647362232459978,0.0088366664334764,-0.0044085886489134,-0.0013026408250049,9,-8.5,14.44
0.5,2,15,7.127444354302784,0.0735432159107306,0.0083669692896564,-0.0044975157898872,-0.0015085329937518,9,-8.5,14.44
0.5,3,15,7.308861438667202,0.0735714274246995,0.0097229119961951,-0.0046317985371972,-0.0013619592797097,9,-8.5,14.44
0.5,4,15,7.182509846971816,0.0654326646974335,0.007875333623322,-0.0045684359911992,-0.001098148156063,9,-8.5,14.44
0.5,5,15,7.640920655900984,0.0620011245703719,0.0099177662884938,-0.0044690001086148,-0.0017164463584125,9,-8.5,14.44
0.5,6,15,7.90897295235044,0.0479405119238354,0.011314541406199,-0.0046823988804491,-0.0009574102687372,9,-8.5,14.44
0.5,7,15,7.012825916327991,0.0591265178026954,0.0055413637582484,-0.0042947512967166,-0.0013026246730997,9,-8.5,14.44
0.5,8,15,7.583958067579304,0.0524342847521367,0.0089666556866313,-0.0043617832836938,-0.0011242875487489,9,-8.5,14.44
0.5,9,15,7.430505259726799,0.0551158739305521,0.0113057255196967,-0.0045448328227833,-0.0011999092981173,9,-8.5,14.44
0.5,10,15,7.645796906536539,0.0543095465877055,0.0110379141145253,-0.0044563549993784,-0.0012084182360052,9,-8.5,14.44
0.5,11,15,7.454236807370671,0.0636092991897177,0.0089835683715241,-0.0046509589588382,-0.0012909774545527,9,-8.5,14.44
0.5,12,15,7.351479350443428,0.0680385319318451,0.0081404165999432,-0.0043231364119455,-0.0013596603878529,9,-8.5,14.44
0.5,13,15,7.352792187413784,0.0546472382677619,0.0106054765875483,-0.0044875791967081,-0.0012102156599876,9,-8.5,14.44
0.5,14,15,7.776349279290144,0.0484699947960808,0.0095459999506882,-0.0041887436229005,-0.0008494833610625,9,-8.5,14.44
0.5,15,15,7.340585324183634,0.0616897467178455,0.0082066307049601,-0.00457508996873,-0.0011052885942241,9,-8.5,14.44
0.5,16,15,6.596966104314918,0.0647093116079391,0.0030337783538117,-0.0044049835158212,-0.0015098370562543,9,-8.5,14.44
0.5,17,15,6.999548180090407,0.0604644735448429,0.0101443522573399,-0.004493215662757,-0.0012132814919247,9,-8.5,14.44
0.5,18,15,7.157296751359008,0.0685045643473974,0.0064269109648382,-0.0043159779415724,-0.0016230245409574,9,-8.5,14.44
0.5,19,15,7.311181037739256,0.0614977065276536,0.0064664543540956,-0.0043712344197339,-0.0011551160106594,9,-8.5,14.44
0.5,20,15,7.363911360660532,0.06241023949875,0.0095696324162793,-0.0044160525663352,-0.0011207434278355,9,-8.5,14.44
0.5,21,15,7.534874777821947,0.0689331302184675,0.0110173570793941,-0.0043653573223842,-0.0011696080264026,9,-8.5,14.44
0.5,22,15,7.286115576391479,0.0604320292495534,0.0117069136852049,-0.0045397451777866,-0.0010259691884375,9,-8.5,14.44
0.5,23,15,7.327915940014111,0.0678129922708887,0.0095233190988689,-0.0044756667598558,-0.0015141831974548,9,-8.5,14.44
0.5,24,15,6.958943403724486,0.0720468172367778,0.0072493176841553,-0.0046216175869975,-0.001545544469877,9,-8.5,14.44
0.5,25,15,7.054970901879103,0.0684015881954362,0.0050943057884489,-0.0042994271897299,-0.0015036395971525,9,-8.5,14.44
0.5,26,15,7.553410091021281,0.0606760449840064,0.0091561027665217,-0.0045494750510262,-0.0013748266954564,9,-8.5,14.44
0.5,27,15,7.694201226784664,0.0539891539094733,0.0105508192676778,-0.0044078775668754,-0.0014363411912125,9,-8.5,14.44
0.5,28,15,7.554081949751758,0.0638775345176818,0.0116284108462719,-0.0042908958634771,-0.000969359719618,9,-8.5,14.44
0.5,29,15,7.318514138016601,0.0698502008080776,0.0096728934042747,-0.004354058741194,-0.0011403570533104,9,-8.5,14.44
0.5,30,15,7.599893540939311,0.0610323445028049,0.0098208869184031,-0.0041984947617911,-0.0013053716244022,9,-8.5,14.44
0.5,31,15,7.560188086885021,0.0510785363611977,0.0090785583308054,-0.0044908745254653,-0.0012355945224207,9,-8.5,14.44
0.5,32,15,7.438470871045659,0.0490064845043165,0.0070834264236396,-0.0045537500654766,-0.0015286049544893,9,-8.5,14.44
0.5,33,15,7.343519820808792,0.0609369692216909,0.0070214307417899,-0.0044788279987321,-0.0018526829252432,9,-8.5,14.44
0.5,34,15,7.268342684593258,0.0775358931629571,0.0101168683291811,-0.0045175101659155,-0.0013009107102946,9,-8.5,14.44
0.5,35,15,7.204641333055106,0.0634830565499616,0.0079258249312367,-0.0045014575759464,-0.0014069149003712,9,-8.5,14.44
0.5,36,15,7.690033913432773,0.0756205842298701,0.0098686726324931,-0.004412798294804,-0.001475864281224,9,-8.5,14.44
0.5,37,15,7.365579164584424,0.0697942031449363,0.0093032136887411,-0.0046478734087956,-0.001745232839224,9,-8.5,14.44
0.5,38,15,7.1847055801127135,0.0612804089159959,0.0075246597295117,-0.0046140235419754,-0.0015080632235677,9,-8.5,14.44
0.5,39,15,7.394527539163746,0.0635076044999731,0.0102671985280649,-0.0045967825072694,-0.0010739326388949,9,-8.5,14.44
0.5,40,15,6.9682734363893655,0.0611596041812071,0.0055256784588399,-0.0045931190044241,-0.001042945982426,9,-8.5,14.44
0.5,41,15,7.530724676857835,0.0699764420912212,0.0105831790576995,-0.0044345086760141,-0.0016528643422912,9,-8.5,14.44
0.5,42,15,7.499548396771786,0.0444741593387848,0.0091082943413653,-0.0042856452760336,-0.0009896350758305,9,-8.5,14.44
0.5,43,15,7.57976489081158,0.0652706711765189,0.0115254384782141,-0.0044249109769551,-0.0013724625113234,9,-8.5,14.44
0.5,44,15,7.679746529695849,0.0636960018241907,0.0119435833426614,-0.0042808736481001,-0.0010694434847531,9,-8.5,14.44
0.5,45,15,7.339006497175514,0.0591343163221847,0.0082577109513782,-0.0044597573516374,-0.0013385806060449,9,-8.5,14.44
0.5,46,15,7.225206737564858,0.0634586986959005,0.0081600286015727,-0.0045080631388089,-0.0014710131516177,9,-8.5,14.44
0.5,47,15,7.302728184370016,0.0626569475372021,0.0084292590430961,-0.0045099695563506,-0.0014099496343305,9,-8.5,14.44
0.5,48,15,7.071156004919945,0.0651486410802714,0.0090066447855627,-0.0046048416813471,-0.00187748514445,9,-8.5,14.44
0.5,49,15,7.706018846512083,0.0486526466363633,0.0114355386275514,-0.0045060690070412,-0.0015539893648251,9,-8.5,14.44
0.75,0,15,7.78861669918245,0.0800386628777587,0.0153291531661664,-0.0042167381316369,-0.0016722724976927,9,-8.5,14.44
0.75,1,15,7.814407834627844,0.0801362559495338,0.0145973087130712,-0.0042593588686804,-0.0017472438944493,9,-8.5,14.44
0.75,2,15,7.480368047005783,0.0918033121957981,0.0112075376981734,-0.0043656461842021,-0.0019227200560007,9,-8.5,14.44
0.75,3,15,7.631404406058762,0.0894179542387205,0.0154272559427753,-0.0045287707934122,-0.0016451080732723,9,-8.5,14.44
0.75,4,15,7.950004515680578,0.0827391150779031,0.0175561786629783,-0.0042052155538687,-0.0016426617425801,9,-8.5,14.44
0.75,5,15,7.713959832191517,0.0756737572094862,0.0150950436778055,-0.0042364341566811,-0.0009901530045553,9,-8.5,14.44
0.75,6,15,7.111724697298419,0.1065861035877498,0.0106074117550157,-0.0044395242797431,-0.0017541052859864,9,-8.5,14.44
0.75,7,15,7.566043012757601,0.0837210987823606,0.0123430738758901,-0.0044466084415521,-0.0018958994631629,9,-8.5,14.44
0.75,8,15,8.09912318156691,0.0767398038477088,0.0140339659486314,-0.0044115100082164,-0.0016535929169494,9,-8.5,14.44
0.75,9,15,7.214666614059777,0.0913455420728334,0.0113546044368129,-0.0045334163689434,-0.0021156938738508,9,-8.5,14.44
0.75,10,15,7.990281475544878,0.0771796214651104,0.0133044407550284,-0.0043175620148562,-0.0014131264511512,9,-8.5,14.44
0.75,11,15,8.297400388774001,0.0771054133575881,0.0135372624188324,-0.0042266893997218,-0.0018920516541789,9,-8.5,14.44
0.75,12,15,8.046729397233483,0.0855497361025113,0.0151717584462637,-0.0042841181213687,-0.0020688800741434,9,-8.5,14.44
0.75,13,15,7.893146966990514,0.0857827509767622,0.0169190451071822,-0.0043591956990673,-0.0018565408892084,9,-8.5,14.44
0.75,14,15,7.1923198523823455,0.1067548995082275,0.0103455631388434,-0.0044507816745351,-0.0015693117664396,9,-8.5,14.44
0.75,15,15,7.425362751556581,0.0906814740820534,0.0096319045700785,-0.004407701904765,-0.0021462139664754,9,-8.5,14.44
0.75,16,15,7.528847509407205,0.0886392673777044,0.0149195016691937,-0.0044475476103156,-0.0020279697778257,9,-8.5,14.44
0.75,17,15,7.081827804433915,0.1042005751177474,0.0065891837310809,-0.0045579238510027,-0.0017817029536177,9,-8.5,14.44
0.75,18,15,7.451535719760968,0.0943752651450625,0.0128447259822088,-0.0041455234671625,-0.0017497530298617,9,-8.5,14.44
0.75,19,15,7.57056759794079,0.0791555977726673,0.0125933842389421,-0.0045945409060145,-0.0013042085200822,9,-8.5,14.44
0.75,20,15,7.01856035112227,0.0937390980782983,0.0093719661845706,-0.0045545746485965,-0.0021034200276766,9,-8.5,14.44
0.75,21,15,7.403394670648571,0.0922204834463251,0.0119240424954261,-0.0043772407705217,-0.0017625572366779,9,-8.5,14.44
0.75,22,15,8.233702550814629,0.0818927276970806,0.0145517735957009,-0.0043837437973843,-0.002515439524825,9,-8.5,14.44
0.75,23,15,8.01585224320583,0.0848807960436013,0.0155467314962504,-0.004394325132363,-0.0018825557874634,9,-8.5,14.44
0.75,24,15,7.899103366322206,0.0807896818613535,0.0114220810768124,-0.0044809914259619,-0.0020657751595876,9,-8.5,14.44
0.75,25,15,7.916933829036248,0.0880083721295605,0.0157942771248821,-0.0042163402425491,-0.0015125177928465,9,-8.5,14.44
0.75,26,15,7.376220743593041,0.0926599021406651,0.0088815578749858,-0.0046591713978379,-0.001495618277405,9,-8.5,14.44
0.75,27,15,7.716145428271834,0.0887015222520473,0.0129801493418787,-0.0041419943061537,-0.0016732105893438,9,-8.5,14.44
0.75,28,15,7.536784135902399,0.0972020516284195,0.0127484146764168,-0.0044470086736309,-0.001733041718242,9,-8.5,14.44
0.75,29,15,7.386529670334955,0.0962577183401559,0.0102602792566867,-0.0043550677263934,-0.0017109039386154,9,-8.5,14.44
0.75,30,15,7.499068618368739,0.0926206449076259,0.0164895006784506,-0.0044603050084257,-0.0021631860612716,9,-8.5,14.44
0.75,31,15,8.16211200075961,0.0847807579819601,0.0182979592747982,-0.0043193442255701,-0.0021158787447234,9,-8.5,14.44
0.75,32,15,7.834145043449505,0.0741308223232102,0.0140165859970668,-0.0045271500570489,-0.0023214924361757,9,-8.5,14.44
0.75,33,15,7.87158225156222,0.0874602814528734,0.0112582184150857,-0.0044845424613991,-0.0017627071721122,9,-8.5,14.44
0.75,34,15,7.308934510067437,0.0937035799021793,0.0112795516178244,-0.0043881487922247,-0.0020397831117462,9,-8.5,14.44
0.75,35,15,7.267688346603375,0.1003858281864723,0.0143063884150436,-0.0043871627163879,-0.0019363512023508,9,-8.5,14.44
0.75,36,15,7.880511175306267,0.0865840755046219,0.0160888363981808,-0.0044458683260341,-0.0015160194186,9,-8.5,14.44
0.75,37,15,7.361317003037734,0.082774221836841,0.0141535333264766,-0.0044115251906861,-0.001958337819422,9,-8.5,14.44
0.75,38,15,8.07246526451403,0.0706410289104054,0.0150714546055812,-0.0045154659965766,-0.0017985953595502,9,-8.5,14.44
0.75,39,15,8.018070232581954,0.0781326899628137,0.0163656202147484,-0.004165462459636,-0.0016612007576622,9,-8.5,14.44
0.75,40,15,6.907238627027408,0.1113277245981917,0.0114872129858302,-0.0045675176533386,-0.002070193799782,9,-8.5,14.44
0.75,41,15,8.020259219901773,0.0895636762773664,0.0132608689701094,-0.0043000521009892,-0.0019925964165735,9,-8.5,14.44
0.75,42,15,7.616724809490546,0.0946118204798807,0.0136638910973132,-0.0044322011761831,-0.0022833640719085,9,-8.5,14.44
0.75,43,15,7.2425193899992575,0.093076406282587,0.0111703783255174,-0.004354779896733,-0.0014772277675847,9,-8.5,14.44
0.75,44,15,7.532470457525262,0.0802441757525776,0.0154416820658928,-0.0044681089902829,-0.0017031252783117,9,-8.5,14.44
0.75,45,15,7.747410033286531,0.0878439338881537,0.0153383743651358,-0.0045081119491732,-0.0020032347430909,9,-8.5,14.44
0.75,46,15,7.922610522966814,0.0800598816938173,0.0147891287304784,-0.0042383507484337,-0.0016545063420497,9,-8.5,14.44
0.75,47,15,7.946723243764651,0.088602120116977,0.016198282732903,-0.0045056641392742,-0.0017461807335283,9,-8.5,14.44
0.75,48,15,7.851663759236984,0.0784456913024001,0.0178594472354423,-0.0044634261817686,-0.0014031698951157,9,-8.5,14.44
0.75,49,15,7.446911373832207,0.0904508130567086,0.0130261152500701,-0.0044457901426426,-0.0019983257662358,9,-8.5,14.44
1.0,0,15,8.100015539789673,0.1046532651415489,0.0168198925042621,-0.0047421502870143,-0.0029581984320435,9,,10.74
1.0,1,15,7.916809718521901,0.105673643817847,0.0146138901646492,-0.0047355953799308,-0.0026320138379276,9,,10.74
1.0,2,15,8.474390947469265,0.1052175032913967,0.0188144990451561,-0.00475132176611,-0.0030033240425904,9,,10.74
1.0,3,15,8.541118394650066,0.0864138076169723,0.0189163265885888,-0.0047620593255788,-0.0029408611420042,9,,10.74
1.0,4,15,8.226582831712873,0.1202423476015625,0.0156191085196599,-0.0047490182706296,-0.0026358060026656,9,,10.74
1.0,5,15,8.416964114482234,0.1093382281057391,0.0207496555307335,-0.0047626976341399,-0.0034958498631391,9,,10.74
1.0,6,15,8.636072822274102,0.1117240998027236,0.0154440635060507,-0.0047532965127661,-0.0032026138406541,9,,10.74
1.0,7,15,8.832464217426766,0.0971187392343985,0.0235810336730516,-0.0047565991819065,-0.0030879810937334,9,,10.74
1.0,8,15,8.768392061432044,0.0952110686476662,0.0198079769928146,-0.0047677236212088,-0.003041966168511,9,,10.74
1.0,9,15,9.040895381601247,0.0882886964790338,0.0200594599515945,-0.004781761414383,-0.0033523043908174,9,,10.74
1.0,10,15,8.081136208868628,0.0997373847500055,0.0185162122805287,-0.0047446469717164,-0.0027726761564772,9,,10.74
1.0,11,15,8.987523211358464,0.1050221235377751,0.0214498546169234,-0.004753713446741,-0.0031516650966034,9,,10.74
1.0,12,15,8.887153539979572,0.1032839685108571,0.020304372866092,-0.0047574776159569,-0.003281046268642,9,,10.74
1.0,13,15,9.271607652725216,0.0758889563110718,0.0216978207184714,-0.004798999158696,-0.002930590849642,9,,10.74
1.0,14,15,8.32645135618816,0.1041335682775129,0.0186569269046598,-0.0047594693479015,-0.0032226038513005,9,,10.74
1.0,15,15,8.084948453331078,0.1177522578467088,0.0173944210975467,-0.0047264390390784,-0.0030847795239399,9,,10.74
1.0,16,15,8.739580939298964,0.1012490631078779,0.0202291750843502,-0.0047648097230488,-0.0030986684223765,9,,10.74
1.0,17,15,9.150451199989847,0.1089097939239289,0.0178025240324538,-0.0047635862309523,-0.0033120365513292,9,,10.74
1.0,18,15,7.254566259963906,0.1242674774026802,0.0117612165914537,-0.0047134679713515,-0.0025023601065251,9,,10.74
1.0,19,15,8.394006305329437,0.0920307314920646,0.0184415030417002,-0.0047325017349408,-0.0027389737953952,9,,10.74
1.0,20,15,8.514199073467559,0.0949877661774814,0.017978822119348,-0.0047640326385537,-0.0026171921482469,9,,10.74
1.0,21,15,8.230628859636095,0.115605594892199,0.020795195286145,-0.0047221787421521,-0.0034393691938545,9,,10.74
1.0,22,15,7.8789462432907875,0.1130654359480089,0.0150509882388368,-0.0047203125955691,-0.0032420891314139,9,,10.74
1.0,23,15,8.012652899468964,0.1041944666289176,0.0139989735480118,-0.0047204484693604,-0.0030489836370705,9,,10.74
1.0,24,15,8.602268579099675,0.1005415118431206,0.0179380408057782,-0.0047561250049151,-0.0029520538507953,9,,10.74
1.0,25,15,8.324308409537469,0.1022542808955938,0.0147577983174064,-0.0047439407760152,-0.003204673457789,9,,10.74
1.0,26,15,8.687405835051683,0.0995582723981821,0.0201227019629751,-0.0047676173328166,-0.0028518193024155,9,,10.74
1.0,27,15,7.887742782954848,0.1168606095223165,0.0179736481599097,-0.0047285168367805,-0.002923927659034,9,,10.74
1.0,28,15,9.626744745326846,0.0869100821081543,0.0191005836967227,-0.0047969186013073,-0.0029084947130486,9,,10.74
1.0,29,15,8.972771290474178,0.0879052679424951,0.01993363459273,-0.0047610754221892,-0.0029717531034057,9,,10.74
1.0,30,15,8.935272129132615,0.0858325814403417,0.0228598388347419,-0.0047782153825105,-0.0031627313973701,9,,10.74
1.0,31,15,9.0131615968332,0.094183350130167,0.0196521486867109,-0.0047645619614218,-0.0030719513506,9,,10.74
1.0,32,15,6.955933592979429,0.1391048270140386,0.0104203212733149,-0.0047034833357647,-0.0024478847768886,9,,10.74
1.0,33,15,8.519052959163197,0.1023792027345252,0.0207952530610273,-0.0047572100289823,-0.0033358788385859,9,,10.74
1.0,34,15,8.638286615699808,0.0952285621904205,0.0186380792331374,-0.0047523750266756,-0.0029643656021422,9,,10.74
1.0,35,15,7.49180322806051,0.1221199886155818,0.0114163461569886,-0.0047125889325473,-0.0021160659836039,9,,10.74
1.0,36,15,8.339310529855698,0.1077553312903287,0.0150172070009364,-0.0047092632654832,-0.0030519869691926,9,,10.74
1.0,37,15,8.155281006166431,0.1013004500051802,0.0165908496545401,-0.0047627083530435,-0.0031482356194631,9,,10.74
1.0,38,15,7.887998249360587,0.1201671477053902,0.015617058370778,-0.0046804442448871,-0.0029792998827165,9,,10.74
1.0,39,15,8.573903625969212,0.0997755056565617,0.015893954796193,-0.0047366995066613,-0.002856496786589,9,,10.74
1.0,40,15,7.224653643854827,0.1345003606515519,0.0110365316739597,-0.0046948223060945,-0.0030859259489851,9,,10.74
1.0,41,15,8.515216644934307,0.1089603086458537,0.018823268278704,-0.0047814148228344,-0.0030787767198557,9,,10.74
1.0,42,15,7.447779784442353,0.125117665047097,0.0130992317219274,-0.0047214969566354,-0.0025258372762686,9,,10.74
1.0,43,15,9.002076956294648,0.1018789758440297,0.019922683791018,-0.0047656136251171,-0.003003697962406,9,,10.74
1.0,44,15,9.06087856467003,0.0918575001362996,0.0196750975917299,-0.0047607388452648,-0.0033558092650695,9,,10.74
1.0,45,15,7.451914261392772,0.1255560592529819,0.0148016224119615,-0.0047167167119467,-0.0027450329723622,9,,10.74
1.0,46,15,8.923978500982257,0.0964855699804946,0.0233595903108466,-0.0047578409817241,-0.0034810826636286,9,,10.74
1.0,47,15,8.679331455517024,0.0826189433728228,0.0204802159900345,-0.0047635241630143,-0.003012593165745,9,,10.74
1.0,48,15,8.064033678692061,0.1063955571065236,0.0164988108692046,-0.0047180294987694,-0.0030444854321629,9,,10.74
1.0,49,15,8.046686909990738,0.1118639886845825,0.0176627810426274,-0.0046810780877101,-0.0031588248880635,9,,10.74
0.0,0,15,8.809984702055782,0.0400800313480089,0.0052015566626049,-0.0048476454944251,-0.0005322626590667,10,-12.3,10.68
0.0,1,15,9.041891618042673,0.0415923504083363,0.0086260976440131,-0.0048535994598819,-0.0003473015232272,10,-12.3,10.68
0.0,2,15,8.566786117937765,0.0312445560976091,0.0079512229228699,-0.0048381530469598,-0.0005070860848466,10,-12.3,10.68
0.0,3,15,8.521791755362957,0.0323222104683533,0.0063438826518585,-0.0048632421555322,-0.0006044347607072,10,-12.3,10.68
0.0,4,15,8.744977448639666,0.0438613437903151,0.0069812440937924,-0.0048542114698758,-0.0005744111608134,10,-12.3,10.68
0.0,5,15,8.9021094855142,0.0334584527233855,0.0070839068136754,-0.0048622448868943,-0.000466672448618,10,-12.3,10.68
0.0,6,15,8.868363959043982,0.0384731406816987,0.0050300554072791,-0.0048505009153494,-0.0005602187900374,10,-12.3,10.68
0.0,7,15,8.948245848651272,0.0500619149126468,0.0056922071940758,-0.0048572107451918,-0.000683144993328,10,-12.3,10.68
0.0,8,15,8.915976296134405,0.0528811398744842,0.0067174867674869,-0.0048609948748361,-0.0005103329926748,10,-12.3,10.68
0.0,9,15,8.946887252815259,0.0304508868317356,0.0050980537748529,-0.0048612961353651,-0.000366291445194,10,-12.3,10.68
0.0,10,15,8.792193307393921,0.0387055846448247,0.0084492993247957,-0.0048415200812463,-0.0007083016310881,10,-12.3,10.68
0.0,11,15,7.815438487090994,0.0465354719809256,0.0052345580818735,-0.0048156139351012,-0.0005891347171307,10,-12.3,10.68
0.0,12,15,8.611238259439265,0.0425588215417871,0.0075299820429663,-0.0048668079065306,-0.0006611218919215,10,-12.3,10.68
0.0,13,15,8.536800188847545,0.0388343902444171,0.0076168964729786,-0.0048364304810023,-0.0005790573919567,10,-12.3,10.68
0.0,14,15,8.453323681755514,0.0491013031695122,0.0067632728043786,-0.0048533236131682,-0.0007159333701278,10,-12.3,10.68
0.0,15,15,8.944006137891627,0.0284424543550105,0.006567566485479,-0.0048505455883682,-0.0005262539261772,10,-12.3,10.68
0.0,16,15,9.203774870573728,0.0333835050105122,0.0067822466006892,-0.0048676671454467,-0.0006510581870389,10,-12.3,10.68
0.0,17,15,8.019654989985254,0.0508253409827967,0.0064868318899687,-0.004838450846188,-0.0006291911508039,10,-12.3,10.68
0.0,18,15,8.608524338186523,0.040198193640349,0.0074805326232893,-0.0048469742970152,-0.0004720559033772,10,-12.3,10.68
0.0,19,15,7.843015593177943,0.0516670784271368,0.0055246934725455,-0.0048250360111447,-0.0006028770350576,10,-12.3,10.68
0.0,20,15,8.226395291968618,0.0427124534305829,0.0062390661437853,-0.0048372505433804,-0.0006018208178627,10,-12.3,10.68
0.0,21,15,8.302262057319608,0.0398581656238214,0.0055264520003222,-0.0048348261490579,-0.0004477558663499,10,-12.3,10.68
0.0,22,15,9.037689289055834,0.0296840431712326,0.0085344611896786,-0.0048490760446172,-0.0004574118470646,10,-12.3,10.68
0.0,23,15,9.285827882172804,0.0314101740082435,0.0091745332170276,-0.004854309186117,-0.0007152942052017,10,-12.3,10.68
0.0,24,15,8.660882026897264,0.0457766705999449,0.0047101195199906,-0.0048613763268124,-0.0007607231959809,10,-12.3,10.68
0.0,25,15,8.479640644158687,0.0415140595397613,0.0058925581900901,-0.0048394650849612,-0.0005993989586193,10,-12.3,10.68
0.0,26,15,9.86157534392054,0.0271716320192548,0.006574992580634,-0.0048801135889401,-0.0004097020902417,10,-12.3,10.68
0.0,27,15,8.721794179885364,0.0399800823144939,0.0065308228164763,-0.0048421317508773,-0.0002208238191262,10,-12.3,10.68
0.0,28,15,9.420548616261696,0.034584371962835,0.006209024496975,-0.0048558809987797,-0.0006534459948339,10,-12.3,10.68
0.0,29,15,8.870893090218544,0.0405371093408159,0.008263488310345,-0.0048635361233766,-0.0006140476723647,10,-12.3,10.68
0.0,30,15,8.88796547751001,0.0377114459873208,0.0070767410202118,-0.0048487961413875,-0.0003820240379313,10,-12.3,10.68
0.0,31,15,8.070860312533284,0.0360729306738635,0.0059054675385181,-0.004837961158691,-0.0004301452930045,10,-12.3,10.68
0.0,32,15,8.411030267279818,0.0503231678570901,0.0052277975372143,-0.0048393369493324,-0.0007731244683997,10,-12.3,10.68
0.0,33,15,9.411777493191096,0.0200748039889354,0.0071353198037516,-0.0048527579091962,-0.0001523729735191,10,-12.3,10.68
0.0,34,15,8.853194495123702,0.0461970663393866,0.0057579389516136,-0.0048567291164874,-0.0007751477604362,10,-12.3,10.68
0.0,35,15,8.773086877556228,0.0452747357873618,0.006227492325214,-0.0048588209547784,-0.0005443219306074,10,-12.3,10.68
0.0,36,15,8.387807454780077,0.0485841964833762,0.0064311173661855,-0.0048413526515509,-0.0007184400661467,10,-12.3,10.68
0.0,37,15,9.143945666954467,0.0432805977734589,0.007183741096347,-0.0048619959561684,-0.0005944875531249,10,-12.3,10.68
0.0,38,15,9.088990202097264,0.0410465975282948,0.0066277741870999,-0.0048660962859455,-0.0004937591344655,10,-12.3,10.68
0.0,39,15,8.592521471212267,0.0443577735882112,0.0062742950129163,-0.0048604718403051,-0.0005712207824425,10,-12.3,10.68
0.0,40,15,9.567768739650544,0.0301916112342186,0.0080229983049485,-0.0048757990916983,-0.0004358216578834,10,-12.3,10.68
0.0,41,15,8.336313596403635,0.0339201611167247,0.0084593333466928,-0.0048428771010613,-0.000392673908875,10,-12.3,10.68
0.0,42,15,8.852307119134823,0.0372669813251598,0.0097404156161396,-0.0048452523049672,-0.000627615124782,10,-12.3,10.68
0.0,43,15,9.159374291271927,0.0337972815744736,0.0073631718461878,-0.004861937720638,-0.0005025116531303,10,-12.3,10.68
0.0,44,15,8.336869011400958,0.0307619199713168,0.0057304513382149,-0.0048629875165786,-0.0002614939825848,10,-12.3,10.68
0.0,45,15,9.06368022759408,0.0312830635940276,0.0069943446589956,-0.0048814876329786,-0.0004071029195921,10,-12.3,10.68
0.0,46,15,8.31846687110571,0.0390859804144955,0.0075696827942704,-0.0048434612302733,-0.0007563957528546,10,-12.3,10.68
0.0,47,15,8.549930112737929,0.0351956118535491,0.0046980229991543,-0.0048454940505968,-0.0006844039935629,10,-12.3,10.68
0.0,48,15,8.95368268576432,0.022649743788261,0.004920299520569,-0.0048604145967058,-0.0003692215231044,10,-12.3,10.68
0.0,49,15,7.937200974005022,0.0403540689331443,0.00712628841544,-0.0048501733203411,-0.0005500617649415,10,-12.3,10.68
0.25,0,15,8.046307096668855,0.0716678087517024,0.0068390234363837,-0.0048036279230538,-0.0009618921784419,10,-12.3,10.68
0.25,1,15,8.504095470656004,0.0601923479162254,0.0081001149208724,-0.0047948371593863,-0.0012643832524357,10,-12.3,10.68
0.25,2,15,8.48803126622646,0.0571385548350679,0.0082593678090492,-0.0047803423360804,-0.0009799279536062,10,-12.3,10.68
0.25,3,15,7.958078628209428,0.0680160102990636,0.0086598210064611,-0.0047349629078449,-0.0011337163332192,10,-12.3,10.68
0.25,4,15,8.34033431288878,0.0665188222430785,0.0096123610450432,-0.0047828313901663,-0.0011200225346498,10,-12.3,10.68
0.25,5,15,8.053054134034369,0.0676971155338339,0.0065454579379594,-0.0047483181705221,-0.001087096076834,10,-12.3,10.68
0.25,6,15,8.109875857532634,0.0651971096126257,0.0065930911195816,-0.0048069451682373,-0.0012381619889964,10,-12.3,10.68
0.25,7,15,8.692630148080495,0.061901084961767,0.0098423177966718,-0.0047529658234197,-0.0011632164401991,10,-12.3,10.68
0.25,8,15,8.935417177842455,0.0439417970128606,0.0106101299474092,-0.0048355657397412,-0.0011174090402207,10,-12.3,10.68
0.25,9,15,8.066749522508122,0.0775521535323914,0.0078319117920023,-0.0047892775984659,-0.0014718764908316,10,-12.3,10.68
0.25,10,15,7.901974480755384,0.0591143149955208,0.0071219481718498,-0.0047667480312504,-0.0010419757393174,10,-12.3,10.68
0.25,11,15,8.305943541437369,0.0672308291643277,0.0072482310477706,-0.0047789645493826,-0.0009431290123403,10,-12.3,10.68
0.25,12,15,8.315213525792178,0.0694779239661488,0.0068057766398513,-0.0046894648378891,-0.0012590097712308,10,-12.3,10.68
0.25,13,15,9.22360601125189,0.0591948234320723,0.0079543032312979,-0.0046599246264616,-0.0012488956957415,10,-12.3,10.68
0.25,14,15,7.721718450246882,0.064732723807491,0.0068296718253253,-0.0047860631572158,-0.0009891916753798,10,-12.3,10.68
0.25,15,15,8.817734481521672,0.0491344995604755,0.0119324516013808,-0.0047708092067345,-0.000908768664676,10,-12.3,10.68
0.25,16,15,7.936658989545365,0.0799181345246808,0.0066892410608796,-0.0047452207973078,-0.0011098620228152,10,-12.3,10.68
0.25,17,15,8.335693008644917,0.0666195098092512,0.0069561739643815,-0.0047727689528414,-0.0009114260834021,10,-12.3,10.68
0.25,18,15,8.502058109577247,0.055878140739929,0.007831834464586,-0.0047399443707881,-0.0007610996182378,10,-12.3,10.68
0.25,19,15,7.931393816092884,0.0592947846854454,0.0058762441135669,-0.0048057781584207,-0.0010922526483287,10,-12.3,10.68
0.25,20,15,7.968763100225633,0.0744665831768391,0.0065353044506955,-0.0047340790816644,-0.0012359508259853,10,-12.3,10.68
0.25,21,15,8.389800717085755,0.0617194486429483,0.0086178733386869,-0.0047486173643462,-0.0010444525907695,10,-12.3,10.68
0.25,22,15,8.431989029845608,0.0618126329486489,0.0089935516074844,-0.0046760562220853,-0.0010213653738493,10,-12.3,10.68
0.25,23,15,8.130775876336829,0.0700469661870234,0.0072067135876903,-0.0046594985850229,-0.0010312846156519,10,-12.3,10.68
0.25,24,15,8.156824152465678,0.0571162516721825,0.0088235486897105,-0.0047086439041917,-0.0011027327756372,10,-12.3,10.68
0.25,25,15,7.614662220750804,0.0696956723497343,0.0047424977146933,-0.0048386404579549,-0.0009562228489337,10,-12.3,10.68
0.25,26,15,8.675590996001219,0.0576150799593504,0.0094327822846022,-0.004761956010944,-0.0006845712592838,10,-12.3,10.68
0.25,27,15,7.923064586589626,0.0631174544556106,0.0070883258654282,-0.0047154101745589,-0.0011556874816015,10,-12.3,10.68
0.25,28,15,8.091034494852872,0.0650197516883302,0.0066598560987815,-0.0046943505675251,-0.0009971616530688,10,-12.3,10.68
0.25,29,15,8.5611080344834,0.0610065023761284,0.0083871060754233,-0.0047598767270882,-0.0010059463992261,10,-12.3,10.68
0.25,30,15,8.735118876596491,0.0567620533391865,0.0086688722653187,-0.0047648841964844,-0.0008641884858536,10,-12.3,10.68
0.25,31,15,7.917114834795727,0.069882834780014,0.0078252121970489,-0.0047838974590864,-0.0011093977217811,10,-12.3,10.68
0.25,32,15,7.873597986615226,0.0668582297639077,0.0068945738787922,-0.0046875749038877,-0.0011154081181326,10,-12.3,10.68
0.25,33,15,7.847731786159525,0.0508425560644197,0.0067591241641009,-0.0047174941023577,-0.0010119283008312,10,-12.3,10.68
0.25,34,15,9.027579631646764,0.0577958113676708,0.0087020595307216,-0.0048365226255744,-0.0011647006791295,10,-12.3,10.68
0.25,35,15,8.12227641799169,0.0585638948508207,0.0104486341375316,-0.0047876592701035,-0.0014041751592632,10,-12.3,10.68
0.25,36,15,7.951613784841097,0.0664941449389373,0.0052925934680103,-0.0046854881490771,-0.0013084105305327,10,-12.3,10.68
0.25,37,15,8.226333078109008,0.0704573471835846,0.0081638969309283,-0.0047471367380387,-0.0013421924899451,10,-12.3,10.68
0.25,38,15,7.702821000569632,0.0718613018817417,0.0064621117892484,-0.0046801671697731,-0.0014499841563086,10,-12.3,10.68
0.25,39,15,8.34475070130504,0.0567762495617328,0.0069448815779254,-0.0046835130059657,-0.001009860935096,10,-12.3,10.68
0.25,40,15,8.95060438763832,0.0550366897490888,0.009220825587025,-0.0047433875420048,-0.0007548212695345,10,-12.3,10.68
0.25,41,15,7.3355332262732995,0.0680889805312496,0.0040771996369474,-0.0047558422532621,-0.0008986700357433,10,-12.3,10.68
0.25,42,15,7.916768588326463,0.0754181205698,0.0063653989770241,-0.0048466241922702,-0.000895187473957,10,-12.3,10.68
0.25,43,15,8.341863309017674,0.0503116596000142,0.0073990206641672,-0.0046612398267394,-0.0008730055552351,10,-12.3,10.68
0.25,44,15,7.676213032576271,0.0774672752386345,0.0061799737088404,-0.0047060970476404,-0.0013392583392628,10,-12.3,10.68
0.25,45,15,8.946521580893604,0.0547174740253526,0.0116437779137751,-0.0047083154465249,-0.0008960404907259,10,-12.3,10.68
0.25,46,15,7.715532209082884,0.071622345270423,0.0065563790700196,-0.0046679490490107,-0.0011100704511701,10,-12.3,10.68
0.25,47,15,7.743361272586885,0.0713520439658369,0.0056039794268856,-0.0047533050115486,-0.0011606898632843,10,-12.3,10.68
0.25,48,15,7.89303996272612,0.0583816505321419,0.0065230682841264,-0.004740498241438,-0.0010838044626175,10,-12.3,10.68
0.25,49,15,7.968492064316292,0.0629098495757169,0.0078867734676471,-0.0047195448452358,-0.0010123821765529,10,-12.3,10.68
0.5,0,15,7.906747765062372,0.0876641801386147,0.0121594950028353,-0.0046076981755382,-0.0015260999766229,10,-12.3,10.68
0.5,1,15,8.359497375032701,0.0802131961716719,0.0101225779864477,-0.0047753853218009,-0.0017099128694384,10,-12.3,10.68
0.5,2,15,8.725936025325558,0.0711327038753069,0.0125779233374702,-0.0046696353326123,-0.0014752841805008,10,-12.3,10.68
0.5,3,15,7.493059698851446,0.0845558160064513,0.0103483416077217,-0.0047183612691088,-0.0015998571339174,10,-12.3,10.68
0.5,4,15,8.004305306216802,0.0948096514752103,0.0100745524235024,-0.0045035721942144,-0.0015827411576938,10,-12.3,10.68
0.5,5,15,8.206865504530453,0.0850627199715796,0.0112551866318061,-0.004571527502337,-0.0011515414859482,10,-12.3,10.68
0.5,6,15,8.1353760214499,0.0803496293848898,0.0116974036482756,-0.0046632377469459,-0.001760367706079,10,-12.3,10.68
0.5,7,15,7.410587579904031,0.0952968167020888,0.0061892648803883,-0.0046299676234015,-0.0018863483227124,10,-12.3,10.68
0.5,8,15,8.325636308859249,0.0841001438814867,0.0119632767367335,-0.0047066450046567,-0.0014355818701674,10,-12.3,10.68
0.5,9,15,8.62970035143121,0.080387354459539,0.0125155236195254,-0.0047393556420899,-0.0016465479953308,10,-12.3,10.68
0.5,10,15,8.132414735092212,0.0734917947228047,0.0115975128006865,-0.0046139775541998,-0.0017584882621556,10,-12.3,10.68
0.5,11,15,8.17065858653969,0.0755456584227908,0.0117854189428911,-0.0047514763256859,-0.0018307553675487,10,-12.3,10.68
0.5,12,15,8.04262835423102,0.0780435432621267,0.0098350791221651,-0.0047588490994116,-0.0014682335302127,10,-12.3,10.68
0.5,13,15,7.9945623187550385,0.083845784481695,0.01197626830773,-0.0046009613114488,-0.0015011399621684,10,-12.3,10.68
0.5,14,15,8.295007754230905,0.087518499798837,0.0136071813271382,-0.0047400826389061,-0.0016866665696209,10,-12.3,10.68
0.5,15,15,7.780847037794193,0.0868231843126774,0.0087695070910034,-0.0046529409535603,-0.0014548092978545,10,-12.3,10.68
0.5,16,15,8.020074635940505,0.095678879123976,0.0118573593713605,-0.0046758335412885,-0.0013906545227372,10,-12.3,10.68
0.5,17,15,8.330397568062656,0.0750700707875769,0.0111664558666076,-0.0047159844688635,-0.0013087455888342,10,-12.3,10.68
0.5,18,15,8.31961839981699,0.0760290636072185,0.012507952381494,-0.0046866680225109,-0.0015254205253721,10,-12.3,10.68
0.5,19,15,8.424046623750838,0.084167516388946,0.0104959132770355,-0.0046237017294984,-0.0014043026100747,10,-12.3,10.68
0.5,20,15,7.418947744022614,0.1010150708897632,0.007119727820751,-0.0047078517679852,-0.0016400052347591,10,-12.3,10.68
0.5,21,15,7.864498715869714,0.0863214644365173,0.0094882515174129,-0.0047883769851315,-0.0014698827010791,10,-12.3,10.68
0.5,22,15,7.748571025575087,0.0858990850105934,0.0102944348274132,-0.0047400035355711,-0.0014042267208522,10,-12.3,10.68
0.5,23,15,8.31978643885302,0.0621987171060914,0.0126830140515448,-0.0046948899555983,-0.0011857940092108,10,-12.3,10.68
0.5,24,15,7.633572746215248,0.076556303320878,0.0073331528597687,-0.0046086890726392,-0.0017301775294099,10,-12.3,10.68
0.5,25,15,7.875422738374459,0.0956037453121701,0.0096473046435772,-0.0047212022653659,-0.0012525952353472,10,-12.3,10.68
0.5,26,15,7.888586704773848,0.0749705606643019,0.0102618201844596,-0.004668586483888,-0.0016146479135761,10,-12.3,10.68
0.5,27,15,7.554933392096,0.0711444766801729,0.0068259322191848,-0.0046865509919498,-0.0014430539362612,10,-12.3,10.68
0.5,28,15,8.244220207965885,0.0852679768979989,0.0117779398864953,-0.0046989748489303,-0.0015860374293839,10,-12.3,10.68
0.5,29,15,7.60540447071173,0.0841467364410455,0.0105520544155435,-0.0046076977902502,-0.0014189160133817,10,-12.3,10.68
0.5,30,15,7.770607934467316,0.0863024150383979,0.0109075861718361,-0.0046818915526759,-0.0018125457776817,10,-12.3,10.68
0.5,31,15,8.080582087294774,0.0744566386472259,0.0108538239588847,-0.0047064309983594,-0.0014826846921555,10,-12.3,10.68
0.5,32,15,7.332570447575927,0.1002289227367382,0.0065753676329267,-0.0046905303007037,-0.0016530852289413,10,-12.3,10.68
0.5,33,15,7.163784764021476,0.0851093317067469,0.0053230298805403,-0.0048249845159205,-0.0013487853289366,10,-12.3,10.68
0.5,34,15,7.950149110768751,0.077014330831054,0.0075672287459291,-0.0046743345553572,-0.0012493875733055,10,-12.3,10.68
0.5,35,15,6.946236432629774,0.0932908273583707,0.0038363606686971,-0.0047012068821816,-0.0016863099499289,10,-12.3,10.68
0.5,36,15,7.663645030836886,0.0862601990837209,0.0081271558047771,-0.0047678239119557,-0.0015802631240065,10,-12.3,10.68
0.5,37,15,7.457142967818998,0.0878949186869731,0.0076046063406361,-0.0047420449106886,-0.0016554859710573,10,-12.3,10.68
0.5,38,15,7.727534653854916,0.0811968803541898,0.010808020808577,-0.004711972396114,-0.0013005140109453,10,-12.3,10.68
0.5,39,15,8.149746234377005,0.0769163493161837,0.0111452242570416,-0.0047488855175935,-0.0015809671400417,10,-12.3,10.68
0.5,40,15,7.069705724537794,0.0954973237037286,0.0061930920542909,-0.0046893714591137,-0.0014495110544088,10,-12.3,10.68
0.5,41,15,8.771050423612488,0.0627535228017519,0.0125652244545316,-0.0047026523088854,-0.0011548796869742,10,-12.3,10.68
0.5,42,15,7.322036125736903,0.094127845244762,0.0069503618533282,-0.0046984603035402,-0.0014793777240021,10,-12.3,10.68
0.5,43,15,8.20161257611137,0.0872081555234743,0.0131273318108452,-0.004639925823418,-0.0016624679115465,10,-12.3,10.68
0.5,44,15,8.081285740473957,0.0789542717706641,0.0095876466763109,-0.0046649087537411,-0.0016224855024901,10,-12.3,10.68
0.5,45,15,7.979236300357359,0.0864013341543008,0.010463144387847,-0.0047418448498276,-0.0014918796853169,10,-12.3,10.68
0.5,46,15,8.382240528447685,0.0723999986972702,0.0116978648969935,-0.0047032134153864,-0.0015031359574928,10,-12.3,10.68
0.5,47,15,8.204350957895025,0.0803422734892752,0.0120422565131728,-0.0047959141811241,-0.0015744293947361,10,-12.3,10.68
0.5,48,15,8.353693911116942,0.082603891958311,0.0109989416840509,-0.0047050278893437,-0.0017093703475043,10,-12.3,10.68
0.5,49,15,8.70308155127609,0.0723928498109091,0.0104834201377922,-0.0046136502363297,-0.0012169874155128,10,-12.3,10.68
0.75,0,15,7.746943067989551,0.1004109777601501,0.0137402213696752,-0.0046776134115649,-0.0019348324187325,10,-12.3,10.68
0.75,1,15,8.613498020965917,0.086851502866437,0.0150805213556522,-0.004636356034403,-0.0021310779427613,10,-12.3,10.68
0.75,2,15,8.196733535965791,0.102152949365018,0.0160538638654969,-0.0046357925870843,-0.0022077039973396,10,-12.3,10.68
0.75,3,15,8.246773431039431,0.0911329873777503,0.0144123562180128,-0.0046791915461533,-0.0017725428999965,10,-12.3,10.68
0.75,4,15,7.994082096853429,0.0974281847496038,0.0168818333571072,-0.0046839927068994,-0.0022100784329103,10,-12.3,10.68
0.75,5,15,8.57192179730735,0.0842277449397262,0.0175343485792238,-0.0046121382477333,-0.0018016846742452,10,-12.3,10.68
0.75,6,15,7.870924898168271,0.1180562046533218,0.0150994726166259,-0.0046048469487014,-0.0020378988120309,10,-12.3,10.68
0.75,7,15,8.235648815465408,0.094542123114509,0.0169390642723846,-0.004633108222369,-0.0023132955464426,10,-12.3,10.68
0.75,8,15,7.727071564454763,0.1103605776986699,0.0128109388017324,-0.0046996009099691,-0.0017650162478254,10,-12.3,10.68
0.75,9,15,7.698471407963699,0.0992090884914128,0.0133745808008949,-0.0046545993880625,-0.0021248631980285,10,-12.3,10.68
0.75,10,15,8.460867203882696,0.09724593845131,0.0160826344981504,-0.0046244655215103,-0.0019637081368614,10,-12.3,10.68
0.75,11,15,7.691431955896199,0.1041643647016672,0.0126339165940091,-0.0045858126891206,-0.0017800705325538,10,-12.3,10.68
0.75,12,15,8.016841633978807,0.0921042034346423,0.0151402674000424,-0.0046500613433537,-0.0018607845711059,10,-12.3,10.68
0.75,13,15,8.214172964204254,0.0936339398291106,0.0153610271815044,-0.0046615718660837,-0.0020878987243566,10,-12.3,10.68
0.75,14,15,7.902144637285377,0.101278519387425,0.0190345314933791,-0.004685920312661,-0.0018420303440898,10,-12.3,10.68
0.75,15,15,7.391186207771994,0.1155255593872287,0.0123293965057062,-0.0047036024364161,-0.0020040995946874,10,-12.3,10.68
0.75,16,15,8.379471923388158,0.0996315059024395,0.01641891495689,-0.0046355411649553,-0.0018350381248301,10,-12.3,10.68
0.75,17,15,7.659087748829871,0.0988251111188108,0.0139329063460631,-0.0047078235960643,-0.0016416705828327,10,-12.3,10.68
0.75,18,15,8.565504579277935,0.0946619237739423,0.0209890878690894,-0.0046257253954566,-0.0023320028253466,10,-12.3,10.68
0.75,19,15,8.065355378657593,0.0997487371048657,0.0154895933230327,-0.0045869250799855,-0.0017825544535036,10,-12.3,10.68
0.75,20,15,8.018650284977014,0.1035080389472935,0.0137164649153322,-0.0045418932161028,-0.0023518435992614,10,-12.3,10.68
0.75,21,15,6.868731756055069,0.1282391855206602,0.0065578931058365,-0.0046143057331843,-0.0022892702471851,10,-12.3,10.68
0.75,22,15,7.71031742397323,0.102163728821108,0.0167221577617153,-0.0046134878366839,-0.0021755277205482,10,-12.3,10.68
0.75,23,15,8.040579820464032,0.1057495835001488,0.0164382311776177,-0.0046168519491436,-0.00220497053172,10,-12.3,10.68
0.75,24,15,8.1980097248275,0.0915289896860193,0.0109452193540158,-0.0047185224126849,-0.0018999492371091,10,-12.3,10.68
0.75,25,15,6.976557630202506,0.1245318404935077,0.0083660874720428,-0.0046823665094553,-0.0018753476432924,10,-12.3,10.68
0.75,26,15,8.283054805709373,0.0970608661294389,0.0139087786313401,-0.0046074110712317,-0.0018929011288695,10,-12.3,10.68
0.75,27,15,8.679757152179143,0.0859070786335605,0.0145329474187607,-0.0046605047883447,-0.0022316253779451,10,-12.3,10.68
0.75,28,15,8.4253925497538,0.0861105171014518,0.0166638133525266,-0.0046479958273101,-0.0017584186324045,10,-12.3,10.68
0.75,29,15,7.860088948518007,0.1065732528835397,0.0165177462016301,-0.0044951770699857,-0.0025307744051038,10,-12.3,10.68
0.75,30,15,8.256442718380665,0.0858791966731851,0.0164411160995283,-0.0046998554571134,-0.0018377251361497,10,-12.3,10.68
0.75,31,15,8.585266122756515,0.0935439192264004,0.0170246500542166,-0.0045779865044172,-0.0019700866464809,10,-12.3,10.68
0.75,32,15,8.249546960468129,0.0889717012171718,0.0142897883198328,-0.0046642485064731,-0.0022538178098462,10,-12.3,10.68
0.75,33,15,7.308982722222018,0.108537278763948,0.0127718338636243,-0.0047381150164678,-0.0015599196687656,10,-12.3,10.68
0.75,34,15,8.233315770387957,0.0850871792868288,0.0152267437313876,-0.0046946494651877,-0.001815690939805,10,-12.3,10.68
0.75,35,15,8.553711393480855,0.0822633671878198,0.0173057747323837,-0.0046608569732338,-0.0015482336580696,10,-12.3,10.68
0.75,36,15,8.091011553838682,0.100726768797485,0.0163999450051914,-0.0046824603193131,-0.001862743437102,10,-12.3,10.68
0.75,37,15,7.7469332460728175,0.1087169666522158,0.0139823228919195,-0.0046723606417542,-0.0021032204204477,10,-12.3,10.68
0.75,38,15,8.028368987401777,0.1005419037259089,0.0141364518159388,-0.0045650995105479,-0.0020167532311037,10,-12.3,10.68
0.75,39,15,7.533051124241308,0.1154883402429306,0.0141158984309904,-0.0046338185314324,-0.0020583199660586,10,-12.3,10.68
0.75,40,15,7.867806682296407,0.1044145730724416,0.0143877278310045,-0.0045648220806884,-0.0020638493802711,10,-12.3,10.68
0.75,41,15,7.662183780858869,0.1132514776506499,0.0121560124347335,-0.0046201404735626,-0.0020851154834267,10,-12.3,10.68
0.75,42,15,7.911246876587153,0.0989743161162515,0.014184373412253,-0.004642718218782,-0.0022159506273334,10,-12.3,10.68
0.75,43,15,7.728913083016972,0.096555003350373,0.0131643550214594,-0.0047015948643824,-0.0019568119117934,10,-12.3,10.68
0.75,44,15,7.731654964369133,0.1037514432561381,0.0143747734201611,-0.0047307649126708,-0.0018192801038048,10,-12.3,10.68
0.75,45,15,7.325244650863754,0.1141108927938791,0.0097759764903604,-0.0046038276407831,-0.0019600068248386,10,-12.3,10.68
0.75,46,15,7.804977035664372,0.0944049544527819,0.0139019963140691,-0.0046224138575068,-0.0023635309178599,10,-12.3,10.68
0.75,47,15,8.245027842941562,0.0919338733628739,0.0174463906358518,-0.0045306545288299,-0.0020102066146128,10,-12.3,10.68
0.75,48,15,8.534366985012843,0.0813546447110731,0.0171903958619159,-0.004679252816471,-0.001833470045893,10,-12.3,10.68
0.75,49,15,8.184612766624443,0.0923572320091052,0.0133515990735002,-0.0046934440368982,-0.0019516396702607,10,-12.3,10.68
1.0,0,15,7.977577243841922,0.1179286463086621,0.0141057779712269,-0.0047070518225483,-0.0031464065198224,10,,10.74
1.0,1,15,8.741901737828327,0.0928767637412738,0.0185315138854181,-0.004783851373908,-0.0030605351928596,10,,10.74
1.0,2,15,8.951287247793843,0.1023968613412556,0.0202179629212915,-0.0047665153188693,-0.0031161318504163,10,,10.74
1.0,3,15,8.389335235049618,0.1149356990935947,0.0192684818524813,-0.0047513672585183,-0.0029865197581175,10,,10.74
1.0,4,15,8.000150679477816,0.1137494387344743,0.0145875149789599,-0.004736158536524,-0.0028240943568885,10,,10.74
1.0,5,15,8.500651505271916,0.0994802321976655,0.0167746311079894,-0.0047408950667694,-0.002670884064304,10,,10.74
1.0,6,15,9.434137910973948,0.0915060076174094,0.0207820287196889,-0.0047712610252023,-0.0032190206781808,10,,10.74
1.0,7,15,8.407727114603096,0.1104025208071153,0.018058475054934,-0.0047549981482404,-0.0032050403625255,10,,10.74
1.0,8,15,7.64968393493439,0.1145759101714695,0.0136516843379904,-0.0047242231478138,-0.0027529089126802,10,,10.74
1.0,9,15,7.880773003732612,0.1273401956069763,0.0168694520598086,-0.0047394455282462,-0.0029393093257589,10,,10.74
1.0,10,15,8.661752834914223,0.1076282864610504,0.0160800657025377,-0.0047534373634586,-0.0030325381597193,10,,10.74
1.0,11,15,8.825665704142155,0.0984598673914921,0.0198277801171127,-0.0047367178848777,-0.0029813464474317,10,,10.74
1.0,12,15,8.329157318306757,0.108159938127212,0.019815262749805,-0.0047837518013116,-0.0031319472206167,10,,10.74
1.0,13,15,8.607957586163884,0.1004483460615708,0.0154162403992464,-0.0047399043167508,-0.0030056960152623,10,,10.74
1.0,14,15,8.661354770364918,0.1100320959082348,0.0178531633869716,-0.0047404248766082,-0.0030652990516422,10,,10.74
1.0,15,15,7.9969522857109885,0.1131898588500913,0.015742650984754,-0.0047174062398193,-0.0028509127836337,10,,10.74
1.0,16,15,8.376976657942189,0.0941953600236614,0.015152031862764,-0.0047706955893557,-0.0027551563811257,10,,10.74
1.0,17,15,8.767482500828052,0.0942170920812094,0.0237474286256492,-0.0047869033017743,-0.0030591084020137,10,,10.74
1.0,18,15,8.890151702133565,0.1017309368647261,0.0196933510450014,-0.0047667487347641,-0.0030678897033338,10,,10.74
1.0,19,15,8.20691310320879,0.1121777976773346,0.0206653008538927,-0.0047544859350422,-0.0030288625320846,10,,10.74
1.0,20,15,8.88317004712966,0.0960619833486821,0.0183283782490437,-0.0047713942280472,-0.0030659391505059,10,,10.74
1.0,21,15,8.966289647128706,0.0970214711616448,0.0239024786056334,-0.0047753968811555,-0.0034210883295663,10,,10.74
1.0,22,15,8.017290731933487,0.1220572858601551,0.0162457423446645,-0.0047220720890924,-0.0033091756200614,10,,10.74
1.0,23,15,7.788539023062714,0.1170269239027908,0.0126536600612885,-0.0047436829560691,-0.003080025257762,10,,10.74
1.0,24,15,7.725087756544783,0.1150020598757888,0.0150411608201994,-0.0046728115810416,-0.0032487429097917,10,,10.74
1.0,25,15,8.13943849257937,0.1193859383406883,0.0147730233153178,-0.0047440042683491,-0.0031078129392017,10,,10.74
1.0,26,15,8.813047704649835,0.1130382682159241,0.017795179434605,-0.0047538473300153,-0.0035841053114931,10,,10.74
1.0,27,15,8.448092107182635,0.0988060028509698,0.0151526747125985,-0.0047380691054137,-0.0027300510732011,10,,10.74
1.0,28,15,9.044124866301043,0.0950116573364979,0.019753667626856,-0.0047715784860667,-0.0031390666581029,10,,10.74
1.0,29,15,8.699144013592058,0.1043250723933102,0.0145932920667487,-0.0047657452922658,-0.0030338105253872,10,,10.74
1.0,30,15,9.180319516142983,0.092792192498639,0.0193730808779337,-0.004773350436371,-0.003305108752247,10,,10.74
1.0,31,15,8.099636800553332,0.1049756719721956,0.0190735501939258,-0.0047480208773418,-0.0030589883708459,10,,10.74
1.0,32,15,8.847162961770255,0.0912217460723829,0.0226071001833881,-0.0047743439888493,-0.0032327194124528,10,,10.74
1.0,33,15,8.988129393867137,0.0937013697177815,0.0208606614707829,-0.0047803185259325,-0.0030514200650474,10,,10.74
1.0,34,15,9.183126216761371,0.0818940775424802,0.0202132621891641,-0.0047990304845889,-0.0027555737345155,10,,10.74
1.0,35,15,8.428377209515428,0.104495919123345,0.0213565445020062,-0.0047337980239054,-0.0033531175446721,10,,10.74
1.0,36,15,8.415984864571689,0.1117045664273969,0.0195679215119182,-0.0047317646945475,-0.0032138916582393,10,,10.74
1.0,37,15,9.179728082856013,0.100142841428932,0.0237649752496639,-0.0047588228698427,-0.0028560476505592,10,,10.74
1.0,38,15,8.306100780852734,0.110930595886093,0.0204853638314339,-0.0047580410894797,-0.0033137891977924,10,,10.74
1.0,39,15,7.894999166771493,0.1053248889399471,0.0154412650774461,-0.0047238309687466,-0.0029023441100833,10,,10.74
1.0,40,15,7.1432525360262185,0.1419985995067217,0.0111753048613976,-0.0046958902200007,-0.0027802591875803,10,,10.74
1.0,41,15,7.769045213963506,0.1151706618806274,0.0138514151721936,-0.0047506296060242,-0.0027730284986169,10,,10.74
1.0,42,15,8.74263867310695,0.0928029199955592,0.0155049341485251,-0.0047783241614624,-0.0027822352490489,10,,10.74
1.0,43,15,8.83356001598741,0.0950381143391049,0.0164003846037726,-0.0047553845202666,-0.0027189107041626,10,,10.74
1.0,44,15,7.733892033408693,0.1165578459949767,0.0168289993261707,-0.0047379300737785,-0.0029895705561593,10,,10.74
1.0,45,15,8.187248577322826,0.1107182402438206,0.0170634849437855,-0.0047774690121535,-0.0029776532405062,10,,10.74
1.0,46,15,9.072633859312951,0.0881163921404858,0.0202974588585588,-0.0047732396921937,-0.0030850269932147,10,,10.74
1.0,47,15,7.01326711839542,0.1207740005631188,0.0103867977094438,-0.0046752112106787,-0.0023169993702662,10,,10.74
1.0,48,15,9.002774472084381,0.1125764625632249,0.0200230363283249,-0.004766512134133,-0.0032555528562555,10,,10.74
1.0,49,15,7.199413228180023,0.1374110436427097,0.0097971647946513,-0.0047075000948962,-0.0023158672917097,10,,10.74
0.0,0,15,11.71349182080584,0.0478808933809645,0.0067163770111158,-0.004846884175588,-0.0010503665759007,11,-17.0,8.65
0.0,1,15,10.32175049919634,0.0633519867523625,0.0058463346091565,-0.0048326424516759,-0.0011001724674372,11,-17.0,8.65
0.0,2,15,10.94581302677676,0.0581309869839872,0.0063742174859696,-0.0048600596599158,-0.0011073171703168,11,-17.0,8.65
0.0,3,15,10.640782398471163,0.0849354019178282,0.0047680623942335,-0.0048507325935643,-0.0011098670377341,11,-17.0,8.65
0.0,4,15,10.623223884097731,0.0688929617399314,0.006111561691322,-0.0048417928663535,-0.0010559001842056,11,-17.0,8.65
0.0,5,15,10.22869916489909,0.0697802940407309,0.0066323484117745,-0.0048428365507944,-0.0015360310812114,11,-17.0,8.65
0.0,6,15,10.884280182599785,0.0665677510842535,0.0074035442289719,-0.0048487976670695,-0.0011267716649404,11,-17.0,8.65
0.0,7,15,10.55815418453607,0.0522393519929317,0.008241921875475,-0.004839148594171,-0.0011058695909847,11,-17.0,8.65
0.0,8,15,10.925454485249196,0.0563733122797961,0.0073069523272939,-0.0048580828127835,-0.0010999868743231,11,-17.0,8.65
0.0,9,15,10.909338897398264,0.0610569597032862,0.0068763916405604,-0.0048496835110815,-0.0011781444260573,11,-17.0,8.65
0.0,10,15,10.57583580918356,0.0560668012465416,0.009257033739096,-0.0048353693417831,-0.001106241582261,11,-17.0,8.65
0.0,11,15,10.230725924518437,0.0583329358817042,0.0086670786734179,-0.0048314289353754,-0.0012185172180795,11,-17.0,8.65
0.0,12,15,10.270258014966016,0.0583819195461928,0.0073001608202847,-0.0048503946234951,-0.0011359008221463,11,-17.0,8.65
0.0,13,15,10.636471753417846,0.0684523613196373,0.0051477297802302,-0.0048536787204929,-0.0010807455167827,11,-17.0,8.65
0.0,14,15,10.753213989018263,0.0472517862422176,0.0088599810149635,-0.0048497065679039,-0.0009024653432723,11,-17.0,8.65
0.0,15,15,11.488689891731324,0.056454198693272,0.0070735731917756,-0.0048497719459714,-0.0011483422868584,11,-17.0,8.65
0.0,16,15,11.473803365887887,0.0567983653850716,0.0069039209394582,-0.0048647593330008,-0.0013328507902735,11,-17.0,8.65
0.0,17,15,11.321744030371724,0.0505686696113921,0.0051195551639232,-0.0048501891055353,-0.0010332128354763,11,-17.0,8.65
0.0,18,15,10.26904791359849,0.0734923715193279,0.0053397747155974,-0.0048399956195734,-0.0013612417723194,11,-17.0,8.65
0.0,19,15,11.88551055321398,0.0508812209511558,0.0086580375488748,-0.0048606133699914,-0.0009896033187284,11,-17.0,8.65
0.0,20,15,10.658273438670504,0.0567295029626233,0.0103746546956027,-0.0048576149367612,-0.0012761977802232,11,-17.0,8.65
0.0,21,15,11.309270277151896,0.0493955022053207,0.0091587283388581,-0.0048598735989333,-0.0009385891496545,11,-17.0,8.65
0.0,22,15,10.411796931819085,0.0751881765770026,0.0068670960577605,-0.0048338310006264,-0.0014831737081863,11,-17.0,8.65
0.0,23,15,10.175080388370038,0.0795351435199175,0.0044243024549616,-0.0048382046307509,-0.0011587934618938,11,-17.0,8.65
0.0,24,15,10.31017267927087,0.0484666851484064,0.0075306896795213,-0.0048375279182811,-0.0011452567883894,11,-17.0,8.65
0.0,25,15,10.61816703333509,0.0572165036287868,0.0072099456168141,-0.0048203555140757,-0.0009668749651574,11,-17.0,8.65
0.0,26,15,11.602074590368694,0.0501220632937878,0.0092752416492934,-0.0048455723626717,-0.001005492721093,11,-17.0,8.65
0.0,27,15,11.00469367639642,0.0652643340475102,0.0069737294136068,-0.004858652201457,-0.0010492010722821,11,-17.0,8.65
0.0,28,15,10.255855289810338,0.066347368717168,0.006702359406462,-0.004830446748613,-0.0010516607617566,11,-17.0,8.65
0.0,29,15,10.876007649861638,0.0623508085250162,0.0070146089364995,-0.0048415047863561,-0.0008188892677288,11,-17.0,8.65
0.0,30,15,10.598473226418768,0.0567785487396834,0.0092743980517138,-0.0048515475831581,-0.0008087547303411,11,-17.0,8.65
0.0,31,15,11.894686872391144,0.0513579527492847,0.0086440856602176,-0.0048588314403732,-0.0008529220542237,11,-17.0,8.65
0.0,32,15,10.751763758433713,0.0482398615319852,0.0075646468665654,-0.0048438356020947,-0.0009375071669157,11,-17.0,8.65
0.0,33,15,10.34003427186965,0.0548662821132817,0.0100834590553588,-0.0048467220401521,-0.0012775899292058,11,-17.0,8.65
0.0,34,15,10.074132113549211,0.0658540055770934,0.0067906926282859,-0.0048290845259807,-0.0012309560969187,11,-17.0,8.65
0.0,35,15,10.948766288895776,0.0754132056531962,0.0051167465364985,-0.0048627094714442,-0.0011671724171548,11,-17.0,8.65
0.0,36,15,9.979143399834436,0.0729136292170389,0.0066391499512998,-0.0048347795676905,-0.0013324713833996,11,-17.0,8.65
0.0,37,15,10.669048874457724,0.0489417404071301,0.0086982226348951,-0.0048348188292034,-0.0009669333832383,11,-17.0,8.65
0.0,38,15,10.556719977139185,0.064854178569221,0.0063287471848242,-0.0048403611332046,-0.0011267085226612,11,-17.0,8.65
0.0,39,15,10.591421035856325,0.0580185522459588,0.0059841895849234,-0.0048368734726162,-0.0010526269747159,11,-17.0,8.65
0.0,40,15,10.871371498038734,0.0590866650553952,0.0055893957549977,-0.0048379658296301,-0.0009711053975739,11,-17.0,8.65
0.0,41,15,10.209285882081067,0.0769745725905685,0.0036645111057743,-0.0048228745144047,-0.0010861516342606,11,-17.0,8.65
0.0,42,15,11.598545563997142,0.0612962603238902,0.0048369195392885,-0.0048682858108705,-0.0010594104206592,11,-17.0,8.65
0.0,43,15,10.312215025331527,0.0540751555028193,0.0056554365989479,-0.0048460629876101,-0.0010751002480763,11,-17.0,8.65
0.0,44,15,10.429872330461716,0.0562955513819753,0.0080524257518738,-0.0048395319741577,-0.0009856252487,11,-17.0,8.65
0.0,45,15,10.43925651854129,0.0584685041793274,0.0077449781625899,-0.0048231427594786,-0.0008920892418593,11,-17.0,8.65
0.0,46,15,10.543215255924409,0.0570099868935108,0.0078361419753485,-0.0048446422807683,-0.0009200761716113,11,-17.0,8.65
0.0,47,15,11.34943292791575,0.0621659033235572,0.0075645561026797,-0.0048593393782203,-0.0013344986232035,11,-17.0,8.65
0.0,48,15,9.909633339605632,0.0611634053960378,0.0057137354488387,-0.0048324819089185,-0.0010855817220585,11,-17.0,8.65
0.0,49,15,10.524188442982611,0.0594111654328479,0.0088163345461417,-0.0048275561832974,-0.0010957139994537,11,-17.0,8.65
0.25,0,15,9.543024545606825,0.0936703796452656,0.0074475103293391,-0.0048032965834932,-0.0012854718696675,11,-17.0,8.65
0.25,1,15,9.63459811902958,0.0767232861341308,0.0103656048382293,-0.0048269274054775,-0.0012672286618376,11,-17.0,8.65
0.25,2,15,9.103242283716302,0.0852115187396355,0.0095699143139255,-0.0048240155686644,-0.00127478023084,11,-17.0,8.65
0.25,3,15,9.806345221853826,0.0631298025391798,0.0098808601121117,-0.0048436465292457,-0.0011953215054964,11,-17.0,8.65
0.25,4,15,8.726563495686925,0.0760463188273341,0.0072214754617351,-0.0048324852636775,-0.001362177790063,11,-17.0,8.65
0.25,5,15,9.30754162324027,0.068578478125267,0.0068946390797569,-0.0048008888828092,-0.0011224461376093,11,-17.0,8.65
0.25,6,15,9.24236487818634,0.0895605283517834,0.0068552369772761,-0.0048032671708853,-0.0014941643662164,11,-17.0,8.65
0.25,7,15,8.822414593477413,0.083791943431642,0.0079416656162343,-0.0047917243898362,-0.0014033474417425,11,-17.0,8.65
0.25,8,15,9.206373714160735,0.0733425414209825,0.0087745698163815,-0.0047983127866507,-0.0014745645322352,11,-17.0,8.65
0.25,9,15,8.13167012254316,0.0948994552459259,0.004525146759812,-0.0048170719926238,-0.0011714540745723,11,-17.0,8.65
0.25,10,15,8.489519267462114,0.0916149213845107,0.0068567887394602,-0.004796584709215,-0.0016220960540712,11,-17.0,8.65
0.25,11,15,9.214848160083529,0.0772719876387333,0.010314921830215,-0.0048203910333787,-0.0011226500345594,11,-17.0,8.65
0.25,12,15,9.571708466255622,0.0632529444130218,0.0107965685893563,-0.0048465532824572,-0.0009034875231958,11,-17.0,8.65
0.25,13,15,9.31212096151305,0.0748525173829949,0.007209338626846,-0.0048034446594043,-0.0011571370037912,11,-17.0,8.65
0.25,14,15,9.473920597003271,0.07414423361733,0.0069346705580053,-0.0048255505934401,-0.0017400680500605,11,-17.0,8.65
0.25,15,15,9.723018871787652,0.0746376014172329,0.0115023425510633,-0.0048141857942273,-0.0013950571167379,11,-17.0,8.65
0.25,16,15,9.183342606269326,0.0791906268677989,0.0082853397394917,-0.0048310139943355,-0.0014590843427697,11,-17.0,8.65
0.25,17,15,9.015604001320291,0.0745251904758453,0.0076173506264741,-0.0048325334421714,-0.00140401449794,11,-17.0,8.65
0.25,18,15,10.101217754633318,0.0568387367079355,0.0106249206791099,-0.0048404652100836,-0.0010511808634813,11,-17.0,8.65
0.25,19,15,9.188513693504897,0.082886646769843,0.0099112619058992,-0.0048167867372237,-0.0011602060230073,11,-17.0,8.65
0.25,20,15,9.20248823192043,0.0835282569429898,0.00580471358605,-0.0047935229765936,-0.0015115153171439,11,-17.0,8.65
0.25,21,15,9.418888953330702,0.0757796681605769,0.0088451271067864,-0.0048147835931329,-0.0015013062907043,11,-17.0,8.65
0.25,22,15,10.441247344128566,0.0666468530979377,0.0122955895767171,-0.0048228610439401,-0.000971198245019,11,-17.0,8.65
0.25,23,15,10.014576431076176,0.0507525432686504,0.0100552451824275,-0.0048454422671021,-0.0007959178991171,11,-17.0,8.65
0.25,24,15,8.522405503541748,0.0953203506746546,0.0039135705598475,-0.0047331772249269,-0.001460733009902,11,-17.0,8.65
0.25,25,15,8.62869891762615,0.0788219198504467,0.0070128502090852,-0.0047951505353558,-0.0010597503683623,11,-17.0,8.65
0.25,26,15,9.40771382541216,0.0837286282185512,0.0079644738849887,-0.0048184620865662,-0.0011660766584569,11,-17.0,8.65
0.25,27,15,9.508784635385693,0.0668224631349346,0.0073458942581823,-0.0048194875983576,-0.0011347551126784,11,-17.0,8.65
0.25,28,15,8.971698334502175,0.0833406507889873,0.0058322415057718,-0.0048339662261094,-0.001168273335825,11,-17.0,8.65
0.25,29,15,10.10017395336082,0.0650050820937493,0.010142975765739,-0.0048190902273275,-0.0011370997860171,11,-17.0,8.65
0.25,30,15,8.910499438787788,0.0843339868105005,0.0079225216711394,-0.0048100923820923,-0.001386276905345,11,-17.0,8.65
0.25,31,15,8.93411597478729,0.0811831133894907,0.0079680893506053,-0.0048279237927009,-0.0013862833145277,11,-17.0,8.65
0.25,32,15,9.55621293346332,0.080332683658791,0.0062126659885594,-0.0048333190843733,-0.0015014410204624,11,-17.0,8.65
0.25,33,15,8.646449673725318,0.0855073325002435,0.0060405803458632,-0.0048300007341838,-0.0012626303987677,11,-17.0,8.65
0.25,34,15,9.619609647705952,0.0748140009163481,0.0091418978634,-0.0048195292982579,-0.0011531592388151,11,-17.0,8.65
0.25,35,15,10.312277184795924,0.0603251243584815,0.0091648063276961,-0.0048327671725446,-0.0009821081626336,11,-17.0,8.65
0.25,36,15,9.048136233668163,0.0826206454171488,0.00827934438405,-0.0048168657413543,-0.0013644976401161,11,-17.0,8.65
0.25,37,15,8.8451699693835,0.0753432879003031,0.0076658786337529,-0.004814462594207,-0.0014334989338519,11,-17.0,8.65
0.25,38,15,9.56278359385936,0.0691276262357916,0.008705241841021,-0.0048390870436744,-0.0011149116326555,11,-17.0,8.65
0.25,39,15,9.13710190917625,0.0785689956695168,0.0076132821018104,-0.004783971677813,-0.0014398799893551,11,-17.0,8.65
0.25,40,15,9.229175068617728,0.0725146167187204,0.01073779765413,-0.0048344281159371,-0.001134187831376,11,-17.0,8.65
0.25,41,15,9.43980448144667,0.0731457598373312,0.0103956881700511,-0.0048152026230468,-0.0012273160693184,11,-17.0,8.65
0.25,42,15,9.538956252595334,0.0718960559942033,0.0097774375795041,-0.0048247445199059,-0.0011482178662717,11,-17.0,8.65
0.25,43,15,9.626057208290383,0.0689386493119741,0.0072968637182182,-0.0048165712541195,-0.0012043793394038,11,-17.0,8.65
0.25,44,15,8.46965037827046,0.0886185526357104,0.0081733850406375,-0.004820300611733,-0.0013823570313453,11,-17.0,8.65
0.25,45,15,8.777944033608197,0.0984648261840573,0.006837224852727,-0.0048098736911737,-0.0016484648678015,11,-17.0,8.65
0.25,46,15,9.194188467877517,0.0865558373985534,0.0066241006061648,-0.0048452120212987,-0.0014379264985839,11,-17.0,8.65
0.25,47,15,9.33413630140479,0.0670520599135977,0.0095336820415019,-0.0048349258614733,-0.0013660047730843,11,-17.0,8.65
0.25,48,15,9.444571204581298,0.0749128118245427,0.0109816425235165,-0.0048247259272307,-0.0011158950022348,11,-17.0,8.65
0.25,49,15,9.37539074861251,0.0817939289615338,0.0095896527580773,-0.004819903730811,-0.0012675780107263,11,-17.0,8.65
0.5,0,15,8.905015110371844,0.0779376535260067,0.0097009348714845,-0.0047986578796178,-0.0015412245517342,11,-17.0,8.65
0.5,1,15,9.279206739674576,0.0867046103249539,0.0132420173325538,-0.004775458535835,-0.0016260618544549,11,-17.0,8.65
0.5,2,15,8.787919037965024,0.0843329813292717,0.0095023113844518,-0.0047956497727939,-0.0015245843095721,11,-17.0,8.65
0.5,3,15,8.476703253690133,0.1010184916450984,0.0135289850595503,-0.0047793292392954,-0.0015220139828729,11,-17.0,8.65
0.5,4,15,8.986564385629737,0.0841831035541417,0.0129559893763528,-0.0048030070215095,-0.0014182613955782,11,-17.0,8.65
0.5,5,15,7.838368992903413,0.1077751163435802,0.0068287478378903,-0.0047609404825588,-0.0017489795354049,11,-17.0,8.65
0.5,6,15,9.653213310274094,0.0693140206044974,0.012482439966593,-0.004801343367601,-0.001479347423593,11,-17.0,8.65
0.5,7,15,8.30375557661629,0.0891329976710709,0.0115990357810008,-0.004768002817778,-0.001771952389374,11,-17.0,8.65
0.5,8,15,7.999686496054503,0.0892504518200417,0.0094974710152808,-0.0047475969495817,-0.0018871304377442,11,-17.0,8.65
0.5,9,15,8.3515776584158,0.0955935332054581,0.0073726432518622,-0.0047795857038501,-0.0017783237425695,11,-17.0,8.65
0.5,10,15,9.160608844317553,0.0728339003126792,0.0142167386685508,-0.0048135408739643,-0.00157126354846,11,-17.0,8.65
0.5,11,15,8.518120792166753,0.0999440666353907,0.011938511515527,-0.0047542316756842,-0.0018372624534071,11,-17.0,8.65
0.5,12,15,7.9170236620134995,0.1028921780869486,0.0081366326531645,-0.0047480701212416,-0.0017265164955931,11,-17.0,8.65
0.5,13,15,8.910147738386815,0.0875007580142126,0.0107295804583073,-0.0047831734884115,-0.0016881406755612,11,-17.0,8.65
0.5,14,15,8.460547181209934,0.0863521529430472,0.0135251026511446,-0.004775230870063,-0.001389805463833,11,-17.0,8.65
0.5,15,15,7.728749366826848,0.1154952615547587,0.0070918165775256,-0.0047671795973703,-0.0017462588214514,11,-17.0,8.65
0.5,16,15,8.92960546850662,0.092474479675268,0.0123414772115794,-0.0047941072778149,-0.0016671166445194,11,-17.0,8.65
0.5,17,15,7.683397274642085,0.1124555160326338,0.0076936451973436,-0.0047700661910936,-0.0017077335852179,11,-17.0,8.65
0.5,18,15,7.39579144965061,0.125545086854847,0.0044319507074255,-0.0047365111333084,-0.002046988362264,11,-17.0,8.65
0.5,19,15,8.196969468486357,0.1015916248625241,0.0098005073165704,-0.0047606819597263,-0.00179843673734,11,-17.0,8.65
0.5,20,15,8.617119327765629,0.0885364932647289,0.0101964811793441,-0.0047782763493056,-0.0016300973734155,11,-17.0,8.65
0.5,21,15,8.664665635042557,0.0951048870632538,0.013432745712641,-0.0048001674674103,-0.0014941524232842,11,-17.0,8.65
0.5,22,15,8.914892184459653,0.0969956389455671,0.0136507634527907,-0.0047823063451909,-0.0018099213072051,11,-17.0,8.65
0.5,23,15,8.95491408990769,0.0896319924765002,0.0125419599915304,-0.0048023132050331,-0.0015692228394025,11,-17.0,8.65
0.5,24,15,9.186359983579544,0.0761934665455147,0.0131428616083064,-0.0048045303363393,-0.001750107770371,11,-17.0,8.65
0.5,25,15,8.058029996846415,0.1186042509972391,0.0102016736062604,-0.0047290138590494,-0.0019665660654247,11,-17.0,8.65
0.5,26,15,8.784844580431248,0.0988391098279774,0.0132882459127727,-0.0047998512147966,-0.0016201721447635,11,-17.0,8.65
0.5,27,15,8.841787076207527,0.0830875547573463,0.0120356818107489,-0.0047966466791067,-0.0013423356414479,11,-17.0,8.65
0.5,28,15,8.838006517552452,0.0895839599983522,0.0122550454456863,-0.0047787630745979,-0.0017510544192956,11,-17.0,8.65
0.5,29,15,8.463034362131028,0.0892634779676726,0.0108144154857132,-0.0047789313406081,-0.0016266368213144,11,-17.0,8.65
0.5,30,15,9.17373730853001,0.0755623789320036,0.0126701594349176,-0.0048086886279561,-0.0015893865072237,11,-17.0,8.65
0.5,31,15,8.826021196767691,0.093696711620214,0.0126649812575405,-0.0048009068432223,-0.0018599055556177,11,-17.0,8.65
0.5,32,15,8.388866443718875,0.1000508478416735,0.009632277439474,-0.0047735619643572,-0.0017805982234319,11,-17.0,8.65
0.5,33,15,9.075650465871089,0.0826498221574465,0.0147047401976802,-0.0047968651329208,-0.0013445999003768,11,-17.0,8.65
0.5,34,15,8.141932470647975,0.0968946482316756,0.0085022547008519,-0.0047687839499297,-0.0018503345379485,11,-17.0,8.65
0.5,35,15,9.31226842331919,0.0849902759876497,0.0124412817195317,-0.0048023484691622,-0.0019606716663772,11,-17.0,8.65
0.5,36,15,9.065319489329765,0.0889192600227701,0.0138513964120061,-0.0048001241540165,-0.0014042205113684,11,-17.0,8.65
0.5,37,15,8.500747198264335,0.1002593557439601,0.0119053985035479,-0.0047795783494291,-0.0020045307585102,11,-17.0,8.65
0.5,38,15,8.616302879327788,0.0915696664731875,0.011223760996949,-0.0047971927817234,-0.0017022273632295,11,-17.0,8.65
0.5,39,15,8.65838392257905,0.0966842809458658,0.0116429609973895,-0.0048070707719718,-0.0015296845724734,11,-17.0,8.65
0.5,40,15,8.572313623018607,0.0978950722650729,0.0111518543875056,-0.0047604869961591,-0.0020231936677753,11,-17.0,8.65
0.5,41,15,7.798762915969483,0.1000833754616707,0.0089289993457351,-0.0047842417923119,-0.0016738873693139,11,-17.0,8.65
0.5,42,15,8.641178082115259,0.1036613391292226,0.012073083483375,-0.0047921268438156,-0.0016844195583292,11,-17.0,8.65
0.5,43,15,8.45397483614488,0.0853864894931259,0.0126837239213796,-0.004815537380317,-0.0015398067780578,11,-17.0,8.65
0.5,44,15,8.896495587886005,0.074910955477677,0.0149829703325238,-0.0047949320767037,-0.0017128442754637,11,-17.0,8.65
0.5,45,15,8.137893067301675,0.108812142241621,0.0090905493986191,-0.0047623771307132,-0.0018250524897769,11,-17.0,8.65
0.5,46,15,8.191788418103634,0.1032464144556672,0.011055750295123,-0.0047773237012643,-0.001700990770403,11,-17.0,8.65
0.5,47,15,8.236660939759451,0.087470873595529,0.0095374926833808,-0.004772322172142,-0.0015125011990055,11,-17.0,8.65
0.5,48,15,8.956667517355804,0.0858957829498591,0.0109669140179052,-0.0047932747495712,-0.0015937070609389,11,-17.0,8.65
0.5,49,15,8.805661869325297,0.0874720402427186,0.0105765564692523,-0.0047714783088963,-0.0016178827239899,11,-17.0,8.65
0.75,0,15,8.514821671013477,0.1108110074941902,0.0167243965912008,-0.0047513074510135,-0.0022069881373323,11,-17.0,8.65
0.75,1,15,8.04689548433302,0.1087559247627218,0.0148607715790346,-0.004736422073184,-0.0019797900531985,11,-17.0,8.65
0.75,2,15,9.593415733165449,0.0761499017541731,0.0216064131743362,-0.0047773091293526,-0.0021441053662477,11,-17.0,8.65
0.75,3,15,7.232243226839461,0.1332241317819726,0.0059537433780465,-0.0047591088023244,-0.0018730040128603,11,-17.0,8.65
0.75,4,15,7.754759414433442,0.1234545167201925,0.0104774464453276,-0.0046865197278168,-0.0024014802649023,11,-17.0,8.65
0.75,5,15,7.748505597556615,0.1191766955388439,0.0136965631729274,-0.0047369146355629,-0.0021966011102318,11,-17.0,8.65
0.75,6,15,8.801603897270919,0.0944548886836572,0.0176492382354592,-0.0047749939710189,-0.0016560142089213,11,-17.0,8.65
0.75,7,15,8.097723213536554,0.1039099869916199,0.0171788149163855,-0.0047174782964027,-0.002611431426356,11,-17.0,8.65
0.75,8,15,9.28059934189058,0.0840367204859265,0.0173360255046383,-0.0048126694251854,-0.0019184262318349,11,-17.0,8.65
0.75,9,15,8.157847849917166,0.0961137487655614,0.0148504196246571,-0.0047630487494738,-0.0020613345740764,11,-17.0,8.65
0.75,10,15,8.108277828850868,0.0975750183289762,0.0138172895589741,-0.0047458377204125,-0.0023641951053969,11,-17.0,8.65
0.75,11,15,9.143053497408214,0.0763935109802348,0.0202122961666463,-0.0047801122173287,-0.0020908795960381,11,-17.0,8.65
0.75,12,15,8.866680065023061,0.0953659392912845,0.0164100163217452,-0.004772071448687,-0.0019642929843903,11,-17.0,8.65
0.75,13,15,8.213743904498632,0.0957155052945622,0.014831844465964,-0.0047376997701681,-0.0020289949553726,11,-17.0,8.65
0.75,14,15,8.478600563091268,0.1148657221987905,0.0176439183325031,-0.0047575840759333,-0.0021318569477466,11,-17.0,8.65
0.75,15,15,8.609732706751739,0.1068737993884176,0.0175352734323964,-0.0047837508023452,-0.0018084382660801,11,-17.0,8.65
0.75,16,15,7.971534051432643,0.107949618539632,0.0163910004906101,-0.0047488184477192,-0.0021427606981776,11,-17.0,8.65
0.75,17,15,8.188872095152043,0.1150673908787673,0.0168664181230009,-0.0047619220324667,-0.0018633094547791,11,-17.0,8.65
0.75,18,15,7.307570919227098,0.110818292242934,0.0076788094511283,-0.004758637928466,-0.0018276950986421,11,-17.0,8.65
0.75,19,15,7.916432507576244,0.1106531054837077,0.0114705293094574,-0.0047748192927285,-0.0019390080962093,11,-17.0,8.65
0.75,20,15,8.210547895847954,0.1018499968238684,0.0135845310041009,-0.0047685597038275,-0.0021135734277319,11,-17.0,8.65
0.75,21,15,8.842370007143552,0.1065802598995361,0.0175360136816697,-0.0047432390123399,-0.002334474463777,11,-17.0,8.65
0.75,22,15,8.914674545857851,0.1058667855947586,0.0180866971553459,-0.0047730456070674,-0.0020501662089426,11,-17.0,8.65
0.75,23,15,8.803722724105649,0.0925069990098798,0.0196483829699643,-0.0047728399059054,-0.0020440879135281,11,-17.0,8.65
0.75,24,15,7.975366038749188,0.1164846791241921,0.0155996006234977,-0.0047769717690823,-0.0020948771387442,11,-17.0,8.65
0.75,25,15,8.869321469314684,0.1000213406386404,0.0196281790481152,-0.0047399074499276,-0.0020735403652104,11,-17.0,8.65
0.75,26,15,8.280266412816886,0.1046697159725899,0.0170421735065822,-0.004773978854353,-0.0019512044769861,11,-17.0,8.65
0.75,27,15,8.5809321169538,0.102921608479952,0.0183451251842054,-0.0047161116079972,-0.0023147625810704,11,-17.0,8.65
0.75,28,15,8.653464744691478,0.0887697945813301,0.0197357467778783,-0.0047411469139302,-0.002172060992177,11,-17.0,8.65
0.75,29,15,7.822930279162059,0.103913240331347,0.014912759943855,-0.0047548323814534,-0.0020424010015168,11,-17.0,8.65
0.75,30,15,8.805387034358644,0.1013666863016965,0.0187670927571205,-0.0047641541823983,-0.0020677222345256,11,-17.0,8.65
0.75,31,15,7.9317117186366,0.1178507308385371,0.0131804934109999,-0.0046918387730293,-0.0023738411575812,11,-17.0,8.65
0.75,32,15,7.767246153608946,0.1142911856262912,0.0114847822887174,-0.0047595433348047,-0.0019639337048885,11,-17.0,8.65
0.75,33,15,7.066219551558429,0.1215906755694884,0.0057384660981108,-0.0047508705702599,-0.0019087120240322,11,-17.0,8.65
0.75,34,15,8.080592948029434,0.1186225407481957,0.0160713625506666,-0.0047600511938856,-0.0022651946962892,11,-17.0,8.65
0.75,35,15,8.209229477309684,0.1145633420599989,0.0168705757754446,-0.0047645330472073,-0.0025542443594971,11,-17.0,8.65
0.75,36,15,8.292147310079342,0.1138972708738943,0.0183295522959689,-0.0047407254831365,-0.0023188927986031,11,-17.0,8.65
0.75,37,15,8.841674625479026,0.0846114831239951,0.0164202698493247,-0.0047644240847059,-0.0017998870642173,11,-17.0,8.65
0.75,38,15,8.798140781951178,0.0908699084077398,0.0170202193190684,-0.0047590668779318,-0.0016109718418103,11,-17.0,8.65
0.75,39,15,8.305712263669788,0.1149222208996056,0.0176317739480566,-0.0047536864640105,-0.0023897748707197,11,-17.0,8.65
0.75,40,15,8.473912896743109,0.0952425325840707,0.0170090447953672,-0.0047667310147743,-0.0022570622489469,11,-17.0,8.65
0.75,41,15,7.734097671137313,0.1158689374435402,0.0130896020321529,-0.0047539718560575,-0.0021733173458727,11,-17.0,8.65
0.75,42,15,8.192842014464347,0.1058452571070553,0.0169648607081995,-0.0047595397885201,-0.0017712586022993,11,-17.0,8.65
0.75,43,15,8.488511920954458,0.1030492280443935,0.0185760687219942,-0.0047951584457058,-0.0021221905500011,11,-17.0,8.65
0.75,44,15,8.657206146380302,0.1047796937687316,0.0176927062938522,-0.0047684716677764,-0.0021872901520364,11,-17.0,8.65
0.75,45,15,8.167808263288402,0.1006155203344734,0.0148556637069091,-0.0047836996754553,-0.0023601426617794,11,-17.0,8.65
0.75,46,15,7.933430147793681,0.105689558074522,0.0123753006394184,-0.0047497467565461,-0.0021012925666803,11,-17.0,8.65
0.75,47,15,7.6569195985467635,0.1274405086655835,0.0125704353424783,-0.0047355566627451,-0.0024363981273888,11,-17.0,8.65
0.75,48,15,8.28520616513291,0.1128990495995244,0.0179809991247429,-0.0047332812091969,-0.0020540510580295,11,-17.0,8.65
0.75,49,15,8.338503119728156,0.1071099248703073,0.0134424878121684,-0.0047731230630241,-0.0022402350329012,11,-17.0,8.65
1.0,0,15,7.704106230958879,0.1186543028835532,0.0148185055869217,-0.00472615028343,-0.0026819203203594,11,,10.74
1.0,1,15,7.753540613440916,0.1031823774611151,0.0158153741075042,-0.0047494018217873,-0.0027492602119431,11,,10.74
1.0,2,15,8.122419122388564,0.1039164510938032,0.0179277298469825,-0.0047467599861343,-0.0028173069167581,11,,10.74
1.0,3,15,9.225421014614811,0.0959138564944108,0.0177342793687566,-0.0047775210873328,-0.0032041389461998,11,,10.74
1.0,4,15,9.174502622618816,0.0982522583259597,0.0207538466982461,-0.0047849389205535,-0.0033036469803439,11,,10.74
1.0,5,15,8.766676322331032,0.10376586089572,0.020901045875824,-0.0047704429665657,-0.0031577740878396,11,,10.74
1.0,6,15,8.267934426391568,0.1241664355329284,0.0186178856430916,-0.0047289741894613,-0.0032574059390883,11,,10.74
1.0,7,15,8.36840300493824,0.0977279425969997,0.0166968732131529,-0.0047684491216765,-0.0027528611078491,11,,10.74
1.0,8,15,8.81468167646503,0.1107629090136733,0.0228193899641003,-0.0047745514105465,-0.0035892256266545,11,,10.74
1.0,9,15,6.825958210312681,0.1308424872193531,0.0096555466076447,-0.0046949051020431,-0.0021879828922411,11,,10.74
1.0,10,15,9.2383870249803,0.105428589316687,0.0212835321995096,-0.0047623042568347,-0.0034289565537231,11,,10.74
1.0,11,15,7.219276553822335,0.1410795765847635,0.010283177908,-0.0047100858864961,-0.0028227433561074,11,,10.74
1.0,12,15,8.035334773625566,0.1228245474083412,0.0166577953273624,-0.0047381581825759,-0.003114622550201,11,,10.74
1.0,13,15,7.868072306761389,0.1320765677741428,0.016051714999483,-0.0047005697146614,-0.0035054158623966,11,,10.74
1.0,14,15,7.926157135738122,0.1182917708732947,0.0160857686106434,-0.0047373057393932,-0.0028269237984362,11,,10.74
1.0,15,15,9.105998849522395,0.0803340109573575,0.0205138406442448,-0.0047908966291863,-0.0030572303193262,11,,10.74
1.0,16,15,9.11429679460199,0.1026095415310557,0.0226115842030624,-0.0047756707170909,-0.0034805336036925,11,,10.74
1.0,17,15,8.467660690117961,0.0945871937455152,0.0197456350650277,-0.0047722473435525,-0.0030763190641856,11,,10.74
1.0,18,15,8.119714522501747,0.101032799775505,0.0173898160587388,-0.0047362452623365,-0.002976231649929,11,,10.74
1.0,19,15,7.871037364217106,0.1250191361683501,0.0154867950053892,-0.0047159635893995,-0.0029260119342892,11,,10.74
1.0,20,15,7.284359494957614,0.1273195038488692,0.0117073792972512,-0.0046962865465339,-0.0026582135442176,11,,10.74
1.0,21,15,8.201804054518384,0.0966153097252576,0.0151245229998722,-0.004760023831258,-0.0025005011318029,11,,10.74
1.0,22,15,7.189898481333505,0.1330420813332671,0.0097117437280648,-0.0046865101977126,-0.002598348559301,11,,10.74
1.0,23,15,8.279920223732116,0.1084065121826414,0.0167618035262767,-0.0047319649461324,-0.0028015078050742,11,,10.74
1.0,24,15,8.097371977527345,0.1173354030691291,0.0183452216478736,-0.0047401718722301,-0.0030477826484716,11,,10.74
1.0,25,15,8.96691460540028,0.0863206370716451,0.0189361700892562,-0.0047971843475333,-0.0029793734852602,11,,10.74
1.0,26,15,8.296319619690601,0.1127536267757893,0.0170788973624106,-0.0047415424983375,-0.0032387178276612,11,,10.74
1.0,27,15,9.366402018911357,0.0779349214072662,0.0223518185906979,-0.0047893401862566,-0.0034024838923013,11,,10.74
1.0,28,15,8.32050313974321,0.1168202983382792,0.0154904841082867,-0.0047442377433016,-0.0027345339183993,11,,10.74
1.0,29,15,7.995304147446827,0.1144379222926919,0.0125471919385375,-0.0047319690355253,-0.0024415435954302,11,,10.74
1.0,30,15,9.145771083738005,0.1005101315248851,0.0198837918121014,-0.0047960473820502,-0.0030371195768928,11,,10.74
1.0,31,15,7.899679618557059,0.1125612800530723,0.0144399859281207,-0.0047117621992102,-0.0026639141970585,11,,10.74
1.0,32,15,9.051070166762932,0.0878803989853376,0.0199595484925932,-0.0047801889384723,-0.003107381249361,11,,10.74
1.0,33,15,8.647926978116196,0.1056311682010062,0.0215254046130916,-0.0047483037455183,-0.0035211213700077,11,,10.74
1.0,34,15,8.2429033882925,0.1021896417480009,0.0161826891494771,-0.0047337396692155,-0.0028799990975925,11,,10.74
1.0,35,15,7.83057170021315,0.1165330982030676,0.0153733432845874,-0.0046981973354375,-0.0031494153060252,11,,10.74
1.0,36,15,8.074860698510815,0.1257340697983218,0.0154648995348871,-0.0047451687478539,-0.0032914742253829,11,,10.74
1.0,37,15,8.981587895942626,0.0979131105490135,0.0207011083079824,-0.0047666654102575,-0.0034343123379507,11,,10.74
1.0,38,15,7.916519189859846,0.1293077147103519,0.0164625789466978,-0.0047148048371215,-0.0032676749517933,11,,10.74
1.0,39,15,8.142102745306518,0.110749489525309,0.0186357193945324,-0.0047108846595253,-0.0032729486862693,11,,10.74
1.0,40,15,8.535132709366925,0.1145931277058376,0.0195735366848917,-0.0047600386283044,-0.0029363179388042,11,,10.74
1.0,41,15,8.919416558555426,0.0854884008068056,0.0202841625269082,-0.0047848625322593,-0.0030638959673277,11,,10.74
1.0,42,15,8.907044086273162,0.0978509029037574,0.0212060483583868,-0.004777316869601,-0.0033158138890301,11,,10.74
1.0,43,15,8.790486638541697,0.1042043535996955,0.0142888045441512,-0.0047454785111609,-0.0029594037271756,11,,10.74
1.0,44,15,7.408176833513933,0.1284227835763166,0.0114002603368457,-0.004701550421155,-0.0021834057264422,11,,10.74
1.0,45,15,8.804674443312269,0.1055434859310371,0.022796417093498,-0.0047617240658643,-0.0030894913817999,11,,10.74
1.0,46,15,8.351006240050092,0.0984765683385634,0.0169554936342601,-0.0047403310383122,-0.002450525956731,11,,10.74
1.0,47,15,8.301746853744946,0.1106913460168116,0.0194245752790317,-0.0047510870171646,-0.0031924386503959,11,,10.74
1.0,48,15,8.967380031136747,0.0926838995734303,0.0250185661658364,-0.0047773344852331,-0.0032492156862422,11,,10.74
1.0,49,15,8.826590525188838,0.1030094143885049,0.0164990834031587,-0.004774692935959,-0.0030676753444139,11,,10.74
0.0,0,15,11.82210197900142,0.0883347427581155,0.0056330219343669,-0.0048277208415892,-0.0015099615413462,12,-22.0,7.18
0.0,1,15,11.724388290885146,0.0769581130573054,0.0087080386526063,-0.0048178377885853,-0.0014283503951779,12,-22.0,7.18
0.0,2,15,12.669499486529103,0.0707425276966033,0.0046530592767208,-0.0048479258309275,-0.0014681620013258,12,-22.0,7.18
0.0,3,15,12.50808435807328,0.0728380656307634,0.0063172632255771,-0.0048286268260419,-0.0012276670873845,12,-22.0,7.18
0.0,4,15,12.045762558852925,0.079851942436133,0.0051556225808069,-0.0048353768447817,-0.0014859006729431,12,-22.0,7.18
0.0,5,15,11.990103194135674,0.0595779053694407,0.0082009572199325,-0.0048276004181706,-0.0013339511529925,12,-22.0,7.18
0.0,6,15,12.407972001064076,0.0743104869670537,0.0079238167236835,-0.0048361031671381,-0.001538877591667,12,-22.0,7.18
0.0,7,15,12.179268978463767,0.0583060524336734,0.0066112113077009,-0.00483194296017,-0.0013058310945558,12,-22.0,7.18
0.0,8,15,11.38298881405064,0.0760876305725252,0.0094457949718078,-0.0048276127706864,-0.0018959609932543,12,-22.0,7.18
0.0,9,15,12.461715327432415,0.0811690688361647,0.0075535498462973,-0.0048453488024994,-0.0015878164055205,12,-22.0,7.18
0.0,10,15,12.726972367670756,0.0707255725591048,0.0061830572541265,-0.0048382061060269,-0.0016258544239198,12,-22.0,7.18
0.0,11,15,12.911070334425844,0.0681916697349725,0.0069546140916527,-0.0048561698589605,-0.0015490358796953,12,-22.0,7.18
0.0,12,15,12.575761448466332,0.0681096772626355,0.0085530747868995,-0.0048261383445582,-0.0015251669168939,12,-22.0,7.18
0.0,13,15,11.999353261201035,0.0715761662786849,0.0079655303341534,-0.0048290018128651,-0.0014602218333353,12,-22.0,7.18
0.0,14,15,12.111428659150093,0.0735030143513623,0.008934531491734,-0.0048354121510086,-0.0014662179615741,12,-22.0,7.18
0.0,15,15,12.709240641495626,0.0644397493569781,0.0074846117420289,-0.0048420070374345,-0.0014900808590926,12,-22.0,7.18
0.0,16,15,11.98489327788128,0.0903059393395496,0.008387415233383,-0.0048445703678075,-0.0018400117744761,12,-22.0,7.18
0.0,17,15,12.22144335972187,0.0841570871017451,0.0079970721524242,-0.004818427858238,-0.0014450331412041,12,-22.0,7.18
0.0,18,15,11.814990054729169,0.071890020522879,0.012337912550094,-0.004815732600507,-0.001711916970038,12,-22.0,7.18
0.0,19,15,12.12984575937336,0.063363741011301,0.0078425803023315,-0.0048382887138907,-0.0014726131115572,12,-22.0,7.18
0.0,20,15,11.952224411248574,0.0726808641705901,0.0086930399945946,-0.0048343602298766,-0.0016904594640401,12,-22.0,7.18
0.0,21,15,11.747948108595574,0.073120768604385,0.0078596681524234,-0.0048264845328048,-0.0012600575839524,12,-22.0,7.18
0.0,22,15,12.59654319440138,0.0889161914033438,0.0054189674371079,-0.0048506064608925,-0.0013875883631413,12,-22.0,7.18
0.0,23,15,12.428691449630614,0.0533934374483469,0.0096042807652872,-0.0048465913849861,-0.0012748227236647,12,-22.0,7.18
0.0,24,15,12.687548982171965,0.0817424954282739,0.0071525675228718,-0.0048384394928182,-0.0016415410236083,12,-22.0,7.18
0.0,25,15,12.254899362276728,0.0708077692570793,0.0071748119505922,-0.0048685925719104,-0.0015116633983649,12,-22.0,7.18
0.0,26,15,12.212314403974752,0.066221189762991,0.0075283489621066,-0.0048364209720615,-0.0015622909824449,12,-22.0,7.18
0.0,27,15,11.92189941059465,0.0685274184549711,0.0045829234203563,-0.0048278340735131,-0.001084868468776,12,-22.0,7.18
0.0,28,15,12.643201185393396,0.0694164333687894,0.0074259165978516,-0.0048479323139324,-0.0012009715257959,12,-22.0,7.18
0.0,29,15,11.978253421781435,0.0773101015342149,0.0085500943621048,-0.0048209333051895,-0.0014524717267801,12,-22.0,7.18
0.0,30,15,11.47993336230606,0.0768488469488138,0.0078957572965193,-0.0048319995773722,-0.0016612376283782,12,-22.0,7.18
0.0,31,15,12.498586738939554,0.05771505506238,0.010153347493603,-0.0048540557333242,-0.0015173847501228,12,-22.0,7.18
0.0,32,15,11.302378530049028,0.1021446665097148,0.0050457456308518,-0.0048003177472782,-0.0014731259230093,12,-22.0,7.18
0.0,33,15,12.394224089348365,0.0711183836632093,0.0061754792521044,-0.0048366830788116,-0.0012837125500157,12,-22.0,7.18
0.0,34,15,11.88800608745283,0.0645603469214566,0.0089849989626078,-0.0048407222429532,-0.001422588906836,12,-22.0,7.18
0.0,35,15,12.799528386341445,0.0610549068806828,0.0088737987520473,-0.0048423417312159,-0.0016112165198815,12,-22.0,7.18
0.0,36,15,12.518642235978094,0.0794311865215199,0.0061098511610454,-0.0048506364872787,-0.0014278501923242,12,-22.0,7.18
0.0,37,15,12.034660137346563,0.0707167048352329,0.0095574952309381,-0.0048406921172252,-0.0014845484782646,12,-22.0,7.18
0.0,38,15,11.52039718696387,0.0902139633198845,0.006309060937394,-0.0048104755824754,-0.0015939792232783,12,-22.0,7.18
0.0,39,15,13.03566068383526,0.0643309946345487,0.0065570955859815,-0.0048465811334644,-0.0012237171605066,12,-22.0,7.18
0.0,40,15,12.295676015742409,0.0727392357711906,0.0065099448475577,-0.0048360408076559,-0.0014657370877013,12,-22.0,7.18
0.0,41,15,12.701614226540372,0.0818323830705225,0.0060768186721354,-0.0048472639164097,-0.0015781001959066,12,-22.0,7.18
0.0,42,15,12.9470910865427,0.0684887129186041,0.0074632906669584,-0.0048575404375401,-0.0013953287716064,12,-22.0,7.18
0.0,43,15,12.053774886913676,0.0693624367605572,0.0068447232618708,-0.0048380279022966,-0.0013470195092702,12,-22.0,7.18
0.0,44,15,12.282793400499749,0.0709167894366689,0.0088039968764461,-0.0048210752457311,-0.0012998518084773,12,-22.0,7.18
0.0,45,15,12.58211276173554,0.0731694356450314,0.0097903035039529,-0.0048463054940987,-0.0017207833965341,12,-22.0,7.18
0.0,46,15,12.155660191337,0.0814371104062311,0.0050791247226463,-0.0048270708015173,-0.0017730213915766,12,-22.0,7.18
0.0,47,15,13.322083649597234,0.0712422528313617,0.0073127578081102,-0.0048542733561947,-0.0016456257580142,12,-22.0,7.18
0.0,48,15,11.667985745428073,0.0753617600387249,0.0103432501262915,-0.0048236913018899,-0.0014457245575793,12,-22.0,7.18
0.0,49,15,12.456091887211969,0.0888622572006531,0.006440625624121,-0.0048654198852781,-0.0017022252023358,12,-22.0,7.18
0.25,0,15,9.529196230602022,0.0991139703505617,0.0083209253868601,-0.0047956719876625,-0.0016914578382924,12,-22.0,7.18
0.25,1,15,11.011925264068404,0.0729926927930234,0.0124866133809139,-0.0048372102840449,-0.0012051165095709,12,-22.0,7.18
0.25,2,15,10.803642892623056,0.0702593197746002,0.0100536145846992,-0.0048263001031692,-0.001093266240698,12,-22.0,7.18
0.25,3,15,10.158055272116693,0.0831913416388179,0.0088890838469685,-0.0048131280980846,-0.0013125173437031,12,-22.0,7.18
0.25,4,15,11.17809686689886,0.084282733757879,0.0089003418805967,-0.0048220090167729,-0.0011670629849344,12,-22.0,7.18
0.25,5,15,10.879694143403125,0.0799968686349531,0.0080885774975928,-0.0048270601702793,-0.0012042079628641,12,-22.0,7.18
0.25,6,15,10.69607606491549,0.0719973484501258,0.0103633809308192,-0.004828858631239,-0.0011047311011049,12,-22.0,7.18
0.25,7,15,9.294280799774572,0.0982059632722242,0.0074025594996699,-0.0048002286459149,-0.0013872156035876,12,-22.0,7.18
0.25,8,15,9.713013978267718,0.0866744598353013,0.007689437591366,-0.0048206135171835,-0.0014638680333182,12,-22.0,7.18
0.25,9,15,9.326199457782058,0.1045666112984625,0.0045435173696536,-0.00478987092595,-0.0011967367330964,12,-22.0,7.18
0.25,10,15,9.789196932531324,0.0818252293313847,0.0076528625158704,-0.0048096207845277,-0.0012421471293596,12,-22.0,7.18
0.25,11,15,9.920351532551733,0.0829217845106798,0.0091426477611241,-0.004812735802338,-0.0013814224482066,12,-22.0,7.18
0.25,12,15,9.320526581194937,0.0987766982553209,0.0070736948401339,-0.0047880903207153,-0.0013992593856331,12,-22.0,7.18
0.25,13,15,10.091384013184587,0.0935134465407171,0.0086598420848853,-0.0048080418771448,-0.0014214536225701,12,-22.0,7.18
0.25,14,15,10.703565980376675,0.0714383011176441,0.0103485253834956,-0.0048280810726291,-0.0011346113003075,12,-22.0,7.18
0.25,15,15,9.570780238248894,0.0855242895961534,0.0072334105270768,-0.004792220730611,-0.0013432499238076,12,-22.0,7.18
0.25,16,15,10.557589570576202,0.0727686710171662,0.0085793145785448,-0.0048323139157759,-0.0013792720168494,12,-22.0,7.18
0.25,17,15,10.000864144682492,0.0724944522279926,0.009269758140556,-0.0048140568282957,-0.0017512270792663,12,-22.0,7.18
0.25,18,15,9.897873224050418,0.0984383509127357,0.0080540610317928,-0.0048107590863488,-0.0013642492934468,12,-22.0,7.18
0.25,19,15,10.02557306218569,0.0967478029325615,0.0075954543413504,-0.0048089716271926,-0.0015358162787922,12,-22.0,7.18
0.25,20,15,10.579559405971697,0.0903264110529254,0.0099862575362898,-0.0048295451417485,-0.0016821908433089,12,-22.0,7.18
0.25,21,15,9.688824211459703,0.0969678704978469,0.0075617239635163,-0.0047989684002619,-0.0014131948537083,12,-22.0,7.18
0.25,22,15,10.95754774909386,0.0742796709500854,0.0084698802850716,-0.0048172269297343,-0.000948831182908,12,-22.0,7.18
0.25,23,15,10.121738471884814,0.0782978951856443,0.0087840087923039,-0.0048191912392297,-0.001484012787259,12,-22.0,7.18
0.25,24,15,9.970498660663797,0.088967722703832,0.0079009717882233,-0.0048044071479066,-0.0016106515545535,12,-22.0,7.18
0.25,25,15,10.686506888369644,0.0806053312492352,0.0092495827760287,-0.0048136377547686,-0.0013808405403794,12,-22.0,7.18
0.25,26,15,9.90117449370849,0.0897740767328755,0.0100730598080314,-0.0047995452954805,-0.001612148268211,12,-22.0,7.18
0.25,27,15,9.530211965518909,0.0950509106943849,0.007042061944248,-0.0047994728482475,-0.0013684506152561,12,-22.0,7.18
0.25,28,15,10.98398459578502,0.0658412382402371,0.0105681981320368,-0.0048498642181942,-0.0011721461338663,12,-22.0,7.18
0.25,29,15,10.514739584730236,0.0762108019119951,0.0093362116877871,-0.0048088878795975,-0.0013088453644985,12,-22.0,7.18
0.25,30,15,9.680568024518886,0.0853101641022653,0.006826193561643,-0.0048100938657327,-0.0010789219660658,12,-22.0,7.18
0.25,31,15,10.334850925127226,0.0798128243711233,0.008743953485794,-0.0048233999289208,-0.0012156716136536,12,-22.0,7.18
0.25,32,15,10.328208405365954,0.0794625798652904,0.010960942722643,-0.0048185971831598,-0.0015556557274813,12,-22.0,7.18
0.25,33,15,9.595001265704193,0.1062429710727426,0.0063466389704957,-0.0047891448697683,-0.0017438118821112,12,-22.0,7.18
0.25,34,15,10.425303575744978,0.0793086067389282,0.0111126475145363,-0.0048227265740301,-0.0012759160349481,12,-22.0,7.18
0.25,35,15,9.852238318644975,0.1041174987034733,0.0084223007963123,-0.0048045255398243,-0.0013816392877624,12,-22.0,7.18
0.25,36,15,10.25550958881569,0.0999333699792531,0.0092806974615452,-0.0048222868690044,-0.0013856227362546,12,-22.0,7.18
0.25,37,15,9.506656598212883,0.1035580308145281,0.0061738477391561,-0.0047976909975358,-0.0013641549384814,12,-22.0,7.18
0.25,38,15,9.150094256246136,0.1131928077823921,0.0049302219051344,-0.0047920314690856,-0.0015493369169053,12,-22.0,7.18
0.25,39,15,11.123036445155968,0.056245754808675,0.0087056447867042,-0.0048258414704658,-0.001086123754445,12,-22.0,7.18
0.25,40,15,10.308616317051138,0.0811369356169972,0.0087011016767689,-0.0048328694617923,-0.0013940968419926,12,-22.0,7.18
0.25,41,15,9.86396444324276,0.0856813845178034,0.0073816315302945,-0.0048152922032206,-0.0013767535877086,12,-22.0,7.18
0.25,42,15,9.258200125452854,0.1021809930027413,0.006659431141857,-0.0047812455081014,-0.0012922160347701,12,-22.0,7.18
0.25,43,15,10.185840808890992,0.0979192484254104,0.0091173685688133,-0.004817169383269,-0.0014141787663352,12,-22.0,7.18
0.25,44,15,10.308799310438388,0.0739809295757806,0.0081112784655945,-0.0048270132195085,-0.001313317954623,12,-22.0,7.18
0.25,45,15,8.863894273657857,0.0974695242650871,0.0046291224850899,-0.0047920419630215,-0.0015241007971374,12,-22.0,7.18
0.25,46,15,9.602698184774416,0.0967328528231576,0.0080356543360564,-0.0048030074469528,-0.0016193964958354,12,-22.0,7.18
0.25,47,15,10.457272437377704,0.0739207229652538,0.0087792939121891,-0.004822764692438,-0.0014458512584787,12,-22.0,7.18
0.25,48,15,10.024702560177555,0.0821355859251594,0.0077185012617532,-0.0048223936403746,-0.0014850448910344,12,-22.0,7.18
0.25,49,15,10.98453157627437,0.0608638183538345,0.0103439412929412,-0.0048352147537579,-0.0012108842958695,12,-22.0,7.18
0.5,0,15,8.93213818126406,0.09819015975054,0.0112671300538509,-0.0047821978455554,-0.0020530011741505,12,-22.0,7.18
0.5,1,15,8.140902051075685,0.1203512067529325,0.0058227602726484,-0.0047636722935897,-0.0019481241668097,12,-22.0,7.18
0.5,2,15,8.74992365412763,0.1060636516617438,0.0103322761731583,-0.0047772294182828,-0.0016722502982751,12,-22.0,7.18
0.5,3,15,9.03407663289099,0.0920465361854811,0.0117446212070597,-0.0047840987009214,-0.001609429066276,12,-22.0,7.18
0.5,4,15,8.759722407779542,0.0944271261971288,0.0101178533498626,-0.0047860146513185,-0.0019774480825282,12,-22.0,7.18
0.5,5,15,9.802775605250927,0.0769340362393172,0.0140978728049428,-0.0047933744780988,-0.0015346681259556,12,-22.0,7.18
0.5,6,15,8.708515540560397,0.1107247627736838,0.0094703031476346,-0.0047660251831652,-0.0020754893406896,12,-22.0,7.18
0.5,7,15,8.366139219890009,0.1091081635052491,0.0085799874398756,-0.004753785512322,-0.0019503793302948,12,-22.0,7.18
0.5,8,15,7.794891145897159,0.1287724359786241,0.0041031494028272,-0.0047288882489245,-0.0016931250558416,12,-22.0,7.18
0.5,9,15,9.197417204584008,0.0871404793078695,0.0115247399286162,-0.0047803814857267,-0.0019216714177799,12,-22.0,7.18
0.5,10,15,8.358775303850766,0.1213092917453067,0.0084061214605482,-0.0047472280873177,-0.0019728713187179,12,-22.0,7.18
0.5,11,15,9.500210514326868,0.0913425588753047,0.0160558395411544,-0.0047866066688872,-0.0017634948921865,12,-22.0,7.18
0.5,12,15,8.509783782359785,0.1048848328650546,0.0090009369924305,-0.0047777874335903,-0.0019744416090455,12,-22.0,7.18
0.5,13,15,8.979363315887294,0.0887248081671557,0.013621191512726,-0.0047538550255259,-0.0019358175236568,12,-22.0,7.18
0.5,14,15,8.451257462423564,0.098226264313196,0.0094815403877581,-0.0047516459237032,-0.0015648125424178,12,-22.0,7.18
0.5,15,15,8.434977161010643,0.1158594381087344,0.0117750236901079,-0.0047590630663475,-0.0018995590465094,12,-22.0,7.18
0.5,16,15,9.694451726313671,0.083236313893339,0.0124091332283382,-0.0048033140359101,-0.0019055648398455,12,-22.0,7.18
0.5,17,15,8.498727584193203,0.101109698808073,0.0095813701668463,-0.0047587851409771,-0.001596487653416,12,-22.0,7.18
0.5,18,15,9.325937080090284,0.1029735976215413,0.0125600060397182,-0.0047835488212347,-0.0020609495515491,12,-22.0,7.18
0.5,19,15,8.008359388239022,0.1112711414088994,0.0077798150463955,-0.0047566396212792,-0.0016804872300954,12,-22.0,7.18
0.5,20,15,8.155524043569459,0.1079531025069206,0.00801283903747,-0.0047644192484228,-0.0016780903910813,12,-22.0,7.18
0.5,21,15,9.821703454760003,0.0976588668702704,0.013331334950704,-0.0047992942075266,-0.0018234445269925,12,-22.0,7.18
0.5,22,15,9.404050532729114,0.0940237524799542,0.0135683466412488,-0.0047976852315321,-0.0017971850640309,12,-22.0,7.18
0.5,23,15,9.046998235199249,0.0978218129154707,0.0134310960653607,-0.0047823294701914,-0.0018623705033088,12,-22.0,7.18
0.5,24,15,8.78418427370845,0.1003863547705678,0.0109734258542566,-0.0047850978527075,-0.0021970033773307,12,-22.0,7.18
0.5,25,15,9.039580323867256,0.1016869507025657,0.011940764094739,-0.0047950433295865,-0.0021316920527197,12,-22.0,7.18
0.5,26,15,9.68845441427399,0.0916756342075567,0.0134413598552712,-0.0047858083430082,-0.00191885622187,12,-22.0,7.18
0.5,27,15,9.419353249844646,0.0805014736189497,0.010918128626542,-0.0047981273819876,-0.0018308578259086,12,-22.0,7.18
0.5,28,15,8.462419437371114,0.1092384560436436,0.0094133008232747,-0.0047725231615971,-0.0018312791720977,12,-22.0,7.18
0.5,29,15,8.802193505830815,0.1128796663747176,0.0117348361226889,-0.0047684439166221,-0.002073532613058,12,-22.0,7.18
0.5,30,15,9.4519873844271,0.0911024529924459,0.0108860430136417,-0.0047978174267109,-0.001782853813934,12,-22.0,7.18
0.5,31,15,9.018193798603656,0.0886966032967695,0.0113517675884728,-0.0047887859793992,-0.0019186142025778,12,-22.0,7.18
0.5,32,15,9.245674379265902,0.0838528970375083,0.0126300175874783,-0.0048020408762841,-0.0017459168173069,12,-22.0,7.18
0.5,33,15,9.25210394013631,0.1056718534161252,0.0141924598777942,-0.0047736405105753,-0.001894636204529,12,-22.0,7.18
0.5,34,15,9.383656511395715,0.0981558024256938,0.013494418698292,-0.004799746613568,-0.0020596786155585,12,-22.0,7.18
0.5,35,15,9.857289965046016,0.0732171319622719,0.0124438910173246,-0.0048078038576076,-0.0018128750053112,12,-22.0,7.18
0.5,36,15,9.308536004892996,0.0906994067530535,0.0109857783970457,-0.0047993366910133,-0.0017570763062718,12,-22.0,7.18
0.5,37,15,8.41316776541662,0.0910055706106387,0.0097062515595751,-0.004771992870933,-0.0018812931302878,12,-22.0,7.18
0.5,38,15,9.087110640236215,0.0915883925300688,0.0115116700930755,-0.0047754461813603,-0.0020354213045936,12,-22.0,7.18
0.5,39,15,9.078104142103912,0.0971084923890848,0.011993010989232,-0.0047842135175261,-0.0016807284493792,12,-22.0,7.18
0.5,40,15,7.659708459566941,0.1183205685404078,0.0038422843560195,-0.0047363500184917,-0.0015848723844437,12,-22.0,7.18
0.5,41,15,8.428447291873399,0.1009543547874178,0.0072289381151458,-0.0047573249804296,-0.0018684594379083,12,-22.0,7.18
0.5,42,15,9.026947379020337,0.0996023587881241,0.0131105936042984,-0.0047812992636123,-0.0015987695931116,12,-22.0,7.18
0.5,43,15,7.795164308731858,0.1230509103603862,0.0071628384009706,-0.0047415734718509,-0.0018023313215083,12,-22.0,7.18
0.5,44,15,8.673242362931212,0.1044066782975945,0.0108280678668081,-0.0047771662393091,-0.0019732580741107,12,-22.0,7.18
0.5,45,15,9.191366676657026,0.0950322270379338,0.011585959415854,-0.0048034674556245,-0.0017602634824953,12,-22.0,7.18
0.5,46,15,9.482272544869554,0.0835568388930826,0.0136634521949059,-0.0048015771623764,-0.0018692813181395,12,-22.0,7.18
0.5,47,15,9.700654794617272,0.0842117690185788,0.0132616981950553,-0.004813312669359,-0.0018315621537266,12,-22.0,7.18
0.5,48,15,8.99490455987533,0.0905855072520016,0.0119712427033592,-0.0047673733685813,-0.001357319684793,12,-22.0,7.18
0.5,49,15,8.385751259628954,0.1157070547678067,0.0073536072735135,-0.0047691635333425,-0.0020545139836668,12,-22.0,7.18
0.75,0,15,9.40921841848848,0.0992824772861345,0.0162392788668277,-0.0047745108248037,-0.0025833677319006,12,-22.0,7.18
0.75,1,15,9.152883081476016,0.0886135704868459,0.0151963713514625,-0.0047807672759784,-0.0020043586803024,12,-22.0,7.18
0.75,2,15,8.831928624173836,0.1052348429341112,0.0173713529400881,-0.0047650801822577,-0.0023110727996697,12,-22.0,7.18
0.75,3,15,8.774313249169243,0.109220769045646,0.0145940919292428,-0.0047771819168854,-0.0021083161026741,12,-22.0,7.18
0.75,4,15,9.287439198352724,0.0997774692781125,0.0188221004359216,-0.0048129532423355,-0.0021696737962417,12,-22.0,7.18
0.75,5,15,8.463606332401048,0.1004435965007011,0.0182893707982561,-0.0047802585542564,-0.0021750142604898,12,-22.0,7.18
0.75,6,15,9.418737792224048,0.0925535778506714,0.021907781808491,-0.0047963218932552,-0.0022070530220552,12,-22.0,7.18
0.75,7,15,9.149776299688687,0.0921432422506154,0.018842442149838,-0.004793667448193,-0.0020971366545019,12,-22.0,7.18
0.75,8,15,8.84256201067094,0.1026276314408142,0.0157781907351634,-0.0047771732454591,-0.0019959380910012,12,-22.0,7.18
0.75,9,15,8.533968462706884,0.1016867112793394,0.0141468971288741,-0.0047622847088232,-0.0024231509391894,12,-22.0,7.18
0.75,10,15,9.402393489783272,0.0837353415942635,0.0184998067410184,-0.0047888705057319,-0.001806355557513,12,-22.0,7.18
0.75,11,15,8.172565590450045,0.1203185763408172,0.0181455082826215,-0.0047529769296782,-0.0020170290888533,12,-22.0,7.18
0.75,12,15,9.23117314648959,0.0845543341392654,0.0187114455885948,-0.0047957123163758,-0.0018492550291976,12,-22.0,7.18
0.75,13,15,9.237265809382423,0.0923985445043812,0.0189670337928655,-0.0047840166034713,-0.0022432834729328,12,-22.0,7.18
0.75,14,15,8.04930072047907,0.1175203148632196,0.0152909712610653,-0.004735729828287,-0.0020723867575579,12,-22.0,7.18
0.75,15,15,8.894626949336297,0.1067584078190846,0.0198077353380235,-0.0047783183325576,-0.0022817210532993,12,-22.0,7.18
0.75,16,15,7.949468583906016,0.121585618699826,0.0142609157245843,-0.0047287148829946,-0.0021885436027652,12,-22.0,7.18
0.75,17,15,9.42953197411456,0.0941958901461852,0.0164953261860964,-0.0047937352630243,-0.0021103093322921,12,-22.0,7.18
0.75,18,15,7.988042374637035,0.1122109440664069,0.0138206823059375,-0.0047549140882082,-0.0020521360287443,12,-22.0,7.18
0.75,19,15,8.741727876101413,0.1085688752526934,0.0171579174325961,-0.0047734278695598,-0.0022893646726802,12,-22.0,7.18
0.75,20,15,8.945753740298617,0.1065213756233754,0.016266133331841,-0.0047782914431759,-0.0023296228121787,12,-22.0,7.18
0.75,21,15,9.042241225473754,0.1058755384357468,0.0191930478349536,-0.0047780408370588,-0.0024695275503387,12,-22.0,7.18
0.75,22,15,9.237702060232651,0.090279613784466,0.0174398333710964,-0.0047841583353981,-0.0022099991203525,12,-22.0,7.18
0.75,23,15,8.442700681380547,0.1013023450125722,0.0157356017641393,-0.0047603208456954,-0.0020619591424225,12,-22.0,7.18
0.75,24,15,9.007331439039223,0.0945791754890263,0.0208448850663135,-0.0047937907069951,-0.0019956217315205,12,-22.0,7.18
0.75,25,15,8.19446867793924,0.1186071918935722,0.0184896001233761,-0.0047438655521091,-0.0025257241024977,12,-22.0,7.18
0.75,26,15,9.35413990203427,0.0953068596630411,0.0184843714216959,-0.0047883970197655,-0.0021011507091261,12,-22.0,7.18
0.75,27,15,8.572031752256548,0.1084564708244399,0.0161432977740663,-0.0047680623835565,-0.0020724197712135,12,-22.0,7.18
0.75,28,15,8.128146573698807,0.1179025423857825,0.0130324746364458,-0.0047678596952751,-0.0022859338909534,12,-22.0,7.18
0.75,29,15,8.344718455646657,0.1106257374270491,0.0161213054833029,-0.0047595604785588,-0.0019434000073118,12,-22.0,7.18
0.75,30,15,9.033717605614218,0.0978450269701198,0.0184295369739562,-0.0047777358023885,-0.0019252108998929,12,-22.0,7.18
0.75,31,15,8.602727391472259,0.1049314143308859,0.0174681691321285,-0.0047591861101778,-0.0024302865623861,12,-22.0,7.18
0.75,32,15,8.777330944692038,0.0988431737201406,0.0148818415866209,-0.0047726926534913,-0.0021105883628885,12,-22.0,7.18
0.75,33,15,8.206151826890943,0.1142154208167357,0.0184104666999294,-0.0047450044389315,-0.0020043982520187,12,-22.0,7.18
0.75,34,15,8.388060695818321,0.1049803339772529,0.0146178694710554,-0.0047505396082306,-0.0024113872077291,12,-22.0,7.18
0.75,35,15,7.949372279647807,0.113224088951277,0.0113669771323455,-0.004733523880409,-0.0020547384863497,12,-22.0,7.18
0.75,36,15,9.111968108060257,0.0773615965698393,0.0184862014232244,-0.0047716821988904,-0.002021101496322,12,-22.0,7.18
0.75,37,15,7.552071489458965,0.130230025363977,0.0097003587002453,-0.0047320902277122,-0.0020317409816833,12,-22.0,7.18
0.75,38,15,9.633138825997412,0.099264329129606,0.0181411107905735,-0.0048042464088159,-0.0022629912812252,12,-22.0,7.18
0.75,39,15,9.272780183327743,0.0980070791680863,0.0167775136916982,-0.0047854987981234,-0.0025782044317998,12,-22.0,7.18
0.75,40,15,8.991825673637024,0.1007950135824565,0.0192756788653364,-0.0047819117875455,-0.0022247043359387,12,-22.0,7.18
0.75,41,15,8.763551161649035,0.0933208198946988,0.0183289716246841,-0.0047750178048975,-0.0023261837804296,12,-22.0,7.18
0.75,42,15,7.6018694244001,0.1328218996311108,0.0092116883901469,-0.0047279650186269,-0.0020948233264304,12,-22.0,7.18
0.75,43,15,8.188718600295276,0.1075439727045424,0.0143249728647383,-0.0047591512808822,-0.0020246570489941,12,-22.0,7.18
0.75,44,15,8.671287991185226,0.0953777096886786,0.0154744972387397,-0.0047766139037524,-0.0022134991517811,12,-22.0,7.18
0.75,45,15,9.222576845381363,0.0920886854092757,0.0214894397711264,-0.0048015886008731,-0.0017191770959214,12,-22.0,7.18
0.75,46,15,7.596985644483877,0.1296421915606846,0.0108257719873284,-0.0047223306956855,-0.0019692707264054,12,-22.0,7.18
0.75,47,15,9.553767222311071,0.0902553149848406,0.0220163794820294,-0.004820898015458,-0.0021980208086832,12,-22.0,7.18
0.75,48,15,8.747396330750695,0.1085939577168585,0.0184705128550173,-0.0047822054136186,-0.0022597762254294,12,-22.0,7.18
0.75,49,15,9.178219406361196,0.1083091510682599,0.0202531933043965,-0.0047814734191167,-0.0022543494434754,12,-22.0,7.18
1.0,0,15,8.856896807942356,0.1001181120015792,0.0236053140325824,-0.0047571191254364,-0.0032005529170185,12,,10.74
1.0,1,15,8.796775737312476,0.0858170635303862,0.0204553622927348,-0.0047595179172654,-0.0030400242099696,12,,10.74
1.0,2,15,7.201968079730456,0.1345768402340875,0.0106792683564609,-0.004722373109868,-0.0027552375725565,12,,10.74
1.0,3,15,9.011246486263902,0.0885094280389932,0.0200518185395551,-0.0047984164105674,-0.0028153598821532,12,,10.74
1.0,4,15,9.391573942716915,0.0781702940218456,0.0232577352048842,-0.0047901135192391,-0.0028610511447114,12,,10.74
1.0,5,15,9.353076598103987,0.1019139165285498,0.021638357515361,-0.0047824357981743,-0.0033901015782971,12,,10.74
1.0,6,15,7.732845796690709,0.1331413949775334,0.0159097205949702,-0.0047043962982933,-0.0033618078230973,12,,10.74
1.0,7,15,7.770391660150333,0.1052470264033107,0.0127486894415456,-0.0047498441395204,-0.0020537606246882,12,,10.74
1.0,8,15,8.623872636118067,0.1062047917939977,0.0163756416470853,-0.004751202987882,-0.0033380556933888,12,,10.74
1.0,9,15,8.305900355850865,0.1097306207877582,0.0160138441428482,-0.004743391400648,-0.002971088834677,12,,10.74
1.0,10,15,8.46589372370151,0.095658926494652,0.0184387262543198,-0.0047715876056627,-0.0028113431384751,12,,10.74
1.0,11,15,7.145272700689864,0.1425824349952827,0.0123350486455756,-0.0047084383165502,-0.0025909911319633,12,,10.74
1.0,12,15,8.83459862804494,0.1120107286119964,0.0182383051832978,-0.0047699934656024,-0.0032057919294135,12,,10.74
1.0,13,15,7.729949137118422,0.1304953847101582,0.0152643348483834,-0.0047363482751941,-0.0031258863308712,12,,10.74
1.0,14,15,7.874942324102094,0.1193760385620761,0.0145994414856846,-0.0047368310654744,-0.0030743478226275,12,,10.74
1.0,15,15,8.168563707974707,0.0994376875153263,0.0158295445301606,-0.0047534177414652,-0.0027722486884632,12,,10.74
1.0,16,15,9.46905088211994,0.0795480705661558,0.0212113103197019,-0.0047975585275843,-0.0028973877839228,12,,10.74
1.0,17,15,9.130614312917723,0.0879785484883435,0.0202950966272682,-0.0047845278846375,-0.0028608908395205,12,,10.74
1.0,18,15,9.261767532501745,0.0968781210639236,0.0237066037350778,-0.004790509456704,-0.0033112771908497,12,,10.74
1.0,19,15,8.68035727091653,0.118521310817793,0.0189086177682773,-0.0047640034560205,-0.0031781785336204,12,,10.74
1.0,20,15,8.074434824792394,0.0975763660789946,0.0174784027104013,-0.0047345483800073,-0.0027947066483699,12,,10.74
1.0,21,15,8.658410257542421,0.0960029518427083,0.0181619947736408,-0.0047718588794552,-0.0027371375818138,12,,10.74
1.0,22,15,8.98294166094427,0.0890453369829125,0.0204657025646852,-0.0047879938980831,-0.0027870790543016,12,,10.74
1.0,23,15,7.810448729805525,0.1268533103715566,0.0135533562341373,-0.0047364825351696,-0.003084664389763,12,,10.74
1.0,24,15,9.139683764819932,0.0940155796078178,0.023173392815074,-0.0047846476126105,-0.0030747039059215,12,,10.74
1.0,25,15,7.891123294580352,0.1025170247205011,0.0170874135542861,-0.0047296547435143,-0.0026520995266451,12,,10.74
1.0,26,15,8.713766705491484,0.0905483135448136,0.016599834111552,-0.0047702802001465,-0.0027101168094963,12,,10.74
1.0,27,15,7.735723510334736,0.1054508650839597,0.0157901299663989,-0.004725405931133,-0.0029546565413568,12,,10.74
1.0,28,15,8.807892246915488,0.1064974489361656,0.0181593304465206,-0.0047630159128737,-0.003438564980464,12,,10.74
1.0,29,15,8.669718688245982,0.1079216459914459,0.0202447700805754,-0.0047526760988969,-0.0032014152571176,12,,10.74
1.0,30,15,9.031267091782832,0.1074415093498735,0.0202385794151407,-0.0047568894329764,-0.0034028135349429,12,,10.74
1.0,31,15,7.850782019313685,0.1265471118274858,0.0168524182806573,-0.0047251993497494,-0.0031175529512839,12,,10.74
1.0,32,15,8.450447122313353,0.1020398217498706,0.0195397762023791,-0.0047463731695296,-0.0033765954915656,12,,10.74
1.0,33,15,8.68222244702338,0.0971639926346852,0.0228614687906992,-0.0047694141274092,-0.0034332911877274,12,,10.74
1.0,34,15,8.688368613809669,0.1025597562286129,0.019396834521409,-0.004772059367329,-0.0032446023209269,12,,10.74
1.0,35,15,8.610084547299495,0.0942629657037389,0.0188649916020666,-0.0047664346650544,-0.0028878862460304,12,,10.74
1.0,36,15,6.765567565519181,0.1460288954663948,0.0108670030153982,-0.0046666698144812,-0.0028745729138622,12,,10.74
1.0,37,15,8.131277314619606,0.109158558202078,0.0180318223448162,-0.004711761048771,-0.002618736804391,12,,10.74
1.0,38,15,9.15290968360826,0.1031533975622361,0.0198829116673927,-0.0047657420032069,-0.002899152288055,12,,10.74
1.0,39,15,8.68658946965749,0.1039865995900618,0.0171435665986757,-0.0047652549905787,-0.0026099215906603,12,,10.74
1.0,40,15,8.291968360007969,0.1020459798173272,0.0143434313950127,-0.0047385393729003,-0.0029477600712897,12,,10.74
1.0,41,15,9.39767036907665,0.0809210980459812,0.0218824218868677,-0.0047884151036913,-0.0030186019494927,12,,10.74
1.0,42,15,8.81278301377854,0.0909638070672954,0.0155103175306516,-0.0047449111539133,-0.0028841749907584,12,,10.74
1.0,43,15,8.92838146097515,0.0966581738983772,0.0174007116157219,-0.0047696618016076,-0.0027076559583368,12,,10.74
1.0,44,15,8.816658989331373,0.1067413137606252,0.0191958287450793,-0.004743667493371,-0.0038185312430967,12,,10.74
1.0,45,15,9.135735117748776,0.1012224022930812,0.0211463571619587,-0.0047676500825794,-0.0033292426959781,12,,10.74
1.0,46,15,8.908171307995476,0.1134490890982792,0.0184258082193474,-0.0047398145046314,-0.003409131829954,12,,10.74
1.0,47,15,9.561989493003624,0.0878270056745136,0.0250128522910864,-0.0047824177999963,-0.0034297488356263,12,,10.74
1.0,48,15,7.782267756726653,0.1056717317425746,0.0173099694271016,-0.0047409195975957,-0.0025266031840148,12,,10.74
1.0,49,15,8.180109783200706,0.1063809597669055,0.0198466130456333,-0.0047488662611808,-0.00311944455256,12,,10.74
