simulationID,dynamic,simulation,vrest,slope,pqif,seed,std,mean,mean_filtered,std_filtered,num_zero_weights,num_non_zero_weights,frac_zero_weights
oscillations_1_0_0,oscillations,1,-8.5,14.44,0.0,0,0.25544560126347104,-6.776675016020232e-05,-0.00022704330399598647,0.46756760328769287,28061,11939,0.70
oscillations_1_0_1,oscillations,1,-8.5,14.44,0.0,1,0.23300820685982063,4.2371291300320506e-05,0.00014198304867326972,0.42653394508639814,28063,11937,0.70
oscillations_1_0_2,oscillations,1,-8.5,14.44,0.0,2,0.23386513286301652,-2.8755443750416e-05,-9.63412136708793e-05,0.4280667438605285,28061,11939,0.70
oscillations_1_0_3,oscillations,1,-8.5,14.44,0.0,3,0.23901433474045192,-7.62413862258333e-05,-0.00025517993883636116,0.4372721006771604,28049,11951,0.70
oscillations_1_0_4,oscillations,1,-8.5,14.44,0.0,4,0.2340063060936584,-6.571031965961896e-05,-0.00021987726170192114,0.42805629763805464,28046,11954,0.70
oscillations_1_0_5,oscillations,1,-8.5,14.44,0.0,5,0.22828487412812726,-0.0002031163914357169,-0.000680229040307156,0.4177647872136717,28056,11944,0.70
oscillations_1_0_6,oscillations,1,-8.5,14.44,0.0,6,0.2376644833856543,1.7968737245651777e-05,6.020181672050214e-05,0.4350210799397448,28061,11939,0.70
oscillations_1_0_7,oscillations,1,-8.5,14.44,0.0,7,0.23877754414788335,-0.00011588338429260383,-0.00038815402543160017,0.43700340733141113,28058,11942,0.70
oscillations_1_0_8,oscillations,1,-8.5,14.44,0.0,8,0.234069200350984,-6.962338943862528e-05,-0.00023310752302209848,0.4282967611122459,28053,11947,0.70
oscillations_1_0_9,oscillations,1,-8.5,14.44,0.0,9,0.22840187189878977,2.040122974183207e-05,6.83515528665119e-05,0.4180667943905531,28061,11939,0.70
oscillations_1_0_10,oscillations,1,-8.5,14.44,0.0,10,0.23385717603274417,5.383895327422965e-05,0.00018048593119084864,0.4281777022431072,28068,11932,0.70
oscillations_1_0_11,oscillations,1,-8.5,14.44,0.0,11,0.23948682886863185,8.43184591524764e-05,0.000282261140354762,0.4381731737847028,28051,11949,0.70
oscillations_1_0_12,oscillations,1,-8.5,14.44,0.0,12,0.2339119090866428,-1.7556229781276135e-06,-5.882962145019174e-06,0.42818823680706214,28063,11937,0.70
oscillations_1_0_13,oscillations,1,-8.5,14.44,0.0,13,0.2380312320529571,-7.790979411598216e-05,-0.0002612012207391912,0.435838370939974,28069,11931,0.70
oscillations_1_0_14,oscillations,1,-8.5,14.44,0.0,14,0.23552279365223316,1.2981049336968253e-06,4.3520406795631845e-06,0.4312454409930572,28069,11931,0.70
oscillations_1_0_15,oscillations,1,-8.5,14.44,0.0,15,0.23139883058124408,5.303179676498082e-06,1.7752714625485634e-05,0.42337516086034904,28051,11949,0.70
oscillations_1_0_16,oscillations,1,-8.5,14.44,0.0,16,0.22987050080110713,-7.070738107848962e-06,-2.3671704411948724e-05,0.4205964765905965,28052,11948,0.70
oscillations_1_0_17,oscillations,1,-8.5,14.44,0.0,17,0.2249813299765166,9.615608709199149e-05,0.000322265897250076,0.41187475205723945,28065,11935,0.70
oscillations_1_0_18,oscillations,1,-8.5,14.44,0.0,18,0.22803368630152077,0.0002804411337612004,0.0009402099866271075,0.4175320406688753,28069,11931,0.70
oscillations_1_0_19,oscillations,1,-8.5,14.44,0.0,19,0.22827260752153988,3.4086853318779385e-05,0.00011418425029320622,0.41779518915386016,28059,11941,0.70
oscillations_1_0_20,oscillations,1,-8.5,14.44,0.0,20,0.23922440203171216,-0.0001644146779989335,-0.0005504341412753041,0.43771116596991855,28052,11948,0.70
oscillations_1_0_21,oscillations,1,-8.5,14.44,0.0,21,0.22311671660526686,3.295760084477007e-05,0.00011038298867879157,0.4083244432620767,28057,11943,0.70
oscillations_1_0_22,oscillations,1,-8.5,14.44,0.0,22,0.24942660934379052,-2.8882920850987272e-05,-9.678452157489238e-05,0.45658871670279044,28063,11937,0.70
oscillations_1_0_23,oscillations,1,-8.5,14.44,0.0,23,0.2513789428180518,-7.916945188280666e-05,-0.0002653131765509599,0.4601817967321702,28064,11936,0.70
oscillations_1_0_24,oscillations,1,-8.5,14.44,0.0,24,0.2277908134096344,0.00030718943937387537,0.0010288518441727377,0.4168775973981293,28057,11943,0.70
oscillations_1_0_25,oscillations,1,-8.5,14.44,0.0,25,0.2228189849413707,-7.093234618250804e-05,-0.00023782848678125087,0.40800164444209464,28070,11930,0.70
oscillations_1_0_26,oscillations,1,-8.5,14.44,0.0,26,0.2334053538504833,-0.00014599305231873718,-0.0004893758562599077,0.42733236779707146,28067,11933,0.70
oscillations_1_0_27,oscillations,1,-8.5,14.44,0.0,27,0.23430664745851112,6.54410078978084e-05,0.00021925122002783653,0.4288748604890083,28061,11939,0.70
oscillations_1_0_28,oscillations,1,-8.5,14.44,0.0,28,0.24099047848464053,0.0001918371924948819,0.000642778329686319,0.4411271305348751,28062,11938,0.70
oscillations_1_0_29,oscillations,1,-8.5,14.44,0.0,29,0.23748364954774723,-2.3840432074850987e-05,-7.98406968347305e-05,0.43459908489655463,28056,11944,0.70
oscillations_1_0_30,oscillations,1,-8.5,14.44,0.0,30,0.2365541187892087,-5.375437110905672e-05,-0.0001800213366009954,0.43289800679737694,28056,11944,0.70
oscillations_1_0_31,oscillations,1,-8.5,14.44,0.0,31,0.25237418548231666,-0.00017256089442296152,-0.0005778030953388974,0.4618101057922405,28054,11946,0.70
oscillations_1_0_32,oscillations,1,-8.5,14.44,0.0,32,0.22999564348667598,-7.98258351912669e-05,-0.00026719944833897014,0.420790175464782,28050,11950,0.70
oscillations_1_0_33,oscillations,1,-8.5,14.44,0.0,33,0.22960391774922687,0.00011571711859932401,0.0003877594658601802,0.4203021032231694,28063,11937,0.70
oscillations_1_0_34,oscillations,1,-8.5,14.44,0.0,34,0.24341981136658522,0.00014591756114757637,0.0004886314312183383,0.4454435316818432,28055,11945,0.70
oscillations_1_0_35,oscillations,1,-8.5,14.44,0.0,35,0.2226461773847795,-3.792801242652488e-06,-1.2716852448121782e-05,0.40768526669642224,28070,11930,0.70
oscillations_1_0_36,oscillations,1,-8.5,14.44,0.0,36,0.22451874400015576,-0.00019994192750421842,-0.0006705522847462671,0.4111654222891026,28073,11927,0.70
oscillations_1_0_37,oscillations,1,-8.5,14.44,0.0,37,0.23828669844361866,-6.709509925504298e-06,-2.2484952833460038e-05,0.43621479381709183,28064,11936,0.70
oscillations_1_0_38,oscillations,1,-8.5,14.44,0.0,38,0.24065380150228705,0.000267976529818933,0.0008975183113754771,0.4404183174153067,28057,11943,0.70
oscillations_1_0_39,oscillations,1,-8.5,14.44,0.0,39,0.23733581507304302,-1.4524151748486735e-05,-4.8640829700223126e-05,0.43432854854431235,28056,11944,0.70
oscillations_1_0_40,oscillations,1,-8.5,14.44,0.0,40,0.23306927590473145,4.3651712998446646e-05,0.00014629815835256592,0.4266814801622007,28065,11935,0.70
oscillations_1_0_41,oscillations,1,-8.5,14.44,0.0,41,0.22941821954290917,-2.334260513701767e-05,-7.81604056153275e-05,0.4198040655704037,28054,11946,0.70
oscillations_1_0_42,oscillations,1,-8.5,14.44,0.0,42,0.246437485222908,0.00011036948649611194,0.0003699949262357096,0.45121137458329974,28068,11932,0.70
oscillations_1_0_43,oscillations,1,-8.5,14.44,0.0,43,0.23568488996235767,0.00013202853241066998,0.0004416408510141155,0.43105461744536355,28042,11958,0.70
oscillations_1_0_44,oscillations,1,-8.5,14.44,0.0,44,0.23185994806815519,-0.00016166472837228282,-0.0005418626726069476,0.4244851140438424,28066,11934,0.70
oscillations_1_0_45,oscillations,1,-8.5,14.44,0.0,45,0.23091720260424933,-0.00027025560004245095,-0.0009046969622309843,0.4224932789404147,28051,11949,0.70
oscillations_1_0_46,oscillations,1,-8.5,14.44,0.0,46,0.22670689148299436,9.253381044394895e-05,0.00030981438166551825,0.4148252665981944,28053,11947,0.70
oscillations_1_0_47,oscillations,1,-8.5,14.44,0.0,47,0.23244331120861492,-0.00020595081570379793,-0.000690125879882041,0.4254994973731566,28063,11937,0.70
oscillations_1_0_48,oscillations,1,-8.5,14.44,0.0,48,0.24691636985905693,0.00014833537305555347,0.0004971857652272621,0.45205021276788226,28066,11934,0.70
oscillations_1_0_49,oscillations,1,-8.5,14.44,0.0,49,0.23645389238377054,0.00022845392968893962,0.0007652757045103073,0.43276849556567826,28059,11941,0.70
oscillations_1_0.25_0,oscillations,1,-8.5,14.44,0.25,0,0.25221987577723826,0.00032741719238559426,0.0010970587783065639,0.4616816949070985,28062,11938,0.70
oscillations_1_0.25_1,oscillations,1,-8.5,14.44,0.25,1,0.2409518141095148,0.00017158702078583972,0.000575168091128266,0.4411488147893558,28067,11933,0.70
oscillations_1_0.25_2,oscillations,1,-8.5,14.44,0.25,2,0.24147915335582226,0.0003612592846573334,0.001210350229189492,0.442002292429537,28061,11939,0.70
oscillations_1_0.25_3,oscillations,1,-8.5,14.44,0.25,3,0.2510012320201823,0.00048740247849339064,0.0016318824089508349,0.4592767856388095,28053,11947,0.70
oscillations_1_0.25_4,oscillations,1,-8.5,14.44,0.25,4,0.24798588125626445,0.00032016797397331866,0.0010727692208856378,0.4539314916454768,28062,11938,0.70
oscillations_1_0.25_5,oscillations,1,-8.5,14.44,0.25,5,0.23988420168469674,-0.00015241574837405222,-0.0005106910650831036,0.43910223680967964,28062,11938,0.70
oscillations_1_0.25_6,oscillations,1,-8.5,14.44,0.25,6,0.24157230881978237,0.000246135713339132,0.0008248515862571456,0.4422289916455767,28064,11936,0.70
oscillations_1_0.25_7,oscillations,1,-8.5,14.44,0.25,7,0.23934380632881955,0.0003281037290321142,0.0011006498793428858,0.4383694137146879,28076,11924,0.70
oscillations_1_0.25_8,oscillations,1,-8.5,14.44,0.25,8,0.23654293196236426,-0.0002694682796602384,-0.0009025901177700162,0.4329131477779414,28058,11942,0.70
oscillations_1_0.25_9,oscillations,1,-8.5,14.44,0.25,9,0.24593410351129982,0.0002669725245196912,0.0008945301541956466,0.450176026067036,28062,11938,0.70
oscillations_1_0.25_10,oscillations,1,-8.5,14.44,0.25,10,0.25840098947998996,0.0003127249979932519,0.001048972739600006,0.47325392591487575,28075,11925,0.70
oscillations_1_0.25_11,oscillations,1,-8.5,14.44,0.25,11,0.23681645351411965,0.0005097060428439184,0.0017079870749565822,0.43350279987942325,28063,11937,0.70
oscillations_1_0.25_12,oscillations,1,-8.5,14.44,0.25,12,0.23643874863674919,-6.51665685480418e-05,-0.00021827690017766428,0.4327230959555557,28058,11942,0.70
oscillations_1_0.25_13,oscillations,1,-8.5,14.44,0.25,13,0.24068043262871644,-0.0001904290100377478,-0.0006377394843862949,0.44044893323881484,28056,11944,0.70
oscillations_1_0.25_14,oscillations,1,-8.5,14.44,0.25,14,0.24164310603441572,-5.497770646437603e-05,-0.00018397960834728094,0.44204442631052,28047,11953,0.70
oscillations_1_0.25_15,oscillations,1,-8.5,14.44,0.25,15,0.24378899571496343,-0.00014985567320540956,-0.0005022814587075897,0.4463246614643077,28066,11934,0.70
oscillations_1_0.25_16,oscillations,1,-8.5,14.44,0.25,16,0.23964599271472534,-1.7107362454274023e-06,-5.731109699925299e-06,0.4386296683852642,28060,11940,0.70
oscillations_1_0.25_17,oscillations,1,-8.5,14.44,0.25,17,0.2577262504512052,-0.00010988702623886182,-0.0003683158244976096,0.47184085427921085,28066,11934,0.70
oscillations_1_0.25_18,oscillations,1,-8.5,14.44,0.25,18,0.2458494441928141,0.00030973817471932727,0.00103686726828798,0.44981365662359146,28051,11949,0.70
oscillations_1_0.25_19,oscillations,1,-8.5,14.44,0.25,19,0.24124966029365152,0.0001663275842932132,0.0005571180180646899,0.4415276748202014,28058,11942,0.70
oscillations_1_0.25_20,oscillations,1,-8.5,14.44,0.25,20,0.24602905424234822,6.245459234243057e-05,0.0002094210490147731,0.45052027506181985,28071,11929,0.70
oscillations_1_0.25_21,oscillations,1,-8.5,14.44,0.25,21,0.24302336831131457,0.0003013249815786729,0.001008619185200578,0.4446244032699319,28050,11950,0.70
oscillations_1_0.25_22,oscillations,1,-8.5,14.44,0.25,22,0.2394709640838493,-7.164844667655486e-05,-0.0002401690997286676,0.4384378024057843,28067,11933,0.70
oscillations_1_0.25_23,oscillations,1,-8.5,14.44,0.25,23,0.23774135399363802,0.00032566671245344054,0.001091284954187619,0.43519728025313453,28063,11937,0.70
oscillations_1_0.25_24,oscillations,1,-8.5,14.44,0.25,24,0.25157248042080343,0.0001597638615292016,0.0005355811650325215,0.4606131146395873,28068,11932,0.70
oscillations_1_0.25_25,oscillations,1,-8.5,14.44,0.25,25,0.24212395658941263,0.00019758331792817186,0.0006619206630759532,0.4431647969060103,28060,11940,0.70
oscillations_1_0.25_26,oscillations,1,-8.5,14.44,0.25,26,0.23757575794001948,0.00038171547710058015,0.0012806021206091761,0.43514903734191057,28077,11923,0.70
oscillations_1_0.25_27,oscillations,1,-8.5,14.44,0.25,27,0.23373137759190443,0.00015330961758091056,0.0005139013410907912,0.4279292517788996,28067,11933,0.70
oscillations_1_0.25_28,oscillations,1,-8.5,14.44,0.25,28,0.2316870832426333,-0.00018081933512519667,-0.0006062676785421517,0.42423967830827164,28070,11930,0.70
oscillations_1_0.25_29,oscillations,1,-8.5,14.44,0.25,29,0.23256330712280732,6.488342155080665e-05,0.00021729210164369222,0.4255947413857218,28056,11944,0.70
oscillations_1_0.25_30,oscillations,1,-8.5,14.44,0.25,30,0.24444169149808287,0.0001336321906324481,0.0004475291045962758,0.44733226732133263,28056,11944,0.70
oscillations_1_0.25_31,oscillations,1,-8.5,14.44,0.25,31,0.24267020463686478,-0.000190425239221898,-0.0006379404999058554,0.44416463288573926,28060,11940,0.70
oscillations_1_0.25_32,oscillations,1,-8.5,14.44,0.25,32,0.24161229364678774,0.0002397221917387961,0.000803022164772786,0.4422096059402394,28059,11941,0.70
oscillations_1_0.25_33,oscillations,1,-8.5,14.44,0.25,33,0.23918862544956906,-5.8781008181893665e-05,-0.00019688832082362612,0.43775584590909866,28058,11942,0.70
oscillations_1_0.25_34,oscillations,1,-8.5,14.44,0.25,34,0.2486565522766291,0.00041065309112357003,0.0013754918476756644,0.45508233569270556,28058,11942,0.70
oscillations_1_0.25_35,oscillations,1,-8.5,14.44,0.25,35,0.23908915320781945,-0.00023328601123388286,-0.0007815931358870363,0.43762830894820326,28061,11939,0.70
oscillations_1_0.25_36,oscillations,1,-8.5,14.44,0.25,36,0.24938111914849348,0.00035175558540797316,0.0011782133157192203,0.4564088077088932,28058,11942,0.70
oscillations_1_0.25_37,oscillations,1,-8.5,14.44,0.25,37,0.2479603434617491,-2.483315159769637e-05,-8.321404573241611e-05,0.45390464057514573,28063,11937,0.70
oscillations_1_0.25_38,oscillations,1,-8.5,14.44,0.25,38,0.2528008161038765,0.0001435590149653814,0.00048017063288027795,0.4623393628340555,28041,11959,0.70
oscillations_1_0.25_39,oscillations,1,-8.5,14.44,0.25,39,0.24275834214395858,-0.00011405069726388089,-0.00038211139044771266,0.44434476694204916,28061,11939,0.70
oscillations_1_0.25_40,oscillations,1,-8.5,14.44,0.25,40,0.24763434768339043,-0.00012247169476399243,-0.000410256074914972,0.45323183203208894,28059,11941,0.70
oscillations_1_0.25_41,oscillations,1,-8.5,14.44,0.25,41,0.25065846624823285,4.9240934662760494e-05,0.00016497507215934484,0.45880524896805747,28061,11939,0.70
oscillations_1_0.25_42,oscillations,1,-8.5,14.44,0.25,42,0.24358510069284348,-4.9561031061758046e-05,-0.00016597800087661684,0.44576482702284703,28056,11944,0.70
oscillations_1_0.25_43,oscillations,1,-8.5,14.44,0.25,43,0.2412221526346378,0.000205929988359302,0.0006902295570950277,0.4416251474641663,28066,11934,0.70
oscillations_1_0.25_44,oscillations,1,-8.5,14.44,0.25,44,0.24797957769237364,0.00019856574806907489,0.000665267603883323,0.453901490008196,28061,11939,0.70
oscillations_1_0.25_45,oscillations,1,-8.5,14.44,0.25,45,0.23066357711414093,0.0006882183951856391,0.0023065551577231293,0.4222729488866332,28065,11935,0.70
oscillations_1_0.25_46,oscillations,1,-8.5,14.44,0.25,46,0.23418325969579673,0.00044205954354309396,0.0014816810576272627,0.4287370407754082,28066,11934,0.70
oscillations_1_0.25_47,oscillations,1,-8.5,14.44,0.25,47,0.25293659442352784,-2.7534967765627494e-05,-9.229855950935126e-05,0.46309152827952177,28067,11933,0.70
oscillations_1_0.25_48,oscillations,1,-8.5,14.44,0.25,48,0.24581907547664336,-7.091066767258711e-05,-0.0002374771187963404,0.44985301632000685,28056,11944,0.70
oscillations_1_0.25_49,oscillations,1,-8.5,14.44,0.25,49,0.24239598408793547,-0.00010675415551628605,-0.00035796514549848665,0.44386744939249667,28071,11929,0.70
oscillations_1_0.5_0,oscillations,1,-8.5,14.44,0.5,0,0.24792148236797842,8.053504636089226e-05,0.00026988956555258815,0.4538524630427706,28064,11936,0.70
oscillations_1_0.5_1,oscillations,1,-8.5,14.44,0.5,1,0.2573170368136799,-0.0002103350171009071,-0.0007049351222485348,0.4710716673749749,28065,11935,0.70
oscillations_1_0.5_2,oscillations,1,-8.5,14.44,0.5,2,0.2504922788521638,-0.00011166529638130991,-0.0003744330501510927,0.45869311202615637,28071,11929,0.70
oscillations_1_0.5_3,oscillations,1,-8.5,14.44,0.5,3,0.2528016650979961,-0.0001578694153443024,-0.0005292303565011799,0.4628636803892504,28068,11932,0.70
oscillations_1_0.5_4,oscillations,1,-8.5,14.44,0.5,4,0.2578668162584854,0.00031903831860445305,0.0010682682692263613,0.47186027683832427,28054,11946,0.70
oscillations_1_0.5_5,oscillations,1,-8.5,14.44,0.5,5,0.24786285707663022,7.333718911828869e-05,0.00024539798935348413,0.4534034044275695,28046,11954,0.70
oscillations_1_0.5_6,oscillations,1,-8.5,14.44,0.5,6,0.25305683182561045,1.6145719387136994e-05,5.407592526881711e-05,0.4631176618912361,28057,11943,0.70
oscillations_1_0.5_7,oscillations,1,-8.5,14.44,0.5,7,0.2487596213843256,0.0004884653575151879,0.001635441056382986,0.4551750881125818,28053,11947,0.70
oscillations_1_0.5_8,oscillations,1,-8.5,14.44,0.5,8,0.24942268335883266,0.0005408235693374108,0.001812107788029523,0.4565598908542515,28062,11938,0.70
oscillations_1_0.5_9,oscillations,1,-8.5,14.44,0.5,9,0.24620388450086508,-0.00033238630462817403,-0.0011134287065678724,0.4506128967306642,28059,11941,0.70
oscillations_1_0.5_10,oscillations,1,-8.5,14.44,0.5,10,0.251869110732208,-0.0003235417544412554,-0.0010835289833933538,0.4609238337155563,28056,11944,0.70
oscillations_1_0.5_11,oscillations,1,-8.5,14.44,0.5,11,0.25844840725385626,-0.0002472223915820734,-0.0008286321152407364,0.4731625587686066,28066,11934,0.70
oscillations_1_0.5_12,oscillations,1,-8.5,14.44,0.5,12,0.25257097414539187,0.0004528212058930052,0.001516353975363767,0.4621880564768054,28055,11945,0.70
oscillations_1_0.5_13,oscillations,1,-8.5,14.44,0.5,13,0.252309292495175,0.00012139375877997804,0.00040640695942409665,0.46165284516570276,28052,11948,0.70
oscillations_1_0.5_14,oscillations,1,-8.5,14.44,0.5,14,0.2579203354016407,-0.0003762430213433964,-0.0012599180287765474,0.47197763331848486,28055,11945,0.70
oscillations_1_0.5_15,oscillations,1,-8.5,14.44,0.5,15,0.2516109629561394,0.0002594217535439821,0.0008684300060054627,0.4603553907003233,28051,11949,0.70
oscillations_1_0.5_16,oscillations,1,-8.5,14.44,0.5,16,0.25003280243645243,0.0002223042958328401,0.0007451124378509823,0.45775549230802304,28066,11934,0.70
oscillations_1_0.5_17,oscillations,1,-8.5,14.44,0.5,17,0.2517378502642762,0.00019494285979524187,0.0006532390375981969,0.4608192489575569,28063,11937,0.70
oscillations_1_0.5_18,oscillations,1,-8.5,14.44,0.5,18,0.2463221051667939,4.014249657812154e-05,0.00013466117604200482,0.4511514795454991,28076,11924,0.70
oscillations_1_0.5_19,oscillations,1,-8.5,14.44,0.5,19,0.2628632962139877,0.0004252819764989313,0.0014240146542740036,0.4810025238367286,28054,11946,0.70
oscillations_1_0.5_20,oscillations,1,-8.5,14.44,0.5,20,0.2591848859292749,0.0006325963417123708,0.0021203162115380285,0.4745080769524291,28066,11934,0.70
oscillations_1_0.5_21,oscillations,1,-8.5,14.44,0.5,21,0.24354775206214502,-5.368085400316969e-06,-1.7988055291335558e-05,0.44582716155139734,28063,11937,0.70
oscillations_1_0.5_22,oscillations,1,-8.5,14.44,0.5,22,0.2598225785176686,0.00015872140611885278,0.0005315964368043306,0.47549940474514757,28057,11943,0.70
oscillations_1_0.5_23,oscillations,1,-8.5,14.44,0.5,23,0.25671311936308616,0.000344420476788548,0.0011515228244351335,0.4693955212482748,28036,11964,0.70
oscillations_1_0.5_24,oscillations,1,-8.5,14.44,0.5,24,0.2516884461525202,-0.00023136762415899064,-0.000775230772856393,0.46070938219718827,28062,11938,0.70
oscillations_1_0.5_25,oscillations,1,-8.5,14.44,0.5,25,0.2532140133830131,0.00017756523400229223,0.0005949082301777111,0.46348267554275624,28061,11939,0.70
oscillations_1_0.5_26,oscillations,1,-8.5,14.44,0.5,26,0.2575163296191467,-0.00013940042736105773,-0.0004668857987475761,0.47127879983309445,28057,11943,0.70
oscillations_1_0.5_27,oscillations,1,-8.5,14.44,0.5,27,0.24726882142695378,-0.0005573624754891254,-0.001866741942524075,0.45252236315990096,28057,11943,0.70
oscillations_1_0.5_28,oscillations,1,-8.5,14.44,0.5,28,0.2493277413371429,0.0003320586576391376,0.0011121448803119393,0.45629212915468753,28057,11943,0.70
oscillations_1_0.5_29,oscillations,1,-8.5,14.44,0.5,29,0.25363081873353366,-4.4566978788991555e-05,-0.00014932812460710762,0.4642652907041814,28062,11938,0.70
oscillations_1_0.5_30,oscillations,1,-8.5,14.44,0.5,30,0.24818328268279524,1.582956591138638e-05,5.298599468246531e-05,0.4540655629397877,28050,11950,0.70
oscillations_1_0.5_31,oscillations,1,-8.5,14.44,0.5,31,0.2576348655819647,9.30011250975972e-05,0.0003114832959812349,0.47149582177729127,28057,11943,0.70
oscillations_1_0.5_32,oscillations,1,-8.5,14.44,0.5,32,0.26934877037034244,-0.00040287665029870495,-0.0013503490876443953,0.49311797503927307,28066,11934,0.70
oscillations_1_0.5_33,oscillations,1,-8.5,14.44,0.5,33,0.2557866309417242,0.0007375008416105022,0.0024682089746000755,0.4679326065397626,28048,11952,0.70
oscillations_1_0.5_34,oscillations,1,-8.5,14.44,0.5,34,0.24625918808046338,0.00041091083060553315,0.0013761246838765331,0.4506570000996962,28056,11944,0.70
oscillations_1_0.5_35,oscillations,1,-8.5,14.44,0.5,35,0.2564476579724861,0.00040058411030048673,0.0013412040187511067,0.4692432746436607,28053,11947,0.70
oscillations_1_0.5_36,oscillations,1,-8.5,14.44,0.5,36,0.250853181395326,0.00010819922891435942,0.00036241577261550705,0.4591038984624223,28058,11942,0.70
oscillations_1_0.5_37,oscillations,1,-8.5,14.44,0.5,37,0.2488595763882188,0.0008632762289743839,0.0028939866878122155,0.4556397281156097,28068,11932,0.70
oscillations_1_0.5_38,oscillations,1,-8.5,14.44,0.5,38,0.2513320997578356,0.00020552564759550638,0.0006882975472053138,0.459941626609722,28056,11944,0.70
oscillations_1_0.5_39,oscillations,1,-8.5,14.44,0.5,39,0.24857698482641985,0.00016910978642020106,0.0005663896388518831,0.45491887789940766,28057,11943,0.70
oscillations_1_0.5_40,oscillations,1,-8.5,14.44,0.5,40,0.25658420936312243,-0.0002604869038119578,-0.0008730185297426329,0.4697298760717083,28065,11935,0.70
oscillations_1_0.5_41,oscillations,1,-8.5,14.44,0.5,41,0.256147442813037,-0.00015990012156849126,-0.0005355890858097175,0.4687931832821738,28058,11942,0.70
oscillations_1_0.5_42,oscillations,1,-8.5,14.44,0.5,42,0.2580708305581925,0.00014841052577002447,0.0004970628008708839,0.47229356714746645,28057,11943,0.70
oscillations_1_0.5_43,oscillations,1,-8.5,14.44,0.5,43,0.25342345596601695,0.0004817477708085734,0.001614165759117351,0.46388376461451813,28062,11938,0.70
oscillations_1_0.5_44,oscillations,1,-8.5,14.44,0.5,44,0.2679506450421179,8.444799264563702e-05,0.0002828841559187241,0.4904157424457961,28059,11941,0.70
oscillations_1_0.5_45,oscillations,1,-8.5,14.44,0.5,45,0.24669282466648734,1.597021835077024e-05,5.3492608778330795e-05,0.451489835976682,28058,11942,0.70
oscillations_1_0.5_46,oscillations,1,-8.5,14.44,0.5,46,0.25292775368816495,0.000858116138001251,0.0028742794774786504,0.46289455953688274,28058,11942,0.70
oscillations_1_0.5_47,oscillations,1,-8.5,14.44,0.5,47,0.2643832172251855,0.00029169452314465374,0.0009779382219249149,0.48408857624391133,28069,11931,0.70
oscillations_1_0.5_48,oscillations,1,-8.5,14.44,0.5,48,0.2504832907641307,-0.0004975030262334514,-0.0016672353426054008,0.45854011626691393,28064,11936,0.70
oscillations_1_0.5_49,oscillations,1,-8.5,14.44,0.5,49,0.2508748458859177,-0.00010094023745037541,-0.000338186573248598,0.4592012437137614,28061,11939,0.70
oscillations_1_0.75_0,oscillations,1,-8.5,14.44,0.75,0,0.2734172994357718,-0.00015849521854202766,-0.0005309722564222044,0.5004418837836832,28060,11940,0.70
oscillations_1_0.75_1,oscillations,1,-8.5,14.44,0.75,1,0.2645865677152144,-0.00010926274174553468,-0.0003661313286270754,0.4843397399154797,28063,11937,0.70
oscillations_1_0.75_2,oscillations,1,-8.5,14.44,0.75,2,0.272419733333548,-0.0003582660714311963,-0.0011996185214505149,0.4984899671857465,28054,11946,0.70
oscillations_1_0.75_3,oscillations,1,-8.5,14.44,0.75,3,0.26811082259608343,0.0002297832345135964,0.0007702446476614298,0.490873000585712,28067,11933,0.70
oscillations_1_0.75_4,oscillations,1,-8.5,14.44,0.75,4,0.2705737930787935,-0.00019483791855856323,-0.0006522863025060721,0.49507141839962804,28052,11948,0.70
oscillations_1_0.75_5,oscillations,1,-8.5,14.44,0.75,5,0.26924234376888395,-0.0003243729624694577,-0.001085222356873395,0.4924698708559432,28044,11956,0.70
oscillations_1_0.75_6,oscillations,1,-8.5,14.44,0.75,6,0.27453103746870133,-0.0003476043434000182,-0.0011639187791730062,0.5023534326562493,28054,11946,0.70
oscillations_1_0.75_7,oscillations,1,-8.5,14.44,0.75,7,0.2687397565007912,-0.0007091845420119496,-0.002374833125196985,0.4917736855466704,28055,11945,0.70
oscillations_1_0.75_8,oscillations,1,-8.5,14.44,0.75,8,0.2674036671512433,-0.00031198693225120195,-0.0010452698961427316,0.48945490339587433,28061,11939,0.70
oscillations_1_0.75_9,oscillations,1,-8.5,14.44,0.75,9,0.27552725487397056,0.00047411563927682234,0.001588061092871621,0.504259996922702,28058,11942,0.70
oscillations_1_0.75_10,oscillations,1,-8.5,14.44,0.75,10,0.2723293428391625,-0.00025970831795365726,-0.0008699717543041852,0.4984293645445795,28059,11941,0.70
oscillations_1_0.75_11,oscillations,1,-8.5,14.44,0.75,11,0.27168236302719173,-0.0003319237982004435,-0.001111414023775132,0.49714082107337254,28054,11946,0.70
oscillations_1_0.75_12,oscillations,1,-8.5,14.44,0.75,12,0.2753715278143412,0.00012352065608094848,0.00041376988889020485,0.503997727176763,28059,11941,0.70
oscillations_1_0.75_13,oscillations,1,-8.5,14.44,0.75,13,0.26483627057287457,0.0001868602476019573,0.0006259450551945647,0.48471544238892067,28059,11941,0.70
oscillations_1_0.75_14,oscillations,1,-8.5,14.44,0.75,14,0.2694456518798431,-0.0005684992684734739,-0.0019059568132544585,0.49335607270777465,28069,11931,0.70
oscillations_1_0.75_15,oscillations,1,-8.5,14.44,0.75,15,0.26970941996076286,-0.0005058727887383416,-0.0016940068270852786,0.4935500945620916,28055,11945,0.70
oscillations_1_0.75_16,oscillations,1,-8.5,14.44,0.75,16,0.27280435940225567,-0.0001277985982986269,-0.00042817186799104414,0.49934098498589263,28061,11939,0.70
oscillations_1_0.75_17,oscillations,1,-8.5,14.44,0.75,17,0.27015715307794486,0.00024915217359108805,0.0008347505606536166,0.49449517290197,28061,11939,0.70
oscillations_1_0.75_18,oscillations,1,-8.5,14.44,0.75,18,0.2637701579084952,0.00014333462233099092,0.00048002217793365954,0.48270367694101995,28056,11944,0.70
oscillations_1_0.75_19,oscillations,1,-8.5,14.44,0.75,19,0.2673210573926387,-0.00023352448127775193,-0.0007821955494146771,0.48924257489912576,28058,11942,0.70
oscillations_1_0.75_20,oscillations,1,-8.5,14.44,0.75,20,0.2754509183583095,-0.0006502805880905486,-0.0021788594005379427,0.5042031890214733,28062,11938,0.70
oscillations_1_0.75_21,oscillations,1,-8.5,14.44,0.75,21,0.2670899474515867,1.6744203977608717e-05,5.606631166117159e-05,0.48873819560668863,28054,11946,0.70
oscillations_1_0.75_22,oscillations,1,-8.5,14.44,0.75,22,0.27222642327248847,-0.0003291105187721026,-0.00110199403573448,0.49813639358299877,28054,11946,0.70
oscillations_1_0.75_23,oscillations,1,-8.5,14.44,0.75,23,0.26469883003938294,-0.00021820889512175494,-0.0007317535047677899,0.4847277183944961,28072,11928,0.70
oscillations_1_0.75_24,oscillations,1,-8.5,14.44,0.75,24,0.2695408046504225,0.00048291680202227824,0.0016176762482950442,0.4933243236365039,28059,11941,0.70
oscillations_1_0.75_25,oscillations,1,-8.5,14.44,0.75,25,0.2708394947842886,0.0001988577997165708,0.0006663018921647554,0.4957650742161534,28062,11938,0.70
oscillations_1_0.75_26,oscillations,1,-8.5,14.44,0.75,26,0.27855930102069926,0.0001793972548182832,0.0006009958285369635,0.5098533587304848,28060,11940,0.70
oscillations_1_0.75_27,oscillations,1,-8.5,14.44,0.75,27,0.2704052799499575,-0.0005583184918819308,-0.001868692132480733,0.4946988116992448,28049,11951,0.70
oscillations_1_0.75_28,oscillations,1,-8.5,14.44,0.75,28,0.2637467793837042,-0.00019570515702509083,-0.0006557385056964004,0.4827820255383066,28062,11938,0.70
oscillations_1_0.75_29,oscillations,1,-8.5,14.44,0.75,29,0.27190293427898615,6.714441522122896e-05,0.00022493941447647848,0.49767026773945244,28060,11940,0.70
oscillations_1_0.75_30,oscillations,1,-8.5,14.44,0.75,30,0.26579448468999184,0.000397672684554881,0.0013311219566690589,0.486284992749647,28050,11950,0.70
oscillations_1_0.75_31,oscillations,1,-8.5,14.44,0.75,31,0.2698524983766154,-0.00012864097790126925,-0.00043103024929224104,0.49395858246176355,28062,11938,0.70
oscillations_1_0.75_32,oscillations,1,-8.5,14.44,0.75,32,0.268336987268195,-0.0005835237456426755,-0.0019560001529964825,0.49128476832214424,28067,11933,0.70
oscillations_1_0.75_33,oscillations,1,-8.5,14.44,0.75,33,0.2699298311426789,-0.0003690277276701105,-0.0012362737945397337,0.49405780150949385,28060,11940,0.70
oscillations_1_0.75_34,oscillations,1,-8.5,14.44,0.75,34,0.2664139732578205,0.0010732943180499983,0.0035968308245643375,0.48769612350257613,28064,11936,0.70
oscillations_1_0.75_35,oscillations,1,-8.5,14.44,0.75,35,0.2829872238033236,-4.035479917083178e-05,-0.00013511274519404517,0.5178063619885912,28053,11947,0.70
oscillations_1_0.75_36,oscillations,1,-8.5,14.44,0.75,36,0.2779367467114315,0.0006019633272674543,0.0020176414522120145,0.5088391906006597,28066,11934,0.70
oscillations_1_0.75_37,oscillations,1,-8.5,14.44,0.75,37,0.2669453440188472,-0.00014416890696838575,-0.0004823315723264831,0.48826910384316907,28044,11956,0.70
oscillations_1_0.75_38,oscillations,1,-8.5,14.44,0.75,38,0.2728579053837509,-0.00014886973765427212,-0.0004988932227019843,0.4995017102277572,28064,11936,0.70
oscillations_1_0.75_39,oscillations,1,-8.5,14.44,0.75,39,0.2684287528923754,0.0007468003258487722,0.00250037775457863,0.49116300846675764,28053,11947,0.70
oscillations_1_0.75_40,oscillations,1,-8.5,14.44,0.75,40,0.2632025487531874,-7.811318830922579e-05,-0.00026177341926684214,0.48182644900080823,28064,11936,0.70
oscillations_1_0.75_41,oscillations,1,-8.5,14.44,0.75,41,0.2675421190514102,-0.00029538092156212905,-0.0009886400186164476,0.4894624883898849,28049,11951,0.70
oscillations_1_0.75_42,oscillations,1,-8.5,14.44,0.75,42,0.2697655259663091,-0.0006436224822527574,-0.0021574540593405087,0.49389964874597625,28067,11933,0.70
oscillations_1_0.75_43,oscillations,1,-8.5,14.44,0.75,43,0.2731447629414893,0.00038542968823163847,0.001291870917484962,0.5000677418598489,28066,11934,0.70
oscillations_1_0.75_44,oscillations,1,-8.5,14.44,0.75,44,0.27327478216334844,-0.00033053574192551594,-0.001106766254563923,0.5000547433433543,28054,11946,0.70
oscillations_1_0.75_45,oscillations,1,-8.5,14.44,0.75,45,0.2710503425021094,-0.00014676345190170448,-0.0004917110374460325,0.4961303902034885,28061,11939,0.70
oscillations_1_0.75_46,oscillations,1,-8.5,14.44,0.75,46,0.26472578969505606,0.0012149708859850205,0.004071618250620043,0.4846029889760992,28064,11936,0.70
oscillations_1_0.75_47,oscillations,1,-8.5,14.44,0.75,47,0.27312838121402305,-5.7188799292498425e-06,-1.9165147215983538e-05,0.4999970259552808,28064,11936,0.70
oscillations_1_0.75_48,oscillations,1,-8.5,14.44,0.75,48,0.25977654032180014,-0.0002101916992463888,-0.0007039239760428288,0.4753950911713025,28056,11944,0.70
oscillations_1_0.75_49,oscillations,1,-8.5,14.44,0.75,49,0.27255361311268794,0.00011199086658362192,0.00037546179392715346,0.4990492763758462,28069,11931,0.70
oscillations_1_1_0,oscillations,1,,10.74,1.0,0,0.28837861726439884,-0.00036135477878129784,-0.0012095557448746378,0.5276042652713928,28050,11950,0.70
oscillations_1_1_1,oscillations,1,,10.74,1.0,1,0.29114968347027875,8.868881332323259e-05,0.00029704031926059543,0.5328310863798484,28057,11943,0.70
oscillations_1_1_2,oscillations,1,,10.74,1.0,2,0.2877557488037971,7.035071992484134e-05,0.00023591790719262632,0.5269509097699596,28072,11928,0.70
oscillations_1_1_3,oscillations,1,,10.74,1.0,3,0.28796778478389684,0.0005517995281939887,0.0018495040328271792,0.527204379584963,28066,11934,0.70
oscillations_1_1_4,oscillations,1,,10.74,1.0,4,0.29096900136948284,0.00031951697885451556,0.001070767355410576,0.5326558467479198,28064,11936,0.70
oscillations_1_1_5,oscillations,1,,10.74,1.0,5,0.2921337765960237,-0.0002491201808538617,-0.0008343638310436635,0.5346316702171078,28057,11943,0.70
oscillations_1_1_6,oscillations,1,,10.74,1.0,6,0.2848011222606951,-4.078222999247483e-06,-1.366467749789864e-05,0.5213218221898616,28062,11938,0.70
oscillations_1_1_7,oscillations,1,,10.74,1.0,7,0.29346048253590523,-0.00014443541136774797,-0.00048423572665408707,0.537329984864367,28069,11931,0.70
oscillations_1_1_8,oscillations,1,,10.74,1.0,8,0.28272438210408907,-0.00014089510852576535,-0.0004712605018003685,0.5170656647967953,28041,11959,0.70
oscillations_1_1_9,oscillations,1,,10.74,1.0,9,0.2949862636184735,-0.00012188794699860903,-0.0004082322598965384,0.5398523365969662,28057,11943,0.70
oscillations_1_1_10,oscillations,1,,10.74,1.0,10,0.29602783661228854,0.00012830702191580183,0.0004298392693996709,0.5418265570813383,28060,11940,0.70
oscillations_1_1_11,oscillations,1,,10.74,1.0,11,0.28877636926850203,-1.5151446457324802e-05,-5.0741615731161425e-05,0.5284656318130388,28056,11944,0.70
oscillations_1_1_12,oscillations,1,,10.74,1.0,12,0.2854205692402554,7.622011928953574e-05,0.0002553437832145247,0.5224119032192321,28060,11940,0.70
oscillations_1_1_13,oscillations,1,,10.74,1.0,13,0.28834305766214813,-0.0006618583903032603,-0.002217095353163924,0.5277356799048647,28059,11941,0.70
oscillations_1_1_14,oscillations,1,,10.74,1.0,14,0.2904383218986036,-1.5572813829005928e-05,-5.2196459959799245e-05,0.5317296725172542,28066,11934,0.70
oscillations_1_1_15,oscillations,1,,10.74,1.0,15,0.2879243750533321,0.00041789457787772964,0.0014005683380904211,0.5271037927815491,28065,11935,0.70
oscillations_1_1_16,oscillations,1,,10.74,1.0,16,0.28797676326622257,0.00036841111223416756,0.0012336914599720983,0.5269792681956862,28055,11945,0.70
oscillations_1_1_17,oscillations,1,,10.74,1.0,17,0.2889163184901548,0.00036317523489406273,0.001215445899913195,0.5285437850217259,28048,11952,0.70
oscillations_1_1_18,oscillations,1,,10.74,1.0,18,0.29102476225657936,0.0002486855450878499,0.0008330476344957715,0.5326466709627914,28059,11941,0.70
oscillations_1_1_19,oscillations,1,,10.74,1.0,19,0.2872589224440584,-0.00012461293440750056,-0.00041749873325236793,0.525798630437585,28061,11939,0.70
oscillations_1_1_20,oscillations,1,,10.74,1.0,20,0.29119774136643967,-0.0005024928226848674,-0.0016821251073223437,0.5327834174936177,28051,11949,0.70
oscillations_1_1_21,oscillations,1,,10.74,1.0,21,0.28540158236630675,-0.0005434405629706963,-0.0018193524036514764,0.5222000593884034,28052,11948,0.70
oscillations_1_1_22,oscillations,1,,10.74,1.0,22,0.29436974076990297,-0.0002464222303807696,-0.0008252586415966822,0.5387011544760469,28056,11944,0.70
oscillations_1_1_23,oscillations,1,,10.74,1.0,23,0.28947049527687463,-1.659228861227473e-05,-5.561350297393776e-05,0.5299577913013878,28066,11934,0.70
oscillations_1_1_24,oscillations,1,,10.74,1.0,24,0.2883482436694637,-0.00017512151447019242,-0.0005864261681714252,0.5276598394323325,28055,11945,0.70
oscillations_1_1_25,oscillations,1,,10.74,1.0,25,0.2908344615648213,-7.650471669291679e-05,-0.0002561899261378561,0.5322096550316842,28055,11945,0.70
oscillations_1_1_26,oscillations,1,,10.74,1.0,26,0.2866432184267653,0.000717333068654958,0.0024031258581405646,0.5246459295634558,28060,11940,0.70
oscillations_1_1_27,oscillations,1,,10.74,1.0,27,0.29240507067347465,0.00015578290450138916,0.0005216673235709977,0.53508364080824,28055,11945,0.70
oscillations_1_1_28,oscillations,1,,10.74,1.0,28,0.28771903553525097,-2.2397408235839755e-05,-7.502690975911335e-05,0.526596828560043,28059,11941,0.70
oscillations_1_1_29,oscillations,1,,10.74,1.0,29,0.3010090272890548,-0.0004073999132921854,-0.0013640241509740856,0.5507812535135601,28053,11947,0.70
oscillations_1_1_30,oscillations,1,,10.74,1.0,30,0.29778162370783995,-1.668424237501668e-05,-5.592639696644998e-05,0.5451965103883057,28067,11933,0.70
oscillations_1_1_31,oscillations,1,,10.74,1.0,31,0.2886774589642856,-0.00015827938485110616,-0.0005298941575196062,0.5281960015498932,28052,11948,0.70
oscillations_1_1_32,oscillations,1,,10.74,1.0,32,0.28423811411318045,0.0001418787227838141,0.0004752260016205468,0.5202039530841005,28058,11942,0.70
oscillations_1_1_33,oscillations,1,,10.74,1.0,33,0.2856261023630653,-0.00013320972116406043,-0.00044633848605816877,0.5228317955240086,28062,11938,0.70
oscillations_1_1_34,oscillations,1,,10.74,1.0,34,0.28804354399884313,-0.00010361171826854522,-0.00034710793389797293,0.5272127589190241,28060,11940,0.70
oscillations_1_1_35,oscillations,1,,10.74,1.0,35,0.28279447694865895,0.0004354003032432883,0.0014578948710640828,0.5174739058690639,28054,11946,0.70
oscillations_1_1_36,oscillations,1,,10.74,1.0,36,0.2870340655613381,-0.0001799281690438146,-0.0006023204252868514,0.5251670347637614,28051,11949,0.70
oscillations_1_1_37,oscillations,1,,10.74,1.0,37,0.2859023028395839,-0.00016720533869248519,-0.0005599174171368265,0.5231839321799955,28055,11945,0.70
oscillations_1_1_38,oscillations,1,,10.74,1.0,38,0.29530831419234793,-1.6310271316586356e-05,-5.461790311121321e-05,0.540396579507869,28055,11945,0.70
oscillations_1_1_39,oscillations,1,,10.74,1.0,39,0.28528347390415587,5.296507337991034e-05,0.00017745229375964593,0.5221828644540814,28061,11939,0.70
oscillations_1_1_40,oscillations,1,,10.74,1.0,40,0.29122641740642186,0.00047764075969069977,0.0016008069030270613,0.5331484833721207,28065,11935,0.70
oscillations_1_1_41,oscillations,1,,10.74,1.0,41,0.288567654974694,-0.00016531820448058163,-0.0005539226151133593,0.5282161689814421,28062,11938,0.70
oscillations_1_1_42,oscillations,1,,10.74,1.0,42,0.2933438136861021,1.7690689684213103e-05,5.925040503797494e-05,0.5368466056171082,28057,11943,0.70
oscillations_1_1_43,oscillations,1,,10.74,1.0,43,0.28706114600897553,1.1373093225636931e-05,3.81008148262549e-05,0.5254147320769078,28060,11940,0.70
oscillations_1_1_44,oscillations,1,,10.74,1.0,44,0.29438811145635313,0.00020784308377776677,0.000696641809209876,0.5389605677842214,28066,11934,0.70
oscillations_1_1_45,oscillations,1,,10.74,1.0,45,0.29061656900680916,-0.00028109054606357756,-0.0009412826992501538,0.5318103836526628,28055,11945,0.70
oscillations_1_1_46,oscillations,1,,10.74,1.0,46,0.29055772683768244,-0.00034987336940089367,-0.0011705365319534743,0.5314577360260978,28044,11956,0.70
oscillations_1_1_47,oscillations,1,,10.74,1.0,47,0.28719133895261373,0.00034408815375448526,0.0011525310793987118,0.5256081228667592,28058,11942,0.70
oscillations_1_1_48,oscillations,1,,10.74,1.0,48,0.2843254758697171,9.733350847467294e-05,0.000326266683900689,0.5205601156209226,28067,11933,0.70
oscillations_1_1_49,oscillations,1,,10.74,1.0,49,0.28461748243126495,0.0007791045101948706,0.0026113776108425365,0.5210683864517138,28066,11934,0.70
oscillations_2_0_0,oscillations,2,-12.3,10.68,0.0,0,0.26988587785752555,7.949942857813291e-05,0.0002662182622959671,0.49387499065783463,28055,11945,0.70
oscillations_2_0_1,oscillations,2,-12.3,10.68,0.0,1,0.26603109855481655,0.00018298157866664005,0.0006129522775869352,0.48690228529902396,28059,11941,0.70
oscillations_2_0_2,oscillations,2,-12.3,10.68,0.0,2,0.26331202055627617,3.848431658764146e-05,0.00012896888936877215,0.48202688916072656,28064,11936,0.70
oscillations_2_0_3,oscillations,2,-12.3,10.68,0.0,3,0.25882771537505606,0.0002867581900139179,0.0009611469415582966,0.4738568149541688,28066,11934,0.70
oscillations_2_0_4,oscillations,2,-12.3,10.68,0.0,4,0.2676350676267542,-7.152557224842386e-05,-0.00023971704146937293,0.4899612850093335,28065,11935,0.70
oscillations_2_0_5,oscillations,2,-12.3,10.68,0.0,5,0.2622170137302561,-5.43114346634008e-05,-0.00018196309460893098,0.47996201149569806,28061,11939,0.70
oscillations_2_0_6,oscillations,2,-12.3,10.68,0.0,6,0.2627672562426296,-1.4538302380655876e-05,-4.8745355844612384e-05,0.4811505854241887,28070,11930,0.70
oscillations_2_0_7,oscillations,2,-12.3,10.68,0.0,7,0.2607784033812566,1.5918061154806983e-05,5.336259186995413e-05,0.47746879492889543,28068,11932,0.70
oscillations_2_0_8,oscillations,2,-12.3,10.68,0.0,8,0.26074401727224994,-7.234964209650918e-05,-0.00024229618920465184,0.4771659127224319,28056,11944,0.70
oscillations_2_0_9,oscillations,2,-12.3,10.68,0.0,9,0.27055732610800065,0.0001634418151514622,0.0005484164588590293,0.4956016723796299,28079,11921,0.70
oscillations_2_0_10,oscillations,2,-12.3,10.68,0.0,10,0.26734262524200053,4.411075779841894e-06,1.4781187165423826e-05,0.489384947280685,28063,11937,0.70
oscillations_2_0_11,oscillations,2,-12.3,10.68,0.0,11,0.276741268187786,0.00015735490532829,0.000527240426631898,0.5065682546298208,28062,11938,0.70
oscillations_2_0_12,oscillations,2,-12.3,10.68,0.0,12,0.2648405874699025,-0.00020137655350428583,-0.0006751938088995333,0.4849467141102145,28070,11930,0.70
oscillations_2_0_13,oscillations,2,-12.3,10.68,0.0,13,0.2689399412992994,0.00018340081655794283,0.0006136885278833625,0.4919584661099853,28046,11954,0.70
oscillations_2_0_14,oscillations,2,-12.3,10.68,0.0,14,0.2663350069078808,0.00019313866050108875,0.000647790241492836,0.4877649371248309,28074,11926,0.70
oscillations_2_0_15,oscillations,2,-12.3,10.68,0.0,15,0.28240756325412997,-2.4232770887609062e-05,-8.119541259041433e-05,0.5169404638177318,28062,11938,0.70
oscillations_2_0_16,oscillations,2,-12.3,10.68,0.0,16,0.26606823228108506,5.7720738738005186e-05,0.00019333692426061027,0.486950103487962,28058,11942,0.70
oscillations_2_0_17,oscillations,2,-12.3,10.68,0.0,17,0.2664176628293322,3.24903811272102e-05,0.00010884549791360228,0.48763047418328703,28060,11940,0.70
oscillations_2_0_18,oscillations,2,-12.3,10.68,0.0,18,0.2717375982572355,-3.3066676951541784e-05,-0.00011075758483182778,0.49732602600654424,28058,11942,0.70
oscillations_2_0_19,oscillations,2,-12.3,10.68,0.0,19,0.2557442100004196,-1.779835374928611e-05,-5.956611027204217e-05,0.46785956329687733,28048,11952,0.70
oscillations_2_0_20,oscillations,2,-12.3,10.68,0.0,20,0.26621348480491924,0.0003827354115522347,0.0012826253738345667,0.4873372247400894,28064,11936,0.70
oscillations_2_0_21,oscillations,2,-12.3,10.68,0.0,21,0.2607709875434678,4.7588507046173175e-05,0.00015949227330095807,0.4773951896862022,28065,11935,0.70
oscillations_2_0_22,oscillations,2,-12.3,10.68,0.0,22,0.26404264898755403,0.00017990914288870525,0.0006028621693514465,0.4833439009671637,28063,11937,0.70
oscillations_2_0_23,oscillations,2,-12.3,10.68,0.0,23,0.2683313083410549,0.00021716260965984037,0.0007278786983738588,0.49125614130715095,28066,11934,0.70
oscillations_2_0_24,oscillations,2,-12.3,10.68,0.0,24,0.269649397411169,-3.122812962853072e-05,-0.00010463437637303096,0.4935869350264158,28062,11938,0.70
oscillations_2_0_25,oscillations,2,-12.3,10.68,0.0,25,0.266290426495627,-8.72709846456248e-05,-0.0002926101748386401,0.4876017685959206,28070,11930,0.70
oscillations_2_0_26,oscillations,2,-12.3,10.68,0.0,26,0.2657570237767553,0.00016704579928812543,0.0005593831704918396,0.4863192589169527,28055,11945,0.70
oscillations_2_0_27,oscillations,2,-12.3,10.68,0.0,27,0.2920919889118284,0.000205176204709436,0.0006871848102133,0.5345553417055755,28057,11943,0.70
oscillations_2_0_28,oscillations,2,-12.3,10.68,0.0,28,0.25968241166222045,1.4488840570341316e-05,4.8555095745110847e-05,0.4753824283607076,28064,11936,0.70
oscillations_2_0_29,oscillations,2,-12.3,10.68,0.0,29,0.2662855351542597,3.3819014749498723e-06,1.1323962748869989e-05,0.48726623291199894,28054,11946,0.70
oscillations_2_0_30,oscillations,2,-12.3,10.68,0.0,30,0.2619994912683811,-4.422763101379943e-05,-0.00014816626805292854,0.4795437838504259,28060,11940,0.70
oscillations_2_0_31,oscillations,2,-12.3,10.68,0.0,31,0.26578538387485096,-0.00030123449391466546,-0.0010098373916012924,0.4866355270541867,28068,11932,0.70
oscillations_2_0_32,oscillations,2,-12.3,10.68,0.0,32,0.2622670454821023,-4.581325869823549e-05,-0.00015355541712161884,0.4801541503282025,28066,11934,0.70
oscillations_2_0_33,oscillations,2,-12.3,10.68,0.0,33,0.2666744978637383,0.00016992835800129784,0.0005694650067067625,0.48818212028701946,28064,11936,0.70
oscillations_2_0_34,oscillations,2,-12.3,10.68,0.0,34,0.26384397719937563,-7.445594623801488e-05,-0.0002492457820336932,0.48273785842208855,28051,11949,0.70
oscillations_2_0_35,oscillations,2,-12.3,10.68,0.0,35,0.2593362851804393,-0.00014757340238365164,-0.0004941349485473017,0.47454987234478635,28054,11946,0.70
oscillations_2_0_36,oscillations,2,-12.3,10.68,0.0,36,0.2670425174795937,-7.188078414344062e-05,-0.00024110954848952844,0.4890814356100879,28075,11925,0.70
oscillations_2_0_37,oscillations,2,-12.3,10.68,0.0,37,0.26629330588979855,-9.224619997750166e-06,-3.089807401691652e-05,0.4873620527182077,28058,11942,0.70
oscillations_2_0_38,oscillations,2,-12.3,10.68,0.0,38,0.2808214008862089,4.061727957111934e-05,0.00013602571859048617,0.5139078943868572,28056,11944,0.70
oscillations_2_0_39,oscillations,2,-12.3,10.68,0.0,39,0.2723077058304837,5.23845607359393e-05,0.0001753311379330235,0.4981817167366404,28049,11951,0.70
oscillations_2_0_40,oscillations,2,-12.3,10.68,0.0,40,0.2627701117279962,-6.230210443618458e-05,-0.00020869978874862922,0.48093411360449323,28059,11941,0.70
oscillations_2_0_41,oscillations,2,-12.3,10.68,0.0,41,0.2662483510630261,1.5195273835730671e-05,5.090970377998412e-05,0.48734099389336394,28061,11939,0.70
oscillations_2_0_42,oscillations,2,-12.3,10.68,0.0,42,0.2649556535477501,5.096560995891577e-05,0.00017088217924196371,0.4851577192254472,28070,11930,0.70
oscillations_2_0_43,oscillations,2,-12.3,10.68,0.0,43,0.26769424087853266,9.892981031051967e-05,0.0003314509098266843,0.48998747390881187,28061,11939,0.70
oscillations_2_0_44,oscillations,2,-12.3,10.68,0.0,44,0.2760195636059421,0.00026281534354492597,0.0008806746872578571,0.50526800786626,28063,11937,0.70
oscillations_2_0_45,oscillations,2,-12.3,10.68,0.0,45,0.27808747260420125,-0.00022230115238885636,-0.0007447898563995528,0.509010942193921,28061,11939,0.70
oscillations_2_0_46,oscillations,2,-12.3,10.68,0.0,46,0.2650325211404255,-3.483616367038314e-05,-0.00011669429250609777,0.48507490301737405,28059,11941,0.70
oscillations_2_0_47,oscillations,2,-12.3,10.68,0.0,47,0.2668757574136455,-0.00033053416571865224,-0.001107595428394578,0.48852944007698706,28063,11937,0.70
oscillations_2_0_48,oscillations,2,-12.3,10.68,0.0,48,0.26215558654340815,0.00013048933190295352,0.0004371501906296602,0.47982936505002916,28060,11940,0.70
oscillations_2_0_49,oscillations,2,-12.3,10.68,0.0,49,0.2655385656359634,1.97906431986422e-05,6.640598338609932e-05,0.48640860996959495,28079,11921,0.70
oscillations_2_0.25_0,oscillations,2,-12.3,10.68,0.25,0,0.2695224446044994,0.00022206505100059824,0.000743936519264986,0.49331284394106706,28060,11940,0.70
oscillations_2_0.25_1,oscillations,2,-12.3,10.68,0.25,1,0.2656407957628788,-0.0002175654393540895,-0.0007287403763325712,0.4861674657510179,28058,11942,0.70
oscillations_2_0.25_2,oscillations,2,-12.3,10.68,0.25,2,0.26857202937624924,0.00025434793653584544,0.0008514450967808035,0.49138799111651915,28051,11949,0.70
oscillations_2_0.25_3,oscillations,2,-12.3,10.68,0.25,3,0.26792902939449564,0.00017945415667790002,0.0006005828536743645,0.4901502693488759,28048,11952,0.70
oscillations_2_0.25_4,oscillations,2,-12.3,10.68,0.25,4,0.2633777182497887,0.0002876830336511597,0.0009636815464405317,0.48204553952530294,28059,11941,0.70
oscillations_2_0.25_5,oscillations,2,-12.3,10.68,0.25,5,0.27190061235498586,8.391150093212806e-06,2.807813315446923e-05,0.49737454528037073,28046,11954,0.70
oscillations_2_0.25_6,oscillations,2,-12.3,10.68,0.25,6,0.2702407589398979,-3.334258896672695e-05,-0.00011167240715641554,0.49456584865000736,28057,11943,0.70
oscillations_2_0.25_7,oscillations,2,-12.3,10.68,0.25,7,0.2762028367877162,-0.00013172251559331722,-0.00044135538814983155,0.5055827258309028,28062,11938,0.70
oscillations_2_0.25_8,oscillations,2,-12.3,10.68,0.25,8,0.27175916314019344,0.00044417043370558574,0.0014855198451691834,0.49698953312275473,28040,11960,0.70
oscillations_2_0.25_9,oscillations,2,-12.3,10.68,0.25,9,0.2770567638153911,-0.0002705452980008327,-0.0009061217382595088,0.5070392158263493,28057,11943,0.70
oscillations_2_0.25_10,oscillations,2,-12.3,10.68,0.25,10,0.2677925544113217,0.00025361128127203485,0.0008491212229749213,0.49000284818382717,28053,11947,0.70
oscillations_2_0.25_11,oscillations,2,-12.3,10.68,0.25,11,0.2713218870789572,-0.00012683231217561355,-0.00042450778068986136,0.4963780745376065,28049,11951,0.70
oscillations_2_0.25_12,oscillations,2,-12.3,10.68,0.25,12,0.2603471776774769,0.00013114425129354397,0.0004394178297656025,0.4765593040755318,28062,11938,0.70
oscillations_2_0.25_13,oscillations,2,-12.3,10.68,0.25,13,0.2787343379871709,0.00042318942445014385,0.0014177200149083544,0.5101725996184048,28060,11940,0.70
oscillations_2_0.25_14,oscillations,2,-12.3,10.68,0.25,14,0.26949271282250714,-0.0005305512540330717,-0.0017769446672798181,0.49319461782544144,28057,11943,0.70
oscillations_2_0.25_15,oscillations,2,-12.3,10.68,0.25,15,0.2623704646583718,0.00012366690047397358,0.0004140863903364248,0.48010206240169034,28054,11946,0.70
oscillations_2_0.25_16,oscillations,2,-12.3,10.68,0.25,16,0.26370839589549594,-0.00027252320852727514,-0.0009138174483268505,0.482893531179734,28071,11929,0.70
oscillations_2_0.25_17,oscillations,2,-12.3,10.68,0.25,17,0.275786090183424,-4.2605291524043176e-05,-0.00014267154968285748,0.5046720630791838,28055,11945,0.70
oscillations_2_0.25_18,oscillations,2,-12.3,10.68,0.25,18,0.27458584483885706,-8.274454784729592e-05,-0.00027722438344013946,0.5026018911682046,28061,11939,0.70
oscillations_2_0.25_19,oscillations,2,-12.3,10.68,0.25,19,0.27105513368349804,-0.0005261348675913472,-0.0017627435047871602,0.49613713412874794,28061,11939,0.70
oscillations_2_0.25_20,oscillations,2,-12.3,10.68,0.25,20,0.2701838042606408,7.812030320738862e-05,0.0002616438188307413,0.49446157654922546,28057,11943,0.70
oscillations_2_0.25_21,oscillations,2,-12.3,10.68,0.25,21,0.2725436957564318,0.00012452708591525138,0.00041717616722027246,0.4988429817571514,28060,11940,0.70
oscillations_2_0.25_22,oscillations,2,-12.3,10.68,0.25,22,0.2667965251665078,2.9234220934337307e-06,9.792068643222268e-06,0.48828303022382996,28058,11942,0.70
oscillations_2_0.25_23,oscillations,2,-12.3,10.68,0.25,23,0.27948914124665625,0.0001184846147377139,0.0003968004512314593,0.5114697414105704,28056,11944,0.70
oscillations_2_0.25_24,oscillations,2,-12.3,10.68,0.25,24,0.26997000785104236,0.00022546096761363968,0.0007549337606349907,0.49400791125839466,28054,11946,0.70
oscillations_2_0.25_25,oscillations,2,-12.3,10.68,0.25,25,0.2642598917132765,0.0004347347981077546,0.0014562760174449527,0.48365927245409496,28059,11941,0.70
oscillations_2_0.25_26,oscillations,2,-12.3,10.68,0.25,26,0.26973292455821307,-0.00045702494703800845,-0.0015314566374734304,0.49375885169908396,28063,11937,0.70
oscillations_2_0.25_27,oscillations,2,-12.3,10.68,0.25,27,0.2617298936111475,0.00035220145257203883,0.0011800031914634016,0.47906939151723443,28061,11939,0.70
oscillations_2_0.25_28,oscillations,2,-12.3,10.68,0.25,28,0.2653167059927635,0.00048387533545746247,0.001621837893271199,0.4857355357754393,28066,11934,0.70
oscillations_2_0.25_29,oscillations,2,-12.3,10.68,0.25,29,0.2645966687629052,0.00013797353706811036,0.0004624165465206876,0.4843987539698197,28065,11935,0.70
oscillations_2_0.25_30,oscillations,2,-12.3,10.68,0.25,30,0.27209220552432795,-0.00030903149191486873,-0.0010356283241114898,0.4980994164880448,28064,11936,0.70
oscillations_2_0.25_31,oscillations,2,-12.3,10.68,0.25,31,0.27598297740096556,0.000273411493096253,0.0009161815970386292,0.5052009904932914,28063,11937,0.70
oscillations_2_0.25_32,oscillations,2,-12.3,10.68,0.25,32,0.26872492902090545,-0.00014648898654895696,-0.000490832590212623,0.4918945531460921,28062,11938,0.70
oscillations_2_0.25_33,oscillations,2,-12.3,10.68,0.25,33,0.27352545960512825,9.44837163866877e-05,0.0003165283631044808,0.5006399792794305,28060,11940,0.70
oscillations_2_0.25_34,oscillations,2,-12.3,10.68,0.25,34,0.26805527388346256,0.00032213928495192494,0.0010789224983736923,0.4905653832752292,28057,11943,0.70
oscillations_2_0.25_35,oscillations,2,-12.3,10.68,0.25,35,0.26877386982038587,-0.00020589173434905028,-0.0006895812923019352,0.49188097419582216,28057,11943,0.70
oscillations_2_0.25_36,oscillations,2,-12.3,10.68,0.25,36,0.2657893608932888,-6.516418938265428e-05,-0.0002183786507461581,0.48656196058449136,28064,11936,0.70
oscillations_2_0.25_37,oscillations,2,-12.3,10.68,0.25,37,0.2696627252783197,-0.0001562051099193808,-0.0005236071731144929,0.4937145465890392,28067,11933,0.70
oscillations_2_0.25_38,oscillations,2,-12.3,10.68,0.25,38,0.27242058845081996,0.0001259127408294334,0.00042241966226430784,0.49897299433389636,28077,11923,0.70
oscillations_2_0.25_39,oscillations,2,-12.3,10.68,0.25,39,0.27006059359601137,-4.928173259765425e-05,-0.0001650150095350901,0.49417405606653103,28054,11946,0.70
oscillations_2_0.25_40,oscillations,2,-12.3,10.68,0.25,40,0.27075484572802766,-3.9489610261477725e-05,-0.00013245990863388816,0.49588049826342046,28075,11925,0.70
oscillations_2_0.25_41,oscillations,2,-12.3,10.68,0.25,41,0.2629115568276458,-0.00010445121029511637,-0.000349656742137806,0.4810318264402526,28051,11949,0.70
oscillations_2_0.25_42,oscillations,2,-12.3,10.68,0.25,42,0.2650297632554155,0.0001863476681677834,0.0006246465035373621,0.48523215368947303,28067,11933,0.70
oscillations_2_0.25_43,oscillations,2,-12.3,10.68,0.25,43,0.27257592647875406,5.413021949776e-05,0.0001813407688367163,0.4989020736525972,28060,11940,0.70
oscillations_2_0.25_44,oscillations,2,-12.3,10.68,0.25,44,0.2702121778818964,0.000489327766517094,0.0016394263054429821,0.4945944784709406,28061,11939,0.70
oscillations_2_0.25_45,oscillations,2,-12.3,10.68,0.25,45,0.262636441938822,0.0002725941078791989,0.0009134425999135432,0.48076941887112196,28063,11937,0.70
oscillations_2_0.25_46,oscillations,2,-12.3,10.68,0.25,46,0.2757240520167749,0.00020000775453966072,0.0006708292957895717,0.5049599990885318,28074,11926,0.70
oscillations_2_0.25_47,oscillations,2,-12.3,10.68,0.25,47,0.26574935597406213,-0.0002802317234682844,-0.0009383282218927985,0.48628446326214775,28054,11946,0.70
oscillations_2_0.25_48,oscillations,2,-12.3,10.68,0.25,48,0.2623338594382654,-0.00024600746215719995,-0.0008233181464431059,0.47991420398812523,28048,11952,0.70
oscillations_2_0.25_49,oscillations,2,-12.3,10.68,0.25,49,0.27716817248383707,0.0004322392053166892,0.0014477950270195582,0.5072634601172762,28058,11942,0.70
oscillations_2_0.5_0,oscillations,2,-12.3,10.68,0.5,0,0.2722766943313438,0.0005069896550869417,0.001698457805986404,0.49835237482534467,28060,11940,0.70
oscillations_2_0.5_1,oscillations,2,-12.3,10.68,0.5,1,0.2736917677506394,0.00017397682106375827,0.0005827393102118844,0.5009022595143423,28058,11942,0.70
oscillations_2_0.5_2,oscillations,2,-12.3,10.68,0.5,2,0.2704057616346633,1.161998228035781e-05,3.8931174404414695e-05,0.4949507192132113,28061,11939,0.70
oscillations_2_0.5_3,oscillations,2,-12.3,10.68,0.5,3,0.2707213186506294,-0.0003720763446045849,-0.0012460694728887642,0.4954234868055045,28056,11944,0.70
oscillations_2_0.5_4,oscillations,2,-12.3,10.68,0.5,4,0.27500866612010894,0.0001793241559028498,0.0006015066026091383,0.5036710208258884,28075,11925,0.70
oscillations_2_0.5_5,oscillations,2,-12.3,10.68,0.5,5,0.275890450357775,-5.6521931451732655e-05,-0.00018936906424904111,0.504989869905386,28061,11939,0.70
oscillations_2_0.5_6,oscillations,2,-12.3,10.68,0.5,6,0.2689346609057906,0.0002008963288475716,0.0006735836675526292,0.4924433390389472,28070,11930,0.70
oscillations_2_0.5_7,oscillations,2,-12.3,10.68,0.5,7,0.27356475798904956,0.000319138254671312,0.0010699463738875592,0.5008999936390233,28069,11931,0.70
oscillations_2_0.5_8,oscillations,2,-12.3,10.68,0.5,8,0.27042175859004974,0.0001265769724743504,0.0004243277655861558,0.49512504416037634,28068,11932,0.70
oscillations_2_0.5_9,oscillations,2,-12.3,10.68,0.5,9,0.2759346422663575,-0.0003142145767216282,-0.0010521164464142915,0.5049220149976913,28054,11946,0.70
oscillations_2_0.5_10,oscillations,2,-12.3,10.68,0.5,10,0.2703524411933736,0.0004051593160681282,0.0013581138559226628,0.49497620745095977,28067,11933,0.70
oscillations_2_0.5_11,oscillations,2,-12.3,10.68,0.5,11,0.27321317623049446,0.0004132934454245623,0.0013843357743244422,0.5000252492051354,28058,11942,0.70
oscillations_2_0.5_12,oscillations,2,-12.3,10.68,0.5,12,0.2693120853173705,-0.00031147796532196337,-0.0010430404866369634,0.49282426073718333,28055,11945,0.70
oscillations_2_0.5_13,oscillations,2,-12.3,10.68,0.5,13,0.2787708227119152,-4.995506242890646e-05,-0.00016736766036990172,0.5102621092662656,28061,11939,0.70
oscillations_2_0.5_14,oscillations,2,-12.3,10.68,0.5,14,0.276055996976364,0.0005414790739295512,0.0018153686159736867,0.5054600004214967,28069,11931,0.70
oscillations_2_0.5_15,oscillations,2,-12.3,10.68,0.5,15,0.2693300204621839,-7.899309368835972e-05,-0.0002647665281996314,0.49308489541383843,28066,11934,0.70
oscillations_2_0.5_16,oscillations,2,-12.3,10.68,0.5,16,0.2734030645267105,0.00016455202244439727,0.0005508017487678565,0.5002063913253756,28050,11950,0.70
oscillations_2_0.5_17,oscillations,2,-12.3,10.68,0.5,17,0.2686743685754379,0.0001659330956473034,0.0005554710708755658,0.49157553161187584,28051,11949,0.70
oscillations_2_0.5_18,oscillations,2,-12.3,10.68,0.5,18,0.27355125308270406,0.0004867773316379017,0.0016306082627515327,0.5006644317308739,28059,11941,0.70
oscillations_2_0.5_19,oscillations,2,-12.3,10.68,0.5,19,0.26580581525489716,0.00048712022548434535,0.0016325772115101643,0.48661057998139434,28065,11935,0.70
oscillations_2_0.5_20,oscillations,2,-12.3,10.68,0.5,20,0.2728410482397133,5.272340886591127e-05,0.000176583467691238,0.4993246081486891,28057,11943,0.70
oscillations_2_0.5_21,oscillations,2,-12.3,10.68,0.5,21,0.27784237957028735,-8.279122536044747e-05,-0.00027745048713286746,0.5086265602372954,28064,11936,0.70
oscillations_2_0.5_22,oscillations,2,-12.3,10.68,0.5,22,0.27733543352089035,-0.0003635170329447922,-0.0012167934157147852,0.5074000757185934,28050,11950,0.70
oscillations_2_0.5_23,oscillations,2,-12.3,10.68,0.5,23,0.2734217691597988,0.0009021555337562665,0.0030187570144094575,0.5001507363440917,28046,11954,0.70
oscillations_2_0.5_24,oscillations,2,-12.3,10.68,0.5,24,0.2742718692090727,0.00015066967637432146,0.0005044180662012785,0.5018379508295612,28052,11948,0.70
oscillations_2_0.5_25,oscillations,2,-12.3,10.68,0.5,25,0.27584925144920014,0.000303456259718101,0.001016008235433502,0.504744687394866,28053,11947,0.70
oscillations_2_0.5_26,oscillations,2,-12.3,10.68,0.5,26,0.26914767441819215,-0.00023648826430931811,-0.000792853119803262,0.4928126078289897,28069,11931,0.70
oscillations_2_0.5_27,oscillations,2,-12.3,10.68,0.5,27,0.27037603850158715,-0.0002477745205878678,-0.0008299958817113058,0.4948543799299734,28059,11941,0.70
oscillations_2_0.5_28,oscillations,2,-12.3,10.68,0.5,28,0.2707899231145922,-0.00019547004226152745,-0.000655499806376684,0.4958820787350842,28072,11928,0.70
oscillations_2_0.5_29,oscillations,2,-12.3,10.68,0.5,29,0.2711151499773109,6.875667544731756e-06,2.3049505681299513e-05,0.49639472723799244,28068,11932,0.70
oscillations_2_0.5_30,oscillations,2,-12.3,10.68,0.5,30,0.2704527796063451,-0.000199552096362755,-0.0006682923521860533,0.4949328384711523,28056,11944,0.70
oscillations_2_0.5_31,oscillations,2,-12.3,10.68,0.5,31,0.2779888107975133,1.8254226632418736e-05,6.115831018483536e-05,0.5088307312945605,28061,11939,0.70
oscillations_2_0.5_32,oscillations,2,-12.3,10.68,0.5,32,0.27346377397111654,-0.00013763748738717635,-0.00046086551946149766,0.5004012827566184,28054,11946,0.70
oscillations_2_0.5_33,oscillations,2,-12.3,10.68,0.5,33,0.27645525610660426,0.00027160823714921547,0.0009096817789473839,0.5059383947591135,28057,11943,0.70
oscillations_2_0.5_34,oscillations,2,-12.3,10.68,0.5,34,0.27058118295741146,0.0003734926344745291,0.0012510220548468567,0.4952084894922259,28058,11942,0.70
oscillations_2_0.5_35,oscillations,2,-12.3,10.68,0.5,35,0.2743678475500271,-0.0001071517626713867,-0.0003587570525534008,0.5020346608892571,28053,11947,0.70
oscillations_2_0.5_36,oscillations,2,-12.3,10.68,0.5,36,0.27635841825365004,0.00035564464612097477,0.0011903427198426079,0.50559145666916,28049,11951,0.70
oscillations_2_0.5_37,oscillations,2,-12.3,10.68,0.5,37,0.2769641318180182,0.0007034225975189974,0.0023555382085190366,0.5068239838620954,28055,11945,0.70
oscillations_2_0.5_38,oscillations,2,-12.3,10.68,0.5,38,0.27521813714788906,0.0004695903276087524,0.001573825982769175,0.5038419781291368,28065,11935,0.70
oscillations_2_0.5_39,oscillations,2,-12.3,10.68,0.5,39,0.2728078640101229,0.0003311573556102168,0.001108847666533457,0.4992003420569644,28054,11946,0.70
oscillations_2_0.5_40,oscillations,2,-12.3,10.68,0.5,40,0.2718729889849926,0.0002110097369129119,0.0007072556960379161,0.4977402174212576,28066,11934,0.70
oscillations_2_0.5_41,oscillations,2,-12.3,10.68,0.5,41,0.27888347704693145,0.00032310645508646784,0.0010821617854357124,0.5103820350483612,28057,11943,0.70
oscillations_2_0.5_42,oscillations,2,-12.3,10.68,0.5,42,0.27286755247059263,0.0003089761659287552,0.0010351827319834334,0.49945602978791076,28061,11939,0.70
oscillations_2_0.5_43,oscillations,2,-12.3,10.68,0.5,43,0.27516720913329046,-0.00014304560658998217,-0.000478773681164697,0.5034129853117918,28049,11951,0.70
oscillations_2_0.5_44,oscillations,2,-12.3,10.68,0.5,44,0.26981217359726756,2.695461248067612e-05,9.028508618548172e-05,0.49380217417403505,28058,11942,0.70
oscillations_2_0.5_45,oscillations,2,-12.3,10.68,0.5,45,0.2753057146444147,0.0002523014217012675,0.0008456558461580949,0.5040246495621066,28066,11934,0.70
oscillations_2_0.5_46,oscillations,2,-12.3,10.68,0.5,46,0.2693079920222655,0.0001256729318850799,0.0004213324344483461,0.4931064727806509,28069,11931,0.70
oscillations_2_0.5_47,oscillations,2,-12.3,10.68,0.5,47,0.26994650566050665,0.00011688061184294112,0.00039172387714433516,0.4941927824479104,28065,11935,0.70
oscillations_2_0.5_48,oscillations,2,-12.3,10.68,0.5,48,0.2719238747691399,0.0002786958519388967,0.0009334980805188292,0.49766633824252343,28058,11942,0.70
oscillations_2_0.5_49,oscillations,2,-12.3,10.68,0.5,49,0.2745431494433179,-0.0005593216607467021,-0.0018742453237721446,0.5025634394707797,28063,11937,0.70
oscillations_2_0.75_0,oscillations,2,-12.3,10.68,0.75,0,0.28501551549678034,4.687505131608605e-06,1.5694333746073396e-05,0.5215177161812958,28053,11947,0.70
oscillations_2_0.75_1,oscillations,2,-12.3,10.68,0.75,1,0.2778141021170875,-7.264945753627817e-05,-0.00024321880661626568,0.5083193486764771,28052,11948,0.70
oscillations_2_0.75_2,oscillations,2,-12.3,10.68,0.75,2,0.2827199222234731,-0.0005898304378036349,-0.001976146872614574,0.5174879134976863,28061,11939,0.70
oscillations_2_0.75_3,oscillations,2,-12.3,10.68,0.75,3,0.281262312126777,-8.249514310785428e-05,-0.0002766436723938752,0.515059828678191,28072,11928,0.70
oscillations_2_0.75_4,oscillations,2,-12.3,10.68,0.75,4,0.2786462051857602,-0.0004300317313099507,-0.0014406423159462334,0.5100112425922955,28060,11940,0.70
oscillations_2_0.75_5,oscillations,2,-12.3,10.68,0.75,5,0.27325392524770703,-1.212129349903397e-05,-4.0620956766199776e-05,0.5002268497383473,28064,11936,0.70
oscillations_2_0.75_6,oscillations,2,-12.3,10.68,0.75,6,0.2812216300790201,-0.00019187429034927996,-0.0006432259146807906,0.5148987728678327,28068,11932,0.70
oscillations_2_0.75_7,oscillations,2,-12.3,10.68,0.75,7,0.2759803979435672,-0.00010042215802831517,-0.00033636629719750526,0.5050910013338564,28058,11942,0.70
oscillations_2_0.75_8,oscillations,2,-12.3,10.68,0.75,8,0.28504193388602345,0.00017843205338443808,0.0005979125521804062,0.5217842364362623,28063,11937,0.70
oscillations_2_0.75_9,oscillations,2,-12.3,10.68,0.75,9,0.28030948509003767,-9.147936192500319e-05,-0.0003066689974019554,0.5132289105943868,28068,11932,0.70
oscillations_2_0.75_10,oscillations,2,-12.3,10.68,0.75,10,0.2764357087518729,0.00011130399950495073,0.0003728464936100864,0.505945463663235,28059,11941,0.70
oscillations_2_0.75_11,oscillations,2,-12.3,10.68,0.75,11,0.28343450421175304,-0.00020911022721748607,-0.0007009477154696603,0.518928610671364,28067,11933,0.70
oscillations_2_0.75_12,oscillations,2,-12.3,10.68,0.75,12,0.2856353630731136,-0.00012405317588797506,-0.00041604150545141333,0.5230898148104651,28073,11927,0.70
oscillations_2_0.75_13,oscillations,2,-12.3,10.68,0.75,13,0.2774951419788037,0.00045496695582158953,0.0015254550069458152,0.5081170697095782,28070,11930,0.70
oscillations_2_0.75_14,oscillations,2,-12.3,10.68,0.75,14,0.28190758468986016,-0.00024112313737258,-0.0008079857162522557,0.5160464394738932,28063,11937,0.70
oscillations_2_0.75_15,oscillations,2,-12.3,10.68,0.75,15,0.28197410932026934,-0.0003369296863048856,-0.0011288372101679728,0.5161245584921682,28061,11939,0.70
oscillations_2_0.75_16,oscillations,2,-12.3,10.68,0.75,16,0.2818320162691236,-3.518444208816609e-05,-0.00011774263227027845,0.5155631347403603,28047,11953,0.70
oscillations_2_0.75_17,oscillations,2,-12.3,10.68,0.75,17,0.2776892046276949,-7.588312762047872e-05,-0.00025417225798184074,0.5082184422599928,28058,11942,0.70
oscillations_2_0.75_18,oscillations,2,-12.3,10.68,0.75,18,0.27734782469490055,-0.00024656909612445917,-0.0008260963099906498,0.5076570013529528,28061,11939,0.70
oscillations_2_0.75_19,oscillations,2,-12.3,10.68,0.75,19,0.2804809390603284,-0.00042147744039896026,-0.0014116300440390524,0.5133049831152635,28057,11943,0.70
oscillations_2_0.75_20,oscillations,2,-12.3,10.68,0.75,20,0.2773437425948353,7.16503618053409e-05,0.00023991415303981648,0.5075012055478378,28054,11946,0.70
oscillations_2_0.75_21,oscillations,2,-12.3,10.68,0.75,21,0.28227887279423886,2.7894998964158147e-05,9.341928655109985e-05,0.5165750992988597,28056,11944,0.70
oscillations_2_0.75_22,oscillations,2,-12.3,10.68,0.75,22,0.27751351549307157,2.248739840617695e-05,7.530943873468519e-05,0.5078544169537837,28056,11944,0.70
oscillations_2_0.75_23,oscillations,2,-12.3,10.68,0.75,23,0.27622672297083883,0.00013754404619587023,0.0004608998783475583,0.5056476152322994,28063,11937,0.70
oscillations_2_0.75_24,oscillations,2,-12.3,10.68,0.75,24,0.2809296001980972,-0.0001494016651675389,-0.0005008856430057462,0.5143857507215505,28069,11931,0.70
oscillations_2_0.75_25,oscillations,2,-12.3,10.68,0.75,25,0.28319028491917186,-6.284821317515234e-05,-0.00021030019466338382,0.5180261640049044,28046,11954,0.70
oscillations_2_0.75_26,oscillations,2,-12.3,10.68,0.75,26,0.2806272038276975,-0.0007330196677902633,-0.002456088684169084,0.5136774425091926,28062,11938,0.70
oscillations_2_0.75_27,oscillations,2,-12.3,10.68,0.75,27,0.2880303820450602,0.000628362680864149,0.0021045388289848417,0.5271195843516489,28057,11943,0.70
oscillations_2_0.75_28,oscillations,2,-12.3,10.68,0.75,28,0.28227568039676415,0.00013698618014976858,0.0004588383190412609,0.5166123748538702,28058,11942,0.70
oscillations_2_0.75_29,oscillations,2,-12.3,10.68,0.75,29,0.2851651995287268,0.00010080517852950357,0.00033787557744093633,0.5220756524126369,28066,11934,0.70
oscillations_2_0.75_30,oscillations,2,-12.3,10.68,0.75,30,0.2877728582701731,-0.0004595261913010571,-0.0015403542824136672,0.5268702825225994,28067,11933,0.70
oscillations_2_0.75_31,oscillations,2,-12.3,10.68,0.75,31,0.2850447668975318,0.00020160818949765193,0.0006756872710436601,0.5218330732828496,28065,11935,0.70
oscillations_2_0.75_32,oscillations,2,-12.3,10.68,0.75,32,0.28738207964644835,-0.0001519586308966776,-0.0005087332805379234,0.5258258461810206,28052,11948,0.70
oscillations_2_0.75_33,oscillations,2,-12.3,10.68,0.75,33,0.284094176655271,-0.00024313349514336354,-0.0008145175716695595,0.5199837720919347,28060,11940,0.70
oscillations_2_0.75_34,oscillations,2,-12.3,10.68,0.75,34,0.28240638622383263,0.0006458526475457923,0.0021631169640652825,0.51682691780569,28057,11943,0.70
oscillations_2_0.75_35,oscillations,2,-12.3,10.68,0.75,35,0.27617398062411563,4.17568902433405e-05,0.00013990079652681297,0.5055088550475504,28061,11939,0.70
oscillations_2_0.75_36,oscillations,2,-12.3,10.68,0.75,36,0.2798458855363674,-0.00042757389344299097,-0.0014336090308231047,0.5124216931479649,28070,11930,0.70
oscillations_2_0.75_37,oscillations,2,-12.3,10.68,0.75,37,0.28490490524573076,0.00036939904600180243,0.0012368961861771394,0.5213361132496753,28054,11946,0.70
oscillations_2_0.75_38,oscillations,2,-12.3,10.68,0.75,38,0.27693630339992786,-0.0002958886640751267,-0.0009919995442967968,0.5070734601502663,28069,11931,0.70
oscillations_2_0.75_39,oscillations,2,-12.3,10.68,0.75,39,0.2788741498210639,-0.00023991181862076613,-0.0008034555211680038,0.5103439610683009,28056,11944,0.70
oscillations_2_0.75_40,oscillations,2,-12.3,10.68,0.75,40,0.27815371358865393,0.0003476867454088619,0.0011644871319060938,0.5090463701452159,28057,11943,0.70
oscillations_2_0.75_41,oscillations,2,-12.3,10.68,0.75,41,0.2759127752886823,-0.00046348957051389836,-0.001551689221673579,0.5048388393939951,28052,11948,0.70
oscillations_2_0.75_42,oscillations,2,-12.3,10.68,0.75,42,0.28375695664287964,0.00021259880979316158,0.0007119256920658402,0.5192579445863917,28055,11945,0.70
oscillations_2_0.75_43,oscillations,2,-12.3,10.68,0.75,43,0.2785736441185513,-0.00037061484396499995,-0.0012412788879343556,0.5098147565998438,28057,11943,0.70
oscillations_2_0.75_44,oscillations,2,-12.3,10.68,0.75,44,0.2821420918361617,0.0005325359722615266,0.001783741323937453,0.5163658669043272,28058,11942,0.70
oscillations_2_0.75_45,oscillations,2,-12.3,10.68,0.75,45,0.2745851351602021,-0.00024295988538712408,-0.000814481680815033,0.5027475885182349,28068,11932,0.70
oscillations_2_0.75_46,oscillations,2,-12.3,10.68,0.75,46,0.27561382161889275,0.0006873110668208748,0.0023008153546602212,0.5042687297847309,28051,11949,0.70
oscillations_2_0.75_47,oscillations,2,-12.3,10.68,0.75,47,0.2828081824504294,-0.0005767460394143522,-0.0019329569816987078,0.5177363182689771,28065,11935,0.70
oscillations_2_0.75_48,oscillations,2,-12.3,10.68,0.75,48,0.28157938843726443,-4.9287756398855366e-05,-0.0001650489958940334,0.5152734485572545,28055,11945,0.70
oscillations_2_0.75_49,oscillations,2,-12.3,10.68,0.75,49,0.27578824180515626,-0.00018589514032028894,-0.0006222952224296218,0.5045912667200679,28051,11949,0.70
oscillations_2_1_0,oscillations,2,,10.74,1.0,0,0.2899513958737269,2.411273556768786e-05,8.083384367310806e-05,0.5308827006428469,28068,11932,0.70
oscillations_2_1_1,oscillations,2,,10.74,1.0,1,0.29201018907601645,0.0007685495202221824,0.0025729813197930456,0.534289774564272,28052,11948,0.70
oscillations_2_1_2,oscillations,2,,10.74,1.0,2,0.2866587882624076,5.6560405008483227e-05,0.00018926018072104142,0.524370934201638,28046,11954,0.70
oscillations_2_1_3,oscillations,2,,10.74,1.0,3,0.2912711292552955,0.00018010871416797406,0.0006031267113201307,0.5330085347450837,28055,11945,0.70
oscillations_2_1_4,oscillations,2,,10.74,1.0,4,0.29005310234364234,3.2954257703018406e-05,0.00011043652045247571,0.530979921494367,28064,11936,0.70
oscillations_2_1_5,oscillations,2,,10.74,1.0,5,0.29653665104070515,4.196989727566745e-05,0.00014061444769467152,0.5427806888499338,28061,11939,0.70
oscillations_2_1_6,oscillations,2,,10.74,1.0,6,0.29096439598790463,0.0006774816929537766,0.002269810513288472,0.5325778524987805,28061,11939,0.70
oscillations_2_1_7,oscillations,2,,10.74,1.0,7,0.2929704424837324,0.0004974926679299743,0.0016670609631564855,0.5362962172433374,28063,11937,0.70
oscillations_2_1_8,oscillations,2,,10.74,1.0,8,0.290260407896288,0.0007802895234063274,0.0026138163417011246,0.531243660211463,28059,11941,0.70
oscillations_2_1_9,oscillations,2,,10.74,1.0,9,0.2850954334379871,-8.727620669114358e-05,-0.00029262768379260127,0.5220354393936164,28070,11930,0.70
oscillations_2_1_10,oscillations,2,,10.74,1.0,10,0.2941505199614753,0.0005559376079822381,0.0018604119735036821,0.53809547046743,28047,11953,0.70
oscillations_2_1_11,oscillations,2,,10.74,1.0,11,0.28818799688691416,0.0004669794021603989,0.001564158104707416,0.5274314359017821,28058,11942,0.70
oscillations_2_1_12,oscillations,2,,10.74,1.0,12,0.2888182857284433,-0.00016960995890114944,-0.0005680172769629936,0.5285421272698656,28056,11944,0.70
oscillations_2_1_13,oscillations,2,,10.74,1.0,13,0.28566920753288877,-0.0003519889950076991,-0.0011790938615114284,0.5228442086279598,28059,11941,0.70
oscillations_2_1_14,oscillations,2,,10.74,1.0,14,0.285611666098015,0.00047061886667936896,0.0015774052846635454,0.5228914433168047,28066,11934,0.70
oscillations_2_1_15,oscillations,2,,10.74,1.0,15,0.29358350942712297,0.00016794870823816122,0.0005622655113430253,0.5371726338047176,28052,11948,0.70
oscillations_2_1_16,oscillations,2,,10.74,1.0,16,0.2823569378741242,-0.00011368823606187134,-0.0003810565981627999,0.5169343116076033,28066,11934,0.70
oscillations_2_1_17,oscillations,2,,10.74,1.0,17,0.2869934851033233,0.0003330851076689381,0.001115302553721539,0.5251581281773351,28054,11946,0.70
oscillations_2_1_18,oscillations,2,,10.74,1.0,18,0.2889678039032581,8.226906224202079e-05,0.00027593178682549396,0.5292148341029856,28074,11926,0.70
oscillations_2_1_19,oscillations,2,,10.74,1.0,19,0.2839043787038943,-8.127686103288854e-05,-0.0002721931045977503,0.5195497584843013,28056,11944,0.70
oscillations_2_1_20,oscillations,2,,10.74,1.0,20,0.2880349568313668,0.00018029218126051758,0.0006041963178971774,0.5272852088341258,28064,11936,0.70
oscillations_2_1_21,oscillations,2,,10.74,1.0,21,0.2862550434907923,0.00046665557493266567,0.0015634662029740019,0.5239596102203012,28061,11939,0.70
oscillations_2_1_22,oscillations,2,,10.74,1.0,22,0.2860437364565073,0.0003922525553384682,0.0013130891466682348,0.523354182032601,28051,11949,0.70
oscillations_2_1_23,oscillations,2,,10.74,1.0,23,0.2848874738466027,0.0002531510433904219,0.0008482192775688453,0.5214794029248273,28062,11938,0.70
oscillations_2_1_24,oscillations,2,,10.74,1.0,24,0.2837568490241062,5.107667447635585e-05,0.0001711254693905891,0.5193885315691025,28061,11939,0.70
oscillations_2_1_25,oscillations,2,,10.74,1.0,25,0.29074276278904576,-0.0007451872912977586,-0.002494768300293802,0.531970993658478,28052,11948,0.70
oscillations_2_1_26,oscillations,2,,10.74,1.0,26,0.28731047873711213,-0.00047669394136202906,-0.0015966971742154693,0.5258253548276066,28058,11942,0.70
oscillations_2_1_27,oscillations,2,,10.74,1.0,27,0.28573845237935974,0.00011582349148954622,0.0003877910487638609,0.5228404360766145,28053,11947,0.70
oscillations_2_1_28,oscillations,2,,10.74,1.0,28,0.28848778242094913,9.192858484569992e-05,0.0003078653209835891,0.5279374517546233,28056,11944,0.70
oscillations_2_1_29,oscillations,2,,10.74,1.0,29,0.28345207958227536,0.00024042354815868413,0.0008063169218032497,0.5190911993380642,28073,11927,0.70
oscillations_2_1_30,oscillations,2,,10.74,1.0,30,0.2950758022717169,0.00010233649566975515,0.00034263495662427375,0.5399258231622518,28053,11947,0.70
oscillations_2_1_31,oscillations,2,,10.74,1.0,31,0.2859898322259374,0.0006676210644125161,0.0022356502784847752,0.5233409666665706,28055,11945,0.70
oscillations_2_1_32,oscillations,2,,10.74,1.0,32,0.28493570906949606,-7.919319998258137e-05,-0.00026505966022117536,0.5212843814603856,28049,11951,0.70
oscillations_2_1_33,oscillations,2,,10.74,1.0,33,0.28786364981034895,4.106083188019469e-05,0.0001376148533898435,0.5269939155927654,28065,11935,0.70
oscillations_2_1_34,oscillations,2,,10.74,1.0,34,0.29217441142430733,0.000128691050547448,0.00043141485265654674,0.5349527840575805,28068,11932,0.70
oscillations_2_1_35,oscillations,2,,10.74,1.0,35,0.29773908944244787,-0.00034960946732269125,-0.001170828758615845,0.5448666804987061,28056,11944,0.70
oscillations_2_1_36,oscillations,2,,10.74,1.0,36,0.2890479058110211,0.0006393520628946736,0.0021431394046582545,0.5292032512500803,28067,11933,0.70
oscillations_2_1_37,oscillations,2,,10.74,1.0,37,0.2906824869315115,-7.495814447539803e-05,-0.0002510319640837171,0.5319538194963577,28056,11944,0.70
oscillations_2_1_38,oscillations,2,,10.74,1.0,38,0.2879825456596346,0.0005554768252235134,0.00186104975365948,0.5271209619705741,28061,11939,0.70
oscillations_2_1_39,oscillations,2,,10.74,1.0,39,0.28866427248172394,0.0007313550275372593,0.0024501005947646886,0.5283449877790019,28060,11940,0.70
oscillations_2_1_40,oscillations,2,,10.74,1.0,40,0.28522056061213447,0.00042988215341669783,0.0014412275699160098,0.5222413332745566,28069,11931,0.70
oscillations_2_1_41,oscillations,2,,10.74,1.0,41,0.29040099842669287,0.0003630568998392966,0.00121606732486785,0.5314822562403887,28058,11942,0.70
oscillations_2_1_42,oscillations,2,,10.74,1.0,42,0.2882472488155035,0.0002982631591283718,0.0009990392199911967,0.5275408403605198,28058,11942,0.70
oscillations_2_1_43,oscillations,2,,10.74,1.0,43,0.28887787246482893,-0.0001804195017067562,-0.0006044710669461638,0.5287618305362626,28061,11939,0.70
oscillations_2_1_44,oscillations,2,,10.74,1.0,44,0.2881188310424095,0.0005314182665556793,0.0017804448163353038,0.5273706150589695,28061,11939,0.70
oscillations_2_1_45,oscillations,2,,10.74,1.0,45,0.28949546129551984,1.6688952130337165e-05,5.59093873713146e-05,0.5298703152110924,28060,11940,0.70
oscillations_2_1_46,oscillations,2,,10.74,1.0,46,0.28080472104535253,0.00046785356715092215,0.0015664302909547904,0.5138111843526569,28053,11947,0.70
oscillations_2_1_47,oscillations,2,,10.74,1.0,47,0.28416424897755077,0.00036974695012626077,0.0012378538671786417,0.5199372867113787,28052,11948,0.70
oscillations_2_1_48,oscillations,2,,10.74,1.0,48,0.28445414876129743,-0.00020299457361269325,-0.0006801057831064346,0.5206645772136624,28061,11939,0.70
oscillations_2_1_49,oscillations,2,,10.74,1.0,49,0.29935998575242534,-0.00012022072686598222,-0.0004028169772691638,0.5479713790450406,28062,11938,0.70
oscillations_3_0_0,oscillations,3,-17.0,8.65,0.0,0,0.2978758856534892,4.175511345499826e-05,0.0001397426822456439,0.5449354233948986,28048,11952,0.70
oscillations_3_0_1,oscillations,3,-17.0,8.65,0.0,1,0.30216217331012457,0.00015206622067367878,0.0005095199218417787,0.5531006573414077,28062,11938,0.70
oscillations_3_0_2,oscillations,3,-17.0,8.65,0.0,2,0.29324692713905404,-0.0001398592004970624,-0.00046873632340867184,0.5368489867931984,28065,11935,0.70
oscillations_3_0_3,oscillations,3,-17.0,8.65,0.0,3,0.29099605415335816,-5.48763382719939e-05,-0.0001839635879047724,0.5327953860497215,28068,11932,0.70
oscillations_3_0_4,oscillations,3,-17.0,8.65,0.0,4,0.296313261469887,0.0001956149559712836,0.000655601025458845,0.5424624113794313,28065,11935,0.70
oscillations_3_0_5,oscillations,3,-17.0,8.65,0.0,5,0.2966941558709286,-9.474377024473002e-06,-3.1739956530897494e-05,0.5430462557672987,28060,11940,0.70
oscillations_3_0_6,oscillations,3,-17.0,8.65,0.0,6,0.2975552488216452,-1.3207183719896254e-05,-4.425258408408849e-05,0.5446679527269095,28062,11938,0.70
oscillations_3_0_7,oscillations,3,-17.0,8.65,0.0,7,0.29711684810161115,-0.0004346011750537293,-0.0014563162437923403,0.5438868839866688,28063,11937,0.70
oscillations_3_0_8,oscillations,3,-17.0,8.65,0.0,8,0.2948465482376537,-0.00014086870541481726,-0.0004721987946528682,0.5398226547324293,28067,11933,0.70
oscillations_3_0_9,oscillations,3,-17.0,8.65,0.0,9,0.2943080616120701,0.0001660278043316202,0.0005568599843421764,0.5389948167777837,28074,11926,0.70
oscillations_3_0_10,oscillations,3,-17.0,8.65,0.0,10,0.29650331815661857,0.00015379810018918013,0.0005151070926540412,0.5426286250264946,28057,11943,0.70
oscillations_3_0_11,oscillations,3,-17.0,8.65,0.0,11,0.29232339239103744,-0.00016578462232973837,-0.0005553458582354532,0.5350237393430674,28059,11941,0.70
oscillations_3_0_12,oscillations,3,-17.0,8.65,0.0,12,0.30098544158097845,0.00026774770488248776,0.0008960016895590648,0.5506005264992551,28047,11953,0.70
oscillations_3_0_13,oscillations,3,-17.0,8.65,0.0,13,0.29757025853671054,-3.400375137313073e-05,-0.00011394404414218267,0.5447182355070764,28063,11937,0.70
oscillations_3_0_14,oscillations,3,-17.0,8.65,0.0,14,0.2967752052473148,-0.00022922008138498757,-0.0007678421619126967,0.5431714768688998,28059,11941,0.70
oscillations_3_0_15,oscillations,3,-17.0,8.65,0.0,15,0.29532585655662247,-0.00021488063595679412,-0.0007208340689593904,0.5409040255117832,28076,11924,0.70
oscillations_3_0_16,oscillations,3,-17.0,8.65,0.0,16,0.2980339251040461,-0.00023998983030501902,-0.0008040533723260534,0.5455208964599307,28061,11939,0.70
oscillations_3_0_17,oscillations,3,-17.0,8.65,0.0,17,0.29050074813038324,-1.7068639310877298e-05,-5.719095094949502e-05,0.5317548525887948,28062,11938,0.70
oscillations_3_0_18,oscillations,3,-17.0,8.65,0.0,18,0.30484466338015254,1.2524942988949805e-05,4.194906803633896e-05,0.5578942371216289,28057,11943,0.70
oscillations_3_0_19,oscillations,3,-17.0,8.65,0.0,19,0.301379343317298,-7.439128680746341e-05,-0.0002491544396130377,0.5515523390178649,28057,11943,0.70
oscillations_3_0_20,oscillations,3,-17.0,8.65,0.0,20,0.2951285841727942,-7.0056201314986e-05,-0.00023475312495597523,0.5402485928147882,28063,11937,0.70
oscillations_3_0_21,oscillations,3,-17.0,8.65,0.0,21,0.29451832328230265,5.6214481333152834e-05,0.00018843369256063908,0.539221842546623,28067,11933,0.70
oscillations_3_0_22,oscillations,3,-17.0,8.65,0.0,22,0.29415890598511046,-0.00010547240738383334,-0.000353578301655492,0.5385863089694072,28068,11932,0.70
oscillations_3_0_23,oscillations,3,-17.0,8.65,0.0,23,0.2911349451958576,4.0800046518548917e-05,0.000136683572926462,0.5328710907312962,28060,11940,0.70
oscillations_3_0_24,oscillations,3,-17.0,8.65,0.0,24,0.28977646997187917,-0.00023853136653927026,-0.0007993008847759747,0.5304508753403534,28063,11937,0.70
oscillations_3_0_25,oscillations,3,-17.0,8.65,0.0,25,0.29132614366749315,8.17441088249228e-05,0.0002739413834615373,0.5333103479109833,28064,11936,0.70
oscillations_3_0_26,oscillations,3,-17.0,8.65,0.0,26,0.2978462881276944,-0.00015008920972884286,-0.0005026430332513143,0.5450635756773795,28056,11944,0.70
oscillations_3_0_27,oscillations,3,-17.0,8.65,0.0,27,0.29132201712302686,-5.601129286793984e-05,-0.0001875953876511444,0.5331465080038323,28057,11943,0.70
oscillations_3_0_28,oscillations,3,-17.0,8.65,0.0,28,0.300066210038023,-9.125979287586112e-05,-0.00030542099356044603,0.5489423653013227,28048,11952,0.70
oscillations_3_0_29,oscillations,3,-17.0,8.65,0.0,29,0.2917919690830223,-0.00037151935950643743,-0.0012458731036433179,0.5343412310944194,28072,11928,0.70
oscillations_3_0_30,oscillations,3,-17.0,8.65,0.0,30,0.295971941333646,5.6265573853139504e-05,0.00018838394192061543,0.5415656201338808,28053,11947,0.70
oscillations_3_0_31,oscillations,3,-17.0,8.65,0.0,31,0.3159724633881916,0.0001290206082862456,0.0004319765908972818,0.578162227379667,28053,11947,0.70
oscillations_3_0_32,oscillations,3,-17.0,8.65,0.0,32,0.2965333150762238,3.6446882639154854e-06,1.2226394712898606e-05,0.5431158843812406,28076,11924,0.70
oscillations_3_0_33,oscillations,3,-17.0,8.65,0.0,33,0.3008280743597927,-7.266154279960951e-05,-0.00024350382975740398,0.5507048795021668,28064,11936,0.70
oscillations_3_0_34,oscillations,3,-17.0,8.65,0.0,34,0.29486629858961766,0.00010545492565221552,0.0003533420192736312,0.539745812065184,28062,11938,0.70
oscillations_3_0_35,oscillations,3,-17.0,8.65,0.0,35,0.2973615900987272,6.467470484806717e-05,0.00021677460984772005,0.5444046489053095,28066,11934,0.70
oscillations_3_0_36,oscillations,3,-17.0,8.65,0.0,36,0.2929643861567333,-3.3457763456239175e-05,-0.00011216145979295894,0.5363992917696686,28068,11932,0.70
oscillations_3_0_37,oscillations,3,-17.0,8.65,0.0,37,0.30055892715496496,-0.00011729648754757021,-0.00039285434998767495,0.550050841797907,28057,11943,0.70
oscillations_3_0_38,oscillations,3,-17.0,8.65,0.0,38,0.2925608871521037,0.00010983595353295197,0.0003679904632982735,0.535503374497081,28061,11939,0.70
oscillations_3_0_39,oscillations,3,-17.0,8.65,0.0,39,0.29573104068728534,6.255001306301852e-05,0.0002095126882030438,0.5412380877875956,28058,11942,0.70
oscillations_3_0_40,oscillations,3,-17.0,8.65,0.0,40,0.29483831195465376,0.00012529083183220844,0.00042015704839774577,0.5399207323525668,28072,11928,0.70
oscillations_3_0_41,oscillations,3,-17.0,8.65,0.0,41,0.30338463633913254,-0.0002199564118043928,-0.0007370575917044237,0.5553614296927497,28063,11937,0.70
oscillations_3_0_42,oscillations,3,-17.0,8.65,0.0,42,0.29373544824759873,4.8403517865957715e-05,0.00016206082821112458,0.5374733197574455,28053,11947,0.70
oscillations_3_0_43,oscillations,3,-17.0,8.65,0.0,43,0.29146293864477835,-0.0002533210621501334,-0.0008488600557933591,0.5335379950184161,28063,11937,0.70
oscillations_3_0_44,oscillations,3,-17.0,8.65,0.0,44,0.29303300713817815,5.730444147393854e-05,0.00019184613817856827,0.5361655562648819,28052,11948,0.70
oscillations_3_0_45,oscillations,3,-17.0,8.65,0.0,45,0.29485144845245853,0.00014794689908128952,0.00049551000278419,0.5396055609226489,28057,11943,0.70
oscillations_3_0_46,oscillations,3,-17.0,8.65,0.0,46,0.2972845384871126,-7.033898884055504e-05,-0.00023575997600320278,0.5442635785437785,28066,11934,0.70
oscillations_3_0_47,oscillations,3,-17.0,8.65,0.0,47,0.2938606916836634,0.00011080679974198712,0.00037124315182841816,0.5378825356041876,28061,11939,0.70
oscillations_3_0_48,oscillations,3,-17.0,8.65,0.0,48,0.29368542222424604,0.00010322508005694,0.0003456100445532436,0.5373817219765761,28053,11947,0.70
oscillations_3_0_49,oscillations,3,-17.0,8.65,0.0,49,0.2921480359712225,-0.00018349208304224344,-0.000614507980717493,0.5346355928350148,28056,11944,0.70
oscillations_3_0.25_0,oscillations,3,-17.0,8.65,0.25,0,0.29589845429483963,0.000468547809825262,0.001567967237765452,0.5412936780449615,28047,11953,0.70
oscillations_3_0.25_1,oscillations,3,-17.0,8.65,0.25,1,0.2954601500613929,0.00021677118293848282,0.000726505849814774,0.540900550199926,28065,11935,0.70
oscillations_3_0.25_2,oscillations,3,-17.0,8.65,0.25,2,0.29130304333931445,-0.00011344138034864035,-0.00037984724710745196,0.5330447680250623,28054,11946,0.70
oscillations_3_0.25_3,oscillations,3,-17.0,8.65,0.25,3,0.2896795363249465,0.0006183205020794453,0.002072988021387798,0.5304043313566874,28069,11931,0.70
oscillations_3_0.25_4,oscillations,3,-17.0,8.65,0.25,4,0.29721684569025175,-7.743820414921362e-05,-0.00025964192506023,0.5442308544871427,28070,11930,0.70
oscillations_3_0.25_5,oscillations,3,-17.0,8.65,0.25,5,0.30014484531752694,-0.00015380920192028882,-0.0005152737082756743,0.549361964543858,28060,11940,0.70
oscillations_3_0.25_6,oscillations,3,-17.0,8.65,0.25,6,0.290057605948421,-0.00036266241103734276,-0.0012149494507113648,0.5308982485736307,28060,11940,0.70
oscillations_3_0.25_7,oscillations,3,-17.0,8.65,0.25,7,0.2866087333079922,-6.770724783623865e-05,-0.0002268249508751721,0.524586637092208,28060,11940,0.70
oscillations_3_0.25_8,oscillations,3,-17.0,8.65,0.25,8,0.2838303968279416,4.043598855964259e-06,1.3555477224151648e-05,0.5196755419237725,28068,11932,0.70
oscillations_3_0.25_9,oscillations,3,-17.0,8.65,0.25,9,0.2950623141494311,-0.0001285663338517839,-0.00043020355981858454,0.539742998506163,28046,11954,0.70
oscillations_3_0.25_10,oscillations,3,-17.0,8.65,0.25,10,0.29199525251885594,-9.408394353445036e-05,-0.00031500441461270774,0.5342890840548683,28053,11947,0.70
oscillations_3_0.25_11,oscillations,3,-17.0,8.65,0.25,11,0.29532670381694986,-0.0003331603463113617,-0.0011170506162996201,0.540769067777222,28070,11930,0.70
oscillations_3_0.25_12,oscillations,3,-17.0,8.65,0.25,12,0.2919696638531849,-0.00033484291509088237,-0.0011216578681547014,0.5343757052480627,28059,11941,0.70
oscillations_3_0.25_13,oscillations,3,-17.0,8.65,0.25,13,0.30006423987948044,0.00011277296588718775,0.0003778621741906105,0.5492605125105003,28062,11938,0.70
oscillations_3_0.25_14,oscillations,3,-17.0,8.65,0.25,14,0.2929447064473913,-7.732217543480734e-05,-0.00025901407062995583,0.5361610556733436,28059,11941,0.70
oscillations_3_0.25_15,oscillations,3,-17.0,8.65,0.25,15,0.30016792022061883,-9.435312541127809e-05,-0.0003161968009761327,0.5494963554302473,28064,11936,0.70
oscillations_3_0.25_16,oscillations,3,-17.0,8.65,0.25,16,0.29412057339432396,0.00012012452544161542,0.0004026970346685042,0.5385161002025811,28068,11932,0.70
oscillations_3_0.25_17,oscillations,3,-17.0,8.65,0.25,17,0.2992728068782708,5.806431389110709e-05,0.00019439006994009737,0.5475825834598174,28052,11948,0.70
oscillations_3_0.25_18,oscillations,3,-17.0,8.65,0.25,18,0.2917179495684083,-0.00043315252938180924,-0.001450732745145472,0.5338697419703141,28057,11943,0.70
oscillations_3_0.25_19,oscillations,3,-17.0,8.65,0.25,19,0.29374599591383677,0.00010228844901542848,0.0003429908593022996,0.537897926072208,28071,11929,0.70
oscillations_3_0.25_20,oscillations,3,-17.0,8.65,0.25,20,0.2902793844242274,0.00015507929774362915,0.0005193981336134285,0.5312382377249693,28057,11943,0.70
oscillations_3_0.25_21,oscillations,3,-17.0,8.65,0.25,21,0.2943595745326491,0.0002867247037520427,0.0009606322263239565,0.5387951799094447,28061,11939,0.70
oscillations_3_0.25_22,oscillations,3,-17.0,8.65,0.25,22,0.2925328548733601,0.00021367863953951973,0.0007154219119093331,0.5352725117341247,28053,11947,0.70
oscillations_3_0.25_23,oscillations,3,-17.0,8.65,0.25,23,0.29137803777000676,-0.00016647720710553048,-0.0005577593001274159,0.5333381710268439,28061,11939,0.70
oscillations_3_0.25_24,oscillations,3,-17.0,8.65,0.25,24,0.2921067574085412,-0.00017929935511903762,-0.0006005672588143945,0.5346048246212834,28058,11942,0.70
oscillations_3_0.25_25,oscillations,3,-17.0,8.65,0.25,25,0.29975865883453656,0.0003033443725114724,0.0010160588595259498,0.5486086826510539,28058,11942,0.70
oscillations_3_0.25_26,oscillations,3,-17.0,8.65,0.25,26,0.29361063541337196,-0.00015398577087931146,-0.0005163842081801205,0.537672497935021,28072,11928,0.70
oscillations_3_0.25_27,oscillations,3,-17.0,8.65,0.25,27,0.29414588964026667,-0.00013733051870734996,-0.0004603386196508841,0.5385398536779583,28067,11933,0.70
oscillations_3_0.25_28,oscillations,3,-17.0,8.65,0.25,28,0.29381773831459146,-0.0001056311633853328,-0.0003537547333735185,0.5376913424084546,28056,11944,0.70
oscillations_3_0.25_29,oscillations,3,-17.0,8.65,0.25,29,0.2939443707265451,0.00010698886683545936,0.00035842166444040064,0.5380131765689922,28060,11940,0.70
oscillations_3_0.25_30,oscillations,3,-17.0,8.65,0.25,30,0.29675721815469835,-3.766357769856747e-05,-0.00012620785020882175,0.5432299197593745,28063,11937,0.70
oscillations_3_0.25_31,oscillations,3,-17.0,8.65,0.25,31,0.30062412596246924,0.0005219114287506543,0.001748007799550043,0.5501683123279422,28057,11943,0.70
oscillations_3_0.25_32,oscillations,3,-17.0,8.65,0.25,32,0.2945739003726443,0.00024340459180192907,0.0008154940675163041,0.5391876500736548,28061,11939,0.70
oscillations_3_0.25_33,oscillations,3,-17.0,8.65,0.25,33,0.28754691184384645,-0.0002672347926651881,-0.0008953339229925046,0.5263253482992306,28061,11939,0.70
oscillations_3_0.25_34,oscillations,3,-17.0,8.65,0.25,34,0.30332947811734234,-0.0002530133994872365,-0.0008483265699488238,0.5554232255732744,28070,11930,0.70
oscillations_3_0.25_35,oscillations,3,-17.0,8.65,0.25,35,0.2977739346833359,-2.0499851087964415e-05,-6.866471642259012e-05,0.5449769567616437,28058,11942,0.70
oscillations_3_0.25_36,oscillations,3,-17.0,8.65,0.25,36,0.29629801169317194,-0.00028966449538908194,-0.000970969564699847,0.5424796165402398,28067,11933,0.70
oscillations_3_0.25_37,oscillations,3,-17.0,8.65,0.25,37,0.2959320481817453,0.00012993058014513267,0.0004351325523949522,0.5415605241887465,28056,11944,0.70
oscillations_3_0.25_38,oscillations,3,-17.0,8.65,0.25,38,0.29263758660941613,0.0003022160879334835,0.0010135527389401632,0.5359125746306008,28073,11927,0.70
oscillations_3_0.25_39,oscillations,3,-17.0,8.65,0.25,39,0.29532345700544615,0.00011375164078685438,0.0003815568663710006,0.5408771935602288,28075,11925,0.70
oscillations_3_0.25_40,oscillations,3,-17.0,8.65,0.25,40,0.29606854530763443,5.6512705663596984e-05,0.00018936987740168234,0.5419692544232443,28063,11937,0.70
oscillations_3_0.25_41,oscillations,3,-17.0,8.65,0.25,41,0.2946006656267517,0.00011211362935606547,0.0003755585942754041,0.5391918217337723,28059,11941,0.70
oscillations_3_0.25_42,oscillations,3,-17.0,8.65,0.25,42,0.2996531585375958,0.0002480749344497992,0.000831071807202008,0.5484617465414077,28060,11940,0.70
oscillations_3_0.25_43,oscillations,3,-17.0,8.65,0.25,43,0.2949499196064776,0.0001843947399486126,0.0006181001925705595,0.5400118099551339,28067,11933,0.70
oscillations_3_0.25_44,oscillations,3,-17.0,8.65,0.25,44,0.2900803670714408,0.0003182920810334487,0.0010662158312819657,0.5309179006920496,28059,11941,0.70
oscillations_3_0.25_45,oscillations,3,-17.0,8.65,0.25,45,0.29348283411590576,0.000152377778148562,0.0005101792187111806,0.5370109368487661,28053,11947,0.70
oscillations_3_0.25_46,oscillations,3,-17.0,8.65,0.25,46,0.2883371966707293,-0.000127678108164442,-0.00042780401462369575,0.5277944025471631,28062,11938,0.70
oscillations_3_0.25_47,oscillations,3,-17.0,8.65,0.25,47,0.2937494157356859,-6.757471207013333e-05,-0.00022645680988650564,0.5377464785221925,28064,11936,0.70
oscillations_3_0.25_48,oscillations,3,-17.0,8.65,0.25,48,0.2871871172726183,5.858857863499525e-05,0.0001963424216990477,0.5257333453925318,28064,11936,0.70
oscillations_3_0.25_49,oscillations,3,-17.0,8.65,0.25,49,0.2923985947372975,6.973566587481007e-05,0.0002336398890185446,0.535206367377076,28061,11939,0.70
oscillations_3_0.5_0,oscillations,3,-17.0,8.65,0.5,0,0.2933937384411633,0.00020134483164549696,0.0006744090827181273,0.5369601584054015,28058,11942,0.70
oscillations_3_0.5_1,oscillations,3,-17.0,8.65,0.5,1,0.29735922641275947,-7.142146926696947e-05,-0.00023920780127930895,0.5441951517817877,28057,11943,0.70
oscillations_3_0.5_2,oscillations,3,-17.0,8.65,0.5,2,0.29367147630837115,-5.163812283736169e-06,-1.7300652596485068e-05,0.5375362854517706,28061,11939,0.70
oscillations_3_0.5_3,oscillations,3,-17.0,8.65,0.5,3,0.29589746998583083,0.0002871383275689004,0.0009615347930310606,0.5414741025789923,28055,11945,0.70
oscillations_3_0.5_4,oscillations,3,-17.0,8.65,0.5,4,0.29954108715628747,6.672404295358494e-05,0.00022351241254027284,0.5482340720131869,28059,11941,0.70
oscillations_3_0.5_5,oscillations,3,-17.0,8.65,0.5,5,0.29147140583272835,7.271598781436684e-05,0.00024362505340268554,0.5335092375105039,28061,11939,0.70
oscillations_3_0.5_6,oscillations,3,-17.0,8.65,0.5,6,0.29121117338810554,0.0005699415973079531,0.0019077543006123957,0.5327851664380896,28050,11950,0.70
oscillations_3_0.5_7,oscillations,3,-17.0,8.65,0.5,7,0.28956679107772104,-6.177766846769091e-05,-0.00020696036337584863,0.530000845503577,28060,11940,0.70
oscillations_3_0.5_8,oscillations,3,-17.0,8.65,0.5,8,0.29084451636155734,-0.0004731113011660569,-0.0015857593469618134,0.5324716716252332,28066,11934,0.70
oscillations_3_0.5_9,oscillations,3,-17.0,8.65,0.5,9,0.2998503501738323,0.00037650461873640743,0.0012613220058171103,0.5488220959504762,28060,11940,0.70
oscillations_3_0.5_10,oscillations,3,-17.0,8.65,0.5,10,0.29061694868688165,-0.00036874078305008533,-0.0012352090546858237,0.5318997223820263,28059,11941,0.70
oscillations_3_0.5_11,oscillations,3,-17.0,8.65,0.5,11,0.29295460172592586,-0.00019060722684753902,-0.0006387641650386696,0.5362912346596799,28064,11936,0.70
oscillations_3_0.5_12,oscillations,3,-17.0,8.65,0.5,12,0.2994671534971871,-0.00025350281232154755,-0.0008500387704637354,0.548373935994541,28071,11929,0.70
oscillations_3_0.5_13,oscillations,3,-17.0,8.65,0.5,13,0.29739216006446567,-0.00010274238975826089,-0.0003441091509947616,0.5442553840172558,28057,11943,0.70
oscillations_3_0.5_14,oscillations,3,-17.0,8.65,0.5,14,0.2933860002596175,-0.00011794476619132883,-0.00039509175510034,0.536968674169897,28059,11941,0.70
oscillations_3_0.5_15,oscillations,3,-17.0,8.65,0.5,15,0.29320825786510785,1.5830540585135554e-07,5.300700011762563e-07,0.536531145835113,28054,11946,0.70
oscillations_3_0.5_16,oscillations,3,-17.0,8.65,0.5,16,0.29047303209181174,-0.0001962098422134403,-0.0006575396857018785,0.5317483803427783,28064,11936,0.70
oscillations_3_0.5_17,oscillations,3,-17.0,8.65,0.5,17,0.2917977388229493,3.0199088912375716e-05,0.00010115253362041651,0.5340394979407106,28058,11942,0.70
oscillations_3_0.5_18,oscillations,3,-17.0,8.65,0.5,18,0.29348594347256884,-0.0004775061168608664,-0.0015996854836209929,0.537172519282463,28060,11940,0.70
oscillations_3_0.5_19,oscillations,3,-17.0,8.65,0.5,19,0.29081652116977197,0.00019025993741506115,0.0006369066446231855,0.5320875189423793,28051,11949,0.70
oscillations_3_0.5_20,oscillations,3,-17.0,8.65,0.5,20,0.2970818544701427,0.000250305457928355,0.0008381932454695864,0.5436416010439149,28055,11945,0.70
oscillations_3_0.5_21,oscillations,3,-17.0,8.65,0.5,21,0.3010024520644989,0.00023542476729303404,0.0007883625526765478,0.5508161180404478,28055,11945,0.70
oscillations_3_0.5_22,oscillations,3,-17.0,8.65,0.5,22,0.28439335590352594,0.0002980527119740372,0.000998919855799034,0.5206401653480672,28065,11935,0.70
oscillations_3_0.5_23,oscillations,3,-17.0,8.65,0.5,23,0.29164501867345743,-0.00013413690973796934,-0.00044970885839567236,0.5340058660548199,28069,11931,0.70
oscillations_3_0.5_24,oscillations,3,-17.0,8.65,0.5,24,0.2937348751181132,0.00011174686055096595,0.0003743299909587678,0.5376072117919517,28059,11941,0.70
oscillations_3_0.5_25,oscillations,3,-17.0,8.65,0.5,25,0.29403236072404043,-5.788479651500818e-05,-0.00019390267654303058,0.5381517507704788,28059,11941,0.70
oscillations_3_0.5_26,oscillations,3,-17.0,8.65,0.5,26,0.29755658346807956,-0.00015085038039603645,-0.0005057426213931329,0.5448299898218638,28069,11931,0.70
oscillations_3_0.5_27,oscillations,3,-17.0,8.65,0.5,27,0.30007845372526915,0.0004504967041077567,0.0015080649564239912,0.5490322802477035,28051,11949,0.70
oscillations_3_0.5_28,oscillations,3,-17.0,8.65,0.5,28,0.28796479924644497,-9.31383880204707e-05,-0.000311943022759678,0.5270024437684038,28057,11943,0.70
oscillations_3_0.5_29,oscillations,3,-17.0,8.65,0.5,29,0.2950369820647801,3.481702750189939e-05,0.00011657161631170667,0.5398548578675656,28053,11947,0.70
oscillations_3_0.5_30,oscillations,3,-17.0,8.65,0.5,30,0.28446325056754096,9.343827450430386e-05,0.00031313094673024217,0.520746912780801,28064,11936,0.70
oscillations_3_0.5_31,oscillations,3,-17.0,8.65,0.5,31,0.298195578821773,9.335417814065315e-05,0.00031269193816999924,0.5457485774663868,28058,11942,0.70
oscillations_3_0.5_32,oscillations,3,-17.0,8.65,0.5,32,0.29519004007245364,-0.00018940937964428937,-0.0006347499317838121,0.5403835006447725,28064,11936,0.70
oscillations_3_0.5_33,oscillations,3,-17.0,8.65,0.5,33,0.29611605340186486,-0.0002667642704707899,-0.0008940570438903722,0.5421011419194496,28065,11935,0.70
oscillations_3_0.5_34,oscillations,3,-17.0,8.65,0.5,34,0.2918477292063798,-1.5987143939874437e-06,-5.3553785913654705e-06,0.5341533605011555,28059,11941,0.70
oscillations_3_0.5_35,oscillations,3,-17.0,8.65,0.5,35,0.2937909556792217,0.00016345975816939654,0.0005480169580735781,0.5379350429178908,28069,11931,0.70
oscillations_3_0.5_36,oscillations,3,-17.0,8.65,0.5,36,0.28941276905725294,0.0002401498255751466,0.0008037142756865668,0.5294525460375374,28048,11952,0.70
oscillations_3_0.5_37,oscillations,3,-17.0,8.65,0.5,37,0.28828116440104784,0.00017091886490709738,0.0005726404720901148,0.5276696404698368,28061,11939,0.70
oscillations_3_0.5_38,oscillations,3,-17.0,8.65,0.5,38,0.2873609346154118,-0.00026664612783428314,-0.0008923899860585121,0.525698807857266,28048,11952,0.70
oscillations_3_0.5_39,oscillations,3,-17.0,8.65,0.5,39,0.2890887248289616,8.411874959008947e-05,0.0002816161686979894,0.5289486328654622,28052,11948,0.70
oscillations_3_0.5_40,oscillations,3,-17.0,8.65,0.5,40,0.29152312345182224,-0.0001535964557913377,-0.0005148196942897185,0.5337155368328115,28066,11934,0.70
oscillations_3_0.5_41,oscillations,3,-17.0,8.65,0.5,41,0.2919008285771391,8.952718806571724e-05,0.0003000492268645758,0.5343847595360289,28065,11935,0.70
oscillations_3_0.5_42,oscillations,3,-17.0,8.65,0.5,42,0.28703810976122973,-0.00010699092997615311,-0.0003585787347336504,0.5254825206158298,28065,11935,0.70
oscillations_3_0.5_43,oscillations,3,-17.0,8.65,0.5,43,0.2934204033995428,-0.0004977588876815503,-0.0016676736332408085,0.5370749054309669,28061,11939,0.70
oscillations_3_0.5_44,oscillations,3,-17.0,8.65,0.5,44,0.2935495997558336,0.0002732368322984062,0.0009152129703513864,0.5372451613936696,28058,11942,0.70
oscillations_3_0.5_45,oscillations,3,-17.0,8.65,0.5,45,0.2935032804031623,-0.00016509056500916303,-0.0005534380322130832,0.5373857813760904,28068,11932,0.70
oscillations_3_0.5_46,oscillations,3,-17.0,8.65,0.5,46,0.3005586071563673,0.0002122258864892899,0.0007112723468430329,0.5502343498145016,28065,11935,0.70
oscillations_3_0.5_47,oscillations,3,-17.0,8.65,0.5,47,0.29545545499353704,0.00020738068143790272,0.000694742651383259,0.5407787201565343,28060,11940,0.70
oscillations_3_0.5_48,oscillations,3,-17.0,8.65,0.5,48,0.29557385613405435,-0.0001426917859669367,-0.0004777893385800653,0.5408597202114585,28054,11946,0.70
oscillations_3_0.5_49,oscillations,3,-17.0,8.65,0.5,49,0.2889542529488591,0.0005417708944253255,0.0018133073196396135,0.5286340970725936,28049,11951,0.70
oscillations_3_0.75_0,oscillations,3,-17.0,8.65,0.75,0,0.29559298543412504,-0.0002664365891381046,-0.0008937825868436928,0.5413931049576727,28076,11924,0.70
oscillations_3_0.75_1,oscillations,3,-17.0,8.65,0.75,1,0.2899067565070214,0.0005365173215792642,0.0017969264726760917,0.5305543374676236,28057,11943,0.70
oscillations_3_0.75_2,oscillations,3,-17.0,8.65,0.75,2,0.29034827190174256,-0.00029172406917289646,-0.0009779553106701202,0.5316087287185398,28068,11932,0.70
oscillations_3_0.75_3,oscillations,3,-17.0,8.65,0.75,3,0.2918288429105832,0.00041604555346877063,0.0013935540226721515,0.5340951551828035,28058,11942,0.70
oscillations_3_0.75_4,oscillations,3,-17.0,8.65,0.75,4,0.2882564424423439,0.000172354222906102,0.0005771110761965579,0.5274697771493689,28054,11946,0.70
oscillations_3_0.75_5,oscillations,3,-17.0,8.65,0.75,5,0.29131245147308304,-0.0005420993318324186,-0.0018154699659491589,0.5331045385868645,28056,11944,0.70
oscillations_3_0.75_6,oscillations,3,-17.0,8.65,0.75,6,0.2994611141130456,0.0004140518084314632,0.0013868759284256017,0.5480635543214086,28058,11942,0.70
oscillations_3_0.75_7,oscillations,3,-17.0,8.65,0.75,7,0.29405078630978676,-0.0003678593574101472,-0.0012326693722380707,0.5382746718487221,28063,11937,0.70
oscillations_3_0.75_8,oscillations,3,-17.0,8.65,0.75,8,0.29171447698690545,-3.4454616368022605e-06,-1.1546453206443603e-05,0.5340212918353403,28064,11936,0.70
oscillations_3_0.75_9,oscillations,3,-17.0,8.65,0.75,9,0.2953225994904441,-2.821504593079114e-05,-9.448320110771385e-05,0.5404227168933562,28055,11945,0.70
oscillations_3_0.75_10,oscillations,3,-17.0,8.65,0.75,10,0.28733064877517966,-0.00025088255257247835,-0.0008412525863776637,0.5261499582469316,28071,11929,0.70
oscillations_3_0.75_11,oscillations,3,-17.0,8.65,0.75,11,0.291603042467332,0.0005833924068783319,0.0019532682912139694,0.5335689808951141,28053,11947,0.70
oscillations_3_0.75_12,oscillations,3,-17.0,8.65,0.75,12,0.28891226693591254,6.618189439987335e-05,0.00022162208254457454,0.528692164307508,28055,11945,0.70
oscillations_3_0.75_13,oscillations,3,-17.0,8.65,0.75,13,0.2920659981645815,-2.6850711892537028e-05,-8.997474036202484e-05,0.5346423961035187,28063,11937,0.70
oscillations_3_0.75_14,oscillations,3,-17.0,8.65,0.75,14,0.2855930345662422,0.0002851788608395468,0.000954174356635874,0.5223989659060355,28045,11955,0.70
oscillations_3_0.75_15,oscillations,3,-17.0,8.65,0.75,15,0.2827603107128725,0.00023030246389895792,0.0007710159487745493,0.517369116557965,28052,11948,0.70
oscillations_3_0.75_16,oscillations,3,-17.0,8.65,0.75,16,0.2930088095257465,0.0002476224545981989,0.0008292781466784967,0.536210620902649,28056,11944,0.70
oscillations_3_0.75_17,oscillations,3,-17.0,8.65,0.75,17,0.2871319564631502,-3.6941662778150476e-07,-1.2375766424854793e-06,0.5255443390762837,28060,11940,0.70
oscillations_3_0.75_18,oscillations,3,-17.0,8.65,0.75,18,0.28800667045779965,0.0003539462028909665,0.0011849554833979468,0.5269679048422913,28052,11948,0.70
oscillations_3_0.75_19,oscillations,3,-17.0,8.65,0.75,19,0.28696750574317864,0.00015175503050397361,0.0005083494866559724,0.5252211747732034,28059,11941,0.70
oscillations_3_0.75_20,oscillations,3,-17.0,8.65,0.75,20,0.29315640053528075,0.0005671528858015234,0.0019017617094526725,0.5368159911221352,28071,11929,0.70
oscillations_3_0.75_21,oscillations,3,-17.0,8.65,0.75,21,0.2935778340770041,0.0004018561548743418,0.001347041497944664,0.5374987770512529,28067,11933,0.70
oscillations_3_0.75_22,oscillations,3,-17.0,8.65,0.75,22,0.29986563679115275,0.0002532750813002295,0.0008489904677791982,0.5490115883300423,28067,11933,0.70
oscillations_3_0.75_23,oscillations,3,-17.0,8.65,0.75,23,0.29365981635678595,0.000302883606123598,0.0010140060466139876,0.5373117887571134,28052,11948,0.70
oscillations_3_0.75_24,oscillations,3,-17.0,8.65,0.75,24,0.29196014459414776,0.00030119818671706913,0.0010082791420773938,0.5341795312086125,28051,11949,0.70
oscillations_3_0.75_25,oscillations,3,-17.0,8.65,0.75,25,0.29229128442142,-0.00032166515004242743,-0.0010779663205175176,0.5350764511316207,28064,11936,0.70
oscillations_3_0.75_26,oscillations,3,-17.0,8.65,0.75,26,0.2868075105348063,-5.60661868398176e-05,-0.00018782642157392796,0.5249504745305148,28060,11940,0.70
oscillations_3_0.75_27,oscillations,3,-17.0,8.65,0.75,27,0.28876896552788694,-0.00014368213684942574,-0.0004812665779582175,0.5284961805469951,28058,11942,0.70
oscillations_3_0.75_28,oscillations,3,-17.0,8.65,0.75,28,0.28717158562950573,-0.00025521688911002904,-0.0008543539680643695,0.5254184012637163,28051,11949,0.70
oscillations_3_0.75_29,oscillations,3,-17.0,8.65,0.75,29,0.286538248500064,0.0001523230528884429,0.0005104232315940115,0.5245233863215863,28063,11937,0.70
oscillations_3_0.75_30,oscillations,3,-17.0,8.65,0.75,30,0.2903734348183196,-0.000187155767687898,-0.0006265676855972477,0.5312990737403263,28052,11948,0.70
oscillations_3_0.75_31,oscillations,3,-17.0,8.65,0.75,31,0.29212285259553755,0.0003114474388010083,0.001043112915686204,0.5346114211517942,28057,11943,0.70
oscillations_3_0.75_32,oscillations,3,-17.0,8.65,0.75,32,0.2923541543352095,-0.00013396662047862306,-0.0004485739845257771,0.5349681208949899,28054,11946,0.70
oscillations_3_0.75_33,oscillations,3,-17.0,8.65,0.75,33,0.29122984098561483,0.000552627289378349,0.0018508826572162728,0.5329755859601318,28057,11943,0.70
oscillations_3_0.75_34,oscillations,3,-17.0,8.65,0.75,34,0.2918208461244311,8.39012342778285e-05,0.00028088796209517475,0.533947624744571,28052,11948,0.70
oscillations_3_0.75_35,oscillations,3,-17.0,8.65,0.75,35,0.29044323736723604,-0.0004311799857798306,-0.0014434010738298784,0.5314034388352028,28051,11949,0.70
oscillations_3_0.75_36,oscillations,3,-17.0,8.65,0.75,36,0.2947801824474593,0.0003173416025101127,0.0010630319152838555,0.5395197389330895,28059,11941,0.70
oscillations_3_0.75_37,oscillations,3,-17.0,8.65,0.75,37,0.2956727571604669,-5.505569287244492e-05,-0.00018439485178747296,0.5411087701969067,28057,11943,0.70
oscillations_3_0.75_38,oscillations,3,-17.0,8.65,0.75,38,0.29528617426170156,0.00039134106716747337,0.0013120143061519523,0.5406718873082533,28069,11931,0.70
oscillations_3_0.75_39,oscillations,3,-17.0,8.65,0.75,39,0.28640167206315126,-0.00043912847591481244,-0.0014714868925686923,0.5242721013292507,28063,11937,0.70
oscillations_3_0.75_40,oscillations,3,-17.0,8.65,0.75,40,0.2925107004622347,0.00022552278439231702,0.0007560267663168513,0.5355682556880537,28068,11932,0.70
oscillations_3_0.75_41,oscillations,3,-17.0,8.65,0.75,41,0.2850617849719,-0.00010001417842680666,-0.00033516815826677664,0.5218425983909526,28064,11936,0.70
oscillations_3_0.75_42,oscillations,3,-17.0,8.65,0.75,42,0.29678874866713584,6.120917613594368e-06,2.05158961407559e-05,0.5433559303005472,28066,11934,0.70
oscillations_3_0.75_43,oscillations,3,-17.0,8.65,0.75,43,0.29373547907696523,-0.00010704559181553668,-0.0003590928943828799,0.5379914210884615,28076,11924,0.70
oscillations_3_0.75_44,oscillations,3,-17.0,8.65,0.75,44,0.28701263448314945,0.00011410599909169453,0.0003820726572633324,0.5251939020758732,28054,11946,0.70
oscillations_3_0.75_45,oscillations,3,-17.0,8.65,0.75,45,0.289726223035321,7.963812177757519e-05,0.0002666380573451929,0.5301372612521573,28053,11947,0.70
oscillations_3_0.75_46,oscillations,3,-17.0,8.65,0.75,46,0.29082274890000526,0.0006177841411809647,0.002070322188944252,0.5323860433980628,28064,11936,0.70
oscillations_3_0.75_47,oscillations,3,-17.0,8.65,0.75,47,0.29621962036031296,-8.238682332766816e-05,-0.0002761415228009639,0.5423139305555311,28066,11934,0.70
oscillations_3_0.75_48,oscillations,3,-17.0,8.65,0.75,48,0.29164225466048965,0.00033292986675566885,0.0011153429372049214,0.5337988260095381,28060,11940,0.70
oscillations_3_0.75_49,oscillations,3,-17.0,8.65,0.75,49,0.2947093492732413,0.000263834803779654,0.0008854259712380373,0.5398878939222205,28081,11919,0.70
oscillations_3_1_0,oscillations,3,,10.74,1.0,0,0.2877123442601122,0.00019005337596149358,0.0006366414067883562,0.5265843156617952,28059,11941,0.70
oscillations_3_1_1,oscillations,3,,10.74,1.0,1,0.29158312252068425,-0.00020970026634178654,-0.0007018668440859739,0.5334454206760652,28049,11951,0.70
oscillations_3_1_2,oscillations,3,,10.74,1.0,2,0.2851046616258122,0.00014764978624385347,0.0004946391498956558,0.5218335694425932,28060,11940,0.70
oscillations_3_1_3,oscillations,3,,10.74,1.0,3,0.28516793976236454,-9.732016299852983e-05,-0.00032603069681249415,0.5219494819190791,28060,11940,0.70
oscillations_3_1_4,oscillations,3,,10.74,1.0,4,0.285037926394953,0.0006348502263082798,0.0021251995189832786,0.5215120363267173,28051,11949,0.70
oscillations_3_1_5,oscillations,3,,10.74,1.0,5,0.28784458016851,0.00012700782704841649,0.0004255937908969313,0.5269147498300306,28063,11937,0.70
oscillations_3_1_6,oscillations,3,,10.74,1.0,6,0.28807324917509436,0.000683083497672437,0.0022899212124453156,0.527440448808954,28068,11932,0.70
oscillations_3_1_7,oscillations,3,,10.74,1.0,7,0.29078243245401486,-0.00024141615418753903,-0.0008091709542065997,0.5323592347407783,28066,11934,0.70
oscillations_3_1_8,oscillations,3,,10.74,1.0,8,0.2827277138874312,-0.00018456389631078528,-0.0006180974424339768,0.517396233049475,28056,11944,0.70
oscillations_3_1_9,oscillations,3,,10.74,1.0,9,0.2859717464119191,4.3447628385646644e-05,0.00014572405965335058,0.5237278984635959,28074,11926,0.70
oscillations_3_1_10,oscillations,3,,10.74,1.0,10,0.2937753110585178,3.069469050745321e-05,0.00010288148318234867,0.5378389719527805,28066,11934,0.70
oscillations_3_1_11,oscillations,3,,10.74,1.0,11,0.28858021106438936,0.00031335333730405946,0.0010503757221287503,0.5283492799282965,28067,11933,0.70
oscillations_3_1_12,oscillations,3,,10.74,1.0,12,0.2882648267816334,0.0007321554564720733,0.0024533985305255045,0.5276801529126863,28063,11937,0.70
oscillations_3_1_13,oscillations,3,,10.74,1.0,13,0.2860020381853079,-6.13005939533105e-05,-0.00020558596110777474,0.523761402304889,28073,11927,0.70
oscillations_3_1_14,oscillations,3,,10.74,1.0,14,0.28429780670823057,-0.00013721564216392254,-0.00045983794290858584,0.5204439698033843,28064,11936,0.70
oscillations_3_1_15,oscillations,3,,10.74,1.0,15,0.2867725125420306,0.00027463801642882164,0.0009194443134543737,0.524710122473226,28052,11948,0.70
oscillations_3_1_16,oscillations,3,,10.74,1.0,16,0.2800441174770664,-0.00025925870949093037,-0.0008684656544374179,0.5125493222860674,28059,11941,0.70
oscillations_3_1_17,oscillations,3,,10.74,1.0,17,0.29308884179805045,0.0006156538121090508,0.002064566774342893,0.5367143538652411,28072,11928,0.70
oscillations_3_1_18,oscillations,3,,10.74,1.0,18,0.2888328556575746,-0.00037827698188858507,-0.0012678967048385626,0.5287893467487255,28066,11934,0.70
oscillations_3_1_19,oscillations,3,,10.74,1.0,19,0.28410114786133883,-1.8637919560495008e-05,-6.250140697684443e-05,0.520258478678153,28072,11928,0.70
oscillations_3_1_20,oscillations,3,,10.74,1.0,20,0.29219379719057453,-0.00026576927789528454,-0.0008902747773060362,0.5347862305101522,28059,11941,0.70
oscillations_3_1_21,oscillations,3,,10.74,1.0,21,0.287056861839362,-8.01713140974325e-08,-2.685581244371089e-07,0.5253848910483524,28059,11941,0.70
oscillations_3_1_22,oscillations,3,,10.74,1.0,22,0.2923743103936587,0.00023113085494672525,0.0007747619373057092,0.5352960844474834,28067,11933,0.70
oscillations_3_1_23,oscillations,3,,10.74,1.0,23,0.2842697804462451,-0.00010603255718225315,-0.00035548590120611283,0.5205017521662615,28069,11931,0.70
oscillations_3_1_24,oscillations,3,,10.74,1.0,24,0.287595949802934,-0.0005128313197721252,-0.0017183156970082927,0.5264357216695904,28062,11938,0.70
oscillations_3_1_25,oscillations,3,,10.74,1.0,25,0.28799992864130874,-0.0006672191293613033,-0.002235052774009894,0.52710761203614,28059,11941,0.70
oscillations_3_1_26,oscillations,3,,10.74,1.0,26,0.29438874200571913,0.0005624686313645815,0.0018840014448654537,0.5387791707227981,28058,11942,0.70
oscillations_3_1_27,oscillations,3,,10.74,1.0,27,0.2940039732110321,0.0002564562990433409,0.0008595100093618474,0.53823457821654,28065,11935,0.70
oscillations_3_1_28,oscillations,3,,10.74,1.0,28,0.28712478867962504,0.00045597915803471267,0.0015264178024427554,0.5253317119410059,28051,11949,0.70
oscillations_3_1_29,oscillations,3,,10.74,1.0,29,0.2850031136111136,-1.5392136286638002e-05,-5.1521795101716864e-05,0.5214295580161743,28050,11950,0.70
oscillations_3_1_30,oscillations,3,,10.74,1.0,30,0.28848861132943343,-0.00012503530770860402,-0.0004190893504561899,0.5281600597991509,28066,11934,0.70
oscillations_3_1_31,oscillations,3,,10.74,1.0,31,0.2952464827748561,9.051253632778522e-06,3.0322457731252223e-05,0.5403965458765296,28060,11940,0.70
oscillations_3_1_32,oscillations,3,,10.74,1.0,32,0.28257791535396337,0.0003228352359227427,0.0010810723680962503,0.5170999191287156,28055,11945,0.70
oscillations_3_1_33,oscillations,3,,10.74,1.0,33,0.2886301023423665,-0.0002471136909798456,-0.0008273665053313651,0.5281311862544525,28053,11947,0.70
oscillations_3_1_34,oscillations,3,,10.74,1.0,34,0.2862409501334948,-9.627190880562399e-05,-0.0003226000127523636,0.5239792703552705,28063,11937,0.70
oscillations_3_1_35,oscillations,3,,10.74,1.0,35,0.2872889401900739,-0.0002369188733150896,-0.0007936315997490651,0.5258092315598706,28059,11941,0.70
oscillations_3_1_36,oscillations,3,,10.74,1.0,36,0.28847153565061007,-5.949051328633079e-05,-0.0001991480903383734,0.5277972947459888,28051,11949,0.70
oscillations_3_1_37,oscillations,3,,10.74,1.0,37,0.28669894589869666,-0.00041168021531811733,-0.001379509810900954,0.5248164537294383,28063,11937,0.70
oscillations_3_1_38,oscillations,3,,10.74,1.0,38,0.29257095607374173,3.784707817333626e-05,0.00012670598651937087,0.5353201501186408,28052,11948,0.70
oscillations_3_1_39,oscillations,3,,10.74,1.0,39,0.2869008019036939,0.0005313784314624504,0.0017783749379600082,0.524855457586706,28048,11952,0.70
oscillations_3_1_40,oscillations,3,,10.74,1.0,40,0.28993364131041927,-0.00027488819536208636,-0.000920281872655127,0.5304940782250607,28052,11948,0.70
oscillations_3_1_41,oscillations,3,,10.74,1.0,41,0.2900462418932221,-2.348086444368054e-05,-7.868922400697335e-05,0.5309673665142596,28064,11936,0.70
oscillations_3_1_42,oscillations,3,,10.74,1.0,42,0.28491157462751304,0.00024272184023287072,0.0008128661762654734,0.5213925496122671,28056,11944,0.70
oscillations_3_1_43,oscillations,3,,10.74,1.0,43,0.2883058302889866,0.00039223642606621753,0.0013145753701423294,0.5278022823740269,28065,11935,0.70
oscillations_3_1_44,oscillations,3,,10.74,1.0,44,0.2926500417889349,0.00011417552455532585,0.0003824975696995847,0.5356441239746714,28060,11940,0.70
oscillations_3_1_45,oscillations,3,,10.74,1.0,45,0.291582911291192,-0.00028418399255225184,-0.000952040176054445,0.5336904301680576,28060,11940,0.70
oscillations_3_1_46,oscillations,3,,10.74,1.0,46,0.28581079728588626,0.0002558262519427017,0.0008563221822349849,0.5229067717656715,28050,11950,0.70
oscillations_3_1_47,oscillations,3,,10.74,1.0,47,0.2868600926134423,0.00011574400696951188,0.0003879470654248754,0.5251786108051811,28066,11934,0.70
oscillations_3_1_48,oscillations,3,,10.74,1.0,48,0.2891147252040279,-2.136103753665486e-05,-7.154328907864018e-05,0.5291069771582938,28057,11943,0.70
oscillations_3_1_49,oscillations,3,,10.74,1.0,49,0.287102670963241,6.919680163323354e-05,0.000231776257354659,0.5254466958630823,28058,11942,0.70
oscillations_4_0_0,oscillations,4,-22.0,7.18,0.0,0,0.323683425304036,-0.0001010815972945496,-0.0003383767588737123,0.5922221227710125,28051,11949,0.70
oscillations_4_0_1,oscillations,4,-22.0,7.18,0.0,1,0.3248530384804633,-9.360826244907467e-06,-3.135167460406131e-05,0.5945114349477535,28057,11943,0.70
oscillations_4_0_2,oscillations,4,-22.0,7.18,0.0,2,0.32392314396996974,-0.00017182037378988036,-0.0005755162411317377,0.5928342655201887,28058,11942,0.70
oscillations_4_0_3,oscillations,4,-22.0,7.18,0.0,3,0.31969805818958447,6.5105662191284444e-06,2.180181237045875e-05,0.5850283563069133,28055,11945,0.70
oscillations_4_0_4,oscillations,4,-22.0,7.18,0.0,4,0.3265302657009875,-0.00010527522303344639,-0.0003527990048037737,0.5977560484292628,28064,11936,0.70
oscillations_4_0_5,oscillations,4,-22.0,7.18,0.0,5,0.31686621641611107,2.5861629891970782e-05,8.663862610375457e-05,0.579967646339779,28060,11940,0.70
oscillations_4_0_6,oscillations,4,-22.0,7.18,0.0,6,0.3203646254213583,2.9987550812741927e-05,0.00010048605449524099,0.5864445432746102,28063,11937,0.70
oscillations_4_0_7,oscillations,4,-22.0,7.18,0.0,7,0.3234226393385948,-9.554732881555798e-05,-0.0003200111490096567,0.5918936106708064,28057,11943,0.70
oscillations_4_0_8,oscillations,4,-22.0,7.18,0.0,8,0.3208452283835026,0.00013773585189794172,0.0004615039433672041,0.5872995920275599,28062,11938,0.70
oscillations_4_0_9,oscillations,4,-22.0,7.18,0.0,9,0.3159442737174671,2.92150504786729e-05,9.780733337352717e-05,0.5780865603684653,28052,11948,0.70
oscillations_4_0_10,oscillations,4,-22.0,7.18,0.0,10,0.32153294500589524,0.00016701031173835251,0.0005594985317867753,0.5885090868529469,28060,11940,0.70
oscillations_4_0_11,oscillations,4,-22.0,7.18,0.0,11,0.32130883944335054,0.00010022265100347551,0.0003354733087982447,0.5878529025780316,28050,11950,0.70
oscillations_4_0_12,oscillations,4,-22.0,7.18,0.0,12,0.3206557812776916,0.0001957351162005426,0.0006559487808329167,0.5870018565392575,28064,11936,0.70
oscillations_4_0_13,oscillations,4,-22.0,7.18,0.0,13,0.323415804133203,-0.00016368465185135023,-0.0005481277583971541,0.5918314316466643,28055,11945,0.70
oscillations_4_0_14,oscillations,4,-22.0,7.18,0.0,14,0.3110245779571116,-0.00027807491355245196,-0.000931184306579999,0.5691558714103356,28055,11945,0.70
oscillations_4_0_15,oscillations,4,-22.0,7.18,0.0,15,0.324236273531542,4.34535409620685e-05,0.00014554862154435926,0.5934075293203273,28058,11942,0.70
oscillations_4_0_16,oscillations,4,-22.0,7.18,0.0,16,0.32380012665165275,-0.00013741109535459728,-0.00046049294689878476,0.5927581213538531,28064,11936,0.70
oscillations_4_0_17,oscillations,4,-22.0,7.18,0.0,17,0.31542571659713126,5.396732939335625e-06,1.806588982956142e-05,0.5771136059970661,28051,11949,0.70
oscillations_4_0_18,oscillations,4,-22.0,7.18,0.0,18,0.32317947145215564,-0.0001956339687835163,-0.000655499979170771,0.591572242037786,28062,11938,0.70
oscillations_4_0_19,oscillations,4,-22.0,7.18,0.0,19,0.32114631666620325,1.2370451274086825e-05,4.14698333023355e-05,0.5879986349738683,28068,11932,0.70
oscillations_4_0_20,oscillations,4,-22.0,7.18,0.0,20,0.31854737448589293,-6.46818338769922e-05,-0.0002165444723032881,0.5828494588608177,28052,11948,0.70
oscillations_4_0_21,oscillations,4,-22.0,7.18,0.0,21,0.3177389619928608,-8.202898383191404e-05,-0.0002747119351370192,0.5814676219021506,28056,11944,0.70
oscillations_4_0_22,oscillations,4,-22.0,7.18,0.0,22,0.3205123867471147,-7.134578845043821e-05,-0.0002389743374658786,0.5865921613471727,28058,11942,0.70
oscillations_4_0_23,oscillations,4,-22.0,7.18,0.0,23,0.32166672726463885,-0.0002600151015424591,-0.0008709264831433893,0.5887043831344247,28058,11942,0.70
oscillations_4_0_24,oscillations,4,-22.0,7.18,0.0,24,0.32237742195184266,0.00012010304356921089,0.0004025238159001607,0.5901784276853426,28065,11935,0.70
oscillations_4_0_25,oscillations,4,-22.0,7.18,0.0,25,0.3253530456447346,9.07355778872376e-05,0.0003036665926614376,0.595202217192069,28048,11952,0.70
oscillations_4_0_26,oscillations,4,-22.0,7.18,0.0,26,0.32250982117893245,-3.682887421016587e-05,-0.00012336948064706587,0.5902725459351778,28059,11941,0.70
oscillations_4_0_27,oscillations,4,-22.0,7.18,0.0,27,0.31615621485968687,2.6381826182377168e-05,8.84183533552639e-05,0.578789313410356,28065,11935,0.70
oscillations_4_0_28,oscillations,4,-22.0,7.18,0.0,28,0.31501394523101894,-9.872088300908026e-05,-0.00033086177799440355,0.5766980908320732,28065,11935,0.70
oscillations_4_0_29,oscillations,4,-22.0,7.18,0.0,29,0.3173281429957467,-0.00011168562862677467,-0.00037399959355973025,0.5806914688272826,28055,11945,0.70
oscillations_4_0_30,oscillations,4,-22.0,7.18,0.0,30,0.3212160000935958,6.812401165914274e-05,0.00022825937898858346,0.5879783771353967,28062,11938,0.70
oscillations_4_0_31,oscillations,4,-22.0,7.18,0.0,31,0.3203739697216789,-0.000159964385195647,-0.0005361635166604569,0.5865351911065952,28066,11934,0.70
oscillations_4_0_32,oscillations,4,-22.0,7.18,0.0,32,0.3263739596028405,0.00015110002799628965,0.0005060705953153823,0.5972947130158449,28057,11943,0.70
oscillations_4_0_33,oscillations,4,-22.0,7.18,0.0,33,0.3219991187378821,4.855437459438687e-05,0.00016259313384474428,0.5892391442599042,28055,11945,0.70
oscillations_4_0_34,oscillations,4,-22.0,7.18,0.0,34,0.31128370375225356,-8.920348737345172e-05,-0.0002988391536799046,0.5697497923366294,28060,11940,0.70
oscillations_4_0_35,oscillations,4,-22.0,7.18,0.0,35,0.32189300207503296,-7.591506721556292e-05,-0.0002543644403268974,0.5892176060624423,28062,11938,0.70
oscillations_4_0_36,oscillations,4,-22.0,7.18,0.0,36,0.3174833456734681,-0.00030980333983880113,-0.0010380410113546691,0.5811452208340824,28062,11938,0.70
oscillations_4_0_37,oscillations,4,-22.0,7.18,0.0,37,0.3175395461077142,0.00013944473935239557,0.0004670342103404353,0.5811269290066746,28057,11943,0.70
oscillations_4_0_38,oscillations,4,-22.0,7.18,0.0,38,0.3169832335325555,-5.591016919722859e-05,-0.00018733512882301512,0.5802304063781207,28062,11938,0.70
oscillations_4_0_39,oscillations,4,-22.0,7.18,0.0,39,0.315311049333877,9.089419502379269e-05,0.0003043247510631718,0.5769520373572404,28053,11947,0.70
oscillations_4_0_40,oscillations,4,-22.0,7.18,0.0,40,0.31582055502222284,0.00019582299004572767,0.0006559135489724593,0.5780050841770946,28058,11942,0.70
oscillations_4_0_41,oscillations,4,-22.0,7.18,0.0,41,0.31664671377749687,8.957317702632912e-05,0.00030025367309588285,0.5797357997415213,28067,11933,0.70
oscillations_4_0_42,oscillations,4,-22.0,7.18,0.0,42,0.324109513355105,3.518924577185437e-05,0.00011794618995091106,0.5933743263052806,28066,11934,0.70
oscillations_4_0_43,oscillations,4,-22.0,7.18,0.0,43,0.32291299391588885,-0.0002089195908810461,-0.0007003086931401854,0.5912082459457838,28067,11933,0.70
oscillations_4_0_44,oscillations,4,-22.0,7.18,0.0,44,0.324338938349669,8.839246171393464e-05,0.0002957753445338276,0.5932973696014482,28046,11954,0.70
oscillations_4_0_45,oscillations,4,-22.0,7.18,0.0,45,0.32055535690415965,4.1340394564071994e-05,0.00013836631098342376,0.5864498815520949,28049,11951,0.70
oscillations_4_0_46,oscillations,4,-22.0,7.18,0.0,46,0.3251718350563536,-6.292110075491555e-05,-0.00021084393316550431,0.5952443769832945,28063,11937,0.70
oscillations_4_0_47,oscillations,4,-22.0,7.18,0.0,47,0.3168368389491478,-7.742458610091707e-07,-2.5929198292357043e-06,0.5798167670063319,28056,11944,0.70
oscillations_4_0_48,oscillations,4,-22.0,7.18,0.0,48,0.3198948725799669,-0.0002518502861642159,-0.0008437902208366392,0.5855351650490702,28061,11939,0.70
oscillations_4_0_49,oscillations,4,-22.0,7.18,0.0,49,0.3178406585590139,-0.00015472220564557426,-0.0005185060510910655,0.5818485032980463,28064,11936,0.70
oscillations_4_0.25_0,oscillations,4,-22.0,7.18,0.25,0,0.31197535080738714,-5.7575753229456296e-05,-0.0001929482346831641,0.5711114338111475,28064,11936,0.70
oscillations_4_0.25_1,oscillations,4,-22.0,7.18,0.25,1,0.3139463272056071,-9.251259981651438e-05,-0.00030976929454717647,0.574478927429866,28054,11946,0.70
oscillations_4_0.25_2,oscillations,4,-22.0,7.18,0.25,2,0.30490471645695405,-0.0002462618069043817,-0.0008252741518243348,0.5581673128122563,28064,11936,0.70
oscillations_4_0.25_3,oscillations,4,-22.0,7.18,0.25,3,0.3096059367488187,-1.5782409443056732e-05,-5.284141439041485e-05,0.5665129504499273,28053,11947,0.70
oscillations_4_0.25_4,oscillations,4,-22.0,7.18,0.25,4,0.3043805904452657,4.133087452533388e-05,0.00013843870214481406,0.5570682517431547,28058,11942,0.70
oscillations_4_0.25_5,oscillations,4,-22.0,7.18,0.25,5,0.3131852044623776,8.19352660936683e-05,0.00027453598959178543,0.5732781777065221,28062,11938,0.70
oscillations_4_0.25_6,oscillations,4,-22.0,7.18,0.25,6,0.3133995392338776,-3.801685258356797e-05,-0.000127285017438915,0.5734544271980377,28053,11947,0.70
oscillations_4_0.25_7,oscillations,4,-22.0,7.18,0.25,7,0.31991064072499453,7.308532328171606e-05,0.0002452527626903224,0.5860309148056367,28080,11920,0.70
oscillations_4_0.25_8,oscillations,4,-22.0,7.18,0.25,8,0.3104922625205109,-4.0103140485772814e-05,-0.00013438264383269845,0.5683726508486553,28063,11937,0.70
oscillations_4_0.25_9,oscillations,4,-22.0,7.18,0.25,9,0.3130707011481776,-6.0605269145657645e-05,-0.00020306674198578614,0.5730686029327258,28062,11938,0.70
oscillations_4_0.25_10,oscillations,4,-22.0,7.18,0.25,10,0.3055601023759676,-0.0002321364757168951,-0.0007779372510619817,0.5593671304919008,28064,11936,0.70
oscillations_4_0.25_11,oscillations,4,-22.0,7.18,0.25,11,0.3045458055468015,0.0003295109892899698,0.0011034273396064306,0.5572998728725427,28055,11945,0.70
oscillations_4_0.25_12,oscillations,4,-22.0,7.18,0.25,12,0.31054110583727906,0.00011602110364878791,0.00038887582922335524,0.5685334252251456,28066,11934,0.70
oscillations_4_0.25_13,oscillations,4,-22.0,7.18,0.25,13,0.3113423248559425,0.00011603645272542323,0.00038895986834969827,0.5700241668126749,28067,11933,0.70
oscillations_4_0.25_14,oscillations,4,-22.0,7.18,0.25,14,0.3202645475533406,-0.00032804853779236105,-0.001098346154825014,0.5860152189672784,28053,11947,0.70
oscillations_4_0.25_15,oscillations,4,-22.0,7.18,0.25,15,0.31572931683305155,0.0003670473626913547,0.0012301545460958678,0.5780068745860983,28065,11935,0.70
oscillations_4_0.25_16,oscillations,4,-22.0,7.18,0.25,16,0.31356334860327234,-5.6270189066520627e-05,-0.00018846249373363758,0.5738502257123083,28057,11943,0.70
oscillations_4_0.25_17,oscillations,4,-22.0,7.18,0.25,17,0.3127075069988145,2.108633472278424e-05,7.067058139181963e-05,0.5724757423117262,28065,11935,0.70
oscillations_4_0.25_18,oscillations,4,-22.0,7.18,0.25,18,0.31707355663953024,0.00019124097555630478,0.0006410491093817305,0.580517095535798,28067,11933,0.70
oscillations_4_0.25_19,oscillations,4,-22.0,7.18,0.25,19,0.30801914507875616,0.00036594091769154156,0.00122521442267194,0.5636085272586849,28053,11947,0.70
oscillations_4_0.25_20,oscillations,4,-22.0,7.18,0.25,20,0.3160441488000645,-0.00011021471263153446,-0.0003691048648075509,0.5783660480381669,28056,11944,0.70
oscillations_4_0.25_21,oscillations,4,-22.0,7.18,0.25,21,0.31382041752581863,-0.00020507418488920081,-0.0006871883551619372,0.5744647390448139,28063,11937,0.70
oscillations_4_0.25_22,oscillations,4,-22.0,7.18,0.25,22,0.3031987776804263,0.00040958664735357643,0.0013726094080213696,0.5550436072814916,28064,11936,0.70
oscillations_4_0.25_23,oscillations,4,-22.0,7.18,0.25,23,0.3154147365401523,0.0003329447928361935,0.0011147394085082236,0.5771410641479517,28053,11947,0.70
oscillations_4_0.25_24,oscillations,4,-22.0,7.18,0.25,24,0.3102964227073315,-0.00021280253103975208,-0.0007136833438073349,0.5682519234747754,28073,11927,0.70
oscillations_4_0.25_25,oscillations,4,-22.0,7.18,0.25,25,0.3114128982647197,5.3282632179921885e-05,0.00017839669265898325,0.5698192874828522,28053,11947,0.70
oscillations_4_0.25_26,oscillations,4,-22.0,7.18,0.25,26,0.31243406456661804,-0.0005158036217223907,-0.0017265393195728547,0.5716142310339506,28050,11950,0.70
oscillations_4_0.25_27,oscillations,4,-22.0,7.18,0.25,27,0.3144390394894852,1.0025918306286286e-05,3.360455272762303e-05,0.5756697902906098,28066,11934,0.70
oscillations_4_0.25_28,oscillations,4,-22.0,7.18,0.25,28,0.3079401766407745,-0.00016805612133076608,-0.0005628606592339172,0.5635591197805611,28057,11943,0.70
oscillations_4_0.25_29,oscillations,4,-22.0,7.18,0.25,29,0.30765080342680984,-8.371477358238071e-05,-0.00028054548787661063,0.5631947612031369,28064,11936,0.70
oscillations_4_0.25_30,oscillations,4,-22.0,7.18,0.25,30,0.3072187326514033,0.00024682103837854095,0.0008272175563587445,0.5624269822748794,28065,11935,0.70
oscillations_4_0.25_31,oscillations,4,-22.0,7.18,0.25,31,0.3122687897861062,-0.00011617569517341421,-0.0003890353961437056,0.5714331461495935,28055,11945,0.70
oscillations_4_0.25_32,oscillations,4,-22.0,7.18,0.25,32,0.3156201132062983,9.863170489376866e-05,0.0003304521480652265,0.5777110054760061,28061,11939,0.70
oscillations_4_0.25_33,oscillations,4,-22.0,7.18,0.25,33,0.31260415815156195,-0.00038768880669033456,-0.0012996607666454394,0.57235744750239,28068,11932,0.70
oscillations_4_0.25_34,oscillations,4,-22.0,7.18,0.25,34,0.3166447388756759,-0.0003276796855960634,-0.001097938299869537,0.5796100914685357,28062,11938,0.70
oscillations_4_0.25_35,oscillations,4,-22.0,7.18,0.25,35,0.30966893533583234,-0.00018268340757856703,-0.0006123124101845734,0.5669365312100096,28066,11934,0.70
oscillations_4_0.25_36,oscillations,4,-22.0,7.18,0.25,36,0.3145531822913543,-0.0003815693352338768,-0.0012786104891811237,0.575805396458449,28063,11937,0.70
oscillations_4_0.25_37,oscillations,4,-22.0,7.18,0.25,37,0.31275758763316325,0.0003591529813450714,0.0012035957819875034,0.5725425553390333,28064,11936,0.70
oscillations_4_0.25_38,oscillations,4,-22.0,7.18,0.25,38,0.3099293674458295,-0.00010159222687758725,-0.0003407134296221595,0.5675799703685227,28073,11927,0.70
oscillations_4_0.25_39,oscillations,4,-22.0,7.18,0.25,39,0.31271973677817644,-0.0001956971281031886,-0.0006556566818098291,0.5724019591808751,28061,11939,0.70
oscillations_4_0.25_40,oscillations,4,-22.0,7.18,0.25,40,0.31437798411036283,-0.00017800601742287443,-0.0005963350667432991,0.5754131642934808,28060,11940,0.70
oscillations_4_0.25_41,oscillations,4,-22.0,7.18,0.25,41,0.3112424882528805,0.0003194528893809456,0.0010698355304117398,0.5695783060221222,28056,11944,0.70
oscillations_4_0.25_42,oscillations,4,-22.0,7.18,0.25,42,0.31351995431288504,0.00015370250440691966,0.0005143992784702795,0.5735546012050121,28048,11952,0.70
oscillations_4_0.25_43,oscillations,4,-22.0,7.18,0.25,43,0.307204840046948,-0.00012359646890507835,-0.0004137812819051856,0.5620958255037303,28052,11948,0.70
oscillations_4_0.25_44,oscillations,4,-22.0,7.18,0.25,44,0.3146308507319784,-0.0001060752084704941,-0.0003550634593154619,0.5756351291493491,28050,11950,0.70
oscillations_4_0.25_45,oscillations,4,-22.0,7.18,0.25,45,0.3073844316176581,-0.0003646659471818699,-0.0012216614645958798,0.5626119878362418,28060,11940,0.70
oscillations_4_0.25_46,oscillations,4,-22.0,7.18,0.25,46,0.31845719881137047,-0.00013863879031568948,-0.0004646461342796466,0.5830016150999233,28065,11935,0.70
oscillations_4_0.25_47,oscillations,4,-22.0,7.18,0.25,47,0.3046819616278507,-0.0001132412696185821,-0.00037946307989807234,0.5577365054668427,28063,11937,0.70
oscillations_4_0.25_48,oscillations,4,-22.0,7.18,0.25,48,0.3040597158048863,0.00022920503164652902,0.0007683708737731433,0.5567137762036241,28068,11932,0.70
oscillations_4_0.25_49,oscillations,4,-22.0,7.18,0.25,49,0.3040098347417406,-0.00021295355471606737,-0.000713830737337022,0.5565991746917074,28067,11933,0.70
oscillations_4_0.5_0,oscillations,4,-22.0,7.18,0.5,0,0.303218894233777,0.00027630439789048125,0.0009256428740049612,0.5549880962258149,28060,11940,0.70
oscillations_4_0.5_1,oscillations,4,-22.0,7.18,0.5,1,0.3008897999151086,-0.00013763148667157772,-0.0004614634926121636,0.5509562733708712,28070,11930,0.70
oscillations_4_0.5_2,oscillations,4,-22.0,7.18,0.5,2,0.3052099849595174,0.0001540401244529788,0.0005161337726687187,0.5586796029781684,28062,11938,0.70
oscillations_4_0.5_3,oscillations,4,-22.0,7.18,0.5,3,0.30211498911705525,3.874482134983124e-05,0.00012975492749441026,0.5528755224693049,28056,11944,0.70
oscillations_4_0.5_4,oscillations,4,-22.0,7.18,0.5,4,0.30686240198186593,-9.777858410778162e-06,-3.2753901384400656e-05,0.561633916035749,28059,11941,0.70
oscillations_4_0.5_5,oscillations,4,-22.0,7.18,0.5,5,0.30063131015945055,-4.510418373134661e-05,-0.0001511660954548687,0.5503677556791767,28065,11935,0.70
oscillations_4_0.5_6,oscillations,4,-22.0,7.18,0.5,6,0.31042647364697956,0.00022980206992058176,0.0007703723430123438,0.5683709136914407,28068,11932,0.70
oscillations_4_0.5_7,oscillations,4,-22.0,7.18,0.5,7,0.30885013978678505,-3.0156053850736147e-05,-0.00010110151320337339,0.5655088035381594,28069,11931,0.70
oscillations_4_0.5_8,oscillations,4,-22.0,7.18,0.5,8,0.3102501080519637,0.0001002638905898869,0.00033586430144841176,0.5678341850843525,28059,11941,0.70
oscillations_4_0.5_9,oscillations,4,-22.0,7.18,0.5,9,0.305656515903725,-5.500415981264788e-05,-0.00018406813289600183,0.5591459425852144,28047,11953,0.70
oscillations_4_0.5_10,oscillations,4,-22.0,7.18,0.5,10,0.30615190809433473,-0.0001364066024104594,-0.00045701181811025923,0.560380337910144,28061,11939,0.70
oscillations_4_0.5_11,oscillations,4,-22.0,7.18,0.5,11,0.3084818766549051,-7.940972728242448e-05,-0.0002659401449511867,0.564527000951318,28056,11944,0.70
oscillations_4_0.5_12,oscillations,4,-22.0,7.18,0.5,12,0.3028855646049819,-0.00011565220570226776,-0.00038718515467782904,0.554192813678437,28052,11948,0.70
oscillations_4_0.5_13,oscillations,4,-22.0,7.18,0.5,13,0.3023026653124754,-0.000241971476809307,-0.0008108284386673594,0.5533807503557221,28063,11937,0.70
oscillations_4_0.5_14,oscillations,4,-22.0,7.18,0.5,14,0.3044167513757108,-5.8235326142375185e-05,-0.00019501155677647777,0.5570644536632595,28055,11945,0.70
oscillations_4_0.5_15,oscillations,4,-22.0,7.18,0.5,15,0.30881866475175795,-0.00011763110917443693,-0.0003941070748787576,0.5652616037876532,28061,11939,0.70
oscillations_4_0.5_16,oscillations,4,-22.0,7.18,0.5,16,0.30360269288765757,-0.00023715123614012393,-0.0007939445468367038,0.5555046478121752,28052,11948,0.70
oscillations_4_0.5_17,oscillations,4,-22.0,7.18,0.5,17,0.30059082689855715,-0.000830264548874368,-0.0027830874009029355,0.5503348328465839,28067,11933,0.70
oscillations_4_0.5_18,oscillations,4,-22.0,7.18,0.5,18,0.3038845740998444,0.00013675042056344625,0.000458010284060778,0.5561370527847476,28057,11943,0.70
oscillations_4_0.5_19,oscillations,4,-22.0,7.18,0.5,19,0.30325973576435694,9.767895609264126e-05,0.0003272052796001715,0.5550400808823633,28059,11941,0.70
oscillations_4_0.5_20,oscillations,4,-22.0,7.18,0.5,20,0.30402105587031086,-4.195113885231294e-06,-1.4064584310557277e-05,0.5566666913728839,28069,11931,0.70
oscillations_4_0.5_21,oscillations,4,-22.0,7.18,0.5,21,0.30687952849475314,-0.00010749238600927091,-0.0003599577597631499,0.561571131760687,28055,11945,0.70
oscillations_4_0.5_22,oscillations,4,-22.0,7.18,0.5,22,0.3069879463513625,-2.4154593725750895e-05,-8.092668975877672e-05,0.5619107490244653,28061,11939,0.70
oscillations_4_0.5_23,oscillations,4,-22.0,7.18,0.5,23,0.311884262818508,4.446157607359238e-05,0.00014895000359662705,0.5708490509952617,28060,11940,0.70
oscillations_4_0.5_24,oscillations,4,-22.0,7.18,0.5,24,0.30627159463744436,9.181287091242197e-06,3.074520583086657e-05,0.5604587294244993,28055,11945,0.70
oscillations_4_0.5_25,oscillations,4,-22.0,7.18,0.5,25,0.31669004949539037,0.00018698400519950598,0.0006265170219450689,0.5796935235238038,28062,11938,0.70
oscillations_4_0.5_26,oscillations,4,-22.0,7.18,0.5,26,0.30710367486607304,-0.0002488754938894439,-0.000834732496694428,0.5624284367566835,28074,11926,0.70
oscillations_4_0.5_27,oscillations,4,-22.0,7.18,0.5,27,0.304352667982619,0.00024080042455881375,0.0008069043295930749,0.5571333964857015,28063,11937,0.70
oscillations_4_0.5_28,oscillations,4,-22.0,7.18,0.5,28,0.30473499697536094,0.00015436863921540435,0.0005170179660567852,0.5576933703531111,28057,11943,0.70
oscillations_4_0.5_29,oscillations,4,-22.0,7.18,0.5,29,0.3022340200828064,-0.000139407633113004,-0.0004669881353756095,0.5531626974611205,28059,11941,0.70
oscillations_4_0.5_30,oscillations,4,-22.0,7.18,0.5,30,0.3061302308323521,-0.00017559588159691666,-0.0005881131427511233,0.5602467303534795,28057,11943,0.70
oscillations_4_0.5_31,oscillations,4,-22.0,7.18,0.5,31,0.3004607878587171,-0.0002837182291341576,-0.0009505594409386292,0.5499628655790774,28061,11939,0.70
oscillations_4_0.5_32,oscillations,4,-22.0,7.18,0.5,32,0.30961516855926563,-0.000590217015355028,-0.0019771108461771325,0.5666697393811857,28059,11941,0.70
oscillations_4_0.5_33,oscillations,4,-22.0,7.18,0.5,33,0.31237488653543344,-1.652476948857856e-05,-5.5373274653861645e-05,0.5718189038752219,28063,11937,0.70
oscillations_4_0.5_34,oscillations,4,-22.0,7.18,0.5,34,0.30551658237131535,0.00019423851306273708,0.000650388458271345,0.559053436646106,28054,11946,0.70
oscillations_4_0.5_35,oscillations,4,-22.0,7.18,0.5,35,0.30107628602292846,-0.0005452770494603153,-0.0018250424214218573,0.5508111853044514,28049,11951,0.70
oscillations_4_0.5_36,oscillations,4,-22.0,7.18,0.5,36,0.3021028158267809,-0.00030882110198523306,-0.0010353569758955086,0.5531536879268316,28069,11931,0.70
oscillations_4_0.5_37,oscillations,4,-22.0,7.18,0.5,37,0.30946445287824004,0.0002634488311952349,0.0008824278385370439,0.5663721147675868,28058,11942,0.70
oscillations_4_0.5_38,oscillations,4,-22.0,7.18,0.5,38,0.29813278466069776,0.00033306468740990156,0.0011163555803918267,0.5458157684008814,28066,11934,0.70
oscillations_4_0.5_39,oscillations,4,-22.0,7.18,0.5,39,0.3009166290327112,-0.00013669536070503693,-0.0004582479406806467,0.5509592210597342,28068,11932,0.70
oscillations_4_0.5_40,oscillations,4,-22.0,7.18,0.5,40,0.3110552984898621,-0.0002214480323444199,-0.0007417452096614288,0.5692837761186457,28058,11942,0.70
oscillations_4_0.5_41,oscillations,4,-22.0,7.18,0.5,41,0.30566600353320983,9.997010513688578e-05,0.0003351046849472416,0.5596316389419957,28067,11933,0.70
oscillations_4_0.5_42,oscillations,4,-22.0,7.18,0.5,42,0.30915280298840075,-0.00010417993977690631,-0.0003491577369984292,0.5659680491626904,28065,11935,0.70
oscillations_4_0.5_43,oscillations,4,-22.0,7.18,0.5,43,0.3156595779377183,-0.00019738555361711608,-0.000661535160844963,0.5778798559105967,28065,11935,0.70
oscillations_4_0.5_44,oscillations,4,-22.0,7.18,0.5,44,0.30831431466737347,0.00013297298496089637,0.0004452096257165695,0.5641494355390816,28053,11947,0.70
oscillations_4_0.5_45,oscillations,4,-22.0,7.18,0.5,45,0.30614716255281027,7.533081908598627e-06,2.5255492108283683e-05,0.5605596213736026,28069,11931,0.70
oscillations_4_0.5_46,oscillations,4,-22.0,7.18,0.5,46,0.30421730878269115,0.0007021409402761052,0.0023536107945231048,0.5569758625382435,28067,11933,0.70
oscillations_4_0.5_47,oscillations,4,-22.0,7.18,0.5,47,0.3011073449476323,0.0002029805582606204,0.0006798310583961163,0.5510543018983995,28057,11943,0.70
oscillations_4_0.5_48,oscillations,4,-22.0,7.18,0.5,48,0.306008115393894,0.00030018920328133493,0.0010061645828099038,0.560233960681884,28066,11934,0.70
oscillations_4_0.5_49,oscillations,4,-22.0,7.18,0.5,49,0.30437166666251353,7.18560606275507e-05,0.00024072382119782554,0.5570985475968201,28060,11940,0.70
oscillations_4_0.75_0,oscillations,4,-22.0,7.18,0.75,0,0.3006613199101945,-1.3377103626045994e-05,-4.481066452071326e-05,0.5502844050615094,28059,11941,0.70
oscillations_4_0.75_1,oscillations,4,-22.0,7.18,0.75,1,0.2993248862432221,-1.5841330435602652e-06,-5.304312886524243e-06,0.5477237420158121,28054,11946,0.70
oscillations_4_0.75_2,oscillations,4,-22.0,7.18,0.75,2,0.291326912820891,0.0003626739513827483,0.0012154971139765349,0.5333331753710993,28065,11935,0.70
oscillations_4_0.75_3,oscillations,4,-22.0,7.18,0.75,3,0.29942029602814124,0.0002780185874488972,0.0009309956884014959,0.5479207079170135,28055,11945,0.70
oscillations_4_0.75_4,oscillations,4,-22.0,7.18,0.75,4,0.2908080505327415,0.00043488584347534467,0.0014570260272228654,0.5322936720273566,28061,11939,0.70
oscillations_4_0.75_5,oscillations,4,-22.0,7.18,0.75,5,0.2959988762014927,-0.0002305376065043046,-0.0007719970079675331,0.5416598828299599,28055,11945,0.70
oscillations_4_0.75_6,oscillations,4,-22.0,7.18,0.75,6,0.2977302266268312,0.0002444590015492589,0.0008185467990934512,0.544805301026493,28054,11946,0.70
oscillations_4_0.75_7,oscillations,4,-22.0,7.18,0.75,7,0.2990054124690136,0.00042823653005181946,0.001434508098322819,0.5472523682497525,28059,11941,0.70
oscillations_4_0.75_8,oscillations,4,-22.0,7.18,0.75,8,0.30196230594947565,0.0002876112425700537,0.0009638446466824852,0.5527806861712925,28064,11936,0.70
oscillations_4_0.75_9,oscillations,4,-22.0,7.18,0.75,9,0.2921324601256145,0.0005700256434117971,0.0019091539593462188,0.5346273266202662,28057,11943,0.70
oscillations_4_0.75_10,oscillations,4,-22.0,7.18,0.75,10,0.28817655356033867,0.00016293276054374633,0.00054634172367758,0.5276992247466854,28071,11929,0.70
oscillations_4_0.75_11,oscillations,4,-22.0,7.18,0.75,11,0.2961456097614358,0.00033065768462661434,0.0011081021602768577,0.5421322622652288,28064,11936,0.70
oscillations_4_0.75_12,oscillations,4,-22.0,7.18,0.75,12,0.2940927391368263,0.00014407887271782478,0.0004830808808644589,0.5385102245341553,28070,11930,0.70
oscillations_4_0.75_13,oscillations,4,-22.0,7.18,0.75,13,0.294451353894228,0.00024997712686661397,0.0008373741792701239,0.5389181798164666,28059,11941,0.70
oscillations_4_0.75_14,oscillations,4,-22.0,7.18,0.75,14,0.29709876699277177,0.0006483942505495286,0.002171811256236906,0.5437382456337383,28058,11942,0.70
oscillations_4_0.75_15,oscillations,4,-22.0,7.18,0.75,15,0.29360293580508356,8.655553396765545e-05,0.00028994400458137606,0.5373657668380581,28059,11941,0.70
oscillations_4_0.75_16,oscillations,4,-22.0,7.18,0.75,16,0.29119310872034376,0.00017640850483326113,0.000590735888935157,0.5328657714962497,28055,11945,0.70
oscillations_4_0.75_17,oscillations,4,-22.0,7.18,0.75,17,0.29498518220681136,-3.163943286038342e-05,-0.0001059681247940501,0.5398504584831506,28057,11943,0.70
oscillations_4_0.75_18,oscillations,4,-22.0,7.18,0.75,18,0.2969461737117901,0.00040652304044207314,0.0013618862326367602,0.54350633362442,28060,11940,0.70
oscillations_4_0.75_19,oscillations,4,-22.0,7.18,0.75,19,0.30092765985072695,0.000159047443529142,0.0005325100645488983,0.5506333723896368,28053,11947,0.70
oscillations_4_0.75_20,oscillations,4,-22.0,7.18,0.75,20,0.2967068642490244,0.00028979471124219476,0.0009707552507903691,0.5430461680377378,28059,11941,0.70
oscillations_4_0.75_21,oscillations,4,-22.0,7.18,0.75,21,0.3016860082694533,-0.00010875540690899139,-0.00036433972163816116,0.5521828763576866,28060,11940,0.70
oscillations_4_0.75_22,oscillations,4,-22.0,7.18,0.75,22,0.2995477621688309,0.00027006951875140984,0.0009045282383033079,0.5481998903015941,28057,11943,0.70
oscillations_4_0.75_23,oscillations,4,-22.0,7.18,0.75,23,0.3006702885149981,-0.00020383899247289995,-0.0006831637787110178,0.5504388307325814,28065,11935,0.70
oscillations_4_0.75_24,oscillations,4,-22.0,7.18,0.75,24,0.29772468495800225,-0.0006313718071597273,-0.002115325595643613,0.5449523988699488,28061,11939,0.70
oscillations_4_0.75_25,oscillations,4,-22.0,7.18,0.75,25,0.2926878623195209,-0.00014109197071567379,-0.00047266991864547197,0.5357132973010297,28060,11940,0.70
oscillations_4_0.75_26,oscillations,4,-22.0,7.18,0.75,26,0.30313945224460825,-1.276001095186372e-05,-4.277218118449479e-05,0.5550059460777871,28067,11933,0.70
oscillations_4_0.75_27,oscillations,4,-22.0,7.18,0.75,27,0.3003305618465676,0.00034250551389614374,0.001147326066145694,0.5496781975296586,28059,11941,0.70
oscillations_4_0.75_28,oscillations,4,-22.0,7.18,0.75,28,0.29096199770192516,-0.0001337447538331209,-0.0004479435781064083,0.532487529793343,28057,11943,0.70
oscillations_4_0.75_29,oscillations,4,-22.0,7.18,0.75,29,0.29263724465781493,-0.00037851498183836467,-0.001267101788729986,0.5354179923553012,28051,11949,0.70
oscillations_4_0.75_30,oscillations,4,-22.0,7.18,0.75,30,0.291225033341883,-7.315226585195886e-05,-0.0002449431302593639,0.5329020758023071,28054,11946,0.70
oscillations_4_0.75_31,oscillations,4,-22.0,7.18,0.75,31,0.2981849096322141,3.02162256521294e-05,0.00010117604437344473,0.5456377336424456,28054,11946,0.70
oscillations_4_0.75_32,oscillations,4,-22.0,7.18,0.75,32,0.2952509526763585,0.00031025998943244517,0.0010389618733610553,0.5402909126601002,28055,11945,0.70
oscillations_4_0.75_33,oscillations,4,-22.0,7.18,0.75,33,0.28673582987472307,0.00012681870696080422,0.0004250668911037518,0.5249510924269469,28066,11934,0.70
oscillations_4_0.75_34,oscillations,4,-22.0,7.18,0.75,34,0.29535603519364184,0.00019501837480273738,0.0006532731757900939,0.5405741492871123,28059,11941,0.70
oscillations_4_0.75_35,oscillations,4,-22.0,7.18,0.75,35,0.2946455570140999,-0.0004446154368889891,-0.001489998112898757,0.5393855712631208,28064,11936,0.70
oscillations_4_0.75_36,oscillations,4,-22.0,7.18,0.75,36,0.29080997004576026,0.0004915424156093354,0.0016468461868140917,0.5322967972688202,28061,11939,0.70
oscillations_4_0.75_37,oscillations,4,-22.0,7.18,0.75,37,0.2927805135861309,-0.00027308811950843657,-0.0009148680720550649,0.5358824775323644,28060,11940,0.70
oscillations_4_0.75_38,oscillations,4,-22.0,7.18,0.75,38,0.2959638633939312,-7.559019982517867e-05,-0.0002531486933194197,0.5416188276813565,28056,11944,0.70
oscillations_4_0.75_39,oscillations,4,-22.0,7.18,0.75,39,0.2991047573582761,0.00045919893717330973,0.0015382260687490498,0.5474339968069507,28059,11941,0.70
oscillations_4_0.75_40,oscillations,4,-22.0,7.18,0.75,40,0.2939417210249472,0.00010726768733083368,0.00035944604952947473,0.5380759280151374,28063,11937,0.70
oscillations_4_0.75_41,oscillations,4,-22.0,7.18,0.75,41,0.2961693063613679,5.660820347918484e-05,0.00018975346846286659,0.5422445615032739,28067,11933,0.70
oscillations_4_0.75_42,oscillations,4,-22.0,7.18,0.75,42,0.2948124396520601,0.00018605096194419191,0.0006230254062593281,0.5394889083262621,28055,11945,0.70
oscillations_4_0.75_43,oscillations,4,-22.0,7.18,0.75,43,0.2948388868154019,0.00023666528161017997,0.0007923839678921232,0.5394919864520445,28053,11947,0.70
oscillations_4_0.75_44,oscillations,4,-22.0,7.18,0.75,44,0.2930932115594342,-0.00031583838328462255,-0.0010587057178735343,0.5366119525487849,28067,11933,0.70
oscillations_4_0.75_45,oscillations,4,-22.0,7.18,0.75,45,0.3036381110702727,0.00027617688828050644,0.0009249832982684631,0.5556855946881983,28057,11943,0.70
oscillations_4_0.75_46,oscillations,4,-22.0,7.18,0.75,46,0.2954003790859675,-0.00034549104373285264,-0.0011577148152227604,0.5407452942264932,28063,11937,0.70
oscillations_4_0.75_47,oscillations,4,-22.0,7.18,0.75,47,0.2982251261993091,0.0003354572607955731,0.0011230574516088818,0.5456648447843996,28052,11948,0.70
oscillations_4_0.75_48,oscillations,4,-22.0,7.18,0.75,48,0.2912409739127388,0.00033907481052046636,0.0011368811752572228,0.5332876864114883,28070,11930,0.70
oscillations_4_0.75_49,oscillations,4,-22.0,7.18,0.75,49,0.2960129460052201,3.7487572592412485e-05,0.00012544992083129703,0.5415047030689677,28047,11953,0.70
oscillations_4_1_0,oscillations,4,,10.74,1.0,0,0.29186816025705664,0.0002141917124257977,0.0007176202778316379,0.534235157732819,28061,11939,0.70
oscillations_4_1_1,oscillations,4,,10.74,1.0,1,0.28935994950474486,-0.00047224869616032804,-0.0015828680950572419,0.529753748753294,28066,11934,0.70
oscillations_4_1_2,oscillations,4,,10.74,1.0,2,0.29251102265583534,-3.7971175793113843e-05,-0.0001272279302835098,0.5354346048488293,28062,11938,0.70
oscillations_4_1_3,oscillations,4,,10.74,1.0,3,0.28623847477687375,-8.923930199148559e-05,-0.00029888403915761706,0.5238431135204716,28057,11943,0.70
oscillations_4_1_4,oscillations,4,,10.74,1.0,4,0.288530752598657,0.0002856085121219637,0.0009568925776764006,0.5281260965617184,28061,11939,0.70
oscillations_4_1_5,oscillations,4,,10.74,1.0,5,0.29452431149007247,-0.0002245643426367352,-0.0007525614699622486,0.5391646909548427,28064,11936,0.70
oscillations_4_1_6,oscillations,4,,10.74,1.0,6,0.28801755405233936,0.0001833867435626246,0.0006140523809229024,0.5270326144952979,28054,11946,0.70
oscillations_4_1_7,oscillations,4,,10.74,1.0,7,0.29005034414698083,-3.8396013915551386e-05,-0.00012866218954695757,0.5309526281945334,28063,11937,0.70
oscillations_4_1_8,oscillations,4,,10.74,1.0,8,0.2910806536147,9.857902411553923e-05,0.00033030331417503576,0.5328162864063287,28062,11938,0.70
oscillations_4_1_9,oscillations,4,,10.74,1.0,9,0.29049364303720343,-9.712427269378621e-05,-0.00032529271604717834,0.5316304593146868,28057,11943,0.70
oscillations_4_1_10,oscillations,4,,10.74,1.0,10,0.2905822490338245,-6.844510108644013e-05,-0.00022908577051774888,0.5316146309448421,28049,11951,0.70
oscillations_4_1_11,oscillations,4,,10.74,1.0,11,0.28465690580777836,2.230527542535259e-05,7.468700962783447e-05,0.5208833334159728,28054,11946,0.70
oscillations_4_1_12,oscillations,4,,10.74,1.0,12,0.2883910371212749,-4.0358086119696256e-05,-0.00013512375029612833,0.5276941901711784,28053,11947,0.70
oscillations_4_1_13,oscillations,4,,10.74,1.0,13,0.28269683188245615,0.0003788857751257085,0.001269511727678702,0.5174688752896426,28062,11938,0.70
oscillations_4_1_14,oscillations,4,,10.74,1.0,14,0.29185856091191703,0.0005581493739426238,0.0018695339941136276,0.5341485244951066,28058,11942,0.70
oscillations_4_1_15,oscillations,4,,10.74,1.0,15,0.2870069685911514,-0.00016928927050199525,-0.0005679895000905723,0.5257117702432488,28078,11922,0.70
oscillations_4_1_16,oscillations,4,,10.74,1.0,16,0.29140252167329767,4.5677583609555075e-05,0.0001531006656931608,0.5334948998952832,28066,11934,0.70
oscillations_4_1_17,oscillations,4,,10.74,1.0,17,0.2829138894307797,-0.0004599080541982159,-0.0015421512421769327,0.5180609950281067,28071,11929,0.70
oscillations_4_1_18,oscillations,4,,10.74,1.0,18,0.29174241473920587,0.00041738873552582165,0.0013974679351329085,0.53382522702686,28053,11947,0.70
oscillations_4_1_19,oscillations,4,,10.74,1.0,19,0.28173671039056913,0.00039238934098013875,0.0013147573830797057,0.5157113120023916,28062,11938,0.70
oscillations_4_1_20,oscillations,4,,10.74,1.0,20,0.28955453134451237,0.0002196467755348599,0.0007354039525733982,0.5298227910960502,28053,11947,0.70
oscillations_4_1_21,oscillations,4,,10.74,1.0,21,0.2880605914362707,0.0003573312045236673,0.001197089462390846,0.527243088077573,28060,11940,0.70
oscillations_4_1_22,oscillations,4,,10.74,1.0,22,0.2875742179474213,-0.00013041066631677364,-0.00043663067319586003,0.5261994700610324,28053,11947,0.70
oscillations_4_1_23,oscillations,4,,10.74,1.0,23,0.2846331579934173,-0.00045633974864650844,-0.0015273692532725585,0.5207293465744013,28049,11951,0.70
oscillations_4_1_24,oscillations,4,,10.74,1.0,24,0.29273331738896025,0.00026687943869402846,0.000894143357715148,0.535818556140939,28061,11939,0.70
oscillations_4_1_25,oscillations,4,,10.74,1.0,25,0.28718393863773767,-3.731741900597819e-05,-0.00012504789815189095,0.5257055203911729,28063,11937,0.70
oscillations_4_1_26,oscillations,4,,10.74,1.0,26,0.28862543837454363,1.3596374400128686e-05,4.553755136943503e-05,0.52821153852585,28057,11943,0.70
oscillations_4_1_27,oscillations,4,,10.74,1.0,27,0.28647447287991173,-2.0357948946673866e-05,-6.829234802641372e-05,0.5246925990540596,28076,11924,0.70
oscillations_4_1_28,oscillations,4,,10.74,1.0,28,0.2872719577442481,0.0006626690757680034,0.0022179535629420254,0.5255552691675821,28049,11951,0.70
oscillations_4_1_29,oscillations,4,,10.74,1.0,29,0.28244156234380935,3.974181891453553e-05,0.00013304927658029842,0.5167862902001961,28052,11948,0.70
oscillations_4_1_30,oscillations,4,,10.74,1.0,30,0.285252807783287,0.0004325775284238989,0.0014496565965948355,0.5221909542527676,28064,11936,0.70
oscillations_4_1_31,oscillations,4,,10.74,1.0,31,0.2848128697091923,9.115248228407728e-05,0.0003053428767576492,0.5212777689928769,28059,11941,0.70
oscillations_4_1_32,oscillations,4,,10.74,1.0,32,0.29606375922071043,0.0002228269982459775,0.0007469896018973438,0.5420736953012109,28068,11932,0.70
oscillations_4_1_33,oscillations,4,,10.74,1.0,33,0.2924931566146647,-0.00016697734006593468,-0.0005591071155731943,0.5352224032052131,28054,11946,0.70
oscillations_4_1_34,oscillations,4,,10.74,1.0,34,0.2865486822203672,0.0005842478150766076,0.0019590839637072923,0.5247159522427924,28071,11929,0.70
oscillations_4_1_35,oscillations,4,,10.74,1.0,35,0.28453750353797486,-4.49031185729813e-05,-0.00015053006561509112,0.5209701945433732,28068,11932,0.70
oscillations_4_1_36,oscillations,4,,10.74,1.0,36,0.28460049264205245,-0.0001098511699803141,-0.0003678873743480044,0.5208236176271499,28056,11944,0.70
oscillations_4_1_37,oscillations,4,,10.74,1.0,37,0.29616148433494566,-0.0005688356216223731,-0.0019054873850510776,0.5420462474628422,28059,11941,0.70
oscillations_4_1_38,oscillations,4,,10.74,1.0,38,0.2842218424661524,6.586671253598777e-05,0.00022064052436475244,0.5201960732051418,28059,11941,0.70
oscillations_4_1_39,oscillations,4,,10.74,1.0,39,0.2867765731980639,0.0001729205725877854,0.0005793954517935506,0.5249376149337263,28062,11938,0.70
oscillations_4_1_40,oscillations,4,,10.74,1.0,40,0.28723056387182394,0.0004152500099021017,0.0013918217191288816,0.5258556716117339,28066,11934,0.70
oscillations_4_1_41,oscillations,4,,10.74,1.0,41,0.29403397043838764,-5.0843639655617754e-05,-0.0001702591533047071,0.5380645895746944,28055,11945,0.70
oscillations_4_1_42,oscillations,4,,10.74,1.0,42,0.29267721742976877,0.0007483033401396202,0.0025058295190945844,0.5355777199877235,28055,11945,0.70
oscillations_4_1_43,oscillations,4,,10.74,1.0,43,0.28770401110452837,-0.00029349912296287064,-0.000983328998954253,0.5266127929753895,28061,11939,0.70
oscillations_4_1_44,oscillations,4,,10.74,1.0,44,0.2897018668888832,0.00023589785521971836,0.0007902113900668905,0.5302254899128811,28059,11941,0.70
oscillations_4_1_45,oscillations,4,,10.74,1.0,45,0.28042606136439313,6.374271441293357e-05,0.0002135434318691251,0.5132703511917829,28060,11940,0.70
oscillations_4_1_46,oscillations,4,,10.74,1.0,46,0.2844996255157328,0.00027077713310717934,0.0009075061017416977,0.5208348314794919,28065,11935,0.70
oscillations_4_1_47,oscillations,4,,10.74,1.0,47,0.28703995506100044,0.0003197776225896016,0.001070474927072061,0.5251772875388171,28051,11949,0.70
oscillations_4_1_48,oscillations,4,,10.74,1.0,48,0.2853045127185399,-0.0003331990980127054,-0.001116431891481672,0.5222424296430679,28062,11938,0.70
oscillations_4_1_49,oscillations,4,,10.74,1.0,49,0.2819749660402673,-0.0004656476047091626,-0.0015610043738154954,0.5162767094377375,28068,11932,0.70
sequences_9_0_0,sequences,9,-8.5,14.44,0.0,0,0.1843703592738144,0.015329985792971292,0.05137825150555942,0.334773200631384,28065,11935,0.70
sequences_9_0_1,sequences,9,-8.5,14.44,0.0,1,0.1822297649738356,0.015440395998348637,0.051713626386498,0.33067320472002126,28057,11943,0.70
sequences_9_0_2,sequences,9,-8.5,14.44,0.0,2,0.17191011860959038,0.015533877714541825,0.05200930012402052,0.31152889493308905,28053,11947,0.70
sequences_9_0_3,sequences,9,-8.5,14.44,0.0,3,0.1744789599433307,0.01553382423396251,0.05201782916354126,0.3163001438076225,28055,11945,0.70
sequences_9_0_4,sequences,9,-8.5,14.44,0.0,4,0.16483539231922323,0.015466421260355889,0.05182248705094954,0.29858889851060016,28062,11938,0.70
sequences_9_0_5,sequences,9,-8.5,14.44,0.0,5,0.1875302677723508,0.015376106415830723,0.05155874395449987,0.3406721558901979,28071,11929,0.70
sequences_9_0_6,sequences,9,-8.5,14.44,0.0,6,0.17457818976751943,0.015406669502617317,0.05161795628651418,0.3166097368797947,28061,11939,0.70
sequences_9_0_7,sequences,9,-8.5,14.44,0.0,7,0.17586374523674142,0.015403443772532228,0.05159418446669646,0.3189466987573553,28058,11942,0.70
sequences_9_0_8,sequences,9,-8.5,14.44,0.0,8,0.18689445288116593,0.015393299263944522,0.051525687912784994,0.3392008321127276,28050,11950,0.70
sequences_9_0_9,sequences,9,-8.5,14.44,0.0,9,0.1659935755482118,0.015499773568814476,0.051990854738161764,0.30087650365206503,28075,11925,0.70
sequences_9_0_10,sequences,9,-8.5,14.44,0.0,10,0.18151081040806294,0.015511874736952648,0.05194867627914484,0.32930629553880975,28056,11944,0.70
sequences_9_0_11,sequences,9,-8.5,14.44,0.0,11,0.1807807661554555,0.015514798265759785,0.05198458122218056,0.328037893230089,28062,11938,0.70
sequences_9_0_12,sequences,9,-8.5,14.44,0.0,12,0.1824828788870578,0.015415162161674382,0.05165073600829078,0.33121728224096375,28062,11938,0.70
sequences_9_0_13,sequences,9,-8.5,14.44,0.0,13,0.1874405160531707,0.015408500199431725,0.05157656970521079,0.340202506033664,28050,11950,0.70
sequences_9_0_14,sequences,9,-8.5,14.44,0.0,14,0.17796816288815817,0.015552130473011584,0.052118399708483865,0.32285580374601,28064,11936,0.70
sequences_9_0_15,sequences,9,-8.5,14.44,0.0,15,0.19128651596084204,0.015352257847067046,0.05142273604778779,0.34742764985757374,28058,11942,0.70
sequences_9_0_16,sequences,9,-8.5,14.44,0.0,16,0.17240987056595178,0.015415128452297467,0.051654949995132676,0.31262573123855947,28063,11937,0.70
sequences_9_0_17,sequences,9,-8.5,14.44,0.0,17,0.17598175899093307,0.015572365208189063,0.05216435879135437,0.3191131438726905,28059,11941,0.70
sequences_9_0_18,sequences,9,-8.5,14.44,0.0,18,0.17761447441911712,0.015460613271059635,0.05180302654065885,0.32221083288516317,28062,11938,0.70
sequences_9_0_19,sequences,9,-8.5,14.44,0.0,19,0.18005426809457423,0.015488291350199376,0.05191751060152309,0.3267729617021828,28067,11933,0.70
sequences_9_0_20,sequences,9,-8.5,14.44,0.0,20,0.18855531582915064,0.015360969533302534,0.05143899383274185,0.3423451668936217,28055,11945,0.70
sequences_9_0_21,sequences,9,-8.5,14.44,0.0,21,0.17177459474910084,0.015652502047950087,0.05241963177478262,0.31126975564055087,28056,11944,0.70
sequences_9_0_22,sequences,9,-8.5,14.44,0.0,22,0.17847803149107558,0.01556724043237161,0.05217340739797774,0.3238051451206366,28065,11935,0.70
sequences_9_0_23,sequences,9,-8.5,14.44,0.0,23,0.18340349621869378,0.015404911108786234,0.051590459172090535,0.3328388079074286,28056,11944,0.70
sequences_9_0_24,sequences,9,-8.5,14.44,0.0,24,0.18468034438517628,0.01534196425921001,0.05140117014560687,0.33528617729659493,28061,11939,0.70
sequences_9_0_25,sequences,9,-8.5,14.44,0.0,25,0.1717402619387763,0.015387603840181046,0.05155407937073806,0.3113736035297292,28061,11939,0.70
sequences_9_0_26,sequences,9,-8.5,14.44,0.0,26,0.17984686876934564,0.015493134217662595,0.051929392383652066,0.3263747496122492,28066,11934,0.70
sequences_9_0_27,sequences,9,-8.5,14.44,0.0,27,0.17685614573459282,0.015377234558204273,0.051515023645575454,0.3208155281441957,28060,11940,0.70
sequences_9_0_28,sequences,9,-8.5,14.44,0.0,28,0.1763294227328163,0.015330997445931348,0.051347224134409605,0.3198210828734917,28057,11943,0.70
sequences_9_0_29,sequences,9,-8.5,14.44,0.0,29,0.1740979472474095,0.015407107619849774,0.051606456606430325,0.31568375264972176,28058,11942,0.70
sequences_9_0_30,sequences,9,-8.5,14.44,0.0,30,0.17779255516313072,0.015635358332775615,0.052384147190805315,0.32246024363555514,28061,11939,0.70
sequences_9_0_31,sequences,9,-8.5,14.44,0.0,31,0.18410532878432573,0.015335567519656342,0.05136683141737177,0.3341863199188591,28058,11942,0.70
sequences_9_0_32,sequences,9,-8.5,14.44,0.0,32,0.1860196733826845,0.015329434431175383,0.051359190656421416,0.3377621455100085,28061,11939,0.70
sequences_9_0_33,sequences,9,-8.5,14.44,0.0,33,0.18017267734488285,0.015454257331378198,0.05176438563516395,0.32688420403977275,28058,11942,0.70
sequences_9_0_34,sequences,9,-8.5,14.44,0.0,34,0.183709682510264,0.015422529171342677,0.0516710919552481,0.33346554955495505,28061,11939,0.70
sequences_9_0_35,sequences,9,-8.5,14.44,0.0,35,0.1777720528332036,0.015323621041267811,0.05129674798315444,0.32240862809499377,28051,11949,0.70
sequences_9_0_36,sequences,9,-8.5,14.44,0.0,36,0.18255344526110173,0.015502110605782212,0.051933368863592004,0.3312885304245832,28060,11940,0.70
sequences_9_0_37,sequences,9,-8.5,14.44,0.0,37,0.18026842147498376,0.015250912193938416,0.05110895507352016,0.3272162827590934,28064,11936,0.70
sequences_9_0_38,sequences,9,-8.5,14.44,0.0,38,0.17126912992894275,0.015622570301347815,0.05233691893248849,0.3103979310900572,28060,11940,0.70
sequences_9_0_39,sequences,9,-8.5,14.44,0.0,39,0.18518758255487983,0.01549709896250503,0.05192962708387377,0.336193686713838,28063,11937,0.70
sequences_9_0_40,sequences,9,-8.5,14.44,0.0,40,0.18402036746801576,0.015415974630844426,0.051644806133482164,0.3340277167594482,28060,11940,0.70
sequences_9_0_41,sequences,9,-8.5,14.44,0.0,41,0.1852272265916261,0.015427361330899897,0.0516742968712105,0.33622337728702084,28058,11942,0.70
sequences_9_0_42,sequences,9,-8.5,14.44,0.0,42,0.17316485077656618,0.015464822918339243,0.05173911983385494,0.3137588193852136,28044,11956,0.70
sequences_9_0_43,sequences,9,-8.5,14.44,0.0,43,0.1718708308486299,0.015612995424294781,0.052309223299421316,0.31152658473241385,28061,11939,0.70
sequences_9_0_44,sequences,9,-8.5,14.44,0.0,44,0.16489931901592905,0.015536829694164311,0.05201918370859399,0.2985692580917666,28053,11947,0.70
sequences_9_0_45,sequences,9,-8.5,14.44,0.0,45,0.16867386843022047,0.015515891837599867,0.05196212939584685,0.3055929749643068,28056,11944,0.70
sequences_9_0_46,sequences,9,-8.5,14.44,0.0,46,0.1791682691324924,0.015467419978042716,0.051847548740610795,0.32514428042892235,28067,11933,0.70
sequences_9_0_47,sequences,9,-8.5,14.44,0.0,47,0.17706164827436924,0.015501864741656962,0.05194994886614263,0.3212002771288258,28064,11936,0.70
sequences_9_0_48,sequences,9,-8.5,14.44,0.0,48,0.1818464690655561,0.015497310398185379,0.0518695017929391,0.32983702003129706,28049,11951,0.70
sequences_9_0_49,sequences,9,-8.5,14.44,0.0,49,0.16938306117409704,0.015413590242890851,0.05159360750758444,0.3068695084812304,28050,11950,0.70
sequences_9_0.25_0,sequences,9,-8.5,14.44,0.25,0,0.18134214652537298,0.015850542734484958,0.05314070148180356,0.32904239188203593,28069,11931,0.70
sequences_9_0.25_1,sequences,9,-8.5,14.44,0.25,1,0.184501476626087,0.015924432859551495,0.05337947828559959,0.33482395314251634,28067,11933,0.70
sequences_9_0.25_2,sequences,9,-8.5,14.44,0.25,2,0.18037604337542384,0.015729546114840582,0.052704125028783994,0.3272098020856012,28062,11938,0.70
sequences_9_0.25_3,sequences,9,-8.5,14.44,0.25,3,0.1939276913057216,0.015434857355265303,0.051721060082986686,0.35234171372018763,28063,11937,0.70
sequences_9_0.25_4,sequences,9,-8.5,14.44,0.25,4,0.1891918241100181,0.01553126122415502,0.05204410228417532,0.34357129674520054,28063,11937,0.70
sequences_9_0.25_5,sequences,9,-8.5,14.44,0.25,5,0.180551740758454,0.016164418338247357,0.05411136777386344,0.3272209216943673,28051,11949,0.70
sequences_9_0.25_6,sequences,9,-8.5,14.44,0.25,6,0.18883603350908093,0.015184325195299334,0.05088580829523905,0.3430512072141832,28064,11936,0.70
sequences_9_0.25_7,sequences,9,-8.5,14.44,0.25,7,0.1853292057045493,0.015774117334668145,0.052813651409284824,0.3362163411791345,28053,11947,0.70
sequences_9_0.25_8,sequences,9,-8.5,14.44,0.25,8,0.18750968972973114,0.015202393273413656,0.05094209021835857,0.3405840614847621,28063,11937,0.70
sequences_9_0.25_9,sequences,9,-8.5,14.44,0.25,9,0.18300531253311994,0.015886847275667373,0.05331604086137217,0.33226431078760843,28081,11919,0.70
sequences_9_0.25_10,sequences,9,-8.5,14.44,0.25,10,0.1807422440389506,0.016155840307395666,0.054123418115228354,0.32769618981378323,28060,11940,0.70
sequences_9_0.25_11,sequences,9,-8.5,14.44,0.25,11,0.1926417675585637,0.015123458763673315,0.05060975073596022,0.34984752512822964,28047,11953,0.70
sequences_9_0.25_12,sequences,9,-8.5,14.44,0.25,12,0.18811101714570758,0.015010906201485971,0.050279370964615544,0.34169008237550547,28058,11942,0.70
sequences_9_0.25_13,sequences,9,-8.5,14.44,0.25,13,0.1920022957690965,0.015341094303456355,0.051406867063605116,0.3488229500480605,28063,11937,0.70
sequences_9_0.25_14,sequences,9,-8.5,14.44,0.25,14,0.19239394500409884,0.015297264199602274,0.051229953782994886,0.3494602010398125,28056,11944,0.70
sequences_9_0.25_15,sequences,9,-8.5,14.44,0.25,15,0.18601514651373557,0.015235640570317717,0.05101930705841009,0.3377043007296043,28055,11945,0.70
sequences_9_0.25_16,sequences,9,-8.5,14.44,0.25,16,0.18189936346845192,0.015367896133373315,0.05150099240406607,0.3301844108577324,28064,11936,0.70
sequences_9_0.25_17,sequences,9,-8.5,14.44,0.25,17,0.1864577826175007,0.01610674255035381,0.053954417721644124,0.33825862795161504,28059,11941,0.70
sequences_9_0.25_18,sequences,9,-8.5,14.44,0.25,18,0.1848252422880695,0.01554414279636732,0.05205674077818929,0.33541175997156053,28056,11944,0.70
sequences_9_0.25_19,sequences,9,-8.5,14.44,0.25,19,0.18514213468442073,0.015975921365614806,0.05350723056389452,0.33585089369384685,28057,11943,0.70
sequences_9_0.25_20,sequences,9,-8.5,14.44,0.25,20,0.18640504598843488,0.015984258614288798,0.05355309025643286,0.33823460936594263,28061,11939,0.70
sequences_9_0.25_21,sequences,9,-8.5,14.44,0.25,21,0.1910335823189856,0.01512804954582313,0.050620878520405324,0.34686816636844187,28046,11954,0.70
sequences_9_0.25_22,sequences,9,-8.5,14.44,0.25,22,0.18822450709557545,0.015222446359476081,0.05103921662858703,0.34199379026622334,28070,11930,0.70
sequences_9_0.25_23,sequences,9,-8.5,14.44,0.25,23,0.18579559150588815,0.016052415844059947,0.053803974674241486,0.3371525701299483,28066,11934,0.70
sequences_9_0.25_24,sequences,9,-8.5,14.44,0.25,24,0.1908057017538986,0.015906144283127165,0.05329584279821467,0.34640092360500147,28062,11938,0.70
sequences_9_0.25_25,sequences,9,-8.5,14.44,0.25,25,0.18693248530677717,0.015376832774668107,0.051526624025025086,0.3394572824449605,28063,11937,0.70
sequences_9_0.25_26,sequences,9,-8.5,14.44,0.25,26,0.17675620507095177,0.016229514221222117,0.05439300953907706,0.32036521388501027,28065,11935,0.70
sequences_9_0.25_27,sequences,9,-8.5,14.44,0.25,27,0.19658110702618756,0.015219037090130389,0.05097224178223357,0.35722001174002704,28057,11943,0.70
sequences_9_0.25_28,sequences,9,-8.5,14.44,0.25,28,0.1858908179928626,0.015045148673563664,0.050406729788302754,0.3376250967936629,28061,11939,0.70
sequences_9_0.25_29,sequences,9,-8.5,14.44,0.25,29,0.18590530631168214,0.015304467371865324,0.051305623103805986,0.3376567534392223,28068,11932,0.70
sequences_9_0.25_30,sequences,9,-8.5,14.44,0.25,30,0.1918057716939992,0.015582853201798924,0.05225200168261857,0.34849012238947485,28071,11929,0.70
sequences_9_0.25_31,sequences,9,-8.5,14.44,0.25,31,0.18653832044159321,0.015618933604374831,0.05235542983113998,0.3386980465054425,28067,11933,0.70
sequences_9_0.25_32,sequences,9,-8.5,14.44,0.25,32,0.19171837713047551,0.015698712609510557,0.05258319413669588,0.3481024824906961,28058,11942,0.70
sequences_9_0.25_33,sequences,9,-8.5,14.44,0.25,33,0.18361952600705847,0.015919743819033598,0.0533503479190134,0.3331557851128112,28064,11936,0.70
sequences_9_0.25_34,sequences,9,-8.5,14.44,0.25,34,0.19293832414121234,0.014908685883689236,0.049924439962123854,0.3505812099115091,28055,11945,0.70
sequences_9_0.25_35,sequences,9,-8.5,14.44,0.25,35,0.18041027450631986,0.015705241459382083,0.05264032666124378,0.32733564807269433,28066,11934,0.70
sequences_9_0.25_36,sequences,9,-8.5,14.44,0.25,36,0.18645474127617165,0.015368165668689236,0.051497581196914576,0.33857878829270643,28063,11937,0.70
sequences_9_0.25_37,sequences,9,-8.5,14.44,0.25,37,0.18769995225765035,0.015651078850770637,0.05241486554176369,0.34067758392078534,28056,11944,0.70
sequences_9_0.25_38,sequences,9,-8.5,14.44,0.25,38,0.17855359790191302,0.01582180382898647,0.05297774595341192,0.32370238730627093,28054,11946,0.70
sequences_9_0.25_39,sequences,9,-8.5,14.44,0.25,39,0.177696658274072,0.016076645956402045,0.053826553800626245,0.322007235595085,28053,11947,0.70
sequences_9_0.25_40,sequences,9,-8.5,14.44,0.25,40,0.17955241864222096,0.01628828005731605,0.05457624411900167,0.32547207082217444,28062,11938,0.70
sequences_9_0.25_41,sequences,9,-8.5,14.44,0.25,41,0.18130082246466453,0.016117792418143664,0.0540502763854583,0.3289038372399352,28072,11928,0.70
sequences_9_0.25_42,sequences,9,-8.5,14.44,0.25,42,0.1848039339513222,0.01539058467990797,0.051551112644139925,0.33545556820353606,28058,11942,0.70
sequences_9_0.25_43,sequences,9,-8.5,14.44,0.25,43,0.1887849700148597,0.015863913246065828,0.05316324814365224,0.34271453961776444,28064,11936,0.70
sequences_9_0.25_44,sequences,9,-8.5,14.44,0.25,44,0.1957196021166593,0.014959042387920533,0.050151847750969855,0.3558941867324538,28069,11931,0.70
sequences_9_0.25_45,sequences,9,-8.5,14.44,0.25,45,0.18132382837048086,0.015874886251510796,0.053124357906837755,0.32870429600513684,28047,11953,0.70
sequences_9_0.25_46,sequences,9,-8.5,14.44,0.25,46,0.18652689917275447,0.015228950730651896,0.051052466411840094,0.33883083452868706,28068,11932,0.70
sequences_9_0.25_47,sequences,9,-8.5,14.44,0.25,47,0.18245586297931654,0.01512233410830043,0.050652601267125875,0.3312195426170827,28058,11942,0.70
sequences_9_0.25_48,sequences,9,-8.5,14.44,0.25,48,0.18381430414685745,0.015453222789953574,0.05179127872627927,0.33370203042614827,28065,11935,0.70
sequences_9_0.25_49,sequences,9,-8.5,14.44,0.25,49,0.18677632418147894,0.015681441641112265,0.05256495982942182,0.33911468797041444,28067,11933,0.70
sequences_9_0.5_0,sequences,9,-8.5,14.44,0.5,0,0.19574723085740525,0.0164071213680509,0.05494222308263173,0.35523816074571596,28055,11945,0.70
sequences_9_0.5_1,sequences,9,-8.5,14.44,0.5,1,0.19275870770699863,0.015648955129679024,0.0524648566915733,0.3501967980326879,28069,11931,0.70
sequences_9_0.5_2,sequences,9,-8.5,14.44,0.5,2,0.1887782343690976,0.016125573313988704,0.05398584972878708,0.34243805315620457,28052,11948,0.70
sequences_9_0.5_3,sequences,9,-8.5,14.44,0.5,3,0.1911656538014506,0.016304299474570197,0.05462076875902914,0.3468913587154787,28060,11940,0.70
sequences_9_0.5_4,sequences,9,-8.5,14.44,0.5,4,0.1895060664856381,0.01627451935883863,0.054566703633993734,0.343978801762986,28070,11930,0.70
sequences_9_0.5_5,sequences,9,-8.5,14.44,0.5,5,0.19545997871560536,0.01611642970237216,0.05401853427977932,0.3549726085095302,28066,11934,0.70
sequences_9_0.5_6,sequences,9,-8.5,14.44,0.5,6,0.19885890666940773,0.015462996668215183,0.051841410336820666,0.3615143623999448,28069,11931,0.70
sequences_9_0.5_7,sequences,9,-8.5,14.44,0.5,7,0.18725418441690408,0.016698861551191702,0.05591916802408272,0.33944872015802857,28055,11945,0.70
sequences_9_0.5_8,sequences,9,-8.5,14.44,0.5,8,0.19473004477454559,0.015810704922449625,0.052949447161586165,0.35358938652591515,28056,11944,0.70
sequences_9_0.5_9,sequences,9,-8.5,14.44,0.5,9,0.1927499060924129,0.01580893088000146,0.052983429844998604,0.35006654326550396,28065,11935,0.70
sequences_9_0.5_10,sequences,9,-8.5,14.44,0.5,10,0.1955223376821244,0.015484740985292789,0.05184044521356808,0.3551054100653538,28052,11948,0.70
sequences_9_0.5_11,sequences,9,-8.5,14.44,0.5,11,0.19305746304365792,0.01600474658415985,0.053612751307796164,0.3504780491201285,28059,11941,0.70
sequences_9_0.5_12,sequences,9,-8.5,14.44,0.5,12,0.19172218638492813,0.016113558976155663,0.053999862520628904,0.34804564258432064,28064,11936,0.70
sequences_9_0.5_13,sequences,9,-8.5,14.44,0.5,13,0.19173930462236705,0.015561911684033213,0.05210752279937456,0.3481324279515452,28054,11946,0.70
sequences_9_0.5_14,sequences,9,-8.5,14.44,0.5,14,0.19718454908143973,0.015192726292190605,0.0509182280425324,0.3584586405561751,28065,11935,0.70
sequences_9_0.5_15,sequences,9,-8.5,14.44,0.5,15,0.19158007887282585,0.016520761014179583,0.055285739192435644,0.347391709050691,28047,11953,0.70
sequences_9_0.5_16,sequences,9,-8.5,14.44,0.5,16,0.18161726383131802,0.017073077990359727,0.057201031879922024,0.32896176065098953,28061,11939,0.70
sequences_9_0.5_17,sequences,9,-8.5,14.44,0.5,17,0.1870768315437593,0.015730475952042713,0.052685174418630874,0.3395128085686066,28057,11943,0.70
sequences_9_0.5_18,sequences,9,-8.5,14.44,0.5,18,0.1891731581297807,0.01612500644687211,0.0539839519480151,0.34316711568657304,28052,11948,0.70
sequences_9_0.5_19,sequences,9,-8.5,14.44,0.5,19,0.1911959863299863,0.01616114224759236,0.054113987100593876,0.3469150541477385,28054,11946,0.70
sequences_9_0.5_20,sequences,9,-8.5,14.44,0.5,20,0.19188422760431006,0.016134080355423033,0.05405504767710204,0.34829457486189586,28061,11939,0.70
sequences_9_0.5_21,sequences,9,-8.5,14.44,0.5,21,0.19409887657869035,0.015764163409905642,0.05275824434372705,0.3523263343698007,28048,11952,0.70
sequences_9_0.5_22,sequences,9,-8.5,14.44,0.5,22,0.19086795928588274,0.015828573401098212,0.05298710653978814,0.3463879892429707,28051,11949,0.70
sequences_9_0.5_23,sequences,9,-8.5,14.44,0.5,23,0.1914146799492414,0.01590415379439398,0.053262403866021366,0.34744030189455927,28056,11944,0.70
sequences_9_0.5_24,sequences,9,-8.5,14.44,0.5,24,0.18653342064794307,0.01636796169360003,0.05486620864359349,0.3384100197206465,28067,11933,0.70
sequences_9_0.5_25,sequences,9,-8.5,14.44,0.5,25,0.18781601238817608,0.016832592498287946,0.05636699036680769,0.34043474581593375,28055,11945,0.70
sequences_9_0.5_26,sequences,9,-8.5,14.44,0.5,26,0.19433746539230776,0.015878041416874863,0.05319722394463477,0.3529137325456044,28061,11939,0.70
sequences_9_0.5_27,sequences,9,-8.5,14.44,0.5,27,0.19614027157604152,0.015742377513735778,0.05276479810201367,0.356359942975875,28066,11934,0.70
sequences_9_0.5_28,sequences,9,-8.5,14.44,0.5,28,0.19434610813895611,0.015283419734450092,0.05120073612881103,0.35312185286396475,28060,11940,0.70
sequences_9_0.5_29,sequences,9,-8.5,14.44,0.5,29,0.19129184689913734,0.01612566581844245,0.05399971810277924,0.34711910747643726,28055,11945,0.70
sequences_9_0.5_30,sequences,9,-8.5,14.44,0.5,30,0.19493452158275235,0.015508661371770356,0.051959666209130936,0.3541441513750283,28061,11939,0.70
sequences_9_0.5_31,sequences,9,-8.5,14.44,0.5,31,0.19442463947356337,0.0157632481685029,0.052812624737424915,0.353115064089234,28061,11939,0.70
sequences_9_0.5_32,sequences,9,-8.5,14.44,0.5,32,0.19285319379058335,0.016677030858768403,0.05591159453111526,0.3499968908042712,28069,11931,0.70
sequences_9_0.5_33,sequences,9,-8.5,14.44,0.5,33,0.1916183683889515,0.01643116656859496,0.055004323603966725,0.3475524316269883,28051,11949,0.70
sequences_9_0.5_34,sequences,9,-8.5,14.44,0.5,34,0.1906350267473592,0.01571694294643458,0.05264425706392424,0.346097360284989,28058,11942,0.70
sequences_9_0.5_35,sequences,9,-8.5,14.44,0.5,35,0.18979780469034827,0.01607799004290269,0.05382654851992866,0.34433716143199916,28052,11948,0.70
sequences_9_0.5_36,sequences,9,-8.5,14.44,0.5,36,0.19608714788879933,0.01591374324008571,0.053339176269769424,0.35620192082177066,28066,11934,0.70
sequences_9_0.5_37,sequences,9,-8.5,14.44,0.5,37,0.1919059556734031,0.016495277410598017,0.05528834392692481,0.34827253759981236,28066,11934,0.70
sequences_9_0.5_38,sequences,9,-8.5,14.44,0.5,38,0.18953503080054504,0.016900615037650658,0.05663270516093041,0.3436959948673008,28063,11937,0.70
sequences_9_0.5_39,sequences,9,-8.5,14.44,0.5,39,0.1922827025393047,0.01606135552734598,0.05377535959603575,0.3489423672368249,28053,11947,0.70
sequences_9_0.5_40,sequences,9,-8.5,14.44,0.5,40,0.18665842381726788,0.016497774146848953,0.05524116573530538,0.3384119433789563,28054,11946,0.70
sequences_9_0.5_41,sequences,9,-8.5,14.44,0.5,41,0.19404541577756787,0.015613758946884673,0.05230740015706758,0.35245346208140094,28060,11940,0.70
sequences_9_0.5_42,sequences,9,-8.5,14.44,0.5,42,0.19364333704999742,0.01573113330139593,0.05273152870659828,0.35177148669799496,28067,11933,0.70
sequences_9_0.5_43,sequences,9,-8.5,14.44,0.5,43,0.19467620412895334,0.015475046686573077,0.05183836089631715,0.3536503764899785,28059,11941,0.70
sequences_9_0.5_44,sequences,9,-8.5,14.44,0.5,44,0.19595594568289904,0.01510834677453372,0.050567640446937394,0.35598802648484434,28049,11951,0.70
sequences_9_0.5_45,sequences,9,-8.5,14.44,0.5,45,0.19155947506160484,0.015671217586487426,0.05249989141201818,0.3478475682490878,28060,11940,0.70
sequences_9_0.5_46,sequences,9,-8.5,14.44,0.5,46,0.1900684973577271,0.016376034848707848,0.05488867051686893,0.3449234384534143,28066,11934,0.70
sequences_9_0.5_47,sequences,9,-8.5,14.44,0.5,47,0.19108542833468517,0.016098428450845796,0.053854406459298475,0.3465782944928361,28043,11957,0.70
sequences_9_0.5_48,sequences,9,-8.5,14.44,0.5,48,0.18803132724256275,0.01685440724259397,0.05641170527183991,0.34074082523194144,28049,11951,0.70
sequences_9_0.5_49,sequences,9,-8.5,14.44,0.5,49,0.19629084092886373,0.016119568169763756,0.05402000056891339,0.35647569107473226,28064,11936,0.70
sequences_9_0.75_0,sequences,9,-8.5,14.44,0.75,0,0.1973400200058576,0.017041395310107683,0.05713795577571729,0.3581632484186896,28070,11930,0.70
sequences_9_0.75_1,sequences,9,-8.5,14.44,0.75,1,0.19766648469869458,0.017232737546419925,0.057711780128666866,0.35848939996430634,28056,11944,0.70
sequences_9_0.75_2,sequences,9,-8.5,14.44,0.75,2,0.1933955538140133,0.017383952670139997,0.05821331995023858,0.35052822399882966,28055,11945,0.70
sequences_9_0.75_3,sequences,9,-8.5,14.44,0.75,3,0.19533822470344558,0.017653867736995347,0.05912707941721627,0.35404084485368337,28057,11943,0.70
sequences_9_0.75_4,sequences,9,-8.5,14.44,0.75,4,0.19937407699699292,0.01678990717693566,0.0562805905537104,0.36196886891513086,28067,11933,0.70
sequences_9_0.75_5,sequences,9,-8.5,14.44,0.75,5,0.1963919528925704,0.016556358478221005,0.05548377506106234,0.3565045849538263,28064,11936,0.70
sequences_9_0.75_6,sequences,9,-8.5,14.44,0.75,6,0.18856994322132065,0.018130678027846722,0.060724032580915084,0.34133268714303006,28057,11943,0.70
sequences_9_0.75_7,sequences,9,-8.5,14.44,0.75,7,0.1944999101896657,0.018087709509530064,0.060651218072026385,0.35251911270531705,28071,11929,0.70
sequences_9_0.75_8,sequences,9,-8.5,14.44,0.75,8,0.2012352253156353,0.016852506532763625,0.05646203713129616,0.36529253094948183,28061,11939,0.70
sequences_9_0.75_9,sequences,9,-8.5,14.44,0.75,9,0.1899298109047099,0.017862143807964363,0.059864746738045614,0.344070980569011,28065,11935,0.70
sequences_9_0.75_10,sequences,9,-8.5,14.44,0.75,10,0.19987848152746293,0.0171897567467193,0.0576160775824344,0.36273770836403607,28066,11934,0.70
sequences_9_0.75_11,sequences,9,-8.5,14.44,0.75,11,0.2036835829021819,0.017235618282272235,0.05776011488697131,0.3697172004048069,28064,11936,0.70
sequences_9_0.75_12,sequences,9,-8.5,14.44,0.75,12,0.20058326696453888,0.017316528083249925,0.05806044621374661,0.3640514493619389,28070,11930,0.70
sequences_9_0.75_13,sequences,9,-8.5,14.44,0.75,13,0.19865984706264264,0.016777248608547363,0.056209895664787214,0.36056634083696437,28061,11939,0.70
sequences_9_0.75_14,sequences,9,-8.5,14.44,0.75,14,0.18963543777973507,0.018063057704233568,0.06051275612808567,0.3433738795223157,28060,11940,0.70
sequences_9_0.75_15,sequences,9,-8.5,14.44,0.75,15,0.19268319531755468,0.017883635610301315,0.059916695235116224,0.34909865553831204,28061,11939,0.70
sequences_9_0.75_16,sequences,9,-8.5,14.44,0.75,16,0.19402122962973933,0.017417104700118924,0.058392774118242965,0.3518718460881412,28069,11931,0.70
sequences_9_0.75_17,sequences,9,-8.5,14.44,0.75,17,0.1881731623323836,0.019006388580610805,0.06363036016274125,0.3401539583200452,28052,11948,0.70
sequences_9_0.75_18,sequences,9,-8.5,14.44,0.75,18,0.19302248210714948,0.017234079153674132,0.05773077348186629,0.3499542619727285,28059,11941,0.70
sequences_9_0.75_19,sequences,9,-8.5,14.44,0.75,19,0.1945580581464153,0.017678851946432754,0.059200843688347445,0.35256057595249757,28055,11945,0.70
sequences_9_0.75_20,sequences,9,-8.5,14.44,0.75,20,0.1873307282738508,0.018322831010437524,0.06140873401068294,0.33906817297871583,28065,11935,0.70
sequences_9_0.75_21,sequences,9,-8.5,14.44,0.75,21,0.1923979556888348,0.01775562819609143,0.05944301371306138,0.3484951994446175,28052,11948,0.70
sequences_9_0.75_22,sequences,9,-8.5,14.44,0.75,22,0.2029002532134279,0.017310702922480898,0.057987448027739384,0.3681679984483884,28059,11941,0.70
sequences_9_0.75_23,sequences,9,-8.5,14.44,0.75,23,0.20019805497563936,0.016495297540776766,0.055288411398614935,0.36358159727866846,28066,11934,0.70
sequences_9_0.75_24,sequences,9,-8.5,14.44,0.75,24,0.19873479018936524,0.017260128007412185,0.057798670598282746,0.36043699999600987,28055,11945,0.70
sequences_9_0.75_25,sequences,9,-8.5,14.44,0.75,25,0.19895896347031267,0.016841410307596297,0.05641068600769149,0.36105071334959943,28058,11942,0.70
sequences_9_0.75_26,sequences,9,-8.5,14.44,0.75,26,0.1920445357670069,0.01794749822009722,0.060160892382794665,0.34797653535453826,28067,11933,0.70
sequences_9_0.75_27,sequences,9,-8.5,14.44,0.75,27,0.19641977278614076,0.01729058785385996,0.057920066506523614,0.356208620185668,28059,11941,0.70
sequences_9_0.75_28,sequences,9,-8.5,14.44,0.75,28,0.19412346761664862,0.01791464542836757,0.060005511399656895,0.35170650198708014,28058,11942,0.70
sequences_9_0.75_29,sequences,9,-8.5,14.44,0.75,29,0.19217868859911275,0.018166250596563606,0.060878855886607255,0.3480928529149681,28064,11936,0.70
sequences_9_0.75_30,sequences,9,-8.5,14.44,0.75,30,0.19363714285189101,0.01753439214145159,0.05876136776625868,0.3510442729196786,28064,11936,0.70
sequences_9_0.75_31,sequences,9,-8.5,14.44,0.75,31,0.20201623698059024,0.016301922238689467,0.054603658478276564,0.366884834686133,28058,11942,0.70
sequences_9_0.75_32,sequences,9,-8.5,14.44,0.75,32,0.19791595493352102,0.017342449983400673,0.05805975889990182,0.35884998084288017,28052,11948,0.70
sequences_9_0.75_33,sequences,9,-8.5,14.44,0.75,33,0.19838828407396208,0.01754160814697844,0.058716679989885986,0.3596168778746091,28050,11950,0.70
sequences_9_0.75_34,sequences,9,-8.5,14.44,0.75,34,0.1911666094022101,0.01779656022483352,0.059659940411778474,0.3464278143934187,28068,11932,0.70
sequences_9_0.75_35,sequences,9,-8.5,14.44,0.75,35,0.1906264455237439,0.017316469677875673,0.05802620315950632,0.3455505560540596,28063,11937,0.70
sequences_9_0.75_36,sequences,9,-8.5,14.44,0.75,36,0.19850077046835696,0.0165858781458861,0.055522229963632444,0.3601952320685413,28051,11949,0.70
sequences_9_0.75_37,sequences,9,-8.5,14.44,0.75,37,0.1918504235470661,0.017394548458965306,0.058243925862934226,0.34765497703684,28054,11946,0.70
sequences_9_0.75_38,sequences,9,-8.5,14.44,0.75,38,0.20090377378877222,0.018206783898267093,0.06105561334093593,0.36433095589208453,28072,11928,0.70
sequences_9_0.75_39,sequences,9,-8.5,14.44,0.75,39,0.20022575049905486,0.01638718269905343,0.05493984644724978,0.3637159175649007,28069,11931,0.70
sequences_9_0.75_40,sequences,9,-8.5,14.44,0.75,40,0.1858391593156218,0.01798446511081282,0.06018897292775372,0.336218276879936,28048,11952,0.70
sequences_9_0.75_41,sequences,9,-8.5,14.44,0.75,41,0.20025308012489812,0.01735345394384854,0.05815500651423772,0.3633385569377099,28064,11936,0.70
sequences_9_0.75_42,sequences,9,-8.5,14.44,0.75,42,0.19515026017777362,0.017571519840241297,0.058890724223682606,0.3538410116271561,28065,11935,0.70
sequences_9_0.75_43,sequences,9,-8.5,14.44,0.75,43,0.1902960770746373,0.01774020600692913,0.05942122259899221,0.34470012807075395,28058,11942,0.70
sequences_9_0.75_44,sequences,9,-8.5,14.44,0.75,44,0.1940679063823442,0.01732900594857636,0.0580828086092722,0.35194939132437986,28066,11934,0.70
sequences_9_0.75_45,sequences,9,-8.5,14.44,0.75,45,0.19681730149159313,0.01732598703614703,0.05800949873992477,0.35684211617138045,28053,11947,0.70
sequences_9_0.75_46,sequences,9,-8.5,14.44,0.75,46,0.1990302806480312,0.017257838003712157,0.05778132754235258,0.3609539957523293,28053,11947,0.70
sequences_9_0.75_47,sequences,9,-8.5,14.44,0.75,47,0.19933292808470768,0.017066693494994546,0.057217981711489556,0.3618203656499846,28069,11931,0.70
sequences_9_0.75_48,sequences,9,-8.5,14.44,0.75,48,0.19813712119687457,0.016913020917860705,0.05666003657574776,0.3595366303628398,28060,11940,0.70
sequences_9_0.75_49,sequences,9,-8.5,14.44,0.75,49,0.1929625789347796,0.017201524733973808,0.05763620282785661,0.349898957503137,28062,11938,0.70
sequences_9_1_0,sequences,9,,10.74,1.0,0,0.20124631101947768,0.022050587800006422,0.07390845584047737,0.3631998510650085,28066,11934,0.70
sequences_9_1_1,sequences,9,,10.74,1.0,1,0.19895740396529474,0.022105983188759504,0.07407550704116447,0.3588781640622598,28063,11937,0.70
sequences_9_1_2,sequences,9,,10.74,1.0,2,0.2058444916371248,0.0219142818526621,0.07333483427645644,0.3715162123260865,28047,11953,0.70
sequences_9_1_3,sequences,9,,10.74,1.0,3,0.2066533134823884,0.021925732596508197,0.07344073889301021,0.37317562796436893,28058,11942,0.70
sequences_9_1_4,sequences,9,,10.74,1.0,4,0.20281250986703053,0.022148066980151423,0.07418545295646098,0.36594427493086684,28058,11942,0.70
sequences_9_1_5,sequences,9,,10.74,1.0,5,0.20514585195029203,0.022019810390395606,0.07372498665906288,0.37026085739475795,28053,11947,0.70
sequences_9_1_6,sequences,9,,10.74,1.0,6,0.2077988549327704,0.02119733019303719,0.07102472840689292,0.37569015644066517,28062,11938,0.70
sequences_9_1_7,sequences,9,,10.74,1.0,7,0.21014833115476744,0.021930976932958764,0.07348291818716288,0.3797157795252052,28062,11938,0.70
sequences_9_1_8,sequences,9,,10.74,1.0,8,0.209384718418418,0.021804775777145718,0.0731090554137325,0.3784792528295116,28070,11930,0.70
sequences_9_1_9,sequences,9,,10.74,1.0,9,0.21261344479596364,0.02175316896473335,0.07289935980138522,0.3843969423730426,28064,11936,0.70
sequences_9_1_10,sequences,9,,10.74,1.0,10,0.20101164405163985,0.022113303435078013,0.07410624475562337,0.36270480650753995,28064,11936,0.70
sequences_9_1_11,sequences,9,,10.74,1.0,11,0.2119849429954691,0.021670994036499844,0.07258748630547594,0.38317576197742437,28058,11942,0.70
sequences_9_1_12,sequences,9,,10.74,1.0,12,0.2107979309668333,0.021338752316665505,0.07149858373819905,0.38118515962772676,28062,11938,0.70
sequences_9_1_13,sequences,9,,10.74,1.0,13,0.21530916901893907,0.02145154707050602,0.07194884142380016,0.3896824353136726,28074,11926,0.70
sequences_9_1_14,sequences,9,,10.74,1.0,14,0.20403984116083984,0.021927997911654864,0.07346062951978179,0.3683557077691109,28060,11940,0.70
sequences_9_1_15,sequences,9,,10.74,1.0,15,0.20105905169043087,0.021996351582377265,0.07368344889834105,0.3627760292140549,28059,11941,0.70
sequences_9_1_16,sequences,9,,10.74,1.0,16,0.20904043794561555,0.0216049230815336,0.07231168297726918,0.37761118474172656,28049,11951,0.70
sequences_9_1_17,sequences,9,,10.74,1.0,17,0.21389776997423135,0.02150397194011573,0.07204010700206274,0.38682458669238257,28060,11940,0.70
sequences_9_1_18,sequences,9,,10.74,1.0,18,0.19045427613949625,0.022309002565274735,0.07480594371791344,0.34307724078213275,28071,11929,0.70
sequences_9_1_19,sequences,9,,10.74,1.0,19,0.20486588668357456,0.022163474560150526,0.0742432779839227,0.36976312762329205,28059,11941,0.70
sequences_9_1_20,sequences,9,,10.74,1.0,20,0.2063273984892404,0.02189845872697358,0.07340470536151374,0.37271873984776355,28067,11933,0.70
sequences_9_1_21,sequences,9,,10.74,1.0,21,0.20286237772978138,0.021684403684173983,0.07263240222466583,0.3662552596116444,28058,11942,0.70
sequences_9_1_22,sequences,9,,10.74,1.0,22,0.1984810600950476,0.02195568787967208,0.0735842073889303,0.3580948123294168,28065,11935,0.70
sequences_9_1_23,sequences,9,,10.74,1.0,23,0.2001580987553211,0.02187895616518593,0.07333318640920372,0.36126094110680385,28066,11934,0.70
sequences_9_1_24,sequences,9,,10.74,1.0,24,0.20739176187953656,0.02200525881912427,0.07367009982967616,0.374418172437446,28052,11948,0.70
sequences_9_1_25,sequences,9,,10.74,1.0,25,0.2040135829980135,0.021823119946724423,0.07313377998232047,0.36841530504932546,28064,11936,0.70
sequences_9_1_26,sequences,9,,10.74,1.0,26,0.20841552047594358,0.02185213668975505,0.07319422773322744,0.37647758264683023,28058,11942,0.70
sequences_9_1_27,sequences,9,,10.74,1.0,27,0.19859182741184042,0.022032760960852913,0.0738858516460527,0.3583639287671138,28072,11928,0.70
sequences_9_1_28,sequences,9,,10.74,1.0,28,0.21939399200213802,0.021766194144424936,0.07292468094287607,0.3969065328025844,28061,11939,0.70
sequences_9_1_29,sequences,9,,10.74,1.0,29,0.21181089786026328,0.021791603402819684,0.07296092208192745,0.3827221620137385,28053,11947,0.70
sequences_9_1_30,sequences,9,,10.74,1.0,30,0.21136783257076538,0.021696532699293884,0.07267911464464913,0.38203618532176464,28059,11941,0.70
sequences_9_1_31,sequences,9,,10.74,1.0,31,0.21228708859505793,0.02166015335124968,0.07248440843721134,0.38357015852466514,28047,11953,0.70
sequences_9_1_32,sequences,9,,10.74,1.0,32,0.18649307752540614,0.022450086000580394,0.07515931034677066,0.3353732204644422,28052,11948,0.70
sequences_9_1_33,sequences,9,,10.74,1.0,33,0.20638620301710098,0.021857223917278297,0.07325420667709524,0.3728168994326792,28065,11935,0.70
sequences_9_1_34,sequences,9,,10.74,1.0,34,0.2078254870762946,0.02172433735353414,0.07274179592678433,0.37538132895946047,28054,11946,0.70
sequences_9_1_35,sequences,9,,10.74,1.0,35,0.19354331851113474,0.022391902612547768,0.07503360178452799,0.34867245852584106,28063,11937,0.70
sequences_9_1_36,sequences,9,,10.74,1.0,36,0.2041973375176045,0.021542209608432,0.0721923914491689,0.3688864293690602,28064,11936,0.70
sequences_9_1_37,sequences,9,,10.74,1.0,37,0.2019316840687269,0.02202561657386481,0.07371974420170634,0.3642358576645608,28049,11951,0.70
sequences_9_1_38,sequences,9,,10.74,1.0,38,0.1985950433591003,0.021754873029729265,0.07290507047496403,0.3583886768385875,28064,11936,0.70
sequences_9_1_39,sequences,9,,10.74,1.0,39,0.20704955476852893,0.02151530336758708,0.07210222308172613,0.37418868986453274,28064,11936,0.70
sequences_9_1_40,sequences,9,,10.74,1.0,40,0.1900612222923818,0.02228157232397425,0.07460764213619371,0.3421275606250386,28054,11946,0.70
sequences_9_1_41,sequences,9,,10.74,1.0,41,0.20633972769360623,0.021898513440385396,0.07344181584769145,0.37283169960121226,28073,11927,0.70
sequences_9_1_42,sequences,9,,10.74,1.0,42,0.19297382963037177,0.02239240831275501,0.07508561761339595,0.34772397963478396,28071,11929,0.70
sequences_9_1_43,sequences,9,,10.74,1.0,43,0.21215651010863007,0.021304143477091895,0.07141253155817279,0.3837950569597175,28067,11933,0.70
sequences_9_1_44,sequences,9,,10.74,1.0,44,0.21284828593002608,0.021502521456926445,0.07200509487459673,0.38480324526072657,28055,11945,0.70
sequences_9_1_45,sequences,9,,10.74,1.0,45,0.19302738486278023,0.022095715880698,0.07404110205478093,0.3478619858104364,28063,11937,0.70
sequences_9_1_46,sequences,9,,10.74,1.0,46,0.21123421243944182,0.021767153852443447,0.07287296234497305,0.3816491293672397,28052,11948,0.70
sequences_9_1_47,sequences,9,,10.74,1.0,47,0.2083186436149801,0.021764394105272648,0.07294308874829541,0.37644416624210786,28065,11935,0.70
sequences_9_1_48,sequences,9,,10.74,1.0,48,0.2007988256774933,0.021973282098107207,0.0736000070276577,0.3622893756412157,28058,11942,0.70
sequences_9_1_49,sequences,9,,10.74,1.0,49,0.20058273741763938,0.02163604086955039,0.07242795504075784,0.36194626729263624,28051,11949,0.70
sequences_10_0_0,sequences,10,-12.3,10.68,0.0,0,0.20988073639636134,0.01800063074110769,0.06032382956135284,0.3808770007058266,28064,11936,0.70
sequences_10_0_1,sequences,10,-12.3,10.68,0.0,1,0.21262515864829665,0.017896467174893415,0.05992455106276047,0.38582494330882516,28054,11946,0.70
sequences_10_0_2,sequences,10,-12.3,10.68,0.0,2,0.20696359725731675,0.01783731394355195,0.05978152976473213,0.37556608163183824,28065,11935,0.70
sequences_10_0_3,sequences,10,-12.3,10.68,0.0,3,0.20641937597235097,0.018059050464528926,0.06046388370144447,0.37429397951815707,28053,11947,0.70
sequences_10_0_4,sequences,10,-12.3,10.68,0.0,4,0.20910496704573608,0.01803174617329953,0.06040280101599373,0.3793552909495168,28059,11941,0.70
sequences_10_0_5,sequences,10,-12.3,10.68,0.0,5,0.210975229417036,0.017980722150648217,0.06023188058168735,0.382827255346095,28059,11941,0.70
sequences_10_0_6,sequences,10,-12.3,10.68,0.0,6,0.21057497428521743,0.017839231784203977,0.05977794013304509,0.3822030005626874,28063,11937,0.70
sequences_10_0_7,sequences,10,-12.3,10.68,0.0,7,0.2115212264602689,0.01801492772433805,0.0602858787729877,0.38363460191927806,28047,11953,0.70
sequences_10_0_8,sequences,10,-12.3,10.68,0.0,8,0.21113948347164258,0.017872620130085993,0.05986474670938199,0.38315463803799604,28058,11942,0.70
sequences_10_0_9,sequences,10,-12.3,10.68,0.0,9,0.21150516840984343,0.017966069455814818,0.06018279693765955,0.38381093909401254,28059,11941,0.70
sequences_10_0_10,sequences,10,-12.3,10.68,0.0,10,0.209668706623019,0.018008836259174585,0.060401932782742196,0.3806378584465398,28074,11926,0.70
sequences_10_0_11,sequences,10,-12.3,10.68,0.0,11,0.1976795195144277,0.01803411641061178,0.060425921965527825,0.3582907136400865,28062,11938,0.70
sequences_10_0_12,sequences,10,-12.3,10.68,0.0,12,0.20749985854741285,0.017957596551848483,0.06013930526406055,0.3763731687981244,28056,11944,0.70
sequences_10_0_13,sequences,10,-12.3,10.68,0.0,13,0.20660106714205928,0.018123164218575134,0.06069886701356488,0.37466620044275223,28057,11943,0.70
sequences_10_0_14,sequences,10,-12.3,10.68,0.0,14,0.2055884685695614,0.01807524516025066,0.06052317147246161,0.3727687085523784,28054,11946,0.70
sequences_10_0_15,sequences,10,-12.3,10.68,0.0,15,0.21147111076801525,0.01800911183412801,0.06032698043422832,0.3837321886871673,28059,11941,0.70
sequences_10_0_16,sequences,10,-12.3,10.68,0.0,16,0.21452010244466296,0.017906210971274764,0.05995717720165667,0.38931785733491736,28054,11946,0.70
sequences_10_0_17,sequences,10,-12.3,10.68,0.0,17,0.20024553665419426,0.018107756552161076,0.0607082610079996,0.3631083983430416,28069,11931,0.70
sequences_10_0_18,sequences,10,-12.3,10.68,0.0,18,0.2074671581020297,0.018050258293593198,0.06046987703046297,0.3763393129153741,28060,11940,0.70
sequences_10_0_19,sequences,10,-12.3,10.68,0.0,19,0.19802797268540054,0.018115311255073718,0.060738679815838116,0.35901953836476713,28070,11930,0.70
sequences_10_0_20,sequences,10,-12.3,10.68,0.0,20,0.2028101981159801,0.018022483581198356,0.06039706293967277,0.36780761823515706,28064,11936,0.70
sequences_10_0_21,sequences,10,-12.3,10.68,0.0,21,0.20374324599013838,0.01800257952674792,0.060345527618362274,0.36958454526285106,28067,11933,0.70
sequences_10_0_22,sequences,10,-12.3,10.68,0.0,22,0.21257574284306097,0.017937768325600713,0.060072901291362064,0.3857501811402495,28056,11944,0.70
sequences_10_0_23,sequences,10,-12.3,10.68,0.0,23,0.21547421982887888,0.01812681322529533,0.06073142884762655,0.39111007964468697,28061,11939,0.70
sequences_10_0_24,sequences,10,-12.3,10.68,0.0,24,0.20809711707394285,0.017842407145669825,0.05981363441391158,0.3777038733197749,28068,11932,0.70
sequences_10_0_25,sequences,10,-12.3,10.68,0.0,25,0.205908239807914,0.01809790645903844,0.06057876639008682,0.37328974507606233,28050,11950,0.70
sequences_10_0_26,sequences,10,-12.3,10.68,0.0,26,0.2220537698837889,0.017895959563973524,0.05992786794130942,0.40323379047949703,28055,11945,0.70
sequences_10_0_27,sequences,10,-12.3,10.68,0.0,27,0.20882761048153292,0.017922340846652746,0.060081598547277064,0.3790232975920885,28068,11932,0.70
sequences_10_0_28,sequences,10,-12.3,10.68,0.0,28,0.21703166377583819,0.017957624491551083,0.060169624699450766,0.3940617849295872,28062,11938,0.70
sequences_10_0_29,sequences,10,-12.3,10.68,0.0,29,0.21060499863747947,0.017916919756461494,0.06005839187618031,0.38229228327158987,28067,11933,0.70
sequences_10_0_30,sequences,10,-12.3,10.68,0.0,30,0.21080756008158238,0.01796824657426761,0.06016489728534275,0.38244425928684084,28054,11946,0.70
sequences_10_0_31,sequences,10,-12.3,10.68,0.0,31,0.20088380114550403,0.018109326371910196,0.060642365414517195,0.36408020715800815,28055,11945,0.70
sequences_10_0_32,sequences,10,-12.3,10.68,0.0,32,0.20507352665909628,0.01793219212627592,0.060024074062848265,0.3718115850851537,28050,11950,0.70
sequences_10_0_33,sequences,10,-12.3,10.68,0.0,33,0.21693060518505794,0.0178403000818014,0.0597815199189123,0.39393340203013083,28063,11937,0.70
sequences_10_0_34,sequences,10,-12.3,10.68,0.0,34,0.2103948014462774,0.01785058756353576,0.05981599250577452,0.38186618357287727,28063,11937,0.70
sequences_10_0_35,sequences,10,-12.3,10.68,0.0,35,0.2094407658212248,0.017990157574992182,0.060258441048374425,0.3799753242685521,28058,11942,0.70
sequences_10_0_36,sequences,10,-12.3,10.68,0.0,36,0.2047902274863241,0.017861914760044464,0.059909155660051866,0.3716789011649531,28074,11926,0.70
sequences_10_0_37,sequences,10,-12.3,10.68,0.0,37,0.2138217209143457,0.017865628133490307,0.05987140795405599,0.38820265659912667,28064,11936,0.70
sequences_10_0_38,sequences,10,-12.3,10.68,0.0,38,0.21317821420231087,0.017958748560128846,0.060163311759225624,0.38691759549227,28060,11940,0.70
sequences_10_0_39,sequences,10,-12.3,10.68,0.0,39,0.20727423225297764,0.01782754428589972,0.059703765190555,0.37600527089654934,28056,11944,0.70
sequences_10_0_40,sequences,10,-12.3,10.68,0.0,40,0.21872092652110992,0.017854609241955227,0.05977438648126959,0.39705301443378754,28052,11948,0.70
sequences_10_0_41,sequences,10,-12.3,10.68,0.0,41,0.20416064258817893,0.017967969703196883,0.06016900695921937,0.37018792427932923,28055,11945,0.70
sequences_10_0_42,sequences,10,-12.3,10.68,0.0,42,0.2103842570053048,0.01799901239560452,0.06021750550553537,0.38149590409417433,28044,11956,0.70
sequences_10_0_43,sequences,10,-12.3,10.68,0.0,43,0.21400203610330357,0.017989487399457493,0.060175572501948466,0.3881415203323488,28042,11958,0.70
sequences_10_0_44,sequences,10,-12.3,10.68,0.0,44,0.20416744367553985,0.017838028237989384,0.05978392371341227,0.3704009444099214,28065,11935,0.70
sequences_10_0_45,sequences,10,-12.3,10.68,0.0,45,0.21288119019295823,0.017963935942741233,0.0602210390303092,0.3864938073340131,28068,11932,0.70
sequences_10_0_46,sequences,10,-12.3,10.68,0.0,46,0.2039419877208432,0.018167270371452077,0.0608516843793404,0.3697526866572263,28058,11942,0.70
sequences_10_0_47,sequences,10,-12.3,10.68,0.0,47,0.20675988625381303,0.01785662724921902,0.059851272831302225,0.37519792142935027,28066,11934,0.70
sequences_10_0_48,sequences,10,-12.3,10.68,0.0,48,0.21158547546753192,0.017877960127002244,0.059872605917623056,0.3839444992693437,28056,11944,0.70
sequences_10_0_49,sequences,10,-12.3,10.68,0.0,49,0.1992134655840943,0.018172358801893544,0.06092484721110902,0.36117453056018195,28069,11931,0.70
sequences_10_0.25_0,sequences,10,-12.3,10.68,0.25,0,0.2005780034882796,0.018509325889839248,0.06197664788159801,0.3633419330394433,28054,11946,0.70
sequences_10_0.25_1,sequences,10,-12.3,10.68,0.25,1,0.20620494017670873,0.01816923406038079,0.06089905835555821,0.37405423634213386,28066,11934,0.70
sequences_10_0.25_2,sequences,10,-12.3,10.68,0.25,2,0.20601008793535386,0.018139943720861418,0.06077542079189687,0.37362922504899115,28061,11939,0.70
sequences_10_0.25_3,sequences,10,-12.3,10.68,0.25,3,0.19947529456312932,0.018264277060465513,0.061145889054119565,0.36137219187505504,28052,11948,0.70
sequences_10_0.25_4,sequences,10,-12.3,10.68,0.25,4,0.2042098713687563,0.018216464797437205,0.0610931996224942,0.37045497411604394,28073,11927,0.70
sequences_10_0.25_5,sequences,10,-12.3,10.68,0.25,5,0.200662080797972,0.018174630042554287,0.060906937139927245,0.36377814696205385,28064,11936,0.70
sequences_10_0.25_6,sequences,10,-12.3,10.68,0.25,6,0.20136876442900267,0.018353473156535502,0.061506277334234256,0.36501393457626746,28064,11936,0.70
sequences_10_0.25_7,sequences,10,-12.3,10.68,0.25,7,0.20847817809162306,0.01814626687570597,0.06075080976131895,0.37804687808844045,28052,11948,0.70
sequences_10_0.25_8,sequences,10,-12.3,10.68,0.25,8,0.2113695481596446,0.018254096715302096,0.061142511188417674,0.3834378798214602,28058,11942,0.70
sequences_10_0.25_9,sequences,10,-12.3,10.68,0.25,9,0.20083263582530772,0.018275771584085304,0.06123049362286726,0.3640090814179319,28061,11939,0.70
sequences_10_0.25_10,sequences,10,-12.3,10.68,0.25,10,0.19877090431895958,0.018332121165546257,0.061424430107375624,0.3601897220472769,28062,11938,0.70
sequences_10_0.25_11,sequences,10,-12.3,10.68,0.25,11,0.2037884140651447,0.018301072695720996,0.06132039770722397,0.36947716956993104,28062,11938,0.70
sequences_10_0.25_12,sequences,10,-12.3,10.68,0.25,12,0.20390210305183423,0.01800976043306564,0.060303902337403785,0.3696793886308901,28054,11946,0.70
sequences_10_0.25_13,sequences,10,-12.3,10.68,0.25,13,0.21475108860319989,0.017911076719585885,0.060008632949445966,0.3898538022012557,28061,11939,0.70
sequences_10_0.25_14,sequences,10,-12.3,10.68,0.25,14,0.1964906925308026,0.018366334092706865,0.061472124818699236,0.3557712234128657,28049,11951,0.70
sequences_10_0.25_15,sequences,10,-12.3,10.68,0.25,15,0.20997302780978402,0.017907133030980498,0.05996026462742507,0.3809265598297547,28054,11946,0.70
sequences_10_0.25_16,sequences,10,-12.3,10.68,0.25,16,0.19920666391395356,0.018042020207971233,0.0604726670285612,0.3611693592362491,28066,11934,0.70
sequences_10_0.25_17,sequences,10,-12.3,10.68,0.25,17,0.20415304318874253,0.018332152319586445,0.061481184940341896,0.3703048508796308,28073,11927,0.70
sequences_10_0.25_18,sequences,10,-12.3,10.68,0.25,18,0.20618023801491317,0.018103191757522074,0.060682784739871196,0.37404909583000095,28067,11933,0.70
sequences_10_0.25_19,sequences,10,-12.3,10.68,0.25,19,0.19914057617789618,0.01832755801070848,0.06141428503211353,0.3608897561204464,28063,11937,0.70
sequences_10_0.25_20,sequences,10,-12.3,10.68,0.25,20,0.19960915685691424,0.01851629047812025,0.06205191178994722,0.3616951511172529,28064,11936,0.70
sequences_10_0.25_21,sequences,10,-12.3,10.68,0.25,21,0.2048145590172455,0.018285762501881755,0.061294770809961464,0.37145509242975716,28067,11933,0.70
sequences_10_0.25_22,sequences,10,-12.3,10.68,0.25,22,0.20532887071531855,0.017616778129620314,0.059022625444745166,0.37256851114680095,28061,11939,0.70
sequences_10_0.25_23,sequences,10,-12.3,10.68,0.25,23,0.20162807190885937,0.017888676463294645,0.059883426105262844,0.3654812305613658,28051,11949,0.70
sequences_10_0.25_24,sequences,10,-12.3,10.68,0.25,24,0.20195078797154628,0.018209624937987442,0.060927226894144516,0.3658635328128013,28045,11955,0.70
sequences_10_0.25_25,sequences,10,-12.3,10.68,0.25,25,0.19512383530402946,0.018558579427883706,0.06216758873757209,0.3533086927577956,28059,11941,0.70
sequences_10_0.25_26,sequences,10,-12.3,10.68,0.25,26,0.20827375009829274,0.017809325191463984,0.0596527388761145,0.37788803944019156,28058,11942,0.70
sequences_10_0.25_27,sequences,10,-12.3,10.68,0.25,27,0.19903598401532369,0.01795700700254731,0.060107136410200206,0.36065228105384906,28050,11950,0.70
sequences_10_0.25_28,sequences,10,-12.3,10.68,0.25,28,0.20113471225590163,0.01799879235778255,0.06028736344928001,0.3646313916783507,28058,11942,0.70
sequences_10_0.25_29,sequences,10,-12.3,10.68,0.25,29,0.20689499793957547,0.01799012573775419,0.060207917462363425,0.3751217419115498,28048,11952,0.70
sequences_10_0.25_30,sequences,10,-12.3,10.68,0.25,30,0.2089870675017535,0.01792496238374648,0.06011053783952542,0.37937883648861576,28072,11928,0.70
sequences_10_0.25_31,sequences,10,-12.3,10.68,0.25,31,0.19896123786802958,0.018269320135762764,0.06121913424063924,0.3605814292850689,28063,11937,0.70
sequences_10_0.25_32,sequences,10,-12.3,10.68,0.25,32,0.19841368383525407,0.01843696114817231,0.06170335056282567,0.3592825719505721,28048,11952,0.70
sequences_10_0.25_33,sequences,10,-12.3,10.68,0.25,33,0.19808750321713284,0.018285203996156105,0.06123132355347377,0.3588427535905286,28055,11945,0.70
sequences_10_0.25_34,sequences,10,-12.3,10.68,0.25,34,0.21245681480770107,0.018177195991420547,0.060951281721587876,0.3856786788483062,28071,11929,0.70
sequences_10_0.25_35,sequences,10,-12.3,10.68,0.25,35,0.20152265899882954,0.018317945530176353,0.06136665169238308,0.3652530305593363,28060,11940,0.70
sequences_10_0.25_36,sequences,10,-12.3,10.68,0.25,36,0.1993942549929798,0.018183781820933807,0.06090698985407405,0.3613425135434829,28058,11942,0.70
sequences_10_0.25_37,sequences,10,-12.3,10.68,0.25,37,0.20280943121695566,0.0179725358600678,0.06025996935479564,0.36791546177030826,28070,11930,0.70
sequences_10_0.25_38,sequences,10,-12.3,10.68,0.25,38,0.1962501082874813,0.018243868801334894,0.06111337007398005,0.3555204248019943,28059,11941,0.70
sequences_10_0.25_39,sequences,10,-12.3,10.68,0.25,39,0.20426393099743567,0.01796977753696482,0.06020530207543284,0.3704685868894802,28061,11939,0.70
sequences_10_0.25_40,sequences,10,-12.3,10.68,0.25,40,0.21154910053742043,0.018105081152648205,0.06063830244544321,0.38380928706234785,28057,11943,0.70
sequences_10_0.25_41,sequences,10,-12.3,10.68,0.25,41,0.19151414081306503,0.01860423412809635,0.0623779853414798,0.34676466103529924,28070,11930,0.70
sequences_10_0.25_42,sequences,10,-12.3,10.68,0.25,42,0.19895688714299956,0.01871284687467755,0.06273163551685401,0.3604673749846188,28068,11932,0.70
sequences_10_0.25_43,sequences,10,-12.3,10.68,0.25,43,0.20422858895142076,0.01787440140335507,0.059830632312485595,0.3702735572810716,28050,11950,0.70
sequences_10_0.25_44,sequences,10,-12.3,10.68,0.25,44,0.19591086024741297,0.01808142954877153,0.060650497438227355,0.35518964402566966,28075,11925,0.70
sequences_10_0.25_45,sequences,10,-12.3,10.68,0.25,45,0.21150084610816108,0.01790146899764192,0.05999151808861234,0.3839051412677516,28064,11936,0.70
sequences_10_0.25_46,sequences,10,-12.3,10.68,0.25,46,0.1964119676735977,0.017873969088908814,0.05988430886643375,0.35599643283610394,28061,11939,0.70
sequences_10_0.25_47,sequences,10,-12.3,10.68,0.25,47,0.19676586686449066,0.018331549190739517,0.06148947317648475,0.3566706271756577,28075,11925,0.70
sequences_10_0.25_48,sequences,10,-12.3,10.68,0.25,48,0.1986585004816823,0.018139882424974097,0.06082106429161475,0.3601758357616332,28070,11930,0.70
sequences_10_0.25_49,sequences,10,-12.3,10.68,0.25,49,0.19960576224543583,0.018188295371395817,0.06095273247786802,0.36181998299452783,28064,11936,0.70
sequences_10_0.5_0,sequences,10,-12.3,10.68,0.5,0,0.19883093025309673,0.01807740097225409,0.06055573560758426,0.36035806912942264,28059,11941,0.70
sequences_10_0.5_1,sequences,10,-12.3,10.68,0.5,1,0.20444433686253954,0.018450857570760006,0.06181709547117851,0.3706157513738092,28061,11939,0.70
sequences_10_0.5_2,sequences,10,-12.3,10.68,0.5,2,0.20887718910074354,0.01807932649587948,0.060526704037092344,0.37880868060547845,28052,11948,0.70
sequences_10_0.5_3,sequences,10,-12.3,10.68,0.5,3,0.19355954767010902,0.0188239775537868,0.06305133998923731,0.3502888423021736,28058,11942,0.70
sequences_10_0.5_4,sequences,10,-12.3,10.68,0.5,4,0.20005380908916473,0.01820131913506148,0.060981050791729545,0.3625988731619122,28061,11939,0.70
sequences_10_0.5_5,sequences,10,-12.3,10.68,0.5,5,0.20256931535317074,0.018265663905338535,0.061191503870480855,0.3672080298813773,28060,11940,0.70
sequences_10_0.5_6,sequences,10,-12.3,10.68,0.5,6,0.20168510135170986,0.01884639277251063,0.06316873729683468,0.3654308154640457,28066,11934,0.70
sequences_10_0.5_7,sequences,10,-12.3,10.68,0.5,7,0.19249139694937056,0.01905147758556467,0.0638133565083392,0.3482143744874445,28058,11942,0.70
sequences_10_0.5_8,sequences,10,-12.3,10.68,0.5,8,0.2040298545416731,0.01828054454490868,0.06123109879386596,0.36987109798029805,28058,11942,0.70
sequences_10_0.5_9,sequences,10,-12.3,10.68,0.5,9,0.20772217444739996,0.018015019641530735,0.06036193547170627,0.37685430849758844,28062,11938,0.70
sequences_10_0.5_10,sequences,10,-12.3,10.68,0.5,10,0.20164839120474293,0.01830134506932541,0.06135214572351797,0.3656110298295355,28068,11932,0.70
sequences_10_0.5_11,sequences,10,-12.3,10.68,0.5,11,0.20212197538293167,0.018726656014256035,0.06271485604238457,0.36613850479774784,28056,11944,0.70
sequences_10_0.5_12,sequences,10,-12.3,10.68,0.5,12,0.200532146478202,0.018886700356479297,0.06333568194661064,0.36336994493721414,28072,11928,0.70
sequences_10_0.5_13,sequences,10,-12.3,10.68,0.5,13,0.1999320174303636,0.018166035849055236,0.06082717511821611,0.36228448939863783,28054,11946,0.70
sequences_10_0.5_14,sequences,10,-12.3,10.68,0.5,14,0.2036542137328726,0.018477006950662945,0.061899520772740184,0.36913008643074746,28060,11940,0.70
sequences_10_0.5_15,sequences,10,-12.3,10.68,0.5,15,0.1972415655711822,0.018693052237511942,0.06260231827699912,0.3571273953474433,28056,11944,0.70
sequences_10_0.5_16,sequences,10,-12.3,10.68,0.5,16,0.2002507757280919,0.018235318604884216,0.061028509387162706,0.3627576668682744,28048,11952,0.70
sequences_10_0.5_17,sequences,10,-12.3,10.68,0.5,17,0.20408818643006588,0.018688092053017236,0.06255428302265184,0.3696983387508953,28050,11950,0.70
sequences_10_0.5_18,sequences,10,-12.3,10.68,0.5,18,0.2039561031180116,0.01841521704051031,0.06169251939869451,0.36971232912763724,28060,11940,0.70
sequences_10_0.5_19,sequences,10,-12.3,10.68,0.5,19,0.2052321444578167,0.018138751168145346,0.06079688677105865,0.3722684113756018,28066,11934,0.70
sequences_10_0.5_20,sequences,10,-12.3,10.68,0.5,20,0.19259994475625652,0.019084431919923685,0.0639505132610327,0.34847166905049337,28063,11937,0.70
sequences_10_0.5_21,sequences,10,-12.3,10.68,0.5,21,0.19829900044969598,0.018790267624245138,0.06292788889566354,0.35904323195001525,28056,11944,0.70
sequences_10_0.5_22,sequences,10,-12.3,10.68,0.5,22,0.19683204802032483,0.018819585098518058,0.06302079564175156,0.3563030803805307,28055,11945,0.70
sequences_10_0.5_23,sequences,10,-12.3,10.68,0.5,23,0.2039581628527406,0.018318152842588364,0.06135193114824873,0.3697089330654199,28057,11943,0.70
sequences_10_0.5_24,sequences,10,-12.3,10.68,0.5,24,0.19536597383136156,0.018820013686760177,0.06303278468311203,0.3536192403038966,28057,11943,0.70
sequences_10_0.5_25,sequences,10,-12.3,10.68,0.5,25,0.19843667426126727,0.018495068846202434,0.06191854317443065,0.3593599634673505,28052,11948,0.70
sequences_10_0.5_26,sequences,10,-12.3,10.68,0.5,26,0.19860245095131435,0.018414757725053965,0.061727169111049925,0.3599181725942358,28067,11933,0.70
sequences_10_0.5_27,sequences,10,-12.3,10.68,0.5,27,0.19435706048528317,0.01880313647447494,0.06298153232113529,0.3517736220061795,28058,11942,0.70
sequences_10_0.5_28,sequences,10,-12.3,10.68,0.5,28,0.20302980332904183,0.018514871693798993,0.062041959265473706,0.36800589775604,28063,11937,0.70
sequences_10_0.5_29,sequences,10,-12.3,10.68,0.5,29,0.19500518545299936,0.018451044176211052,0.061807366807507085,0.35313354555246945,28059,11941,0.70
sequences_10_0.5_30,sequences,10,-12.3,10.68,0.5,30,0.19711174412585508,0.018516123556453965,0.06209296967288385,0.3571919200626306,28072,11928,0.70
sequences_10_0.5_31,sequences,10,-12.3,10.68,0.5,31,0.20100475227335768,0.018350850423964796,0.061487185203433714,0.3643123357779593,28062,11938,0.70
sequences_10_0.5_32,sequences,10,-12.3,10.68,0.5,32,0.1914754611898863,0.0190515673042807,0.06378161133003246,0.34624909027979195,28052,11948,0.70
sequences_10_0.5_33,sequences,10,-12.3,10.68,0.5,33,0.18925888042601177,0.019396278624987294,0.06494652142972475,0.34202016823147025,28054,11946,0.70
sequences_10_0.5_34,sequences,10,-12.3,10.68,0.5,34,0.19937589010169648,0.018591074220988976,0.062333861595939566,0.3613215945796064,28070,11930,0.70
sequences_10_0.5_35,sequences,10,-12.3,10.68,0.5,35,0.186363038618576,0.019463247900337325,0.06515439919771471,0.3365824606414242,28051,11949,0.70
sequences_10_0.5_36,sequences,10,-12.3,10.68,0.5,36,0.19575041546363167,0.018732541832398884,0.06274507396549617,0.35438142604536516,28058,11942,0.70
sequences_10_0.5_37,sequences,10,-12.3,10.68,0.5,37,0.19309509273695946,0.019100816482661032,0.06400541671328151,0.34938162830119734,28063,11937,0.70
sequences_10_0.5_38,sequences,10,-12.3,10.68,0.5,38,0.19656467960769178,0.018465750261244425,0.06189291188618879,0.35611330443830297,28066,11934,0.70
sequences_10_0.5_39,sequences,10,-12.3,10.68,0.5,39,0.2018631496135068,0.018574596684041177,0.06222124339348858,0.3657656099322105,28059,11941,0.70
sequences_10_0.5_40,sequences,10,-12.3,10.68,0.5,40,0.18801204382349804,0.019033387137920098,0.06372608064926792,0.3398574055600481,28053,11947,0.70
sequences_10_0.5_41,sequences,10,-12.3,10.68,0.5,41,0.20941645617778568,0.017993382688752023,0.06029953984166228,0.38002231680235204,28064,11936,0.70
sequences_10_0.5_42,sequences,10,-12.3,10.68,0.5,42,0.19133787034637065,0.018951780288769142,0.06349536908876502,0.34616344765406054,28061,11939,0.70
sequences_10_0.5_43,sequences,10,-12.3,10.68,0.5,43,0.20250447619881598,0.017989936268430467,0.06029304153642385,0.3672702218786232,28065,11935,0.70
sequences_10_0.5_44,sequences,10,-12.3,10.68,0.5,44,0.20101350378113844,0.018725799798182747,0.06276453761750543,0.36423743084949867,28066,11934,0.70
sequences_10_0.5_45,sequences,10,-12.3,10.68,0.5,45,0.19974028512492625,0.01863651432268524,0.06250193451055668,0.3620214849012297,28073,11927,0.70
sequences_10_0.5_46,sequences,10,-12.3,10.68,0.5,46,0.20472225732010293,0.01838980431396957,0.06166419419555559,0.3713044979488281,28071,11929,0.70
sequences_10_0.5_47,sequences,10,-12.3,10.68,0.5,47,0.20253827981266934,0.01857893998961396,0.06219933039710065,0.3669075344655324,28052,11948,0.70
sequences_10_0.5_48,sequences,10,-12.3,10.68,0.5,48,0.20437335823336833,0.018515779694845837,0.0620086392995507,0.3703836886997134,28056,11944,0.70
sequences_10_0.5_49,sequences,10,-12.3,10.68,0.5,49,0.20860347014462738,0.018600264871016948,0.06231244512903502,0.378228036581886,28060,11940,0.70
sequences_10_0.75_0,sequences,10,-12.3,10.68,0.75,0,0.1968113699458133,0.01952804842169671,0.06538773956704072,0.3559504226726365,28054,11946,0.70
sequences_10_0.75_1,sequences,10,-12.3,10.68,0.75,1,0.20752708282253088,0.019059072598015384,0.06382810649033953,0.3759971508676523,28056,11944,0.70
sequences_10_0.75_2,sequences,10,-12.3,10.68,0.75,2,0.2024442335059928,0.019378001513497212,0.06492880386495967,0.3665571743220699,28062,11938,0.70
sequences_10_0.75_3,sequences,10,-12.3,10.68,0.75,3,0.2030612399134732,0.019514984446677215,0.06540422101944605,0.36768659090566463,28065,11935,0.70
sequences_10_0.75_4,sequences,10,-12.3,10.68,0.75,4,0.1999260125253018,0.019646224798703784,0.06582201121937778,0.36176795780497,28061,11939,0.70
sequences_10_0.75_5,sequences,10,-12.3,10.68,0.75,5,0.20702562398538196,0.018807370820052533,0.06294300809923872,0.3750481169034143,28048,11952,0.70
sequences_10_0.75_6,sequences,10,-12.3,10.68,0.75,6,0.19838000022895788,0.019200178361692397,0.06431681889855924,0.35906613348878386,28059,11941,0.70
sequences_10_0.75_7,sequences,10,-12.3,10.68,0.75,7,0.20292423235613588,0.019324156855538125,0.06477551950234853,0.3675423156310151,28067,11933,0.70
sequences_10_0.75_8,sequences,10,-12.3,10.68,0.75,8,0.19655878973547294,0.01978586256548224,0.06631762214004437,0.3555430812090347,28066,11934,0.70
sequences_10_0.75_9,sequences,10,-12.3,10.68,0.75,9,0.1961946916708463,0.019785489982046333,0.06627194768730978,0.35475382354436147,28058,11942,0.70
sequences_10_0.75_10,sequences,10,-12.3,10.68,0.75,10,0.20568017896582436,0.019258566329753306,0.0645124071007564,0.3725476693435832,28059,11941,0.70
sequences_10_0.75_11,sequences,10,-12.3,10.68,0.75,11,0.1961049713278095,0.01964583441832562,0.06580416820742128,0.35464872568429057,28058,11942,0.70
sequences_10_0.75_12,sequences,10,-12.3,10.68,0.75,12,0.20021040974408405,0.019592507387091843,0.06561455923339532,0.36224406989288216,28056,11944,0.70
sequences_10_0.75_13,sequences,10,-12.3,10.68,0.75,13,0.20265947996829856,0.01946334993986915,0.06520385239487152,0.3668901469797204,28060,11940,0.70
sequences_10_0.75_14,sequences,10,-12.3,10.68,0.75,14,0.19877304441605476,0.01964243422643591,0.0657872702886575,0.3595764730724505,28057,11943,0.70
sequences_10_0.75_15,sequences,10,-12.3,10.68,0.75,15,0.19223925467723812,0.01993657656511101,0.0667612442531972,0.34731479655702047,28055,11945,0.70
sequences_10_0.75_16,sequences,10,-12.3,10.68,0.75,16,0.2046884452453063,0.019251630599653877,0.06453781629116286,0.3708518552660562,28068,11932,0.70
sequences_10_0.75_17,sequences,10,-12.3,10.68,0.75,17,0.1956922040965081,0.019623925912448516,0.06574730182577607,0.35393669674098793,28061,11939,0.70
sequences_10_0.75_18,sequences,10,-12.3,10.68,0.75,18,0.20694811643595534,0.0190279492772482,0.06375590309012633,0.3750308711700749,28062,11938,0.70
sequences_10_0.75_19,sequences,10,-12.3,10.68,0.75,19,0.20081528052737413,0.01921580555283562,0.06436377676381048,0.36355131742287644,28058,11942,0.70
sequences_10_0.75_20,sequences,10,-12.3,10.68,0.75,20,0.20023299284804463,0.01953767074457478,0.06546928288372214,0.36241191566509506,28063,11937,0.70
sequences_10_0.75_21,sequences,10,-12.3,10.68,0.75,21,0.18532042191910555,0.02039415691854797,0.06835648372229922,0.334415075125401,28066,11934,0.70
sequences_10_0.75_22,sequences,10,-12.3,10.68,0.75,22,0.19634558085138082,0.019544619340280355,0.0655255027752254,0.35529642355607366,28069,11931,0.70
sequences_10_0.75_23,sequences,10,-12.3,10.68,0.75,23,0.20050660613136964,0.019202665536774882,0.06432515044560717,0.3630003986144932,28059,11941,0.70
sequences_10_0.75_24,sequences,10,-12.3,10.68,0.75,24,0.20245999265073958,0.019886141425933975,0.06663698224322351,0.36638677944444836,28063,11937,0.70
sequences_10_0.75_25,sequences,10,-12.3,10.68,0.75,25,0.18676934478391397,0.020297891626214048,0.06798255589454592,0.3370299422294373,28057,11943,0.70
sequences_10_0.75_26,sequences,10,-12.3,10.68,0.75,26,0.20350742990993437,0.01921661099318376,0.06439343551372627,0.3686060429478064,28063,11937,0.70
sequences_10_0.75_27,sequences,10,-12.3,10.68,0.75,27,0.20832375227250421,0.018993304276975185,0.06362383142777049,0.37754182051963786,28059,11941,0.70
sequences_10_0.75_28,sequences,10,-12.3,10.68,0.75,28,0.20524853896865872,0.019355238908725887,0.06489058388643328,0.37186085715585127,28069,11931,0.70
sequences_10_0.75_29,sequences,10,-12.3,10.68,0.75,29,0.19824339772761684,0.019560465062959196,0.06555664872378449,0.3587472407374036,28065,11935,0.70
sequences_10_0.75_30,sequences,10,-12.3,10.68,0.75,30,0.20318024902018228,0.019607708185509956,0.06563249601844337,0.36764442063769376,28050,11950,0.70
sequences_10_0.75_31,sequences,10,-12.3,10.68,0.75,31,0.20718670472253423,0.019181465552565502,0.06425413467068254,0.3753646950134785,28059,11941,0.70
sequences_10_0.75_32,sequences,10,-12.3,10.68,0.75,32,0.20309538350819462,0.019753792186652935,0.06615469586956776,0.367515239709875,28056,11944,0.70
sequences_10_0.75_33,sequences,10,-12.3,10.68,0.75,33,0.1911672399003295,0.019861138090752115,0.06651976250775221,0.3453897037941759,28057,11943,0.70
sequences_10_0.75_34,sequences,10,-12.3,10.68,0.75,34,0.20289548751004735,0.019519742731148135,0.06543113292934931,0.3674076111426145,28067,11933,0.70
sequences_10_0.75_35,sequences,10,-12.3,10.68,0.75,35,0.20680560187626512,0.018979416227911352,0.06363059669067589,0.3748935137981207,28069,11931,0.70
sequences_10_0.75_36,sequences,10,-12.3,10.68,0.75,36,0.20113442711080914,0.019517013997033154,0.06539458534774051,0.3640747069626377,28062,11938,0.70
sequences_10_0.75_37,sequences,10,-12.3,10.68,0.75,37,0.19681124518269794,0.01941489531323375,0.0650687735676037,0.3561574049075863,28065,11935,0.70
sequences_10_0.75_38,sequences,10,-12.3,10.68,0.75,38,0.200354298523912,0.019209720298147097,0.06433261988662793,0.36267152053154694,28056,11944,0.70
sequences_10_0.75_39,sequences,10,-12.3,10.68,0.75,39,0.1940753864383801,0.01935909507256695,0.06485458985784572,0.3510429734667607,28060,11940,0.70
sequences_10_0.75_40,sequences,10,-12.3,10.68,0.75,40,0.19834070034030335,0.0192985964394406,0.06466274565066375,0.35899549458169844,28062,11938,0.70
sequences_10_0.75_41,sequences,10,-12.3,10.68,0.75,41,0.19573175241716495,0.01919121741194033,0.06424913763622474,0.35406767552568275,28052,11948,0.70
sequences_10_0.75_42,sequences,10,-12.3,10.68,0.75,42,0.1988874917709402,0.019626511765073774,0.06577249251030086,0.35989716726931087,28064,11936,0.70
sequences_10_0.75_43,sequences,10,-12.3,10.68,0.75,43,0.19658221032200454,0.019722285926210965,0.06608237871070854,0.3555567952443141,28062,11938,0.70
sequences_10_0.75_44,sequences,10,-12.3,10.68,0.75,44,0.19661707662826666,0.019581949891358415,0.06555724771127691,0.355538647183063,28052,11948,0.70
sequences_10_0.75_45,sequences,10,-12.3,10.68,0.75,45,0.19137978799841635,0.01991445871043607,0.06674305391013347,0.34587112598435144,28065,11935,0.70
sequences_10_0.75_46,sequences,10,-12.3,10.68,0.75,46,0.197547172033218,0.0196261775853006,0.06576586273033629,0.3574004395904362,28063,11937,0.70
sequences_10_0.75_47,sequences,10,-12.3,10.68,0.75,47,0.2030397478690018,0.01887572405209354,0.06319291614360076,0.36771546603852107,28052,11948,0.70
sequences_10_0.75_48,sequences,10,-12.3,10.68,0.75,48,0.2065716217805926,0.019309493714747883,0.06472094424249333,0.3742820077235673,28066,11934,0.70
sequences_10_0.75_49,sequences,10,-12.3,10.68,0.75,49,0.20229449778261954,0.01965167529215553,0.06584578754282303,0.3661652242934404,28062,11938,0.70
sequences_10_1_0,sequences,10,,10.74,1.0,0,0.19971951887386877,0.021599947962945003,0.07229503125410427,0.36033284967872165,28049,11951,0.70
sequences_10_1_1,sequences,10,,10.74,1.0,1,0.20906819148101324,0.022123214839913117,0.07409600549246627,0.37754834967854106,28057,11943,0.70
sequences_10_1_2,sequences,10,,10.74,1.0,2,0.21155717014312975,0.02186458330950621,0.07327273227046316,0.3823888617177111,28064,11936,0.70
sequences_10_1_3,sequences,10,,10.74,1.0,3,0.20480887718858304,0.022032475133427976,0.07383537243105891,0.3697933002120204,28064,11936,0.70
sequences_10_1_4,sequences,10,,10.74,1.0,4,0.20000188348460385,0.02228706197849925,0.07471984570781745,0.36081739171749344,28069,11931,0.70
sequences_10_1_5,sequences,10,,10.74,1.0,5,0.2061631817914139,0.021690903311625948,0.07266025730383033,0.37238971744218996,28059,11941,0.70
sequences_10_1_6,sequences,10,,10.74,1.0,6,0.21718814321889154,0.02153900273327228,0.07221189416904629,0.3930467910147845,28069,11931,0.70
sequences_10_1_7,sequences,10,,10.74,1.0,7,0.20503325479788753,0.022060709313966774,0.07389284647116656,0.3701072002569335,28058,11942,0.70
sequences_10_1_8,sequences,10,,10.74,1.0,8,0.1955720319336892,0.022354005210927824,0.07488151816741587,0.3524079151630163,28059,11941,0.70
sequences_10_1_9,sequences,10,,10.74,1.0,9,0.19850406801540138,0.0223778856012007,0.07501805431176903,0.3579745670170011,28068,11932,0.70
sequences_10_1_10,sequences,10,,10.74,1.0,10,0.20810757836890798,0.021461692109462173,0.07182026975474667,0.3759167778428159,28047,11953,0.70
sequences_10_1_11,sequences,10,,10.74,1.0,11,0.21006743803053038,0.0215119954825869,0.07207906008573262,0.37975457441803506,28062,11938,0.70
sequences_10_1_12,sequences,10,,10.74,1.0,12,0.20407299329292408,0.022145130274837693,0.07411975658886351,0.3681522939284847,28049,11951,0.70
sequences_10_1_13,sequences,10,,10.74,1.0,13,0.20746032857107757,0.02162682534905639,0.07252456522151707,0.37502081945308013,28072,11928,0.70
sequences_10_1_14,sequences,10,,10.74,1.0,14,0.20810279635753234,0.021696891535205962,0.07272904227002754,0.37610491346591485,28067,11933,0.70
sequences_10_1_15,sequences,10,,10.74,1.0,15,0.1999618999423514,0.021997000009558808,0.07369179232683018,0.3607531256875343,28060,11940,0.70
sequences_10_1_16,sequences,10,,10.74,1.0,16,0.20465796659233892,0.02209904833184496,0.07399647859315236,0.369333404668479,28054,11946,0.70
sequences_10_1_17,sequences,10,,10.74,1.0,17,0.2093738582157292,0.021832243547420322,0.07308475536838335,0.37815686125196196,28051,11949,0.70
sequences_10_1_18,sequences,10,,10.74,1.0,18,0.21083348526898624,0.021791765660555625,0.0729859019025559,0.38097231858634434,28057,11943,0.70
sequences_10_1_19,sequences,10,,10.74,1.0,19,0.20256990278924433,0.021860274371298744,0.07326443023476747,0.3657331346965654,28065,11935,0.70
sequences_10_1_20,sequences,10,,10.74,1.0,20,0.2107506826457469,0.021956256817578783,0.07356762210614436,0.38082124554400465,28062,11938,0.70
sequences_10_1_21,sequences,10,,10.74,1.0,21,0.21173438132632957,0.02147337161544848,0.0720039286292178,0.3830002616960219,28071,11929,0.70
sequences_10_1_22,sequences,10,,10.74,1.0,22,0.20021601749027837,0.021707062045938363,0.07269612205605615,0.3613049902076837,28056,11944,0.70
sequences_10_1_23,sequences,10,,10.74,1.0,23,0.19733903596428554,0.02233273054423919,0.07478520065044517,0.35564590888150316,28055,11945,0.70
sequences_10_1_24,sequences,10,,10.74,1.0,24,0.19653355637835476,0.021637673658507973,0.07251838679013983,0.3546306209381501,28065,11935,0.70
sequences_10_1_25,sequences,10,,10.74,1.0,25,0.20173545167594342,0.022092328166375647,0.0739987545348372,0.3639713708424091,28058,11942,0.70
sequences_10_1_26,sequences,10,,10.74,1.0,26,0.20991721826293622,0.021572445756521827,0.07225134641722122,0.3793725597657629,28057,11943,0.70
sequences_10_1_27,sequences,10,,10.74,1.0,27,0.2055248416515949,0.021784566506492763,0.07293736170249523,0.37107306212331603,28053,11947,0.70
sequences_10_1_28,sequences,10,,10.74,1.0,28,0.2126514150705451,0.021741028912358712,0.07280987579490526,0.3843485762263953,28056,11944,0.70
sequences_10_1_29,sequences,10,,10.74,1.0,29,0.20855627554202313,0.021451089162836633,0.071874984630044,0.3769807690307075,28062,11938,0.70
sequences_10_1_30,sequences,10,,10.74,1.0,30,0.21424658125793952,0.02160921347845222,0.07237449042435644,0.38737766865508266,28057,11943,0.70
sequences_10_1_31,sequences,10,,10.74,1.0,31,0.20124160604300165,0.022220650737170732,0.07441611097511966,0.3629637570301741,28056,11944,0.70
sequences_10_1_32,sequences,10,,10.74,1.0,32,0.2103231200055079,0.022075110468157487,0.07389158315701251,0.3797905630735806,28050,11950,0.70
sequences_10_1_33,sequences,10,,10.74,1.0,33,0.21199209176130995,0.021814946938941468,0.0731063905460505,0.3832175008764153,28064,11936,0.70
sequences_10_1_34,sequences,10,,10.74,1.0,34,0.2142793295766225,0.021806693012171335,0.07307872993355005,0.3874607889637723,28064,11936,0.70
sequences_10_1_35,sequences,10,,10.74,1.0,35,0.20528488996411104,0.022077139430945903,0.07402226129403489,0.3707453191879067,28070,11930,0.70
sequences_10_1_36,sequences,10,,10.74,1.0,36,0.2051339180215171,0.021743381306995026,0.07282385098214862,0.37042675825537696,28057,11943,0.70
sequences_10_1_37,sequences,10,,10.74,1.0,37,0.21423967983144496,0.021321738875136668,0.07140568946797277,0.38747453516096525,28056,11944,0.70
sequences_10_1_38,sequences,10,,10.74,1.0,38,0.20379034301031954,0.021990494514518216,0.07363916120391198,0.36778942863862835,28055,11945,0.70
sequences_10_1_39,sequences,10,,10.74,1.0,39,0.1986831543786675,0.022171884428830325,0.07419688589920631,0.3581069963167407,28047,11953,0.70
sequences_10_1_40,sequences,10,,10.74,1.0,40,0.18898746699220834,0.02236359417719425,0.07495130013303478,0.3402368014690655,28065,11935,0.70
sequences_10_1_41,sequences,10,,10.74,1.0,41,0.19709192289339905,0.02201299209089181,0.07375154398489592,0.3554291245646053,28061,11939,0.70
sequences_10_1_42,sequences,10,,10.74,1.0,42,0.20907700343542032,0.021642183938753883,0.07257606954645836,0.3780127040744016,28072,11928,0.70
sequences_10_1_43,sequences,10,,10.74,1.0,43,0.21016136676358266,0.02172602239652462,0.07282669034282954,0.3799093772407736,28067,11933,0.70
sequences_10_1_44,sequences,10,,10.74,1.0,44,0.19664551906169495,0.022233944334363803,0.0744357024920114,0.3543635362759784,28052,11948,0.70
sequences_10_1_45,sequences,10,,10.74,1.0,45,0.20232706909015932,0.02230656132068907,0.07473510786728897,0.36501106256617394,28061,11939,0.70
sequences_10_1_46,sequences,10,,10.74,1.0,46,0.21298631246294847,0.021651364624095525,0.07247925223565327,0.3849311429744052,28051,11949,0.70
sequences_10_1_47,sequences,10,,10.74,1.0,47,0.18726007474092568,0.022426692919537097,0.07513759249363296,0.3369338668563625,28061,11939,0.70
sequences_10_1_48,sequences,10,,10.74,1.0,48,0.212164729303487,0.021619656586443,0.07243979422497236,0.38359367305048153,28062,11938,0.70
sequences_10_1_49,sequences,10,,10.74,1.0,49,0.18972892805500197,0.022380840308615844,0.07502167203089197,0.3416353672919934,28067,11933,0.70
sequences_11_0_0,sequences,11,-17.0,8.65,0.0,0,0.24200714680362084,0.020318696546422398,0.06803514664799062,0.43915936863540533,28054,11946,0.70
sequences_11_0_1,sequences,11,-17.0,8.65,0.0,1,0.22717559837267237,0.020161734257900132,0.06758878396882378,0.4120728405152313,28068,11932,0.70
sequences_11_0_2,sequences,11,-17.0,8.65,0.0,2,0.23394243978783286,0.020024888434131877,0.06708505338067632,0.42448783044365973,28060,11940,0.70
sequences_11_0_3,sequences,11,-17.0,8.65,0.0,3,0.23065973205645557,0.02013616601756537,0.0674239612173627,0.41828185355801906,28054,11946,0.70
sequences_11_0_4,sequences,11,-17.0,8.65,0.0,4,0.2304693459453745,0.02005629335895933,0.06720714872734969,0.4181139733864901,28063,11937,0.70
sequences_11_0_5,sequences,11,-17.0,8.65,0.0,5,0.2261492777448016,0.020213104250939442,0.0676929144371716,0.4099555685961528,28056,11944,0.70
sequences_11_0_6,sequences,11,-17.0,8.65,0.0,6,0.23328394911137582,0.020303117957579202,0.06802284264202764,0.423184936273009,28061,11939,0.70
sequences_11_0_7,sequences,11,-17.0,8.65,0.0,7,0.2297624227820561,0.020169109241516155,0.06758518636681296,0.4167653131446398,28063,11937,0.70
sequences_11_0_8,sequences,11,-17.0,8.65,0.0,8,0.233724779230286,0.020372719900424306,0.06822174935261383,0.42386907142244823,28055,11945,0.70
sequences_11_0_9,sequences,11,-17.0,8.65,0.0,9,0.23355233778960846,0.020129718281983514,0.06742494818952777,0.423693890193231,28058,11942,0.70
sequences_11_0_10,sequences,11,-17.0,8.65,0.0,10,0.22995473260169663,0.020231382013072497,0.06778250109078648,0.4170628042204611,28061,11939,0.70
sequences_11_0_11,sequences,11,-17.0,8.65,0.0,11,0.2261716817432991,0.02027197168108014,0.067873011403968,0.4099240281547198,28053,11947,0.70
sequences_11_0_12,sequences,11,-17.0,8.65,0.0,12,0.22660823037751743,0.020065440668255424,0.0672209067613247,0.4109273528730045,28060,11940,0.70
sequences_11_0_13,sequences,11,-17.0,8.65,0.0,13,0.23061300650026043,0.020134875851219824,0.06744787153913348,0.41828133436285586,28059,11941,0.70
sequences_11_0_14,sequences,11,-17.0,8.65,0.0,14,0.23187511713224276,0.02004944805075972,0.06718421060822558,0.42071295842651263,28063,11937,0.70
sequences_11_0_15,sequences,11,-17.0,8.65,0.0,15,0.23967363112920173,0.02017730262531586,0.06763530587552455,0.4351360905473758,28067,11933,0.70
sequences_11_0_16,sequences,11,-17.0,8.65,0.0,16,0.2395183016586402,0.02012452056732215,0.06736804943450381,0.43458433966700005,28051,11949,0.70
sequences_11_0_17,sequences,11,-17.0,8.65,0.0,17,0.23792587112766586,0.02009712474558216,0.06727634026473231,0.4316561926064786,28051,11949,0.70
sequences_11_0_18,sequences,11,-17.0,8.65,0.0,18,0.22659487983622315,0.020046975146247974,0.06713093393469391,0.4108260720829853,28055,11945,0.70
sequences_11_0_19,sequences,11,-17.0,8.65,0.0,19,0.2437776707700478,0.02025740100758812,0.06784126258401915,0.44248441343249395,28056,11944,0.70
sequences_11_0_20,sequences,11,-17.0,8.65,0.0,20,0.23084923043699437,0.020303716196396357,0.0680476454005743,0.41875586473643645,28065,11935,0.70
sequences_11_0_21,sequences,11,-17.0,8.65,0.0,21,0.23779476736412736,0.020059437142957676,0.06721205274906242,0.4316219704836601,28062,11938,0.70
sequences_11_0_22,sequences,11,-17.0,8.65,0.0,22,0.22816438078520374,0.020182193598862235,0.06761770198127896,0.41377419728691894,28061,11939,0.70
sequences_11_0_23,sequences,11,-17.0,8.65,0.0,23,0.22555576237784355,0.02008554463160316,0.06733901477362554,0.4091251913600482,28069,11931,0.70
sequences_11_0_24,sequences,11,-17.0,8.65,0.0,24,0.22704815215357824,0.020233928339757814,0.06776265351559883,0.4116080670503259,28056,11944,0.70
sequences_11_0_25,sequences,11,-17.0,8.65,0.0,25,0.2304144855834275,0.02014743430847847,0.0674729883070277,0.4178588081050534,28056,11944,0.70
sequences_11_0_26,sequences,11,-17.0,8.65,0.0,26,0.24085342628213424,0.02027697881453196,0.06796372989620232,0.43726004345496083,28066,11934,0.70
sequences_11_0_27,sequences,11,-17.0,8.65,0.0,27,0.23457081741338173,0.02008537116112945,0.06731022507080915,0.4256950619099359,28064,11936,0.70
sequences_11_0_28,sequences,11,-17.0,8.65,0.0,28,0.22644928008066553,0.01999631799600935,0.06696690554591209,0.41059330751891016,28056,11944,0.70
sequences_11_0_29,sequences,11,-17.0,8.65,0.0,29,0.23319527921745783,0.020045161257235045,0.06714172251627883,0.42306622166703806,28058,11942,0.70
sequences_11_0_30,sequences,11,-17.0,8.65,0.0,30,0.2302007083657518,0.020075546620516048,0.06728857590251734,0.4176616125482902,28066,11934,0.70
sequences_11_0_31,sequences,11,-17.0,8.65,0.0,31,0.2438717580244908,0.02016020400744962,0.06758931860682127,0.4429284135554986,28069,11931,0.70
sequences_11_0_32,sequences,11,-17.0,8.65,0.0,32,0.2318594807036551,0.020028467641784193,0.06712515338679242,0.42072630298280816,28065,11935,0.70
sequences_11_0_33,sequences,11,-17.0,8.65,0.0,33,0.22737671683650512,0.020309523507498907,0.06805000337577116,0.41228652755679424,28062,11938,0.70
sequences_11_0_34,sequences,11,-17.0,8.65,0.0,34,0.22443408958477332,0.0204799207738697,0.06861519649508234,0.4067643717892741,28061,11939,0.70
sequences_11_0_35,sequences,11,-17.0,8.65,0.0,35,0.23397399736825222,0.02001270305838779,0.0671285637178626,0.4248108844134972,28075,11925,0.70
sequences_11_0_36,sequences,11,-17.0,8.65,0.0,36,0.2233734921586984,0.020169554231775407,0.06759233991881838,0.40497583977614954,28064,11936,0.70
sequences_11_0_37,sequences,11,-17.0,8.65,0.0,37,0.23096589439198312,0.020230629500911375,0.06773459278785092,0.4187942982392857,28053,11947,0.70
sequences_11_0_38,sequences,11,-17.0,8.65,0.0,38,0.229746816921793,0.02021136642281236,0.06766443395651944,0.4165335472872345,28052,11948,0.70
sequences_11_0_39,sequences,11,-17.0,8.65,0.0,39,0.23012410820963886,0.020113878778651475,0.06736061211872563,0.41733530231928523,28056,11944,0.70
sequences_11_0_40,sequences,11,-17.0,8.65,0.0,40,0.23314557145739165,0.01999045612746026,0.06701460317619934,0.4231675937607558,28068,11932,0.70
sequences_11_0_41,sequences,11,-17.0,8.65,0.0,41,0.22593456886985078,0.020032758301789407,0.0671226614233185,0.40972876858402896,28062,11938,0.70
sequences_11_0_42,sequences,11,-17.0,8.65,0.0,42,0.24081679306058743,0.020220487677838576,0.06775735168916336,0.4371594098942043,28063,11937,0.70
sequences_11_0_43,sequences,11,-17.0,8.65,0.0,43,0.2270706390677969,0.020040912299581624,0.06716686149838835,0.41187495961786436,28065,11935,0.70
sequences_11_0_44,sequences,11,-17.0,8.65,0.0,44,0.22836234727360058,0.02011677328198546,0.06739852008371039,0.4141649943011494,28061,11939,0.70
sequences_11_0_45,sequences,11,-17.0,8.65,0.0,45,0.22846505770622005,0.02000816511973886,0.06698975515104665,0.4142610019349988,28053,11947,0.70
sequences_11_0_46,sequences,11,-17.0,8.65,0.0,46,0.22959981768203128,0.020221348141084547,0.06780567739486813,0.41658088386266956,28071,11929,0.70
sequences_11_0_47,sequences,11,-17.0,8.65,0.0,47,0.23821663384318637,0.02034081999745489,0.06814345057773832,0.4322618628123596,28060,11940,0.70
sequences_11_0_48,sequences,11,-17.0,8.65,0.0,48,0.222594174896892,0.020200514542919115,0.0676564164545562,0.40340812616579935,28057,11943,0.70
sequences_11_0_49,sequences,11,-17.0,8.65,0.0,49,0.22939255047824259,0.020265243752620746,0.0678561652523715,0.4158926368490586,28054,11946,0.70
sequences_11_0.25_0,sequences,11,-17.0,8.65,0.25,0,0.218437915042316,0.020457007613620758,0.06860738698288173,0.39587929477699313,28073,11927,0.70
sequences_11_0.25_1,sequences,11,-17.0,8.65,0.25,1,0.2194834631473357,0.020174234903237748,0.06759669929045987,0.3977499063073818,28062,11938,0.70
sequences_11_0.25_2,sequences,11,-17.0,8.65,0.25,2,0.2133452868440771,0.020379746233631073,0.06827385672908233,0.38628125076441794,28060,11940,0.70
sequences_11_0.25_3,sequences,11,-17.0,8.65,0.25,3,0.22143108659189933,0.020367978718450138,0.0682058726444542,0.4011593283350789,28055,11945,0.70
sequences_11_0.25_4,sequences,11,-17.0,8.65,0.25,4,0.2088846990050601,0.020820411884672204,0.06976765312782844,0.3778827794535873,28063,11937,0.70
sequences_11_0.25_5,sequences,11,-17.0,8.65,0.25,5,0.21572600241093184,0.020181257451768558,0.0676258941166744,0.3908144263647073,28063,11937,0.70
sequences_11_0.25_6,sequences,11,-17.0,8.65,0.25,6,0.21496935686495347,0.020561686158884436,0.06892377829174369,0.3893212026659333,28067,11933,0.70
sequences_11_0.25_7,sequences,11,-17.0,8.65,0.25,7,0.21002874319337125,0.020412359737536214,0.06830874169676637,0.37992982742600506,28047,11953,0.70
sequences_11_0.25_8,sequences,11,-17.0,8.65,0.25,8,0.2145503870208667,0.020495273279845374,0.06865513199847709,0.3884472668714849,28059,11941,0.70
sequences_11_0.25_9,sequences,11,-17.0,8.65,0.25,9,0.20163915942275656,0.02075242482684251,0.06959813809622707,0.3646337502828335,28073,11927,0.70
sequences_11_0.25_10,sequences,11,-17.0,8.65,0.25,10,0.20602814452717505,0.02059192760948252,0.06899046020431365,0.3726605379764721,28061,11939,0.70
sequences_11_0.25_11,sequences,11,-17.0,8.65,0.25,11,0.21464911087730512,0.02040611687028244,0.0683278649599278,0.3885880204246126,28054,11946,0.70
sequences_11_0.25_12,sequences,11,-17.0,8.65,0.25,12,0.2187659533183307,0.020461759720208566,0.06854860877791814,0.3962749531064111,28060,11940,0.70
sequences_11_0.25_13,sequences,11,-17.0,8.65,0.25,13,0.2157790648037135,0.020468055624488075,0.06853526075502452,0.39065238218585413,28054,11946,0.70
sequences_11_0.25_14,sequences,11,-17.0,8.65,0.25,14,0.21764559031833464,0.020688128740045268,0.0692953566908232,0.39407779049177727,28058,11942,0.70
sequences_11_0.25_15,sequences,11,-17.0,8.65,0.25,15,0.22048830889400522,0.020412407783892406,0.06840619230526944,0.3995449223393329,28064,11936,0.70
sequences_11_0.25_16,sequences,11,-17.0,8.65,0.25,16,0.21428185418123155,0.020523761106279126,0.06874480357152614,0.387922835361522,28058,11942,0.70
sequences_11_0.25_17,sequences,11,-17.0,8.65,0.25,17,0.2123158496358701,0.020636313874124016,0.06918552970957678,0.3844088390790158,28069,11931,0.70
sequences_11_0.25_18,sequences,11,-17.0,8.65,0.25,18,0.22473559747660485,0.020424117331862033,0.06838241343219899,0.40721122984122654,28053,11947,0.70
sequences_11_0.25_19,sequences,11,-17.0,8.65,0.25,19,0.21434217612855488,0.020512477877080312,0.0687473075059248,0.38814934821622527,28065,11935,0.70
sequences_11_0.25_20,sequences,11,-17.0,8.65,0.25,20,0.21450510753733135,0.020296968942449957,0.06800224120093795,0.3884769969826055,28061,11939,0.70
sequences_11_0.25_21,sequences,11,-17.0,8.65,0.25,21,0.21701254518265423,0.020369038690013472,0.06818658863507733,0.3929261836897308,28051,11949,0.70
sequences_11_0.25_22,sequences,11,-17.0,8.65,0.25,22,0.22848684146060325,0.02033475389793078,0.06814024930193777,0.4143449548369566,28063,11937,0.70
sequences_11_0.25_23,sequences,11,-17.0,8.65,0.25,23,0.2237697078591757,0.020465604035936943,0.06859595788817478,0.40562438195565576,28066,11934,0.70
sequences_11_0.25_24,sequences,11,-17.0,8.65,0.25,24,0.20642680910605749,0.02041779342691752,0.06841277743983086,0.3734893663103073,28062,11938,0.70
sequences_11_0.25_25,sequences,11,-17.0,8.65,0.25,25,0.20771012153511148,0.02059829323402245,0.06897712259195463,0.3756817640770128,28055,11945,0.70
sequences_11_0.25_26,sequences,11,-17.0,8.65,0.25,26,0.2168837687035636,0.020416516347998518,0.06844863413963127,0.39295582978718896,28069,11931,0.70
sequences_11_0.25_27,sequences,11,-17.0,8.65,0.25,27,0.21804569057178927,0.020643008305188875,0.06915580671755067,0.3948685640000875,28060,11940,0.70
sequences_11_0.25_28,sequences,11,-17.0,8.65,0.25,28,0.21179823340271484,0.020603081397938212,0.06896428919811953,0.38316934989669366,28050,11950,0.70
sequences_11_0.25_29,sequences,11,-17.0,8.65,0.25,29,0.2247239857398496,0.020359878317098668,0.06831027786310574,0.4076298218833029,28078,11922,0.70
sequences_11_0.25_30,sequences,11,-17.0,8.65,0.25,30,0.21107462470401062,0.020757288285007315,0.06957944619125891,0.3820276590516825,28067,11933,0.70
sequences_11_0.25_31,sequences,11,-17.0,8.65,0.25,31,0.21135415745600195,0.02066177962315527,0.06918971828599504,0.3824001936162593,28055,11945,0.70
sequences_11_0.25_32,sequences,11,-17.0,8.65,0.25,32,0.21858880270342454,0.02067112764837868,0.06929643864692821,0.39599031476659774,28068,11932,0.70
sequences_11_0.25_33,sequences,11,-17.0,8.65,0.25,33,0.20792365995390363,0.02074051322386711,0.06950574136684687,0.3761525296577211,28064,11936,0.70
sequences_11_0.25_34,sequences,11,-17.0,8.65,0.25,34,0.21931267231632953,0.02047313210525457,0.06855799784095294,0.39720075543407846,28055,11945,0.70
sequences_11_0.25_35,sequences,11,-17.0,8.65,0.25,35,0.22707132342940078,0.020459721044444244,0.06853029993114804,0.4115965756013626,28058,11942,0.70
sequences_11_0.25_36,sequences,11,-17.0,8.65,0.25,36,0.21269856879711443,0.02058856056087647,0.06892721982215089,0.38487237070210395,28052,11948,0.70
sequences_11_0.25_37,sequences,11,-17.0,8.65,0.25,37,0.21029942902185333,0.02051471610031218,0.06865701506128576,0.3804027328076998,28048,11952,0.70
sequences_11_0.25_38,sequences,11,-17.0,8.65,0.25,38,0.21866393842903512,0.02051204090815016,0.06867104421878194,0.39593717787364,28052,11948,0.70
sequences_11_0.25_39,sequences,11,-17.0,8.65,0.25,39,0.21374168883463338,0.020529662803271613,0.06873003951547242,0.38682682410604813,28052,11948,0.70
sequences_11_0.25_40,sequences,11,-17.0,8.65,0.25,40,0.21481591035835462,0.020397632125027168,0.06832233168657567,0.38896314662362375,28058,11942,0.70
sequences_11_0.25_41,sequences,11,-17.0,8.65,0.25,41,0.21725335994463554,0.020496205768921177,0.06869852779930008,0.39355907700991477,28066,11934,0.70
sequences_11_0.25_42,sequences,11,-17.0,8.65,0.25,42,0.21839134887393458,0.020315046782121777,0.068040012667242,0.39559343834464966,28057,11943,0.70
sequences_11_0.25_43,sequences,11,-17.0,8.65,0.25,43,0.21938615736060457,0.020544823939400214,0.06884994617761465,0.3974527886446341,28064,11936,0.70
sequences_11_0.25_44,sequences,11,-17.0,8.65,0.25,44,0.20578690894066184,0.02071195825216778,0.06938098401195135,0.3721311660721535,28059,11941,0.70
sequences_11_0.25_45,sequences,11,-17.0,8.65,0.25,45,0.20949873548076836,0.020768173873065197,0.06961593521516868,0.3791040851447381,28067,11933,0.70
sequences_11_0.25_46,sequences,11,-17.0,8.65,0.25,46,0.21440835417349663,0.02072217085688685,0.06934550608846934,0.3879010193336574,28047,11953,0.70
sequences_11_0.25_47,sequences,11,-17.0,8.65,0.25,47,0.21603398229682277,0.020657136776491124,0.06924953662920257,0.39126783468766646,28068,11932,0.70
sequences_11_0.25_48,sequences,11,-17.0,8.65,0.25,48,0.2173082051439993,0.02035583047410434,0.06820516158185405,0.3936539787929585,28062,11938,0.70
sequences_11_0.25_49,sequences,11,-17.0,8.65,0.25,49,0.2165108628754283,0.020607878556332188,0.06904968522811923,0.3920754253107282,28062,11938,0.70
sequences_11_0.5_0,sequences,11,-17.0,8.65,0.5,0,0.21100965748481562,0.020905991805817068,0.07003095823069112,0.38171975590780366,28059,11941,0.70
sequences_11_0.5_1,sequences,11,-17.0,8.65,0.5,1,0.21539738554210197,0.020445968665690536,0.06844411638025118,0.3899081139803246,28051,11949,0.70
sequences_11_0.5_2,sequences,11,-17.0,8.65,0.5,2,0.2096177358665653,0.02062002365168858,0.06903255323631931,0.3791579117968906,28052,11948,0.70
sequences_11_0.5_3,sequences,11,-17.0,8.65,0.5,3,0.20587257289024846,0.020520985469124908,0.06874126277238055,0.37237308660870555,28059,11941,0.70
sequences_11_0.5_4,sequences,11,-17.0,8.65,0.5,4,0.21197363498357208,0.02054868371511708,0.06889173988808006,0.38381223127042147,28069,11931,0.70
sequences_11_0.5_5,sequences,11,-17.0,8.65,0.5,5,0.1979693030864054,0.02105384161208906,0.07054394911070215,0.3575286446054909,28062,11938,0.70
sequences_11_0.5_6,sequences,11,-17.0,8.65,0.5,6,0.21969539492527035,0.02059225436064151,0.06889921994359352,0.3976985957707519,28045,11955,0.70
sequences_11_0.5_7,sequences,11,-17.0,8.65,0.5,7,0.20376157116365545,0.020532462967902905,0.06879123198895352,0.36848779245447544,28061,11939,0.70
sequences_11_0.5_8,sequences,11,-17.0,8.65,0.5,8,0.19999608116228812,0.02077780713091612,0.06954914520808743,0.3612394795523343,28050,11950,0.70
sequences_11_0.5_9,sequences,11,-17.0,8.65,0.5,9,0.2043474695025093,0.021033785720184568,0.07044724347378235,0.36929153954419425,28057,11943,0.70
sequences_11_0.5_10,sequences,11,-17.0,8.65,0.5,10,0.21401645782880283,0.020494948582553296,0.06868280356083545,0.3875381007451654,28064,11936,0.70
sequences_11_0.5_11,sequences,11,-17.0,8.65,0.5,11,0.20637491117098938,0.020765258521754773,0.06961783093371812,0.3733479752683609,28069,11931,0.70
sequences_11_0.5_12,sequences,11,-17.0,8.65,0.5,12,0.19896009225487282,0.020864387950253978,0.0698740386813596,0.35936687062429895,28056,11944,0.70
sequences_11_0.5_13,sequences,11,-17.0,8.65,0.5,13,0.2110704590697952,0.020352333303590056,0.0682163006656278,0.38217618987024343,28066,11934,0.70
sequences_11_0.5_14,sequences,11,-17.0,8.65,0.5,14,0.2056762891196982,0.020560918615225434,0.06893275874687933,0.37214272371672336,28069,11931,0.70
sequences_11_0.5_15,sequences,11,-17.0,8.65,0.5,15,0.19658012827886312,0.021048806133324584,0.0704857467838412,0.3548534891465829,28055,11945,0.70
sequences_11_0.5_16,sequences,11,-17.0,8.65,0.5,16,0.21130079825342152,0.020502541184495272,0.06864498596968366,0.382337880122265,28053,11947,0.70
sequences_11_0.5_17,sequences,11,-17.0,8.65,0.5,17,0.19600251624203827,0.020892065533461665,0.07001949068608852,0.3539974034751322,28065,11935,0.70
sequences_11_0.5_18,sequences,11,-17.0,8.65,0.5,18,0.19229913480890398,0.021246107448026533,0.07119412732856341,0.34692611931731554,28063,11937,0.70
sequences_11_0.5_19,sequences,11,-17.0,8.65,0.5,19,0.2024471470345576,0.020825092545014127,0.0697424398694378,0.36584843018551155,28056,11944,0.70
sequences_11_0.5_20,sequences,11,-17.0,8.65,0.5,20,0.20757070274686676,0.020616217859480524,0.06904292652203792,0.37543108092769123,28056,11944,0.70
sequences_11_0.5_21,sequences,11,-17.0,8.65,0.5,21,0.20814256694682318,0.020522856282750003,0.06874752962984675,0.37657575088622447,28059,11941,0.70
sequences_11_0.5_22,sequences,11,-17.0,8.65,0.5,22,0.21112664664200562,0.02045601582910169,0.06856382044277423,0.3822365752108477,28066,11934,0.70
sequences_11_0.5_23,sequences,11,-17.0,8.65,0.5,23,0.21160002469172476,0.020414974070832422,0.06840333077846347,0.3830680450376944,28062,11938,0.70
sequences_11_0.5_24,sequences,11,-17.0,8.65,0.5,24,0.2143170546594407,0.02075388083157029,0.06953306250630804,0.3879387827807217,28061,11939,0.70
sequences_11_0.5_25,sequences,11,-17.0,8.65,0.5,25,0.20072406428784786,0.020688187445148064,0.06930716062026153,0.3627750457908571,28060,11940,0.70
sequences_11_0.5_26,sequences,11,-17.0,8.65,0.5,26,0.2095810652281266,0.020784881878666027,0.06963692730937608,0.37915728170447843,28061,11939,0.70
sequences_11_0.5_27,sequences,11,-17.0,8.65,0.5,27,0.2102592099791057,0.020748711299268013,0.06950992060056285,0.380413259929854,28060,11940,0.70
sequences_11_0.5_28,sequences,11,-17.0,8.65,0.5,28,0.21021425400710164,0.02059301624594861,0.06892483054455228,0.3802272847305963,28049,11951,0.70
sequences_11_0.5_29,sequences,11,-17.0,8.65,0.5,29,0.20570651863918923,0.020652819008683286,0.06921765901527704,0.3720983916972623,28065,11935,0.70
sequences_11_0.5_30,sequences,11,-17.0,8.65,0.5,30,0.2141697610370103,0.020452739819478562,0.06851265327687317,0.38776070034251914,28059,11941,0.70
sequences_11_0.5_31,sequences,11,-17.0,8.65,0.5,31,0.21007166868437646,0.020867910808499743,0.06990339438405407,0.37999924138399904,28059,11941,0.70
sequences_11_0.5_32,sequences,11,-17.0,8.65,0.5,32,0.20480315480625388,0.02076959424944822,0.06969077845633159,0.3705828249390457,28079,11921,0.70
sequences_11_0.5_33,sequences,11,-17.0,8.65,0.5,33,0.21302171797578628,0.02040911441469052,0.0684008861824567,0.3857485620722267,28065,11935,0.70
sequences_11_0.5_34,sequences,11,-17.0,8.65,0.5,34,0.20176635585062208,0.020844587185822546,0.0698311128503268,0.36463679847348124,28060,11940,0.70
sequences_11_0.5_35,sequences,11,-17.0,8.65,0.5,35,0.21578077327833453,0.020493900096592185,0.06869079972043635,0.39083517708687865,28066,11934,0.70
sequences_11_0.5_36,sequences,11,-17.0,8.65,0.5,36,0.21290044022182936,0.020521755422709797,0.0687553578112398,0.3854144492589065,28061,11939,0.70
sequences_11_0.5_37,sequences,11,-17.0,8.65,0.5,37,0.20616434219166438,0.020635186210307823,0.06905441716826848,0.37268304231221333,28047,11953,0.70
sequences_11_0.5_38,sequences,11,-17.0,8.65,0.5,38,0.20756086913635477,0.0207496660678295,0.0694607617970692,0.3752791821598799,28051,11949,0.70
sequences_11_0.5_39,sequences,11,-17.0,8.65,0.5,39,0.2080671036298032,0.020769941673283453,0.06954027512608506,0.3762380589855208,28053,11947,0.70
sequences_11_0.5_40,sequences,11,-17.0,8.65,0.5,40,0.20703035554017932,0.020593444930501133,0.06907654484025537,0.37472845376533026,28075,11925,0.70
sequences_11_0.5_41,sequences,11,-17.0,8.65,0.5,41,0.1974685154140968,0.02087242331971136,0.0699068017071468,0.3566116852918097,28057,11943,0.70
sequences_11_0.5_42,sequences,11,-17.0,8.65,0.5,42,0.20786026655081596,0.020721986687824906,0.06949023034146513,0.3761649266321339,28072,11928,0.70
sequences_11_0.5_43,sequences,11,-17.0,8.65,0.5,43,0.20559638659452248,0.020858977571523087,0.06985591952954819,0.37166849262536483,28056,11944,0.70
sequences_11_0.5_44,sequences,11,-17.0,8.65,0.5,44,0.21090869574161694,0.020407294363665316,0.06833752821654354,0.38168339669736884,28055,11945,0.70
sequences_11_0.5_45,sequences,11,-17.0,8.65,0.5,45,0.20171629913447356,0.02071316918960476,0.06937342104866367,0.36455883975169917,28057,11943,0.70
sequences_11_0.5_46,sequences,11,-17.0,8.65,0.5,46,0.2023831566373994,0.020808210470646682,0.0697209263549897,0.36582596220686636,28062,11938,0.70
sequences_11_0.5_47,sequences,11,-17.0,8.65,0.5,47,0.202936701211972,0.020846350702825554,0.06979026013667745,0.3666869688213011,28052,11948,0.70
sequences_11_0.5_48,sequences,11,-17.0,8.65,0.5,48,0.21162073997313927,0.02078029409112013,0.06953419471681489,0.38270375261767703,28046,11954,0.70
sequences_11_0.5_49,sequences,11,-17.0,8.65,0.5,49,0.20982923854083468,0.02064685639161122,0.06913395744721654,0.3795686182489763,28054,11946,0.70
sequences_11_0.75_0,sequences,11,-17.0,8.65,0.75,0,0.20633494215732684,0.021051021638737167,0.07052268555690842,0.3730120025705796,28060,11940,0.70
sequences_11_0.75_1,sequences,11,-17.0,8.65,0.75,1,0.20058533700563727,0.021303794425453906,0.07136949556265966,0.36223708430964363,28060,11940,0.70
sequences_11_0.75_2,sequences,11,-17.0,8.65,0.75,2,0.2190138777927719,0.020733880854663586,0.06941953914677688,0.3965095724648069,28053,11947,0.70
sequences_11_0.75_3,sequences,11,-17.0,8.65,0.75,3,0.19016102685407776,0.021751196091019286,0.07287443199939454,0.34267721355037073,28061,11939,0.70
sequences_11_0.75_4,sequences,11,-17.0,8.65,0.75,4,0.1969106321968602,0.02122838168357963,0.07109899249294023,0.3554111542157133,28057,11943,0.70
sequences_11_0.75_5,sequences,11,-17.0,8.65,0.75,5,0.19683121700528888,0.02124996051032786,0.07113552769379149,0.35516801499037637,28051,11949,0.70
sequences_11_0.75_6,sequences,11,-17.0,8.65,0.75,6,0.2097808844636579,0.02106651582039014,0.07052143550218475,0.3792517294100939,28051,11949,0.70
sequences_11_0.75_7,sequences,11,-17.0,8.65,0.75,7,0.20121783237994292,0.021068222108493108,0.0705803085711662,0.3635184678837796,28060,11940,0.70
sequences_11_0.75_8,sequences,11,-17.0,8.65,0.75,8,0.21541354811026375,0.02121925006790146,0.07102677846996304,0.3895974461826614,28050,11950,0.70
sequences_11_0.75_9,sequences,11,-17.0,8.65,0.75,9,0.201963460184227,0.021374174053763673,0.07159927662260673,0.3647462722405054,28059,11941,0.70
sequences_11_0.75_10,sequences,11,-17.0,8.65,0.75,10,0.2013489238716074,0.021266431614393604,0.07117279656758234,0.36349513201717304,28048,11952,0.70
sequences_11_0.75_11,sequences,11,-17.0,8.65,0.75,11,0.21381128942841404,0.020941103764712306,0.07020737160242162,0.3870486357260608,28069,11931,0.70
sequences_11_0.75_12,sequences,11,-17.0,8.65,0.75,12,0.21055498171526424,0.02119467834918818,0.07099800133720183,0.3807521895436319,28059,11941,0.70
sequences_11_0.75_13,sequences,11,-17.0,8.65,0.75,13,0.2026541870342016,0.021175942281148573,0.07088774719607857,0.36600008739748946,28051,11949,0.70
sequences_11_0.75_14,sequences,11,-17.0,8.65,0.75,14,0.20589561145263963,0.02102214852752966,0.07039647895363636,0.372135571275119,28055,11945,0.70
sequences_11_0.75_15,sequences,11,-17.0,8.65,0.75,15,0.2074817185531262,0.020966890265830925,0.07025260601719191,0.37520439658811966,28062,11938,0.70
sequences_11_0.75_16,sequences,11,-17.0,8.65,0.75,16,0.1996438585510789,0.021294771430777484,0.07130940621440765,0.36042215163337993,28055,11945,0.70
sequences_11_0.75_17,sequences,11,-17.0,8.65,0.75,17,0.20234712865706841,0.021160618258580986,0.07086610267441723,0.36551151293862966,28056,11944,0.70
sequences_11_0.75_18,sequences,11,-17.0,8.65,0.75,18,0.1911487760780474,0.021711228488218357,0.0727893001029867,0.3446436863109801,28069,11931,0.70
sequences_11_0.75_19,sequences,11,-17.0,8.65,0.75,19,0.1989526640632922,0.021649715631830515,0.07254051141507963,0.3590739904408912,28062,11938,0.70
sequences_11_0.75_20,sequences,11,-17.0,8.65,0.75,20,0.20261475632154663,0.021339842902371634,0.07145435426878163,0.3658963508424994,28054,11946,0.70
sequences_11_0.75_21,sequences,11,-17.0,8.65,0.75,21,0.210266140963584,0.02085926214430579,0.06986857191192695,0.38034771526987626,28058,11942,0.70
sequences_11_0.75_22,sequences,11,-17.0,8.65,0.75,22,0.21112406951669255,0.020840521574112907,0.06985844824977092,0.382083512483392,28067,11933,0.70
sequences_11_0.75_23,sequences,11,-17.0,8.65,0.75,23,0.20980613341970766,0.020797784066896103,0.06971519003401024,0.3796607181026637,28067,11933,0.70
sequences_11_0.75_24,sequences,11,-17.0,8.65,0.75,24,0.19969183807493468,0.021157082645984586,0.07091363380588096,0.3607346224516723,28066,11934,0.70
sequences_11_0.75_25,sequences,11,-17.0,8.65,0.75,25,0.21058634178543817,0.02091290554119543,0.07009520878563912,0.38104080904140936,28066,11934,0.70
sequences_11_0.75_26,sequences,11,-17.0,8.65,0.75,26,0.20347317283633334,0.021073893563111006,0.0705579427910304,0.36759375824084123,28053,11947,0.70
sequences_11_0.75_27,sequences,11,-17.0,8.65,0.75,27,0.20713440222418153,0.02067684405941565,0.06922277890664763,0.3745363559867803,28052,11948,0.70
sequences_11_0.75_28,sequences,11,-17.0,8.65,0.75,28,0.20800798956640454,0.02098941818534187,0.07039885354801902,0.3763521585551645,28074,11926,0.70
sequences_11_0.75_29,sequences,11,-17.0,8.65,0.75,29,0.1977742435096399,0.021382059043329925,0.07161369519661702,0.35694140883366005,28057,11943,0.70
sequences_11_0.75_30,sequences,11,-17.0,8.65,0.75,30,0.20982596400777762,0.02090293698751739,0.07010879418922486,0.3797595302548044,28074,11926,0.70
sequences_11_0.75_31,sequences,11,-17.0,8.65,0.75,31,0.19914456706920972,0.02107315771268334,0.07065601915400954,0.35981596830191126,28070,11930,0.70
sequences_11_0.75_32,sequences,11,-17.0,8.65,0.75,32,0.19706910150514392,0.02148123744715044,0.07202426637770475,0.3557714966024781,28070,11930,0.70
sequences_11_0.75_33,sequences,11,-17.0,8.65,0.75,33,0.18796568239386718,0.021709072118626698,0.07266635018787179,0.33846744203277646,28050,11950,0.70
sequences_11_0.75_34,sequences,11,-17.0,8.65,0.75,34,0.20100488735388297,0.0213940697241151,0.07165992203689532,0.36294434863268815,28058,11942,0.70
sequences_11_0.75_35,sequences,11,-17.0,8.65,0.75,35,0.20259848811515957,0.021307699928192182,0.07134672669744578,0.36588091761016367,28054,11946,0.70
sequences_11_0.75_36,sequences,11,-17.0,8.65,0.75,36,0.20361909672326092,0.021126172831888702,0.07075667029017402,0.36789993362332196,28057,11943,0.70
sequences_11_0.75_37,sequences,11,-17.0,8.65,0.75,37,0.2102578729260694,0.020905944776389476,0.0700190731855965,0.38029685068350766,28057,11943,0.70
sequences_11_0.75_38,sequences,11,-17.0,8.65,0.75,38,0.2097396097778288,0.02067714885846745,0.06926437939357659,0.3794665154087051,28059,11941,0.70
sequences_11_0.75_39,sequences,11,-17.0,8.65,0.75,39,0.20378557681629209,0.021200882376097296,0.07107235124404056,0.36833809738122636,28068,11932,0.70
sequences_11_0.75_40,sequences,11,-17.0,8.65,0.75,40,0.2058386855858625,0.021087877256173216,0.07062840913061447,0.3720308667959175,28057,11943,0.70
sequences_11_0.75_41,sequences,11,-17.0,8.65,0.75,41,0.19664813336435868,0.021599387395733218,0.0723840060178727,0.3548475662249528,28064,11936,0.70
sequences_11_0.75_42,sequences,11,-17.0,8.65,0.75,42,0.20239617109106023,0.021095852393564395,0.07068471232556339,0.3657203184465067,28062,11938,0.70
sequences_11_0.75_43,sequences,11,-17.0,8.65,0.75,43,0.20601592075558695,0.020946524104691572,0.07019024580612071,0.37251232803108414,28063,11937,0.70
sequences_11_0.75_44,sequences,11,-17.0,8.65,0.75,44,0.20805295175003294,0.021005048144511283,0.07029801922527204,0.37603329083181236,28048,11952,0.70
sequences_11_0.75_45,sequences,11,-17.0,8.65,0.75,45,0.20208671731818997,0.021271378757443338,0.07130867836890158,0.36515454855796975,28068,11932,0.70
sequences_11_0.75_46,sequences,11,-17.0,8.65,0.75,46,0.1991661385350644,0.021351498838047513,0.07159526812992711,0.3597410184095079,28071,11929,0.70
sequences_11_0.75_47,sequences,11,-17.0,8.65,0.75,47,0.19566450366056123,0.021374532298482848,0.07159448098637698,0.35304342311986736,28058,11942,0.70
sequences_11_0.75_48,sequences,11,-17.0,8.65,0.75,48,0.20353385670611315,0.02107069613085707,0.07058859675329003,0.36781146483448496,28060,11940,0.70
sequences_11_0.75_49,sequences,11,-17.0,8.65,0.75,49,0.2041874521086955,0.02124057105042872,0.07116961316947135,0.36897613510842286,28062,11938,0.70
sequences_11_1_0,sequences,11,,10.74,1.0,0,0.19626647995721128,0.02229110619449545,0.07472714111463442,0.35385750266028737,28068,11932,0.70
sequences_11_1_1,sequences,11,,10.74,1.0,1,0.19689515755143544,0.022286823847447287,0.07461273467508298,0.35480122978170386,28052,11948,0.70
sequences_11_1_2,sequences,11,,10.74,1.0,2,0.20152442931799314,0.022247049127122595,0.07461696839551432,0.363738850713459,28074,11926,0.70
sequences_11_1_3,sequences,11,,10.74,1.0,3,0.2147722167159293,0.02144480338526265,0.07176975697879066,0.3882817344155543,28048,11952,0.70
sequences_11_1_4,sequences,11,,10.74,1.0,4,0.2141786943491208,0.021941523067775807,0.07357372141093405,0.3873237620893448,28071,11929,0.70
sequences_11_1_5,sequences,11,,10.74,1.0,5,0.20936423193003903,0.021652559675596858,0.07250145546826338,0.37826594604449537,28054,11946,0.70
sequences_11_1_6,sequences,11,,10.74,1.0,6,0.20332159780003167,0.021833053104286355,0.07311194007295556,0.36699358929320497,28055,11945,0.70
sequences_11_1_7,sequences,11,,10.74,1.0,7,0.20455320829723303,0.022108627148973766,0.07408436675537829,0.3692680509427634,28063,11937,0.70
sequences_11_1_8,sequences,11,,10.74,1.0,8,0.2099366770774586,0.021909464670157194,0.0733862491045292,0.37927192541706733,28058,11942,0.70
sequences_11_1_9,sequences,11,,10.74,1.0,9,0.18474249931069836,0.0224969291414462,0.07530352850693289,0.33206242659265417,28050,11950,0.70
sequences_11_1_10,sequences,11,,10.74,1.0,10,0.2149230911858974,0.021546249712213517,0.07215756768993141,0.3886425576376464,28056,11944,0.70
sequences_11_1_11,sequences,11,,10.74,1.0,11,0.18999048073288233,0.02213151138801158,0.07408037284690067,0.34201801293501644,28050,11950,0.70
sequences_11_1_12,sequences,11,,10.74,1.0,12,0.20044119803106306,0.02180455078767105,0.07309604689128746,0.361851154829294,28068,11932,0.70
sequences_11_1_13,sequences,11,,10.74,1.0,13,0.19834404839522402,0.021934485214843716,0.07345775356612096,0.3577213794064391,28056,11944,0.70
sequences_11_1_14,sequences,11,,10.74,1.0,14,0.19907482432163687,0.022156449178067323,0.07416384662114583,0.35888477385502005,28050,11950,0.70
sequences_11_1_15,sequences,11,,10.74,1.0,15,0.21337758609472546,0.021687380165016167,0.07263020818826581,0.3857178039429896,28056,11944,0.70
sequences_11_1_16,sequences,11,,10.74,1.0,16,0.21347478533309253,0.021870497708929258,0.07325572838361834,0.3858477124731833,28058,11942,0.70
sequences_11_1_17,sequences,11,,10.74,1.0,17,0.20576273581625462,0.021980095802323747,0.07365366776350421,0.3715730893628608,28063,11937,0.70
sequences_11_1_18,sequences,11,,10.74,1.0,18,0.2014908747623791,0.022187924859150398,0.07440618665040374,0.3636757983836839,28072,11928,0.70
sequences_11_1_19,sequences,11,,10.74,1.0,19,0.19838141752968064,0.022159470002411724,0.07422364763829081,0.357710355133447,28058,11942,0.70
sequences_11_1_20,sequences,11,,10.74,1.0,20,0.1908449566396452,0.022321387640019542,0.07477225572404167,0.34363350240526436,28059,11941,0.70
sequences_11_1_21,sequences,11,,10.74,1.0,21,0.20250684006371705,0.022155139508017556,0.07427133593033039,0.3655202101621338,28068,11932,0.70
sequences_11_1_22,sequences,11,,10.74,1.0,22,0.18960351369810505,0.022455244387424817,0.0752710781443889,0.34136337407849354,28067,11933,0.70
sequences_11_1_23,sequences,11,,10.74,1.0,23,0.203468919293981,0.022017663566289723,0.07380428581677607,0.3673573388032828,28067,11933,0.70
sequences_11_1_24,sequences,11,,10.74,1.0,24,0.20121346845486443,0.022165713723559674,0.07429433123365066,0.3630836032512367,28066,11934,0.70
sequences_11_1_25,sequences,11,,10.74,1.0,25,0.21174176023402053,0.021840513454005568,0.0732043353578199,0.38277282467070717,28066,11934,0.70
sequences_11_1_26,sequences,11,,10.74,1.0,26,0.20367031717570666,0.02184396631862948,0.0731791166453249,0.367709351046108,28060,11940,0.70
sequences_11_1_27,sequences,11,,10.74,1.0,27,0.21640704723866278,0.02151792691029396,0.07218358574402536,0.3917198599484028,28076,11924,0.70
sequences_11_1_28,sequences,11,,10.74,1.0,28,0.20396694756434464,0.02201278906822695,0.0737138185625013,0.36810663205618205,28055,11945,0.70
sequences_11_1_29,sequences,11,,10.74,1.0,29,0.19994129322687235,0.022214001209018785,0.07438761392722909,0.36053788030544853,28055,11945,0.70
sequences_11_1_30,sequences,11,,10.74,1.0,30,0.21384306259191585,0.022082788836438248,0.07410331824308138,0.3867785427298845,28080,11920,0.70
sequences_11_1_31,sequences,11,,10.74,1.0,31,0.19874203906769528,0.021866010120296472,0.07327137512037019,0.35859399775809825,28063,11937,0.70
sequences_11_1_32,sequences,11,,10.74,1.0,32,0.21273305063815215,0.021899687725921796,0.07331666463314963,0.38436698814102027,28052,11948,0.70
sequences_11_1_33,sequences,11,,10.74,1.0,33,0.2079414217768575,0.021789286566520447,0.07300204897066907,0.3756725898269371,28061,11939,0.70
sequences_11_1_34,sequences,11,,10.74,1.0,34,0.20301358807100198,0.021789394407374523,0.07292910855116568,0.3663542340206834,28049,11951,0.70
sequences_11_1_35,sequences,11,,10.74,1.0,35,0.1978708126557975,0.02160974905093705,0.07246730064029863,0.3572279422571684,28072,11928,0.70
sequences_11_1_36,sequences,11,,10.74,1.0,36,0.2009335798032625,0.022082974970920887,0.07395504009015702,0.3624579980139769,28056,11944,0.70
sequences_11_1_37,sequences,11,,10.74,1.0,37,0.21191493453674534,0.021583287345380398,0.07225135942884056,0.38297676912992223,28051,11949,0.70
sequences_11_1_38,sequences,11,,10.74,1.0,38,0.19895375329281734,0.021780222837594794,0.0729655706452087,0.3589850184116118,28060,11940,0.70
sequences_11_1_39,sequences,11,,10.74,1.0,39,0.20176846563953588,0.02163288374839616,0.07249625921044289,0.36433766082147695,28064,11936,0.70
sequences_11_1_40,sequences,11,,10.74,1.0,40,0.20658088862921142,0.021872383074947335,0.07328659096983527,0.37312601976424176,28062,11938,0.70
sequences_11_1_41,sequences,11,,10.74,1.0,41,0.2111802140182103,0.021675920880948458,0.0726831113452878,0.38188266511461266,28071,11929,0.70
sequences_11_1_42,sequences,11,,10.74,1.0,42,0.211033695014246,0.021854018225753374,0.07318214558644913,0.38128462378952793,28055,11945,0.70
sequences_11_1_43,sequences,11,,10.74,1.0,43,0.20964835604580453,0.021701055226198012,0.07273690372447801,0.3789540500279913,28066,11934,0.70
sequences_11_1_44,sequences,11,,10.74,1.0,44,0.19246008460865252,0.022416672139989838,0.07506001051394556,0.346520315687671,28054,11946,0.70
sequences_11_1_45,sequences,11,,10.74,1.0,45,0.20981747357301134,0.02190441474158573,0.07336319096235697,0.37903793673166214,28057,11943,0.70
sequences_11_1_46,sequences,11,,10.74,1.0,46,0.2043404786141269,0.021867684432667154,0.0732463052509367,0.3689120903535328,28058,11942,0.70
sequences_11_1_47,sequences,11,,10.74,1.0,47,0.2037369241662512,0.02223281155685322,0.07453171825964874,0.3677676472237953,28068,11932,0.70
sequences_11_1_48,sequences,11,,10.74,1.0,48,0.2117472553675342,0.021860061567481902,0.07324530597246408,0.3827124342579818,28062,11938,0.70
sequences_11_1_49,sequences,11,,10.74,1.0,49,0.21007844398210906,0.02150798963875573,0.07206563792513229,0.37977676052996706,28062,11938,0.70
sequences_12_0_0,sequences,12,-22.0,7.18,0.0,0,0.24312653062758732,0.021891474622857753,0.07339359524887354,0.44090204215102285,28069,11931,0.70
sequences_12_0_1,sequences,12,-22.0,7.18,0.0,1,0.2421196841531595,0.022148624051598727,0.07415627036611276,0.43865322565323056,28053,11947,0.70
sequences_12_0_2,sequences,12,-22.0,7.18,0.0,2,0.2516892874809047,0.02181347856043078,0.07299750208460062,0.4563466967644616,28047,11953,0.70
sequences_12_0_3,sequences,12,-22.0,7.18,0.0,3,0.250080830513589,0.0219239418025237,0.07345319307320111,0.45359476594279163,28061,11939,0.70
sequences_12_0_4,sequences,12,-22.0,7.18,0.0,4,0.24541559199501695,0.021959049469177417,0.0735338617636749,0.44485347412832377,28055,11945,0.70
sequences_12_0_5,sequences,12,-22.0,7.18,0.0,5,0.24484794459149212,0.022023770230414276,0.0737752959732494,0.4438518289421081,28059,11941,0.70
sequences_12_0_6,sequences,12,-22.0,7.18,0.0,6,0.24907801991609052,0.0220590936973591,0.07389362263582314,0.4516537173480362,28059,11941,0.70
sequences_12_0_7,sequences,12,-22.0,7.18,0.0,7,0.24677184785205714,0.02211790564295881,0.0741092499345244,0.44742484726731213,28062,11938,0.70
sequences_12_0_8,sequences,12,-22.0,7.18,0.0,8,0.23856853118182464,0.022181785479264107,0.07430461595934715,0.43218155307629164,28059,11941,0.70
sequences_12_0_9,sequences,12,-22.0,7.18,0.0,9,0.2496168596813167,0.02193527105274008,0.07344808656534432,0.452604232431024,28054,11946,0.70
sequences_12_0_10,sequences,12,-22.0,7.18,0.0,10,0.25225951287979953,0.0219627735442745,0.07358945734385827,0.4576228271686106,28062,11938,0.70
sequences_12_0_11,sequences,12,-22.0,7.18,0.0,11,0.2540774521127942,0.021888937226492763,0.07333591498950587,0.4609891948770484,28061,11939,0.70
sequences_12_0_12,sequences,12,-22.0,7.18,0.0,12,0.25075646999096884,0.022170124741743957,0.07427799561686559,0.4547487724934214,28061,11939,0.70
sequences_12_0_13,sequences,12,-22.0,7.18,0.0,13,0.24494237343915254,0.021985750955898904,0.07362944057568287,0.4439869185194684,28056,11944,0.70
sequences_12_0_14,sequences,12,-22.0,7.18,0.0,14,0.24608361037612897,0.02194629465290616,0.07353424242890322,0.4462196865774678,28062,11938,0.70
sequences_12_0_15,sequences,12,-22.0,7.18,0.0,15,0.25208372261508316,0.021941824792052728,0.07349464006716706,0.4572314447797485,28058,11942,0.70
sequences_12_0_16,sequences,12,-22.0,7.18,0.0,16,0.24479474338597723,0.022168190121431983,0.0742466386048128,0.4436607982843954,28057,11943,0.70
sequences_12_0_17,sequences,12,-22.0,7.18,0.0,17,0.24719873947617405,0.02192310828968539,0.07349349074651487,0.448398774168024,28068,11932,0.70
sequences_12_0_18,sequences,12,-22.0,7.18,0.0,18,0.24305338975962837,0.022152080980532854,0.07422375935846157,0.4405385692363844,28062,11938,0.70
sequences_12_0_19,sequences,12,-22.0,7.18,0.0,19,0.24627064136203244,0.021969521695782267,0.0736552567120351,0.4466837093139918,28069,11931,0.70
sequences_12_0_20,sequences,12,-22.0,7.18,0.0,20,0.2444608804210664,0.022075829803160876,0.07391873364527331,0.44302601202192665,28054,11946,0.70
sequences_12_0_21,sequences,12,-22.0,7.18,0.0,21,0.24236282830289374,0.021913968233741112,0.07337675618195584,0.4392129798435154,28054,11946,0.70
sequences_12_0_22,sequences,12,-22.0,7.18,0.0,22,0.2509635749904892,0.02180642478524011,0.07303499886206184,0.4551954453776697,28057,11943,0.70
sequences_12_0_23,sequences,12,-22.0,7.18,0.0,23,0.24928589460327075,0.021994585259325312,0.07368987439258,0.45209933036777666,28061,11939,0.70
sequences_12_0_24,sequences,12,-22.0,7.18,0.0,24,0.25186850718352966,0.02212167199538099,0.07414671357593762,0.4569147854739927,28066,11934,0.70
sequences_12_0_25,sequences,12,-22.0,7.18,0.0,25,0.24753685950052706,0.022239153840730747,0.07451550960204639,0.4487913624698664,28062,11938,0.70
sequences_12_0_26,sequences,12,-22.0,7.18,0.0,26,0.24710639817672428,0.021923208713691345,0.07346304335659326,0.4481367173564375,28063,11937,0.70
sequences_12_0_27,sequences,12,-22.0,7.18,0.0,27,0.24415056226225076,0.021864369914911818,0.0732352031984988,0.4426072860722234,28058,11942,0.70
sequences_12_0_28,sequences,12,-22.0,7.18,0.0,28,0.25142793386369566,0.021760407702614157,0.0729052942545076,0.45614462590021343,28061,11939,0.70
sequences_12_0_29,sequences,12,-22.0,7.18,0.0,29,0.2447269235472616,0.02207142334054772,0.07397209330723996,0.4437179456035731,28065,11935,0.70
sequences_12_0_30,sequences,12,-22.0,7.18,0.0,30,0.2395822756623084,0.02195644873088992,0.07359909069266712,0.4342875093733221,28067,11933,0.70
sequences_12_0_31,sequences,12,-22.0,7.18,0.0,31,0.24998586698991151,0.02203467802219048,0.07378711769674501,0.453266218550847,28055,11945,0.70
sequences_12_0_32,sequences,12,-22.0,7.18,0.0,32,0.23772230154162044,0.021851342019075376,0.07320995734676396,0.4307847125524195,28061,11939,0.70
sequences_12_0_33,sequences,12,-22.0,7.18,0.0,33,0.2489399936666301,0.02202695273629014,0.07375507361891893,0.45131913198026696,28054,11946,0.70
sequences_12_0_34,sequences,12,-22.0,7.18,0.0,34,0.2438032617445143,0.021982274503773453,0.07364862887603134,0.44197353190840893,28061,11939,0.70
sequences_12_0_35,sequences,12,-22.0,7.18,0.0,35,0.25297755222886326,0.022196215548263443,0.07434050254798105,0.4587670135591384,28057,11943,0.70
sequences_12_0_36,sequences,12,-22.0,7.18,0.0,36,0.25018635290497054,0.021848355366322025,0.07331047853811601,0.4541519572251275,28079,11921,0.70
sequences_12_0_37,sequences,12,-22.0,7.18,0.0,37,0.24530246775508144,0.022117494159944295,0.07407064353631714,0.4446008136358203,28056,11944,0.70
sequences_12_0_38,sequences,12,-22.0,7.18,0.0,38,0.24000413732854545,0.021949904870686036,0.07354017881124394,0.434964001173679,28061,11939,0.70
sequences_12_0_39,sequences,12,-22.0,7.18,0.0,39,0.2553004179768929,0.022009515063504688,0.07380789759726589,0.46341052681174644,28072,11928,0.70
sequences_12_0_40,sequences,12,-22.0,7.18,0.0,40,0.24794834155265508,0.02188893011524492,0.07333589116423458,0.449668838486485,28061,11939,0.70
sequences_12_0_41,sequences,12,-22.0,7.18,0.0,41,0.25200807751479287,0.02190312098643198,0.07344495259093631,0.4573489457825612,28071,11929,0.70
sequences_12_0_42,sequences,12,-22.0,7.18,0.0,42,0.25443163213860315,0.022026087619848016,0.07375835117571541,0.4614788540492002,28055,11945,0.70
sequences_12_0_43,sequences,12,-22.0,7.18,0.0,43,0.24549719842509057,0.021950073593434268,0.07352226961458472,0.4450620829734318,28058,11942,0.70
sequences_12_0_44,sequences,12,-22.0,7.18,0.0,44,0.24781841538210736,0.022132914970377327,0.07417818171890182,0.4494079465637701,28065,11935,0.70
sequences_12_0_45,sequences,12,-22.0,7.18,0.0,45,0.25081978352729206,0.022062396464474828,0.07384284650481074,0.4546845687237373,28049,11951,0.70
sequences_12_0_46,sequences,12,-22.0,7.18,0.0,46,0.24653255557164247,0.021905835295013068,0.07336794873989137,0.4469738054631979,28057,11943,0.70
sequences_12_0_47,sequences,12,-22.0,7.18,0.0,47,0.2580899421674276,0.022048069065640163,0.0738505076725512,0.4682814016412956,28058,11942,0.70
sequences_12_0_48,sequences,12,-22.0,7.18,0.0,48,0.2415365991462583,0.02205163839635853,0.07388721191609493,0.4377743761752562,28062,11938,0.70
sequences_12_0_49,sequences,12,-22.0,7.18,0.0,49,0.24956053260894423,0.022001606847777598,0.07378137775914687,0.4528071074664124,28072,11928,0.70
sequences_12_0.25_0,sequences,12,-22.0,7.18,0.25,0,0.21827959399130756,0.022404695731789742,0.07512681945440436,0.3947206217400215,28071,11929,0.70
sequences_12_0.25_1,sequences,12,-22.0,7.18,0.25,1,0.23464787729775446,0.02236243162882106,0.07485959202885951,0.42471815630432874,28051,11949,0.70
sequences_12_0.25_2,sequences,12,-22.0,7.18,0.25,2,0.2324181887527637,0.02226577957934818,0.07457348933885348,0.42073663596845345,28057,11943,0.70
sequences_12_0.25_3,sequences,12,-22.0,7.18,0.25,3,0.22536698152254564,0.02239865648075574,0.07510027319616343,0.4078435960420426,28070,11930,0.70
sequences_12_0.25_4,sequences,12,-22.0,7.18,0.25,4,0.23641168400587614,0.022325168159058183,0.07484760090204738,0.4283081435913642,28069,11931,0.70
sequences_12_0.25_5,sequences,12,-22.0,7.18,0.25,5,0.23323479739742023,0.022352939927234916,0.07489049309736132,0.42227968674478356,28061,11939,0.70
sequences_12_0.25_6,sequences,12,-22.0,7.18,0.25,6,0.2312582546085164,0.022388070335952352,0.07507736531171144,0.41879377378225263,28072,11928,0.70
sequences_12_0.25_7,sequences,12,-22.0,7.18,0.25,7,0.215572270941494,0.022586060864266636,0.0756525234107072,0.3894129048586252,28058,11942,0.70
sequences_12_0.25_8,sequences,12,-22.0,7.18,0.25,8,0.22037483951517378,0.02257270178226609,0.07558878788536154,0.39827318174886145,28055,11945,0.70
sequences_12_0.25_9,sequences,12,-22.0,7.18,0.25,9,0.2159421155979312,0.02255519034931872,0.07554912192034406,0.39011272552928367,28058,11942,0.70
sequences_12_0.25_10,sequences,12,-22.0,7.18,0.25,10,0.22123739435876702,0.022453125829755675,0.07520095731308943,0.39995658713219917,28057,11943,0.70
sequences_12_0.25_11,sequences,12,-22.0,7.18,0.25,11,0.2227145205476255,0.022374034329339897,0.07499257358585519,0.4028741580942822,28066,11934,0.70
sequences_12_0.25_12,sequences,12,-22.0,7.18,0.25,12,0.21587642971379403,0.022537364803411286,0.07552103477728504,0.3900776568758245,28063,11937,0.70
sequences_12_0.25_13,sequences,12,-22.0,7.18,0.25,13,0.2246261784964587,0.022470914303372416,0.07522904018537803,0.40614379785291377,28052,11948,0.70
sequences_12_0.25_14,sequences,12,-22.0,7.18,0.25,14,0.23133920960763082,0.02241114863065373,0.07509180308478382,0.41876409086276617,28062,11938,0.70
sequences_12_0.25_15,sequences,12,-22.0,7.18,0.25,15,0.2187553455146742,0.022410440495850652,0.07513348586321567,0.39556825196021544,28069,11931,0.70
sequences_12_0.25_16,sequences,12,-22.0,7.18,0.25,16,0.22975627924581515,0.02241257952397659,0.07508401850578421,0.4157995467879627,28060,11940,0.70
sequences_12_0.25_17,sequences,12,-22.0,7.18,0.25,17,0.2236164589725285,0.02247341375475455,0.07531935904400354,0.40448549942463485,28065,11935,0.70
sequences_12_0.25_18,sequences,12,-22.0,7.18,0.25,18,0.2224620554617173,0.022589510815467752,0.07562608240866338,0.4020840249861803,28052,11948,0.70
sequences_12_0.25_19,sequences,12,-22.0,7.18,0.25,19,0.2238925307171467,0.02241225967661409,0.07502011607234844,0.404778174169558,28050,11950,0.70
sequences_12_0.25_20,sequences,12,-22.0,7.18,0.25,20,0.22999521088461483,0.022394345365912192,0.07495387956124906,0.4160641764700899,28049,11951,0.70
sequences_12_0.25_21,sequences,12,-22.0,7.18,0.25,21,0.22010025228813,0.02240330268628964,0.07509696702016137,0.3980325743737011,28067,11933,0.70
sequences_12_0.25_22,sequences,12,-22.0,7.18,0.25,22,0.23406780800757138,0.02231663533769782,0.07470003460317261,0.4236471158277414,28050,11950,0.70
sequences_12_0.25_23,sequences,12,-22.0,7.18,0.25,23,0.22496375787985062,0.022506580079164826,0.07541155999050034,0.40691782327869297,28062,11938,0.70
sequences_12_0.25_24,sequences,12,-22.0,7.18,0.25,24,0.22327671912521244,0.022581173080152936,0.07558551658628597,0.4035640095277732,28050,11950,0.70
sequences_12_0.25_25,sequences,12,-22.0,7.18,0.25,25,0.23115478459648692,0.022483077524906605,0.07536437618337921,0.4184771252381437,28067,11933,0.70
sequences_12_0.25_26,sequences,12,-22.0,7.18,0.25,26,0.2224991516130847,0.02265697809665636,0.07588370793487854,0.4022040741694989,28057,11943,0.70
sequences_12_0.25_27,sequences,12,-22.0,7.18,0.25,27,0.2182912270971843,0.022497726525298974,0.07538189487451491,0.39455706367658416,28062,11938,0.70
sequences_12_0.25_28,sequences,12,-22.0,7.18,0.25,28,0.23435000102181588,0.0222846032173629,0.07458657256250657,0.4241650284559224,28049,11951,0.70
sequences_12_0.25_29,sequences,12,-22.0,7.18,0.25,29,0.22928955040221788,0.022206084741029794,0.07437355686520905,0.4149724918907213,28057,11943,0.70
sequences_12_0.25_30,sequences,12,-22.0,7.18,0.25,30,0.22000645472938826,0.022335928526675142,0.07488367622722368,0.39792074365660535,28069,11931,0.70
sequences_12_0.25_31,sequences,12,-22.0,7.18,0.25,31,0.22731971895468323,0.022504456193727283,0.07542339738157447,0.4113323203657607,28065,11935,0.70
sequences_12_0.25_32,sequences,12,-22.0,7.18,0.25,32,0.2272466545998638,0.022481077803878813,0.07526306596544631,0.41099080899263235,28052,11948,0.70
sequences_12_0.25_33,sequences,12,-22.0,7.18,0.25,33,0.21903197558466433,0.02229169072272101,0.07466652394145372,0.39595798471115956,28058,11942,0.70
sequences_12_0.25_34,sequences,12,-22.0,7.18,0.25,34,0.2283123252886819,0.02231816470962027,0.07473642431015577,0.4130829826203121,28055,11945,0.70
sequences_12_0.25_35,sequences,12,-22.0,7.18,0.25,35,0.2219486237696121,0.02249999543507239,0.07534531748873131,0.40122112513437,28055,11945,0.70
sequences_12_0.25_36,sequences,12,-22.0,7.18,0.25,36,0.22644546350960199,0.022276289188964037,0.07474637761585115,0.41004380876763336,28079,11921,0.70
sequences_12_0.25_37,sequences,12,-22.0,7.18,0.25,37,0.2180212902242908,0.0225256147126791,0.07545637622537174,0.39399642126647855,28059,11941,0.70
sequences_12_0.25_38,sequences,12,-22.0,7.18,0.25,38,0.21389359803703964,0.022467400414562987,0.07521098138610088,0.3862454821013485,28051,11949,0.70
sequences_12_0.25_39,sequences,12,-22.0,7.18,0.25,39,0.23582871374321637,0.02240990927321792,0.07503736572314723,0.426934320222149,28054,11946,0.70
sequences_12_0.25_40,sequences,12,-22.0,7.18,0.25,40,0.22703101458887867,0.022397653123482884,0.07505287131936964,0.4108103103335656,28063,11937,0.70
sequences_12_0.25_41,sequences,12,-22.0,7.18,0.25,41,0.22208066601173035,0.022482756570007752,0.07536961639291903,0.40168426758448567,28068,11932,0.70
sequences_12_0.25_42,sequences,12,-22.0,7.18,0.25,42,0.21515343508125603,0.022265823902921072,0.07456115162133468,0.38873463384732904,28055,11945,0.70
sequences_12_0.25_43,sequences,12,-22.0,7.18,0.25,43,0.22567499649818315,0.022433087440421842,0.0750835492943581,0.4080525397216815,28049,11951,0.70
sequences_12_0.25_44,sequences,12,-22.0,7.18,0.25,44,0.22703302965029543,0.02238222861050917,0.074988620857724,0.41078739977208484,28061,11939,0.70
sequences_12_0.25_45,sequences,12,-22.0,7.18,0.25,45,0.2105219023481625,0.022566314659326507,0.07559271303685287,0.38006985891320605,28059,11941,0.70
sequences_12_0.25_46,sequences,12,-22.0,7.18,0.25,46,0.21911980951952306,0.02252249437208275,0.0754965033841708,0.39616185947451676,28067,11933,0.70
sequences_12_0.25_47,sequences,12,-22.0,7.18,0.25,47,0.22866211358003422,0.02230208304026072,0.0747576738129916,0.41393838550669676,28067,11933,0.70
sequences_12_0.25_48,sequences,12,-22.0,7.18,0.25,48,0.22388281041850389,0.022415900820584284,0.07513919658286863,0.4050368895103615,28067,11933,0.70
sequences_12_0.25_49,sequences,12,-22.0,7.18,0.25,49,0.23435583603011,0.02227256924814133,0.07463372454767975,0.4244217682838003,28063,11937,0.70
sequences_12_0.5_0,sequences,12,-22.0,7.18,0.5,0,0.2113307618552497,0.022411051874965175,0.07504747383830951,0.381581180065417,28055,11945,0.70
sequences_12_0.5_1,sequences,12,-22.0,7.18,0.5,1,0.2017535879615984,0.022542514050853567,0.07554461813288729,0.3638752436761855,28064,11936,0.70
sequences_12_0.5_2,sequences,12,-22.0,7.18,0.5,2,0.20916409412381987,0.022369860174530864,0.07497230054304438,0.3777334518582122,28065,11935,0.70
sequences_12_0.5_3,sequences,12,-22.0,7.18,0.5,3,0.21253325190297861,0.022513325379306542,0.07540258018690962,0.3837949566385613,28057,11943,0.70
sequences_12_0.5_4,sequences,12,-22.0,7.18,0.5,4,0.20928117937095464,0.022433602528787566,0.07511041275228113,0.37773862651556184,28053,11947,0.70
sequences_12_0.5_5,sequences,12,-22.0,7.18,0.5,5,0.22139078125851275,0.022326701923179378,0.07475875413755023,0.4002478857943564,28054,11946,0.70
sequences_12_0.5_6,sequences,12,-22.0,7.18,0.5,6,0.20866858341111638,0.022415590075129273,0.0750438234855349,0.37659552236673777,28052,11948,0.70
sequences_12_0.5_7,sequences,12,-22.0,7.18,0.5,7,0.2045255389907336,0.022483155483405914,0.07533307248586334,0.369023666000819,28062,11938,0.70
sequences_12_0.5_8,sequences,12,-22.0,7.18,0.5,8,0.1974194917668612,0.02245158329086127,0.07522098430642858,0.3558219510286359,28061,11939,0.70
sequences_12_0.5_9,sequences,12,-22.0,7.18,0.5,9,0.2144459979177043,0.022284455584298913,0.07461105075516503,0.38738376332163693,28053,11947,0.70
sequences_12_0.5_10,sequences,12,-22.0,7.18,0.5,10,0.20443550699243487,0.022470260328119867,0.07528986539829072,0.3688626606187217,28062,11938,0.70
sequences_12_0.5_11,sequences,12,-22.0,7.18,0.5,11,0.21794736192859587,0.022504986822391083,0.07545046290299584,0.3940276428814864,28069,11931,0.70
sequences_12_0.5_12,sequences,12,-22.0,7.18,0.5,12,0.20627389294769924,0.022554925679664654,0.07560521471437075,0.37231059619580537,28067,11933,0.70
sequences_12_0.5_13,sequences,12,-22.0,7.18,0.5,13,0.2118886891257683,0.022398452059358937,0.07506183666005005,0.3827603561348357,28064,11936,0.70
sequences_12_0.5_14,sequences,12,-22.0,7.18,0.5,14,0.20556334136250512,0.0225811108097872,0.07564227722899994,0.3708592441321119,28059,11941,0.70
sequences_12_0.5_15,sequences,12,-22.0,7.18,0.5,15,0.20536524975042203,0.02249421888134176,0.07535751719042466,0.3705479088739418,28060,11940,0.70
sequences_12_0.5_16,sequences,12,-22.0,7.18,0.5,16,0.2201641629138775,0.022219455983076154,0.07446198385749381,0.39818395591070577,28064,11936,0.70
sequences_12_0.5_17,sequences,12,-22.0,7.18,0.5,17,0.2061398503952256,0.022437372809587214,0.07515448939737804,0.3719831670189308,28058,11942,0.70
sequences_12_0.5_18,sequences,12,-22.0,7.18,0.5,18,0.21593907798370224,0.022516243912968636,0.07549453114155452,0.3903136201687795,28070,11930,0.70
sequences_12_0.5_19,sequences,12,-22.0,7.18,0.5,19,0.20010446507061042,0.02254481169787115,0.07553966057252857,0.36078058953109615,28062,11938,0.70
sequences_12_0.5_20,sequences,12,-22.0,7.18,0.5,20,0.20193469295256652,0.022447479306245646,0.07528290200803436,0.3643895405589448,28073,11927,0.70
sequences_12_0.5_21,sequences,12,-22.0,7.18,0.5,21,0.22160441618749396,0.022344479156305448,0.0748496077591674,0.40071670789187314,28059,11941,0.70
sequences_12_0.5_22,sequences,12,-22.0,7.18,0.5,22,0.2168415381416705,0.022412413064304023,0.07510233078429764,0.39192376442725574,28063,11937,0.70
sequences_12_0.5_23,sequences,12,-22.0,7.18,0.5,23,0.21268519265806035,0.0224371036342806,0.0751284233526891,0.384065463400387,28054,11946,0.70
sequences_12_0.5_24,sequences,12,-22.0,7.18,0.5,24,0.20957318857273288,0.022517839705315585,0.07548722663531877,0.37846915921013563,28068,11932,0.70
sequences_12_0.5_25,sequences,12,-22.0,7.18,0.5,25,0.21259798122121543,0.022452122014403563,0.07522909034814396,0.38402051991316866,28062,11938,0.70
sequences_12_0.5_26,sequences,12,-22.0,7.18,0.5,26,0.22009605192135992,0.022479482932218988,0.07535864207917864,0.39800700241582115,28068,11932,0.70
sequences_12_0.5_27,sequences,12,-22.0,7.18,0.5,27,0.2170178938456993,0.02232270066559942,0.07479544535298852,0.3922751865742854,28062,11938,0.70
sequences_12_0.5_28,sequences,12,-22.0,7.18,0.5,28,0.20569904517730642,0.022483251628593076,0.075270343584175,0.3710537105262995,28052,11948,0.70
sequences_12_0.5_29,sequences,12,-22.0,7.18,0.5,29,0.2097879108269922,0.022499280712218676,0.07536185132211916,0.37872405956539673,28058,11942,0.70
sequences_12_0.5_30,sequences,12,-22.0,7.18,0.5,30,0.2173935070836651,0.022487508701021522,0.07526569726724633,0.39269152470975877,28049,11951,0.70
sequences_12_0.5_31,sequences,12,-22.0,7.18,0.5,31,0.21234634207590738,0.022500080497557116,0.07535821986957085,0.38345440724056007,28057,11943,0.70
sequences_12_0.5_32,sequences,12,-22.0,7.18,0.5,32,0.2150078414763738,0.022294554018518528,0.07471365287707281,0.3885928396029728,28064,11936,0.70
sequences_12_0.5_33,sequences,12,-22.0,7.18,0.5,33,0.21508258809276393,0.02238948510500351,0.07509470100621671,0.3888452917593045,28074,11926,0.70
sequences_12_0.5_34,sequences,12,-22.0,7.18,0.5,34,0.21660628466639312,0.022358845164596863,0.07490400390149703,0.3914643448581829,28060,11940,0.70
sequences_12_0.5_35,sequences,12,-22.0,7.18,0.5,35,0.22200551755582576,0.022304756670028923,0.07476663595082184,0.4016070139568403,28067,11933,0.70
sequences_12_0.5_36,sequences,12,-22.0,7.18,0.5,36,0.2157375257679224,0.02240093999570416,0.07505131081566015,0.38985055683079395,28061,11939,0.70
sequences_12_0.5_37,sequences,12,-22.0,7.18,0.5,37,0.20509958270821294,0.02260763422051997,0.07575650237252231,0.3700447645574599,28063,11937,0.70
sequences_12_0.5_38,sequences,12,-22.0,7.18,0.5,38,0.21315617091977684,0.022399148577038588,0.07507046024981513,0.3851267536664968,28065,11935,0.70
sequences_12_0.5_39,sequences,12,-22.0,7.18,0.5,39,0.2130505121104372,0.0225220024629234,0.07555183650762629,0.3850449145723504,28076,11924,0.70
sequences_12_0.5_40,sequences,12,-22.0,7.18,0.5,40,0.1957001336173145,0.022583215155676704,0.0756176633372734,0.3524606950901276,28054,11946,0.70
sequences_12_0.5_41,sequences,12,-22.0,7.18,0.5,41,0.20528574343915612,0.022498232652513404,0.0753709636600114,0.37039837061203285,28060,11940,0.70
sequences_12_0.5_42,sequences,12,-22.0,7.18,0.5,42,0.2124493748992961,0.022407914664671954,0.07508725698139215,0.38378066939920097,28063,11937,0.70
sequences_12_0.5_43,sequences,12,-22.0,7.18,0.5,43,0.19742295090404066,0.022567579365646576,0.0756096134203755,0.35577059378859094,28061,11939,0.70
sequences_12_0.5_44,sequences,12,-22.0,7.18,0.5,44,0.20824555653040017,0.022457685979430864,0.07527295451459984,0.3760025561555958,28066,11934,0.70
sequences_12_0.5_45,sequences,12,-22.0,7.18,0.5,45,0.21437544958153465,0.022320848190221322,0.07468913565407838,0.38712735421936234,28046,11954,0.70
sequences_12_0.5_46,sequences,12,-22.0,7.18,0.5,46,0.21774150436778886,0.022367992733194807,0.07496604183726789,0.39364388579036086,28065,11935,0.70
sequences_12_0.5_47,sequences,12,-22.0,7.18,0.5,47,0.22023458850300137,0.0222963576617903,0.07464465236622128,0.39808756782280597,28052,11948,0.70
sequences_12_0.5_48,sequences,12,-22.0,7.18,0.5,48,0.21207197551627763,0.022449794280567807,0.07518979914784495,0.38296874655531404,28057,11943,0.70
sequences_12_0.5_49,sequences,12,-22.0,7.18,0.5,49,0.20476512471156982,0.022525637435907384,0.07550071203588869,0.3695075238810126,28066,11934,0.70
sequences_12_0.75_0,sequences,12,-22.0,7.18,0.75,0,0.2169011113213633,0.022334747938063983,0.07479195625973707,0.39194259652243885,28055,11945,0.70
sequences_12_0.75_1,sequences,12,-22.0,7.18,0.75,1,0.2139261914945902,0.021946630018602375,0.07355385008329242,0.38675954254950423,28065,11935,0.70
sequences_12_0.75_2,sequences,12,-22.0,7.18,0.75,2,0.21014195944853375,0.022259058438168642,0.07458220284191203,0.3795535693660216,28062,11938,0.70
sequences_12_0.75_3,sequences,12,-22.0,7.18,0.75,3,0.2094554039547471,0.022318975836164365,0.07476417665577208,0.37820641282158896,28059,11941,0.70
sequences_12_0.75_4,sequences,12,-22.0,7.18,0.75,4,0.21549291401752316,0.02235938223406568,0.0748807174617069,0.3893373360282877,28056,11944,0.70
sequences_12_0.75_5,sequences,12,-22.0,7.18,0.75,5,0.20571346981178754,0.02233482792930418,0.07484861906603277,0.3713298738922158,28064,11936,0.70
sequences_12_0.75_6,sequences,12,-22.0,7.18,0.75,6,0.21701080378893636,0.022275842064998233,0.0746572000502664,0.3923305383085187,28065,11935,0.70
sequences_12_0.75_7,sequences,12,-22.0,7.18,0.75,7,0.21388988171122889,0.02228320451987027,0.07461935377101807,0.38638470660928215,28055,11945,0.70
sequences_12_0.75_8,sequences,12,-22.0,7.18,0.75,8,0.21026842381431093,0.022353165036684115,0.07489124729603523,0.3797293512477188,28061,11939,0.70
sequences_12_0.75_9,sequences,12,-22.0,7.18,0.75,9,0.20656679867184471,0.022460066861078532,0.07525571070892453,0.3728247846680593,28062,11938,0.70
sequences_12_0.75_10,sequences,12,-22.0,7.18,0.75,10,0.21682243299279816,0.022180113792066844,0.07430523883439481,0.39194496863594874,28060,11940,0.70
sequences_12_0.75_11,sequences,12,-22.0,7.18,0.75,11,0.2021455612974231,0.022527237329275182,0.07549342268523854,0.3646109890538692,28064,11936,0.70
sequences_12_0.75_12,sequences,12,-22.0,7.18,0.75,12,0.21483916247380955,0.022250898288621215,0.07454237282620173,0.38823715080281124,28060,11940,0.70
sequences_12_0.75_13,sequences,12,-22.0,7.18,0.75,13,0.21491004873414393,0.022230307332396684,0.0744921080083662,0.3884248511337452,28063,11937,0.70
sequences_12_0.75_14,sequences,12,-22.0,7.18,0.75,14,0.20061531248236114,0.022474510919160313,0.07528518857435831,0.36172089335889274,28059,11941,0.70
sequences_12_0.75_15,sequences,12,-22.0,7.18,0.75,15,0.21088654472649854,0.02220890785205915,0.07445158515608162,0.381049954537203,28068,11932,0.70
sequences_12_0.75_16,sequences,12,-22.0,7.18,0.75,16,0.1993673567049784,0.02259125757267757,0.07565092531662643,0.3592870401572638,28055,11945,0.70
sequences_12_0.75_17,sequences,12,-22.0,7.18,0.75,17,0.21713511892499748,0.02210446013761778,0.07407660904027406,0.39262147236998834,28064,11936,0.70
sequences_12_0.75_18,sequences,12,-22.0,7.18,0.75,18,0.1998504737877425,0.022463912645820094,0.075243385181109,0.36029063247811766,28058,11942,0.70
sequences_12_0.75_19,sequences,12,-22.0,7.18,0.75,19,0.2090661124632757,0.022346446711673976,0.07484993036903023,0.37745621916983596,28058,11942,0.70
sequences_12_0.75_20,sequences,12,-22.0,7.18,0.75,20,0.2114917698197571,0.022354335555126652,0.07489516895929861,0.38199819054124173,28061,11939,0.70
sequences_12_0.75_21,sequences,12,-22.0,7.18,0.75,21,0.21262926921609057,0.022311111699270886,0.07473783334484846,0.3840968410879603,28059,11941,0.70
sequences_12_0.75_22,sequences,12,-22.0,7.18,0.75,22,0.2149151234817207,0.022250537908612533,0.07455989916599659,0.38842513461291805,28063,11937,0.70
sequences_12_0.75_23,sequences,12,-22.0,7.18,0.75,23,0.20545924999109372,0.02245186536391867,0.07519043993274839,0.3706831189201531,28056,11944,0.70
sequences_12_0.75_24,sequences,12,-22.0,7.18,0.75,24,0.2122184186049743,0.022307025773784402,0.07475544830356705,0.3834140451699863,28064,11936,0.70
sequences_12_0.75_25,sequences,12,-22.0,7.18,0.75,25,0.20241626266112162,0.022353381893303312,0.07492963007895184,0.3652420860165967,28067,11933,0.70
sequences_12_0.75_26,sequences,12,-22.0,7.18,0.75,26,0.21626534514381024,0.022179511284299593,0.07427833651808302,0.39084968078172955,28056,11944,0.70
sequences_12_0.75_27,sequences,12,-22.0,7.18,0.75,27,0.20702695177508348,0.022411216863354167,0.07511090695719873,0.37374717781077404,28065,11935,0.70
sequences_12_0.75_28,sequences,12,-22.0,7.18,0.75,28,0.2015954683729128,0.02229063705316347,0.07473183154191088,0.36377676572255274,28069,11931,0.70
sequences_12_0.75_29,sequences,12,-22.0,7.18,0.75,29,0.2042635363402712,0.022365585432781172,0.07494541487067495,0.3686082476663133,28063,11937,0.70
sequences_12_0.75_30,sequences,12,-22.0,7.18,0.75,30,0.21252902867154666,0.02223887746442722,0.07451458356316709,0.3839903659274047,28062,11938,0.70
sequences_12_0.75_31,sequences,12,-22.0,7.18,0.75,31,0.20739729255070147,0.02243119858757023,0.07513380870062043,0.37431992369039946,28058,11942,0.70
sequences_12_0.75_32,sequences,12,-22.0,7.18,0.75,32,0.20949141921200534,0.022405005566582314,0.07507750880985949,0.37829406362795837,28063,11937,0.70
sequences_12_0.75_33,sequences,12,-22.0,7.18,0.75,33,0.20256050734152198,0.022499115757529695,0.07543077950726576,0.3654688651910826,28069,11931,0.70
sequences_12_0.75_34,sequences,12,-22.0,7.18,0.75,34,0.20479331893177474,0.022262531206593734,0.07454388483707931,0.3695073811339081,28054,11946,0.70
sequences_12_0.75_35,sequences,12,-22.0,7.18,0.75,35,0.1993661490781196,0.02242544538488183,0.0751334127979959,0.359452831487043,28061,11939,0.70
sequences_12_0.75_36,sequences,12,-22.0,7.18,0.75,36,0.2134475123778707,0.022373273783737102,0.07492723973120263,0.3855391588062083,28056,11944,0.70
sequences_12_0.75_37,sequences,12,-22.0,7.18,0.75,37,0.19432024456369656,0.02255085215829014,0.0755219429279643,0.3499393029882507,28056,11944,0.70
sequences_12_0.75_38,sequences,12,-22.0,7.18,0.75,38,0.21946684061604163,0.02208129789956068,0.07395561550552014,0.39684024483402763,28057,11943,0.70
sequences_12_0.75_39,sequences,12,-22.0,7.18,0.75,39,0.21532278308771394,0.022327647966580065,0.07484336869715935,0.3892089560491702,28067,11933,0.70
sequences_12_0.75_40,sequences,12,-22.0,7.18,0.75,40,0.21203567711162458,0.02213779730476494,0.07420076187285048,0.38318332261200533,28066,11934,0.70
sequences_12_0.75_41,sequences,12,-22.0,7.18,0.75,41,0.20932691133307532,0.02229079206445791,0.07465101160233728,0.37793550767834566,28056,11944,0.70
sequences_12_0.75_42,sequences,12,-22.0,7.18,0.75,42,0.19495986028411208,0.022587439075069105,0.07566981264679766,0.35116628960947716,28060,11940,0.70
sequences_12_0.75_43,sequences,12,-22.0,7.18,0.75,43,0.20234523221829653,0.02238386178284465,0.075006657561681,0.36503681696313994,28063,11937,0.70
sequences_12_0.75_44,sequences,12,-22.0,7.18,0.75,44,0.2082220928622276,0.022445224365325936,0.07516190662310904,0.37579864310369115,28055,11945,0.70
sequences_12_0.75_45,sequences,12,-22.0,7.18,0.75,45,0.21473910735333424,0.022351871726850114,0.07492456792709332,0.38811552164483,28067,11933,0.70
sequences_12_0.75_46,sequences,12,-22.0,7.18,0.75,46,0.1948972247683875,0.022430126034642738,0.07516798268982151,0.3511853322248266,28064,11936,0.70
sequences_12_0.75_47,sequences,12,-22.0,7.18,0.75,47,0.21856082931658957,0.022219702251836948,0.07440670490359798,0.39506904812661325,28055,11945,0.70
sequences_12_0.75_48,sequences,12,-22.0,7.18,0.75,48,0.20913388451839515,0.022382850019267108,0.07502840867935007,0.37770172159684917,28067,11933,0.70
sequences_12_0.75_49,sequences,12,-22.0,7.18,0.75,49,0.21422207410023356,0.022152174451556015,0.07424895073422495,0.3872314323322927,28066,11934,0.70
sequences_12_1_0,sequences,12,,10.74,1.0,0,0.21043878929444482,0.021668014342795874,0.07261398908443656,0.38040380834118415,28064,11936,0.70
sequences_12_1_1,sequences,12,,10.74,1.0,1,0.2097233384403425,0.02144670323874514,0.071890398856097,0.3792224894793472,28067,11933,0.70
sequences_12_1_2,sequences,12,,10.74,1.0,2,0.18976258956562608,0.022430411839263382,0.07513746533544387,0.341563470178116,28059,11941,0.70
sequences_12_1_3,sequences,12,,10.74,1.0,3,0.21226453408734944,0.021900128291952897,0.07336111981225324,0.3836069284717621,28059,11941,0.70
sequences_12_1_4,sequences,12,,10.74,1.0,4,0.2166976458422762,0.021783930556071616,0.07297188026487435,0.3918728636312415,28059,11941,0.70
sequences_12_1_5,sequences,12,,10.74,1.0,5,0.21625305313571874,0.021527838734883422,0.07207780609318966,0.3910660096533254,28053,11947,0.70
sequences_12_1_6,sequences,12,,10.74,1.0,6,0.1966322175622641,0.021860734179758798,0.07322302522109797,0.35460655670153757,28058,11942,0.70
sequences_12_1_7,sequences,12,,10.74,1.0,7,0.1971090010647705,0.022333827104355265,0.07482645817691688,0.3553032204152839,28061,11939,0.70
sequences_12_1_8,sequences,12,,10.74,1.0,8,0.20765202426316567,0.021714918204492728,0.07281387611532476,0.37532115396243243,28071,11929,0.70
sequences_12_1_9,sequences,12,,10.74,1.0,9,0.20378788427984215,0.021866867674259497,0.07317004408318385,0.3677098226417515,28046,11954,0.70
sequences_12_1_10,sequences,12,,10.74,1.0,10,0.20574126620225602,0.02206634136885567,0.0739426702483226,0.37149297394997294,28063,11937,0.70
sequences_12_1_11,sequences,12,,10.74,1.0,11,0.18901418862997912,0.02236048470076044,0.07492204624144895,0.34024747091905644,28062,11938,0.70
sequences_12_1_12,sequences,12,,10.74,1.0,12,0.2101737213360051,0.021817234789732104,0.07301618068852779,0.37960018121552813,28048,11952,0.70
sequences_12_1_13,sequences,12,,10.74,1.0,13,0.19659538571795665,0.022285780524114562,0.07467799455177872,0.354400734170603,28063,11937,0.70
sequences_12_1_14,sequences,12,,10.74,1.0,14,0.19843062168050196,0.021848027153530725,0.0731008854990572,0.3577659094126655,28045,11955,0.70
sequences_12_1_15,sequences,12,,10.74,1.0,15,0.20209606265306987,0.022093248452001436,0.07400183705242483,0.36464039358088285,28058,11942,0.70
sequences_12_1_16,sequences,12,,10.74,1.0,16,0.21758964683688345,0.02154734957860254,0.07225198953341451,0.3938188857923487,28071,11929,0.70
sequences_12_1_17,sequences,12,,10.74,1.0,17,0.21366579409111947,0.021727577461135055,0.07277701377034017,0.3862651598089598,28058,11942,0.70
sequences_12_1_18,sequences,12,,10.74,1.0,18,0.21519488298402614,0.021607467172609585,0.0723868246988596,0.3891821272617058,28060,11940,0.70
sequences_12_1_19,sequences,12,,10.74,1.0,19,0.2083309539040771,0.02197005464547212,0.07358303490068531,0.3762515862557389,28057,11943,0.70
sequences_12_1_20,sequences,12,,10.74,1.0,20,0.20092828104565558,0.021955052874918262,0.07358207917861168,0.36264032012719,28065,11935,0.70
sequences_12_1_21,sequences,12,,10.74,1.0,21,0.20806742005348186,0.022015546085199643,0.07377863969570926,0.3758478285118982,28064,11936,0.70
sequences_12_1_22,sequences,12,,10.74,1.0,22,0.21193090455316183,0.021719565865210136,0.07273799686942445,0.383023060502511,28056,11944,0.70
sequences_12_1_23,sequences,12,,10.74,1.0,23,0.1976164053134953,0.02223739126429308,0.07450336297610548,0.3562937753180534,28061,11939,0.70
sequences_12_1_24,sequences,12,,10.74,1.0,24,0.2137718850178845,0.02175334801845207,0.07289995984735947,0.38654398100701354,28064,11936,0.70
sequences_12_1_25,sequences,12,,10.74,1.0,25,0.19863437887964353,0.02199104932437734,0.07367802772217888,0.3583050324717612,28061,11939,0.70
sequences_12_1_26,sequences,12,,10.74,1.0,26,0.20873148666997374,0.02191314772677742,0.07341702898660667,0.3770811646988111,28061,11939,0.70
sequences_12_1_27,sequences,12,,10.74,1.0,27,0.19666880167345746,0.02201825417047732,0.07376299554598767,0.3546262272953064,28060,11940,0.70
sequences_12_1_28,sequences,12,,10.74,1.0,28,0.20985581058092598,0.021745809663316844,0.07285028362920216,0.37922672388663087,28060,11940,0.70
sequences_12_1_29,sequences,12,,10.74,1.0,29,0.2082032503137977,0.021937824909819464,0.07343204990734549,0.3759236197208032,28050,11950,0.70
sequences_12_1_30,sequences,12,,10.74,1.0,30,0.21250020107970272,0.021471947587690283,0.07201122692274765,0.3844515538264622,28073,11927,0.70
sequences_12_1_31,sequences,12,,10.74,1.0,31,0.1981259955093434,0.022051368497485402,0.0738615591943909,0.3572885125371974,28058,11942,0.70
sequences_12_1_32,sequences,12,,10.74,1.0,32,0.20555348601171133,0.021550585302035682,0.07215396434932847,0.3712335616935158,28053,11947,0.70
sequences_12_1_33,sequences,12,,10.74,1.0,33,0.20835333507078047,0.02166263753335609,0.0725716500279936,0.3764788317039274,28060,11940,0.70
sequences_12_1_34,sequences,12,,10.74,1.0,34,0.208427068945107,0.021955768183031393,0.07352287378160366,0.37640607398521553,28055,11945,0.70
sequences_12_1_35,sequences,12,,10.74,1.0,35,0.2074859579260664,0.022077137648075933,0.07392930145860505,0.37460480251881556,28055,11945,0.70
sequences_12_1_36,sequences,12,,10.74,1.0,36,0.18392345643662716,0.022267175100196015,0.07462815282847428,0.3308564087248606,28065,11935,0.70
sequences_12_1_37,sequences,12,,10.74,1.0,37,0.201634289179936,0.02152275621882089,0.07213928680684058,0.3641693801487719,28066,11934,0.70
sequences_12_1_38,sequences,12,,10.74,1.0,38,0.21392650237415964,0.021620629291882115,0.07238848009335269,0.386717250685336,28053,11947,0.70
sequences_12_1_39,sequences,12,,10.74,1.0,39,0.20840572772428181,0.02179622959633383,0.07306202831252437,0.37662153666369613,28067,11933,0.70
sequences_12_1_40,sequences,12,,10.74,1.0,40,0.20361689959342721,0.021636864743820223,0.07251567572289978,0.3677806665387837,28065,11935,0.70
sequences_12_1_41,sequences,12,,10.74,1.0,41,0.2167679677567313,0.02136009655095468,0.0714982311329027,0.3920438727469421,28050,11950,0.70
sequences_12_1_42,sequences,12,,10.74,1.0,42,0.2099140659148232,0.02139982062288907,0.07166118249607056,0.37941300277411594,28055,11945,0.70
sequences_12_1_43,sequences,12,,10.74,1.0,43,0.21128631594326147,0.02179086866848883,0.07297067783504003,0.3817812224509664,28055,11945,0.70
sequences_12_1_44,sequences,12,,10.74,1.0,44,0.20996022229616945,0.02160105063390976,0.07231082311125538,0.3793476373413273,28051,11949,0.70
sequences_12_1_45,sequences,12,,10.74,1.0,45,0.21372570175050046,0.02146165282590435,0.07194653981194887,0.38664942212927333,28068,11932,0.70
sequences_12_1_46,sequences,12,,10.74,1.0,46,0.21104704816693687,0.02132051829968532,0.07140758033889415,0.3815776748622153,28057,11943,0.70
sequences_12_1_47,sequences,12,,10.74,1.0,47,0.21865485923029046,0.021588699949462883,0.07233606952408404,0.3956302517884129,28062,11938,0.70
sequences_12_1_48,sequences,12,,10.74,1.0,48,0.19725957209634534,0.021969960215386095,0.07362587203547619,0.35580432451845423,28064,11936,0.70
sequences_12_1_49,sequences,12,,10.74,1.0,49,0.20223884126448993,0.022199049837667583,0.0743313237490962,0.3647963591155352,28054,11946,0.70
