,simulationID,dynamic,simulation,vrest,slope,pqif,seed,std,mean
0,oscillations_1_0_0,oscillations,1,-8.5,14.44,0.0,0,0.255445601263471,-6.776675016020244e-05
1,oscillations_1_0_1,oscillations,1,-8.5,14.44,0.0,1,0.23300820685982063,4.237129130032068e-05
2,oscillations_1_0_2,oscillations,1,-8.5,14.44,0.0,2,0.23386513286301652,-2.875544375041581e-05
3,oscillations_1_0_3,oscillations,1,-8.5,14.44,0.0,3,0.2390143347404519,-7.624138622583336e-05
4,oscillations_1_0_4,oscillations,1,-8.5,14.44,0.0,4,0.2340063060936584,-6.571031965961907e-05
5,oscillations_1_0_5,oscillations,1,-8.5,14.44,0.0,5,0.22828487412812726,-0.00020311639143571697
6,oscillations_1_0_6,oscillations,1,-8.5,14.44,0.0,6,0.23766448338565432,1.7968737245652288e-05
7,oscillations_1_0_7,oscillations,1,-8.5,14.44,0.0,7,0.23877754414788338,-0.00011588338429260405
8,oscillations_1_0_8,oscillations,1,-8.5,14.44,0.0,8,0.234069200350984,-6.962338943862507e-05
9,oscillations_1_0_9,oscillations,1,-8.5,14.44,0.0,9,0.22840187189878974,2.0401229741832427e-05
10,oscillations_1_0_10,oscillations,1,-8.5,14.44,0.0,10,0.23385717603274417,5.383895327422967e-05
11,oscillations_1_0_11,oscillations,1,-8.5,14.44,0.0,11,0.23948682886863187,8.431845915247647e-05
12,oscillations_1_0_12,oscillations,1,-8.5,14.44,0.0,12,0.2339119090866428,-1.7556229781271472e-06
13,oscillations_1_0_13,oscillations,1,-8.5,14.44,0.0,13,0.23803123205295706,-7.790979411598227e-05
14,oscillations_1_0_14,oscillations,1,-8.5,14.44,0.0,14,0.23552279365223316,1.2981049336969198e-06
15,oscillations_1_0_15,oscillations,1,-8.5,14.44,0.0,15,0.23139883058124408,5.303179676498143e-06
16,oscillations_1_0_16,oscillations,1,-8.5,14.44,0.0,16,0.2298705008011071,-7.070738107849073e-06
17,oscillations_1_0_17,oscillations,1,-8.5,14.44,0.0,17,0.22498132997651663,9.61560870919909e-05
18,oscillations_1_0_18,oscillations,1,-8.5,14.44,0.0,18,0.22803368630152077,0.0002804411337612005
19,oscillations_1_0_19,oscillations,1,-8.5,14.44,0.0,19,0.22827260752153988,3.408685331877932e-05
20,oscillations_1_0_20,oscillations,1,-8.5,14.44,0.0,20,0.23922440203171216,-0.00016441467799893362
21,oscillations_1_0_21,oscillations,1,-8.5,14.44,0.0,21,0.22311671660526686,3.295760084476972e-05
22,oscillations_1_0_22,oscillations,1,-8.5,14.44,0.0,22,0.24942660934379052,-2.8882920850987103e-05
23,oscillations_1_0_23,oscillations,1,-8.5,14.44,0.0,23,0.2513789428180518,-7.916945188280673e-05
24,oscillations_1_0_24,oscillations,1,-8.5,14.44,0.0,24,0.22779081340963434,0.00030718943937387493
25,oscillations_1_0_25,oscillations,1,-8.5,14.44,0.0,25,0.22281898494137073,-7.09323461825084e-05
26,oscillations_1_0_26,oscillations,1,-8.5,14.44,0.0,26,0.2334053538504833,-0.00014599305231873677
27,oscillations_1_0_27,oscillations,1,-8.5,14.44,0.0,27,0.23430664745851112,6.544100789780846e-05
28,oscillations_1_0_28,oscillations,1,-8.5,14.44,0.0,28,0.24099047848464047,0.0001918371924948823
29,oscillations_1_0_29,oscillations,1,-8.5,14.44,0.0,29,0.23748364954774723,-2.384043207485098e-05
30,oscillations_1_0_30,oscillations,1,-8.5,14.44,0.0,30,0.2365541187892087,-5.37543711090571e-05
31,oscillations_1_0_31,oscillations,1,-8.5,14.44,0.0,31,0.25237418548231666,-0.00017256089442296146
32,oscillations_1_0_32,oscillations,1,-8.5,14.44,0.0,32,0.229995643486676,-7.982583519126673e-05
33,oscillations_1_0_33,oscillations,1,-8.5,14.44,0.0,33,0.22960391774922687,0.00011571711859932404
34,oscillations_1_0_34,oscillations,1,-8.5,14.44,0.0,34,0.24341981136658522,0.0001459175611475766
35,oscillations_1_0_35,oscillations,1,-8.5,14.44,0.0,35,0.2226461773847795,-3.792801242652327e-06
36,oscillations_1_0_36,oscillations,1,-8.5,14.44,0.0,36,0.22451874400015576,-0.000199941927504218
37,oscillations_1_0_37,oscillations,1,-8.5,14.44,0.0,37,0.23828669844361866,-6.709509925504497e-06
38,oscillations_1_0_38,oscillations,1,-8.5,14.44,0.0,38,0.24065380150228705,0.000267976529818933
39,oscillations_1_0_39,oscillations,1,-8.5,14.44,0.0,39,0.23733581507304305,-1.4524151748486835e-05
40,oscillations_1_0_40,oscillations,1,-8.5,14.44,0.0,40,0.23306927590473145,4.365171299844675e-05
41,oscillations_1_0_41,oscillations,1,-8.5,14.44,0.0,41,0.22941821954290914,-2.334260513701758e-05
42,oscillations_1_0_42,oscillations,1,-8.5,14.44,0.0,42,0.24643748522290804,0.00011036948649611209
43,oscillations_1_0_43,oscillations,1,-8.5,14.44,0.0,43,0.23568488996235765,0.0001320285324106698
44,oscillations_1_0_44,oscillations,1,-8.5,14.44,0.0,44,0.23185994806815516,-0.00016166472837228274
45,oscillations_1_0_45,oscillations,1,-8.5,14.44,0.0,45,0.23091720260424933,-0.0002702556000424506
46,oscillations_1_0_46,oscillations,1,-8.5,14.44,0.0,46,0.22670689148299433,9.253381044394881e-05
47,oscillations_1_0_47,oscillations,1,-8.5,14.44,0.0,47,0.23244331120861492,-0.00020595081570379744
48,oscillations_1_0_48,oscillations,1,-8.5,14.44,0.0,48,0.24691636985905696,0.00014833537305555388
49,oscillations_1_0_49,oscillations,1,-8.5,14.44,0.0,49,0.23645389238377054,0.00022845392968893919
50,oscillations_1_0.25_0,oscillations,1,-8.5,14.44,0.25,0,0.25221987577723826,0.0003274171923855945
51,oscillations_1_0.25_1,oscillations,1,-8.5,14.44,0.25,1,0.2409518141095148,0.00017158702078583945
52,oscillations_1_0.25_2,oscillations,1,-8.5,14.44,0.25,2,0.24147915335582226,0.0003612592846573333
53,oscillations_1_0.25_3,oscillations,1,-8.5,14.44,0.25,3,0.2510012320201823,0.0004874024784933905
54,oscillations_1_0.25_4,oscillations,1,-8.5,14.44,0.25,4,0.24798588125626442,0.0003201679739733184
55,oscillations_1_0.25_5,oscillations,1,-8.5,14.44,0.25,5,0.23988420168469674,-0.00015241574837405244
56,oscillations_1_0.25_6,oscillations,1,-8.5,14.44,0.25,6,0.24157230881978234,0.00024613571333913215
57,oscillations_1_0.25_7,oscillations,1,-8.5,14.44,0.25,7,0.23934380632881955,0.0003281037290321141
58,oscillations_1_0.25_8,oscillations,1,-8.5,14.44,0.25,8,0.23654293196236426,-0.0002694682796602386
59,oscillations_1_0.25_9,oscillations,1,-8.5,14.44,0.25,9,0.24593410351129982,0.0002669725245196912
60,oscillations_1_0.25_10,oscillations,1,-8.5,14.44,0.25,10,0.2584009894799899,0.0003127249979932519
61,oscillations_1_0.25_11,oscillations,1,-8.5,14.44,0.25,11,0.23681645351411965,0.0005097060428439182
62,oscillations_1_0.25_12,oscillations,1,-8.5,14.44,0.25,12,0.23643874863674916,-6.516656854804162e-05
63,oscillations_1_0.25_13,oscillations,1,-8.5,14.44,0.25,13,0.2406804326287164,-0.0001904290100377477
64,oscillations_1_0.25_14,oscillations,1,-8.5,14.44,0.25,14,0.24164310603441572,-5.4977706464376086e-05
65,oscillations_1_0.25_15,oscillations,1,-8.5,14.44,0.25,15,0.24378899571496343,-0.0001498556732054096
66,oscillations_1_0.25_16,oscillations,1,-8.5,14.44,0.25,16,0.2396459927147253,-1.710736245427935e-06
67,oscillations_1_0.25_17,oscillations,1,-8.5,14.44,0.25,17,0.25772625045120523,-0.00010988702623886148
68,oscillations_1_0.25_18,oscillations,1,-8.5,14.44,0.25,18,0.2458494441928141,0.0003097381747193268
69,oscillations_1_0.25_19,oscillations,1,-8.5,14.44,0.25,19,0.24124966029365152,0.00016632758429321315
70,oscillations_1_0.25_20,oscillations,1,-8.5,14.44,0.25,20,0.24602905424234822,6.245459234243058e-05
71,oscillations_1_0.25_21,oscillations,1,-8.5,14.44,0.25,21,0.24302336831131457,0.00030132498157867273
72,oscillations_1_0.25_22,oscillations,1,-8.5,14.44,0.25,22,0.2394709640838493,-7.164844667655462e-05
73,oscillations_1_0.25_23,oscillations,1,-8.5,14.44,0.25,23,0.237741353993638,0.00032566671245344044
74,oscillations_1_0.25_24,oscillations,1,-8.5,14.44,0.25,24,0.25157248042080343,0.00015976386152920133
75,oscillations_1_0.25_25,oscillations,1,-8.5,14.44,0.25,25,0.2421239565894126,0.00019758331792817205
76,oscillations_1_0.25_26,oscillations,1,-8.5,14.44,0.25,26,0.23757575794001945,0.0003817154771005799
77,oscillations_1_0.25_27,oscillations,1,-8.5,14.44,0.25,27,0.23373137759190443,0.00015330961758091012
78,oscillations_1_0.25_28,oscillations,1,-8.5,14.44,0.25,28,0.2316870832426333,-0.0001808193351251965
79,oscillations_1_0.25_29,oscillations,1,-8.5,14.44,0.25,29,0.2325633071228073,6.48834215508064e-05
80,oscillations_1_0.25_30,oscillations,1,-8.5,14.44,0.25,30,0.24444169149808287,0.00013363219063244756
81,oscillations_1_0.25_31,oscillations,1,-8.5,14.44,0.25,31,0.24267020463686478,-0.0001904252392218979
82,oscillations_1_0.25_32,oscillations,1,-8.5,14.44,0.25,32,0.24161229364678774,0.0002397221917387963
83,oscillations_1_0.25_33,oscillations,1,-8.5,14.44,0.25,33,0.239188625449569,-5.8781008181893665e-05
84,oscillations_1_0.25_34,oscillations,1,-8.5,14.44,0.25,34,0.2486565522766291,0.0004106530911235696
85,oscillations_1_0.25_35,oscillations,1,-8.5,14.44,0.25,35,0.2390891532078194,-0.00023328601123388305
86,oscillations_1_0.25_36,oscillations,1,-8.5,14.44,0.25,36,0.24938111914849345,0.00035175558540797316
87,oscillations_1_0.25_37,oscillations,1,-8.5,14.44,0.25,37,0.24796034346174914,-2.483315159769619e-05
88,oscillations_1_0.25_38,oscillations,1,-8.5,14.44,0.25,38,0.2528008161038765,0.00014355901496538134
89,oscillations_1_0.25_39,oscillations,1,-8.5,14.44,0.25,39,0.24275834214395856,-0.000114050697263881
90,oscillations_1_0.25_40,oscillations,1,-8.5,14.44,0.25,40,0.24763434768339043,-0.0001224716947639922
91,oscillations_1_0.25_41,oscillations,1,-8.5,14.44,0.25,41,0.25065846624823285,4.924093466276082e-05
92,oscillations_1_0.25_42,oscillations,1,-8.5,14.44,0.25,42,0.24358510069284345,-4.9561031061758006e-05
93,oscillations_1_0.25_43,oscillations,1,-8.5,14.44,0.25,43,0.24122215263463778,0.00020592998835930202
94,oscillations_1_0.25_44,oscillations,1,-8.5,14.44,0.25,44,0.24797957769237364,0.00019856574806907443
95,oscillations_1_0.25_45,oscillations,1,-8.5,14.44,0.25,45,0.2306635771141409,0.0006882183951856388
96,oscillations_1_0.25_46,oscillations,1,-8.5,14.44,0.25,46,0.23418325969579673,0.0004420595435430937
97,oscillations_1_0.25_47,oscillations,1,-8.5,14.44,0.25,47,0.25293659442352784,-2.7534967765627216e-05
98,oscillations_1_0.25_48,oscillations,1,-8.5,14.44,0.25,48,0.24581907547664333,-7.091066767258703e-05
99,oscillations_1_0.25_49,oscillations,1,-8.5,14.44,0.25,49,0.24239598408793545,-0.000106754155516286
100,oscillations_1_0.5_0,oscillations,1,-8.5,14.44,0.5,0,0.24792148236797842,8.053504636089279e-05
101,oscillations_1_0.5_1,oscillations,1,-8.5,14.44,0.5,1,0.2573170368136799,-0.00021033501710090703
102,oscillations_1_0.5_2,oscillations,1,-8.5,14.44,0.5,2,0.25049227885216385,-0.00011166529638131006
103,oscillations_1_0.5_3,oscillations,1,-8.5,14.44,0.5,3,0.2528016650979961,-0.00015786941534430218
104,oscillations_1_0.5_4,oscillations,1,-8.5,14.44,0.5,4,0.2578668162584854,0.0003190383186044528
105,oscillations_1_0.5_5,oscillations,1,-8.5,14.44,0.5,5,0.2478628570766302,7.333718911828866e-05
106,oscillations_1_0.5_6,oscillations,1,-8.5,14.44,0.5,6,0.25305683182561045,1.6145719387136736e-05
107,oscillations_1_0.5_7,oscillations,1,-8.5,14.44,0.5,7,0.2487596213843256,0.0004884653575151877
108,oscillations_1_0.5_8,oscillations,1,-8.5,14.44,0.5,8,0.24942268335883266,0.0005408235693374109
109,oscillations_1_0.5_9,oscillations,1,-8.5,14.44,0.5,9,0.24620388450086508,-0.00033238630462817425
110,oscillations_1_0.5_10,oscillations,1,-8.5,14.44,0.5,10,0.251869110732208,-0.00032354175444125594
111,oscillations_1_0.5_11,oscillations,1,-8.5,14.44,0.5,11,0.2584484072538562,-0.0002472223915820736
112,oscillations_1_0.5_12,oscillations,1,-8.5,14.44,0.5,12,0.25257097414539187,0.0004528212058930049
113,oscillations_1_0.5_13,oscillations,1,-8.5,14.44,0.5,13,0.252309292495175,0.000121393758779978
114,oscillations_1_0.5_14,oscillations,1,-8.5,14.44,0.5,14,0.2579203354016408,-0.0003762430213433963
115,oscillations_1_0.5_15,oscillations,1,-8.5,14.44,0.5,15,0.25161096295613933,0.00025942175354398185
116,oscillations_1_0.5_16,oscillations,1,-8.5,14.44,0.5,16,0.2500328024364525,0.00022230429583284037
117,oscillations_1_0.5_17,oscillations,1,-8.5,14.44,0.5,17,0.2517378502642762,0.00019494285979524152
118,oscillations_1_0.5_18,oscillations,1,-8.5,14.44,0.5,18,0.2463221051667939,4.014249657812139e-05
119,oscillations_1_0.5_19,oscillations,1,-8.5,14.44,0.5,19,0.2628632962139877,0.00042528197649893115
120,oscillations_1_0.5_20,oscillations,1,-8.5,14.44,0.5,20,0.25918488592927486,0.0006325963417123708
121,oscillations_1_0.5_21,oscillations,1,-8.5,14.44,0.5,21,0.243547752062145,-5.368085400316769e-06
122,oscillations_1_0.5_22,oscillations,1,-8.5,14.44,0.5,22,0.2598225785176686,0.00015872140611885262
123,oscillations_1_0.5_23,oscillations,1,-8.5,14.44,0.5,23,0.25671311936308616,0.00034442047678854827
124,oscillations_1_0.5_24,oscillations,1,-8.5,14.44,0.5,24,0.2516884461525202,-0.0002313676241589905
125,oscillations_1_0.5_25,oscillations,1,-8.5,14.44,0.5,25,0.2532140133830131,0.00017756523400229226
126,oscillations_1_0.5_26,oscillations,1,-8.5,14.44,0.5,26,0.2575163296191467,-0.00013940042736105797
127,oscillations_1_0.5_27,oscillations,1,-8.5,14.44,0.5,27,0.24726882142695378,-0.0005573624754891254
128,oscillations_1_0.5_28,oscillations,1,-8.5,14.44,0.5,28,0.24932774133714286,0.00033205865763913736
129,oscillations_1_0.5_29,oscillations,1,-8.5,14.44,0.5,29,0.25363081873353366,-4.456697878899128e-05
130,oscillations_1_0.5_30,oscillations,1,-8.5,14.44,0.5,30,0.24818328268279524,1.582956591138638e-05
131,oscillations_1_0.5_31,oscillations,1,-8.5,14.44,0.5,31,0.2576348655819647,9.300112509759762e-05
132,oscillations_1_0.5_32,oscillations,1,-8.5,14.44,0.5,32,0.26934877037034244,-0.0004028766502987047
133,oscillations_1_0.5_33,oscillations,1,-8.5,14.44,0.5,33,0.2557866309417242,0.0007375008416105024
134,oscillations_1_0.5_34,oscillations,1,-8.5,14.44,0.5,34,0.24625918808046338,0.0004109108306055325
135,oscillations_1_0.5_35,oscillations,1,-8.5,14.44,0.5,35,0.2564476579724861,0.0004005841103004865
136,oscillations_1_0.5_36,oscillations,1,-8.5,14.44,0.5,36,0.250853181395326,0.00010819922891435949
137,oscillations_1_0.5_37,oscillations,1,-8.5,14.44,0.5,37,0.2488595763882188,0.0008632762289743839
138,oscillations_1_0.5_38,oscillations,1,-8.5,14.44,0.5,38,0.25133209975783555,0.0002055256475955067
139,oscillations_1_0.5_39,oscillations,1,-8.5,14.44,0.5,39,0.24857698482641985,0.00016910978642020136
140,oscillations_1_0.5_40,oscillations,1,-8.5,14.44,0.5,40,0.25658420936312243,-0.00026048690381195815
141,oscillations_1_0.5_41,oscillations,1,-8.5,14.44,0.5,41,0.256147442813037,-0.00015990012156849102
142,oscillations_1_0.5_42,oscillations,1,-8.5,14.44,0.5,42,0.2580708305581925,0.00014841052577002433
143,oscillations_1_0.5_43,oscillations,1,-8.5,14.44,0.5,43,0.25342345596601695,0.0004817477708085731
144,oscillations_1_0.5_44,oscillations,1,-8.5,14.44,0.5,44,0.2679506450421179,8.444799264563705e-05
145,oscillations_1_0.5_45,oscillations,1,-8.5,14.44,0.5,45,0.24669282466648734,1.597021835077024e-05
146,oscillations_1_0.5_46,oscillations,1,-8.5,14.44,0.5,46,0.2529277536881649,0.0008581161380012506
147,oscillations_1_0.5_47,oscillations,1,-8.5,14.44,0.5,47,0.2643832172251855,0.00029169452314465417
148,oscillations_1_0.5_48,oscillations,1,-8.5,14.44,0.5,48,0.2504832907641307,-0.0004975030262334516
149,oscillations_1_0.5_49,oscillations,1,-8.5,14.44,0.5,49,0.2508748458859177,-0.00010094023745037508
150,oscillations_1_0.75_0,oscillations,1,-8.5,14.44,0.75,0,0.27341729943577175,-0.00015849521854202804
151,oscillations_1_0.75_1,oscillations,1,-8.5,14.44,0.75,1,0.2645865677152144,-0.00010926274174553503
152,oscillations_1_0.75_2,oscillations,1,-8.5,14.44,0.75,2,0.272419733333548,-0.00035826607143119656
153,oscillations_1_0.75_3,oscillations,1,-8.5,14.44,0.75,3,0.26811082259608343,0.0002297832345135963
154,oscillations_1_0.75_4,oscillations,1,-8.5,14.44,0.75,4,0.2705737930787935,-0.00019483791855856366
155,oscillations_1_0.75_5,oscillations,1,-8.5,14.44,0.75,5,0.26924234376888395,-0.0003243729624694576
156,oscillations_1_0.75_6,oscillations,1,-8.5,14.44,0.75,6,0.2745310374687013,-0.0003476043434000184
157,oscillations_1_0.75_7,oscillations,1,-8.5,14.44,0.75,7,0.2687397565007912,-0.0007091845420119495
158,oscillations_1_0.75_8,oscillations,1,-8.5,14.44,0.75,8,0.2674036671512433,-0.0003119869322512023
159,oscillations_1_0.75_9,oscillations,1,-8.5,14.44,0.75,9,0.2755272548739706,0.0004741156392768226
160,oscillations_1_0.75_10,oscillations,1,-8.5,14.44,0.75,10,0.2723293428391625,-0.0002597083179536567
161,oscillations_1_0.75_11,oscillations,1,-8.5,14.44,0.75,11,0.27168236302719173,-0.0003319237982004431
162,oscillations_1_0.75_12,oscillations,1,-8.5,14.44,0.75,12,0.2753715278143412,0.00012352065608094796
163,oscillations_1_0.75_13,oscillations,1,-8.5,14.44,0.75,13,0.26483627057287457,0.00018686024760195715
164,oscillations_1_0.75_14,oscillations,1,-8.5,14.44,0.75,14,0.2694456518798431,-0.0005684992684734736
165,oscillations_1_0.75_15,oscillations,1,-8.5,14.44,0.75,15,0.26970941996076286,-0.0005058727887383412
166,oscillations_1_0.75_16,oscillations,1,-8.5,14.44,0.75,16,0.27280435940225567,-0.0001277985982986273
167,oscillations_1_0.75_17,oscillations,1,-8.5,14.44,0.75,17,0.27015715307794486,0.00024915217359108757
168,oscillations_1_0.75_18,oscillations,1,-8.5,14.44,0.75,18,0.2637701579084951,0.00014333462233099065
169,oscillations_1_0.75_19,oscillations,1,-8.5,14.44,0.75,19,0.2673210573926387,-0.0002335244812777522
170,oscillations_1_0.75_20,oscillations,1,-8.5,14.44,0.75,20,0.2754509183583095,-0.0006502805880905488
171,oscillations_1_0.75_21,oscillations,1,-8.5,14.44,0.75,21,0.2670899474515867,1.6744203977608653e-05
172,oscillations_1_0.75_22,oscillations,1,-8.5,14.44,0.75,22,0.27222642327248847,-0.0003291105187721023
173,oscillations_1_0.75_23,oscillations,1,-8.5,14.44,0.75,23,0.26469883003938294,-0.00021820889512175543
174,oscillations_1_0.75_24,oscillations,1,-8.5,14.44,0.75,24,0.2695408046504225,0.00048291680202227824
175,oscillations_1_0.75_25,oscillations,1,-8.5,14.44,0.75,25,0.2708394947842886,0.0001988577997165709
176,oscillations_1_0.75_26,oscillations,1,-8.5,14.44,0.75,26,0.27855930102069926,0.00017939725481828348
177,oscillations_1_0.75_27,oscillations,1,-8.5,14.44,0.75,27,0.2704052799499575,-0.0005583184918819307
178,oscillations_1_0.75_28,oscillations,1,-8.5,14.44,0.75,28,0.2637467793837042,-0.0001957051570250908
179,oscillations_1_0.75_29,oscillations,1,-8.5,14.44,0.75,29,0.27190293427898615,6.714441522122869e-05
180,oscillations_1_0.75_30,oscillations,1,-8.5,14.44,0.75,30,0.26579448468999184,0.00039767268455488116
181,oscillations_1_0.75_31,oscillations,1,-8.5,14.44,0.75,31,0.2698524983766154,-0.00012864097790126904
182,oscillations_1_0.75_32,oscillations,1,-8.5,14.44,0.75,32,0.268336987268195,-0.0005835237456426757
183,oscillations_1_0.75_33,oscillations,1,-8.5,14.44,0.75,33,0.2699298311426789,-0.00036902772767011044
184,oscillations_1_0.75_34,oscillations,1,-8.5,14.44,0.75,34,0.2664139732578205,0.0010732943180499983
185,oscillations_1_0.75_35,oscillations,1,-8.5,14.44,0.75,35,0.2829872238033236,-4.0354799170831644e-05
186,oscillations_1_0.75_36,oscillations,1,-8.5,14.44,0.75,36,0.2779367467114315,0.0006019633272674546
187,oscillations_1_0.75_37,oscillations,1,-8.5,14.44,0.75,37,0.2669453440188472,-0.00014416890696838572
188,oscillations_1_0.75_38,oscillations,1,-8.5,14.44,0.75,38,0.2728579053837509,-0.00014886973765427234
189,oscillations_1_0.75_39,oscillations,1,-8.5,14.44,0.75,39,0.2684287528923754,0.0007468003258487717
190,oscillations_1_0.75_40,oscillations,1,-8.5,14.44,0.75,40,0.2632025487531874,-7.81131883092256e-05
191,oscillations_1_0.75_41,oscillations,1,-8.5,14.44,0.75,41,0.2675421190514102,-0.0002953809215621292
192,oscillations_1_0.75_42,oscillations,1,-8.5,14.44,0.75,42,0.2697655259663091,-0.0006436224822527574
193,oscillations_1_0.75_43,oscillations,1,-8.5,14.44,0.75,43,0.27314476294148926,0.0003854296882316385
194,oscillations_1_0.75_44,oscillations,1,-8.5,14.44,0.75,44,0.2732747821633484,-0.0003305357419255156
195,oscillations_1_0.75_45,oscillations,1,-8.5,14.44,0.75,45,0.2710503425021094,-0.0001467634519017045
196,oscillations_1_0.75_46,oscillations,1,-8.5,14.44,0.75,46,0.26472578969505606,0.00121497088598502
197,oscillations_1_0.75_47,oscillations,1,-8.5,14.44,0.75,47,0.273128381214023,-5.71887992924931e-06
198,oscillations_1_0.75_48,oscillations,1,-8.5,14.44,0.75,48,0.25977654032180014,-0.00021019169924638904
199,oscillations_1_0.75_49,oscillations,1,-8.5,14.44,0.75,49,0.27255361311268794,0.00011199086658362203
200,oscillations_1_1_0,oscillations,1,,10.74,1.0,0,0.28837861726439884,-0.00036135477878129773
201,oscillations_1_1_1,oscillations,1,,10.74,1.0,1,0.29114968347027875,8.868881332323254e-05
202,oscillations_1_1_2,oscillations,1,,10.74,1.0,2,0.2877557488037971,7.035071992484145e-05
203,oscillations_1_1_3,oscillations,1,,10.74,1.0,3,0.28796778478389684,0.0005517995281939887
204,oscillations_1_1_4,oscillations,1,,10.74,1.0,4,0.29096900136948284,0.0003195169788545151
205,oscillations_1_1_5,oscillations,1,,10.74,1.0,5,0.2921337765960237,-0.0002491201808538619
206,oscillations_1_1_6,oscillations,1,,10.74,1.0,6,0.2848011222606951,-4.078222999247272e-06
207,oscillations_1_1_7,oscillations,1,,10.74,1.0,7,0.29346048253590523,-0.00014443541136774816
208,oscillations_1_1_8,oscillations,1,,10.74,1.0,8,0.28272438210408907,-0.00014089510852576535
209,oscillations_1_1_9,oscillations,1,,10.74,1.0,9,0.29498626361847347,-0.00012188794699860857
210,oscillations_1_1_10,oscillations,1,,10.74,1.0,10,0.2960278366122885,0.00012830702191580202
211,oscillations_1_1_11,oscillations,1,,10.74,1.0,11,0.28877636926850203,-1.5151446457325136e-05
212,oscillations_1_1_12,oscillations,1,,10.74,1.0,12,0.2854205692402554,7.622011928953582e-05
213,oscillations_1_1_13,oscillations,1,,10.74,1.0,13,0.28834305766214813,-0.00066185839030326
214,oscillations_1_1_14,oscillations,1,,10.74,1.0,14,0.2904383218986036,-1.5572813829006338e-05
215,oscillations_1_1_15,oscillations,1,,10.74,1.0,15,0.2879243750533321,0.00041789457787772905
216,oscillations_1_1_16,oscillations,1,,10.74,1.0,16,0.28797676326622257,0.0003684111122341678
217,oscillations_1_1_17,oscillations,1,,10.74,1.0,17,0.2889163184901548,0.0003631752348940624
218,oscillations_1_1_18,oscillations,1,,10.74,1.0,18,0.29102476225657936,0.0002486855450878501
219,oscillations_1_1_19,oscillations,1,,10.74,1.0,19,0.2872589224440584,-0.00012461293440750064
220,oscillations_1_1_20,oscillations,1,,10.74,1.0,20,0.29119774136643967,-0.0005024928226848674
221,oscillations_1_1_21,oscillations,1,,10.74,1.0,21,0.28540158236630675,-0.0005434405629706962
222,oscillations_1_1_22,oscillations,1,,10.74,1.0,22,0.2943697407699029,-0.00024642223038076947
223,oscillations_1_1_23,oscillations,1,,10.74,1.0,23,0.28947049527687463,-1.6592288612274975e-05
224,oscillations_1_1_24,oscillations,1,,10.74,1.0,24,0.2883482436694637,-0.00017512151447019196
225,oscillations_1_1_25,oscillations,1,,10.74,1.0,25,0.2908344615648213,-7.650471669291707e-05
226,oscillations_1_1_26,oscillations,1,,10.74,1.0,26,0.2866432184267653,0.0007173330686549581
227,oscillations_1_1_27,oscillations,1,,10.74,1.0,27,0.2924050706734746,0.00015578290450138875
228,oscillations_1_1_28,oscillations,1,,10.74,1.0,28,0.2877190355352509,-2.239740823583931e-05
229,oscillations_1_1_29,oscillations,1,,10.74,1.0,29,0.3010090272890548,-0.0004073999132921854
230,oscillations_1_1_30,oscillations,1,,10.74,1.0,30,0.29778162370784,-1.668424237501659e-05
231,oscillations_1_1_31,oscillations,1,,10.74,1.0,31,0.2886774589642856,-0.00015827938485110605
232,oscillations_1_1_32,oscillations,1,,10.74,1.0,32,0.28423811411318045,0.00014187872278381404
233,oscillations_1_1_33,oscillations,1,,10.74,1.0,33,0.28562610236306524,-0.00013320972116406067
234,oscillations_1_1_34,oscillations,1,,10.74,1.0,34,0.28804354399884313,-0.00010361171826854507
235,oscillations_1_1_35,oscillations,1,,10.74,1.0,35,0.2827944769486589,0.0004354003032432882
236,oscillations_1_1_36,oscillations,1,,10.74,1.0,36,0.2870340655613381,-0.0001799281690438149
237,oscillations_1_1_37,oscillations,1,,10.74,1.0,37,0.2859023028395839,-0.000167205338692485
238,oscillations_1_1_38,oscillations,1,,10.74,1.0,38,0.29530831419234793,-1.631027131658589e-05
239,oscillations_1_1_39,oscillations,1,,10.74,1.0,39,0.2852834739041559,5.296507337991077e-05
240,oscillations_1_1_40,oscillations,1,,10.74,1.0,40,0.29122641740642186,0.00047764075969069977
241,oscillations_1_1_41,oscillations,1,,10.74,1.0,41,0.288567654974694,-0.00016531820448058214
242,oscillations_1_1_42,oscillations,1,,10.74,1.0,42,0.2933438136861021,1.7690689684212923e-05
243,oscillations_1_1_43,oscillations,1,,10.74,1.0,43,0.2870611460089755,1.1373093225636721e-05
244,oscillations_1_1_44,oscillations,1,,10.74,1.0,44,0.29438811145635313,0.00020784308377776644
245,oscillations_1_1_45,oscillations,1,,10.74,1.0,45,0.29061656900680916,-0.0002810905460635773
246,oscillations_1_1_46,oscillations,1,,10.74,1.0,46,0.2905577268376825,-0.0003498733694008938
247,oscillations_1_1_47,oscillations,1,,10.74,1.0,47,0.28719133895261373,0.0003440881537544852
248,oscillations_1_1_48,oscillations,1,,10.74,1.0,48,0.2843254758697171,9.733350847467274e-05
249,oscillations_1_1_49,oscillations,1,,10.74,1.0,49,0.28461748243126495,0.0007791045101948704
250,oscillations_2_0_0,oscillations,2,-12.3,10.68,0.0,0,0.26988587785752555,7.94994285781329e-05
251,oscillations_2_0_1,oscillations,2,-12.3,10.68,0.0,1,0.2660310985548165,0.0001829815786666397
252,oscillations_2_0_2,oscillations,2,-12.3,10.68,0.0,2,0.26331202055627617,3.848431658764162e-05
253,oscillations_2_0_3,oscillations,2,-12.3,10.68,0.0,3,0.25882771537505606,0.00028675819001391787
254,oscillations_2_0_4,oscillations,2,-12.3,10.68,0.0,4,0.2676350676267542,-7.152557224842366e-05
255,oscillations_2_0_5,oscillations,2,-12.3,10.68,0.0,5,0.2622170137302561,-5.431143466340115e-05
256,oscillations_2_0_6,oscillations,2,-12.3,10.68,0.0,6,0.2627672562426296,-1.4538302380655905e-05
257,oscillations_2_0_7,oscillations,2,-12.3,10.68,0.0,7,0.2607784033812566,1.591806115480727e-05
258,oscillations_2_0_8,oscillations,2,-12.3,10.68,0.0,8,0.26074401727224994,-7.234964209650874e-05
259,oscillations_2_0_9,oscillations,2,-12.3,10.68,0.0,9,0.27055732610800065,0.0001634418151514624
260,oscillations_2_0_10,oscillations,2,-12.3,10.68,0.0,10,0.26734262524200053,4.411075779841855e-06
261,oscillations_2_0_11,oscillations,2,-12.3,10.68,0.0,11,0.276741268187786,0.0001573549053282897
262,oscillations_2_0_12,oscillations,2,-12.3,10.68,0.0,12,0.2648405874699025,-0.0002013765535042859
263,oscillations_2_0_13,oscillations,2,-12.3,10.68,0.0,13,0.2689399412992994,0.00018340081655794215
264,oscillations_2_0_14,oscillations,2,-12.3,10.68,0.0,14,0.2663350069078808,0.00019313866050108886
265,oscillations_2_0_15,oscillations,2,-12.3,10.68,0.0,15,0.28240756325412997,-2.4232770887609123e-05
266,oscillations_2_0_16,oscillations,2,-12.3,10.68,0.0,16,0.2660682322810851,5.7720738738004786e-05
267,oscillations_2_0_17,oscillations,2,-12.3,10.68,0.0,17,0.2664176628293322,3.2490381127209845e-05
268,oscillations_2_0_18,oscillations,2,-12.3,10.68,0.0,18,0.2717375982572355,-3.306667695154235e-05
269,oscillations_2_0_19,oscillations,2,-12.3,10.68,0.0,19,0.2557442100004196,-1.7798353749286162e-05
270,oscillations_2_0_20,oscillations,2,-12.3,10.68,0.0,20,0.26621348480491924,0.00038273541155223423
271,oscillations_2_0_21,oscillations,2,-12.3,10.68,0.0,21,0.2607709875434677,4.758850704617306e-05
272,oscillations_2_0_22,oscillations,2,-12.3,10.68,0.0,22,0.26404264898755403,0.0001799091428887053
273,oscillations_2_0_23,oscillations,2,-12.3,10.68,0.0,23,0.2683313083410549,0.00021716260965984056
274,oscillations_2_0_24,oscillations,2,-12.3,10.68,0.0,24,0.269649397411169,-3.122812962853119e-05
275,oscillations_2_0_25,oscillations,2,-12.3,10.68,0.0,25,0.266290426495627,-8.727098464562473e-05
276,oscillations_2_0_26,oscillations,2,-12.3,10.68,0.0,26,0.2657570237767553,0.00016704579928812543
277,oscillations_2_0_27,oscillations,2,-12.3,10.68,0.0,27,0.2920919889118284,0.00020517620470943604
278,oscillations_2_0_28,oscillations,2,-12.3,10.68,0.0,28,0.25968241166222045,1.448884057034105e-05
279,oscillations_2_0_29,oscillations,2,-12.3,10.68,0.0,29,0.2662855351542596,3.3819014749500777e-06
280,oscillations_2_0_30,oscillations,2,-12.3,10.68,0.0,30,0.26199949126838107,-4.4227631013799415e-05
281,oscillations_2_0_31,oscillations,2,-12.3,10.68,0.0,31,0.26578538387485096,-0.00030123449391466556
282,oscillations_2_0_32,oscillations,2,-12.3,10.68,0.0,32,0.2622670454821022,-4.581325869823549e-05
283,oscillations_2_0_33,oscillations,2,-12.3,10.68,0.0,33,0.26667449786373826,0.0001699283580012976
284,oscillations_2_0_34,oscillations,2,-12.3,10.68,0.0,34,0.26384397719937563,-7.445594623801499e-05
285,oscillations_2_0_35,oscillations,2,-12.3,10.68,0.0,35,0.2593362851804393,-0.00014757340238365143
286,oscillations_2_0_36,oscillations,2,-12.3,10.68,0.0,36,0.2670425174795937,-7.188078414344035e-05
287,oscillations_2_0_37,oscillations,2,-12.3,10.68,0.0,37,0.2662933058897986,-9.224619997750327e-06
288,oscillations_2_0_38,oscillations,2,-12.3,10.68,0.0,38,0.2808214008862089,4.0617279571119314e-05
289,oscillations_2_0_39,oscillations,2,-12.3,10.68,0.0,39,0.2723077058304837,5.238456073593918e-05
290,oscillations_2_0_40,oscillations,2,-12.3,10.68,0.0,40,0.2627701117279962,-6.230210443618465e-05
291,oscillations_2_0_41,oscillations,2,-12.3,10.68,0.0,41,0.2662483510630261,1.5195273835730671e-05
292,oscillations_2_0_42,oscillations,2,-12.3,10.68,0.0,42,0.26495565354775014,5.096560995891557e-05
293,oscillations_2_0_43,oscillations,2,-12.3,10.68,0.0,43,0.2676942408785326,9.892981031051967e-05
294,oscillations_2_0_44,oscillations,2,-12.3,10.68,0.0,44,0.2760195636059421,0.00026281534354492597
295,oscillations_2_0_45,oscillations,2,-12.3,10.68,0.0,45,0.27808747260420125,-0.00022230115238885622
296,oscillations_2_0_46,oscillations,2,-12.3,10.68,0.0,46,0.2650325211404255,-3.4836163670382806e-05
297,oscillations_2_0_47,oscillations,2,-12.3,10.68,0.0,47,0.2668757574136455,-0.00033053416571865213
298,oscillations_2_0_48,oscillations,2,-12.3,10.68,0.0,48,0.2621555865434081,0.00013048933190295308
299,oscillations_2_0_49,oscillations,2,-12.3,10.68,0.0,49,0.2655385656359634,1.9790643198642475e-05
300,oscillations_2_0.25_0,oscillations,2,-12.3,10.68,0.25,0,0.2695224446044994,0.00022206505100059778
301,oscillations_2_0.25_1,oscillations,2,-12.3,10.68,0.25,1,0.2656407957628788,-0.00021756543935408948
302,oscillations_2_0.25_2,oscillations,2,-12.3,10.68,0.25,2,0.26857202937624924,0.0002543479365358456
303,oscillations_2_0.25_3,oscillations,2,-12.3,10.68,0.25,3,0.26792902939449564,0.00017945415667790007
304,oscillations_2_0.25_4,oscillations,2,-12.3,10.68,0.25,4,0.2633777182497887,0.0002876830336511599
305,oscillations_2_0.25_5,oscillations,2,-12.3,10.68,0.25,5,0.27190061235498586,8.391150093212918e-06
306,oscillations_2_0.25_6,oscillations,2,-12.3,10.68,0.25,6,0.2702407589398979,-3.3342588966727195e-05
307,oscillations_2_0.25_7,oscillations,2,-12.3,10.68,0.25,7,0.2762028367877162,-0.00013172251559331725
308,oscillations_2_0.25_8,oscillations,2,-12.3,10.68,0.25,8,0.27175916314019344,0.0004441704337055857
309,oscillations_2_0.25_9,oscillations,2,-12.3,10.68,0.25,9,0.2770567638153911,-0.00027054529800083296
310,oscillations_2_0.25_10,oscillations,2,-12.3,10.68,0.25,10,0.26779255441132166,0.0002536112812720338
311,oscillations_2_0.25_11,oscillations,2,-12.3,10.68,0.25,11,0.2713218870789572,-0.00012683231217561325
312,oscillations_2_0.25_12,oscillations,2,-12.3,10.68,0.25,12,0.2603471776774769,0.00013114425129354397
313,oscillations_2_0.25_13,oscillations,2,-12.3,10.68,0.25,13,0.2787343379871709,0.00042318942445014374
314,oscillations_2_0.25_14,oscillations,2,-12.3,10.68,0.25,14,0.2694927128225071,-0.0005305512540330713
315,oscillations_2_0.25_15,oscillations,2,-12.3,10.68,0.25,15,0.2623704646583718,0.00012366690047397303
316,oscillations_2_0.25_16,oscillations,2,-12.3,10.68,0.25,16,0.26370839589549594,-0.00027252320852727443
317,oscillations_2_0.25_17,oscillations,2,-12.3,10.68,0.25,17,0.2757860901834239,-4.260529152404316e-05
318,oscillations_2_0.25_18,oscillations,2,-12.3,10.68,0.25,18,0.27458584483885706,-8.274454784729556e-05
319,oscillations_2_0.25_19,oscillations,2,-12.3,10.68,0.25,19,0.27105513368349804,-0.0005261348675913474
320,oscillations_2_0.25_20,oscillations,2,-12.3,10.68,0.25,20,0.2701838042606408,7.812030320738805e-05
321,oscillations_2_0.25_21,oscillations,2,-12.3,10.68,0.25,21,0.2725436957564317,0.00012452708591525162
322,oscillations_2_0.25_22,oscillations,2,-12.3,10.68,0.25,22,0.2667965251665078,2.9234220934338696e-06
323,oscillations_2_0.25_23,oscillations,2,-12.3,10.68,0.25,23,0.2794891412466562,0.0001184846147377139
324,oscillations_2_0.25_24,oscillations,2,-12.3,10.68,0.25,24,0.26997000785104236,0.00022546096761363944
325,oscillations_2_0.25_25,oscillations,2,-12.3,10.68,0.25,25,0.2642598917132765,0.000434734798107755
326,oscillations_2_0.25_26,oscillations,2,-12.3,10.68,0.25,26,0.26973292455821307,-0.00045702494703800845
327,oscillations_2_0.25_27,oscillations,2,-12.3,10.68,0.25,27,0.2617298936111475,0.00035220145257203834
328,oscillations_2_0.25_28,oscillations,2,-12.3,10.68,0.25,28,0.26531670599276347,0.0004838753354574621
329,oscillations_2_0.25_29,oscillations,2,-12.3,10.68,0.25,29,0.2645966687629052,0.00013797353706811042
330,oscillations_2_0.25_30,oscillations,2,-12.3,10.68,0.25,30,0.27209220552432795,-0.00030903149191486857
331,oscillations_2_0.25_31,oscillations,2,-12.3,10.68,0.25,31,0.27598297740096556,0.0002734114930962531
332,oscillations_2_0.25_32,oscillations,2,-12.3,10.68,0.25,32,0.26872492902090545,-0.00014648898654895718
333,oscillations_2_0.25_33,oscillations,2,-12.3,10.68,0.25,33,0.27352545960512825,9.448371638668781e-05
334,oscillations_2_0.25_34,oscillations,2,-12.3,10.68,0.25,34,0.26805527388346256,0.00032213928495192484
335,oscillations_2_0.25_35,oscillations,2,-12.3,10.68,0.25,35,0.26877386982038587,-0.00020589173434905
336,oscillations_2_0.25_36,oscillations,2,-12.3,10.68,0.25,36,0.26578936089328875,-6.516418938265424e-05
337,oscillations_2_0.25_37,oscillations,2,-12.3,10.68,0.25,37,0.2696627252783197,-0.00015620510991938092
338,oscillations_2_0.25_38,oscillations,2,-12.3,10.68,0.25,38,0.27242058845081996,0.00012591274082943374
339,oscillations_2_0.25_39,oscillations,2,-12.3,10.68,0.25,39,0.27006059359601137,-4.928173259765479e-05
340,oscillations_2_0.25_40,oscillations,2,-12.3,10.68,0.25,40,0.2707548457280277,-3.948961026147797e-05
341,oscillations_2_0.25_41,oscillations,2,-12.3,10.68,0.25,41,0.2629115568276458,-0.00010445121029511637
342,oscillations_2_0.25_42,oscillations,2,-12.3,10.68,0.25,42,0.2650297632554155,0.0001863476681677834
343,oscillations_2_0.25_43,oscillations,2,-12.3,10.68,0.25,43,0.27257592647875406,5.413021949776047e-05
344,oscillations_2_0.25_44,oscillations,2,-12.3,10.68,0.25,44,0.27021217788189633,0.0004893277665170944
345,oscillations_2_0.25_45,oscillations,2,-12.3,10.68,0.25,45,0.262636441938822,0.0002725941078791989
346,oscillations_2_0.25_46,oscillations,2,-12.3,10.68,0.25,46,0.2757240520167749,0.00020000775453966107
347,oscillations_2_0.25_47,oscillations,2,-12.3,10.68,0.25,47,0.26574935597406213,-0.00028023172346828445
348,oscillations_2_0.25_48,oscillations,2,-12.3,10.68,0.25,48,0.2623338594382654,-0.0002460074621571997
349,oscillations_2_0.25_49,oscillations,2,-12.3,10.68,0.25,49,0.27716817248383707,0.0004322392053166893
350,oscillations_2_0.5_0,oscillations,2,-12.3,10.68,0.5,0,0.2722766943313438,0.0005069896550869417
351,oscillations_2_0.5_1,oscillations,2,-12.3,10.68,0.5,1,0.2736917677506394,0.0001739768210637581
352,oscillations_2_0.5_2,oscillations,2,-12.3,10.68,0.5,2,0.2704057616346633,1.1619982280358366e-05
353,oscillations_2_0.5_3,oscillations,2,-12.3,10.68,0.5,3,0.2707213186506294,-0.0003720763446045847
354,oscillations_2_0.5_4,oscillations,2,-12.3,10.68,0.5,4,0.27500866612010894,0.00017932415590284938
355,oscillations_2_0.5_5,oscillations,2,-12.3,10.68,0.5,5,0.27589045035777493,-5.65219314517329e-05
356,oscillations_2_0.5_6,oscillations,2,-12.3,10.68,0.5,6,0.26893466090579066,0.0002008963288475714
357,oscillations_2_0.5_7,oscillations,2,-12.3,10.68,0.5,7,0.27356475798904956,0.0003191382546713119
358,oscillations_2_0.5_8,oscillations,2,-12.3,10.68,0.5,8,0.27042175859004974,0.00012657697247434992
359,oscillations_2_0.5_9,oscillations,2,-12.3,10.68,0.5,9,0.2759346422663575,-0.0003142145767216283
360,oscillations_2_0.5_10,oscillations,2,-12.3,10.68,0.5,10,0.2703524411933736,0.00040515931606812836
361,oscillations_2_0.5_11,oscillations,2,-12.3,10.68,0.5,11,0.27321317623049446,0.0004132934454245623
362,oscillations_2_0.5_12,oscillations,2,-12.3,10.68,0.5,12,0.26931208531737055,-0.00031147796532196304
363,oscillations_2_0.5_13,oscillations,2,-12.3,10.68,0.5,13,0.2787708227119153,-4.995506242890665e-05
364,oscillations_2_0.5_14,oscillations,2,-12.3,10.68,0.5,14,0.276055996976364,0.0005414790739295509
365,oscillations_2_0.5_15,oscillations,2,-12.3,10.68,0.5,15,0.2693300204621839,-7.89930936883603e-05
366,oscillations_2_0.5_16,oscillations,2,-12.3,10.68,0.5,16,0.2734030645267105,0.0001645520224443965
367,oscillations_2_0.5_17,oscillations,2,-12.3,10.68,0.5,17,0.26867436857543786,0.00016593309564730312
368,oscillations_2_0.5_18,oscillations,2,-12.3,10.68,0.5,18,0.27355125308270406,0.0004867773316379017
369,oscillations_2_0.5_19,oscillations,2,-12.3,10.68,0.5,19,0.26580581525489716,0.0004871202254843451
370,oscillations_2_0.5_20,oscillations,2,-12.3,10.68,0.5,20,0.2728410482397133,5.2723408865911136e-05
371,oscillations_2_0.5_21,oscillations,2,-12.3,10.68,0.5,21,0.27784237957028735,-8.279122536044763e-05
372,oscillations_2_0.5_22,oscillations,2,-12.3,10.68,0.5,22,0.27733543352089035,-0.0003635170329447922
373,oscillations_2_0.5_23,oscillations,2,-12.3,10.68,0.5,23,0.2734217691597988,0.0009021555337562664
374,oscillations_2_0.5_24,oscillations,2,-12.3,10.68,0.5,24,0.2742718692090727,0.0001506696763743218
375,oscillations_2_0.5_25,oscillations,2,-12.3,10.68,0.5,25,0.27584925144920014,0.00030345625971810137
376,oscillations_2_0.5_26,oscillations,2,-12.3,10.68,0.5,26,0.26914767441819215,-0.0002364882643093177
377,oscillations_2_0.5_27,oscillations,2,-12.3,10.68,0.5,27,0.27037603850158715,-0.0002477745205878683
378,oscillations_2_0.5_28,oscillations,2,-12.3,10.68,0.5,28,0.2707899231145922,-0.0001954700422615275
379,oscillations_2_0.5_29,oscillations,2,-12.3,10.68,0.5,29,0.27111514997731084,6.875667544731939e-06
380,oscillations_2_0.5_30,oscillations,2,-12.3,10.68,0.5,30,0.2704527796063451,-0.00019955209636275523
381,oscillations_2_0.5_31,oscillations,2,-12.3,10.68,0.5,31,0.2779888107975133,1.8254226632418525e-05
382,oscillations_2_0.5_32,oscillations,2,-12.3,10.68,0.5,32,0.27346377397111654,-0.00013763748738717635
383,oscillations_2_0.5_33,oscillations,2,-12.3,10.68,0.5,33,0.27645525610660426,0.0002716082371492152
384,oscillations_2_0.5_34,oscillations,2,-12.3,10.68,0.5,34,0.27058118295741146,0.0003734926344745292
385,oscillations_2_0.5_35,oscillations,2,-12.3,10.68,0.5,35,0.2743678475500271,-0.00010715176267138689
386,oscillations_2_0.5_36,oscillations,2,-12.3,10.68,0.5,36,0.27635841825365004,0.00035564464612097515
387,oscillations_2_0.5_37,oscillations,2,-12.3,10.68,0.5,37,0.27696413181801827,0.0007034225975189973
388,oscillations_2_0.5_38,oscillations,2,-12.3,10.68,0.5,38,0.27521813714788906,0.00046959032760875266
389,oscillations_2_0.5_39,oscillations,2,-12.3,10.68,0.5,39,0.2728078640101229,0.0003311573556102172
390,oscillations_2_0.5_40,oscillations,2,-12.3,10.68,0.5,40,0.27187298898499257,0.0002110097369129119
391,oscillations_2_0.5_41,oscillations,2,-12.3,10.68,0.5,41,0.27888347704693145,0.0003231064550864681
392,oscillations_2_0.5_42,oscillations,2,-12.3,10.68,0.5,42,0.27286755247059263,0.00030897616592875536
393,oscillations_2_0.5_43,oscillations,2,-12.3,10.68,0.5,43,0.27516720913329046,-0.00014304560658998244
394,oscillations_2_0.5_44,oscillations,2,-12.3,10.68,0.5,44,0.26981217359726756,2.6954612480675633e-05
395,oscillations_2_0.5_45,oscillations,2,-12.3,10.68,0.5,45,0.2753057146444147,0.00025230142170126746
396,oscillations_2_0.5_46,oscillations,2,-12.3,10.68,0.5,46,0.2693079920222655,0.00012567293188507937
397,oscillations_2_0.5_47,oscillations,2,-12.3,10.68,0.5,47,0.26994650566050665,0.00011688061184294151
398,oscillations_2_0.5_48,oscillations,2,-12.3,10.68,0.5,48,0.2719238747691399,0.00027869585193889625
399,oscillations_2_0.5_49,oscillations,2,-12.3,10.68,0.5,49,0.2745431494433179,-0.0005593216607467024
400,oscillations_2_0.75_0,oscillations,2,-12.3,10.68,0.75,0,0.28501551549678034,4.68750513160886e-06
401,oscillations_2_0.75_1,oscillations,2,-12.3,10.68,0.75,1,0.2778141021170875,-7.264945753627874e-05
402,oscillations_2_0.75_2,oscillations,2,-12.3,10.68,0.75,2,0.2827199222234731,-0.0005898304378036349
403,oscillations_2_0.75_3,oscillations,2,-12.3,10.68,0.75,3,0.281262312126777,-8.249514310785399e-05
404,oscillations_2_0.75_4,oscillations,2,-12.3,10.68,0.75,4,0.2786462051857602,-0.0004300317313099507
405,oscillations_2_0.75_5,oscillations,2,-12.3,10.68,0.75,5,0.27325392524770703,-1.2121293499034146e-05
406,oscillations_2_0.75_6,oscillations,2,-12.3,10.68,0.75,6,0.2812216300790201,-0.00019187429034928002
407,oscillations_2_0.75_7,oscillations,2,-12.3,10.68,0.75,7,0.2759803979435672,-0.000100422158028315
408,oscillations_2_0.75_8,oscillations,2,-12.3,10.68,0.75,8,0.28504193388602345,0.00017843205338443757
409,oscillations_2_0.75_9,oscillations,2,-12.3,10.68,0.75,9,0.2803094850900376,-9.147936192500286e-05
410,oscillations_2_0.75_10,oscillations,2,-12.3,10.68,0.75,10,0.2764357087518729,0.00011130399950495114
411,oscillations_2_0.75_11,oscillations,2,-12.3,10.68,0.75,11,0.28343450421175304,-0.00020911022721748637
412,oscillations_2_0.75_12,oscillations,2,-12.3,10.68,0.75,12,0.2856353630731136,-0.0001240531758879753
413,oscillations_2_0.75_13,oscillations,2,-12.3,10.68,0.75,13,0.2774951419788037,0.00045496695582158926
414,oscillations_2_0.75_14,oscillations,2,-12.3,10.68,0.75,14,0.28190758468986016,-0.00024112313737257977
415,oscillations_2_0.75_15,oscillations,2,-12.3,10.68,0.75,15,0.28197410932026934,-0.00033692968630488567
416,oscillations_2_0.75_16,oscillations,2,-12.3,10.68,0.75,16,0.2818320162691235,-3.5184442088166057e-05
417,oscillations_2_0.75_17,oscillations,2,-12.3,10.68,0.75,17,0.2776892046276949,-7.58831276204782e-05
418,oscillations_2_0.75_18,oscillations,2,-12.3,10.68,0.75,18,0.27734782469490055,-0.00024656909612445955
419,oscillations_2_0.75_19,oscillations,2,-12.3,10.68,0.75,19,0.2804809390603284,-0.0004214774403989598
420,oscillations_2_0.75_20,oscillations,2,-12.3,10.68,0.75,20,0.2773437425948353,7.165036180534093e-05
421,oscillations_2_0.75_21,oscillations,2,-12.3,10.68,0.75,21,0.28227887279423886,2.7894998964158235e-05
422,oscillations_2_0.75_22,oscillations,2,-12.3,10.68,0.75,22,0.2775135154930716,2.2487398406177017e-05
423,oscillations_2_0.75_23,oscillations,2,-12.3,10.68,0.75,23,0.27622672297083883,0.00013754404619587007
424,oscillations_2_0.75_24,oscillations,2,-12.3,10.68,0.75,24,0.2809296001980972,-0.00014940166516753882
425,oscillations_2_0.75_25,oscillations,2,-12.3,10.68,0.75,25,0.28319028491917186,-6.284821317515203e-05
426,oscillations_2_0.75_26,oscillations,2,-12.3,10.68,0.75,26,0.2806272038276975,-0.0007330196677902628
427,oscillations_2_0.75_27,oscillations,2,-12.3,10.68,0.75,27,0.28803038204506015,0.0006283626808641488
428,oscillations_2_0.75_28,oscillations,2,-12.3,10.68,0.75,28,0.28227568039676415,0.0001369861801497685
429,oscillations_2_0.75_29,oscillations,2,-12.3,10.68,0.75,29,0.2851651995287268,0.00010080517852950357
430,oscillations_2_0.75_30,oscillations,2,-12.3,10.68,0.75,30,0.2877728582701731,-0.00045952619130105755
431,oscillations_2_0.75_31,oscillations,2,-12.3,10.68,0.75,31,0.2850447668975318,0.00020160818949765198
432,oscillations_2_0.75_32,oscillations,2,-12.3,10.68,0.75,32,0.28738207964644835,-0.00015195863089667783
433,oscillations_2_0.75_33,oscillations,2,-12.3,10.68,0.75,33,0.284094176655271,-0.00024313349514336352
434,oscillations_2_0.75_34,oscillations,2,-12.3,10.68,0.75,34,0.28240638622383263,0.0006458526475457919
435,oscillations_2_0.75_35,oscillations,2,-12.3,10.68,0.75,35,0.27617398062411563,4.1756890243340774e-05
436,oscillations_2_0.75_36,oscillations,2,-12.3,10.68,0.75,36,0.27984588553636747,-0.00042757389344299065
437,oscillations_2_0.75_37,oscillations,2,-12.3,10.68,0.75,37,0.2849049052457307,0.0003693990460018025
438,oscillations_2_0.75_38,oscillations,2,-12.3,10.68,0.75,38,0.27693630339992786,-0.00029588866407512633
439,oscillations_2_0.75_39,oscillations,2,-12.3,10.68,0.75,39,0.27887414982106384,-0.00023991181862076632
440,oscillations_2_0.75_40,oscillations,2,-12.3,10.68,0.75,40,0.27815371358865393,0.0003476867454088618
441,oscillations_2_0.75_41,oscillations,2,-12.3,10.68,0.75,41,0.2759127752886823,-0.0004634895705138983
442,oscillations_2_0.75_42,oscillations,2,-12.3,10.68,0.75,42,0.28375695664287964,0.0002125988097931617
443,oscillations_2_0.75_43,oscillations,2,-12.3,10.68,0.75,43,0.2785736441185513,-0.00037061484396499995
444,oscillations_2_0.75_44,oscillations,2,-12.3,10.68,0.75,44,0.2821420918361617,0.0005325359722615267
445,oscillations_2_0.75_45,oscillations,2,-12.3,10.68,0.75,45,0.27458513516020217,-0.00024295988538712424
446,oscillations_2_0.75_46,oscillations,2,-12.3,10.68,0.75,46,0.27561382161889275,0.0006873110668208747
447,oscillations_2_0.75_47,oscillations,2,-12.3,10.68,0.75,47,0.2828081824504294,-0.0005767460394143523
448,oscillations_2_0.75_48,oscillations,2,-12.3,10.68,0.75,48,0.2815793884372644,-4.92877563988554e-05
449,oscillations_2_0.75_49,oscillations,2,-12.3,10.68,0.75,49,0.27578824180515626,-0.0001858951403202892
450,oscillations_2_1_0,oscillations,2,,10.74,1.0,0,0.2899513958737269,2.411273556768794e-05
451,oscillations_2_1_1,oscillations,2,,10.74,1.0,1,0.29201018907601645,0.0007685495202221826
452,oscillations_2_1_2,oscillations,2,,10.74,1.0,2,0.2866587882624076,5.6560405008483e-05
453,oscillations_2_1_3,oscillations,2,,10.74,1.0,3,0.2912711292552955,0.00018010871416797354
454,oscillations_2_1_4,oscillations,2,,10.74,1.0,4,0.29005310234364234,3.2954257703018264e-05
455,oscillations_2_1_5,oscillations,2,,10.74,1.0,5,0.29653665104070515,4.1969897275667e-05
456,oscillations_2_1_6,oscillations,2,,10.74,1.0,6,0.29096439598790463,0.0006774816929537767
457,oscillations_2_1_7,oscillations,2,,10.74,1.0,7,0.2929704424837324,0.0004974926679299742
458,oscillations_2_1_8,oscillations,2,,10.74,1.0,8,0.290260407896288,0.0007802895234063273
459,oscillations_2_1_9,oscillations,2,,10.74,1.0,9,0.2850954334379871,-8.727620669114358e-05
460,oscillations_2_1_10,oscillations,2,,10.74,1.0,10,0.2941505199614753,0.000555937607982238
461,oscillations_2_1_11,oscillations,2,,10.74,1.0,11,0.28818799688691416,0.0004669794021603986
462,oscillations_2_1_12,oscillations,2,,10.74,1.0,12,0.2888182857284433,-0.00016960995890114987
463,oscillations_2_1_13,oscillations,2,,10.74,1.0,13,0.28566920753288877,-0.0003519889950076995
464,oscillations_2_1_14,oscillations,2,,10.74,1.0,14,0.285611666098015,0.0004706188666793687
465,oscillations_2_1_15,oscillations,2,,10.74,1.0,15,0.29358350942712297,0.0001679487082381615
466,oscillations_2_1_16,oscillations,2,,10.74,1.0,16,0.2823569378741242,-0.0001136882360618714
467,oscillations_2_1_17,oscillations,2,,10.74,1.0,17,0.2869934851033233,0.0003330851076689381
468,oscillations_2_1_18,oscillations,2,,10.74,1.0,18,0.2889678039032581,8.226906224202094e-05
469,oscillations_2_1_19,oscillations,2,,10.74,1.0,19,0.2839043787038943,-8.127686103288883e-05
470,oscillations_2_1_20,oscillations,2,,10.74,1.0,20,0.2880349568313668,0.00018029218126051758
471,oscillations_2_1_21,oscillations,2,,10.74,1.0,21,0.2862550434907922,0.0004666555749326653
472,oscillations_2_1_22,oscillations,2,,10.74,1.0,22,0.2860437364565073,0.00039225255533846835
473,oscillations_2_1_23,oscillations,2,,10.74,1.0,23,0.2848874738466027,0.0002531510433904217
474,oscillations_2_1_24,oscillations,2,,10.74,1.0,24,0.2837568490241062,5.1076674476355955e-05
475,oscillations_2_1_25,oscillations,2,,10.74,1.0,25,0.29074276278904576,-0.0007451872912977592
476,oscillations_2_1_26,oscillations,2,,10.74,1.0,26,0.28731047873711213,-0.0004766939413620289
477,oscillations_2_1_27,oscillations,2,,10.74,1.0,27,0.28573845237935974,0.00011582349148954608
478,oscillations_2_1_28,oscillations,2,,10.74,1.0,28,0.28848778242094913,9.192858484569988e-05
479,oscillations_2_1_29,oscillations,2,,10.74,1.0,29,0.28345207958227536,0.00024042354815868413
480,oscillations_2_1_30,oscillations,2,,10.74,1.0,30,0.2950758022717169,0.00010233649566975465
481,oscillations_2_1_31,oscillations,2,,10.74,1.0,31,0.2859898322259374,0.0006676210644125159
482,oscillations_2_1_32,oscillations,2,,10.74,1.0,32,0.28493570906949606,-7.919319998258167e-05
483,oscillations_2_1_33,oscillations,2,,10.74,1.0,33,0.28786364981034895,4.106083188019467e-05
484,oscillations_2_1_34,oscillations,2,,10.74,1.0,34,0.29217441142430733,0.0001286910505474479
485,oscillations_2_1_35,oscillations,2,,10.74,1.0,35,0.29773908944244787,-0.00034960946732269147
486,oscillations_2_1_36,oscillations,2,,10.74,1.0,36,0.289047905811021,0.0006393520628946739
487,oscillations_2_1_37,oscillations,2,,10.74,1.0,37,0.2906824869315115,-7.495814447539799e-05
488,oscillations_2_1_38,oscillations,2,,10.74,1.0,38,0.2879825456596346,0.0005554768252235138
489,oscillations_2_1_39,oscillations,2,,10.74,1.0,39,0.28866427248172394,0.0007313550275372593
490,oscillations_2_1_40,oscillations,2,,10.74,1.0,40,0.28522056061213447,0.00042988215341669783
491,oscillations_2_1_41,oscillations,2,,10.74,1.0,41,0.29040099842669287,0.00036305689983929645
492,oscillations_2_1_42,oscillations,2,,10.74,1.0,42,0.2882472488155035,0.0002982631591283715
493,oscillations_2_1_43,oscillations,2,,10.74,1.0,43,0.28887787246482893,-0.00018041950170675635
494,oscillations_2_1_44,oscillations,2,,10.74,1.0,44,0.2881188310424095,0.0005314182665556794
495,oscillations_2_1_45,oscillations,2,,10.74,1.0,45,0.28949546129551984,1.6688952130336965e-05
496,oscillations_2_1_46,oscillations,2,,10.74,1.0,46,0.28080472104535253,0.0004678535671509221
497,oscillations_2_1_47,oscillations,2,,10.74,1.0,47,0.28416424897755077,0.00036974695012626044
498,oscillations_2_1_48,oscillations,2,,10.74,1.0,48,0.28445414876129743,-0.0002029945736126929
499,oscillations_2_1_49,oscillations,2,,10.74,1.0,49,0.2993599857524253,-0.00012022072686598206
500,oscillations_3_0_0,oscillations,3,-17.0,8.65,0.0,0,0.2978758856534892,4.175511345499814e-05
501,oscillations_3_0_1,oscillations,3,-17.0,8.65,0.0,1,0.3021621733101246,0.00015206622067367905
502,oscillations_3_0_2,oscillations,3,-17.0,8.65,0.0,2,0.29324692713905404,-0.0001398592004970627
503,oscillations_3_0_3,oscillations,3,-17.0,8.65,0.0,3,0.2909960541533581,-5.487633827199403e-05
504,oscillations_3_0_4,oscillations,3,-17.0,8.65,0.0,4,0.296313261469887,0.0001956149559712836
505,oscillations_3_0_5,oscillations,3,-17.0,8.65,0.0,5,0.2966941558709286,-9.474377024473624e-06
506,oscillations_3_0_6,oscillations,3,-17.0,8.65,0.0,6,0.2975552488216452,-1.3207183719896332e-05
507,oscillations_3_0_7,oscillations,3,-17.0,8.65,0.0,7,0.29711684810161115,-0.00043460117505372933
508,oscillations_3_0_8,oscillations,3,-17.0,8.65,0.0,8,0.2948465482376537,-0.00014086870541481735
509,oscillations_3_0_9,oscillations,3,-17.0,8.65,0.0,9,0.2943080616120702,0.00016602780433161985
510,oscillations_3_0_10,oscillations,3,-17.0,8.65,0.0,10,0.29650331815661857,0.0001537981001891805
511,oscillations_3_0_11,oscillations,3,-17.0,8.65,0.0,11,0.29232339239103744,-0.00016578462232973834
512,oscillations_3_0_12,oscillations,3,-17.0,8.65,0.0,12,0.30098544158097845,0.0002677477048824878
513,oscillations_3_0_13,oscillations,3,-17.0,8.65,0.0,13,0.2975702585367105,-3.4003751373131e-05
514,oscillations_3_0_14,oscillations,3,-17.0,8.65,0.0,14,0.2967752052473148,-0.0002292200813849874
515,oscillations_3_0_15,oscillations,3,-17.0,8.65,0.0,15,0.29532585655662247,-0.00021488063595679455
516,oscillations_3_0_16,oscillations,3,-17.0,8.65,0.0,16,0.2980339251040461,-0.0002399898303050187
517,oscillations_3_0_17,oscillations,3,-17.0,8.65,0.0,17,0.29050074813038324,-1.706863931087726e-05
518,oscillations_3_0_18,oscillations,3,-17.0,8.65,0.0,18,0.30484466338015254,1.2524942988949573e-05
519,oscillations_3_0_19,oscillations,3,-17.0,8.65,0.0,19,0.301379343317298,-7.439128680746321e-05
520,oscillations_3_0_20,oscillations,3,-17.0,8.65,0.0,20,0.29512858417279425,-7.005620131498649e-05
521,oscillations_3_0_21,oscillations,3,-17.0,8.65,0.0,21,0.29451832328230265,5.6214481333152346e-05
522,oscillations_3_0_22,oscillations,3,-17.0,8.65,0.0,22,0.29415890598511046,-0.00010547240738383326
523,oscillations_3_0_23,oscillations,3,-17.0,8.65,0.0,23,0.2911349451958576,4.080004651854935e-05
524,oscillations_3_0_24,oscillations,3,-17.0,8.65,0.0,24,0.28977646997187917,-0.00023853136653927015
525,oscillations_3_0_25,oscillations,3,-17.0,8.65,0.0,25,0.29132614366749315,8.174410882492286e-05
526,oscillations_3_0_26,oscillations,3,-17.0,8.65,0.0,26,0.2978462881276945,-0.0001500892097288428
527,oscillations_3_0_27,oscillations,3,-17.0,8.65,0.0,27,0.29132201712302686,-5.6011292867940534e-05
528,oscillations_3_0_28,oscillations,3,-17.0,8.65,0.0,28,0.300066210038023,-9.12597928758616e-05
529,oscillations_3_0_29,oscillations,3,-17.0,8.65,0.0,29,0.2917919690830223,-0.00037151935950643786
530,oscillations_3_0_30,oscillations,3,-17.0,8.65,0.0,30,0.295971941333646,5.626557385313956e-05
531,oscillations_3_0_31,oscillations,3,-17.0,8.65,0.0,31,0.3159724633881916,0.00012902060828624565
532,oscillations_3_0_32,oscillations,3,-17.0,8.65,0.0,32,0.2965333150762238,3.6446882639155743e-06
533,oscillations_3_0_33,oscillations,3,-17.0,8.65,0.0,33,0.3008280743597927,-7.266154279960984e-05
534,oscillations_3_0_34,oscillations,3,-17.0,8.65,0.0,34,0.29486629858961766,0.00010545492565221526
535,oscillations_3_0_35,oscillations,3,-17.0,8.65,0.0,35,0.2973615900987272,6.467470484806686e-05
536,oscillations_3_0_36,oscillations,3,-17.0,8.65,0.0,36,0.2929643861567333,-3.3457763456239405e-05
537,oscillations_3_0_37,oscillations,3,-17.0,8.65,0.0,37,0.30055892715496496,-0.00011729648754756997
538,oscillations_3_0_38,oscillations,3,-17.0,8.65,0.0,38,0.2925608871521037,0.00010983595353295143
539,oscillations_3_0_39,oscillations,3,-17.0,8.65,0.0,39,0.2957310406872853,6.255001306301904e-05
540,oscillations_3_0_40,oscillations,3,-17.0,8.65,0.0,40,0.29483831195465376,0.0001252908318322078
541,oscillations_3_0_41,oscillations,3,-17.0,8.65,0.0,41,0.30338463633913254,-0.00021995641180439253
542,oscillations_3_0_42,oscillations,3,-17.0,8.65,0.0,42,0.29373544824759873,4.840351786595727e-05
543,oscillations_3_0_43,oscillations,3,-17.0,8.65,0.0,43,0.2914629386447783,-0.00025332106215013306
544,oscillations_3_0_44,oscillations,3,-17.0,8.65,0.0,44,0.2930330071381782,5.730444147393855e-05
545,oscillations_3_0_45,oscillations,3,-17.0,8.65,0.0,45,0.29485144845245853,0.0001479468990812892
546,oscillations_3_0_46,oscillations,3,-17.0,8.65,0.0,46,0.2972845384871126,-7.033898884055534e-05
547,oscillations_3_0_47,oscillations,3,-17.0,8.65,0.0,47,0.2938606916836634,0.00011080679974198707
548,oscillations_3_0_48,oscillations,3,-17.0,8.65,0.0,48,0.29368542222424604,0.00010322508005693987
549,oscillations_3_0_49,oscillations,3,-17.0,8.65,0.0,49,0.2921480359712226,-0.00018349208304224322
550,oscillations_3_0.25_0,oscillations,3,-17.0,8.65,0.25,0,0.29589845429483963,0.00046854780982526136
551,oscillations_3_0.25_1,oscillations,3,-17.0,8.65,0.25,1,0.2954601500613929,0.00021677118293848247
552,oscillations_3_0.25_2,oscillations,3,-17.0,8.65,0.25,2,0.2913030433393144,-0.00011344138034864
553,oscillations_3_0.25_3,oscillations,3,-17.0,8.65,0.25,3,0.2896795363249465,0.0006183205020794456
554,oscillations_3_0.25_4,oscillations,3,-17.0,8.65,0.25,4,0.2972168456902517,-7.743820414921396e-05
555,oscillations_3_0.25_5,oscillations,3,-17.0,8.65,0.25,5,0.30014484531752694,-0.0001538092019202889
556,oscillations_3_0.25_6,oscillations,3,-17.0,8.65,0.25,6,0.29005760594842095,-0.00036266241103734254
557,oscillations_3_0.25_7,oscillations,3,-17.0,8.65,0.25,7,0.2866087333079922,-6.770724783623825e-05
558,oscillations_3_0.25_8,oscillations,3,-17.0,8.65,0.25,8,0.2838303968279416,4.04359885596457e-06
559,oscillations_3_0.25_9,oscillations,3,-17.0,8.65,0.25,9,0.2950623141494311,-0.00012856633385178374
560,oscillations_3_0.25_10,oscillations,3,-17.0,8.65,0.25,10,0.29199525251885594,-9.408394353445017e-05
561,oscillations_3_0.25_11,oscillations,3,-17.0,8.65,0.25,11,0.29532670381694986,-0.0003331603463113616
562,oscillations_3_0.25_12,oscillations,3,-17.0,8.65,0.25,12,0.2919696638531849,-0.00033484291509088275
563,oscillations_3_0.25_13,oscillations,3,-17.0,8.65,0.25,13,0.30006423987948044,0.00011277296588718833
564,oscillations_3_0.25_14,oscillations,3,-17.0,8.65,0.25,14,0.2929447064473913,-7.73221754348076e-05
565,oscillations_3_0.25_15,oscillations,3,-17.0,8.65,0.25,15,0.3001679202206188,-9.435312541127766e-05
566,oscillations_3_0.25_16,oscillations,3,-17.0,8.65,0.25,16,0.29412057339432396,0.00012012452544161467
567,oscillations_3_0.25_17,oscillations,3,-17.0,8.65,0.25,17,0.2992728068782708,5.806431389110745e-05
568,oscillations_3_0.25_18,oscillations,3,-17.0,8.65,0.25,18,0.2917179495684083,-0.00043315252938180946
569,oscillations_3_0.25_19,oscillations,3,-17.0,8.65,0.25,19,0.2937459959138367,0.00010228844901542866
570,oscillations_3_0.25_20,oscillations,3,-17.0,8.65,0.25,20,0.2902793844242274,0.00015507929774362885
571,oscillations_3_0.25_21,oscillations,3,-17.0,8.65,0.25,21,0.2943595745326491,0.00028672470375204294
572,oscillations_3_0.25_22,oscillations,3,-17.0,8.65,0.25,22,0.2925328548733601,0.0002136786395395198
573,oscillations_3_0.25_23,oscillations,3,-17.0,8.65,0.25,23,0.29137803777000676,-0.00016647720710553053
574,oscillations_3_0.25_24,oscillations,3,-17.0,8.65,0.25,24,0.2921067574085412,-0.00017929935511903772
575,oscillations_3_0.25_25,oscillations,3,-17.0,8.65,0.25,25,0.29975865883453656,0.00030334437251147267
576,oscillations_3_0.25_26,oscillations,3,-17.0,8.65,0.25,26,0.293610635413372,-0.000153985770879312
577,oscillations_3_0.25_27,oscillations,3,-17.0,8.65,0.25,27,0.29414588964026667,-0.0001373305187073497
578,oscillations_3_0.25_28,oscillations,3,-17.0,8.65,0.25,28,0.29381773831459146,-0.00010563116338533249
579,oscillations_3_0.25_29,oscillations,3,-17.0,8.65,0.25,29,0.2939443707265451,0.00010698886683545927
580,oscillations_3_0.25_30,oscillations,3,-17.0,8.65,0.25,30,0.2967572181546984,-3.766357769856719e-05
581,oscillations_3_0.25_31,oscillations,3,-17.0,8.65,0.25,31,0.30062412596246924,0.0005219114287506537
582,oscillations_3_0.25_32,oscillations,3,-17.0,8.65,0.25,32,0.2945739003726443,0.00024340459180192928
583,oscillations_3_0.25_33,oscillations,3,-17.0,8.65,0.25,33,0.2875469118438464,-0.0002672347926651882
584,oscillations_3_0.25_34,oscillations,3,-17.0,8.65,0.25,34,0.30332947811734234,-0.000253013399487237
585,oscillations_3_0.25_35,oscillations,3,-17.0,8.65,0.25,35,0.29777393468333585,-2.049985108796416e-05
586,oscillations_3_0.25_36,oscillations,3,-17.0,8.65,0.25,36,0.29629801169317194,-0.00028966449538908183
587,oscillations_3_0.25_37,oscillations,3,-17.0,8.65,0.25,37,0.2959320481817453,0.00012993058014513278
588,oscillations_3_0.25_38,oscillations,3,-17.0,8.65,0.25,38,0.29263758660941613,0.00030221608793348326
589,oscillations_3_0.25_39,oscillations,3,-17.0,8.65,0.25,39,0.29532345700544615,0.00011375164078685458
590,oscillations_3_0.25_40,oscillations,3,-17.0,8.65,0.25,40,0.29606854530763443,5.651270566359712e-05
591,oscillations_3_0.25_41,oscillations,3,-17.0,8.65,0.25,41,0.29460066562675163,0.00011211362935606553
592,oscillations_3_0.25_42,oscillations,3,-17.0,8.65,0.25,42,0.29965315853759583,0.000248074934449799
593,oscillations_3_0.25_43,oscillations,3,-17.0,8.65,0.25,43,0.2949499196064776,0.0001843947399486123
594,oscillations_3_0.25_44,oscillations,3,-17.0,8.65,0.25,44,0.2900803670714408,0.00031829208103344815
595,oscillations_3_0.25_45,oscillations,3,-17.0,8.65,0.25,45,0.29348283411590576,0.0001523777781485618
596,oscillations_3_0.25_46,oscillations,3,-17.0,8.65,0.25,46,0.2883371966707293,-0.00012767810816444186
597,oscillations_3_0.25_47,oscillations,3,-17.0,8.65,0.25,47,0.2937494157356859,-6.757471207013365e-05
598,oscillations_3_0.25_48,oscillations,3,-17.0,8.65,0.25,48,0.2871871172726183,5.85885786349954e-05
599,oscillations_3_0.25_49,oscillations,3,-17.0,8.65,0.25,49,0.2923985947372975,6.973566587481031e-05
600,oscillations_3_0.5_0,oscillations,3,-17.0,8.65,0.5,0,0.2933937384411633,0.0002013448316454964
601,oscillations_3_0.5_1,oscillations,3,-17.0,8.65,0.5,1,0.29735922641275947,-7.142146926696945e-05
602,oscillations_3_0.5_2,oscillations,3,-17.0,8.65,0.5,2,0.29367147630837115,-5.1638122837357356e-06
603,oscillations_3_0.5_3,oscillations,3,-17.0,8.65,0.5,3,0.29589746998583083,0.0002871383275689005
604,oscillations_3_0.5_4,oscillations,3,-17.0,8.65,0.5,4,0.29954108715628747,6.67240429535851e-05
605,oscillations_3_0.5_5,oscillations,3,-17.0,8.65,0.5,5,0.29147140583272835,7.27159878143666e-05
606,oscillations_3_0.5_6,oscillations,3,-17.0,8.65,0.5,6,0.2912111733881056,0.000569941597307953
607,oscillations_3_0.5_7,oscillations,3,-17.0,8.65,0.5,7,0.28956679107772104,-6.177766846769091e-05
608,oscillations_3_0.5_8,oscillations,3,-17.0,8.65,0.5,8,0.29084451636155734,-0.0004731113011660569
609,oscillations_3_0.5_9,oscillations,3,-17.0,8.65,0.5,9,0.2998503501738324,0.0003765046187364073
610,oscillations_3_0.5_10,oscillations,3,-17.0,8.65,0.5,10,0.29061694868688165,-0.0003687407830500856
611,oscillations_3_0.5_11,oscillations,3,-17.0,8.65,0.5,11,0.29295460172592586,-0.0001906072268475385
612,oscillations_3_0.5_12,oscillations,3,-17.0,8.65,0.5,12,0.29946715349718706,-0.0002535028123215474
613,oscillations_3_0.5_13,oscillations,3,-17.0,8.65,0.5,13,0.29739216006446567,-0.00010274238975826089
614,oscillations_3_0.5_14,oscillations,3,-17.0,8.65,0.5,14,0.2933860002596175,-0.00011794476619132852
615,oscillations_3_0.5_15,oscillations,3,-17.0,8.65,0.5,15,0.29320825786510785,1.5830540585141108e-07
616,oscillations_3_0.5_16,oscillations,3,-17.0,8.65,0.5,16,0.29047303209181174,-0.0001962098422134408
617,oscillations_3_0.5_17,oscillations,3,-17.0,8.65,0.5,17,0.2917977388229493,3.0199088912375838e-05
618,oscillations_3_0.5_18,oscillations,3,-17.0,8.65,0.5,18,0.29348594347256884,-0.00047750611686086646
619,oscillations_3_0.5_19,oscillations,3,-17.0,8.65,0.5,19,0.29081652116977197,0.00019025993741506088
620,oscillations_3_0.5_20,oscillations,3,-17.0,8.65,0.5,20,0.29708185447014274,0.0002503054579283553
621,oscillations_3_0.5_21,oscillations,3,-17.0,8.65,0.5,21,0.3010024520644989,0.00023542476729303418
622,oscillations_3_0.5_22,oscillations,3,-17.0,8.65,0.5,22,0.28439335590352594,0.0002980527119740371
623,oscillations_3_0.5_23,oscillations,3,-17.0,8.65,0.5,23,0.2916450186734574,-0.00013413690973796956
624,oscillations_3_0.5_24,oscillations,3,-17.0,8.65,0.5,24,0.2937348751181132,0.00011174686055096599
625,oscillations_3_0.5_25,oscillations,3,-17.0,8.65,0.5,25,0.2940323607240404,-5.7884796515008156e-05
626,oscillations_3_0.5_26,oscillations,3,-17.0,8.65,0.5,26,0.29755658346807956,-0.0001508503803960368
627,oscillations_3_0.5_27,oscillations,3,-17.0,8.65,0.5,27,0.30007845372526915,0.00045049670410775685
628,oscillations_3_0.5_28,oscillations,3,-17.0,8.65,0.5,28,0.28796479924644497,-9.313838802047095e-05
629,oscillations_3_0.5_29,oscillations,3,-17.0,8.65,0.5,29,0.2950369820647801,3.48170275018993e-05
630,oscillations_3_0.5_30,oscillations,3,-17.0,8.65,0.5,30,0.28446325056754096,9.34382745043041e-05
631,oscillations_3_0.5_31,oscillations,3,-17.0,8.65,0.5,31,0.298195578821773,9.335417814065356e-05
632,oscillations_3_0.5_32,oscillations,3,-17.0,8.65,0.5,32,0.2951900400724537,-0.0001894093796442892
633,oscillations_3_0.5_33,oscillations,3,-17.0,8.65,0.5,33,0.29611605340186486,-0.00026676427047078987
634,oscillations_3_0.5_34,oscillations,3,-17.0,8.65,0.5,34,0.2918477292063798,-1.5987143939874882e-06
635,oscillations_3_0.5_35,oscillations,3,-17.0,8.65,0.5,35,0.29379095567922164,0.00016345975816939635
636,oscillations_3_0.5_36,oscillations,3,-17.0,8.65,0.5,36,0.28941276905725294,0.00024014982557514654
637,oscillations_3_0.5_37,oscillations,3,-17.0,8.65,0.5,37,0.28828116440104784,0.00017091886490709705
638,oscillations_3_0.5_38,oscillations,3,-17.0,8.65,0.5,38,0.28736093461541173,-0.0002666461278342838
639,oscillations_3_0.5_39,oscillations,3,-17.0,8.65,0.5,39,0.2890887248289616,8.411874959008917e-05
640,oscillations_3_0.5_40,oscillations,3,-17.0,8.65,0.5,40,0.29152312345182224,-0.00015359645579133768
641,oscillations_3_0.5_41,oscillations,3,-17.0,8.65,0.5,41,0.2919008285771391,8.952718806571748e-05
642,oscillations_3_0.5_42,oscillations,3,-17.0,8.65,0.5,42,0.28703810976122973,-0.00010699092997615292
643,oscillations_3_0.5_43,oscillations,3,-17.0,8.65,0.5,43,0.2934204033995428,-0.0004977588876815509
644,oscillations_3_0.5_44,oscillations,3,-17.0,8.65,0.5,44,0.2935495997558336,0.0002732368322984061
645,oscillations_3_0.5_45,oscillations,3,-17.0,8.65,0.5,45,0.2935032804031623,-0.00016509056500916278
646,oscillations_3_0.5_46,oscillations,3,-17.0,8.65,0.5,46,0.30055860715636723,0.00021222588648928974
647,oscillations_3_0.5_47,oscillations,3,-17.0,8.65,0.5,47,0.295455454993537,0.00020738068143790248
648,oscillations_3_0.5_48,oscillations,3,-17.0,8.65,0.5,48,0.29557385613405435,-0.00014269178596693665
649,oscillations_3_0.5_49,oscillations,3,-17.0,8.65,0.5,49,0.2889542529488591,0.0005417708944253249
650,oscillations_3_0.75_0,oscillations,3,-17.0,8.65,0.75,0,0.29559298543412504,-0.0002664365891381049
651,oscillations_3_0.75_1,oscillations,3,-17.0,8.65,0.75,1,0.2899067565070214,0.0005365173215792639
652,oscillations_3_0.75_2,oscillations,3,-17.0,8.65,0.75,2,0.29034827190174256,-0.0002917240691728968
653,oscillations_3_0.75_3,oscillations,3,-17.0,8.65,0.75,3,0.2918288429105832,0.00041604555346877047
654,oscillations_3_0.75_4,oscillations,3,-17.0,8.65,0.75,4,0.2882564424423439,0.0001723542229061019
655,oscillations_3_0.75_5,oscillations,3,-17.0,8.65,0.75,5,0.29131245147308304,-0.000542099331832419
656,oscillations_3_0.75_6,oscillations,3,-17.0,8.65,0.75,6,0.2994611141130456,0.00041405180843146356
657,oscillations_3_0.75_7,oscillations,3,-17.0,8.65,0.75,7,0.29405078630978676,-0.00036785935741014657
658,oscillations_3_0.75_8,oscillations,3,-17.0,8.65,0.75,8,0.29171447698690545,-3.445461636802283e-06
659,oscillations_3_0.75_9,oscillations,3,-17.0,8.65,0.75,9,0.2953225994904441,-2.8215045930791448e-05
660,oscillations_3_0.75_10,oscillations,3,-17.0,8.65,0.75,10,0.28733064877517966,-0.00025088255257247824
661,oscillations_3_0.75_11,oscillations,3,-17.0,8.65,0.75,11,0.291603042467332,0.000583392406878332
662,oscillations_3_0.75_12,oscillations,3,-17.0,8.65,0.75,12,0.2889122669359126,6.618189439987332e-05
663,oscillations_3_0.75_13,oscillations,3,-17.0,8.65,0.75,13,0.2920659981645815,-2.6850711892537333e-05
664,oscillations_3_0.75_14,oscillations,3,-17.0,8.65,0.75,14,0.2855930345662422,0.000285178860839547
665,oscillations_3_0.75_15,oscillations,3,-17.0,8.65,0.75,15,0.2827603107128725,0.00023030246389895773
666,oscillations_3_0.75_16,oscillations,3,-17.0,8.65,0.75,16,0.29300880952574654,0.00024762245459819873
667,oscillations_3_0.75_17,oscillations,3,-17.0,8.65,0.75,17,0.2871319564631502,-3.694166277815825e-07
668,oscillations_3_0.75_18,oscillations,3,-17.0,8.65,0.75,18,0.28800667045779965,0.00035394620289096645
669,oscillations_3_0.75_19,oscillations,3,-17.0,8.65,0.75,19,0.28696750574317864,0.0001517550305039738
670,oscillations_3_0.75_20,oscillations,3,-17.0,8.65,0.75,20,0.2931564005352808,0.0005671528858015234
671,oscillations_3_0.75_21,oscillations,3,-17.0,8.65,0.75,21,0.2935778340770041,0.0004018561548743415
672,oscillations_3_0.75_22,oscillations,3,-17.0,8.65,0.75,22,0.29986563679115275,0.0002532750813002295
673,oscillations_3_0.75_23,oscillations,3,-17.0,8.65,0.75,23,0.29365981635678595,0.0003028836061235976
674,oscillations_3_0.75_24,oscillations,3,-17.0,8.65,0.75,24,0.29196014459414776,0.0003011981867170694
675,oscillations_3_0.75_25,oscillations,3,-17.0,8.65,0.75,25,0.29229128442142,-0.000321665150042428
676,oscillations_3_0.75_26,oscillations,3,-17.0,8.65,0.75,26,0.2868075105348063,-5.606618683981782e-05
677,oscillations_3_0.75_27,oscillations,3,-17.0,8.65,0.75,27,0.28876896552788694,-0.00014368213684942566
678,oscillations_3_0.75_28,oscillations,3,-17.0,8.65,0.75,28,0.2871715856295057,-0.00025521688911002904
679,oscillations_3_0.75_29,oscillations,3,-17.0,8.65,0.75,29,0.286538248500064,0.00015232305288844297
680,oscillations_3_0.75_30,oscillations,3,-17.0,8.65,0.75,30,0.2903734348183196,-0.00018715576768789765
681,oscillations_3_0.75_31,oscillations,3,-17.0,8.65,0.75,31,0.29212285259553755,0.000311447438801008
682,oscillations_3_0.75_32,oscillations,3,-17.0,8.65,0.75,32,0.2923541543352095,-0.00013396662047862306
683,oscillations_3_0.75_33,oscillations,3,-17.0,8.65,0.75,33,0.2912298409856148,0.0005526272893783487
684,oscillations_3_0.75_34,oscillations,3,-17.0,8.65,0.75,34,0.2918208461244311,8.390123427782832e-05
685,oscillations_3_0.75_35,oscillations,3,-17.0,8.65,0.75,35,0.29044323736723604,-0.0004311799857798306
686,oscillations_3_0.75_36,oscillations,3,-17.0,8.65,0.75,36,0.29478018244745924,0.0003173416025101129
687,oscillations_3_0.75_37,oscillations,3,-17.0,8.65,0.75,37,0.2956727571604669,-5.505569287244537e-05
688,oscillations_3_0.75_38,oscillations,3,-17.0,8.65,0.75,38,0.29528617426170156,0.00039134106716747364
689,oscillations_3_0.75_39,oscillations,3,-17.0,8.65,0.75,39,0.28640167206315126,-0.0004391284759148123
690,oscillations_3_0.75_40,oscillations,3,-17.0,8.65,0.75,40,0.2925107004622347,0.00022552278439231705
691,oscillations_3_0.75_41,oscillations,3,-17.0,8.65,0.75,41,0.2850617849719,-0.00010001417842680662
692,oscillations_3_0.75_42,oscillations,3,-17.0,8.65,0.75,42,0.29678874866713584,6.120917613594168e-06
693,oscillations_3_0.75_43,oscillations,3,-17.0,8.65,0.75,43,0.29373547907696523,-0.00010704559181553666
694,oscillations_3_0.75_44,oscillations,3,-17.0,8.65,0.75,44,0.28701263448314945,0.00011410599909169403
695,oscillations_3_0.75_45,oscillations,3,-17.0,8.65,0.75,45,0.289726223035321,7.963812177757516e-05
696,oscillations_3_0.75_46,oscillations,3,-17.0,8.65,0.75,46,0.29082274890000526,0.0006177841411809647
697,oscillations_3_0.75_47,oscillations,3,-17.0,8.65,0.75,47,0.29621962036031296,-8.238682332766765e-05
698,oscillations_3_0.75_48,oscillations,3,-17.0,8.65,0.75,48,0.29164225466048965,0.00033292986675566923
699,oscillations_3_0.75_49,oscillations,3,-17.0,8.65,0.75,49,0.2947093492732413,0.0002638348037796542
700,oscillations_3_1_0,oscillations,3,,10.74,1.0,0,0.2877123442601122,0.0001900533759614937
701,oscillations_3_1_1,oscillations,3,,10.74,1.0,1,0.29158312252068425,-0.00020970026634178654
702,oscillations_3_1_2,oscillations,3,,10.74,1.0,2,0.2851046616258122,0.00014764978624385338
703,oscillations_3_1_3,oscillations,3,,10.74,1.0,3,0.28516793976236454,-9.732016299852976e-05
704,oscillations_3_1_4,oscillations,3,,10.74,1.0,4,0.285037926394953,0.0006348502263082798
705,oscillations_3_1_5,oscillations,3,,10.74,1.0,5,0.28784458016851,0.00012700782704841703
706,oscillations_3_1_6,oscillations,3,,10.74,1.0,6,0.28807324917509436,0.0006830834976724374
707,oscillations_3_1_7,oscillations,3,,10.74,1.0,7,0.29078243245401486,-0.00024141615418753922
708,oscillations_3_1_8,oscillations,3,,10.74,1.0,8,0.2827277138874312,-0.00018456389631078555
709,oscillations_3_1_9,oscillations,3,,10.74,1.0,9,0.2859717464119191,4.34476283856467e-05
710,oscillations_3_1_10,oscillations,3,,10.74,1.0,10,0.2937753110585178,3.069469050745388e-05
711,oscillations_3_1_11,oscillations,3,,10.74,1.0,11,0.28858021106438936,0.00031335333730405913
712,oscillations_3_1_12,oscillations,3,,10.74,1.0,12,0.2882648267816334,0.000732155456472073
713,oscillations_3_1_13,oscillations,3,,10.74,1.0,13,0.2860020381853079,-6.130059395331069e-05
714,oscillations_3_1_14,oscillations,3,,10.74,1.0,14,0.28429780670823057,-0.00013721564216392256
715,oscillations_3_1_15,oscillations,3,,10.74,1.0,15,0.2867725125420306,0.00027463801642882137
716,oscillations_3_1_16,oscillations,3,,10.74,1.0,16,0.2800441174770664,-0.0002592587094909304
717,oscillations_3_1_17,oscillations,3,,10.74,1.0,17,0.29308884179805045,0.000615653812109051
718,oscillations_3_1_18,oscillations,3,,10.74,1.0,18,0.2888328556575746,-0.0003782769818885852
719,oscillations_3_1_19,oscillations,3,,10.74,1.0,19,0.28410114786133883,-1.8637919560495242e-05
720,oscillations_3_1_20,oscillations,3,,10.74,1.0,20,0.29219379719057453,-0.0002657692778952846
721,oscillations_3_1_21,oscillations,3,,10.74,1.0,21,0.28705686183936197,-8.017131409756573e-08
722,oscillations_3_1_22,oscillations,3,,10.74,1.0,22,0.2923743103936587,0.00023113085494672539
723,oscillations_3_1_23,oscillations,3,,10.74,1.0,23,0.28426978044624507,-0.00010603255718225295
724,oscillations_3_1_24,oscillations,3,,10.74,1.0,24,0.287595949802934,-0.000512831319772125
725,oscillations_3_1_25,oscillations,3,,10.74,1.0,25,0.28799992864130874,-0.0006672191293613032
726,oscillations_3_1_26,oscillations,3,,10.74,1.0,26,0.29438874200571913,0.0005624686313645808
727,oscillations_3_1_27,oscillations,3,,10.74,1.0,27,0.29400397321103205,0.00025645629904334137
728,oscillations_3_1_28,oscillations,3,,10.74,1.0,28,0.28712478867962504,0.0004559791580347122
729,oscillations_3_1_29,oscillations,3,,10.74,1.0,29,0.2850031136111136,-1.5392136286637887e-05
730,oscillations_3_1_30,oscillations,3,,10.74,1.0,30,0.28848861132943343,-0.00012503530770860424
731,oscillations_3_1_31,oscillations,3,,10.74,1.0,31,0.2952464827748561,9.051253632778766e-06
732,oscillations_3_1_32,oscillations,3,,10.74,1.0,32,0.28257791535396337,0.00032283523592274276
733,oscillations_3_1_33,oscillations,3,,10.74,1.0,33,0.28863010234236647,-0.00024711369097984564
734,oscillations_3_1_34,oscillations,3,,10.74,1.0,34,0.2862409501334948,-9.627190880562373e-05
735,oscillations_3_1_35,oscillations,3,,10.74,1.0,35,0.2872889401900739,-0.0002369188733150899
736,oscillations_3_1_36,oscillations,3,,10.74,1.0,36,0.28847153565061007,-5.9490513286330846e-05
737,oscillations_3_1_37,oscillations,3,,10.74,1.0,37,0.2866989458986967,-0.00041168021531811776
738,oscillations_3_1_38,oscillations,3,,10.74,1.0,38,0.2925709560737418,3.784707817333642e-05
739,oscillations_3_1_39,oscillations,3,,10.74,1.0,39,0.2869008019036939,0.0005313784314624503
740,oscillations_3_1_40,oscillations,3,,10.74,1.0,40,0.28993364131041927,-0.0002748881953620857
741,oscillations_3_1_41,oscillations,3,,10.74,1.0,41,0.2900462418932221,-2.348086444368036e-05
742,oscillations_3_1_42,oscillations,3,,10.74,1.0,42,0.28491157462751304,0.00024272184023287072
743,oscillations_3_1_43,oscillations,3,,10.74,1.0,43,0.28830583028898654,0.00039223642606621705
744,oscillations_3_1_44,oscillations,3,,10.74,1.0,44,0.2926500417889349,0.00011417552455532567
745,oscillations_3_1_45,oscillations,3,,10.74,1.0,45,0.291582911291192,-0.000284183992552252
746,oscillations_3_1_46,oscillations,3,,10.74,1.0,46,0.28581079728588626,0.0002558262519427021
747,oscillations_3_1_47,oscillations,3,,10.74,1.0,47,0.2868600926134423,0.00011574400696951193
748,oscillations_3_1_48,oscillations,3,,10.74,1.0,48,0.2891147252040279,-2.1361037536654548e-05
749,oscillations_3_1_49,oscillations,3,,10.74,1.0,49,0.287102670963241,6.919680163323377e-05
750,oscillations_4_0_0,oscillations,4,-22.0,7.18,0.0,0,0.323683425304036,-0.00010108159729454912
751,oscillations_4_0_1,oscillations,4,-22.0,7.18,0.0,1,0.3248530384804633,-9.360826244906995e-06
752,oscillations_4_0_2,oscillations,4,-22.0,7.18,0.0,2,0.32392314396996974,-0.00017182037378988017
753,oscillations_4_0_3,oscillations,4,-22.0,7.18,0.0,3,0.3196980581895844,6.5105662191284554e-06
754,oscillations_4_0_4,oscillations,4,-22.0,7.18,0.0,4,0.3265302657009875,-0.00010527522303344619
755,oscillations_4_0_5,oscillations,4,-22.0,7.18,0.0,5,0.31686621641611107,2.5861629891970274e-05
756,oscillations_4_0_6,oscillations,4,-22.0,7.18,0.0,6,0.32036462542135824,2.9987550812741927e-05
757,oscillations_4_0_7,oscillations,4,-22.0,7.18,0.0,7,0.3234226393385948,-9.554732881555799e-05
758,oscillations_4_0_8,oscillations,4,-22.0,7.18,0.0,8,0.3208452283835026,0.00013773585189794232
759,oscillations_4_0_9,oscillations,4,-22.0,7.18,0.0,9,0.3159442737174671,2.9215050478672455e-05
760,oscillations_4_0_10,oscillations,4,-22.0,7.18,0.0,10,0.32153294500589524,0.00016701031173835251
761,oscillations_4_0_11,oscillations,4,-22.0,7.18,0.0,11,0.32130883944335054,0.00010022265100347532
762,oscillations_4_0_12,oscillations,4,-22.0,7.18,0.0,12,0.32065578127769157,0.0001957351162005424
763,oscillations_4_0_13,oscillations,4,-22.0,7.18,0.0,13,0.323415804133203,-0.00016368465185134998
764,oscillations_4_0_14,oscillations,4,-22.0,7.18,0.0,14,0.3110245779571116,-0.0002780749135524522
765,oscillations_4_0_15,oscillations,4,-22.0,7.18,0.0,15,0.324236273531542,4.3453540962068725e-05
766,oscillations_4_0_16,oscillations,4,-22.0,7.18,0.0,16,0.32380012665165275,-0.00013741109535459706
767,oscillations_4_0_17,oscillations,4,-22.0,7.18,0.0,17,0.31542571659713126,5.396732939335525e-06
768,oscillations_4_0_18,oscillations,4,-22.0,7.18,0.0,18,0.32317947145215564,-0.00019563396878351637
769,oscillations_4_0_19,oscillations,4,-22.0,7.18,0.0,19,0.32114631666620325,1.2370451274086803e-05
770,oscillations_4_0_20,oscillations,4,-22.0,7.18,0.0,20,0.31854737448589293,-6.468183387699228e-05
771,oscillations_4_0_21,oscillations,4,-22.0,7.18,0.0,21,0.3177389619928608,-8.202898383191423e-05
772,oscillations_4_0_22,oscillations,4,-22.0,7.18,0.0,22,0.3205123867471147,-7.134578845043858e-05
773,oscillations_4_0_23,oscillations,4,-22.0,7.18,0.0,23,0.32166672726463885,-0.000260015101542459
774,oscillations_4_0_24,oscillations,4,-22.0,7.18,0.0,24,0.32237742195184266,0.00012010304356921078
775,oscillations_4_0_25,oscillations,4,-22.0,7.18,0.0,25,0.3253530456447346,9.073557788723725e-05
776,oscillations_4_0_26,oscillations,4,-22.0,7.18,0.0,26,0.32250982117893245,-3.682887421016556e-05
777,oscillations_4_0_27,oscillations,4,-22.0,7.18,0.0,27,0.3161562148596868,2.638182618237732e-05
778,oscillations_4_0_28,oscillations,4,-22.0,7.18,0.0,28,0.31501394523101894,-9.872088300908025e-05
779,oscillations_4_0_29,oscillations,4,-22.0,7.18,0.0,29,0.3173281429957467,-0.00011168562862677475
780,oscillations_4_0_30,oscillations,4,-22.0,7.18,0.0,30,0.32121600009359585,6.812401165914255e-05
781,oscillations_4_0_31,oscillations,4,-22.0,7.18,0.0,31,0.3203739697216789,-0.00015996438519564729
782,oscillations_4_0_32,oscillations,4,-22.0,7.18,0.0,32,0.32637395960284055,0.00015110002799628982
783,oscillations_4_0_33,oscillations,4,-22.0,7.18,0.0,33,0.3219991187378821,4.8554374594387386e-05
784,oscillations_4_0_34,oscillations,4,-22.0,7.18,0.0,34,0.3112837037522535,-8.920348737345174e-05
785,oscillations_4_0_35,oscillations,4,-22.0,7.18,0.0,35,0.32189300207503296,-7.591506721556305e-05
786,oscillations_4_0_36,oscillations,4,-22.0,7.18,0.0,36,0.31748334567346803,-0.00030980333983880124
787,oscillations_4_0_37,oscillations,4,-22.0,7.18,0.0,37,0.3175395461077142,0.00013944473935239576
788,oscillations_4_0_38,oscillations,4,-22.0,7.18,0.0,38,0.3169832335325555,-5.591016919722891e-05
789,oscillations_4_0_39,oscillations,4,-22.0,7.18,0.0,39,0.315311049333877,9.089419502379276e-05
790,oscillations_4_0_40,oscillations,4,-22.0,7.18,0.0,40,0.31582055502222284,0.00019582299004572738
791,oscillations_4_0_41,oscillations,4,-22.0,7.18,0.0,41,0.31664671377749687,8.95731770263294e-05
792,oscillations_4_0_42,oscillations,4,-22.0,7.18,0.0,42,0.324109513355105,3.518924577185479e-05
793,oscillations_4_0_43,oscillations,4,-22.0,7.18,0.0,43,0.32291299391588885,-0.0002089195908810459
794,oscillations_4_0_44,oscillations,4,-22.0,7.18,0.0,44,0.324338938349669,8.839246171393464e-05
795,oscillations_4_0_45,oscillations,4,-22.0,7.18,0.0,45,0.3205553569041597,4.134039456407267e-05
796,oscillations_4_0_46,oscillations,4,-22.0,7.18,0.0,46,0.3251718350563536,-6.292110075491548e-05
797,oscillations_4_0_47,oscillations,4,-22.0,7.18,0.0,47,0.3168368389491478,-7.742458610091596e-07
798,oscillations_4_0_48,oscillations,4,-22.0,7.18,0.0,48,0.3198948725799669,-0.0002518502861642155
799,oscillations_4_0_49,oscillations,4,-22.0,7.18,0.0,49,0.3178406585590139,-0.00015472220564557423
800,oscillations_4_0.25_0,oscillations,4,-22.0,7.18,0.25,0,0.31197535080738714,-5.757575322945673e-05
801,oscillations_4_0.25_1,oscillations,4,-22.0,7.18,0.25,1,0.3139463272056071,-9.251259981651476e-05
802,oscillations_4_0.25_2,oscillations,4,-22.0,7.18,0.25,2,0.30490471645695405,-0.000246261806904382
803,oscillations_4_0.25_3,oscillations,4,-22.0,7.18,0.25,3,0.3096059367488187,-1.5782409443056922e-05
804,oscillations_4_0.25_4,oscillations,4,-22.0,7.18,0.25,4,0.3043805904452657,4.1330874525334235e-05
805,oscillations_4_0.25_5,oscillations,4,-22.0,7.18,0.25,5,0.3131852044623776,8.193526609366825e-05
806,oscillations_4_0.25_6,oscillations,4,-22.0,7.18,0.25,6,0.3133995392338776,-3.801685258356772e-05
807,oscillations_4_0.25_7,oscillations,4,-22.0,7.18,0.25,7,0.31991064072499453,7.308532328171605e-05
808,oscillations_4_0.25_8,oscillations,4,-22.0,7.18,0.25,8,0.3104922625205109,-4.010314048577306e-05
809,oscillations_4_0.25_9,oscillations,4,-22.0,7.18,0.25,9,0.3130707011481776,-6.060526914565769e-05
810,oscillations_4_0.25_10,oscillations,4,-22.0,7.18,0.25,10,0.3055601023759676,-0.00023213647571689543
811,oscillations_4_0.25_11,oscillations,4,-22.0,7.18,0.25,11,0.3045458055468015,0.00032951098928996997
812,oscillations_4_0.25_12,oscillations,4,-22.0,7.18,0.25,12,0.31054110583727906,0.0001160211036487877
813,oscillations_4_0.25_13,oscillations,4,-22.0,7.18,0.25,13,0.3113423248559425,0.00011603645272542358
814,oscillations_4_0.25_14,oscillations,4,-22.0,7.18,0.25,14,0.32026454755334055,-0.00032804853779236153
815,oscillations_4_0.25_15,oscillations,4,-22.0,7.18,0.25,15,0.31572931683305155,0.00036704736269135466
816,oscillations_4_0.25_16,oscillations,4,-22.0,7.18,0.25,16,0.31356334860327234,-5.6270189066520525e-05
817,oscillations_4_0.25_17,oscillations,4,-22.0,7.18,0.25,17,0.31270750699881456,2.1086334722783983e-05
818,oscillations_4_0.25_18,oscillations,4,-22.0,7.18,0.25,18,0.31707355663953024,0.00019124097555630438
819,oscillations_4_0.25_19,oscillations,4,-22.0,7.18,0.25,19,0.3080191450787561,0.00036594091769154123
820,oscillations_4_0.25_20,oscillations,4,-22.0,7.18,0.25,20,0.31604414880006443,-0.00011021471263153507
821,oscillations_4_0.25_21,oscillations,4,-22.0,7.18,0.25,21,0.3138204175258187,-0.00020507418488920117
822,oscillations_4_0.25_22,oscillations,4,-22.0,7.18,0.25,22,0.3031987776804263,0.00040958664735357616
823,oscillations_4_0.25_23,oscillations,4,-22.0,7.18,0.25,23,0.31541473654015234,0.0003329447928361939
824,oscillations_4_0.25_24,oscillations,4,-22.0,7.18,0.25,24,0.3102964227073315,-0.00021280253103975148
825,oscillations_4_0.25_25,oscillations,4,-22.0,7.18,0.25,25,0.3114128982647197,5.328263217992171e-05
826,oscillations_4_0.25_26,oscillations,4,-22.0,7.18,0.25,26,0.31243406456661804,-0.000515803621722391
827,oscillations_4_0.25_27,oscillations,4,-22.0,7.18,0.25,27,0.3144390394894852,1.0025918306286174e-05
828,oscillations_4_0.25_28,oscillations,4,-22.0,7.18,0.25,28,0.3079401766407745,-0.00016805612133076638
829,oscillations_4_0.25_29,oscillations,4,-22.0,7.18,0.25,29,0.3076508034268098,-8.371477358238111e-05
830,oscillations_4_0.25_30,oscillations,4,-22.0,7.18,0.25,30,0.3072187326514033,0.000246821038378541
831,oscillations_4_0.25_31,oscillations,4,-22.0,7.18,0.25,31,0.3122687897861063,-0.00011617569517341448
832,oscillations_4_0.25_32,oscillations,4,-22.0,7.18,0.25,32,0.3156201132062983,9.863170489376856e-05
833,oscillations_4_0.25_33,oscillations,4,-22.0,7.18,0.25,33,0.312604158151562,-0.0003876888066903347
834,oscillations_4_0.25_34,oscillations,4,-22.0,7.18,0.25,34,0.3166447388756759,-0.000327679685596063
835,oscillations_4_0.25_35,oscillations,4,-22.0,7.18,0.25,35,0.30966893533583234,-0.00018268340757856673
836,oscillations_4_0.25_36,oscillations,4,-22.0,7.18,0.25,36,0.3145531822913543,-0.0003815693352338773
837,oscillations_4_0.25_37,oscillations,4,-22.0,7.18,0.25,37,0.3127575876331633,0.00035915298134507113
838,oscillations_4_0.25_38,oscillations,4,-22.0,7.18,0.25,38,0.3099293674458295,-0.00010159222687758729
839,oscillations_4_0.25_39,oscillations,4,-22.0,7.18,0.25,39,0.31271973677817644,-0.00019569712810318834
840,oscillations_4_0.25_40,oscillations,4,-22.0,7.18,0.25,40,0.31437798411036283,-0.00017800601742287489
841,oscillations_4_0.25_41,oscillations,4,-22.0,7.18,0.25,41,0.3112424882528805,0.0003194528893809456
842,oscillations_4_0.25_42,oscillations,4,-22.0,7.18,0.25,42,0.3135199543128851,0.00015370250440691966
843,oscillations_4_0.25_43,oscillations,4,-22.0,7.18,0.25,43,0.3072048400469479,-0.00012359646890507881
844,oscillations_4_0.25_44,oscillations,4,-22.0,7.18,0.25,44,0.3146308507319784,-0.00010607520847049425
845,oscillations_4_0.25_45,oscillations,4,-22.0,7.18,0.25,45,0.3073844316176581,-0.0003646659471818704
846,oscillations_4_0.25_46,oscillations,4,-22.0,7.18,0.25,46,0.31845719881137047,-0.0001386387903156895
847,oscillations_4_0.25_47,oscillations,4,-22.0,7.18,0.25,47,0.3046819616278507,-0.00011324126961858188
848,oscillations_4_0.25_48,oscillations,4,-22.0,7.18,0.25,48,0.3040597158048863,0.0002292050316465287
849,oscillations_4_0.25_49,oscillations,4,-22.0,7.18,0.25,49,0.3040098347417406,-0.00021295355471606715
850,oscillations_4_0.5_0,oscillations,4,-22.0,7.18,0.5,0,0.303218894233777,0.0002763043978904811
851,oscillations_4_0.5_1,oscillations,4,-22.0,7.18,0.5,1,0.3008897999151086,-0.00013763148667157816
852,oscillations_4_0.5_2,oscillations,4,-22.0,7.18,0.5,2,0.3052099849595174,0.00015404012445297831
853,oscillations_4_0.5_3,oscillations,4,-22.0,7.18,0.5,3,0.30211498911705525,3.8744821349831126e-05
854,oscillations_4_0.5_4,oscillations,4,-22.0,7.18,0.5,4,0.30686240198186593,-9.777858410777918e-06
855,oscillations_4_0.5_5,oscillations,4,-22.0,7.18,0.5,5,0.30063131015945055,-4.51041837313468e-05
856,oscillations_4_0.5_6,oscillations,4,-22.0,7.18,0.5,6,0.3104264736469795,0.0002298020699205815
857,oscillations_4_0.5_7,oscillations,4,-22.0,7.18,0.5,7,0.30885013978678505,-3.015605385073611e-05
858,oscillations_4_0.5_8,oscillations,4,-22.0,7.18,0.5,8,0.3102501080519637,0.00010026389058988676
859,oscillations_4_0.5_9,oscillations,4,-22.0,7.18,0.5,9,0.305656515903725,-5.500415981264757e-05
860,oscillations_4_0.5_10,oscillations,4,-22.0,7.18,0.5,10,0.30615190809433473,-0.00013640660241045927
861,oscillations_4_0.5_11,oscillations,4,-22.0,7.18,0.5,11,0.3084818766549051,-7.940972728242451e-05
862,oscillations_4_0.5_12,oscillations,4,-22.0,7.18,0.5,12,0.3028855646049819,-0.00011565220570226758
863,oscillations_4_0.5_13,oscillations,4,-22.0,7.18,0.5,13,0.30230266531247546,-0.00024197147680930713
864,oscillations_4_0.5_14,oscillations,4,-22.0,7.18,0.5,14,0.3044167513757108,-5.82353261423756e-05
865,oscillations_4_0.5_15,oscillations,4,-22.0,7.18,0.5,15,0.30881866475175795,-0.00011763110917443708
866,oscillations_4_0.5_16,oscillations,4,-22.0,7.18,0.5,16,0.30360269288765757,-0.00023715123614012414
867,oscillations_4_0.5_17,oscillations,4,-22.0,7.18,0.5,17,0.30059082689855715,-0.0008302645488743682
868,oscillations_4_0.5_18,oscillations,4,-22.0,7.18,0.5,18,0.3038845740998444,0.00013675042056344625
869,oscillations_4_0.5_19,oscillations,4,-22.0,7.18,0.5,19,0.30325973576435694,9.767895609264141e-05
870,oscillations_4_0.5_20,oscillations,4,-22.0,7.18,0.5,20,0.30402105587031086,-4.195113885231771e-06
871,oscillations_4_0.5_21,oscillations,4,-22.0,7.18,0.5,21,0.3068795284947531,-0.00010749238600927082
872,oscillations_4_0.5_22,oscillations,4,-22.0,7.18,0.5,22,0.30698794635136245,-2.4154593725751038e-05
873,oscillations_4_0.5_23,oscillations,4,-22.0,7.18,0.5,23,0.311884262818508,4.44615760735928e-05
874,oscillations_4_0.5_24,oscillations,4,-22.0,7.18,0.5,24,0.3062715946374444,9.181287091242729e-06
875,oscillations_4_0.5_25,oscillations,4,-22.0,7.18,0.5,25,0.3166900494953903,0.00018698400519950563
876,oscillations_4_0.5_26,oscillations,4,-22.0,7.18,0.5,26,0.30710367486607304,-0.0002488754938894436
877,oscillations_4_0.5_27,oscillations,4,-22.0,7.18,0.5,27,0.30435266798261895,0.0002408004245588134
878,oscillations_4_0.5_28,oscillations,4,-22.0,7.18,0.5,28,0.30473499697536094,0.0001543686392154039
879,oscillations_4_0.5_29,oscillations,4,-22.0,7.18,0.5,29,0.3022340200828064,-0.0001394076331130039
880,oscillations_4_0.5_30,oscillations,4,-22.0,7.18,0.5,30,0.3061302308323521,-0.0001755958815969169
881,oscillations_4_0.5_31,oscillations,4,-22.0,7.18,0.5,31,0.30046078785871705,-0.0002837182291341576
882,oscillations_4_0.5_32,oscillations,4,-22.0,7.18,0.5,32,0.30961516855926563,-0.000590217015355028
883,oscillations_4_0.5_33,oscillations,4,-22.0,7.18,0.5,33,0.3123748865354334,-1.6524769488578904e-05
884,oscillations_4_0.5_34,oscillations,4,-22.0,7.18,0.5,34,0.3055165823713153,0.0001942385130627372
885,oscillations_4_0.5_35,oscillations,4,-22.0,7.18,0.5,35,0.30107628602292846,-0.000545277049460315
886,oscillations_4_0.5_36,oscillations,4,-22.0,7.18,0.5,36,0.3021028158267809,-0.0003088211019852333
887,oscillations_4_0.5_37,oscillations,4,-22.0,7.18,0.5,37,0.30946445287824004,0.00026344883119523433
888,oscillations_4_0.5_38,oscillations,4,-22.0,7.18,0.5,38,0.29813278466069776,0.0003330646874099017
889,oscillations_4_0.5_39,oscillations,4,-22.0,7.18,0.5,39,0.3009166290327112,-0.0001366953607050369
890,oscillations_4_0.5_40,oscillations,4,-22.0,7.18,0.5,40,0.3110552984898621,-0.00022144803234441985
891,oscillations_4_0.5_41,oscillations,4,-22.0,7.18,0.5,41,0.30566600353320983,9.997010513688557e-05
892,oscillations_4_0.5_42,oscillations,4,-22.0,7.18,0.5,42,0.3091528029884008,-0.00010417993977690605
893,oscillations_4_0.5_43,oscillations,4,-22.0,7.18,0.5,43,0.3156595779377183,-0.00019738555361711554
894,oscillations_4_0.5_44,oscillations,4,-22.0,7.18,0.5,44,0.30831431466737347,0.00013297298496089648
895,oscillations_4_0.5_45,oscillations,4,-22.0,7.18,0.5,45,0.30614716255281027,7.533081908598493e-06
896,oscillations_4_0.5_46,oscillations,4,-22.0,7.18,0.5,46,0.3042173087826912,0.0007021409402761049
897,oscillations_4_0.5_47,oscillations,4,-22.0,7.18,0.5,47,0.3011073449476323,0.0002029805582606204
898,oscillations_4_0.5_48,oscillations,4,-22.0,7.18,0.5,48,0.306008115393894,0.00030018920328133455
899,oscillations_4_0.5_49,oscillations,4,-22.0,7.18,0.5,49,0.30437166666251353,7.185606062755061e-05
900,oscillations_4_0.75_0,oscillations,4,-22.0,7.18,0.75,0,0.3006613199101945,-1.3377103626046005e-05
901,oscillations_4_0.75_1,oscillations,4,-22.0,7.18,0.75,1,0.2993248862432221,-1.584133043561009e-06
902,oscillations_4_0.75_2,oscillations,4,-22.0,7.18,0.75,2,0.291326912820891,0.00036267395138274823
903,oscillations_4_0.75_3,oscillations,4,-22.0,7.18,0.75,3,0.29942029602814124,0.000278018587448897
904,oscillations_4_0.75_4,oscillations,4,-22.0,7.18,0.75,4,0.29080805053274145,0.00043488584347534467
905,oscillations_4_0.75_5,oscillations,4,-22.0,7.18,0.75,5,0.2959988762014927,-0.00023053760650430476
906,oscillations_4_0.75_6,oscillations,4,-22.0,7.18,0.75,6,0.2977302266268312,0.00024445900154925913
907,oscillations_4_0.75_7,oscillations,4,-22.0,7.18,0.75,7,0.2990054124690136,0.00042823653005181973
908,oscillations_4_0.75_8,oscillations,4,-22.0,7.18,0.75,8,0.30196230594947565,0.00028761124257005346
909,oscillations_4_0.75_9,oscillations,4,-22.0,7.18,0.75,9,0.2921324601256145,0.0005700256434117967
910,oscillations_4_0.75_10,oscillations,4,-22.0,7.18,0.75,10,0.28817655356033867,0.000162932760543746
911,oscillations_4_0.75_11,oscillations,4,-22.0,7.18,0.75,11,0.2961456097614358,0.0003306576846266148
912,oscillations_4_0.75_12,oscillations,4,-22.0,7.18,0.75,12,0.2940927391368263,0.00014407887271782505
913,oscillations_4_0.75_13,oscillations,4,-22.0,7.18,0.75,13,0.29445135389422794,0.00024997712686661375
914,oscillations_4_0.75_14,oscillations,4,-22.0,7.18,0.75,14,0.29709876699277177,0.0006483942505495286
915,oscillations_4_0.75_15,oscillations,4,-22.0,7.18,0.75,15,0.2936029358050835,8.655553396765536e-05
916,oscillations_4_0.75_16,oscillations,4,-22.0,7.18,0.75,16,0.29119310872034376,0.0001764085048332612
917,oscillations_4_0.75_17,oscillations,4,-22.0,7.18,0.75,17,0.29498518220681136,-3.163943286038356e-05
918,oscillations_4_0.75_18,oscillations,4,-22.0,7.18,0.75,18,0.2969461737117901,0.0004065230404420733
919,oscillations_4_0.75_19,oscillations,4,-22.0,7.18,0.75,19,0.30092765985072695,0.00015904744352914142
920,oscillations_4_0.75_20,oscillations,4,-22.0,7.18,0.75,20,0.2967068642490244,0.0002897947112421946
921,oscillations_4_0.75_21,oscillations,4,-22.0,7.18,0.75,21,0.3016860082694533,-0.00010875540690899101
922,oscillations_4_0.75_22,oscillations,4,-22.0,7.18,0.75,22,0.29954776216883094,0.0002700695187514102
923,oscillations_4_0.75_23,oscillations,4,-22.0,7.18,0.75,23,0.3006702885149981,-0.00020383899247290008
924,oscillations_4_0.75_24,oscillations,4,-22.0,7.18,0.75,24,0.29772468495800225,-0.0006313718071597275
925,oscillations_4_0.75_25,oscillations,4,-22.0,7.18,0.75,25,0.2926878623195209,-0.00014109197071567365
926,oscillations_4_0.75_26,oscillations,4,-22.0,7.18,0.75,26,0.30313945224460825,-1.2760010951864364e-05
927,oscillations_4_0.75_27,oscillations,4,-22.0,7.18,0.75,27,0.3003305618465676,0.0003425055138961439
928,oscillations_4_0.75_28,oscillations,4,-22.0,7.18,0.75,28,0.29096199770192516,-0.00013374475383312102
929,oscillations_4_0.75_29,oscillations,4,-22.0,7.18,0.75,29,0.29263724465781493,-0.00037851498183836483
930,oscillations_4_0.75_30,oscillations,4,-22.0,7.18,0.75,30,0.291225033341883,-7.315226585195919e-05
931,oscillations_4_0.75_31,oscillations,4,-22.0,7.18,0.75,31,0.2981849096322141,3.021622565212918e-05
932,oscillations_4_0.75_32,oscillations,4,-22.0,7.18,0.75,32,0.2952509526763585,0.0003102599894324454
933,oscillations_4_0.75_33,oscillations,4,-22.0,7.18,0.75,33,0.28673582987472307,0.00012681870696080398
934,oscillations_4_0.75_34,oscillations,4,-22.0,7.18,0.75,34,0.29535603519364184,0.00019501837480273774
935,oscillations_4_0.75_35,oscillations,4,-22.0,7.18,0.75,35,0.2946455570140999,-0.00044461543688898927
936,oscillations_4_0.75_36,oscillations,4,-22.0,7.18,0.75,36,0.29080997004576026,0.0004915424156093354
937,oscillations_4_0.75_37,oscillations,4,-22.0,7.18,0.75,37,0.29278051358613083,-0.00027308811950843684
938,oscillations_4_0.75_38,oscillations,4,-22.0,7.18,0.75,38,0.2959638633939312,-7.559019982517865e-05
939,oscillations_4_0.75_39,oscillations,4,-22.0,7.18,0.75,39,0.2991047573582761,0.0004591989371733097
940,oscillations_4_0.75_40,oscillations,4,-22.0,7.18,0.75,40,0.2939417210249472,0.00010726768733083336
941,oscillations_4_0.75_41,oscillations,4,-22.0,7.18,0.75,41,0.2961693063613679,5.6608203479184874e-05
942,oscillations_4_0.75_42,oscillations,4,-22.0,7.18,0.75,42,0.2948124396520601,0.0001860509619441912
943,oscillations_4_0.75_43,oscillations,4,-22.0,7.18,0.75,43,0.2948388868154019,0.00023666528161017978
944,oscillations_4_0.75_44,oscillations,4,-22.0,7.18,0.75,44,0.2930932115594342,-0.00031583838328462266
945,oscillations_4_0.75_45,oscillations,4,-22.0,7.18,0.75,45,0.30363811107027266,0.000276176888280506
946,oscillations_4_0.75_46,oscillations,4,-22.0,7.18,0.75,46,0.2954003790859675,-0.00034549104373285264
947,oscillations_4_0.75_47,oscillations,4,-22.0,7.18,0.75,47,0.2982251261993091,0.00033545726079557274
948,oscillations_4_0.75_48,oscillations,4,-22.0,7.18,0.75,48,0.2912409739127388,0.0003390748105204662
949,oscillations_4_0.75_49,oscillations,4,-22.0,7.18,0.75,49,0.2960129460052201,3.748757259241215e-05
950,oscillations_4_1_0,oscillations,4,,10.74,1.0,0,0.29186816025705664,0.0002141917124257974
951,oscillations_4_1_1,oscillations,4,,10.74,1.0,1,0.28935994950474486,-0.0004722486961603284
952,oscillations_4_1_2,oscillations,4,,10.74,1.0,2,0.29251102265583534,-3.7971175793113444e-05
953,oscillations_4_1_3,oscillations,4,,10.74,1.0,3,0.28623847477687375,-8.923930199148498e-05
954,oscillations_4_1_4,oscillations,4,,10.74,1.0,4,0.288530752598657,0.0002856085121219637
955,oscillations_4_1_5,oscillations,4,,10.74,1.0,5,0.29452431149007247,-0.0002245643426367356
956,oscillations_4_1_6,oscillations,4,,10.74,1.0,6,0.28801755405233936,0.00018338674356262454
957,oscillations_4_1_7,oscillations,4,,10.74,1.0,7,0.29005034414698083,-3.8396013915551176e-05
958,oscillations_4_1_8,oscillations,4,,10.74,1.0,8,0.2910806536147,9.857902411553951e-05
959,oscillations_4_1_9,oscillations,4,,10.74,1.0,9,0.29049364303720343,-9.712427269378619e-05
960,oscillations_4_1_10,oscillations,4,,10.74,1.0,10,0.29058224903382457,-6.84451010864402e-05
961,oscillations_4_1_11,oscillations,4,,10.74,1.0,11,0.2846569058077784,2.2305275425352007e-05
962,oscillations_4_1_12,oscillations,4,,10.74,1.0,12,0.2883910371212749,-4.0358086119695944e-05
963,oscillations_4_1_13,oscillations,4,,10.74,1.0,13,0.28269683188245615,0.00037888577512570844
964,oscillations_4_1_14,oscillations,4,,10.74,1.0,14,0.29185856091191703,0.0005581493739426233
965,oscillations_4_1_15,oscillations,4,,10.74,1.0,15,0.2870069685911514,-0.0001692892705019954
966,oscillations_4_1_16,oscillations,4,,10.74,1.0,16,0.29140252167329767,4.5677583609555136e-05
967,oscillations_4_1_17,oscillations,4,,10.74,1.0,17,0.2829138894307797,-0.00045990805419821593
968,oscillations_4_1_18,oscillations,4,,10.74,1.0,18,0.29174241473920587,0.00041738873552582165
969,oscillations_4_1_19,oscillations,4,,10.74,1.0,19,0.28173671039056913,0.0003923893409801384
970,oscillations_4_1_20,oscillations,4,,10.74,1.0,20,0.28955453134451237,0.00021964677553485963
971,oscillations_4_1_21,oscillations,4,,10.74,1.0,21,0.28806059143627066,0.0003573312045236675
972,oscillations_4_1_22,oscillations,4,,10.74,1.0,22,0.2875742179474213,-0.00013041066631677353
973,oscillations_4_1_23,oscillations,4,,10.74,1.0,23,0.2846331579934173,-0.00045633974864650844
974,oscillations_4_1_24,oscillations,4,,10.74,1.0,24,0.29273331738896025,0.0002668794386940287
975,oscillations_4_1_25,oscillations,4,,10.74,1.0,25,0.28718393863773767,-3.731741900597845e-05
976,oscillations_4_1_26,oscillations,4,,10.74,1.0,26,0.28862543837454363,1.3596374400128664e-05
977,oscillations_4_1_27,oscillations,4,,10.74,1.0,27,0.2864744728799118,-2.0357948946674286e-05
978,oscillations_4_1_28,oscillations,4,,10.74,1.0,28,0.2872719577442481,0.0006626690757680034
979,oscillations_4_1_29,oscillations,4,,10.74,1.0,29,0.2824415623438093,3.974181891453548e-05
980,oscillations_4_1_30,oscillations,4,,10.74,1.0,30,0.28525280778328693,0.00043257752842389916
981,oscillations_4_1_31,oscillations,4,,10.74,1.0,31,0.2848128697091923,9.115248228407712e-05
982,oscillations_4_1_32,oscillations,4,,10.74,1.0,32,0.29606375922071043,0.00022282699824597714
983,oscillations_4_1_33,oscillations,4,,10.74,1.0,33,0.2924931566146647,-0.00016697734006593481
984,oscillations_4_1_34,oscillations,4,,10.74,1.0,34,0.2865486822203672,0.000584247815076607
985,oscillations_4_1_35,oscillations,4,,10.74,1.0,35,0.28453750353797486,-4.490311857298166e-05
986,oscillations_4_1_36,oscillations,4,,10.74,1.0,36,0.2846004926420524,-0.00010985116998031428
987,oscillations_4_1_37,oscillations,4,,10.74,1.0,37,0.29616148433494566,-0.0005688356216223729
988,oscillations_4_1_38,oscillations,4,,10.74,1.0,38,0.2842218424661524,6.586671253598738e-05
989,oscillations_4_1_39,oscillations,4,,10.74,1.0,39,0.2867765731980638,0.00017292057258778528
990,oscillations_4_1_40,oscillations,4,,10.74,1.0,40,0.28723056387182394,0.00041525000990210164
991,oscillations_4_1_41,oscillations,4,,10.74,1.0,41,0.29403397043838764,-5.084363965561836e-05
992,oscillations_4_1_42,oscillations,4,,10.74,1.0,42,0.29267721742976877,0.0007483033401396204
993,oscillations_4_1_43,oscillations,4,,10.74,1.0,43,0.28770401110452837,-0.0002934991229628705
994,oscillations_4_1_44,oscillations,4,,10.74,1.0,44,0.2897018668888832,0.00023589785521971814
995,oscillations_4_1_45,oscillations,4,,10.74,1.0,45,0.28042606136439313,6.374271441293366e-05
996,oscillations_4_1_46,oscillations,4,,10.74,1.0,46,0.2844996255157328,0.00027077713310717934
997,oscillations_4_1_47,oscillations,4,,10.74,1.0,47,0.28703995506100044,0.0003197776225896014
998,oscillations_4_1_48,oscillations,4,,10.74,1.0,48,0.2853045127185399,-0.0003331990980127057
999,oscillations_4_1_49,oscillations,4,,10.74,1.0,49,0.2819749660402673,-0.0004656476047091627
1000,sequences_9_0_0,sequences,9,-8.5,14.44,0.0,0,0.1843703592738144,0.015329985792971288
1001,sequences_9_0_1,sequences,9,-8.5,14.44,0.0,1,0.18222976497383558,0.015440395998348637
1002,sequences_9_0_2,sequences,9,-8.5,14.44,0.0,2,0.17191011860959038,0.015533877714541828
1003,sequences_9_0_3,sequences,9,-8.5,14.44,0.0,3,0.1744789599433307,0.015533824233962509
1004,sequences_9_0_4,sequences,9,-8.5,14.44,0.0,4,0.16483539231922323,0.015466421260355889
1005,sequences_9_0_5,sequences,9,-8.5,14.44,0.0,5,0.18753026777235077,0.015376106415830723
1006,sequences_9_0_6,sequences,9,-8.5,14.44,0.0,6,0.17457818976751943,0.015406669502617317
1007,sequences_9_0_7,sequences,9,-8.5,14.44,0.0,7,0.17586374523674142,0.015403443772532228
1008,sequences_9_0_8,sequences,9,-8.5,14.44,0.0,8,0.1868944528811659,0.015393299263944516
1009,sequences_9_0_9,sequences,9,-8.5,14.44,0.0,9,0.16599357554821179,0.015499773568814476
1010,sequences_9_0_10,sequences,9,-8.5,14.44,0.0,10,0.18151081040806294,0.015511874736952647
1011,sequences_9_0_11,sequences,9,-8.5,14.44,0.0,11,0.1807807661554555,0.015514798265759785
1012,sequences_9_0_12,sequences,9,-8.5,14.44,0.0,12,0.18248287888705778,0.015415162161674382
1013,sequences_9_0_13,sequences,9,-8.5,14.44,0.0,13,0.18744051605317066,0.015408500199431723
1014,sequences_9_0_14,sequences,9,-8.5,14.44,0.0,14,0.17796816288815817,0.015552130473011582
1015,sequences_9_0_15,sequences,9,-8.5,14.44,0.0,15,0.19128651596084204,0.015352257847067046
1016,sequences_9_0_16,sequences,9,-8.5,14.44,0.0,16,0.17240987056595178,0.015415128452297467
1017,sequences_9_0_17,sequences,9,-8.5,14.44,0.0,17,0.17598175899093307,0.015572365208189066
1018,sequences_9_0_18,sequences,9,-8.5,14.44,0.0,18,0.17761447441911712,0.015460613271059635
1019,sequences_9_0_19,sequences,9,-8.5,14.44,0.0,19,0.1800542680945742,0.015488291350199376
1020,sequences_9_0_20,sequences,9,-8.5,14.44,0.0,20,0.18855531582915064,0.015360969533302534
1021,sequences_9_0_21,sequences,9,-8.5,14.44,0.0,21,0.17177459474910084,0.015652502047950087
1022,sequences_9_0_22,sequences,9,-8.5,14.44,0.0,22,0.17847803149107555,0.01556724043237161
1023,sequences_9_0_23,sequences,9,-8.5,14.44,0.0,23,0.18340349621869376,0.015404911108786234
1024,sequences_9_0_24,sequences,9,-8.5,14.44,0.0,24,0.18468034438517625,0.015341964259210012
1025,sequences_9_0_25,sequences,9,-8.5,14.44,0.0,25,0.17174026193877628,0.015387603840181046
1026,sequences_9_0_26,sequences,9,-8.5,14.44,0.0,26,0.17984686876934558,0.015493134217662591
1027,sequences_9_0_27,sequences,9,-8.5,14.44,0.0,27,0.17685614573459282,0.015377234558204276
1028,sequences_9_0_28,sequences,9,-8.5,14.44,0.0,28,0.17632942273281624,0.015330997445931348
1029,sequences_9_0_29,sequences,9,-8.5,14.44,0.0,29,0.1740979472474095,0.015407107619849774
1030,sequences_9_0_30,sequences,9,-8.5,14.44,0.0,30,0.1777925551631307,0.015635358332775615
1031,sequences_9_0_31,sequences,9,-8.5,14.44,0.0,31,0.18410532878432573,0.015335567519656342
1032,sequences_9_0_32,sequences,9,-8.5,14.44,0.0,32,0.18601967338268446,0.015329434431175383
1033,sequences_9_0_33,sequences,9,-8.5,14.44,0.0,33,0.18017267734488285,0.015454257331378198
1034,sequences_9_0_34,sequences,9,-8.5,14.44,0.0,34,0.183709682510264,0.015422529171342673
1035,sequences_9_0_35,sequences,9,-8.5,14.44,0.0,35,0.17777205283320355,0.015323621041267808
1036,sequences_9_0_36,sequences,9,-8.5,14.44,0.0,36,0.18255344526110173,0.015502110605782212
1037,sequences_9_0_37,sequences,9,-8.5,14.44,0.0,37,0.18026842147498376,0.015250912193938416
1038,sequences_9_0_38,sequences,9,-8.5,14.44,0.0,38,0.17126912992894275,0.015622570301347815
1039,sequences_9_0_39,sequences,9,-8.5,14.44,0.0,39,0.18518758255487983,0.01549709896250503
1040,sequences_9_0_40,sequences,9,-8.5,14.44,0.0,40,0.18402036746801576,0.015415974630844426
1041,sequences_9_0_41,sequences,9,-8.5,14.44,0.0,41,0.1852272265916261,0.015427361330899897
1042,sequences_9_0_42,sequences,9,-8.5,14.44,0.0,42,0.17316485077656615,0.015464822918339241
1043,sequences_9_0_43,sequences,9,-8.5,14.44,0.0,43,0.17187083084862986,0.015612995424294777
1044,sequences_9_0_44,sequences,9,-8.5,14.44,0.0,44,0.16489931901592905,0.015536829694164311
1045,sequences_9_0_45,sequences,9,-8.5,14.44,0.0,45,0.16867386843022045,0.015515891837599867
1046,sequences_9_0_46,sequences,9,-8.5,14.44,0.0,46,0.1791682691324924,0.015467419978042712
1047,sequences_9_0_47,sequences,9,-8.5,14.44,0.0,47,0.17706164827436924,0.015501864741656962
1048,sequences_9_0_48,sequences,9,-8.5,14.44,0.0,48,0.1818464690655561,0.015497310398185379
1049,sequences_9_0_49,sequences,9,-8.5,14.44,0.0,49,0.16938306117409704,0.015413590242890851
1050,sequences_9_0.25_0,sequences,9,-8.5,14.44,0.25,0,0.181342146525373,0.015850542734484954
1051,sequences_9_0.25_1,sequences,9,-8.5,14.44,0.25,1,0.18450147662608699,0.015924432859551495
1052,sequences_9_0.25_2,sequences,9,-8.5,14.44,0.25,2,0.18037604337542384,0.015729546114840585
1053,sequences_9_0.25_3,sequences,9,-8.5,14.44,0.25,3,0.1939276913057216,0.0154348573552653
1054,sequences_9_0.25_4,sequences,9,-8.5,14.44,0.25,4,0.1891918241100181,0.01553126122415502
1055,sequences_9_0.25_5,sequences,9,-8.5,14.44,0.25,5,0.180551740758454,0.016164418338247357
1056,sequences_9_0.25_6,sequences,9,-8.5,14.44,0.25,6,0.18883603350908093,0.01518432519529933
1057,sequences_9_0.25_7,sequences,9,-8.5,14.44,0.25,7,0.1853292057045493,0.015774117334668145
1058,sequences_9_0.25_8,sequences,9,-8.5,14.44,0.25,8,0.18750968972973114,0.015202393273413656
1059,sequences_9_0.25_9,sequences,9,-8.5,14.44,0.25,9,0.18300531253311997,0.01588684727566737
1060,sequences_9_0.25_10,sequences,9,-8.5,14.44,0.25,10,0.1807422440389506,0.016155840307395666
1061,sequences_9_0.25_11,sequences,9,-8.5,14.44,0.25,11,0.19264176755856366,0.015123458763673315
1062,sequences_9_0.25_12,sequences,9,-8.5,14.44,0.25,12,0.18811101714570758,0.015010906201485971
1063,sequences_9_0.25_13,sequences,9,-8.5,14.44,0.25,13,0.1920022957690965,0.015341094303456355
1064,sequences_9_0.25_14,sequences,9,-8.5,14.44,0.25,14,0.19239394500409884,0.015297264199602274
1065,sequences_9_0.25_15,sequences,9,-8.5,14.44,0.25,15,0.18601514651373555,0.015235640570317713
1066,sequences_9_0.25_16,sequences,9,-8.5,14.44,0.25,16,0.18189936346845192,0.015367896133373315
1067,sequences_9_0.25_17,sequences,9,-8.5,14.44,0.25,17,0.1864577826175007,0.016106742550353804
1068,sequences_9_0.25_18,sequences,9,-8.5,14.44,0.25,18,0.1848252422880695,0.01554414279636732
1069,sequences_9_0.25_19,sequences,9,-8.5,14.44,0.25,19,0.1851421346844207,0.015975921365614806
1070,sequences_9_0.25_20,sequences,9,-8.5,14.44,0.25,20,0.18640504598843488,0.015984258614288798
1071,sequences_9_0.25_21,sequences,9,-8.5,14.44,0.25,21,0.19103358231898562,0.01512804954582313
1072,sequences_9_0.25_22,sequences,9,-8.5,14.44,0.25,22,0.18822450709557545,0.015222446359476081
1073,sequences_9_0.25_23,sequences,9,-8.5,14.44,0.25,23,0.1857955915058881,0.016052415844059944
1074,sequences_9_0.25_24,sequences,9,-8.5,14.44,0.25,24,0.1908057017538986,0.015906144283127165
1075,sequences_9_0.25_25,sequences,9,-8.5,14.44,0.25,25,0.18693248530677717,0.015376832774668107
1076,sequences_9_0.25_26,sequences,9,-8.5,14.44,0.25,26,0.17675620507095177,0.016229514221222114
1077,sequences_9_0.25_27,sequences,9,-8.5,14.44,0.25,27,0.19658110702618756,0.01521903709013039
1078,sequences_9_0.25_28,sequences,9,-8.5,14.44,0.25,28,0.1858908179928626,0.015045148673563663
1079,sequences_9_0.25_29,sequences,9,-8.5,14.44,0.25,29,0.18590530631168214,0.015304467371865325
1080,sequences_9_0.25_30,sequences,9,-8.5,14.44,0.25,30,0.1918057716939992,0.015582853201798924
1081,sequences_9_0.25_31,sequences,9,-8.5,14.44,0.25,31,0.1865383204415932,0.015618933604374831
1082,sequences_9_0.25_32,sequences,9,-8.5,14.44,0.25,32,0.19171837713047551,0.01569871260951055
1083,sequences_9_0.25_33,sequences,9,-8.5,14.44,0.25,33,0.18361952600705844,0.015919743819033598
1084,sequences_9_0.25_34,sequences,9,-8.5,14.44,0.25,34,0.19293832414121231,0.014908685883689233
1085,sequences_9_0.25_35,sequences,9,-8.5,14.44,0.25,35,0.18041027450631986,0.01570524145938208
1086,sequences_9_0.25_36,sequences,9,-8.5,14.44,0.25,36,0.18645474127617162,0.015368165668689232
1087,sequences_9_0.25_37,sequences,9,-8.5,14.44,0.25,37,0.18769995225765035,0.015651078850770633
1088,sequences_9_0.25_38,sequences,9,-8.5,14.44,0.25,38,0.17855359790191302,0.015821803828986465
1089,sequences_9_0.25_39,sequences,9,-8.5,14.44,0.25,39,0.17769665827407197,0.016076645956402045
1090,sequences_9_0.25_40,sequences,9,-8.5,14.44,0.25,40,0.17955241864222093,0.016288280057316046
1091,sequences_9_0.25_41,sequences,9,-8.5,14.44,0.25,41,0.1813008224646645,0.01611779241814366
1092,sequences_9_0.25_42,sequences,9,-8.5,14.44,0.25,42,0.1848039339513222,0.015390584679907974
1093,sequences_9_0.25_43,sequences,9,-8.5,14.44,0.25,43,0.1887849700148597,0.015863913246065824
1094,sequences_9_0.25_44,sequences,9,-8.5,14.44,0.25,44,0.1957196021166593,0.01495904238792053
1095,sequences_9_0.25_45,sequences,9,-8.5,14.44,0.25,45,0.18132382837048086,0.015874886251510796
1096,sequences_9_0.25_46,sequences,9,-8.5,14.44,0.25,46,0.18652689917275445,0.015228950730651895
1097,sequences_9_0.25_47,sequences,9,-8.5,14.44,0.25,47,0.18245586297931654,0.01512233410830043
1098,sequences_9_0.25_48,sequences,9,-8.5,14.44,0.25,48,0.18381430414685745,0.015453222789953574
1099,sequences_9_0.25_49,sequences,9,-8.5,14.44,0.25,49,0.18677632418147894,0.015681441641112265
1100,sequences_9_0.5_0,sequences,9,-8.5,14.44,0.5,0,0.19574723085740525,0.0164071213680509
1101,sequences_9_0.5_1,sequences,9,-8.5,14.44,0.5,1,0.19275870770699863,0.015648955129679024
1102,sequences_9_0.5_2,sequences,9,-8.5,14.44,0.5,2,0.1887782343690976,0.016125573313988704
1103,sequences_9_0.5_3,sequences,9,-8.5,14.44,0.5,3,0.1911656538014506,0.016304299474570197
1104,sequences_9_0.5_4,sequences,9,-8.5,14.44,0.5,4,0.18950606648563809,0.01627451935883863
1105,sequences_9_0.5_5,sequences,9,-8.5,14.44,0.5,5,0.19545997871560536,0.016116429702372162
1106,sequences_9_0.5_6,sequences,9,-8.5,14.44,0.5,6,0.1988589066694077,0.015462996668215183
1107,sequences_9_0.5_7,sequences,9,-8.5,14.44,0.5,7,0.18725418441690406,0.0166988615511917
1108,sequences_9_0.5_8,sequences,9,-8.5,14.44,0.5,8,0.19473004477454556,0.015810704922449625
1109,sequences_9_0.5_9,sequences,9,-8.5,14.44,0.5,9,0.1927499060924129,0.01580893088000146
1110,sequences_9_0.5_10,sequences,9,-8.5,14.44,0.5,10,0.1955223376821244,0.015484740985292789
1111,sequences_9_0.5_11,sequences,9,-8.5,14.44,0.5,11,0.1930574630436579,0.016004746584159846
1112,sequences_9_0.5_12,sequences,9,-8.5,14.44,0.5,12,0.1917221863849281,0.016113558976155663
1113,sequences_9_0.5_13,sequences,9,-8.5,14.44,0.5,13,0.19173930462236705,0.015561911684033208
1114,sequences_9_0.5_14,sequences,9,-8.5,14.44,0.5,14,0.19718454908143973,0.015192726292190605
1115,sequences_9_0.5_15,sequences,9,-8.5,14.44,0.5,15,0.19158007887282585,0.01652076101417958
1116,sequences_9_0.5_16,sequences,9,-8.5,14.44,0.5,16,0.181617263831318,0.017073077990359724
1117,sequences_9_0.5_17,sequences,9,-8.5,14.44,0.5,17,0.18707683154375926,0.01573047595204271
1118,sequences_9_0.5_18,sequences,9,-8.5,14.44,0.5,18,0.1891731581297807,0.016125006446872106
1119,sequences_9_0.5_19,sequences,9,-8.5,14.44,0.5,19,0.1911959863299863,0.01616114224759236
1120,sequences_9_0.5_20,sequences,9,-8.5,14.44,0.5,20,0.19188422760431006,0.016134080355423033
1121,sequences_9_0.5_21,sequences,9,-8.5,14.44,0.5,21,0.19409887657869035,0.015764163409905642
1122,sequences_9_0.5_22,sequences,9,-8.5,14.44,0.5,22,0.1908679592858827,0.01582857340109821
1123,sequences_9_0.5_23,sequences,9,-8.5,14.44,0.5,23,0.19141467994924138,0.015904153794393982
1124,sequences_9_0.5_24,sequences,9,-8.5,14.44,0.5,24,0.18653342064794307,0.01636796169360003
1125,sequences_9_0.5_25,sequences,9,-8.5,14.44,0.5,25,0.18781601238817608,0.016832592498287943
1126,sequences_9_0.5_26,sequences,9,-8.5,14.44,0.5,26,0.19433746539230776,0.015878041416874863
1127,sequences_9_0.5_27,sequences,9,-8.5,14.44,0.5,27,0.19614027157604152,0.015742377513735775
1128,sequences_9_0.5_28,sequences,9,-8.5,14.44,0.5,28,0.1943461081389561,0.015283419734450092
1129,sequences_9_0.5_29,sequences,9,-8.5,14.44,0.5,29,0.19129184689913734,0.01612566581844245
1130,sequences_9_0.5_30,sequences,9,-8.5,14.44,0.5,30,0.19493452158275235,0.015508661371770356
1131,sequences_9_0.5_31,sequences,9,-8.5,14.44,0.5,31,0.19442463947356337,0.0157632481685029
1132,sequences_9_0.5_32,sequences,9,-8.5,14.44,0.5,32,0.19285319379058335,0.016677030858768403
1133,sequences_9_0.5_33,sequences,9,-8.5,14.44,0.5,33,0.1916183683889515,0.01643116656859496
1134,sequences_9_0.5_34,sequences,9,-8.5,14.44,0.5,34,0.19063502674735916,0.01571694294643458
1135,sequences_9_0.5_35,sequences,9,-8.5,14.44,0.5,35,0.18979780469034827,0.01607799004290269
1136,sequences_9_0.5_36,sequences,9,-8.5,14.44,0.5,36,0.19608714788879933,0.01591374324008571
1137,sequences_9_0.5_37,sequences,9,-8.5,14.44,0.5,37,0.19190595567340304,0.016495277410598017
1138,sequences_9_0.5_38,sequences,9,-8.5,14.44,0.5,38,0.18953503080054504,0.016900615037650658
1139,sequences_9_0.5_39,sequences,9,-8.5,14.44,0.5,39,0.1922827025393047,0.016061355527345982
1140,sequences_9_0.5_40,sequences,9,-8.5,14.44,0.5,40,0.18665842381726788,0.016497774146848953
1141,sequences_9_0.5_41,sequences,9,-8.5,14.44,0.5,41,0.19404541577756787,0.01561375894688467
1142,sequences_9_0.5_42,sequences,9,-8.5,14.44,0.5,42,0.1936433370499974,0.01573113330139593
1143,sequences_9_0.5_43,sequences,9,-8.5,14.44,0.5,43,0.19467620412895334,0.015475046686573077
1144,sequences_9_0.5_44,sequences,9,-8.5,14.44,0.5,44,0.19595594568289904,0.01510834677453372
1145,sequences_9_0.5_45,sequences,9,-8.5,14.44,0.5,45,0.19155947506160484,0.015671217586487426
1146,sequences_9_0.5_46,sequences,9,-8.5,14.44,0.5,46,0.19006849735772707,0.016376034848707845
1147,sequences_9_0.5_47,sequences,9,-8.5,14.44,0.5,47,0.19108542833468517,0.016098428450845793
1148,sequences_9_0.5_48,sequences,9,-8.5,14.44,0.5,48,0.18803132724256275,0.01685440724259397
1149,sequences_9_0.5_49,sequences,9,-8.5,14.44,0.5,49,0.1962908409288637,0.016119568169763756
1150,sequences_9_0.75_0,sequences,9,-8.5,14.44,0.75,0,0.1973400200058576,0.017041395310107683
1151,sequences_9_0.75_1,sequences,9,-8.5,14.44,0.75,1,0.19766648469869455,0.017232737546419925
1152,sequences_9_0.75_2,sequences,9,-8.5,14.44,0.75,2,0.1933955538140133,0.017383952670139997
1153,sequences_9_0.75_3,sequences,9,-8.5,14.44,0.75,3,0.19533822470344556,0.017653867736995343
1154,sequences_9_0.75_4,sequences,9,-8.5,14.44,0.75,4,0.19937407699699292,0.016789907176935657
1155,sequences_9_0.75_5,sequences,9,-8.5,14.44,0.75,5,0.1963919528925704,0.016556358478221
1156,sequences_9_0.75_6,sequences,9,-8.5,14.44,0.75,6,0.18856994322132065,0.018130678027846722
1157,sequences_9_0.75_7,sequences,9,-8.5,14.44,0.75,7,0.19449991018966573,0.018087709509530064
1158,sequences_9_0.75_8,sequences,9,-8.5,14.44,0.75,8,0.2012352253156353,0.016852506532763618
1159,sequences_9_0.75_9,sequences,9,-8.5,14.44,0.75,9,0.1899298109047099,0.017862143807964363
1160,sequences_9_0.75_10,sequences,9,-8.5,14.44,0.75,10,0.19987848152746293,0.017189756746719298
1161,sequences_9_0.75_11,sequences,9,-8.5,14.44,0.75,11,0.2036835829021819,0.017235618282272238
1162,sequences_9_0.75_12,sequences,9,-8.5,14.44,0.75,12,0.20058326696453885,0.017316528083249922
1163,sequences_9_0.75_13,sequences,9,-8.5,14.44,0.75,13,0.1986598470626426,0.016777248608547363
1164,sequences_9_0.75_14,sequences,9,-8.5,14.44,0.75,14,0.18963543777973507,0.018063057704233568
1165,sequences_9_0.75_15,sequences,9,-8.5,14.44,0.75,15,0.19268319531755462,0.017883635610301315
1166,sequences_9_0.75_16,sequences,9,-8.5,14.44,0.75,16,0.19402122962973933,0.017417104700118927
1167,sequences_9_0.75_17,sequences,9,-8.5,14.44,0.75,17,0.1881731623323836,0.019006388580610805
1168,sequences_9_0.75_18,sequences,9,-8.5,14.44,0.75,18,0.19302248210714948,0.017234079153674132
1169,sequences_9_0.75_19,sequences,9,-8.5,14.44,0.75,19,0.1945580581464153,0.017678851946432754
1170,sequences_9_0.75_20,sequences,9,-8.5,14.44,0.75,20,0.1873307282738508,0.018322831010437524
1171,sequences_9_0.75_21,sequences,9,-8.5,14.44,0.75,21,0.19239795568883478,0.017755628196091434
1172,sequences_9_0.75_22,sequences,9,-8.5,14.44,0.75,22,0.2029002532134279,0.017310702922480898
1173,sequences_9_0.75_23,sequences,9,-8.5,14.44,0.75,23,0.20019805497563936,0.016495297540776766
1174,sequences_9_0.75_24,sequences,9,-8.5,14.44,0.75,24,0.19873479018936524,0.01726012800741218
1175,sequences_9_0.75_25,sequences,9,-8.5,14.44,0.75,25,0.19895896347031264,0.016841410307596297
1176,sequences_9_0.75_26,sequences,9,-8.5,14.44,0.75,26,0.19204453576700686,0.01794749822009722
1177,sequences_9_0.75_27,sequences,9,-8.5,14.44,0.75,27,0.19641977278614076,0.01729058785385996
1178,sequences_9_0.75_28,sequences,9,-8.5,14.44,0.75,28,0.19412346761664856,0.01791464542836757
1179,sequences_9_0.75_29,sequences,9,-8.5,14.44,0.75,29,0.19217868859911275,0.018166250596563606
1180,sequences_9_0.75_30,sequences,9,-8.5,14.44,0.75,30,0.193637142851891,0.017534392141451586
1181,sequences_9_0.75_31,sequences,9,-8.5,14.44,0.75,31,0.20201623698059024,0.016301922238689467
1182,sequences_9_0.75_32,sequences,9,-8.5,14.44,0.75,32,0.19791595493352102,0.017342449983400673
1183,sequences_9_0.75_33,sequences,9,-8.5,14.44,0.75,33,0.19838828407396208,0.01754160814697844
1184,sequences_9_0.75_34,sequences,9,-8.5,14.44,0.75,34,0.1911666094022101,0.017796560224833516
1185,sequences_9_0.75_35,sequences,9,-8.5,14.44,0.75,35,0.19062644552374386,0.01731646967787567
1186,sequences_9_0.75_36,sequences,9,-8.5,14.44,0.75,36,0.19850077046835693,0.016585878145886097
1187,sequences_9_0.75_37,sequences,9,-8.5,14.44,0.75,37,0.1918504235470661,0.017394548458965303
1188,sequences_9_0.75_38,sequences,9,-8.5,14.44,0.75,38,0.20090377378877222,0.018206783898267093
1189,sequences_9_0.75_39,sequences,9,-8.5,14.44,0.75,39,0.20022575049905486,0.016387182699053426
1190,sequences_9_0.75_40,sequences,9,-8.5,14.44,0.75,40,0.18583915931562178,0.017984465110812815
1191,sequences_9_0.75_41,sequences,9,-8.5,14.44,0.75,41,0.20025308012489812,0.01735345394384854
1192,sequences_9_0.75_42,sequences,9,-8.5,14.44,0.75,42,0.1951502601777736,0.017571519840241294
1193,sequences_9_0.75_43,sequences,9,-8.5,14.44,0.75,43,0.19029607707463728,0.017740206006929125
1194,sequences_9_0.75_44,sequences,9,-8.5,14.44,0.75,44,0.19406790638234417,0.01732900594857636
1195,sequences_9_0.75_45,sequences,9,-8.5,14.44,0.75,45,0.19681730149159313,0.01732598703614703
1196,sequences_9_0.75_46,sequences,9,-8.5,14.44,0.75,46,0.1990302806480312,0.017257838003712153
1197,sequences_9_0.75_47,sequences,9,-8.5,14.44,0.75,47,0.1993329280847077,0.017066693494994546
1198,sequences_9_0.75_48,sequences,9,-8.5,14.44,0.75,48,0.19813712119687457,0.016913020917860705
1199,sequences_9_0.75_49,sequences,9,-8.5,14.44,0.75,49,0.1929625789347796,0.017201524733973805
1200,sequences_9_1_0,sequences,9,,10.74,1.0,0,0.20124631101947768,0.022050587800006422
1201,sequences_9_1_1,sequences,9,,10.74,1.0,1,0.1989574039652947,0.0221059831887595
1202,sequences_9_1_2,sequences,9,,10.74,1.0,2,0.2058444916371248,0.021914281852662098
1203,sequences_9_1_3,sequences,9,,10.74,1.0,3,0.2066533134823884,0.021925732596508197
1204,sequences_9_1_4,sequences,9,,10.74,1.0,4,0.20281250986703053,0.02214806698015142
1205,sequences_9_1_5,sequences,9,,10.74,1.0,5,0.20514585195029203,0.022019810390395606
1206,sequences_9_1_6,sequences,9,,10.74,1.0,6,0.20779885493277042,0.021197330193037187
1207,sequences_9_1_7,sequences,9,,10.74,1.0,7,0.21014833115476744,0.021930976932958764
1208,sequences_9_1_8,sequences,9,,10.74,1.0,8,0.209384718418418,0.021804775777145714
1209,sequences_9_1_9,sequences,9,,10.74,1.0,9,0.2126134447959636,0.02175316896473335
1210,sequences_9_1_10,sequences,9,,10.74,1.0,10,0.20101164405163985,0.02211330343507801
1211,sequences_9_1_11,sequences,9,,10.74,1.0,11,0.2119849429954691,0.021670994036499837
1212,sequences_9_1_12,sequences,9,,10.74,1.0,12,0.2107979309668333,0.021338752316665505
1213,sequences_9_1_13,sequences,9,,10.74,1.0,13,0.21530916901893907,0.02145154707050602
1214,sequences_9_1_14,sequences,9,,10.74,1.0,14,0.20403984116083984,0.021927997911654864
1215,sequences_9_1_15,sequences,9,,10.74,1.0,15,0.20105905169043087,0.021996351582377265
1216,sequences_9_1_16,sequences,9,,10.74,1.0,16,0.20904043794561553,0.021604923081533597
1217,sequences_9_1_17,sequences,9,,10.74,1.0,17,0.21389776997423135,0.02150397194011573
1218,sequences_9_1_18,sequences,9,,10.74,1.0,18,0.19045427613949625,0.02230900256527473
1219,sequences_9_1_19,sequences,9,,10.74,1.0,19,0.20486588668357456,0.022163474560150526
1220,sequences_9_1_20,sequences,9,,10.74,1.0,20,0.2063273984892404,0.02189845872697358
1221,sequences_9_1_21,sequences,9,,10.74,1.0,21,0.20286237772978138,0.02168440368417398
1222,sequences_9_1_22,sequences,9,,10.74,1.0,22,0.19848106009504757,0.02195568787967208
1223,sequences_9_1_23,sequences,9,,10.74,1.0,23,0.20015809875532106,0.02187895616518593
1224,sequences_9_1_24,sequences,9,,10.74,1.0,24,0.20739176187953656,0.022005258819124268
1225,sequences_9_1_25,sequences,9,,10.74,1.0,25,0.20401358299801348,0.02182311994672442
1226,sequences_9_1_26,sequences,9,,10.74,1.0,26,0.20841552047594358,0.021852136689755053
1227,sequences_9_1_27,sequences,9,,10.74,1.0,27,0.19859182741184045,0.022032760960852913
1228,sequences_9_1_28,sequences,9,,10.74,1.0,28,0.21939399200213802,0.021766194144424936
1229,sequences_9_1_29,sequences,9,,10.74,1.0,29,0.21181089786026328,0.021791603402819684
1230,sequences_9_1_30,sequences,9,,10.74,1.0,30,0.21136783257076538,0.021696532699293884
1231,sequences_9_1_31,sequences,9,,10.74,1.0,31,0.21228708859505793,0.02166015335124968
1232,sequences_9_1_32,sequences,9,,10.74,1.0,32,0.18649307752540614,0.022450086000580394
1233,sequences_9_1_33,sequences,9,,10.74,1.0,33,0.20638620301710098,0.021857223917278294
1234,sequences_9_1_34,sequences,9,,10.74,1.0,34,0.2078254870762946,0.02172433735353414
1235,sequences_9_1_35,sequences,9,,10.74,1.0,35,0.1935433185111347,0.02239190261254776
1236,sequences_9_1_36,sequences,9,,10.74,1.0,36,0.20419733751760452,0.021542209608432
1237,sequences_9_1_37,sequences,9,,10.74,1.0,37,0.2019316840687269,0.02202561657386481
1238,sequences_9_1_38,sequences,9,,10.74,1.0,38,0.1985950433591003,0.021754873029729265
1239,sequences_9_1_39,sequences,9,,10.74,1.0,39,0.2070495547685289,0.02151530336758708
1240,sequences_9_1_40,sequences,9,,10.74,1.0,40,0.1900612222923818,0.02228157232397425
1241,sequences_9_1_41,sequences,9,,10.74,1.0,41,0.20633972769360623,0.0218985134403854
1242,sequences_9_1_42,sequences,9,,10.74,1.0,42,0.19297382963037177,0.02239240831275501
1243,sequences_9_1_43,sequences,9,,10.74,1.0,43,0.21215651010863007,0.021304143477091895
1244,sequences_9_1_44,sequences,9,,10.74,1.0,44,0.21284828593002608,0.021502521456926445
1245,sequences_9_1_45,sequences,9,,10.74,1.0,45,0.19302738486278023,0.022095715880697996
1246,sequences_9_1_46,sequences,9,,10.74,1.0,46,0.21123421243944177,0.02176715385244345
1247,sequences_9_1_47,sequences,9,,10.74,1.0,47,0.2083186436149801,0.021764394105272648
1248,sequences_9_1_48,sequences,9,,10.74,1.0,48,0.20079882567749333,0.021973282098107207
1249,sequences_9_1_49,sequences,9,,10.74,1.0,49,0.20058273741763938,0.021636040869550385
1250,sequences_10_0_0,sequences,10,-12.3,10.68,0.0,0,0.20988073639636134,0.018000630741107686
1251,sequences_10_0_1,sequences,10,-12.3,10.68,0.0,1,0.21262515864829665,0.017896467174893415
1252,sequences_10_0_2,sequences,10,-12.3,10.68,0.0,2,0.20696359725731675,0.01783731394355195
1253,sequences_10_0_3,sequences,10,-12.3,10.68,0.0,3,0.20641937597235097,0.018059050464528922
1254,sequences_10_0_4,sequences,10,-12.3,10.68,0.0,4,0.20910496704573608,0.01803174617329953
1255,sequences_10_0_5,sequences,10,-12.3,10.68,0.0,5,0.21097522941703603,0.017980722150648217
1256,sequences_10_0_6,sequences,10,-12.3,10.68,0.0,6,0.21057497428521743,0.017839231784203977
1257,sequences_10_0_7,sequences,10,-12.3,10.68,0.0,7,0.2115212264602689,0.01801492772433805
1258,sequences_10_0_8,sequences,10,-12.3,10.68,0.0,8,0.21113948347164258,0.01787262013008599
1259,sequences_10_0_9,sequences,10,-12.3,10.68,0.0,9,0.21150516840984343,0.017966069455814814
1260,sequences_10_0_10,sequences,10,-12.3,10.68,0.0,10,0.209668706623019,0.01800883625917459
1261,sequences_10_0_11,sequences,10,-12.3,10.68,0.0,11,0.1976795195144277,0.01803411641061178
1262,sequences_10_0_12,sequences,10,-12.3,10.68,0.0,12,0.20749985854741285,0.017957596551848483
1263,sequences_10_0_13,sequences,10,-12.3,10.68,0.0,13,0.20660106714205925,0.018123164218575134
1264,sequences_10_0_14,sequences,10,-12.3,10.68,0.0,14,0.2055884685695614,0.018075245160250657
1265,sequences_10_0_15,sequences,10,-12.3,10.68,0.0,15,0.21147111076801525,0.018009111834128004
1266,sequences_10_0_16,sequences,10,-12.3,10.68,0.0,16,0.21452010244466294,0.017906210971274764
1267,sequences_10_0_17,sequences,10,-12.3,10.68,0.0,17,0.20024553665419426,0.018107756552161076
1268,sequences_10_0_18,sequences,10,-12.3,10.68,0.0,18,0.2074671581020297,0.018050258293593198
1269,sequences_10_0_19,sequences,10,-12.3,10.68,0.0,19,0.19802797268540054,0.018115311255073718
1270,sequences_10_0_20,sequences,10,-12.3,10.68,0.0,20,0.20281019811598008,0.018022483581198356
1271,sequences_10_0_21,sequences,10,-12.3,10.68,0.0,21,0.20374324599013838,0.01800257952674792
1272,sequences_10_0_22,sequences,10,-12.3,10.68,0.0,22,0.2125757428430609,0.017937768325600713
1273,sequences_10_0_23,sequences,10,-12.3,10.68,0.0,23,0.21547421982887888,0.018126813225295333
1274,sequences_10_0_24,sequences,10,-12.3,10.68,0.0,24,0.20809711707394282,0.017842407145669825
1275,sequences_10_0_25,sequences,10,-12.3,10.68,0.0,25,0.20590823980791398,0.01809790645903844
1276,sequences_10_0_26,sequences,10,-12.3,10.68,0.0,26,0.2220537698837889,0.017895959563973527
1277,sequences_10_0_27,sequences,10,-12.3,10.68,0.0,27,0.20882761048153292,0.017922340846652743
1278,sequences_10_0_28,sequences,10,-12.3,10.68,0.0,28,0.21703166377583819,0.017957624491551083
1279,sequences_10_0_29,sequences,10,-12.3,10.68,0.0,29,0.21060499863747945,0.01791691975646149
1280,sequences_10_0_30,sequences,10,-12.3,10.68,0.0,30,0.21080756008158238,0.01796824657426761
1281,sequences_10_0_31,sequences,10,-12.3,10.68,0.0,31,0.20088380114550403,0.0181093263719102
1282,sequences_10_0_32,sequences,10,-12.3,10.68,0.0,32,0.20507352665909628,0.017932192126275916
1283,sequences_10_0_33,sequences,10,-12.3,10.68,0.0,33,0.21693060518505794,0.0178403000818014
1284,sequences_10_0_34,sequences,10,-12.3,10.68,0.0,34,0.21039480144627737,0.01785058756353576
1285,sequences_10_0_35,sequences,10,-12.3,10.68,0.0,35,0.20944076582122478,0.017990157574992185
1286,sequences_10_0_36,sequences,10,-12.3,10.68,0.0,36,0.20479022748632408,0.017861914760044464
1287,sequences_10_0_37,sequences,10,-12.3,10.68,0.0,37,0.21382172091434573,0.017865628133490304
1288,sequences_10_0_38,sequences,10,-12.3,10.68,0.0,38,0.21317821420231087,0.017958748560128846
1289,sequences_10_0_39,sequences,10,-12.3,10.68,0.0,39,0.20727423225297759,0.017827544285899718
1290,sequences_10_0_40,sequences,10,-12.3,10.68,0.0,40,0.21872092652110994,0.017854609241955224
1291,sequences_10_0_41,sequences,10,-12.3,10.68,0.0,41,0.20416064258817893,0.017967969703196883
1292,sequences_10_0_42,sequences,10,-12.3,10.68,0.0,42,0.2103842570053048,0.01799901239560452
1293,sequences_10_0_43,sequences,10,-12.3,10.68,0.0,43,0.21400203610330354,0.017989487399457493
1294,sequences_10_0_44,sequences,10,-12.3,10.68,0.0,44,0.20416744367553982,0.017838028237989384
1295,sequences_10_0_45,sequences,10,-12.3,10.68,0.0,45,0.2128811901929582,0.017963935942741233
1296,sequences_10_0_46,sequences,10,-12.3,10.68,0.0,46,0.20394198772084318,0.018167270371452077
1297,sequences_10_0_47,sequences,10,-12.3,10.68,0.0,47,0.20675988625381303,0.01785662724921902
1298,sequences_10_0_48,sequences,10,-12.3,10.68,0.0,48,0.21158547546753192,0.017877960127002247
1299,sequences_10_0_49,sequences,10,-12.3,10.68,0.0,49,0.1992134655840943,0.018172358801893544
1300,sequences_10_0.25_0,sequences,10,-12.3,10.68,0.25,0,0.2005780034882796,0.018509325889839248
1301,sequences_10_0.25_1,sequences,10,-12.3,10.68,0.25,1,0.20620494017670873,0.018169234060380787
1302,sequences_10_0.25_2,sequences,10,-12.3,10.68,0.25,2,0.20601008793535386,0.018139943720861418
1303,sequences_10_0.25_3,sequences,10,-12.3,10.68,0.25,3,0.1994752945631293,0.01826427706046551
1304,sequences_10_0.25_4,sequences,10,-12.3,10.68,0.25,4,0.20420987136875626,0.018216464797437205
1305,sequences_10_0.25_5,sequences,10,-12.3,10.68,0.25,5,0.200662080797972,0.018174630042554287
1306,sequences_10_0.25_6,sequences,10,-12.3,10.68,0.25,6,0.20136876442900264,0.018353473156535502
1307,sequences_10_0.25_7,sequences,10,-12.3,10.68,0.25,7,0.20847817809162306,0.018146266875705974
1308,sequences_10_0.25_8,sequences,10,-12.3,10.68,0.25,8,0.2113695481596446,0.018254096715302096
1309,sequences_10_0.25_9,sequences,10,-12.3,10.68,0.25,9,0.20083263582530772,0.0182757715840853
1310,sequences_10_0.25_10,sequences,10,-12.3,10.68,0.25,10,0.19877090431895958,0.018332121165546254
1311,sequences_10_0.25_11,sequences,10,-12.3,10.68,0.25,11,0.20378841406514467,0.018301072695721
1312,sequences_10_0.25_12,sequences,10,-12.3,10.68,0.25,12,0.20390210305183423,0.018009760433065635
1313,sequences_10_0.25_13,sequences,10,-12.3,10.68,0.25,13,0.21475108860319989,0.017911076719585882
1314,sequences_10_0.25_14,sequences,10,-12.3,10.68,0.25,14,0.1964906925308026,0.018366334092706865
1315,sequences_10_0.25_15,sequences,10,-12.3,10.68,0.25,15,0.20997302780978402,0.017907133030980498
1316,sequences_10_0.25_16,sequences,10,-12.3,10.68,0.25,16,0.19920666391395356,0.01804202020797123
1317,sequences_10_0.25_17,sequences,10,-12.3,10.68,0.25,17,0.20415304318874253,0.018332152319586445
1318,sequences_10_0.25_18,sequences,10,-12.3,10.68,0.25,18,0.20618023801491317,0.018103191757522074
1319,sequences_10_0.25_19,sequences,10,-12.3,10.68,0.25,19,0.19914057617789618,0.01832755801070848
1320,sequences_10_0.25_20,sequences,10,-12.3,10.68,0.25,20,0.19960915685691422,0.018516290478120253
1321,sequences_10_0.25_21,sequences,10,-12.3,10.68,0.25,21,0.2048145590172455,0.018285762501881755
1322,sequences_10_0.25_22,sequences,10,-12.3,10.68,0.25,22,0.20532887071531855,0.01761677812962031
1323,sequences_10_0.25_23,sequences,10,-12.3,10.68,0.25,23,0.20162807190885937,0.017888676463294645
1324,sequences_10_0.25_24,sequences,10,-12.3,10.68,0.25,24,0.2019507879715463,0.018209624937987442
1325,sequences_10_0.25_25,sequences,10,-12.3,10.68,0.25,25,0.19512383530402946,0.018558579427883706
1326,sequences_10_0.25_26,sequences,10,-12.3,10.68,0.25,26,0.20827375009829274,0.017809325191463984
1327,sequences_10_0.25_27,sequences,10,-12.3,10.68,0.25,27,0.19903598401532369,0.01795700700254731
1328,sequences_10_0.25_28,sequences,10,-12.3,10.68,0.25,28,0.20113471225590163,0.01799879235778255
1329,sequences_10_0.25_29,sequences,10,-12.3,10.68,0.25,29,0.20689499793957544,0.01799012573775419
1330,sequences_10_0.25_30,sequences,10,-12.3,10.68,0.25,30,0.2089870675017535,0.01792496238374648
1331,sequences_10_0.25_31,sequences,10,-12.3,10.68,0.25,31,0.19896123786802958,0.018269320135762764
1332,sequences_10_0.25_32,sequences,10,-12.3,10.68,0.25,32,0.19841368383525407,0.01843696114817231
1333,sequences_10_0.25_33,sequences,10,-12.3,10.68,0.25,33,0.19808750321713284,0.018285203996156102
1334,sequences_10_0.25_34,sequences,10,-12.3,10.68,0.25,34,0.21245681480770107,0.018177195991420543
1335,sequences_10_0.25_35,sequences,10,-12.3,10.68,0.25,35,0.2015226589988295,0.01831794553017635
1336,sequences_10_0.25_36,sequences,10,-12.3,10.68,0.25,36,0.1993942549929798,0.018183781820933807
1337,sequences_10_0.25_37,sequences,10,-12.3,10.68,0.25,37,0.20280943121695563,0.017972535860067796
1338,sequences_10_0.25_38,sequences,10,-12.3,10.68,0.25,38,0.1962501082874813,0.018243868801334898
1339,sequences_10_0.25_39,sequences,10,-12.3,10.68,0.25,39,0.20426393099743567,0.017969777536964816
1340,sequences_10_0.25_40,sequences,10,-12.3,10.68,0.25,40,0.2115491005374204,0.018105081152648205
1341,sequences_10_0.25_41,sequences,10,-12.3,10.68,0.25,41,0.19151414081306503,0.01860423412809635
1342,sequences_10_0.25_42,sequences,10,-12.3,10.68,0.25,42,0.19895688714299956,0.01871284687467755
1343,sequences_10_0.25_43,sequences,10,-12.3,10.68,0.25,43,0.20422858895142074,0.01787440140335507
1344,sequences_10_0.25_44,sequences,10,-12.3,10.68,0.25,44,0.19591086024741297,0.01808142954877153
1345,sequences_10_0.25_45,sequences,10,-12.3,10.68,0.25,45,0.21150084610816108,0.01790146899764192
1346,sequences_10_0.25_46,sequences,10,-12.3,10.68,0.25,46,0.19641196767359767,0.017873969088908818
1347,sequences_10_0.25_47,sequences,10,-12.3,10.68,0.25,47,0.19676586686449066,0.018331549190739517
1348,sequences_10_0.25_48,sequences,10,-12.3,10.68,0.25,48,0.1986585004816823,0.018139882424974097
1349,sequences_10_0.25_49,sequences,10,-12.3,10.68,0.25,49,0.19960576224543583,0.018188295371395817
1350,sequences_10_0.5_0,sequences,10,-12.3,10.68,0.5,0,0.19883093025309673,0.01807740097225409
1351,sequences_10_0.5_1,sequences,10,-12.3,10.68,0.5,1,0.20444433686253952,0.018450857570760003
1352,sequences_10_0.5_2,sequences,10,-12.3,10.68,0.5,2,0.20887718910074354,0.01807932649587948
1353,sequences_10_0.5_3,sequences,10,-12.3,10.68,0.5,3,0.193559547670109,0.018823977553786796
1354,sequences_10_0.5_4,sequences,10,-12.3,10.68,0.5,4,0.20005380908916473,0.01820131913506148
1355,sequences_10_0.5_5,sequences,10,-12.3,10.68,0.5,5,0.20256931535317074,0.018265663905338535
1356,sequences_10_0.5_6,sequences,10,-12.3,10.68,0.5,6,0.2016851013517099,0.01884639277251063
1357,sequences_10_0.5_7,sequences,10,-12.3,10.68,0.5,7,0.19249139694937054,0.019051477585564667
1358,sequences_10_0.5_8,sequences,10,-12.3,10.68,0.5,8,0.20402985454167308,0.018280544544908683
1359,sequences_10_0.5_9,sequences,10,-12.3,10.68,0.5,9,0.20772217444739993,0.018015019641530735
1360,sequences_10_0.5_10,sequences,10,-12.3,10.68,0.5,10,0.20164839120474293,0.018301345069325414
1361,sequences_10_0.5_11,sequences,10,-12.3,10.68,0.5,11,0.20212197538293167,0.018726656014256035
1362,sequences_10_0.5_12,sequences,10,-12.3,10.68,0.5,12,0.200532146478202,0.018886700356479293
1363,sequences_10_0.5_13,sequences,10,-12.3,10.68,0.5,13,0.19993201743036357,0.018166035849055236
1364,sequences_10_0.5_14,sequences,10,-12.3,10.68,0.5,14,0.2036542137328726,0.018477006950662945
1365,sequences_10_0.5_15,sequences,10,-12.3,10.68,0.5,15,0.1972415655711822,0.01869305223751194
1366,sequences_10_0.5_16,sequences,10,-12.3,10.68,0.5,16,0.2002507757280919,0.018235318604884216
1367,sequences_10_0.5_17,sequences,10,-12.3,10.68,0.5,17,0.20408818643006588,0.018688092053017236
1368,sequences_10_0.5_18,sequences,10,-12.3,10.68,0.5,18,0.2039561031180116,0.01841521704051031
1369,sequences_10_0.5_19,sequences,10,-12.3,10.68,0.5,19,0.20523214445781668,0.01813875116814535
1370,sequences_10_0.5_20,sequences,10,-12.3,10.68,0.5,20,0.19259994475625652,0.01908443191992368
1371,sequences_10_0.5_21,sequences,10,-12.3,10.68,0.5,21,0.19829900044969592,0.018790267624245134
1372,sequences_10_0.5_22,sequences,10,-12.3,10.68,0.5,22,0.19683204802032483,0.018819585098518058
1373,sequences_10_0.5_23,sequences,10,-12.3,10.68,0.5,23,0.20395816285274057,0.018318152842588368
1374,sequences_10_0.5_24,sequences,10,-12.3,10.68,0.5,24,0.19536597383136156,0.018820013686760177
1375,sequences_10_0.5_25,sequences,10,-12.3,10.68,0.5,25,0.19843667426126727,0.01849506884620243
1376,sequences_10_0.5_26,sequences,10,-12.3,10.68,0.5,26,0.19860245095131435,0.018414757725053965
1377,sequences_10_0.5_27,sequences,10,-12.3,10.68,0.5,27,0.19435706048528317,0.018803136474474944
1378,sequences_10_0.5_28,sequences,10,-12.3,10.68,0.5,28,0.20302980332904183,0.01851487169379899
1379,sequences_10_0.5_29,sequences,10,-12.3,10.68,0.5,29,0.19500518545299936,0.018451044176211052
1380,sequences_10_0.5_30,sequences,10,-12.3,10.68,0.5,30,0.19711174412585508,0.01851612355645396
1381,sequences_10_0.5_31,sequences,10,-12.3,10.68,0.5,31,0.20100475227335768,0.018350850423964792
1382,sequences_10_0.5_32,sequences,10,-12.3,10.68,0.5,32,0.19147546118988626,0.0190515673042807
1383,sequences_10_0.5_33,sequences,10,-12.3,10.68,0.5,33,0.18925888042601174,0.019396278624987294
1384,sequences_10_0.5_34,sequences,10,-12.3,10.68,0.5,34,0.19937589010169648,0.018591074220988976
1385,sequences_10_0.5_35,sequences,10,-12.3,10.68,0.5,35,0.186363038618576,0.01946324790033732
1386,sequences_10_0.5_36,sequences,10,-12.3,10.68,0.5,36,0.19575041546363167,0.01873254183239888
1387,sequences_10_0.5_37,sequences,10,-12.3,10.68,0.5,37,0.19309509273695946,0.019100816482661032
1388,sequences_10_0.5_38,sequences,10,-12.3,10.68,0.5,38,0.19656467960769178,0.018465750261244425
1389,sequences_10_0.5_39,sequences,10,-12.3,10.68,0.5,39,0.20186314961350676,0.018574596684041177
1390,sequences_10_0.5_40,sequences,10,-12.3,10.68,0.5,40,0.188012043823498,0.019033387137920094
1391,sequences_10_0.5_41,sequences,10,-12.3,10.68,0.5,41,0.20941645617778568,0.017993382688752023
1392,sequences_10_0.5_42,sequences,10,-12.3,10.68,0.5,42,0.19133787034637065,0.018951780288769142
1393,sequences_10_0.5_43,sequences,10,-12.3,10.68,0.5,43,0.20250447619881598,0.017989936268430467
1394,sequences_10_0.5_44,sequences,10,-12.3,10.68,0.5,44,0.20101350378113844,0.018725799798182743
1395,sequences_10_0.5_45,sequences,10,-12.3,10.68,0.5,45,0.19974028512492625,0.01863651432268524
1396,sequences_10_0.5_46,sequences,10,-12.3,10.68,0.5,46,0.20472225732010293,0.018389804313969565
1397,sequences_10_0.5_47,sequences,10,-12.3,10.68,0.5,47,0.20253827981266934,0.018578939989613963
1398,sequences_10_0.5_48,sequences,10,-12.3,10.68,0.5,48,0.20437335823336836,0.018515779694845837
1399,sequences_10_0.5_49,sequences,10,-12.3,10.68,0.5,49,0.20860347014462735,0.018600264871016948
1400,sequences_10_0.75_0,sequences,10,-12.3,10.68,0.75,0,0.1968113699458133,0.019528048421696708
1401,sequences_10_0.75_1,sequences,10,-12.3,10.68,0.75,1,0.20752708282253088,0.019059072598015384
1402,sequences_10_0.75_2,sequences,10,-12.3,10.68,0.75,2,0.20244423350599278,0.01937800151349721
1403,sequences_10_0.75_3,sequences,10,-12.3,10.68,0.75,3,0.20306123991347322,0.019514984446677215
1404,sequences_10_0.75_4,sequences,10,-12.3,10.68,0.75,4,0.1999260125253018,0.01964622479870378
1405,sequences_10_0.75_5,sequences,10,-12.3,10.68,0.75,5,0.20702562398538193,0.018807370820052533
1406,sequences_10_0.75_6,sequences,10,-12.3,10.68,0.75,6,0.19838000022895788,0.019200178361692393
1407,sequences_10_0.75_7,sequences,10,-12.3,10.68,0.75,7,0.20292423235613585,0.019324156855538125
1408,sequences_10_0.75_8,sequences,10,-12.3,10.68,0.75,8,0.19655878973547292,0.01978586256548224
1409,sequences_10_0.75_9,sequences,10,-12.3,10.68,0.75,9,0.1961946916708463,0.019785489982046333
1410,sequences_10_0.75_10,sequences,10,-12.3,10.68,0.75,10,0.20568017896582436,0.019258566329753306
1411,sequences_10_0.75_11,sequences,10,-12.3,10.68,0.75,11,0.19610497132780946,0.01964583441832562
1412,sequences_10_0.75_12,sequences,10,-12.3,10.68,0.75,12,0.20021040974408402,0.01959250738709184
1413,sequences_10_0.75_13,sequences,10,-12.3,10.68,0.75,13,0.20265947996829856,0.019463349939869146
1414,sequences_10_0.75_14,sequences,10,-12.3,10.68,0.75,14,0.19877304441605476,0.01964243422643591
1415,sequences_10_0.75_15,sequences,10,-12.3,10.68,0.75,15,0.19223925467723812,0.019936576565111015
1416,sequences_10_0.75_16,sequences,10,-12.3,10.68,0.75,16,0.2046884452453063,0.019251630599653877
1417,sequences_10_0.75_17,sequences,10,-12.3,10.68,0.75,17,0.1956922040965081,0.019623925912448516
1418,sequences_10_0.75_18,sequences,10,-12.3,10.68,0.75,18,0.20694811643595534,0.0190279492772482
1419,sequences_10_0.75_19,sequences,10,-12.3,10.68,0.75,19,0.2008152805273741,0.01921580555283562
1420,sequences_10_0.75_20,sequences,10,-12.3,10.68,0.75,20,0.20023299284804463,0.01953767074457478
1421,sequences_10_0.75_21,sequences,10,-12.3,10.68,0.75,21,0.18532042191910555,0.02039415691854797
1422,sequences_10_0.75_22,sequences,10,-12.3,10.68,0.75,22,0.1963455808513808,0.01954461934028036
1423,sequences_10_0.75_23,sequences,10,-12.3,10.68,0.75,23,0.20050660613136964,0.01920266553677488
1424,sequences_10_0.75_24,sequences,10,-12.3,10.68,0.75,24,0.20245999265073955,0.019886141425933975
1425,sequences_10_0.75_25,sequences,10,-12.3,10.68,0.75,25,0.18676934478391397,0.020297891626214048
1426,sequences_10_0.75_26,sequences,10,-12.3,10.68,0.75,26,0.20350742990993437,0.01921661099318376
1427,sequences_10_0.75_27,sequences,10,-12.3,10.68,0.75,27,0.20832375227250421,0.018993304276975185
1428,sequences_10_0.75_28,sequences,10,-12.3,10.68,0.75,28,0.2052485389686587,0.019355238908725887
1429,sequences_10_0.75_29,sequences,10,-12.3,10.68,0.75,29,0.19824339772761682,0.019560465062959193
1430,sequences_10_0.75_30,sequences,10,-12.3,10.68,0.75,30,0.20318024902018228,0.019607708185509956
1431,sequences_10_0.75_31,sequences,10,-12.3,10.68,0.75,31,0.2071867047225342,0.019181465552565505
1432,sequences_10_0.75_32,sequences,10,-12.3,10.68,0.75,32,0.2030953835081946,0.019753792186652935
1433,sequences_10_0.75_33,sequences,10,-12.3,10.68,0.75,33,0.1911672399003295,0.019861138090752115
1434,sequences_10_0.75_34,sequences,10,-12.3,10.68,0.75,34,0.20289548751004732,0.01951974273114813
1435,sequences_10_0.75_35,sequences,10,-12.3,10.68,0.75,35,0.20680560187626512,0.01897941622791135
1436,sequences_10_0.75_36,sequences,10,-12.3,10.68,0.75,36,0.20113442711080914,0.01951701399703315
1437,sequences_10_0.75_37,sequences,10,-12.3,10.68,0.75,37,0.19681124518269794,0.01941489531323375
1438,sequences_10_0.75_38,sequences,10,-12.3,10.68,0.75,38,0.20035429852391198,0.019209720298147097
1439,sequences_10_0.75_39,sequences,10,-12.3,10.68,0.75,39,0.19407538643838007,0.019359095072566945
1440,sequences_10_0.75_40,sequences,10,-12.3,10.68,0.75,40,0.19834070034030332,0.0192985964394406
1441,sequences_10_0.75_41,sequences,10,-12.3,10.68,0.75,41,0.19573175241716495,0.019191217411940322
1442,sequences_10_0.75_42,sequences,10,-12.3,10.68,0.75,42,0.1988874917709402,0.01962651176507377
1443,sequences_10_0.75_43,sequences,10,-12.3,10.68,0.75,43,0.19658221032200454,0.01972228592621096
1444,sequences_10_0.75_44,sequences,10,-12.3,10.68,0.75,44,0.19661707662826666,0.019581949891358415
1445,sequences_10_0.75_45,sequences,10,-12.3,10.68,0.75,45,0.19137978799841635,0.01991445871043607
1446,sequences_10_0.75_46,sequences,10,-12.3,10.68,0.75,46,0.197547172033218,0.019626177585300605
1447,sequences_10_0.75_47,sequences,10,-12.3,10.68,0.75,47,0.2030397478690018,0.01887572405209354
1448,sequences_10_0.75_48,sequences,10,-12.3,10.68,0.75,48,0.2065716217805926,0.019309493714747883
1449,sequences_10_0.75_49,sequences,10,-12.3,10.68,0.75,49,0.20229449778261951,0.01965167529215553
1450,sequences_10_1_0,sequences,10,,10.74,1.0,0,0.19971951887386874,0.021599947962945
1451,sequences_10_1_1,sequences,10,,10.74,1.0,1,0.20906819148101322,0.02212321483991312
1452,sequences_10_1_2,sequences,10,,10.74,1.0,2,0.21155717014312975,0.02186458330950621
1453,sequences_10_1_3,sequences,10,,10.74,1.0,3,0.204808877188583,0.022032475133427976
1454,sequences_10_1_4,sequences,10,,10.74,1.0,4,0.20000188348460385,0.022287061978499247
1455,sequences_10_1_5,sequences,10,,10.74,1.0,5,0.2061631817914139,0.021690903311625948
1456,sequences_10_1_6,sequences,10,,10.74,1.0,6,0.21718814321889154,0.021539002733272278
1457,sequences_10_1_7,sequences,10,,10.74,1.0,7,0.2050332547978875,0.022060709313966774
1458,sequences_10_1_8,sequences,10,,10.74,1.0,8,0.19557203193368916,0.022354005210927824
1459,sequences_10_1_9,sequences,10,,10.74,1.0,9,0.19850406801540135,0.0223778856012007
1460,sequences_10_1_10,sequences,10,,10.74,1.0,10,0.208107578368908,0.021461692109462173
1461,sequences_10_1_11,sequences,10,,10.74,1.0,11,0.21006743803053038,0.021511995482586897
1462,sequences_10_1_12,sequences,10,,10.74,1.0,12,0.20407299329292405,0.022145130274837697
1463,sequences_10_1_13,sequences,10,,10.74,1.0,13,0.20746032857107755,0.021626825349056383
1464,sequences_10_1_14,sequences,10,,10.74,1.0,14,0.20810279635753234,0.021696891535205962
1465,sequences_10_1_15,sequences,10,,10.74,1.0,15,0.19996189994235142,0.021997000009558808
1466,sequences_10_1_16,sequences,10,,10.74,1.0,16,0.2046579665923389,0.022099048331844954
1467,sequences_10_1_17,sequences,10,,10.74,1.0,17,0.2093738582157292,0.021832243547420322
1468,sequences_10_1_18,sequences,10,,10.74,1.0,18,0.2108334852689862,0.021791765660555625
1469,sequences_10_1_19,sequences,10,,10.74,1.0,19,0.2025699027892443,0.021860274371298744
1470,sequences_10_1_20,sequences,10,,10.74,1.0,20,0.2107506826457469,0.021956256817578783
1471,sequences_10_1_21,sequences,10,,10.74,1.0,21,0.21173438132632955,0.02147337161544848
1472,sequences_10_1_22,sequences,10,,10.74,1.0,22,0.20021601749027837,0.021707062045938363
1473,sequences_10_1_23,sequences,10,,10.74,1.0,23,0.19733903596428554,0.022332730544239187
1474,sequences_10_1_24,sequences,10,,10.74,1.0,24,0.19653355637835473,0.02163767365850797
1475,sequences_10_1_25,sequences,10,,10.74,1.0,25,0.20173545167594342,0.022092328166375647
1476,sequences_10_1_26,sequences,10,,10.74,1.0,26,0.20991721826293622,0.021572445756521823
1477,sequences_10_1_27,sequences,10,,10.74,1.0,27,0.20552484165159488,0.021784566506492763
1478,sequences_10_1_28,sequences,10,,10.74,1.0,28,0.2126514150705451,0.021741028912358712
1479,sequences_10_1_29,sequences,10,,10.74,1.0,29,0.20855627554202313,0.021451089162836633
1480,sequences_10_1_30,sequences,10,,10.74,1.0,30,0.2142465812579395,0.02160921347845222
1481,sequences_10_1_31,sequences,10,,10.74,1.0,31,0.20124160604300165,0.02222065073717073
1482,sequences_10_1_32,sequences,10,,10.74,1.0,32,0.2103231200055079,0.022075110468157487
1483,sequences_10_1_33,sequences,10,,10.74,1.0,33,0.21199209176130995,0.021814946938941468
1484,sequences_10_1_34,sequences,10,,10.74,1.0,34,0.21427932957662246,0.021806693012171335
1485,sequences_10_1_35,sequences,10,,10.74,1.0,35,0.20528488996411104,0.022077139430945903
1486,sequences_10_1_36,sequences,10,,10.74,1.0,36,0.2051339180215171,0.021743381306995026
1487,sequences_10_1_37,sequences,10,,10.74,1.0,37,0.21423967983144493,0.021321738875136668
1488,sequences_10_1_38,sequences,10,,10.74,1.0,38,0.20379034301031954,0.021990494514518212
1489,sequences_10_1_39,sequences,10,,10.74,1.0,39,0.19868315437866751,0.022171884428830325
1490,sequences_10_1_40,sequences,10,,10.74,1.0,40,0.1889874669922083,0.02236359417719425
1491,sequences_10_1_41,sequences,10,,10.74,1.0,41,0.19709192289339905,0.022012992090891813
1492,sequences_10_1_42,sequences,10,,10.74,1.0,42,0.2090770034354203,0.021642183938753883
1493,sequences_10_1_43,sequences,10,,10.74,1.0,43,0.21016136676358266,0.02172602239652462
1494,sequences_10_1_44,sequences,10,,10.74,1.0,44,0.19664551906169495,0.022233944334363803
1495,sequences_10_1_45,sequences,10,,10.74,1.0,45,0.20232706909015935,0.022306561320689075
1496,sequences_10_1_46,sequences,10,,10.74,1.0,46,0.21298631246294847,0.02165136462409552
1497,sequences_10_1_47,sequences,10,,10.74,1.0,47,0.18726007474092565,0.02242669291953709
1498,sequences_10_1_48,sequences,10,,10.74,1.0,48,0.212164729303487,0.021619656586443
1499,sequences_10_1_49,sequences,10,,10.74,1.0,49,0.189728928055002,0.022380840308615844
1500,sequences_11_0_0,sequences,11,-17.0,8.65,0.0,0,0.24200714680362082,0.020318696546422398
1501,sequences_11_0_1,sequences,11,-17.0,8.65,0.0,1,0.22717559837267237,0.020161734257900132
1502,sequences_11_0_2,sequences,11,-17.0,8.65,0.0,2,0.23394243978783286,0.020024888434131877
1503,sequences_11_0_3,sequences,11,-17.0,8.65,0.0,3,0.23065973205645557,0.02013616601756537
1504,sequences_11_0_4,sequences,11,-17.0,8.65,0.0,4,0.23046934594537452,0.02005629335895933
1505,sequences_11_0_5,sequences,11,-17.0,8.65,0.0,5,0.2261492777448016,0.020213104250939442
1506,sequences_11_0_6,sequences,11,-17.0,8.65,0.0,6,0.23328394911137582,0.020303117957579202
1507,sequences_11_0_7,sequences,11,-17.0,8.65,0.0,7,0.2297624227820561,0.020169109241516155
1508,sequences_11_0_8,sequences,11,-17.0,8.65,0.0,8,0.23372477923028598,0.020372719900424302
1509,sequences_11_0_9,sequences,11,-17.0,8.65,0.0,9,0.23355233778960846,0.020129718281983518
1510,sequences_11_0_10,sequences,11,-17.0,8.65,0.0,10,0.22995473260169663,0.020231382013072497
1511,sequences_11_0_11,sequences,11,-17.0,8.65,0.0,11,0.2261716817432991,0.02027197168108014
1512,sequences_11_0_12,sequences,11,-17.0,8.65,0.0,12,0.22660823037751743,0.020065440668255424
1513,sequences_11_0_13,sequences,11,-17.0,8.65,0.0,13,0.23061300650026043,0.020134875851219824
1514,sequences_11_0_14,sequences,11,-17.0,8.65,0.0,14,0.23187511713224276,0.02004944805075972
1515,sequences_11_0_15,sequences,11,-17.0,8.65,0.0,15,0.23967363112920173,0.02017730262531586
1516,sequences_11_0_16,sequences,11,-17.0,8.65,0.0,16,0.23951830165864021,0.020124520567322148
1517,sequences_11_0_17,sequences,11,-17.0,8.65,0.0,17,0.2379258711276659,0.020097124745582156
1518,sequences_11_0_18,sequences,11,-17.0,8.65,0.0,18,0.22659487983622315,0.020046975146247974
1519,sequences_11_0_19,sequences,11,-17.0,8.65,0.0,19,0.2437776707700478,0.02025740100758812
1520,sequences_11_0_20,sequences,11,-17.0,8.65,0.0,20,0.23084923043699437,0.020303716196396357
1521,sequences_11_0_21,sequences,11,-17.0,8.65,0.0,21,0.23779476736412736,0.020059437142957676
1522,sequences_11_0_22,sequences,11,-17.0,8.65,0.0,22,0.22816438078520374,0.02018219359886224
1523,sequences_11_0_23,sequences,11,-17.0,8.65,0.0,23,0.22555576237784353,0.02008554463160316
1524,sequences_11_0_24,sequences,11,-17.0,8.65,0.0,24,0.22704815215357824,0.020233928339757814
1525,sequences_11_0_25,sequences,11,-17.0,8.65,0.0,25,0.2304144855834275,0.02014743430847847
1526,sequences_11_0_26,sequences,11,-17.0,8.65,0.0,26,0.24085342628213424,0.02027697881453196
1527,sequences_11_0_27,sequences,11,-17.0,8.65,0.0,27,0.2345708174133817,0.020085371161129455
1528,sequences_11_0_28,sequences,11,-17.0,8.65,0.0,28,0.2264492800806655,0.01999631799600935
1529,sequences_11_0_29,sequences,11,-17.0,8.65,0.0,29,0.23319527921745783,0.02004516125723504
1530,sequences_11_0_30,sequences,11,-17.0,8.65,0.0,30,0.23020070836575177,0.020075546620516048
1531,sequences_11_0_31,sequences,11,-17.0,8.65,0.0,31,0.24387175802449076,0.020160204007449615
1532,sequences_11_0_32,sequences,11,-17.0,8.65,0.0,32,0.23185948070365509,0.020028467641784193
1533,sequences_11_0_33,sequences,11,-17.0,8.65,0.0,33,0.22737671683650515,0.020309523507498903
1534,sequences_11_0_34,sequences,11,-17.0,8.65,0.0,34,0.2244340895847733,0.020479920773869696
1535,sequences_11_0_35,sequences,11,-17.0,8.65,0.0,35,0.23397399736825222,0.020012703058387787
1536,sequences_11_0_36,sequences,11,-17.0,8.65,0.0,36,0.2233734921586984,0.02016955423177541
1537,sequences_11_0_37,sequences,11,-17.0,8.65,0.0,37,0.23096589439198312,0.020230629500911375
1538,sequences_11_0_38,sequences,11,-17.0,8.65,0.0,38,0.229746816921793,0.02021136642281236
1539,sequences_11_0_39,sequences,11,-17.0,8.65,0.0,39,0.23012410820963886,0.020113878778651475
1540,sequences_11_0_40,sequences,11,-17.0,8.65,0.0,40,0.2331455714573916,0.01999045612746026
1541,sequences_11_0_41,sequences,11,-17.0,8.65,0.0,41,0.22593456886985078,0.020032758301789407
1542,sequences_11_0_42,sequences,11,-17.0,8.65,0.0,42,0.24081679306058737,0.020220487677838576
1543,sequences_11_0_43,sequences,11,-17.0,8.65,0.0,43,0.2270706390677969,0.02004091229958162
1544,sequences_11_0_44,sequences,11,-17.0,8.65,0.0,44,0.22836234727360055,0.02011677328198546
1545,sequences_11_0_45,sequences,11,-17.0,8.65,0.0,45,0.22846505770622003,0.020008165119738856
1546,sequences_11_0_46,sequences,11,-17.0,8.65,0.0,46,0.22959981768203125,0.020221348141084547
1547,sequences_11_0_47,sequences,11,-17.0,8.65,0.0,47,0.23821663384318634,0.02034081999745489
1548,sequences_11_0_48,sequences,11,-17.0,8.65,0.0,48,0.222594174896892,0.020200514542919115
1549,sequences_11_0_49,sequences,11,-17.0,8.65,0.0,49,0.22939255047824259,0.020265243752620746
1550,sequences_11_0.25_0,sequences,11,-17.0,8.65,0.25,0,0.218437915042316,0.020457007613620758
1551,sequences_11_0.25_1,sequences,11,-17.0,8.65,0.25,1,0.2194834631473357,0.020174234903237748
1552,sequences_11_0.25_2,sequences,11,-17.0,8.65,0.25,2,0.21334528684407708,0.020379746233631073
1553,sequences_11_0.25_3,sequences,11,-17.0,8.65,0.25,3,0.22143108659189933,0.02036797871845013
1554,sequences_11_0.25_4,sequences,11,-17.0,8.65,0.25,4,0.20888469900506007,0.020820411884672204
1555,sequences_11_0.25_5,sequences,11,-17.0,8.65,0.25,5,0.21572600241093182,0.020181257451768558
1556,sequences_11_0.25_6,sequences,11,-17.0,8.65,0.25,6,0.21496935686495347,0.020561686158884433
1557,sequences_11_0.25_7,sequences,11,-17.0,8.65,0.25,7,0.21002874319337125,0.020412359737536214
1558,sequences_11_0.25_8,sequences,11,-17.0,8.65,0.25,8,0.2145503870208667,0.020495273279845374
1559,sequences_11_0.25_9,sequences,11,-17.0,8.65,0.25,9,0.20163915942275656,0.02075242482684251
1560,sequences_11_0.25_10,sequences,11,-17.0,8.65,0.25,10,0.20602814452717502,0.020591927609482513
1561,sequences_11_0.25_11,sequences,11,-17.0,8.65,0.25,11,0.21464911087730512,0.020406116870282435
1562,sequences_11_0.25_12,sequences,11,-17.0,8.65,0.25,12,0.21876595331833068,0.020461759720208566
1563,sequences_11_0.25_13,sequences,11,-17.0,8.65,0.25,13,0.2157790648037135,0.020468055624488075
1564,sequences_11_0.25_14,sequences,11,-17.0,8.65,0.25,14,0.21764559031833464,0.020688128740045265
1565,sequences_11_0.25_15,sequences,11,-17.0,8.65,0.25,15,0.22048830889400522,0.020412407783892403
1566,sequences_11_0.25_16,sequences,11,-17.0,8.65,0.25,16,0.21428185418123155,0.02052376110627913
1567,sequences_11_0.25_17,sequences,11,-17.0,8.65,0.25,17,0.2123158496358701,0.020636313874124016
1568,sequences_11_0.25_18,sequences,11,-17.0,8.65,0.25,18,0.22473559747660485,0.020424117331862033
1569,sequences_11_0.25_19,sequences,11,-17.0,8.65,0.25,19,0.21434217612855488,0.020512477877080312
1570,sequences_11_0.25_20,sequences,11,-17.0,8.65,0.25,20,0.21450510753733135,0.02029696894244995
1571,sequences_11_0.25_21,sequences,11,-17.0,8.65,0.25,21,0.21701254518265423,0.020369038690013472
1572,sequences_11_0.25_22,sequences,11,-17.0,8.65,0.25,22,0.22848684146060325,0.02033475389793078
1573,sequences_11_0.25_23,sequences,11,-17.0,8.65,0.25,23,0.2237697078591757,0.020465604035936946
1574,sequences_11_0.25_24,sequences,11,-17.0,8.65,0.25,24,0.20642680910605749,0.02041779342691752
1575,sequences_11_0.25_25,sequences,11,-17.0,8.65,0.25,25,0.20771012153511148,0.02059829323402245
1576,sequences_11_0.25_26,sequences,11,-17.0,8.65,0.25,26,0.21688376870356363,0.020416516347998515
1577,sequences_11_0.25_27,sequences,11,-17.0,8.65,0.25,27,0.21804569057178927,0.02064300830518887
1578,sequences_11_0.25_28,sequences,11,-17.0,8.65,0.25,28,0.21179823340271484,0.020603081397938212
1579,sequences_11_0.25_29,sequences,11,-17.0,8.65,0.25,29,0.2247239857398496,0.020359878317098668
1580,sequences_11_0.25_30,sequences,11,-17.0,8.65,0.25,30,0.21107462470401062,0.02075728828500731
1581,sequences_11_0.25_31,sequences,11,-17.0,8.65,0.25,31,0.21135415745600195,0.02066177962315527
1582,sequences_11_0.25_32,sequences,11,-17.0,8.65,0.25,32,0.21858880270342454,0.02067112764837868
1583,sequences_11_0.25_33,sequences,11,-17.0,8.65,0.25,33,0.20792365995390363,0.020740513223867107
1584,sequences_11_0.25_34,sequences,11,-17.0,8.65,0.25,34,0.2193126723163295,0.02047313210525457
1585,sequences_11_0.25_35,sequences,11,-17.0,8.65,0.25,35,0.2270713234294008,0.020459721044444244
1586,sequences_11_0.25_36,sequences,11,-17.0,8.65,0.25,36,0.2126985687971144,0.02058856056087647
1587,sequences_11_0.25_37,sequences,11,-17.0,8.65,0.25,37,0.2102994290218533,0.02051471610031218
1588,sequences_11_0.25_38,sequences,11,-17.0,8.65,0.25,38,0.21866393842903512,0.020512040908150158
1589,sequences_11_0.25_39,sequences,11,-17.0,8.65,0.25,39,0.21374168883463335,0.020529662803271613
1590,sequences_11_0.25_40,sequences,11,-17.0,8.65,0.25,40,0.21481591035835462,0.020397632125027168
1591,sequences_11_0.25_41,sequences,11,-17.0,8.65,0.25,41,0.21725335994463557,0.020496205768921173
1592,sequences_11_0.25_42,sequences,11,-17.0,8.65,0.25,42,0.21839134887393458,0.020315046782121773
1593,sequences_11_0.25_43,sequences,11,-17.0,8.65,0.25,43,0.21938615736060457,0.020544823939400214
1594,sequences_11_0.25_44,sequences,11,-17.0,8.65,0.25,44,0.20578690894066184,0.020711958252167775
1595,sequences_11_0.25_45,sequences,11,-17.0,8.65,0.25,45,0.20949873548076836,0.020768173873065194
1596,sequences_11_0.25_46,sequences,11,-17.0,8.65,0.25,46,0.2144083541734966,0.020722170856886855
1597,sequences_11_0.25_47,sequences,11,-17.0,8.65,0.25,47,0.21603398229682275,0.020657136776491124
1598,sequences_11_0.25_48,sequences,11,-17.0,8.65,0.25,48,0.2173082051439993,0.020355830474104337
1599,sequences_11_0.25_49,sequences,11,-17.0,8.65,0.25,49,0.21651086287542828,0.020607878556332185
1600,sequences_11_0.5_0,sequences,11,-17.0,8.65,0.5,0,0.21100965748481562,0.020905991805817068
1601,sequences_11_0.5_1,sequences,11,-17.0,8.65,0.5,1,0.21539738554210194,0.02044596866569053
1602,sequences_11_0.5_2,sequences,11,-17.0,8.65,0.5,2,0.20961773586656526,0.020620023651688576
1603,sequences_11_0.5_3,sequences,11,-17.0,8.65,0.5,3,0.20587257289024843,0.0205209854691249
1604,sequences_11_0.5_4,sequences,11,-17.0,8.65,0.5,4,0.21197363498357208,0.02054868371511708
1605,sequences_11_0.5_5,sequences,11,-17.0,8.65,0.5,5,0.1979693030864054,0.02105384161208906
1606,sequences_11_0.5_6,sequences,11,-17.0,8.65,0.5,6,0.21969539492527035,0.02059225436064151
1607,sequences_11_0.5_7,sequences,11,-17.0,8.65,0.5,7,0.2037615711636554,0.020532462967902905
1608,sequences_11_0.5_8,sequences,11,-17.0,8.65,0.5,8,0.1999960811622881,0.02077780713091612
1609,sequences_11_0.5_9,sequences,11,-17.0,8.65,0.5,9,0.2043474695025093,0.021033785720184568
1610,sequences_11_0.5_10,sequences,11,-17.0,8.65,0.5,10,0.21401645782880283,0.020494948582553296
1611,sequences_11_0.5_11,sequences,11,-17.0,8.65,0.5,11,0.20637491117098938,0.02076525852175477
1612,sequences_11_0.5_12,sequences,11,-17.0,8.65,0.5,12,0.1989600922548728,0.020864387950253974
1613,sequences_11_0.5_13,sequences,11,-17.0,8.65,0.5,13,0.21107045906979519,0.020352333303590056
1614,sequences_11_0.5_14,sequences,11,-17.0,8.65,0.5,14,0.20567628911969818,0.020560918615225427
1615,sequences_11_0.5_15,sequences,11,-17.0,8.65,0.5,15,0.19658012827886312,0.02104880613332458
1616,sequences_11_0.5_16,sequences,11,-17.0,8.65,0.5,16,0.2113007982534215,0.020502541184495265
1617,sequences_11_0.5_17,sequences,11,-17.0,8.65,0.5,17,0.19600251624203824,0.02089206553346166
1618,sequences_11_0.5_18,sequences,11,-17.0,8.65,0.5,18,0.19229913480890398,0.021246107448026533
1619,sequences_11_0.5_19,sequences,11,-17.0,8.65,0.5,19,0.20244714703455757,0.020825092545014127
1620,sequences_11_0.5_20,sequences,11,-17.0,8.65,0.5,20,0.20757070274686676,0.020616217859480524
1621,sequences_11_0.5_21,sequences,11,-17.0,8.65,0.5,21,0.2081425669468232,0.020522856282750003
1622,sequences_11_0.5_22,sequences,11,-17.0,8.65,0.5,22,0.21112664664200562,0.020456015829101695
1623,sequences_11_0.5_23,sequences,11,-17.0,8.65,0.5,23,0.21160002469172476,0.020414974070832422
1624,sequences_11_0.5_24,sequences,11,-17.0,8.65,0.5,24,0.2143170546594407,0.02075388083157029
1625,sequences_11_0.5_25,sequences,11,-17.0,8.65,0.5,25,0.20072406428784784,0.020688187445148064
1626,sequences_11_0.5_26,sequences,11,-17.0,8.65,0.5,26,0.20958106522812658,0.020784881878666027
1627,sequences_11_0.5_27,sequences,11,-17.0,8.65,0.5,27,0.2102592099791057,0.02074871129926801
1628,sequences_11_0.5_28,sequences,11,-17.0,8.65,0.5,28,0.21021425400710164,0.020593016245948604
1629,sequences_11_0.5_29,sequences,11,-17.0,8.65,0.5,29,0.20570651863918923,0.020652819008683286
1630,sequences_11_0.5_30,sequences,11,-17.0,8.65,0.5,30,0.2141697610370103,0.02045273981947856
1631,sequences_11_0.5_31,sequences,11,-17.0,8.65,0.5,31,0.21007166868437646,0.02086791080849974
1632,sequences_11_0.5_32,sequences,11,-17.0,8.65,0.5,32,0.20480315480625386,0.02076959424944822
1633,sequences_11_0.5_33,sequences,11,-17.0,8.65,0.5,33,0.21302171797578628,0.02040911441469052
1634,sequences_11_0.5_34,sequences,11,-17.0,8.65,0.5,34,0.20176635585062208,0.020844587185822546
1635,sequences_11_0.5_35,sequences,11,-17.0,8.65,0.5,35,0.21578077327833456,0.02049390009659218
1636,sequences_11_0.5_36,sequences,11,-17.0,8.65,0.5,36,0.21290044022182938,0.020521755422709797
1637,sequences_11_0.5_37,sequences,11,-17.0,8.65,0.5,37,0.2061643421916644,0.020635186210307827
1638,sequences_11_0.5_38,sequences,11,-17.0,8.65,0.5,38,0.20756086913635477,0.020749666067829495
1639,sequences_11_0.5_39,sequences,11,-17.0,8.65,0.5,39,0.20806710362980319,0.020769941673283453
1640,sequences_11_0.5_40,sequences,11,-17.0,8.65,0.5,40,0.2070303555401793,0.02059344493050113
1641,sequences_11_0.5_41,sequences,11,-17.0,8.65,0.5,41,0.1974685154140968,0.020872423319711356
1642,sequences_11_0.5_42,sequences,11,-17.0,8.65,0.5,42,0.20786026655081594,0.020721986687824902
1643,sequences_11_0.5_43,sequences,11,-17.0,8.65,0.5,43,0.20559638659452248,0.020858977571523083
1644,sequences_11_0.5_44,sequences,11,-17.0,8.65,0.5,44,0.21090869574161694,0.020407294363665316
1645,sequences_11_0.5_45,sequences,11,-17.0,8.65,0.5,45,0.20171629913447356,0.020713169189604752
1646,sequences_11_0.5_46,sequences,11,-17.0,8.65,0.5,46,0.2023831566373994,0.020808210470646682
1647,sequences_11_0.5_47,sequences,11,-17.0,8.65,0.5,47,0.202936701211972,0.020846350702825554
1648,sequences_11_0.5_48,sequences,11,-17.0,8.65,0.5,48,0.21162073997313927,0.02078029409112013
1649,sequences_11_0.5_49,sequences,11,-17.0,8.65,0.5,49,0.20982923854083468,0.02064685639161122
1650,sequences_11_0.75_0,sequences,11,-17.0,8.65,0.75,0,0.2063349421573268,0.021051021638737163
1651,sequences_11_0.75_1,sequences,11,-17.0,8.65,0.75,1,0.20058533700563724,0.021303794425453906
1652,sequences_11_0.75_2,sequences,11,-17.0,8.65,0.75,2,0.21901387779277187,0.02073388085466358
1653,sequences_11_0.75_3,sequences,11,-17.0,8.65,0.75,3,0.19016102685407776,0.021751196091019283
1654,sequences_11_0.75_4,sequences,11,-17.0,8.65,0.75,4,0.1969106321968602,0.02122838168357963
1655,sequences_11_0.75_5,sequences,11,-17.0,8.65,0.75,5,0.19683121700528886,0.02124996051032786
1656,sequences_11_0.75_6,sequences,11,-17.0,8.65,0.75,6,0.20978088446365786,0.02106651582039014
1657,sequences_11_0.75_7,sequences,11,-17.0,8.65,0.75,7,0.20121783237994292,0.021068222108493108
1658,sequences_11_0.75_8,sequences,11,-17.0,8.65,0.75,8,0.21541354811026373,0.021219250067901457
1659,sequences_11_0.75_9,sequences,11,-17.0,8.65,0.75,9,0.201963460184227,0.021374174053763677
1660,sequences_11_0.75_10,sequences,11,-17.0,8.65,0.75,10,0.2013489238716074,0.0212664316143936
1661,sequences_11_0.75_11,sequences,11,-17.0,8.65,0.75,11,0.21381128942841401,0.020941103764712303
1662,sequences_11_0.75_12,sequences,11,-17.0,8.65,0.75,12,0.21055498171526424,0.021194678349188183
1663,sequences_11_0.75_13,sequences,11,-17.0,8.65,0.75,13,0.20265418703420157,0.02117594228114857
1664,sequences_11_0.75_14,sequences,11,-17.0,8.65,0.75,14,0.20589561145263963,0.02102214852752966
1665,sequences_11_0.75_15,sequences,11,-17.0,8.65,0.75,15,0.20748171855312617,0.02096689026583092
1666,sequences_11_0.75_16,sequences,11,-17.0,8.65,0.75,16,0.1996438585510789,0.021294771430777484
1667,sequences_11_0.75_17,sequences,11,-17.0,8.65,0.75,17,0.20234712865706841,0.021160618258580986
1668,sequences_11_0.75_18,sequences,11,-17.0,8.65,0.75,18,0.19114877607804737,0.021711228488218357
1669,sequences_11_0.75_19,sequences,11,-17.0,8.65,0.75,19,0.19895266406329218,0.021649715631830515
1670,sequences_11_0.75_20,sequences,11,-17.0,8.65,0.75,20,0.20261475632154663,0.021339842902371634
1671,sequences_11_0.75_21,sequences,11,-17.0,8.65,0.75,21,0.210266140963584,0.020859262144305793
1672,sequences_11_0.75_22,sequences,11,-17.0,8.65,0.75,22,0.21112406951669255,0.02084052157411291
1673,sequences_11_0.75_23,sequences,11,-17.0,8.65,0.75,23,0.20980613341970766,0.0207977840668961
1674,sequences_11_0.75_24,sequences,11,-17.0,8.65,0.75,24,0.19969183807493465,0.021157082645984582
1675,sequences_11_0.75_25,sequences,11,-17.0,8.65,0.75,25,0.21058634178543817,0.020912905541195438
1676,sequences_11_0.75_26,sequences,11,-17.0,8.65,0.75,26,0.20347317283633334,0.021073893563111006
1677,sequences_11_0.75_27,sequences,11,-17.0,8.65,0.75,27,0.20713440222418153,0.020676844059415646
1678,sequences_11_0.75_28,sequences,11,-17.0,8.65,0.75,28,0.20800798956640454,0.02098941818534187
1679,sequences_11_0.75_29,sequences,11,-17.0,8.65,0.75,29,0.1977742435096399,0.021382059043329925
1680,sequences_11_0.75_30,sequences,11,-17.0,8.65,0.75,30,0.2098259640077776,0.020902936987517388
1681,sequences_11_0.75_31,sequences,11,-17.0,8.65,0.75,31,0.19914456706920972,0.02107315771268334
1682,sequences_11_0.75_32,sequences,11,-17.0,8.65,0.75,32,0.19706910150514392,0.02148123744715044
1683,sequences_11_0.75_33,sequences,11,-17.0,8.65,0.75,33,0.18796568239386718,0.021709072118626698
1684,sequences_11_0.75_34,sequences,11,-17.0,8.65,0.75,34,0.20100488735388297,0.0213940697241151
1685,sequences_11_0.75_35,sequences,11,-17.0,8.65,0.75,35,0.20259848811515954,0.021307699928192182
1686,sequences_11_0.75_36,sequences,11,-17.0,8.65,0.75,36,0.20361909672326092,0.021126172831888702
1687,sequences_11_0.75_37,sequences,11,-17.0,8.65,0.75,37,0.2102578729260694,0.020905944776389473
1688,sequences_11_0.75_38,sequences,11,-17.0,8.65,0.75,38,0.20973960977782882,0.02067714885846745
1689,sequences_11_0.75_39,sequences,11,-17.0,8.65,0.75,39,0.20378557681629206,0.021200882376097293
1690,sequences_11_0.75_40,sequences,11,-17.0,8.65,0.75,40,0.2058386855858625,0.021087877256173213
1691,sequences_11_0.75_41,sequences,11,-17.0,8.65,0.75,41,0.19664813336435866,0.021599387395733215
1692,sequences_11_0.75_42,sequences,11,-17.0,8.65,0.75,42,0.2023961710910602,0.021095852393564395
1693,sequences_11_0.75_43,sequences,11,-17.0,8.65,0.75,43,0.20601592075558695,0.020946524104691572
1694,sequences_11_0.75_44,sequences,11,-17.0,8.65,0.75,44,0.2080529517500329,0.021005048144511283
1695,sequences_11_0.75_45,sequences,11,-17.0,8.65,0.75,45,0.20208671731819,0.021271378757443334
1696,sequences_11_0.75_46,sequences,11,-17.0,8.65,0.75,46,0.1991661385350644,0.021351498838047513
1697,sequences_11_0.75_47,sequences,11,-17.0,8.65,0.75,47,0.1956645036605612,0.021374532298482844
1698,sequences_11_0.75_48,sequences,11,-17.0,8.65,0.75,48,0.20353385670611315,0.02107069613085707
1699,sequences_11_0.75_49,sequences,11,-17.0,8.65,0.75,49,0.2041874521086955,0.02124057105042872
1700,sequences_11_1_0,sequences,11,,10.74,1.0,0,0.19626647995721128,0.022291106194495446
1701,sequences_11_1_1,sequences,11,,10.74,1.0,1,0.19689515755143544,0.022286823847447283
1702,sequences_11_1_2,sequences,11,,10.74,1.0,2,0.20152442931799314,0.022247049127122595
1703,sequences_11_1_3,sequences,11,,10.74,1.0,3,0.2147722167159293,0.02144480338526265
1704,sequences_11_1_4,sequences,11,,10.74,1.0,4,0.2141786943491208,0.021941523067775807
1705,sequences_11_1_5,sequences,11,,10.74,1.0,5,0.209364231930039,0.021652559675596855
1706,sequences_11_1_6,sequences,11,,10.74,1.0,6,0.20332159780003167,0.021833053104286355
1707,sequences_11_1_7,sequences,11,,10.74,1.0,7,0.20455320829723303,0.022108627148973763
1708,sequences_11_1_8,sequences,11,,10.74,1.0,8,0.20993667707745858,0.021909464670157194
1709,sequences_11_1_9,sequences,11,,10.74,1.0,9,0.18474249931069836,0.0224969291414462
1710,sequences_11_1_10,sequences,11,,10.74,1.0,10,0.2149230911858974,0.021546249712213517
1711,sequences_11_1_11,sequences,11,,10.74,1.0,11,0.18999048073288233,0.022131511388011577
1712,sequences_11_1_12,sequences,11,,10.74,1.0,12,0.20044119803106303,0.021804550787671042
1713,sequences_11_1_13,sequences,11,,10.74,1.0,13,0.19834404839522402,0.021934485214843716
1714,sequences_11_1_14,sequences,11,,10.74,1.0,14,0.19907482432163684,0.022156449178067316
1715,sequences_11_1_15,sequences,11,,10.74,1.0,15,0.21337758609472546,0.021687380165016167
1716,sequences_11_1_16,sequences,11,,10.74,1.0,16,0.21347478533309253,0.021870497708929255
1717,sequences_11_1_17,sequences,11,,10.74,1.0,17,0.20576273581625462,0.021980095802323747
1718,sequences_11_1_18,sequences,11,,10.74,1.0,18,0.20149087476237906,0.022187924859150398
1719,sequences_11_1_19,sequences,11,,10.74,1.0,19,0.1983814175296806,0.022159470002411717
1720,sequences_11_1_20,sequences,11,,10.74,1.0,20,0.1908449566396452,0.02232138764001954
1721,sequences_11_1_21,sequences,11,,10.74,1.0,21,0.20250684006371703,0.022155139508017552
1722,sequences_11_1_22,sequences,11,,10.74,1.0,22,0.18960351369810505,0.022455244387424817
1723,sequences_11_1_23,sequences,11,,10.74,1.0,23,0.203468919293981,0.022017663566289723
1724,sequences_11_1_24,sequences,11,,10.74,1.0,24,0.20121346845486443,0.022165713723559674
1725,sequences_11_1_25,sequences,11,,10.74,1.0,25,0.2117417602340205,0.02184051345400557
1726,sequences_11_1_26,sequences,11,,10.74,1.0,26,0.20367031717570666,0.021843966318629483
1727,sequences_11_1_27,sequences,11,,10.74,1.0,27,0.21640704723866278,0.021517926910293955
1728,sequences_11_1_28,sequences,11,,10.74,1.0,28,0.20396694756434464,0.02201278906822695
1729,sequences_11_1_29,sequences,11,,10.74,1.0,29,0.19994129322687235,0.022214001209018785
1730,sequences_11_1_30,sequences,11,,10.74,1.0,30,0.21384306259191588,0.022082788836438248
1731,sequences_11_1_31,sequences,11,,10.74,1.0,31,0.19874203906769528,0.02186601012029647
1732,sequences_11_1_32,sequences,11,,10.74,1.0,32,0.21273305063815212,0.021899687725921792
1733,sequences_11_1_33,sequences,11,,10.74,1.0,33,0.2079414217768575,0.021789286566520447
1734,sequences_11_1_34,sequences,11,,10.74,1.0,34,0.20301358807100195,0.021789394407374523
1735,sequences_11_1_35,sequences,11,,10.74,1.0,35,0.1978708126557975,0.021609749050937047
1736,sequences_11_1_36,sequences,11,,10.74,1.0,36,0.2009335798032625,0.022082974970920884
1737,sequences_11_1_37,sequences,11,,10.74,1.0,37,0.21191493453674534,0.021583287345380398
1738,sequences_11_1_38,sequences,11,,10.74,1.0,38,0.19895375329281728,0.021780222837594794
1739,sequences_11_1_39,sequences,11,,10.74,1.0,39,0.20176846563953588,0.021632883748396156
1740,sequences_11_1_40,sequences,11,,10.74,1.0,40,0.2065808886292114,0.021872383074947335
1741,sequences_11_1_41,sequences,11,,10.74,1.0,41,0.2111802140182103,0.021675920880948454
1742,sequences_11_1_42,sequences,11,,10.74,1.0,42,0.211033695014246,0.02185401822575337
1743,sequences_11_1_43,sequences,11,,10.74,1.0,43,0.20964835604580453,0.021701055226198012
1744,sequences_11_1_44,sequences,11,,10.74,1.0,44,0.19246008460865252,0.022416672139989838
1745,sequences_11_1_45,sequences,11,,10.74,1.0,45,0.20981747357301134,0.02190441474158573
1746,sequences_11_1_46,sequences,11,,10.74,1.0,46,0.20434047861412688,0.02186768443266715
1747,sequences_11_1_47,sequences,11,,10.74,1.0,47,0.20373692416625117,0.02223281155685322
1748,sequences_11_1_48,sequences,11,,10.74,1.0,48,0.21174725536753417,0.021860061567481902
1749,sequences_11_1_49,sequences,11,,10.74,1.0,49,0.21007844398210906,0.021507989638755727
1750,sequences_12_0_0,sequences,12,-22.0,7.18,0.0,0,0.2431265306275873,0.021891474622857753
1751,sequences_12_0_1,sequences,12,-22.0,7.18,0.0,1,0.24211968415315946,0.022148624051598727
1752,sequences_12_0_2,sequences,12,-22.0,7.18,0.0,2,0.2516892874809047,0.02181347856043078
1753,sequences_12_0_3,sequences,12,-22.0,7.18,0.0,3,0.250080830513589,0.021923941802523696
1754,sequences_12_0_4,sequences,12,-22.0,7.18,0.0,4,0.24541559199501695,0.021959049469177417
1755,sequences_12_0_5,sequences,12,-22.0,7.18,0.0,5,0.24484794459149214,0.02202377023041428
1756,sequences_12_0_6,sequences,12,-22.0,7.18,0.0,6,0.24907801991609052,0.0220590936973591
1757,sequences_12_0_7,sequences,12,-22.0,7.18,0.0,7,0.24677184785205714,0.022117905642958808
1758,sequences_12_0_8,sequences,12,-22.0,7.18,0.0,8,0.23856853118182464,0.022181785479264107
1759,sequences_12_0_9,sequences,12,-22.0,7.18,0.0,9,0.24961685968131664,0.02193527105274008
1760,sequences_12_0_10,sequences,12,-22.0,7.18,0.0,10,0.25225951287979953,0.0219627735442745
1761,sequences_12_0_11,sequences,12,-22.0,7.18,0.0,11,0.25407745211279426,0.02188893722649276
1762,sequences_12_0_12,sequences,12,-22.0,7.18,0.0,12,0.25075646999096884,0.022170124741743957
1763,sequences_12_0_13,sequences,12,-22.0,7.18,0.0,13,0.24494237343915254,0.021985750955898904
1764,sequences_12_0_14,sequences,12,-22.0,7.18,0.0,14,0.24608361037612897,0.021946294652906158
1765,sequences_12_0_15,sequences,12,-22.0,7.18,0.0,15,0.25208372261508316,0.021941824792052724
1766,sequences_12_0_16,sequences,12,-22.0,7.18,0.0,16,0.24479474338597723,0.02216819012143198
1767,sequences_12_0_17,sequences,12,-22.0,7.18,0.0,17,0.24719873947617405,0.021923108289685394
1768,sequences_12_0_18,sequences,12,-22.0,7.18,0.0,18,0.24305338975962837,0.022152080980532854
1769,sequences_12_0_19,sequences,12,-22.0,7.18,0.0,19,0.24627064136203244,0.021969521695782267
1770,sequences_12_0_20,sequences,12,-22.0,7.18,0.0,20,0.2444608804210664,0.022075829803160873
1771,sequences_12_0_21,sequences,12,-22.0,7.18,0.0,21,0.24236282830289374,0.02191396823374111
1772,sequences_12_0_22,sequences,12,-22.0,7.18,0.0,22,0.25096357499048927,0.021806424785240114
1773,sequences_12_0_23,sequences,12,-22.0,7.18,0.0,23,0.24928589460327075,0.021994585259325312
1774,sequences_12_0_24,sequences,12,-22.0,7.18,0.0,24,0.25186850718352966,0.02212167199538099
1775,sequences_12_0_25,sequences,12,-22.0,7.18,0.0,25,0.24753685950052703,0.022239153840730743
1776,sequences_12_0_26,sequences,12,-22.0,7.18,0.0,26,0.2471063981767243,0.021923208713691345
1777,sequences_12_0_27,sequences,12,-22.0,7.18,0.0,27,0.24415056226225076,0.021864369914911815
1778,sequences_12_0_28,sequences,12,-22.0,7.18,0.0,28,0.25142793386369566,0.02176040770261416
1779,sequences_12_0_29,sequences,12,-22.0,7.18,0.0,29,0.2447269235472616,0.02207142334054772
1780,sequences_12_0_30,sequences,12,-22.0,7.18,0.0,30,0.2395822756623084,0.021956448730889918
1781,sequences_12_0_31,sequences,12,-22.0,7.18,0.0,31,0.24998586698991151,0.02203467802219048
1782,sequences_12_0_32,sequences,12,-22.0,7.18,0.0,32,0.23772230154162044,0.021851342019075373
1783,sequences_12_0_33,sequences,12,-22.0,7.18,0.0,33,0.2489399936666301,0.022026952736290142
1784,sequences_12_0_34,sequences,12,-22.0,7.18,0.0,34,0.24380326174451428,0.021982274503773453
1785,sequences_12_0_35,sequences,12,-22.0,7.18,0.0,35,0.2529775522288632,0.022196215548263443
1786,sequences_12_0_36,sequences,12,-22.0,7.18,0.0,36,0.25018635290497054,0.02184835536632202
1787,sequences_12_0_37,sequences,12,-22.0,7.18,0.0,37,0.24530246775508144,0.022117494159944292
1788,sequences_12_0_38,sequences,12,-22.0,7.18,0.0,38,0.24000413732854545,0.021949904870686036
1789,sequences_12_0_39,sequences,12,-22.0,7.18,0.0,39,0.2553004179768929,0.02200951506350469
1790,sequences_12_0_40,sequences,12,-22.0,7.18,0.0,40,0.2479483415526551,0.021888930115244922
1791,sequences_12_0_41,sequences,12,-22.0,7.18,0.0,41,0.2520080775147928,0.02190312098643198
1792,sequences_12_0_42,sequences,12,-22.0,7.18,0.0,42,0.25443163213860315,0.022026087619848016
1793,sequences_12_0_43,sequences,12,-22.0,7.18,0.0,43,0.2454971984250906,0.021950073593434268
1794,sequences_12_0_44,sequences,12,-22.0,7.18,0.0,44,0.24781841538210733,0.022132914970377327
1795,sequences_12_0_45,sequences,12,-22.0,7.18,0.0,45,0.25081978352729206,0.022062396464474828
1796,sequences_12_0_46,sequences,12,-22.0,7.18,0.0,46,0.24653255557164244,0.021905835295013068
1797,sequences_12_0_47,sequences,12,-22.0,7.18,0.0,47,0.2580899421674276,0.022048069065640163
1798,sequences_12_0_48,sequences,12,-22.0,7.18,0.0,48,0.2415365991462583,0.02205163839635853
1799,sequences_12_0_49,sequences,12,-22.0,7.18,0.0,49,0.24956053260894423,0.022001606847777595
1800,sequences_12_0.25_0,sequences,12,-22.0,7.18,0.25,0,0.21827959399130756,0.02240469573178974
1801,sequences_12_0.25_1,sequences,12,-22.0,7.18,0.25,1,0.23464787729775446,0.02236243162882106
1802,sequences_12_0.25_2,sequences,12,-22.0,7.18,0.25,2,0.23241818875276374,0.022265779579348183
1803,sequences_12_0.25_3,sequences,12,-22.0,7.18,0.25,3,0.22536698152254564,0.02239865648075574
1804,sequences_12_0.25_4,sequences,12,-22.0,7.18,0.25,4,0.23641168400587614,0.022325168159058183
1805,sequences_12_0.25_5,sequences,12,-22.0,7.18,0.25,5,0.2332347973974202,0.022352939927234916
1806,sequences_12_0.25_6,sequences,12,-22.0,7.18,0.25,6,0.2312582546085164,0.022388070335952345
1807,sequences_12_0.25_7,sequences,12,-22.0,7.18,0.25,7,0.215572270941494,0.022586060864266632
1808,sequences_12_0.25_8,sequences,12,-22.0,7.18,0.25,8,0.22037483951517378,0.02257270178226609
1809,sequences_12_0.25_9,sequences,12,-22.0,7.18,0.25,9,0.21594211559793122,0.022555190349318716
1810,sequences_12_0.25_10,sequences,12,-22.0,7.18,0.25,10,0.22123739435876702,0.022453125829755675
1811,sequences_12_0.25_11,sequences,12,-22.0,7.18,0.25,11,0.2227145205476255,0.022374034329339893
1812,sequences_12_0.25_12,sequences,12,-22.0,7.18,0.25,12,0.21587642971379403,0.022537364803411286
1813,sequences_12_0.25_13,sequences,12,-22.0,7.18,0.25,13,0.2246261784964587,0.022470914303372416
1814,sequences_12_0.25_14,sequences,12,-22.0,7.18,0.25,14,0.23133920960763082,0.022411148630653726
1815,sequences_12_0.25_15,sequences,12,-22.0,7.18,0.25,15,0.21875534551467418,0.02241044049585065
1816,sequences_12_0.25_16,sequences,12,-22.0,7.18,0.25,16,0.22975627924581515,0.022412579523976586
1817,sequences_12_0.25_17,sequences,12,-22.0,7.18,0.25,17,0.22361645897252846,0.02247341375475455
1818,sequences_12_0.25_18,sequences,12,-22.0,7.18,0.25,18,0.2224620554617173,0.02258951081546775
1819,sequences_12_0.25_19,sequences,12,-22.0,7.18,0.25,19,0.2238925307171467,0.02241225967661409
1820,sequences_12_0.25_20,sequences,12,-22.0,7.18,0.25,20,0.22999521088461483,0.022394345365912192
1821,sequences_12_0.25_21,sequences,12,-22.0,7.18,0.25,21,0.22010025228813,0.02240330268628964
1822,sequences_12_0.25_22,sequences,12,-22.0,7.18,0.25,22,0.23406780800757135,0.02231663533769782
1823,sequences_12_0.25_23,sequences,12,-22.0,7.18,0.25,23,0.22496375787985062,0.022506580079164826
1824,sequences_12_0.25_24,sequences,12,-22.0,7.18,0.25,24,0.2232767191252124,0.022581173080152936
1825,sequences_12_0.25_25,sequences,12,-22.0,7.18,0.25,25,0.23115478459648692,0.0224830775249066
1826,sequences_12_0.25_26,sequences,12,-22.0,7.18,0.25,26,0.2224991516130847,0.02265697809665636
1827,sequences_12_0.25_27,sequences,12,-22.0,7.18,0.25,27,0.21829122709718426,0.022497726525298974
1828,sequences_12_0.25_28,sequences,12,-22.0,7.18,0.25,28,0.23435000102181588,0.022284603217362895
1829,sequences_12_0.25_29,sequences,12,-22.0,7.18,0.25,29,0.22928955040221788,0.022206084741029794
1830,sequences_12_0.25_30,sequences,12,-22.0,7.18,0.25,30,0.22000645472938826,0.02233592852667514
1831,sequences_12_0.25_31,sequences,12,-22.0,7.18,0.25,31,0.22731971895468323,0.022504456193727283
1832,sequences_12_0.25_32,sequences,12,-22.0,7.18,0.25,32,0.22724665459986376,0.02248107780387881
1833,sequences_12_0.25_33,sequences,12,-22.0,7.18,0.25,33,0.21903197558466433,0.022291690722721007
1834,sequences_12_0.25_34,sequences,12,-22.0,7.18,0.25,34,0.22831232528868187,0.022318164709620267
1835,sequences_12_0.25_35,sequences,12,-22.0,7.18,0.25,35,0.2219486237696121,0.02249999543507239
1836,sequences_12_0.25_36,sequences,12,-22.0,7.18,0.25,36,0.22644546350960199,0.022276289188964033
1837,sequences_12_0.25_37,sequences,12,-22.0,7.18,0.25,37,0.2180212902242908,0.0225256147126791
1838,sequences_12_0.25_38,sequences,12,-22.0,7.18,0.25,38,0.21389359803703964,0.022467400414562987
1839,sequences_12_0.25_39,sequences,12,-22.0,7.18,0.25,39,0.23582871374321637,0.022409909273217916
1840,sequences_12_0.25_40,sequences,12,-22.0,7.18,0.25,40,0.22703101458887864,0.022397653123482877
1841,sequences_12_0.25_41,sequences,12,-22.0,7.18,0.25,41,0.22208066601173032,0.022482756570007745
1842,sequences_12_0.25_42,sequences,12,-22.0,7.18,0.25,42,0.215153435081256,0.02226582390292107
1843,sequences_12_0.25_43,sequences,12,-22.0,7.18,0.25,43,0.22567499649818315,0.022433087440421842
1844,sequences_12_0.25_44,sequences,12,-22.0,7.18,0.25,44,0.2270330296502954,0.022382228610509168
1845,sequences_12_0.25_45,sequences,12,-22.0,7.18,0.25,45,0.2105219023481625,0.022566314659326504
1846,sequences_12_0.25_46,sequences,12,-22.0,7.18,0.25,46,0.21911980951952306,0.022522494372082747
1847,sequences_12_0.25_47,sequences,12,-22.0,7.18,0.25,47,0.22866211358003422,0.02230208304026072
1848,sequences_12_0.25_48,sequences,12,-22.0,7.18,0.25,48,0.22388281041850389,0.022415900820584284
1849,sequences_12_0.25_49,sequences,12,-22.0,7.18,0.25,49,0.23435583603010998,0.022272569248141326
1850,sequences_12_0.5_0,sequences,12,-22.0,7.18,0.5,0,0.2113307618552497,0.022411051874965175
1851,sequences_12_0.5_1,sequences,12,-22.0,7.18,0.5,1,0.2017535879615984,0.022542514050853564
1852,sequences_12_0.5_2,sequences,12,-22.0,7.18,0.5,2,0.20916409412381984,0.022369860174530867
1853,sequences_12_0.5_3,sequences,12,-22.0,7.18,0.5,3,0.21253325190297861,0.022513325379306535
1854,sequences_12_0.5_4,sequences,12,-22.0,7.18,0.5,4,0.20928117937095464,0.022433602528787566
1855,sequences_12_0.5_5,sequences,12,-22.0,7.18,0.5,5,0.22139078125851275,0.022326701923179374
1856,sequences_12_0.5_6,sequences,12,-22.0,7.18,0.5,6,0.20866858341111635,0.022415590075129277
1857,sequences_12_0.5_7,sequences,12,-22.0,7.18,0.5,7,0.20452553899073359,0.02248315548340591
1858,sequences_12_0.5_8,sequences,12,-22.0,7.18,0.5,8,0.1974194917668612,0.022451583290861266
1859,sequences_12_0.5_9,sequences,12,-22.0,7.18,0.5,9,0.21444599791770427,0.022284455584298913
1860,sequences_12_0.5_10,sequences,12,-22.0,7.18,0.5,10,0.20443550699243485,0.022470260328119863
1861,sequences_12_0.5_11,sequences,12,-22.0,7.18,0.5,11,0.21794736192859587,0.02250498682239108
1862,sequences_12_0.5_12,sequences,12,-22.0,7.18,0.5,12,0.2062738929476992,0.022554925679664654
1863,sequences_12_0.5_13,sequences,12,-22.0,7.18,0.5,13,0.2118886891257683,0.022398452059358937
1864,sequences_12_0.5_14,sequences,12,-22.0,7.18,0.5,14,0.20556334136250512,0.0225811108097872
1865,sequences_12_0.5_15,sequences,12,-22.0,7.18,0.5,15,0.205365249750422,0.02249421888134176
1866,sequences_12_0.5_16,sequences,12,-22.0,7.18,0.5,16,0.22016416291387753,0.022219455983076154
1867,sequences_12_0.5_17,sequences,12,-22.0,7.18,0.5,17,0.2061398503952256,0.02243737280958721
1868,sequences_12_0.5_18,sequences,12,-22.0,7.18,0.5,18,0.2159390779837022,0.022516243912968633
1869,sequences_12_0.5_19,sequences,12,-22.0,7.18,0.5,19,0.20010446507061042,0.022544811697871148
1870,sequences_12_0.5_20,sequences,12,-22.0,7.18,0.5,20,0.2019346929525665,0.022447479306245646
1871,sequences_12_0.5_21,sequences,12,-22.0,7.18,0.5,21,0.22160441618749396,0.022344479156305448
1872,sequences_12_0.5_22,sequences,12,-22.0,7.18,0.5,22,0.2168415381416705,0.02241241306430402
1873,sequences_12_0.5_23,sequences,12,-22.0,7.18,0.5,23,0.21268519265806035,0.0224371036342806
1874,sequences_12_0.5_24,sequences,12,-22.0,7.18,0.5,24,0.20957318857273288,0.02251783970531559
1875,sequences_12_0.5_25,sequences,12,-22.0,7.18,0.5,25,0.21259798122121543,0.022452122014403563
1876,sequences_12_0.5_26,sequences,12,-22.0,7.18,0.5,26,0.22009605192135992,0.022479482932218988
1877,sequences_12_0.5_27,sequences,12,-22.0,7.18,0.5,27,0.21701789384569928,0.022322700665599417
1878,sequences_12_0.5_28,sequences,12,-22.0,7.18,0.5,28,0.20569904517730642,0.022483251628593076
1879,sequences_12_0.5_29,sequences,12,-22.0,7.18,0.5,29,0.2097879108269922,0.022499280712218673
1880,sequences_12_0.5_30,sequences,12,-22.0,7.18,0.5,30,0.21739350708366503,0.022487508701021522
1881,sequences_12_0.5_31,sequences,12,-22.0,7.18,0.5,31,0.21234634207590738,0.022500080497557116
1882,sequences_12_0.5_32,sequences,12,-22.0,7.18,0.5,32,0.2150078414763738,0.022294554018518525
1883,sequences_12_0.5_33,sequences,12,-22.0,7.18,0.5,33,0.2150825880927639,0.022389485105003513
1884,sequences_12_0.5_34,sequences,12,-22.0,7.18,0.5,34,0.21660628466639312,0.02235884516459686
1885,sequences_12_0.5_35,sequences,12,-22.0,7.18,0.5,35,0.22200551755582576,0.02230475667002892
1886,sequences_12_0.5_36,sequences,12,-22.0,7.18,0.5,36,0.21573752576792243,0.02240093999570416
1887,sequences_12_0.5_37,sequences,12,-22.0,7.18,0.5,37,0.20509958270821294,0.02260763422051997
1888,sequences_12_0.5_38,sequences,12,-22.0,7.18,0.5,38,0.21315617091977684,0.022399148577038584
1889,sequences_12_0.5_39,sequences,12,-22.0,7.18,0.5,39,0.2130505121104372,0.022522002462923397
1890,sequences_12_0.5_40,sequences,12,-22.0,7.18,0.5,40,0.19570013361731448,0.0225832151556767
1891,sequences_12_0.5_41,sequences,12,-22.0,7.18,0.5,41,0.20528574343915612,0.0224982326525134
1892,sequences_12_0.5_42,sequences,12,-22.0,7.18,0.5,42,0.2124493748992961,0.022407914664671954
1893,sequences_12_0.5_43,sequences,12,-22.0,7.18,0.5,43,0.19742295090404063,0.022567579365646573
1894,sequences_12_0.5_44,sequences,12,-22.0,7.18,0.5,44,0.20824555653040017,0.022457685979430864
1895,sequences_12_0.5_45,sequences,12,-22.0,7.18,0.5,45,0.21437544958153465,0.022320848190221322
1896,sequences_12_0.5_46,sequences,12,-22.0,7.18,0.5,46,0.21774150436778883,0.022367992733194807
1897,sequences_12_0.5_47,sequences,12,-22.0,7.18,0.5,47,0.22023458850300137,0.022296357661790295
1898,sequences_12_0.5_48,sequences,12,-22.0,7.18,0.5,48,0.2120719755162776,0.022449794280567804
1899,sequences_12_0.5_49,sequences,12,-22.0,7.18,0.5,49,0.20476512471156982,0.02252563743590738
1900,sequences_12_0.75_0,sequences,12,-22.0,7.18,0.75,0,0.21690111132136328,0.022334747938063983
1901,sequences_12_0.75_1,sequences,12,-22.0,7.18,0.75,1,0.2139261914945902,0.02194663001860237
1902,sequences_12_0.75_2,sequences,12,-22.0,7.18,0.75,2,0.21014195944853373,0.022259058438168642
1903,sequences_12_0.75_3,sequences,12,-22.0,7.18,0.75,3,0.2094554039547471,0.02231897583616436
1904,sequences_12_0.75_4,sequences,12,-22.0,7.18,0.75,4,0.21549291401752316,0.02235938223406568
1905,sequences_12_0.75_5,sequences,12,-22.0,7.18,0.75,5,0.20571346981178754,0.022334827929304173
1906,sequences_12_0.75_6,sequences,12,-22.0,7.18,0.75,6,0.21701080378893636,0.022275842064998233
1907,sequences_12_0.75_7,sequences,12,-22.0,7.18,0.75,7,0.21388988171122889,0.02228320451987027
1908,sequences_12_0.75_8,sequences,12,-22.0,7.18,0.75,8,0.21026842381431093,0.022353165036684112
1909,sequences_12_0.75_9,sequences,12,-22.0,7.18,0.75,9,0.2065667986718447,0.022460066861078525
1910,sequences_12_0.75_10,sequences,12,-22.0,7.18,0.75,10,0.21682243299279813,0.022180113792066844
1911,sequences_12_0.75_11,sequences,12,-22.0,7.18,0.75,11,0.2021455612974231,0.02252723732927518
1912,sequences_12_0.75_12,sequences,12,-22.0,7.18,0.75,12,0.21483916247380955,0.022250898288621212
1913,sequences_12_0.75_13,sequences,12,-22.0,7.18,0.75,13,0.2149100487341439,0.022230307332396684
1914,sequences_12_0.75_14,sequences,12,-22.0,7.18,0.75,14,0.20061531248236114,0.022474510919160313
1915,sequences_12_0.75_15,sequences,12,-22.0,7.18,0.75,15,0.2108865447264985,0.02220890785205915
1916,sequences_12_0.75_16,sequences,12,-22.0,7.18,0.75,16,0.19936735670497838,0.02259125757267757
1917,sequences_12_0.75_17,sequences,12,-22.0,7.18,0.75,17,0.21713511892499743,0.02210446013761778
1918,sequences_12_0.75_18,sequences,12,-22.0,7.18,0.75,18,0.1998504737877425,0.02246391264582009
1919,sequences_12_0.75_19,sequences,12,-22.0,7.18,0.75,19,0.20906611246327567,0.022346446711673976
1920,sequences_12_0.75_20,sequences,12,-22.0,7.18,0.75,20,0.2114917698197571,0.02235433555512665
1921,sequences_12_0.75_21,sequences,12,-22.0,7.18,0.75,21,0.21262926921609057,0.022311111699270886
1922,sequences_12_0.75_22,sequences,12,-22.0,7.18,0.75,22,0.21491512348172068,0.022250537908612533
1923,sequences_12_0.75_23,sequences,12,-22.0,7.18,0.75,23,0.2054592499910937,0.02245186536391867
1924,sequences_12_0.75_24,sequences,12,-22.0,7.18,0.75,24,0.2122184186049743,0.022307025773784402
1925,sequences_12_0.75_25,sequences,12,-22.0,7.18,0.75,25,0.2024162626611216,0.022353381893303312
1926,sequences_12_0.75_26,sequences,12,-22.0,7.18,0.75,26,0.21626534514381024,0.022179511284299593
1927,sequences_12_0.75_27,sequences,12,-22.0,7.18,0.75,27,0.20702695177508348,0.022411216863354167
1928,sequences_12_0.75_28,sequences,12,-22.0,7.18,0.75,28,0.2015954683729128,0.02229063705316347
1929,sequences_12_0.75_29,sequences,12,-22.0,7.18,0.75,29,0.2042635363402712,0.022365585432781172
1930,sequences_12_0.75_30,sequences,12,-22.0,7.18,0.75,30,0.21252902867154663,0.02223887746442722
1931,sequences_12_0.75_31,sequences,12,-22.0,7.18,0.75,31,0.20739729255070147,0.022431198587570228
1932,sequences_12_0.75_32,sequences,12,-22.0,7.18,0.75,32,0.20949141921200531,0.022405005566582314
1933,sequences_12_0.75_33,sequences,12,-22.0,7.18,0.75,33,0.20256050734152198,0.022499115757529695
1934,sequences_12_0.75_34,sequences,12,-22.0,7.18,0.75,34,0.20479331893177474,0.022262531206593734
1935,sequences_12_0.75_35,sequences,12,-22.0,7.18,0.75,35,0.19936614907811956,0.022425445384881823
1936,sequences_12_0.75_36,sequences,12,-22.0,7.18,0.75,36,0.21344751237787069,0.022373273783737106
1937,sequences_12_0.75_37,sequences,12,-22.0,7.18,0.75,37,0.19432024456369656,0.022550852158290138
1938,sequences_12_0.75_38,sequences,12,-22.0,7.18,0.75,38,0.2194668406160416,0.02208129789956068
1939,sequences_12_0.75_39,sequences,12,-22.0,7.18,0.75,39,0.21532278308771394,0.022327647966580065
1940,sequences_12_0.75_40,sequences,12,-22.0,7.18,0.75,40,0.21203567711162458,0.022137797304764936
1941,sequences_12_0.75_41,sequences,12,-22.0,7.18,0.75,41,0.20932691133307532,0.02229079206445791
1942,sequences_12_0.75_42,sequences,12,-22.0,7.18,0.75,42,0.19495986028411208,0.0225874390750691
1943,sequences_12_0.75_43,sequences,12,-22.0,7.18,0.75,43,0.20234523221829653,0.02238386178284465
1944,sequences_12_0.75_44,sequences,12,-22.0,7.18,0.75,44,0.2082220928622276,0.022445224365325936
1945,sequences_12_0.75_45,sequences,12,-22.0,7.18,0.75,45,0.21473910735333424,0.022351871726850114
1946,sequences_12_0.75_46,sequences,12,-22.0,7.18,0.75,46,0.19489722476838747,0.022430126034642738
1947,sequences_12_0.75_47,sequences,12,-22.0,7.18,0.75,47,0.21856082931658957,0.022219702251836948
1948,sequences_12_0.75_48,sequences,12,-22.0,7.18,0.75,48,0.20913388451839515,0.022382850019267108
1949,sequences_12_0.75_49,sequences,12,-22.0,7.18,0.75,49,0.21422207410023356,0.022152174451556015
1950,sequences_12_1_0,sequences,12,,10.74,1.0,0,0.21043878929444482,0.02166801434279587
1951,sequences_12_1_1,sequences,12,,10.74,1.0,1,0.2097233384403425,0.021446703238745136
1952,sequences_12_1_2,sequences,12,,10.74,1.0,2,0.18976258956562606,0.022430411839263382
1953,sequences_12_1_3,sequences,12,,10.74,1.0,3,0.2122645340873494,0.021900128291952897
1954,sequences_12_1_4,sequences,12,,10.74,1.0,4,0.2166976458422762,0.02178393055607162
1955,sequences_12_1_5,sequences,12,,10.74,1.0,5,0.21625305313571874,0.021527838734883422
1956,sequences_12_1_6,sequences,12,,10.74,1.0,6,0.19663221756226407,0.021860734179758798
1957,sequences_12_1_7,sequences,12,,10.74,1.0,7,0.1971090010647705,0.022333827104355265
1958,sequences_12_1_8,sequences,12,,10.74,1.0,8,0.2076520242631657,0.021714918204492725
1959,sequences_12_1_9,sequences,12,,10.74,1.0,9,0.20378788427984215,0.021866867674259494
1960,sequences_12_1_10,sequences,12,,10.74,1.0,10,0.20574126620225602,0.02206634136885567
1961,sequences_12_1_11,sequences,12,,10.74,1.0,11,0.18901418862997912,0.02236048470076044
1962,sequences_12_1_12,sequences,12,,10.74,1.0,12,0.21017372133600506,0.0218172347897321
1963,sequences_12_1_13,sequences,12,,10.74,1.0,13,0.19659538571795662,0.02228578052411456
1964,sequences_12_1_14,sequences,12,,10.74,1.0,14,0.19843062168050196,0.021848027153530725
1965,sequences_12_1_15,sequences,12,,10.74,1.0,15,0.20209606265306987,0.022093248452001432
1966,sequences_12_1_16,sequences,12,,10.74,1.0,16,0.21758964683688345,0.021547349578602538
1967,sequences_12_1_17,sequences,12,,10.74,1.0,17,0.21366579409111947,0.02172757746113506
1968,sequences_12_1_18,sequences,12,,10.74,1.0,18,0.21519488298402614,0.021607467172609585
1969,sequences_12_1_19,sequences,12,,10.74,1.0,19,0.2083309539040771,0.021970054645472116
1970,sequences_12_1_20,sequences,12,,10.74,1.0,20,0.20092828104565558,0.021955052874918262
1971,sequences_12_1_21,sequences,12,,10.74,1.0,21,0.20806742005348186,0.022015546085199646
1972,sequences_12_1_22,sequences,12,,10.74,1.0,22,0.2119309045531618,0.021719565865210136
1973,sequences_12_1_23,sequences,12,,10.74,1.0,23,0.1976164053134953,0.02223739126429308
1974,sequences_12_1_24,sequences,12,,10.74,1.0,24,0.21377188501788447,0.02175334801845207
1975,sequences_12_1_25,sequences,12,,10.74,1.0,25,0.19863437887964353,0.021991049324377336
1976,sequences_12_1_26,sequences,12,,10.74,1.0,26,0.20873148666997374,0.021913147726777424
1977,sequences_12_1_27,sequences,12,,10.74,1.0,27,0.19666880167345746,0.02201825417047732
1978,sequences_12_1_28,sequences,12,,10.74,1.0,28,0.209855810580926,0.021745809663316844
1979,sequences_12_1_29,sequences,12,,10.74,1.0,29,0.2082032503137977,0.021937824909819464
1980,sequences_12_1_30,sequences,12,,10.74,1.0,30,0.21250020107970272,0.021471947587690283
1981,sequences_12_1_31,sequences,12,,10.74,1.0,31,0.19812599550934337,0.022051368497485402
1982,sequences_12_1_32,sequences,12,,10.74,1.0,32,0.20555348601171133,0.021550585302035682
1983,sequences_12_1_33,sequences,12,,10.74,1.0,33,0.20835333507078047,0.021662637533356087
1984,sequences_12_1_34,sequences,12,,10.74,1.0,34,0.208427068945107,0.021955768183031393
1985,sequences_12_1_35,sequences,12,,10.74,1.0,35,0.2074859579260664,0.022077137648075933
1986,sequences_12_1_36,sequences,12,,10.74,1.0,36,0.18392345643662714,0.02226717510019601
1987,sequences_12_1_37,sequences,12,,10.74,1.0,37,0.20163428917993598,0.021522756218820886
1988,sequences_12_1_38,sequences,12,,10.74,1.0,38,0.2139265023741596,0.021620629291882115
1989,sequences_12_1_39,sequences,12,,10.74,1.0,39,0.20840572772428181,0.021796229596333833
1990,sequences_12_1_40,sequences,12,,10.74,1.0,40,0.2036168995934272,0.021636864743820223
1991,sequences_12_1_41,sequences,12,,10.74,1.0,41,0.2167679677567313,0.02136009655095468
1992,sequences_12_1_42,sequences,12,,10.74,1.0,42,0.2099140659148232,0.02139982062288907
1993,sequences_12_1_43,sequences,12,,10.74,1.0,43,0.21128631594326144,0.021790868668488828
1994,sequences_12_1_44,sequences,12,,10.74,1.0,44,0.2099602222961694,0.02160105063390976
1995,sequences_12_1_45,sequences,12,,10.74,1.0,45,0.21372570175050046,0.02146165282590435
1996,sequences_12_1_46,sequences,12,,10.74,1.0,46,0.21104704816693687,0.02132051829968532
1997,sequences_12_1_47,sequences,12,,10.74,1.0,47,0.21865485923029046,0.021588699949462883
1998,sequences_12_1_48,sequences,12,,10.74,1.0,48,0.19725957209634531,0.021969960215386095
1999,sequences_12_1_49,sequences,12,,10.74,1.0,49,0.20223884126448993,0.022199049837667583
