dyn,pqif,seed,sim,vr,f,quadrant,shape,mean_q,std_q,mean_all,std_all,mean_all_filtered,std_all_filtered
oscillations,0.25,0,1,-8.5,14.44,q1,"(50, 50)",0.009581782361268798,0.2698304722892612,0.0003274171923855945,0.25221987577723826,0.0010970587783065647,0.4616816949070984
oscillations,0.25,0,1,-8.5,14.44,q2,"(50, 150)",-0.002763425635686963,0.271055357830332,0.0003274171923855945,0.25221987577723826,0.0010970587783065647,0.4616816949070984
oscillations,0.25,0,1,-8.5,14.44,q3,"(150, 50)",0.002894766092145446,0.25996747647968543,0.0003274171923855945,0.25221987577723826,0.0010970587783065647,0.4616816949070984
oscillations,0.25,0,1,-8.5,14.44,q4,"(150, 150)",-0.0005263476280527479,0.24076877871541388,0.0003274171923855945,0.25221987577723826,0.0010970587783065647,0.4616816949070984
oscillations,0.25,1,1,-8.5,14.44,q1,"(50, 50)",-0.009293636332240967,0.2541042198670186,0.00017158702078583942,0.2409518141095148,0.0005751680911282656,0.4411488147893558
oscillations,0.25,1,1,-8.5,14.44,q2,"(50, 150)",0.00171185651747247,0.2608907914673013,0.00017158702078583942,0.2409518141095148,0.0005751680911282656,0.4411488147893558
oscillations,0.25,1,1,-8.5,14.44,q3,"(150, 50)",0.004165747206042218,0.24941808234527477,0.00017158702078583942,0.2409518141095148,0.0005751680911282656,0.4411488147893558
oscillations,0.25,1,1,-8.5,14.44,q4,"(150, 150)",-0.0006215313895255182,0.22934328693689818,0.00017158702078583942,0.2409518141095148,0.0005751680911282656,0.4411488147893558
oscillations,0.25,2,1,-8.5,14.44,q1,"(50, 50)",-0.0018207682495478157,0.27034812503714417,0.00036125928465733325,0.24147915335582226,0.0012103502291894914,0.442002292429537
oscillations,0.25,2,1,-8.5,14.44,q2,"(50, 150)",0.0004534609796812052,0.2554127345288805,0.00036125928465733325,0.24147915335582226,0.0012103502291894914,0.442002292429537
oscillations,0.25,2,1,-8.5,14.44,q3,"(150, 50)",0.003103602357173115,0.23577454786332544,0.00036125928465733325,0.24147915335582226,0.0012103502291894914,0.442002292429537
oscillations,0.25,2,1,-8.5,14.44,q4,"(150, 150)",-0.00034114146738864536,0.2350884230457979,0.00036125928465733325,0.24147915335582226,0.0012103502291894914,0.442002292429537
oscillations,0.25,3,1,-8.5,14.44,q1,"(50, 50)",0.00461441278730263,0.2937138940373627,0.0004874024784933905,0.2510012320201823,0.0016318824089508349,0.45927678563880947
oscillations,0.25,3,1,-8.5,14.44,q2,"(50, 150)",-0.0005411186704499781,0.2557609991985094,0.0004874024784933905,0.2510012320201823,0.0016318824089508349,0.45927678563880947
oscillations,0.25,3,1,-8.5,14.44,q3,"(150, 50)",0.0039659396730179035,0.2605322991297069,0.0004874024784933905,0.2510012320201823,0.0016318824089508349,0.45927678563880947
oscillations,0.25,3,1,-8.5,14.44,q4,"(150, 150)",-0.0007878262376791288,0.2407891191105721,0.0004874024784933905,0.2510012320201823,0.0016318824089508349,0.45927678563880947
oscillations,0.25,4,1,-8.5,14.44,q1,"(50, 50)",-0.0001061856220236784,0.27946618467679885,0.00032016797397331855,0.24798588125626445,0.0010727692208856376,0.4539314916454768
oscillations,0.25,4,1,-8.5,14.44,q2,"(50, 150)",0.0005208651451302546,0.26552945279958534,0.00032016797397331855,0.24798588125626445,0.0010727692208856376,0.4539314916454768
oscillations,0.25,4,1,-8.5,14.44,q3,"(150, 50)",0.0020987985610425456,0.254596637137679,0.00032016797397331855,0.24798588125626445,0.0010727692208856376,0.4539314916454768
oscillations,0.25,4,1,-8.5,14.44,q4,"(150, 150)",-0.00029223532365795825,0.23566959594780273,0.00032016797397331855,0.24798588125626445,0.0010727692208856376,0.4539314916454768
oscillations,0.25,5,1,-8.5,14.44,q1,"(50, 50)",0.0011131844351224092,0.28133341312888627,-0.00015241574837405252,0.2398842016846967,-0.0005106910650831037,0.43910223680967964
oscillations,0.25,5,1,-8.5,14.44,q2,"(50, 150)",-0.0003861582260409112,0.25112461577386347,-0.00015241574837405252,0.2398842016846967,-0.0005106910650831037,0.43910223680967964
oscillations,0.25,5,1,-8.5,14.44,q3,"(150, 50)",0.0005163284951861783,0.24408658267888717,-0.00015241574837405252,0.2398842016846967,-0.0005106910650831037,0.43910223680967964
oscillations,0.25,5,1,-8.5,14.44,q4,"(150, 150)",-0.0004380385796158943,0.22940334569360302,-0.00015241574837405252,0.2398842016846967,-0.0005106910650831037,0.43910223680967964
oscillations,0.25,6,1,-8.5,14.44,q1,"(50, 50)",0.0011717960794534424,0.2709068345936075,0.00024613571333913204,0.24157230881978234,0.0008248515862571445,0.4422289916455767
oscillations,0.25,6,1,-8.5,14.44,q2,"(50, 150)",-0.0004150852521448224,0.2603320768581829,0.00024613571333913204,0.24157230881978234,0.0008248515862571445,0.4422289916455767
oscillations,0.25,6,1,-8.5,14.44,q3,"(150, 50)",-1.9788980075449204e-05,0.24210720117948278,0.00024613571333913204,0.24157230881978234,0.0008248515862571445,0.4422289916455767
oscillations,0.25,6,1,-8.5,14.44,q4,"(150, 150)",0.0004523331145148319,0.23121792235975935,0.00024613571333913204,0.24157230881978234,0.0008248515862571445,0.4422289916455767
oscillations,0.25,7,1,-8.5,14.44,q1,"(50, 50)",0.002727721415697546,0.2784394983848766,0.0003281037290321139,0.23934380632881955,0.0011006498793428847,0.4383694137146879
oscillations,0.25,7,1,-8.5,14.44,q2,"(50, 150)",-0.0008699703103910878,0.24941250565446837,0.0003281037290321139,0.23934380632881955,0.0011006498793428847,0.4383694137146879
oscillations,0.25,7,1,-8.5,14.44,q3,"(150, 50)",0.001376973578204178,0.23363397277580664,0.0003281037290321139,0.23934380632881955,0.0011006498793428847,0.4383694137146879
oscillations,0.25,7,1,-8.5,14.44,q4,"(150, 150)",0.00011121427170855574,0.23301184664415012,0.0003281037290321139,0.23934380632881955,0.0011006498793428847,0.4383694137146879
oscillations,0.25,8,1,-8.5,14.44,q1,"(50, 50)",-0.004370811321223176,0.26620623503725144,-0.0002694682796602385,0.23654293196236426,-0.0009025901177700174,0.4329131477779414
oscillations,0.25,8,1,-8.5,14.44,q2,"(50, 150)",0.0007167695893610103,0.2535568129565103,-0.0002694682796602385,0.23654293196236426,-0.0009025901177700174,0.4329131477779414
oscillations,0.25,8,1,-8.5,14.44,q3,"(150, 50)",0.000916197032995765,0.2212784530489848,-0.0002694682796602385,0.23654293196236426,-0.0009025901177700174,0.4329131477779414
oscillations,0.25,8,1,-8.5,14.44,q4,"(150, 150)",-0.0005377312244901081,0.2320404517812833,-0.0002694682796602385,0.23654293196236426,-0.0009025901177700174,0.4329131477779414
oscillations,0.25,9,1,-8.5,14.44,q1,"(50, 50)",-0.004561544648770685,0.280069703116354,0.00026697252451969133,0.24593410351129982,0.0008945301541956478,0.450176026067036
oscillations,0.25,9,1,-8.5,14.44,q2,"(50, 150)",0.0011678366071743048,0.2659018512471986,0.00026697252451969133,0.24593410351129982,0.0008945301541956478,0.450176026067036
oscillations,0.25,9,1,-8.5,14.44,q3,"(150, 50)",0.0042742298043658275,0.25128291217782817,0.00026697252451969133,0.24593410351129982,0.0008945301541956478,0.450176026067036
oscillations,0.25,9,1,-8.5,14.44,q4,"(150, 150)",-0.0008325660215038501,0.23277857860656273,0.00026697252451969133,0.24593410351129982,0.0008945301541956478,0.450176026067036
oscillations,0.25,10,1,-8.5,14.44,q1,"(50, 50)",0.00208683791871103,0.3252895516533379,0.00031272499799325163,0.25840098947998996,0.0010489727396000056,0.47325392591487575
oscillations,0.25,10,1,-8.5,14.44,q2,"(50, 150)",-0.000499947288523909,0.2619763763415361,0.00031272499799325163,0.25840098947998996,0.0010489727396000056,0.47325392591487575
oscillations,0.25,10,1,-8.5,14.44,q3,"(150, 50)",0.003958646509637852,0.2727357627708852,0.00031272499799325163,0.25840098947998996,0.0010489727396000056,0.47325392591487575
oscillations,0.25,10,1,-8.5,14.44,q4,"(150, 150)",-0.0008288150682400925,0.24345153754729923,0.00031272499799325163,0.25840098947998996,0.0010489727396000056,0.47325392591487575
oscillations,0.25,11,1,-8.5,14.44,q1,"(50, 50)",0.004893150550618433,0.25784544581158747,0.0005097060428439184,0.23681645351411965,0.0017079870749565826,0.43350279987942325
oscillations,0.25,11,1,-8.5,14.44,q2,"(50, 150)",-0.0006153220438194642,0.2444543274913091,0.0005097060428439184,0.23681645351411965,0.0017079870749565826,0.43350279987942325
oscillations,0.25,11,1,-8.5,14.44,q3,"(150, 50)",0.004892386377594979,0.2324934001070424,0.0005097060428439184,0.23681645351411965,0.0017079870749565826,0.43350279987942325
oscillations,0.25,11,1,-8.5,14.44,q4,"(150, 150)",-0.001063227429604698,0.2331647124526526,0.0005097060428439184,0.23681645351411965,0.0017079870749565826,0.43350279987942325
oscillations,0.25,12,1,-8.5,14.44,q1,"(50, 50)",0.0041713338089049675,0.2916366604641537,-6.516656854804157e-05,0.23643874863674919,-0.000218276900177664,0.43272309595555564
oscillations,0.25,12,1,-8.5,14.44,q2,"(50, 150)",-0.0007757590004943707,0.24400036188413823,-6.516656854804157e-05,0.23643874863674919,-0.000218276900177664,0.43272309595555564
oscillations,0.25,12,1,-8.5,14.44,q3,"(150, 50)",-0.0024467336407976233,0.24054100513060073,-6.516656854804157e-05,0.23643874863674919,-0.000218276900177664,0.43272309595555564
oscillations,0.25,12,1,-8.5,14.44,q4,"(150, 150)",0.000494831002022483,0.2253818517825751,-6.516656854804157e-05,0.23643874863674919,-0.000218276900177664,0.43272309595555564
oscillations,0.25,13,1,-8.5,14.44,q1,"(50, 50)",0.004576618923773885,0.27035644058901437,-0.0001904290100377476,0.24068043262871644,-0.0006377394843862947,0.44044893323881484
oscillations,0.25,13,1,-8.5,14.44,q2,"(50, 150)",-0.0011811789591463589,0.26325166322244575,-0.0001904290100377476,0.24068043262871644,-0.0006377394843862947,0.44044893323881484
oscillations,0.25,13,1,-8.5,14.44,q3,"(150, 50)",-0.001129764508301245,0.23125645700865938,-0.0001904290100377476,0.24068043262871644,-0.0006377394843862947,0.44044893323881484
oscillations,0.25,13,1,-8.5,14.44,q4,"(150, 150)",-7.673918689278132e-05,0.23222812808398477,-0.0001904290100377476,0.24068043262871644,-0.0006377394843862947,0.44044893323881484
oscillations,0.25,14,1,-8.5,14.44,q1,"(50, 50)",0.003003818780163447,0.2837078155193813,-5.4977706464376005e-05,0.24164310603441572,-0.00018397960834728023,0.44204442631052
oscillations,0.25,14,1,-8.5,14.44,q2,"(50, 150)",-0.0008295265021196354,0.24408570325302295,-5.4977706464376005e-05,0.24164310603441572,-0.00018397960834728023,0.44204442631052
oscillations,0.25,14,1,-8.5,14.44,q3,"(150, 50)",-0.00032559359305775243,0.2510942286999415,-5.4977706464376005e-05,0.24164310603441572,-0.00018397960834728023,0.44204442631052
oscillations,0.25,14,1,-8.5,14.44,q4,"(150, 150)",-4.6455755340144715e-05,0.23235086578845715,-5.4977706464376005e-05,0.24164310603441572,-0.00018397960834728023,0.44204442631052
oscillations,0.25,15,1,-8.5,14.44,q1,"(50, 50)",0.005751955417388434,0.26375760246289515,-0.00014985567320540975,0.24378899571496343,-0.0005022814587075901,0.4463246614643077
oscillations,0.25,15,1,-8.5,14.44,q2,"(50, 150)",-0.0020368414473433574,0.24278213994605108,-0.00014985567320540975,0.24378899571496343,-0.0005022814587075901,0.4463246614643077
oscillations,0.25,15,1,-8.5,14.44,q3,"(150, 50)",-0.001801891635445207,0.25229212293740866,-0.00014985567320540975,0.24378899571496343,-0.0005022814587075901,0.4463246614643077
oscillations,0.25,15,1,-8.5,14.44,q4,"(150, 150)",0.000374061451076745,0.23886804775401355,-0.00014985567320540975,0.24378899571496343,-0.0005022814587075901,0.4463246614643077
oscillations,0.25,16,1,-8.5,14.44,q1,"(50, 50)",0.007903267196521761,0.28221390163566884,-1.710736245428024e-06,0.2396459927147253,-5.731109699925783e-06,0.4386296683852641
oscillations,0.25,16,1,-8.5,14.44,q2,"(50, 150)",-0.0018248874031899609,0.25335509547892227,-1.710736245428024e-06,0.2396459927147253,-5.731109699925783e-06,0.4386296683852641
oscillations,0.25,16,1,-8.5,14.44,q3,"(150, 50)",0.002149968579670019,0.24586190395140115,-1.710736245428024e-06,0.2396459927147253,-5.731109699925783e-06,0.4386296683852641
oscillations,0.25,16,1,-8.5,14.44,q4,"(150, 150)",-0.0009895425006543092,0.22735991295750144,-1.710736245428024e-06,0.2396459927147253,-5.731109699925783e-06,0.4386296683852641
oscillations,0.25,17,1,-8.5,14.44,q1,"(50, 50)",-0.0006299491182175081,0.3014821349775253,-0.00010988702623886147,0.2577262504512052,-0.00036831582449760916,0.47184085427921085
oscillations,0.25,17,1,-8.5,14.44,q2,"(50, 150)",-0.0004809062145342952,0.27733838874650196,-0.00010988702623886147,0.2577262504512052,-0.00036831582449760916,0.47184085427921085
oscillations,0.25,17,1,-8.5,14.44,q3,"(150, 50)",-0.0017846805537106412,0.25960574752384735,-0.00010988702623886147,0.2577262504512052,-0.00036831582449760916,0.47184085427921085
oscillations,0.25,17,1,-8.5,14.44,q4,"(150, 150)",0.0006298352225700592,0.2447049116440283,-0.00010988702623886147,0.2577262504512052,-0.00036831582449760916,0.47184085427921085
oscillations,0.25,18,1,-8.5,14.44,q1,"(50, 50)",0.011043105717975002,0.29934297722310216,0.00030973817471932695,0.2458494441928141,0.00103686726828798,0.44981365662359146
oscillations,0.25,18,1,-8.5,14.44,q2,"(50, 150)",-0.0023403445232308092,0.252140397119285,0.00030973817471932695,0.2458494441928141,0.00103686726828798,0.44981365662359146
oscillations,0.25,18,1,-8.5,14.44,q3,"(150, 50)",-0.002535721219384618,0.24475452709176143,0.00030973817471932695,0.2458494441928141,0.00103686726828798,0.44981365662359146
oscillations,0.25,18,1,-8.5,14.44,q4,"(150, 150)",0.0009489891450422788,0.2373141500871453,0.00030973817471932695,0.2458494441928141,0.00103686726828798,0.44981365662359146
oscillations,0.25,19,1,-8.5,14.44,q1,"(50, 50)",0.0036171593255428106,0.28566775619369955,0.00016632758429321298,0.24124966029365152,0.00055711801806469,0.4415276748202014
oscillations,0.25,19,1,-8.5,14.44,q2,"(50, 150)",-0.0005254267779482286,0.24345425975035154,0.00016632758429321298,0.24124966029365152,0.00055711801806469,0.4415276748202014
oscillations,0.25,19,1,-8.5,14.44,q3,"(150, 50)",0.0008185852287007686,0.24277929524213404,0.00016632758429321298,0.24124966029365152,0.00055711801806469,0.4415276748202014
oscillations,0.25,19,1,-8.5,14.44,q4,"(150, 150)",-0.0002039325921232246,0.2345125365537887,0.00016632758429321298,0.24124966029365152,0.00055711801806469,0.4415276748202014
oscillations,0.25,20,1,-8.5,14.44,q1,"(50, 50)",0.0010868293976559115,0.2587912724316799,6.245459234243077e-05,0.24602905424234822,0.0002094210490147728,0.45052027506181985
oscillations,0.25,20,1,-8.5,14.44,q2,"(50, 150)",-0.00032689350430789143,0.2648373803854071,6.245459234243077e-05,0.24602905424234822,0.0002094210490147728,0.45052027506181985
oscillations,0.25,20,1,-8.5,14.44,q3,"(150, 50)",0.0028238713510435986,0.24750111425319868,6.245459234243077e-05,0.24602905424234822,0.0002094210490147728,0.45052027506181985
oscillations,0.25,20,1,-8.5,14.44,q4,"(150, 150)",-0.0008420543844871263,0.23741504758588933,6.245459234243077e-05,0.24602905424234822,0.0002094210490147728,0.45052027506181985
oscillations,0.25,21,1,-8.5,14.44,q1,"(50, 50)",-0.0041577882597854466,0.2895276053588893,0.00030132498157867295,0.24302336831131457,0.0010086191852005787,0.4446244032699319
oscillations,0.25,21,1,-8.5,14.44,q2,"(50, 150)",0.0012675090322893216,0.2556010881762492,0.00030132498157867295,0.24302336831131457,0.0010086191852005787,0.4446244032699319
oscillations,0.25,21,1,-8.5,14.44,q3,"(150, 50)",0.003399593781044121,0.2375102335292667,0.00030132498157867295,0.24302336831131457,0.0010086191852005787,0.4446244032699319
oscillations,0.25,21,1,-8.5,14.44,q4,"(150, 150)",-0.0005580356083284573,0.23472259655391728,0.00030132498157867295,0.24302336831131457,0.0010086191852005787,0.4446244032699319
oscillations,0.25,22,1,-8.5,14.44,q1,"(50, 50)",0.00019248088059690646,0.24303313364351323,-7.164844667655492e-05,0.2394709640838493,-0.0002401690997286668,0.4384378024057843
oscillations,0.25,22,1,-8.5,14.44,q2,"(50, 150)",0.0005624325013704162,0.25544204773308266,-7.164844667655492e-05,0.2394709640838493,-0.0002401690997286668,0.4384378024057843
oscillations,0.25,22,1,-8.5,14.44,q3,"(150, 50)",-0.00164735476518389,0.2386020589405039,-7.164844667655492e-05,0.2394709640838493,-0.0002401690997286668,0.4384378024057843
oscillations,0.25,22,1,-8.5,14.44,q4,"(150, 150)",0.0002128789737798488,0.23379054686789402,-7.164844667655492e-05,0.2394709640838493,-0.0002401690997286668,0.4384378024057843
oscillations,0.25,23,1,-8.5,14.44,q1,"(50, 50)",0.0043199587829834685,0.24487969395873563,0.0003256667124534404,0.237741353993638,0.0010912849541876203,0.43519728025313453
oscillations,0.25,23,1,-8.5,14.44,q2,"(50, 150)",-0.0008836666877950607,0.2473112613829724,0.0003256667124534404,0.237741353993638,0.0010912849541876203,0.43519728025313453
oscillations,0.25,23,1,-8.5,14.44,q3,"(150, 50)",0.0013745498678511038,0.22969816364019738,0.0003256667124534404,0.237741353993638,0.0010912849541876203,0.43519728025313453
oscillations,0.25,23,1,-8.5,14.44,q4,"(150, 150)",-6.466010265517265e-05,0.23630766790892505,0.0003256667124534404,0.237741353993638,0.0010912849541876203,0.43519728025313453
oscillations,0.25,24,1,-8.5,14.44,q1,"(50, 50)",-0.002369889782459019,0.26940427549356294,0.0001597638615292017,0.25157248042080343,0.0005355811650325227,0.4606131146395873
oscillations,0.25,24,1,-8.5,14.44,q2,"(50, 150)",7.161688447404421e-06,0.26819136651051284,0.0001597638615292017,0.25157248042080343,0.0005355811650325227,0.4606131146395873
oscillations,0.25,24,1,-8.5,14.44,q3,"(150, 50)",0.0045210183388011685,0.25926507428051454,0.0001597638615292017,0.25157248042080343,0.0005355811650325227,0.4606131146395873
oscillations,0.25,24,1,-8.5,14.44,q4,"(150, 150)",-0.000962047612757719,0.2409543346798533,0.0001597638615292017,0.25157248042080343,0.0005355811650325227,0.4606131146395873
oscillations,0.25,25,1,-8.5,14.44,q1,"(50, 50)",0.009445994947617262,0.2916065274394694,0.00019758331792817194,0.24212395658941263,0.0006619206630759525,0.4431647969060103
oscillations,0.25,25,1,-8.5,14.44,q2,"(50, 150)",-0.001689560509328726,0.2602075134513238,0.00019758331792817194,0.24212395658941263,0.0006619206630759525,0.4431647969060103
oscillations,0.25,25,1,-8.5,14.44,q3,"(150, 50)",-0.001289932792410001,0.24432179693317654,0.00019758331792817194,0.24212395658941263,0.0006619206630759525,0.4431647969060103
oscillations,0.25,25,1,-8.5,14.44,q4,"(150, 150)",0.00029486867160551875,0.22867822782768812,0.00019758331792817194,0.24212395658941263,0.0006619206630759525,0.4431647969060103
oscillations,0.25,26,1,-8.5,14.44,q1,"(50, 50)",0.011137630148687702,0.2808555515717623,0.0003817154771005797,0.23757575794001948,0.0012806021206091746,0.43514903734191057
oscillations,0.25,26,1,-8.5,14.44,q2,"(50, 150)",-0.0026864736903104134,0.25127192187046155,0.0003817154771005797,0.23757575794001948,0.0012806021206091746,0.43514903734191057
oscillations,0.25,26,1,-8.5,14.44,q3,"(150, 50)",0.0015756258728460777,0.22694586195654506,0.0003817154771005797,0.23757575794001948,0.0012806021206091746,0.43514903734191057
oscillations,0.25,26,1,-8.5,14.44,q4,"(150, 150)",-0.00018862656252060226,0.23096870097085812,0.0003817154771005797,0.23757575794001948,0.0012806021206091746,0.43514903734191057
oscillations,0.25,27,1,-8.5,14.44,q1,"(50, 50)",0.0010796840326742414,0.23897511913403974,0.00015330961758091034,0.23373137759190443,0.0005139013410907905,0.4279292517788996
oscillations,0.25,27,1,-8.5,14.44,q2,"(50, 150)",-3.316203023307598e-05,0.25841585981472354,0.00015330961758091034,0.23373137759190443,0.0005139013410907905,0.4279292517788996
oscillations,0.25,27,1,-8.5,14.44,q3,"(150, 50)",0.000958784889564544,0.22179492935076342,0.00015330961758091034,0.23373137759190443,0.0005139013410907905,0.4279292517788996
oscillations,0.25,27,1,-8.5,14.44,q4,"(150, 150)",-0.0001559554143748977,0.22829259754460782,0.00015330961758091034,0.23373137759190443,0.0005139013410907905,0.4279292517788996
oscillations,0.25,28,1,-8.5,14.44,q1,"(50, 50)",0.0010758528258020914,0.263030406587476,-0.00018081933512519675,0.2316870832426333,-0.0006062676785421525,0.42423967830827164
oscillations,0.25,28,1,-8.5,14.44,q2,"(50, 150)",-0.0009080344506806854,0.23327462460544682,-0.00018081933512519675,0.2316870832426333,-0.0006062676785421525,0.42423967830827164
oscillations,0.25,28,1,-8.5,14.44,q3,"(150, 50)",-0.0018592292171736586,0.23294856346040294,-0.00018081933512519675,0.2316870832426333,-0.0006062676785421525,0.42423967830827164
oscillations,0.25,28,1,-8.5,14.44,q4,"(150, 150)",0.0004814254239730881,0.22696442763916866,-0.00018081933512519675,0.2316870832426333,-0.0006062676785421525,0.42423967830827164
oscillations,0.25,29,1,-8.5,14.44,q1,"(50, 50)",0.008660197801412929,0.2565110258161619,6.488342155080674e-05,0.2325633071228073,0.00021729210164369165,0.4255947413857218
oscillations,0.25,29,1,-8.5,14.44,q2,"(50, 150)",-0.0018385768221229524,0.2418588754627019,6.488342155080674e-05,0.2325633071228073,0.00021729210164369165,0.4255947413857218
oscillations,0.25,29,1,-8.5,14.44,q3,"(150, 50)",-0.0004132035915240375,0.22395082241036646,6.488342155080674e-05,0.2325633071228073,0.00021729210164369165,0.4255947413857218
oscillations,0.25,29,1,-8.5,14.44,q4,"(150, 150)",-9.63024239621169e-05,0.22938042995487626,6.488342155080674e-05,0.2325633071228073,0.00021729210164369165,0.4255947413857218
oscillations,0.25,30,1,-8.5,14.44,q1,"(50, 50)",-0.0031984940901263947,0.2860097238248769,0.00013363219063244758,0.24444169149808287,0.000447529104596275,0.44733226732133263
oscillations,0.25,30,1,-8.5,14.44,q2,"(50, 150)",0.00018416114369308075,0.2632457331329229,0.00013363219063244758,0.24444169149808287,0.000447529104596275,0.44733226732133263
oscillations,0.25,30,1,-8.5,14.44,q3,"(150, 50)",0.0043848920139917215,0.23199143996385635,0.00013363219063244758,0.24444169149808287,0.000447529104596275,0.44733226732133263
oscillations,0.25,30,1,-8.5,14.44,q4,"(150, 150)",-0.0009300611480898717,0.23682992972504704,0.00013363219063244758,0.24444169149808287,0.000447529104596275,0.44733226732133263
oscillations,0.25,31,1,-8.5,14.44,q1,"(50, 50)",-0.0033718268008541175,0.26927427551825867,-0.00019042523922189805,0.24267020463686478,-0.000637940499905856,0.44416463288573926
oscillations,0.25,31,1,-8.5,14.44,q2,"(50, 150)",0.0011054216802121129,0.24939617733886896,-0.00019042523922189805,0.24267020463686478,-0.000637940499905856,0.44416463288573926
oscillations,0.25,31,1,-8.5,14.44,q3,"(150, 50)",-0.004322920850122657,0.2592984124103735,-0.00019042523922189805,0.24267020463686478,-0.000637940499905856,0.44416463288573926
oscillations,0.25,31,1,-8.5,14.44,q4,"(150, 150)",0.001108613387003932,0.23125951683601256,-0.00019042523922189805,0.24267020463686478,-0.000637940499905856,0.44416463288573926
oscillations,0.25,32,1,-8.5,14.44,q1,"(50, 50)",-0.00323861913279879,0.30300937409806855,0.00023972219173879625,0.24161229364678774,0.0008030221647727878,0.4422096059402394
oscillations,0.25,32,1,-8.5,14.44,q2,"(50, 150)",0.0006387537335890273,0.25133022614047995,0.00023972219173879625,0.24161229364678774,0.0008030221647727878,0.4422096059402394
oscillations,0.25,32,1,-8.5,14.44,q3,"(150, 50)",0.0055861610697838845,0.241601991454251,0.00023972219173879625,0.24161229364678774,0.0008030221647727878,0.4422096059402394
oscillations,0.25,32,1,-8.5,14.44,q4,"(150, 150)",-0.001288952245499911,0.23033182593734874,0.00023972219173879625,0.24161229364678774,0.0008030221647727878,0.4422096059402394
oscillations,0.25,33,1,-8.5,14.44,q1,"(50, 50)",0.005245990589434628,0.28039735935129967,-5.878100818189371e-05,0.239188625449569,-0.0001968883208236279,0.43775584590909866
oscillations,0.25,33,1,-8.5,14.44,q2,"(50, 150)",-0.0011893982423559042,0.23752303174861944,-5.878100818189371e-05,0.239188625449569,-0.0001968883208236279,0.43775584590909866
oscillations,0.25,33,1,-8.5,14.44,q3,"(150, 50)",-8.635323838903173e-05,0.25240723333785087,-5.878100818189371e-05,0.239188625449569,-0.0001968883208236279,0.43775584590909866
oscillations,0.25,33,1,-8.5,14.44,q4,"(150, 150)",-0.0002621369197900136,0.23005901210875238,-5.878100818189371e-05,0.239188625449569,-0.0001968883208236279,0.43775584590909866
oscillations,0.25,34,1,-8.5,14.44,q1,"(50, 50)",0.008944910358293373,0.29411043813773297,0.0004106530911235696,0.2486565522766291,0.0013754918476756644,0.45508233569270556
oscillations,0.25,34,1,-8.5,14.44,q2,"(50, 150)",-0.0014635084549022336,0.24453919868214682,0.0004106530911235696,0.2486565522766291,0.0013754918476756644,0.45508233569270556
oscillations,0.25,34,1,-8.5,14.44,q3,"(150, 50)",0.0006825647632415382,0.2768858617814882,0.0004106530911235696,0.2486565522766291,0.0013754918476756644,0.45508233569270556
oscillations,0.25,34,1,-8.5,14.44,q4,"(150, 150)",-3.51442503713021e-06,0.23411763637781655,0.0004106530911235696,0.2486565522766291,0.0013754918476756644,0.45508233569270556
oscillations,0.25,35,1,-8.5,14.44,q1,"(50, 50)",-0.005490639097871365,0.26286544724666455,-0.00023328601123388294,0.2390891532078194,-0.0007815931358870362,0.43762830894820326
oscillations,0.25,35,1,-8.5,14.44,q2,"(50, 150)",0.0006589222388637808,0.25411897823648893,-0.00023328601123388294,0.2390891532078194,-0.0007815931358870362,0.43762830894820326
oscillations,0.25,35,1,-8.5,14.44,q3,"(150, 50)",0.0007315805482587246,0.22492636761227214,-0.00023328601123388294,0.2390891532078194,-0.0007815931358870362,0.43762830894820326
oscillations,0.25,35,1,-8.5,14.44,q4,"(150, 150)",-0.0002681606048042529,0.2356979983867233,-0.00023328601123388294,0.2390891532078194,-0.0007815931358870362,0.43762830894820326
oscillations,0.25,36,1,-8.5,14.44,q1,"(50, 50)",-0.001881811457477679,0.28834311990045675,0.00035175558540797295,0.24938111914849348,0.001178213315719219,0.4564088077088932
oscillations,0.25,36,1,-8.5,14.44,q2,"(50, 150)",0.0010735707361013676,0.25351140146529877,0.00035175558540797295,0.24938111914849348,0.001178213315719219,0.4564088077088932
oscillations,0.25,36,1,-8.5,14.44,q3,"(150, 50)",0.0012144153273698792,0.2547829283090334,0.00035175558540797295,0.24938111914849348,0.001178213315719219,0.4564088077088932
oscillations,0.25,36,1,-8.5,14.44,q4,"(150, 150)",7.177140373238989e-05,0.24137493264385623,0.00035175558540797295,0.24938111914849348,0.001178213315719219,0.4564088077088932
oscillations,0.25,37,1,-8.5,14.44,q1,"(50, 50)",-0.0029452354004846147,0.2768778098007777,-2.483315159769619e-05,0.2479603434617491,-8.321404573241545e-05,0.4539046405751457
oscillations,0.25,37,1,-8.5,14.44,q2,"(50, 150)",0.0008184043688215598,0.25096244350605534,-2.483315159769619e-05,0.2479603434617491,-8.321404573241545e-05,0.4539046405751457
oscillations,0.25,37,1,-8.5,14.44,q3,"(150, 50)",-0.00047250159942249467,0.25767222418335933,-2.483315159769619e-05,0.2479603434617491,-8.321404573241545e-05,0.4539046405751457
oscillations,0.25,37,1,-8.5,14.44,q4,"(150, 150)",0.00016779962963603157,0.2401261295261253,-2.483315159769619e-05,0.2479603434617491,-8.321404573241545e-05,0.4539046405751457
oscillations,0.25,38,1,-8.5,14.44,q1,"(50, 50)",-0.00392257187910805,0.2837581431597676,0.00014355901496538136,0.2528008161038765,0.00048017063288027833,0.4623393628340555
oscillations,0.25,38,1,-8.5,14.44,q2,"(50, 150)",0.0007444356909125278,0.2706747427998811,0.00014355901496538136,0.2528008161038765,0.00048017063288027833,0.4623393628340555
oscillations,0.25,38,1,-8.5,14.44,q3,"(150, 50)",0.004362301664032371,0.25867499503663177,0.00014355901496538136,0.2528008161038765,0.00048017063288027833,0.4623393628340555
oscillations,0.25,38,1,-8.5,14.44,q4,"(150, 150)",-0.0010111884384756157,0.24069289766828778,0.00014355901496538136,0.2528008161038765,0.00048017063288027833,0.4623393628340555
oscillations,0.25,39,1,-8.5,14.44,q1,"(50, 50)",0.0011206630203659071,0.2883498744822857,-0.00011405069726388084,0.24275834214395856,-0.00038211139044771184,0.44434476694204905
oscillations,0.25,39,1,-8.5,14.44,q2,"(50, 150)",-0.0007762055300666174,0.24903495055191874,-0.00011405069726388084,0.24275834214395856,-0.00038211139044771184,0.44434476694204905
oscillations,0.25,39,1,-8.5,14.44,q3,"(150, 50)",0.002472691695340169,0.2366440008009704,-0.00011405069726388084,0.24275834214395856,-0.00038211139044771184,0.44434476694204905
oscillations,0.25,39,1,-8.5,14.44,q4,"(150, 150)",-0.0008927702969342954,0.23703619330476838,-0.00011405069726388084,0.24275834214395856,-0.00038211139044771184,0.44434476694204905
oscillations,0.25,40,1,-8.5,14.44,q1,"(50, 50)",-0.005851224692625399,0.28224107459349196,-0.00012247169476399221,0.24763434768339043,-0.000410256074914972,0.45323183203208894
oscillations,0.25,40,1,-8.5,14.44,q2,"(50, 150)",0.0010583642837613428,0.2592659183287403,-0.00012247169476399221,0.24763434768339043,-0.000410256074914972,0.45323183203208894
oscillations,0.25,40,1,-8.5,14.44,q3,"(150, 50)",-0.0011431345593760649,0.2602771154292405,-0.00012247169476399221,0.24763434768339043,-0.000410256074914972,0.45323183203208894
oscillations,0.25,40,1,-8.5,14.44,q4,"(150, 150)",0.000460665378138411,0.23489291440879875,-0.00012247169476399221,0.24763434768339043,-0.000410256074914972,0.45323183203208894
oscillations,0.25,41,1,-8.5,14.44,q1,"(50, 50)",0.004757193075487143,0.29013117935344573,4.924093466276086e-05,0.25065846624823285,0.00016497507215934587,0.45880524896805747
oscillations,0.25,41,1,-8.5,14.44,q2,"(50, 150)",-0.0015381556963825888,0.258616693694145,4.924093466276086e-05,0.25065846624823285,0.00016497507215934587,0.45880524896805747
oscillations,0.25,41,1,-8.5,14.44,q3,"(150, 50)",0.000234966517470198,0.26736003364575395,4.924093466276086e-05,0.25065846624823285,0.00016497507215934587,0.45880524896805747
oscillations,0.25,41,1,-8.5,14.44,q4,"(150, 150)",-6.641176016200411e-06,0.2371068124443709,4.924093466276086e-05,0.25065846624823285,0.00016497507215934587,0.45880524896805747
oscillations,0.25,42,1,-8.5,14.44,q1,"(50, 50)",0.0035804316310067336,0.26166612098838626,-4.956103106175792e-05,0.24358510069284345,-0.00016597800087661766,0.44576482702284703
oscillations,0.25,42,1,-8.5,14.44,q2,"(50, 150)",-0.001159661479428704,0.24934842196512153,-4.956103106175792e-05,0.24358510069284345,-0.00016597800087661766,0.44576482702284703
oscillations,0.25,42,1,-8.5,14.44,q3,"(150, 50)",-0.002471449202001793,0.25230639910851455,-4.956103106175792e-05,0.24358510069284345,-0.00016597800087661766,0.44576482702284703
oscillations,0.25,42,1,-8.5,14.44,q4,"(150, 150)",0.0007244359906996255,0.23648601927470903,-4.956103106175792e-05,0.24358510069284345,-0.00016597800087661766,0.44576482702284703
oscillations,0.25,43,1,-8.5,14.44,q1,"(50, 50)",-0.0067273047725644975,0.2854035262796201,0.0002059299883593018,0.2412221526346378,0.0006902295570950285,0.4416251474641663
oscillations,0.25,43,1,-8.5,14.44,q2,"(50, 150)",0.00180289338805244,0.2576009298109138,0.0002059299883593018,0.2412221526346378,0.0006902295570950285,0.4416251474641663
oscillations,0.25,43,1,-8.5,14.44,q3,"(150, 50)",0.0019981073116001097,0.221476968805041,0.0002059299883593018,0.2412221526346378,0.0006902295570950285,0.4416251474641663
oscillations,0.25,43,1,-8.5,14.44,q4,"(150, 150)",-0.00015342416807159127,0.23646880911178525,0.0002059299883593018,0.2412221526346378,0.0006902295570950285,0.4416251474641663
oscillations,0.25,44,1,-8.5,14.44,q1,"(50, 50)",-0.0018237936508188298,0.2845773172480162,0.00019856574806907415,0.24797957769237364,0.0006652676038833213,0.453901490008196
oscillations,0.25,44,1,-8.5,14.44,q2,"(50, 150)",-1.9459516698991073e-05,0.26893138423319174,0.00019856574806907415,0.24797957769237364,0.0006652676038833213,0.453901490008196
oscillations,0.25,44,1,-8.5,14.44,q3,"(150, 50)",0.004684414474633204,0.2534694536838465,0.00019856574806907415,0.24797957769237364,0.0006652676038833213,0.453901490008196
oscillations,0.25,44,1,-8.5,14.44,q4,"(150, 150)",-0.0009993354726531806,0.23407681784064774,0.00019856574806907415,0.24797957769237364,0.0006652676038833213,0.453901490008196
oscillations,0.25,45,1,-8.5,14.44,q1,"(50, 50)",0.0024587404527473848,0.21761999504594884,0.0006882183951856391,0.2306635771141409,0.0023065551577231306,0.4222729488866332
oscillations,0.25,45,1,-8.5,14.44,q2,"(50, 150)",-0.00015855166624363878,0.24881779192835693,0.0006882183951856391,0.2306635771141409,0.0023065551577231306,0.4222729488866332
oscillations,0.25,45,1,-8.5,14.44,q3,"(150, 50)",0.004553109646949409,0.21816381668714013,0.0006882183951856391,0.2306635771141409,0.0023065551577231306,0.4222729488866332
oscillations,0.25,45,1,-8.5,14.44,q4,"(150, 150)",-0.0005145466746549407,0.22981929119307856,0.0006882183951856391,0.2306635771141409,0.0023065551577231306,0.4222729488866332
oscillations,0.25,46,1,-8.5,14.44,q1,"(50, 50)",-0.001805369410135193,0.2517911751152721,0.0004420595435430935,0.23418325969579673,0.0014816810576272627,0.4287370407754082
oscillations,0.25,46,1,-8.5,14.44,q2,"(50, 150)",0.0006444077328062859,0.24752534354190944,0.0004420595435430935,0.23418325969579673,0.0014816810576272627,0.4287370407754082
oscillations,0.25,46,1,-8.5,14.44,q3,"(150, 50)",0.00366725320078758,0.2343164303132366,0.0004420595435430935,0.23418325969579673,0.0014816810576272627,0.4287370407754082
oscillations,0.25,46,1,-8.5,14.44,q4,"(150, 150)",-0.0004507400771063226,0.22742702889232272,0.0004420595435430935,0.23418325969579673,0.0014816810576272627,0.4287370407754082
oscillations,0.25,47,1,-8.5,14.44,q1,"(50, 50)",0.005436316163009989,0.2967370778342761,-2.7534967765627273e-05,0.25293659442352784,-9.229855950935141e-05,0.4630915282795217
oscillations,0.25,47,1,-8.5,14.44,q2,"(50, 150)",-0.0010692186355823773,0.2586569095746249,-2.7534967765627273e-05,0.25293659442352784,-9.229855950935141e-05,0.4630915282795217
oscillations,0.25,47,1,-8.5,14.44,q3,"(150, 50)",-0.002999918155038779,0.2762727615918764,-2.7534967765627273e-05,0.25293659442352784,-9.229855950935141e-05,0.4630915282795217
oscillations,0.25,47,1,-8.5,14.44,q4,"(150, 150)",0.0007033927471781601,0.23707085437422165,-2.7534967765627273e-05,0.25293659442352784,-9.229855950935141e-05,0.4630915282795217
oscillations,0.25,48,1,-8.5,14.44,q1,"(50, 50)",0.0010148798580547544,0.25690141870950567,-7.091066767258703e-05,0.24581907547664336,-0.00023747711879633832,0.44985301632000685
oscillations,0.25,48,1,-8.5,14.44,q2,"(50, 150)",0.0003567980982868349,0.2641865228842612,-7.091066767258703e-05,0.24581907547664336,-0.00023747711879633832,0.44985301632000685
oscillations,0.25,48,1,-8.5,14.44,q3,"(150, 50)",-0.003216958195428967,0.24770860107483697,-7.091066767258703e-05,0.24581907547664336,-0.00023747711879633832,0.44985301632000685
oscillations,0.25,48,1,-8.5,14.44,q4,"(150, 150)",0.0007145588611789167,0.2374247866737601,-7.091066767258703e-05,0.24581907547664336,-0.00023747711879633832,0.44985301632000685
oscillations,0.25,49,1,-8.5,14.44,q1,"(50, 50)",-0.005132139702555409,0.28735328744530086,-0.00010675415551628598,0.24239598408793545,-0.00035796514549848687,0.44386744939249667
oscillations,0.25,49,1,-8.5,14.44,q2,"(50, 150)",0.0011511638253978813,0.2493081012977271,-0.00010675415551628598,0.24239598408793545,-0.00035796514549848687,0.44386744939249667
oscillations,0.25,49,1,-8.5,14.44,q3,"(150, 50)",0.0017265119344514817,0.26980278234075805,-0.00010675415551628598,0.24239598408793545,-0.00035796514549848687,0.44386744939249667
oscillations,0.25,49,1,-8.5,14.44,q4,"(150, 150)",-0.0005787726739170288,0.22426046271923245,-0.00010675415551628598,0.24239598408793545,-0.00035796514549848687,0.44386744939249667
oscillations,0.25,0,2,-12.3,10.68,q1,"(50, 50)",-0.00011869102714369912,0.2865360081840137,0.00022206505100059778,0.2695224446044994,0.0007439365192649852,0.49331284394106706
oscillations,0.25,0,2,-12.3,10.68,q2,"(50, 150)",2.8949210628990585e-06,0.2870413321908242,0.00022206505100059778,0.2695224446044994,0.0007439365192649852,0.49331284394106706
oscillations,0.25,0,2,-12.3,10.68,q3,"(150, 50)",0.004188399655683335,0.27827384463191235,0.00022206505100059778,0.2695224446044994,0.0007439365192649852,0.49331284394106706
oscillations,0.25,0,2,-12.3,10.68,q4,"(150, 150)",-0.0009891279874539376,0.25833373135838006,0.00022206505100059778,0.2695224446044994,0.0007439365192649852,0.49331284394106706
oscillations,0.25,1,2,-12.3,10.68,q1,"(50, 50)",0.0025053209286879322,0.29587438627639867,-0.00021756543935408975,0.2656407957628788,-0.0007287403763325728,0.4861674657510179
oscillations,0.25,1,2,-12.3,10.68,q2,"(50, 150)",-0.0005902735673620025,0.2772099758104545,-0.00021756543935408975,0.2656407957628788,-0.0007287403763325728,0.4861674657510179
oscillations,0.25,1,2,-12.3,10.68,q3,"(150, 50)",-0.00335334124905573,0.25848576940707213,-0.00021756543935408975,0.2656407957628788,-0.0007287403763325728,0.4861674657510179
oscillations,0.25,1,2,-12.3,10.68,q4,"(150, 150)",0.0006493862767666481,0.26044278107702734,-0.00021756543935408975,0.2656407957628788,-0.0007287403763325728,0.4861674657510179
oscillations,0.25,2,2,-12.3,10.68,q1,"(50, 50)",0.003845998448442077,0.274627399935028,0.0002543479365358457,0.26857202937624924,0.0008514450967808031,0.49138799111651915
oscillations,0.25,2,2,-12.3,10.68,q2,"(50, 150)",-0.00036186325805467493,0.29845510166480255,0.0002543479365358457,0.26857202937624924,0.0008514450967808031,0.49138799111651915
oscillations,0.25,2,2,-12.3,10.68,q3,"(150, 50)",0.00385751364110693,0.2498637880107408,0.0002543479365358457,0.26857202937624924,0.0008514450967808031,0.49138799111651915
oscillations,0.25,2,2,-12.3,10.68,q4,"(150, 150)",-0.0011403758458917018,0.26332957275998964,0.0002543479365358457,0.26857202937624924,0.0008514450967808031,0.49138799111651915
oscillations,0.25,3,2,-12.3,10.68,q1,"(50, 50)",0.010105376045057903,0.28649655754429854,0.00017945415667789994,0.26792902939449564,0.0006005828536743647,0.49015026934887584
oscillations,0.25,3,2,-12.3,10.68,q2,"(50, 150)",-0.0029509286235213966,0.28450994272197866,0.00017945415667789994,0.26792902939449564,0.0006005828536743647,0.49015026934887584
oscillations,0.25,3,2,-12.3,10.68,q3,"(150, 50)",0.0012886429487017931,0.2746009766249583,0.00017945415667789994,0.26792902939449564,0.0006005828536743647,0.49015026934887584
oscillations,0.25,3,2,-12.3,10.68,q4,"(150, 150)",-0.00024969472375029837,0.2576188134404068,0.00017945415667789994,0.26792902939449564,0.0006005828536743647,0.49015026934887584
oscillations,0.25,4,2,-12.3,10.68,q1,"(50, 50)",0.008709015263456485,0.2999465520116329,0.00028768303365116015,0.2633777182497887,0.0009636815464405332,0.48204553952530294
oscillations,0.25,4,2,-12.3,10.68,q2,"(50, 150)",-0.0010667689196477768,0.27819266424692907,0.00028768303365116015,0.2633777182497887,0.0009636815464405332,0.48204553952530294
oscillations,0.25,4,2,-12.3,10.68,q3,"(150, 50)",0.002817020144244675,0.263755009085699,0.00028768303365116015,0.2633777182497887,0.0009636815464405332,0.48204553952530294
oscillations,0.25,4,2,-12.3,10.68,q4,"(150, 150)",-0.001039648933203181,0.2536253063743077,0.00028768303365116015,0.2633777182497887,0.0009636815464405332,0.48204553952530294
oscillations,0.25,5,2,-12.3,10.68,q1,"(50, 50)",0.001795061831796496,0.2869842939779546,8.391150093212706e-06,0.27190061235498586,2.8078133154468227e-05,0.49737454528037073
oscillations,0.25,5,2,-12.3,10.68,q2,"(50, 150)",-0.0009174320602647036,0.2835738776612676,8.391150093212706e-06,0.27190061235498586,2.8078133154468227e-05,0.49737454528037073
oscillations,0.25,5,2,-12.3,10.68,q3,"(150, 50)",0.00261202210734602,0.2747008606289061,8.391150093212706e-06,0.27190061235498586,2.8078133154468227e-05,0.49737454528037073
oscillations,0.25,5,2,-12.3,10.68,q4,"(150, 150)",-0.0007493970635054486,0.26517577267428943,8.391150093212706e-06,0.27190061235498586,2.8078133154468227e-05,0.49737454528037073
oscillations,0.25,6,2,-12.3,10.68,q1,"(50, 50)",0.00040652213454575603,0.3011448696257059,-3.3342588966727195e-05,0.2702407589398979,-0.00011167240715641554,0.49456584865000736
oscillations,0.25,6,2,-12.3,10.68,q2,"(50, 150)",-0.000290546858757871,0.27908757693287245,-3.3342588966727195e-05,0.2702407589398979,-0.00011167240715641554,0.49456584865000736
oscillations,0.25,6,2,-12.3,10.68,q3,"(150, 50)",0.0009876534453036423,0.27619811387696097,-3.3342588966727195e-05,0.2702407589398979,-0.00011167240715641554,0.49456584865000736
oscillations,0.25,6,2,-12.3,10.68,q4,"(150, 150)",-0.00033681370196118936,0.26146227324205185,-3.3342588966727195e-05,0.2702407589398979,-0.00011167240715641554,0.49456584865000736
oscillations,0.25,7,2,-12.3,10.68,q1,"(50, 50)",0.01142205148862675,0.3116368390440638,-0.00013172251559331758,0.2762028367877162,-0.0004413553881498326,0.5055827258309028
oscillations,0.25,7,2,-12.3,10.68,q2,"(50, 150)",-0.0035580303051571532,0.2936013571011358,-0.00013172251559331758,0.2762028367877162,-0.0004413553881498326,0.5055827258309028
oscillations,0.25,7,2,-12.3,10.68,q3,"(150, 50)",-0.0013363097509465694,0.29514452803371827,-0.00013172251559331758,0.2762028367877162,-0.0004413553881498326,0.5055827258309028
oscillations,0.25,7,2,-12.3,10.68,q4,"(150, 150)",0.0001281564922434821,0.25892529510571827,-0.00013172251559331758,0.2762028367877162,-0.0004413553881498326,0.5055827258309028
oscillations,0.25,8,2,-12.3,10.68,q1,"(50, 50)",0.010175646212357833,0.29876458414714396,0.0004441704337055857,0.27175916314019344,0.0014855198451691825,0.49698953312275473
oscillations,0.25,8,2,-12.3,10.68,q2,"(50, 150)",-0.0015888297650269822,0.2916660321212549,0.0004441704337055857,0.27175916314019344,0.0014855198451691825,0.49698953312275473
oscillations,0.25,8,2,-12.3,10.68,q3,"(150, 50)",0.0027976961712001184,0.2715622802819556,0.0004441704337055857,0.27175916314019344,0.0014855198451691825,0.49698953312275473
oscillations,0.25,8,2,-12.3,10.68,q4,"(150, 150)",-0.0007439464990653191,0.2615778077226694,0.0004441704337055857,0.27175916314019344,0.0014855198451691825,0.49698953312275473
oscillations,0.25,9,2,-12.3,10.68,q1,"(50, 50)",0.000516124709899017,0.30578108129349785,-0.0002705452980008329,0.2770567638153911,-0.0009061217382595094,0.5070392158263493
oscillations,0.25,9,2,-12.3,10.68,q2,"(50, 150)",-0.0004989811877934757,0.2927826102013889,-0.0002705452980008329,0.2770567638153911,-0.0009061217382595094,0.5070392158263493
oscillations,0.25,9,2,-12.3,10.68,q3,"(150, 50)",0.0009278457480652087,0.30167274670189803,-0.0002705452980008329,0.2770567638153911,-0.0009061217382595094,0.5070392158263493
oscillations,0.25,9,2,-12.3,10.68,q4,"(150, 150)",-0.0006812714620808385,0.2591598017170051,-0.0002705452980008329,0.2770567638153911,-0.0009061217382595094,0.5070392158263493
oscillations,0.25,10,2,-12.3,10.68,q1,"(50, 50)",0.007903794664920747,0.31184782024321694,0.0002536112812720343,0.2677925544113217,0.0008491212229749209,0.49000284818382717
oscillations,0.25,10,2,-12.3,10.68,q2,"(50, 150)",-0.0017538870180931593,0.2777168828584256,0.0002536112812720343,0.2677925544113217,0.0008491212229749209,0.49000284818382717
oscillations,0.25,10,2,-12.3,10.68,q3,"(150, 50)",-0.0006781583794931767,0.2701614436929104,0.0002536112812720343,0.2677925544113217,0.0008491212229749209,0.49000284818382717
oscillations,0.25,10,2,-12.3,10.68,q4,"(150, 150)",0.0003833468920212015,0.2581432811898508,0.0002536112812720343,0.2677925544113217,0.0008491212229749209,0.49000284818382717
oscillations,0.25,11,2,-12.3,10.68,q1,"(50, 50)",0.0012742093870644004,0.319275207456166,-0.00012683231217561333,0.2713218870789572,-0.0004245077806898616,0.4963780745376065
oscillations,0.25,11,2,-12.3,10.68,q2,"(50, 150)",-0.0007037096844723703,0.2795399167212219,-0.00012683231217561333,0.2713218870789572,-0.0004245077806898616,0.4963780745376065
oscillations,0.25,11,2,-12.3,10.68,q3,"(150, 50)",-0.001140184600289031,0.2737382933472883,-0.00012683231217561333,0.2713218870789572,-0.0004245077806898616,0.4963780745376065
oscillations,0.25,11,2,-12.3,10.68,q4,"(150, 150)",0.00024757294137888754,0.2617631342422738,-0.00012683231217561333,0.2713218870789572,-0.0004245077806898616,0.4963780745376065
oscillations,0.25,12,2,-12.3,10.68,q1,"(50, 50)",0.007608079853285738,0.2821645763630815,0.0001311442512935441,0.2603471776774769,0.0004394178297656015,0.4765593040755318
oscillations,0.25,12,2,-12.3,10.68,q2,"(50, 150)",-0.002472850516949632,0.28125963515229196,0.0001311442512935441,0.2603471776774769,0.0004394178297656015,0.4765593040755318
oscillations,0.25,12,2,-12.3,10.68,q3,"(150, 50)",-0.0026406788098634745,0.25784376527340974,0.0001311442512935441,0.2603471776774769,0.0004394178297656015,0.4765593040755318
oscillations,0.25,12,2,-12.3,10.68,q4,"(150, 150)",0.0010923129053166981,0.25121810336452927,0.0001311442512935441,0.2603471776774769,0.0004394178297656015,0.4765593040755318
oscillations,0.25,13,2,-12.3,10.68,q1,"(50, 50)",0.00393349052992104,0.32378364631016276,0.00042318942445014374,0.2787343379871709,0.0014177200149083549,0.5101725996184048
oscillations,0.25,13,2,-12.3,10.68,q2,"(50, 150)",-0.0011023504422392456,0.2823810939529789,0.00042318942445014374,0.2787343379871709,0.0014177200149083549,0.5101725996184048
oscillations,0.25,13,2,-12.3,10.68,q3,"(150, 50)",0.003922260083971055,0.29191650969294347,0.00042318942445014374,0.2787343379871709,0.0014177200149083549,0.5101725996184048
oscillations,0.25,13,2,-12.3,10.68,q4,"(150, 150)",-0.0006246876293237968,0.26735755078575935,0.00042318942445014374,0.2787343379871709,0.0014177200149083549,0.5101725996184048
oscillations,0.25,14,2,-12.3,10.68,q1,"(50, 50)",-0.01151500591128808,0.3120939128083431,-0.0005305512540330717,0.2694927128225071,-0.001776944667279817,0.49319461782544144
oscillations,0.25,14,2,-12.3,10.68,q2,"(50, 150)",0.002815081238909905,0.2815430785419977,-0.0005305512540330717,0.2694927128225071,-0.001776944667279817,0.49319461782544144
oscillations,0.25,14,2,-12.3,10.68,q3,"(150, 50)",0.00021107641465621766,0.26905213676374057,-0.0005305512540330717,0.2694927128225071,-0.001776944667279817,0.49319461782544144
oscillations,0.25,14,2,-12.3,10.68,q4,"(150, 150)",-0.0006724763459932705,0.2602340408958772,-0.0005305512540330717,0.2694927128225071,-0.001776944667279817,0.49319461782544144
oscillations,0.25,15,2,-12.3,10.68,q1,"(50, 50)",-0.004552175939414299,0.2911635942231737,0.00012366690047397317,0.26237046465837177,0.00041408639033642397,0.48010206240169034
oscillations,0.25,15,2,-12.3,10.68,q2,"(50, 150)",0.0021255684158875583,0.2735965241064833,0.00012366690047397317,0.26237046465837177,0.00041408639033642397,0.48010206240169034
oscillations,0.25,15,2,-12.3,10.68,q3,"(150, 50)",0.0020532618805400703,0.2648988762098249,0.00012366690047397317,0.26237046465837177,0.00041408639033642397,0.48010206240169034
oscillations,0.25,15,2,-12.3,10.68,q4,"(150, 150)",-0.0006672938380316689,0.25418843146659775,0.00012366690047397317,0.26237046465837177,0.00041408639033642397,0.48010206240169034
oscillations,0.25,16,2,-12.3,10.68,q1,"(50, 50)",0.006602793338441006,0.2763198804588657,-0.00027252320852727454,0.26370839589549594,-0.0009138174483268491,0.482893531179734
oscillations,0.25,16,2,-12.3,10.68,q2,"(50, 150)",-0.002295650189051586,0.29113980578758686,-0.00027252320852727454,0.26370839589549594,-0.0009138174483268491,0.482893531179734
oscillations,0.25,16,2,-12.3,10.68,q3,"(150, 50)",0.0007143219671767603,0.2489605682962947,-0.00027252320852727454,0.26370839589549594,-0.0009138174483268491,0.482893531179734
oscillations,0.25,16,2,-12.3,10.68,q4,"(150, 150)",-0.0006910200010281029,0.25734238164619333,-0.00027252320852727454,0.26370839589549594,-0.0009138174483268491,0.482893531179734
oscillations,0.25,17,2,-12.3,10.68,q1,"(50, 50)",-7.836446956944272e-05,0.3458212460178873,-4.2605291524043386e-05,0.2757860901834239,-0.00014267154968285883,0.5046720630791837
oscillations,0.25,17,2,-12.3,10.68,q2,"(50, 150)",0.0002889350646295586,0.28711114038160496,-4.2605291524043386e-05,0.2757860901834239,-0.00014267154968285883,0.5046720630791837
oscillations,0.25,17,2,-12.3,10.68,q3,"(150, 50)",0.0011179627584589004,0.2853566539482457,-4.2605291524043386e-05,0.2757860901834239,-0.00014267154968285883,0.5046720630791837
oscillations,0.25,17,2,-12.3,10.68,q4,"(150, 150)",-0.0005360015182311804,0.2594320512669143,-4.2605291524043386e-05,0.2757860901834239,-0.00014267154968285883,0.5046720630791837
oscillations,0.25,18,2,-12.3,10.68,q1,"(50, 50)",0.007107216475037252,0.34016563633957536,-8.27445478472956e-05,0.27458584483885706,-0.0002772243834401401,0.5026018911682046
oscillations,0.25,18,2,-12.3,10.68,q2,"(50, 150)",-0.002821514868879159,0.276995922074523,-8.27445478472956e-05,0.27458584483885706,-0.0002772243834401401,0.5026018911682046
oscillations,0.25,18,2,-12.3,10.68,q3,"(150, 50)",-0.0011816365625865529,0.2705446743076276,-8.27445478472956e-05,0.27458584483885706,-0.0002772243834401401,0.5026018911682046
oscillations,0.25,18,2,-12.3,10.68,q4,"(150, 150)",0.00039759167264479526,0.2668337261242414,-8.27445478472956e-05,0.27458584483885706,-0.0002772243834401401,0.5026018911682046
oscillations,0.25,19,2,-12.3,10.68,q1,"(50, 50)",-6.14686460574589e-05,0.29149221570183115,-0.0005261348675913475,0.27105513368349804,-0.0017627435047871598,0.49613713412874794
oscillations,0.25,19,2,-12.3,10.68,q2,"(50, 150)",-0.00018565538248007272,0.2730028691357352,-0.0005261348675913475,0.27105513368349804,-0.0017627435047871598,0.49613713412874794
oscillations,0.25,19,2,-12.3,10.68,q3,"(150, 50)",-0.003956805996610636,0.27316006181921587,-0.0005261348675913475,0.27105513368349804,-0.0017627435047871598,0.49613713412874794
oscillations,0.25,19,2,-12.3,10.68,q4,"(150, 150)",0.0004522994335408916,0.26730777311846593,-0.0005261348675913475,0.27105513368349804,-0.0017627435047871598,0.49613713412874794
oscillations,0.25,20,2,-12.3,10.68,q1,"(50, 50)",-0.002272176510319701,0.2729942596854126,7.812030320738794e-05,0.2701838042606408,0.0002616438188307397,0.49446157654922546
oscillations,0.25,20,2,-12.3,10.68,q2,"(50, 150)",0.000846504590887791,0.2827643199349766,7.812030320738794e-05,0.2701838042606408,0.0002616438188307397,0.49446157654922546
oscillations,0.25,20,2,-12.3,10.68,q3,"(150, 50)",0.0011837132780714208,0.2606225466574393,7.812030320738794e-05,0.2701838042606408,0.0002616438188307397,0.49446157654922546
oscillations,0.25,20,2,-12.3,10.68,q4,"(150, 150)",-0.00028539469391552537,0.2687029079644871,7.812030320738794e-05,0.2701838042606408,0.0002616438188307397,0.49446157654922546
oscillations,0.25,21,2,-12.3,10.68,q1,"(50, 50)",0.008020709144463853,0.3142601570271419,0.00012452708591525148,0.2725436957564318,0.000417176167220272,0.4988429817571514
oscillations,0.25,21,2,-12.3,10.68,q2,"(50, 150)",-0.0027771412044087403,0.28344849588577903,0.00012452708591525148,0.2725436957564318,0.000417176167220272,0.4988429817571514
oscillations,0.25,21,2,-12.3,10.68,q3,"(150, 50)",0.0005932896169471761,0.2723417240915329,0.00012452708591525148,0.2725436957564318,0.000417176167220272,0.4988429817571514
oscillations,0.25,21,2,-12.3,10.68,q4,"(150, 150)",5.814211028498397e-05,0.26375369615987704,0.00012452708591525148,0.2725436957564318,0.000417176167220272,0.4988429817571514
oscillations,0.25,22,2,-12.3,10.68,q1,"(50, 50)",0.0033905410470926726,0.2774236101972301,2.9234220934338806e-06,0.26679652516650776,9.79206864322053e-06,0.48828303022382996
oscillations,0.25,22,2,-12.3,10.68,q2,"(50, 150)",-0.0010342004192980731,0.2814124060013564,2.9234220934338806e-06,0.26679652516650776,9.79206864322053e-06,0.48828303022382996
oscillations,0.25,22,2,-12.3,10.68,q3,"(150, 50)",0.0005474240533425142,0.2504767363359574,2.9234220934338806e-06,0.26679652516650776,9.79206864322053e-06,0.48828303022382996
oscillations,0.25,22,2,-12.3,10.68,q4,"(150, 150)",-0.00020927079952567327,0.2658553707391978,2.9234220934338806e-06,0.26679652516650776,9.79206864322053e-06,0.48828303022382996
oscillations,0.25,23,2,-12.3,10.68,q1,"(50, 50)",0.008919780522164817,0.29461874254203146,0.00011848461473771407,0.27948914124665625,0.0003968004512314596,0.5114697414105704
oscillations,0.25,23,2,-12.3,10.68,q2,"(50, 150)",-0.002386124173329036,0.28922550743163533,0.00011848461473771407,0.27948914124665625,0.0003968004512314596,0.5114697414105704
oscillations,0.25,23,2,-12.3,10.68,q3,"(150, 50)",-0.0028872646371159733,0.29815261051208236,0.00011848461473771407,0.27948914124665625,0.0003968004512314596,0.5114697414105704
oscillations,0.25,23,2,-12.3,10.68,q4,"(150, 150)",0.0009773488605526262,0.267759745834842,0.00011848461473771407,0.27948914124665625,0.0003968004512314596,0.5114697414105704
oscillations,0.25,24,2,-12.3,10.68,q1,"(50, 50)",0.003097663433099267,0.2980239438736262,0.00022546096761363947,0.26997000785104236,0.00075493376063499,0.49400791125839466
oscillations,0.25,24,2,-12.3,10.68,q2,"(50, 150)",-0.0009548861657880401,0.28825865442699056,0.00022546096761363947,0.26997000785104236,0.00075493376063499,0.49400791125839466
oscillations,0.25,24,2,-12.3,10.68,q3,"(150, 50)",0.002397230486100394,0.26718961083514725,0.00022546096761363947,0.26997000785104236,0.00075493376063499,0.49400791125839466
oscillations,0.25,24,2,-12.3,10.68,q4,"(150, 150)",-0.0004241467680242331,0.26116027736645325,0.00022546096761363947,0.26997000785104236,0.00075493376063499,0.49400791125839466
oscillations,0.25,25,2,-12.3,10.68,q1,"(50, 50)",0.006605610500039897,0.2940105759449278,0.00043473479810775457,0.2642598917132765,0.0014562760174449535,0.48365927245409496
oscillations,0.25,25,2,-12.3,10.68,q2,"(50, 150)",-0.0015913672996862537,0.279303083877387,0.00043473479810775457,0.2642598917132765,0.0014562760174449535,0.48365927245409496
oscillations,0.25,25,2,-12.3,10.68,q3,"(150, 50)",0.0020284910276665443,0.26891728341982857,0.00043473479810775457,0.2642598917132765,0.0014562760174449535,0.48365927245409496
oscillations,0.25,25,2,-12.3,10.68,q4,"(150, 150)",-0.00010680276825074407,0.2538261913309832,0.00043473479810775457,0.2642598917132765,0.0014562760174449535,0.48365927245409496
oscillations,0.25,26,2,-12.3,10.68,q1,"(50, 50)",-0.00014324914296557888,0.30346352613666916,-0.00045702494703800855,0.26973292455821307,-0.00153145663747343,0.49375885169908396
oscillations,0.25,26,2,-12.3,10.68,q2,"(50, 150)",6.037259490190626e-05,0.2831919704231869,-0.00045702494703800855,0.26973292455821307,-0.00153145663747343,0.49375885169908396
oscillations,0.25,26,2,-12.3,10.68,q3,"(150, 50)",-0.004903433310231043,0.26664738398540955,-0.00045702494703800855,0.26973292455821307,-0.00153145663747343,0.49375885169908396
oscillations,0.25,26,2,-12.3,10.68,q4,"(150, 150)",0.0008177813484827616,0.26205027080978094,-0.00045702494703800855,0.26973292455821307,-0.00153145663747343,0.49375885169908396
oscillations,0.25,27,2,-12.3,10.68,q1,"(50, 50)",0.007439360293425365,0.2632650634110407,0.0003522014525720387,0.2617298936111475,0.0011800031914634013,0.47906939151723443
oscillations,0.25,27,2,-12.3,10.68,q2,"(50, 150)",-0.0014552818093165935,0.2738852939902525,0.0003522014525720387,0.2617298936111475,0.0011800031914634013,0.47906939151723443
oscillations,0.25,27,2,-12.3,10.68,q3,"(150, 50)",-0.0007573120863514764,0.2645116721410529,0.0003522014525720387,0.2617298936111475,0.0011800031914634013,0.47906939151723443
oscillations,0.25,27,2,-12.3,10.68,q4,"(150, 150)",0.0005370716260812733,0.2564131508570805,0.0003522014525720387,0.2617298936111475,0.0011800031914634013,0.47906939151723443
oscillations,0.25,28,2,-12.3,10.68,q1,"(50, 50)",0.003482415804317138,0.2854426301005287,0.00048387533545746236,0.2653167059927635,0.001621837893271199,0.4857355357754393
oscillations,0.25,28,2,-12.3,10.68,q2,"(50, 150)",-0.0005011781381960511,0.27383021025549614,0.00048387533545746236,0.2653167059927635,0.001621837893271199,0.4857355357754393
oscillations,0.25,28,2,-12.3,10.68,q3,"(150, 50)",0.004849681329610831,0.26967740043922606,0.00048387533545746236,0.2653167059927635,0.001621837893271199,0.4857355357754393
oscillations,0.25,28,2,-12.3,10.68,q4,"(150, 150)",-0.0009762133345824536,0.25854181990583275,0.00048387533545746236,0.2653167059927635,0.001621837893271199,0.4857355357754393
oscillations,0.25,29,2,-12.3,10.68,q1,"(50, 50)",0.0041843813199539765,0.29168441130352063,0.00013797353706811017,0.2645966687629052,0.0004624165465206877,0.4843987539698197
oscillations,0.25,29,2,-12.3,10.68,q2,"(50, 150)",-0.001599095679930081,0.2775279539041009,0.00013797353706811017,0.2645966687629052,0.0004624165465206877,0.4843987539698197
oscillations,0.25,29,2,-12.3,10.68,q3,"(150, 50)",3.9179757192856354e-05,0.25199820954803404,0.00013797353706811017,0.2645966687629052,0.0004624165465206877,0.4843987539698197
oscillations,0.25,29,2,-12.3,10.68,q4,"(150, 150)",0.00030032700459416237,0.26108795400437185,0.00013797353706811017,0.2645966687629052,0.0004624165465206877,0.4843987539698197
oscillations,0.25,30,2,-12.3,10.68,q1,"(50, 50)",0.006095081726530796,0.3135919718753656,-0.00030903149191486873,0.27209220552432795,-0.0010356283241114903,0.4980994164880448
oscillations,0.25,30,2,-12.3,10.68,q2,"(50, 150)",-0.0016308048550936144,0.2998254475067324,-0.00030903149191486873,0.27209220552432795,-0.0010356283241114903,0.4980994164880448
oscillations,0.25,30,2,-12.3,10.68,q3,"(150, 50)",-0.0020118184986102836,0.28036086479609484,-0.00030903149191486873,0.27209220552432795,-0.0010356283241114903,0.4980994164880448
oscillations,0.25,30,2,-12.3,10.68,q4,"(150, 150)",-1.2412837339666636e-05,0.25400316783421295,-0.00030903149191486873,0.27209220552432795,-0.0010356283241114903,0.4980994164880448
oscillations,0.25,31,2,-12.3,10.68,q1,"(50, 50)",0.0064361730392078,0.3234740429960776,0.00027341149309625343,0.27598297740096556,0.0009161815970386295,0.5052009904932914
oscillations,0.25,31,2,-12.3,10.68,q2,"(50, 150)",-0.0017369450812357017,0.29350760881843596,0.00027341149309625343,0.27598297740096556,0.0009161815970386295,0.5052009904932914
oscillations,0.25,31,2,-12.3,10.68,q3,"(150, 50)",0.00392669103429301,0.2760019797316101,0.00027341149309625343,0.27598297740096556,0.0009161815970386295,0.5052009904932914
oscillations,0.25,31,2,-12.3,10.68,q4,"(150, 150)",-0.0009589807787599634,0.2639349591803892,0.00027341149309625343,0.27598297740096556,0.0009161815970386295,0.5052009904932914
oscillations,0.25,32,2,-12.3,10.68,q1,"(50, 50)",-0.0004312358873723465,0.29253687038369003,-0.00014648898654895723,0.26872492902090545,-0.0004908325902126231,0.4918945531460921
oscillations,0.25,32,2,-12.3,10.68,q2,"(50, 150)",-0.0004394036033746405,0.28708220113630617,-0.00014648898654895723,0.26872492902090545,-0.0004908325902126231,0.4918945531460921
oscillations,0.25,32,2,-12.3,10.68,q3,"(150, 50)",-0.0015275302121041602,0.271881300462349,-0.00014648898654895723,0.26872492902090545,-0.0004908325902126231,0.4918945531460921
oscillations,0.25,32,2,-12.3,10.68,q4,"(150, 150)",0.00044313483878060365,0.2583742966755054,-0.00014648898654895723,0.26872492902090545,-0.0004908325902126231,0.4918945531460921
oscillations,0.25,33,2,-12.3,10.68,q1,"(50, 50)",-0.004098797858274182,0.31740498135106965,9.448371638668769e-05,0.27352545960512825,0.00031652836310448127,0.5006399792794305
oscillations,0.25,33,2,-12.3,10.68,q2,"(50, 150)",0.0007145984798442309,0.2831395119823175,9.448371638668769e-05,0.27352545960512825,0.00031652836310448127,0.5006399792794305
oscillations,0.25,33,2,-12.3,10.68,q3,"(150, 50)",0.0006735908131511085,0.2773250986684812,9.448371638668769e-05,0.27352545960512825,0.00031652836310448127,0.5006399792794305
oscillations,0.25,33,2,-12.3,10.68,q4,"(150, 150)",0.0001606632712750186,0.263536113297475,9.448371638668769e-05,0.27352545960512825,0.00031652836310448127,0.5006399792794305
oscillations,0.25,34,2,-12.3,10.68,q1,"(50, 50)",-0.0019992742107495837,0.2676622327333821,0.00032213928495192484,0.26805527388346256,0.001078922498373692,0.4905653832752292
oscillations,0.25,34,2,-12.3,10.68,q2,"(50, 150)",0.00047510275111326987,0.2873156408775567,0.00032213928495192484,0.26805527388346256,0.001078922498373692,0.4905653832752292
oscillations,0.25,34,2,-12.3,10.68,q3,"(150, 50)",0.006153347134009074,0.2605130735403008,0.00032213928495192484,0.26805527388346256,0.001078922498373692,0.4905653832752292
oscillations,0.25,34,2,-12.3,10.68,q4,"(150, 150)",-0.0014146496539318503,0.2638662063979732,0.00032213928495192484,0.26805527388346256,0.001078922498373692,0.4905653832752292
oscillations,0.25,35,2,-12.3,10.68,q1,"(50, 50)",0.0003504020537074947,0.3125788292453137,-0.00020589173434905036,0.26877386982038587,-0.0006895812923019351,0.49188097419582216
oscillations,0.25,35,2,-12.3,10.68,q2,"(50, 150)",-0.0013110461304970357,0.28271471112465585,-0.00020589173434905036,0.26877386982038587,-0.0006895812923019351,0.49188097419582216
oscillations,0.25,35,2,-12.3,10.68,q3,"(150, 50)",-0.0016795149032162078,0.25234767419705667,-0.00020589173434905036,0.26877386982038587,-0.0006895812923019351,0.49188097419582216
oscillations,0.25,35,2,-12.3,10.68,q4,"(150, 150)",0.0005918903664274928,0.264004982915644,-0.00020589173434905036,0.26877386982038587,-0.0006895812923019351,0.49188097419582216
oscillations,0.25,36,2,-12.3,10.68,q1,"(50, 50)",0.002925295718127497,0.29326283262134717,-6.516418938265442e-05,0.2657893608932888,-0.00021837865074616036,0.48656196058449136
oscillations,0.25,36,2,-12.3,10.68,q2,"(50, 150)",-0.0011192872152851648,0.2823634821813789,-6.516418938265442e-05,0.2657893608932888,-0.00021837865074616036,0.48656196058449136
oscillations,0.25,36,2,-12.3,10.68,q3,"(150, 50)",0.00033807880883760167,0.26515587075379676,-6.516418938265442e-05,0.2657893608932888,-0.00021837865074616036,0.48656196058449136
oscillations,0.25,36,2,-12.3,10.68,q4,"(150, 150)",-0.00018047750321191955,0.2569430246762038,-6.516418938265442e-05,0.2657893608932888,-0.00021837865074616036,0.48656196058449136
oscillations,0.25,37,2,-12.3,10.68,q1,"(50, 50)",0.004497290854189612,0.3109011600848744,-0.00015620510991938092,0.2696627252783197,-0.0005236071731144918,0.4937145465890392
oscillations,0.25,37,2,-12.3,10.68,q2,"(50, 150)",-0.0016111372417876779,0.304293809709317,-0.00015620510991938092,0.2696627252783197,-0.0005236071731144918,0.4937145465890392
oscillations,0.25,37,2,-12.3,10.68,q3,"(150, 50)",0.00024116632279228415,0.2513884634650981,-0.00015620510991938092,0.2696627252783197,-0.0005236071731144918,0.4937145465890392
oscillations,0.25,37,2,-12.3,10.68,q4,"(150, 150)",-0.00032073998399039167,0.2580755414157314,-0.00015620510991938092,0.2696627252783197,-0.0005236071731144918,0.4937145465890392
oscillations,0.25,38,2,-12.3,10.68,q1,"(50, 50)",0.002628589888078775,0.3185608857775588,0.00012591274082943363,0.27242058845081996,0.00042241966226430855,0.4989729943338963
oscillations,0.25,38,2,-12.3,10.68,q2,"(50, 150)",-8.403635446015726e-05,0.2952445001483389,0.00012591274082943363,0.27242058845081996,0.00042241966226430855,0.4989729943338963
oscillations,0.25,38,2,-12.3,10.68,q3,"(150, 50)",0.0013571897763899124,0.27296694903746055,0.00012591274082943363,0.27242058845081996,0.00042241966226430855,0.4989729943338963
oscillations,0.25,38,2,-12.3,10.68,q4,"(150, 150)",-0.0004926051445107895,0.25838631650244837,0.00012591274082943363,0.27242058845081996,0.00042241966226430855,0.4989729943338963
oscillations,0.25,39,2,-12.3,10.68,q1,"(50, 50)",-0.0014151187431126853,0.32361166260576163,-4.928173259765425e-05,0.27006059359601137,-0.00016501500953508942,0.49417405606653103
oscillations,0.25,39,2,-12.3,10.68,q2,"(50, 150)",-0.00016155244082079938,0.28859815759916296,-4.928173259765425e-05,0.27006059359601137,-0.00016501500953508942,0.49417405606653103
oscillations,0.25,39,2,-12.3,10.68,q3,"(150, 50)",0.003938424067995546,0.27155532069919286,-4.928173259765425e-05,0.27006059359601137,-0.00016501500953508942,0.49417405606653103
oscillations,0.25,39,2,-12.3,10.68,q4,"(150, 150)",-0.0011893337622193366,0.25626466499959527,-4.928173259765425e-05,0.27006059359601137,-0.00016501500953508942,0.49417405606653103
oscillations,0.25,40,2,-12.3,10.68,q1,"(50, 50)",-0.0029010578289488304,0.30778575724046336,-3.948961026147799e-05,0.27075484572802766,-0.000132459908633888,0.49588049826342046
oscillations,0.25,40,2,-12.3,10.68,q2,"(50, 150)",0.0016666005566112658,0.2760749445491884,-3.948961026147799e-05,0.27075484572802766,-0.000132459908633888,0.49588049826342046
oscillations,0.25,40,2,-12.3,10.68,q3,"(150, 50)",-0.0021819736662590473,0.2900403759006811,-3.948961026147799e-05,0.27075484572802766,-0.000132459908633888,0.49588049826342046
oscillations,0.25,40,2,-12.3,10.68,q4,"(150, 150)",0.00042392704374539136,0.25758362247573896,-3.948961026147799e-05,0.27075484572802766,-0.000132459908633888,0.49588049826342046
oscillations,0.25,41,2,-12.3,10.68,q1,"(50, 50)",0.006522753318239468,0.31318200713932964,-0.0001044512102951161,0.2629115568276457,-0.00034965674213780667,0.4810318264402526
oscillations,0.25,41,2,-12.3,10.68,q2,"(50, 150)",-0.0014114815276133333,0.2668796727097785,-0.0001044512102951161,0.2629115568276457,-0.00034965674213780667,0.4810318264402526
oscillations,0.25,41,2,-12.3,10.68,q3,"(150, 50)",0.0006741632798113533,0.26285228275991124,-0.0001044512102951161,0.2629115568276457,-0.00034965674213780667,0.4810318264402526
oscillations,0.25,41,2,-12.3,10.68,q4,"(150, 150)",-0.0006646686599505986,0.25535919862659123,-0.0001044512102951161,0.2629115568276457,-0.00034965674213780667,0.4810318264402526
oscillations,0.25,42,2,-12.3,10.68,q1,"(50, 50)",0.0032135964451654535,0.30729491891399946,0.00018634766816778318,0.2650297632554155,0.0006246465035373605,0.48523215368947303
oscillations,0.25,42,2,-12.3,10.68,q2,"(50, 150)",-0.0005171680166981533,0.2771238837489041,0.00018634766816778318,0.2650297632554155,0.0006246465035373605,0.48523215368947303
oscillations,0.25,42,2,-12.3,10.68,q3,"(150, 50)",0.004449464849615541,0.2632257413454995,0.00018634766816778318,0.2650297632554155,0.0006246465035373605,0.48523215368947303
oscillations,0.25,42,2,-12.3,10.68,q4,"(150, 150)",-0.00133654713924812,0.25627239878616126,0.00018634766816778318,0.2650297632554155,0.0006246465035373605,0.48523215368947303
oscillations,0.25,43,2,-12.3,10.68,q1,"(50, 50)",-0.0051068156743694715,0.3275168619223353,5.413021949776031e-05,0.27257592647875406,0.0001813407688367173,0.4989020736525972
oscillations,0.25,43,2,-12.3,10.68,q2,"(50, 150)",0.0009487715018691972,0.27788149736934575,5.413021949776031e-05,0.27257592647875406,0.0001813407688367173,0.4989020736525972
oscillations,0.25,43,2,-12.3,10.68,q3,"(150, 50)",0.002104999805536142,0.27942914518261963,5.413021949776031e-05,0.27257592647875406,0.0001813407688367173,0.4989020736525972
oscillations,0.25,43,2,-12.3,10.68,q4,"(150, 150)",-0.0003542683039869306,0.2615244622510806,5.413021949776031e-05,0.27257592647875406,0.0001813407688367173,0.4989020736525972
oscillations,0.25,44,2,-12.3,10.68,q1,"(50, 50)",0.009988351976820142,0.3091230861424153,0.0004893277665170943,0.2702121778818964,0.001639426305442984,0.4945944784709406
oscillations,0.25,44,2,-12.3,10.68,q2,"(50, 150)",-0.002116848826041155,0.28643847448084153,0.0004893277665170943,0.2702121778818964,0.001639426305442984,0.4945944784709406
oscillations,0.25,44,2,-12.3,10.68,q3,"(150, 50)",0.0008422778008623422,0.2707024379697595,0.0004893277665170943,0.2702121778818964,0.001639426305442984,0.4945944784709406
oscillations,0.25,44,2,-12.3,10.68,q4,"(150, 150)",0.00018495615144331235,0.25961180649351523,0.0004893277665170943,0.2702121778818964,0.001639426305442984,0.4945944784709406
oscillations,0.25,45,2,-12.3,10.68,q1,"(50, 50)",0.012957497674427512,0.2722560777957067,0.0002725941078791989,0.262636441938822,0.0009134425999135427,0.48076941887112196
oscillations,0.25,45,2,-12.3,10.68,q2,"(50, 150)",-0.003451080564774536,0.28199741809615364,0.0002725941078791989,0.262636441938822,0.0009134425999135427,0.48076941887112196
oscillations,0.25,45,2,-12.3,10.68,q3,"(150, 50)",0.0009445197319279156,0.2480555165279839,0.0002725941078791989,0.262636441938822,0.0009134425999135427,0.48076941887112196
oscillations,0.25,45,2,-12.3,10.68,q4,"(150, 150)",-0.00011958993886894075,0.2595199727292451,0.0002725941078791989,0.262636441938822,0.0009134425999135427,0.48076941887112196
oscillations,0.25,46,2,-12.3,10.68,q1,"(50, 50)",0.0036558444912044123,0.3359630169940312,0.00020000775453966072,0.2757240520167749,0.0006708292957895718,0.5049599990885318
oscillations,0.25,46,2,-12.3,10.68,q2,"(50, 150)",-0.0010852436205401367,0.2856510825549451,0.00020000775453966072,0.2757240520167749,0.0006708292957895718,0.5049599990885318
oscillations,0.25,46,2,-12.3,10.68,q3,"(150, 50)",0.0062609341968209685,0.28644263865681724,0.00020000775453966072,0.2757240520167749,0.0006708292957895718,0.5049599990885318
oscillations,0.25,46,2,-12.3,10.68,q4,"(150, 150)",-0.001775865794156926,0.2608551915802238,0.00020000775453966072,0.2757240520167749,0.0006708292957895718,0.5049599990885318
oscillations,0.25,47,2,-12.3,10.68,q1,"(50, 50)",-0.0021368505420138865,0.30743332330986295,-0.0002802317234682842,0.26574935597406213,-0.0009383282218927987,0.4862844632621477
oscillations,0.25,47,2,-12.3,10.68,q2,"(50, 150)",4.9940995188811614e-05,0.27359264564029606,-0.0002802317234682842,0.26574935597406213,-0.0009383282218927987,0.4862844632621477
oscillations,0.25,47,2,-12.3,10.68,q3,"(150, 50)",0.0005719637611114452,0.2575202689620271,-0.0002802317234682842,0.26574935597406213,-0.0009383282218927987,0.4862844632621477
oscillations,0.25,47,2,-12.3,10.68,q4,"(150, 150)",-0.0004680634780421598,0.2607538495701061,-0.0002802317234682842,0.26574935597406213,-0.0009383282218927987,0.4862844632621477
oscillations,0.25,48,2,-12.3,10.68,q1,"(50, 50)",0.00025611153358061996,0.29730951241696296,-0.0002460074621571998,0.2623338594382654,-0.0008233181464431041,0.47991420398812523
oscillations,0.25,48,2,-12.3,10.68,q2,"(50, 150)",0.00035916313684368375,0.27740811353307254,-0.0002460074621571998,0.2623338594382654,-0.0008233181464431041,0.47991420398812523
oscillations,0.25,48,2,-12.3,10.68,q3,"(150, 50)",-0.004136114074465358,0.26407177146928623,-0.0002460074621571998,0.2623338594382654,-0.0008233181464431041,0.47991420398812523
oscillations,0.25,48,2,-12.3,10.68,q4,"(150, 150)",0.0007931802094188015,0.2522318069912672,-0.0002460074621571998,0.2623338594382654,-0.0008233181464431041,0.47991420398812523
oscillations,0.25,49,2,-12.3,10.68,q1,"(50, 50)",0.012118341202354306,0.30327978378305814,0.0004322392053166892,0.27716817248383707,0.001447795027019559,0.5072634601172762
oscillations,0.25,49,2,-12.3,10.68,q2,"(50, 150)",-0.0026279576799691246,0.2937309850037466,0.0004322392053166892,0.27716817248383707,0.001447795027019559,0.5072634601172762
oscillations,0.25,49,2,-12.3,10.68,q3,"(150, 50)",0.004241852272172432,0.2769672071553578,0.0004322392053166892,0.27716817248383707,0.001447795027019559,0.5072634601172762
oscillations,0.25,49,2,-12.3,10.68,q4,"(150, 150)",-0.0011160219659885782,0.26832413175133873,0.0004322392053166892,0.27716817248383707,0.001447795027019559,0.5072634601172762
oscillations,0.25,0,3,-17.0,8.65,q1,"(50, 50)",0.005218076953326602,0.3383883472180392,0.00046854780982526147,0.29589845429483963,0.001567967237765453,0.5412936780449615
oscillations,0.25,0,3,-17.0,8.65,q2,"(50, 150)",-0.001288320091724204,0.3267929828513535,0.00046854780982526147,0.29589845429483963,0.001567967237765453,0.5412936780449615
oscillations,0.25,0,3,-17.0,8.65,q3,"(150, 50)",0.004778913123586913,0.2953553174791937,0.00046854780982526147,0.29589845429483963,0.001567967237765453,0.5412936780449615
oscillations,0.25,0,3,-17.0,8.65,q4,"(150, 150)",-0.0009103434546345056,0.2797216337164196,0.00046854780982526147,0.29589845429483963,0.001567967237765453,0.5412936780449615
oscillations,0.25,1,3,-17.0,8.65,q1,"(50, 50)",0.0006850096348179172,0.3453584826737177,0.0002167711829384825,0.2954601500613929,0.0007265058498147734,0.540900550199926
oscillations,0.25,1,3,-17.0,8.65,q2,"(50, 150)",5.114051461741198e-06,0.29901643810560036,0.0002167711829384825,0.2954601500613929,0.0007265058498147734,0.540900550199926
oscillations,0.25,1,3,-17.0,8.65,q3,"(150, 50)",0.005344189925165559,0.30431921134241924,0.0002167711829384825,0.2954601500613929,0.0007265058498147734,0.540900550199926
oscillations,0.25,1,3,-17.0,8.65,q4,"(150, 150)",-0.001473842515298233,0.28505491408603817,0.0002167711829384825,0.2954601500613929,0.0007265058498147734,0.540900550199926
oscillations,0.25,2,3,-17.0,8.65,q1,"(50, 50)",0.001434214947248646,0.33913006106013555,-0.00011344138034864035,0.29130304333931445,-0.00037984724710745006,0.5330447680250623
oscillations,0.25,2,3,-17.0,8.65,q2,"(50, 150)",-0.0008038318611328688,0.2964294858842639,-0.00011344138034864035,0.29130304333931445,-0.00037984724710745006,0.5330447680250623
oscillations,0.25,2,3,-17.0,8.65,q3,"(150, 50)",0.0006599193792132906,0.29325794775581504,-0.00011344138034864035,0.29130304333931445,-0.00037984724710745006,0.5330447680250623
oscillations,0.25,2,3,-17.0,8.65,q4,"(150, 150)",-0.00031305995411868355,0.28305716747067267,-0.00011344138034864035,0.29130304333931445,-0.00037984724710745006,0.5330447680250623
oscillations,0.25,3,3,-17.0,8.65,q1,"(50, 50)",0.009597662166443857,0.3181647736975155,0.0006183205020794457,0.2896795363249464,0.0020729880213877987,0.5304043313566874
oscillations,0.25,3,3,-17.0,8.65,q2,"(50, 150)",-0.0023815889312586436,0.2995412331202872,0.0006183205020794457,0.2896795363249464,0.0020729880213877987,0.5304043313566874
oscillations,0.25,3,3,-17.0,8.65,q3,"(150, 50)",0.002904371089427022,0.28553693173695105,0.0006183205020794457,0.2896795363249464,0.0020729880213877987,0.5304043313566874
oscillations,0.25,3,3,-17.0,8.65,q4,"(150, 150)",-0.00014143117863087368,0.28431233760271857,0.0006183205020794457,0.2896795363249464,0.0020729880213877987,0.5304043313566874
oscillations,0.25,4,3,-17.0,8.65,q1,"(50, 50)",-0.00263548011233244,0.33475599665728956,-7.743820414921377e-05,0.29721684569025175,-0.0002596419250602305,0.5442308544871426
oscillations,0.25,4,3,-17.0,8.65,q2,"(50, 150)",0.0011508758339933754,0.31596555188309994,-7.743820414921377e-05,0.29721684569025175,-0.0002596419250602305,0.5442308544871426
oscillations,0.25,4,3,-17.0,8.65,q3,"(150, 50)",-0.001401631401057532,0.31104879164271965,-7.743820414921377e-05,0.29721684569025175,-0.0002596419250602305,0.5442308544871426
oscillations,0.25,4,3,-17.0,8.65,q4,"(150, 150)",0.0002387483941263873,0.28118204940025404,-7.743820414921377e-05,0.29721684569025175,-0.0002596419250602305,0.5442308544871426
oscillations,0.25,5,3,-17.0,8.65,q1,"(50, 50)",0.005550085125283495,0.35532367248934915,-0.00015380920192028882,0.30014484531752694,-0.000515273708275674,0.549361964543858
oscillations,0.25,5,3,-17.0,8.65,q2,"(50, 150)",-0.0020431839465143123,0.31300485532500727,-0.00015380920192028882,0.30014484531752694,-0.000515273708275674,0.549361964543858
oscillations,0.25,5,3,-17.0,8.65,q3,"(150, 50)",0.004555446423564557,0.32964012766654144,-0.00015380920192028882,0.30014484531752694,-0.000515273708275674,0.549361964543858
oscillations,0.25,5,3,-17.0,8.65,q4,"(150, 150)",-0.0017275355319065384,0.27790884085063705,-0.00015380920192028882,0.30014484531752694,-0.000515273708275674,0.549361964543858
oscillations,0.25,6,3,-17.0,8.65,q1,"(50, 50)",0.004576173528585205,0.3596628463752671,-0.00036266241103734276,0.29005760594842095,-0.0012149494507113648,0.5308982485736307
oscillations,0.25,6,3,-17.0,8.65,q2,"(50, 150)",-0.0022445630075626677,0.28748134692907906,-0.00036266241103734276,0.29005760594842095,-0.0012149494507113648,0.5308982485736307
oscillations,0.25,6,3,-17.0,8.65,q3,"(150, 50)",-0.0015777325473081993,0.29961077386588736,-0.00036266241103734276,0.29005760594842095,-0.0012149494507113648,0.5308982485736307
oscillations,0.25,6,3,-17.0,8.65,q4,"(150, 150)",0.00012090161771443432,0.27878691600971095,-0.00036266241103734276,0.29005760594842095,-0.0012149494507113648,0.5308982485736307
oscillations,0.25,7,3,-17.0,8.65,q1,"(50, 50)",0.007130649747039021,0.34145732532156925,-6.770724783623838e-05,0.28660873330799214,-0.00022682495087517136,0.524586637092208
oscillations,0.25,7,3,-17.0,8.65,q2,"(50, 150)",-0.0014508405847519514,0.28463550273524524,-6.770724783623838e-05,0.28660873330799214,-0.00022682495087517136,0.524586637092208
oscillations,0.25,7,3,-17.0,8.65,q3,"(150, 50)",0.0007478440200082682,0.28942491740781723,-6.770724783623838e-05,0.28660873330799214,-0.00022682495087517136,0.524586637092208
oscillations,0.25,7,3,-17.0,8.65,q4,"(150, 150)",-0.0006783306686875318,0.27954419006264997,-6.770724783623838e-05,0.28660873330799214,-0.00022682495087517136,0.524586637092208
oscillations,0.25,8,3,-17.0,8.65,q1,"(50, 50)",0.0022046180835112146,0.34163603902459594,4.043598855964436e-06,0.2838303968279416,1.355547722415187e-05,0.5196755419237725
oscillations,0.25,8,3,-17.0,8.65,q2,"(50, 150)",-0.00017381582274035606,0.29572398800273914,4.043598855964436e-06,0.2838303968279416,1.355547722415187e-05,0.5196755419237725
oscillations,0.25,8,3,-17.0,8.65,q3,"(150, 50)",0.00033212332031968,0.3041490231534966,4.043598855964436e-06,0.2838303968279416,1.355547722415187e-05,0.5196755419237725
oscillations,0.25,8,3,-17.0,8.65,q4,"(150, 150)",-0.0002905381105059729,0.2650693758276492,4.043598855964436e-06,0.2838303968279416,1.355547722415187e-05,0.5196755419237725
oscillations,0.25,9,3,-17.0,8.65,q1,"(50, 50)",0.005220060498973127,0.3777787913843301,-0.00012856633385178388,0.2950623141494311,-0.0004302035598185837,0.539742998506163
oscillations,0.25,9,3,-17.0,8.65,q2,"(50, 150)",-0.0015578642753323183,0.3018982018043429,-0.00012856633385178388,0.2950623141494311,-0.0004302035598185837,0.539742998506163
oscillations,0.25,9,3,-17.0,8.65,q3,"(150, 50)",0.0006311772260187484,0.3027596592360577,-0.00012856633385178388,0.2950623141494311,-0.0004302035598185837,0.539742998506163
oscillations,0.25,9,3,-17.0,8.65,q4,"(150, 150)",-0.0004996734102956621,0.27924819274011503,-0.00012856633385178388,0.2950623141494311,-0.0004302035598185837,0.539742998506163
oscillations,0.25,10,3,-17.0,8.65,q1,"(50, 50)",0.005279623688380448,0.31513250677074534,-9.408394353445082e-05,0.29199525251885594,-0.00031500441461270774,0.5342890840548683
oscillations,0.25,10,3,-17.0,8.65,q2,"(50, 150)",-0.0010797470807820588,0.3036564209877347,-9.408394353445082e-05,0.29199525251885594,-0.00031500441461270774,0.5342890840548683
oscillations,0.25,10,3,-17.0,8.65,q3,"(150, 50)",-0.004144131969342538,0.2989849568764694,-9.408394353445082e-05,0.29199525251885594,-0.00031500441461270774,0.5342890840548683
oscillations,0.25,10,3,-17.0,8.65,q4,"(150, 150)",0.000987407818382459,0.28283916456777874,-9.408394353445082e-05,0.29199525251885594,-0.00031500441461270774,0.5342890840548683
oscillations,0.25,11,3,-17.0,8.65,q1,"(50, 50)",0.0032688433605014226,0.3246319841832225,-0.00033316034631136136,0.29532670381694986,-0.0011170506162996188,0.540769067777222
oscillations,0.25,11,3,-17.0,8.65,q2,"(50, 150)",-0.0013656217464895104,0.3181010538644332,-0.00033316034631136136,0.29532670381694986,-0.0011170506162996188,0.540769067777222
oscillations,0.25,11,3,-17.0,8.65,q3,"(150, 50)",-0.0013249802217818352,0.2990679529150978,-0.00033316034631136136,0.29532670381694986,-0.0011170506162996188,0.540769067777222
oscillations,0.25,11,3,-17.0,8.65,q4,"(150, 150)",-5.86225551854632e-05,0.28248703058382985,-0.00033316034631136136,0.29532670381694986,-0.0011170506162996188,0.540769067777222
oscillations,0.25,12,3,-17.0,8.65,q1,"(50, 50)",-0.00020575946092415336,0.3475866102223431,-0.00033484291509088264,0.2919696638531849,-0.0011216578681547023,0.5343757052480627
oscillations,0.25,12,3,-17.0,8.65,q2,"(50, 150)",6.0806675780888495e-06,0.29252630082008124,-0.00033484291509088264,0.2919696638531849,-0.0011216578681547023,0.5343757052480627
oscillations,0.25,12,3,-17.0,8.65,q3,"(150, 50)",0.0006097712288460819,0.2989127896467249,-0.00033484291509088264,0.2919696638531849,-0.0011216578681547023,0.5343757052480627
oscillations,0.25,12,3,-17.0,8.65,q4,"(150, 150)",-0.00077769809664472,0.2825199732136848,-0.00033484291509088264,0.2919696638531849,-0.0011216578681547023,0.5343757052480627
oscillations,0.25,13,3,-17.0,8.65,q1,"(50, 50)",0.008953165276143425,0.363382776478233,0.00011277296588718815,0.30006423987948044,0.00037786217419061345,0.5492605125105003
oscillations,0.25,13,3,-17.0,8.65,q2,"(50, 150)",-0.0022304921125677504,0.3021742709626053,0.00011277296588718815,0.30006423987948044,0.00037786217419061345,0.5492605125105003
oscillations,0.25,13,3,-17.0,8.65,q3,"(150, 50)",0.005517754697882549,0.3018799011353802,0.00011277296588718815,0.30006423987948044,0.00037786217419061345,0.5492605125105003
oscillations,0.25,13,3,-17.0,8.65,q4,"(150, 150)",-0.001890065064210312,0.2907899324774738,0.00011277296588718815,0.30006423987948044,0.00037786217419061345,0.5492605125105003
oscillations,0.25,14,3,-17.0,8.65,q1,"(50, 50)",0.00817108895619828,0.3435143637987466,-7.732217543480766e-05,0.2929447064473913,-0.00025901407062995583,0.5361610556733436
oscillations,0.25,14,3,-17.0,8.65,q2,"(50, 150)",-0.003181491846259986,0.2971788651452791,-7.732217543480766e-05,0.2929447064473913,-0.00025901407062995583,0.5361610556733436
oscillations,0.25,14,3,-17.0,8.65,q3,"(150, 50)",0.0028948473215809163,0.3159660614533118,-7.732217543480766e-05,0.2929447064473913,-0.00025901407062995583,0.5361610556733436
oscillations,0.25,14,3,-17.0,8.65,q4,"(150, 150)",-0.0009498122432353322,0.27698449863878216,-7.732217543480766e-05,0.2929447064473913,-0.00025901407062995583,0.5361610556733436
oscillations,0.25,15,3,-17.0,8.65,q1,"(50, 50)",0.0030467119011780832,0.35156638948194746,-9.435312541127788e-05,0.3001679202206188,-0.00031619680097613246,0.5494963554302473
oscillations,0.25,15,3,-17.0,8.65,q2,"(50, 150)",-0.0005192148936106969,0.3082292282018286,-9.435312541127788e-05,0.3001679202206188,-0.00031619680097613246,0.5494963554302473
oscillations,0.25,15,3,-17.0,8.65,q3,"(150, 50)",-0.004895441218036233,0.2998377541087511,-9.435312541127788e-05,0.3001679202206188,-0.00031619680097613246,0.5494963554302473
oscillations,0.25,15,3,-17.0,8.65,q4,"(150, 150)",0.0012986229363535836,0.2912030083684818,-9.435312541127788e-05,0.3001679202206188,-0.00031619680097613246,0.5494963554302473
oscillations,0.25,16,3,-17.0,8.65,q1,"(50, 50)",0.00022949312625278253,0.33655898684702473,0.00012012452544161493,0.29412057339432396,0.0004026970346685029,0.5385161002025811
oscillations,0.25,16,3,-17.0,8.65,q2,"(50, 150)",-0.0010420269737723036,0.3151267098735356,0.00012012452544161493,0.29412057339432396,0.0004026970346685029,0.5385161002025811
oscillations,0.25,16,3,-17.0,8.65,q3,"(150, 50)",-0.0003723964579150246,0.29824277922799136,0.00012012452544161493,0.29412057339432396,0.0004026970346685029,0.5385161002025811
oscillations,0.25,16,3,-17.0,8.65,q4,"(150, 150)",0.0006595299528750041,0.2800933236256218,0.00012012452544161493,0.29412057339432396,0.0004026970346685029,0.5385161002025811
oscillations,0.25,17,3,-17.0,8.65,q1,"(50, 50)",0.012644280904039417,0.34317337589117397,5.8064313891107596e-05,0.2992728068782708,0.00019439006994009895,0.5475825834598174
oscillations,0.25,17,3,-17.0,8.65,q2,"(50, 150)",-0.003242475878878012,0.3252464604642783,5.8064313891107596e-05,0.2992728068782708,0.00019439006994009895,0.5475825834598174
oscillations,0.25,17,3,-17.0,8.65,q3,"(150, 50)",0.002186991412790751,0.2838311160156296,5.8064313891107596e-05,0.2992728068782708,0.00019439006994009895,0.5475825834598174
oscillations,0.25,17,3,-17.0,8.65,q4,"(150, 150)",-0.0009498664981688797,0.28982935972383567,5.8064313891107596e-05,0.2992728068782708,0.00019439006994009895,0.5475825834598174
oscillations,0.25,18,3,-17.0,8.65,q1,"(50, 50)",-0.007177171542778163,0.31169160397046386,-0.00043315252938180935,0.2917179495684083,-0.0014507327451454724,0.5338697419703141
oscillations,0.25,18,3,-17.0,8.65,q2,"(50, 150)",0.0017907857031243682,0.30766556855071775,-0.00043315252938180935,0.2917179495684083,-0.0014507327451454724,0.5338697419703141
oscillations,0.25,18,3,-17.0,8.65,q3,"(150, 50)",-0.0018444003165211061,0.30355728881755584,-0.00043315252938180935,0.2917179495684083,-0.0014507327451454724,0.5338697419703141
oscillations,0.25,18,3,-17.0,8.65,q4,"(150, 150)",4.528610142882528e-05,0.2796733003055246,-0.00043315252938180935,0.2917179495684083,-0.0014507327451454724,0.5338697419703141
oscillations,0.25,19,3,-17.0,8.65,q1,"(50, 50)",-0.00028484353928344034,0.3532206748661014,0.00010228844901542875,0.29374599591383677,0.0003429908593023009,0.537897926072208
oscillations,0.25,19,3,-17.0,8.65,q2,"(50, 150)",0.00018966206227004427,0.2876540943187154,0.00010228844901542875,0.29374599591383677,0.0003429908593023009,0.537897926072208
oscillations,0.25,19,3,-17.0,8.65,q3,"(150, 50)",-0.00033389741875545673,0.3344427125972926,0.00010228844901542875,0.29374599591383677,0.0003429908593023009,0.537897926072208
oscillations,0.25,19,3,-17.0,8.65,q4,"(150, 150)",0.00026157386588739214,0.27325834882760597,0.00010228844901542875,0.29374599591383677,0.0003429908593023009,0.537897926072208
oscillations,0.25,20,3,-17.0,8.65,q1,"(50, 50)",0.006492753429330932,0.3391218053842509,0.00015507929774362907,0.2902793844242274,0.0005193981336134278,0.5312382377249693
oscillations,0.25,20,3,-17.0,8.65,q2,"(50, 150)",-0.0019002902816045051,0.29168923468083746,0.00015507929774362907,0.2902793844242274,0.0005193981336134278,0.5312382377249693
oscillations,0.25,20,3,-17.0,8.65,q3,"(150, 50)",0.006289764049032023,0.292216236855377,0.00015507929774362907,0.2902793844242274,0.0005193981336134278,0.5312382377249693
oscillations,0.25,20,3,-17.0,8.65,q4,"(150, 150)",-0.001908878440857269,0.28315041923523304,0.00015507929774362907,0.2902793844242274,0.0005193981336134278,0.5312382377249693
oscillations,0.25,21,3,-17.0,8.65,q1,"(50, 50)",0.008693302242878152,0.31831813677009213,0.00028672470375204294,0.2943595745326491,0.0009606322263239562,0.5387951799094446
oscillations,0.25,21,3,-17.0,8.65,q2,"(50, 150)",-0.0023433993604455535,0.3165569482909364,0.00028672470375204294,0.2943595745326491,0.0009606322263239562,0.5387951799094446
oscillations,0.25,21,3,-17.0,8.65,q3,"(150, 50)",0.0007693276212707806,0.2955390910942295,0.00028672470375204294,0.2943595745326491,0.0009606322263239562,0.5387951799094446
oscillations,0.25,21,3,-17.0,8.65,q4,"(150, 150)",6.850091496431704e-05,0.2832915638946019,0.00028672470375204294,0.2943595745326491,0.0009606322263239562,0.5387951799094446
oscillations,0.25,22,3,-17.0,8.65,q1,"(50, 50)",-0.014495258924454921,0.3279123661754517,0.0002136786395395196,0.2925328548733601,0.0007154219119093323,0.5352725117341246
oscillations,0.25,22,3,-17.0,8.65,q2,"(50, 150)",0.005281569613410053,0.3037369596849505,0.0002136786395395196,0.2925328548733601,0.0007154219119093323,0.5352725117341246
oscillations,0.25,22,3,-17.0,8.65,q3,"(150, 50)",-0.0023582926101297363,0.3062260103628494,0.0002136786395395196,0.2925328548733601,0.0007154219119093323,0.5352725117341246
oscillations,0.25,22,3,-17.0,8.65,q4,"(150, 150)",0.0010160317941384767,0.2795374048209161,0.0002136786395395196,0.2925328548733601,0.0007154219119093323,0.5352725117341246
oscillations,0.25,23,3,-17.0,8.65,q1,"(50, 50)",0.0035375470376733157,0.34280092365459636,-0.00016647720710553053,0.29137803777000676,-0.0005577593001274164,0.5333381710268439
oscillations,0.25,23,3,-17.0,8.65,q2,"(50, 150)",-0.0013834985921954554,0.31126673236086466,-0.00016647720710553053,0.29137803777000676,-0.0005577593001274164,0.5333381710268439
oscillations,0.25,23,3,-17.0,8.65,q3,"(150, 50)",-0.0014830408750361815,0.28984412429292006,-0.00016647720710553053,0.29137803777000676,-0.0005577593001274164,0.5333381710268439
oscillations,0.25,23,3,-17.0,8.65,q4,"(150, 150)",0.0002664928944814561,0.2785261339154753,-0.00016647720710553053,0.29137803777000676,-0.0005577593001274164,0.5333381710268439
oscillations,0.25,24,3,-17.0,8.65,q1,"(50, 50)",0.002754701930667563,0.32554892047861383,-0.0001792993551190378,0.2921067574085412,-0.0006005672588143956,0.5346048246212834
oscillations,0.25,24,3,-17.0,8.65,q2,"(50, 150)",-0.0008799690955852296,0.3003287676179775,-0.0001792993551190378,0.2921067574085412,-0.0006005672588143956,0.5346048246212834
oscillations,0.25,24,3,-17.0,8.65,q3,"(150, 50)",0.002891839470761455,0.30706206506791894,-0.0001792993551190378,0.2921067574085412,-0.0006005672588143956,0.5346048246212834
oscillations,0.25,24,3,-17.0,8.65,q4,"(150, 150)",-0.0012954558597889825,0.2800271005654535,-0.0001792993551190378,0.2921067574085412,-0.0006005672588143956,0.5346048246212834
oscillations,0.25,25,3,-17.0,8.65,q1,"(50, 50)",0.015242282495734193,0.37356900438964047,0.0003033443725114723,0.29975865883453656,0.0010160588595259502,0.5486086826510539
oscillations,0.25,25,3,-17.0,8.65,q2,"(50, 150)",-0.0035295982244629275,0.3084565163146612,0.0003033443725114723,0.29975865883453656,0.0010160588595259502,0.5486086826510539
oscillations,0.25,25,3,-17.0,8.65,q3,"(150, 50)",0.004317835289637562,0.3025534878509032,0.0003033443725114723,0.29975865883453656,0.0010160588595259502,0.5486086826510539
oscillations,0.25,25,3,-17.0,8.65,q4,"(150, 150)",-0.0014170537478971701,0.28630518230617213,0.0003033443725114723,0.29975865883453656,0.0010160588595259502,0.5486086826510539
oscillations,0.25,26,3,-17.0,8.65,q1,"(50, 50)",0.0006591062521983232,0.3249160804091245,-0.00015398577087931197,0.29361063541337196,-0.0005163842081801199,0.537672497935021
oscillations,0.25,26,3,-17.0,8.65,q2,"(50, 150)",6.847138276020033e-05,0.29677663844919827,-0.00015398577087931197,0.29361063541337196,-0.0005163842081801199,0.537672497935021
oscillations,0.25,26,3,-17.0,8.65,q3,"(150, 50)",-0.0004447831801504615,0.2988616881001144,-0.00015398577087931197,0.29361063541337196,-0.0005163842081801199,0.537672497935021
oscillations,0.25,26,3,-17.0,8.65,q4,"(150, 150)",-0.00022154924378850387,0.28704619735705506,-0.00015398577087931197,0.29361063541337196,-0.0005163842081801199,0.537672497935021
oscillations,0.25,27,3,-17.0,8.65,q1,"(50, 50)",0.0006811061869757495,0.3432706863612947,-0.00013733051870734985,0.29414588964026667,-0.00046033861965088455,0.5385398536779583
oscillations,0.25,27,3,-17.0,8.65,q2,"(50, 150)",-0.0013268345254501374,0.2996112551940296,-0.00013733051870734985,0.29414588964026667,-0.00046033861965088455,0.5385398536779583
oscillations,0.25,27,3,-17.0,8.65,q3,"(150, 50)",-0.0009681127259940245,0.303405792538709,-0.00013733051870734985,0.29414588964026667,-0.00046033861965088455,0.5385398536779583
oscillations,0.25,27,3,-17.0,8.65,q4,"(150, 150)",0.0004451608075599037,0.2830465469662768,-0.00013733051870734985,0.29414588964026667,-0.00046033861965088455,0.5385398536779583
oscillations,0.25,28,3,-17.0,8.65,q1,"(50, 50)",0.007573710610134444,0.3371454753249296,-0.0001056311633853327,0.29381773831459146,-0.0003537547333735179,0.5376913424084546
oscillations,0.25,28,3,-17.0,8.65,q2,"(50, 150)",-0.002978671390558403,0.32418109291062486,-0.0001056311633853327,0.29381773831459146,-0.0003537547333735179,0.5376913424084546
oscillations,0.25,28,3,-17.0,8.65,q3,"(150, 50)",0.0015880193983900128,0.29378309679604414,-0.0001056311633853327,0.29381773831459146,-0.0003537547333735179,0.5376913424084546
oscillations,0.25,28,3,-17.0,8.65,q4,"(150, 150)",-0.0005657614719771774,0.277547759442317,-0.0001056311633853327,0.29381773831459146,-0.0003537547333735179,0.5376913424084546
oscillations,0.25,29,3,-17.0,8.65,q1,"(50, 50)",0.002749498466517176,0.356867372566684,0.00010698886683545931,0.2939443707265451,0.0003584216644403999,0.5380131765689922
oscillations,0.25,29,3,-17.0,8.65,q2,"(50, 150)",-0.0008888674583461613,0.30967155462196116,0.00010698886683545931,0.2939443707265451,0.0003584216644403999,0.5380131765689922
oscillations,0.25,29,3,-17.0,8.65,q3,"(150, 50)",0.0025454454610265324,0.28278761797804663,0.00010698886683545931,0.2939443707265451,0.0003584216644403999,0.5380131765689922
oscillations,0.25,29,3,-17.0,8.65,q4,"(150, 150)",-0.0006674900672434384,0.2843060258904909,0.00010698886683545931,0.2939443707265451,0.0003584216644403999,0.5380131765689922
oscillations,0.25,30,3,-17.0,8.65,q1,"(50, 50)",0.0015793070401157838,0.3035835016245815,-3.766357769856759e-05,0.29675721815469835,-0.00012620785020882167,0.5432299197593745
oscillations,0.25,30,3,-17.0,8.65,q2,"(50, 150)",-1.825046217447343e-05,0.32439527709412885,-3.766357769856759e-05,0.29675721815469835,-0.00012620785020882167,0.5432299197593745
oscillations,0.25,30,3,-17.0,8.65,q3,"(150, 50)",-0.0010009593807932067,0.29507902995994734,-3.766357769856759e-05,0.29675721815469835,-0.00012620785020882167,0.5432299197593745
oscillations,0.25,30,3,-17.0,8.65,q4,"(150, 150)",9.730058284557532e-05,0.28673589267319394,-3.766357769856759e-05,0.29675721815469835,-0.00012620785020882167,0.5432299197593745
oscillations,0.25,31,3,-17.0,8.65,q1,"(50, 50)",0.0023366752630717136,0.3735361447936017,0.0005219114287506539,0.30062412596246924,0.0017480077995500423,0.5501683123279422
oscillations,0.25,31,3,-17.0,8.65,q2,"(50, 150)",0.0011041723376360695,0.3103813944782815,0.0005219114287506539,0.30062412596246924,0.0017480077995500423,0.5501683123279422
oscillations,0.25,31,3,-17.0,8.65,q3,"(150, 50)",0.004188405903785625,0.3189732480903645,0.0005219114287506539,0.30062412596246924,0.0017480077995500423,0.5501683123279422
oscillations,0.25,31,3,-17.0,8.65,q4,"(150, 150)",-0.0010959807919251482,0.28129833175309976,0.0005219114287506539,0.30062412596246924,0.0017480077995500423,0.5501683123279422
oscillations,0.25,32,3,-17.0,8.65,q1,"(50, 50)",0.004745581102239988,0.3278478844869274,0.00024340459180192898,0.2945739003726443,0.0008154940675163041,0.5391876500736548
oscillations,0.25,32,3,-17.0,8.65,q2,"(50, 150)",-0.001303982288975203,0.3072289785764553,0.00024340459180192898,0.2945739003726443,0.0008154940675163041,0.5391876500736548
oscillations,0.25,32,3,-17.0,8.65,q3,"(150, 50)",0.0019265466691510919,0.28799547089365973,0.00024340459180192898,0.2945739003726443,0.0008154940675163041,0.5391876500736548
oscillations,0.25,32,3,-17.0,8.65,q4,"(150, 150)",-0.00030208897488186566,0.2884565343243361,0.00024340459180192898,0.2945739003726443,0.0008154940675163041,0.5391876500736548
oscillations,0.25,33,3,-17.0,8.65,q1,"(50, 50)",-0.0005828738372733955,0.3101854007704816,-0.0002672347926651878,0.28754691184384645,-0.0008953339229925046,0.5263253482992306
oscillations,0.25,33,3,-17.0,8.65,q2,"(50, 150)",0.0006930581722858468,0.31066207324531325,-0.0002672347926651878,0.28754691184384645,-0.0008953339229925046,0.5263253482992306
oscillations,0.25,33,3,-17.0,8.65,q3,"(150, 50)",0.002168825280630209,0.2781208443574153,-0.0002672347926651878,0.28754691184384645,-0.0008953339229925046,0.5263253482992306
oscillations,0.25,33,3,-17.0,8.65,q4,"(150, 150)",-0.0013642814671241978,0.27990052935162296,-0.0002672347926651878,0.28754691184384645,-0.0008953339229925046,0.5263253482992306
oscillations,0.25,34,3,-17.0,8.65,q1,"(50, 50)",0.001791434728821546,0.3566181831684319,-0.0002530133994872367,0.30332947811734234,-0.0008483265699488233,0.5554232255732744
oscillations,0.25,34,3,-17.0,8.65,q2,"(50, 150)",-0.0009178213632256553,0.3273755945056544,-0.0002530133994872367,0.30332947811734234,-0.0008483265699488233,0.5554232255732744
oscillations,0.25,34,3,-17.0,8.65,q3,"(150, 50)",0.005053999153317542,0.28970692357281436,-0.0002530133994872367,0.30332947811734234,-0.0008483265699488233,0.5554232255732744
oscillations,0.25,34,3,-17.0,8.65,q4,"(150, 150)",-0.0020275758323214433,0.2927894281923093,-0.0002530133994872367,0.30332947811734234,-0.0008483265699488233,0.5554232255732744
oscillations,0.25,35,3,-17.0,8.65,q1,"(50, 50)",0.006304983029934204,0.34423444324668934,-2.049985108796415e-05,0.2977739346833359,-6.866471642259065e-05,0.5449769567616437
oscillations,0.25,35,3,-17.0,8.65,q2,"(50, 150)",-0.002676029806789569,0.3041718941076254,-2.049985108796415e-05,0.2977739346833359,-6.866471642259065e-05,0.5449769567616437
oscillations,0.25,35,3,-17.0,8.65,q3,"(150, 50)",-0.0009338526084159378,0.3151624902262944,-2.049985108796415e-05,0.2977739346833359,-6.866471642259065e-05,0.5449769567616437
oscillations,0.25,35,3,-17.0,8.65,q4,"(150, 150)",0.00046629628869720985,0.28374520946588766,-2.049985108796415e-05,0.2977739346833359,-6.866471642259065e-05,0.5449769567616437
oscillations,0.25,36,3,-17.0,8.65,q1,"(50, 50)",-0.006328400757738729,0.3476190027838454,-0.00028966449538908183,0.29629801169317194,-0.000970969564699847,0.5424796165402398
oscillations,0.25,36,3,-17.0,8.65,q2,"(50, 150)",0.0010686166547725744,0.31515884413009077,-0.00028966449538908183,0.29629801169317194,-0.000970969564699847,0.5424796165402398
oscillations,0.25,36,3,-17.0,8.65,q3,"(150, 50)",0.003553801193841726,0.2832496800491183,-0.00028966449538908183,0.29629801169317194,-0.000970969564699847,0.5424796165402398
oscillations,0.25,36,3,-17.0,8.65,q4,"(150, 150)",-0.0013526094127032755,0.28772639305066006,-0.00028966449538908183,0.29629801169317194,-0.000970969564699847,0.5424796165402398
oscillations,0.25,37,3,-17.0,8.65,q1,"(50, 50)",-0.001264224401789576,0.3597502555393778,0.00012993058014513316,0.2959320481817453,0.0004351325523949523,0.5415605241887465
oscillations,0.25,37,3,-17.0,8.65,q2,"(50, 150)",-0.0002175853022766013,0.29418431155329783,0.00012993058014513316,0.2959320481817453,0.0004351325523949523,0.5415605241887465
oscillations,0.25,37,3,-17.0,8.65,q3,"(150, 50)",-9.561307546121884e-05,0.31708594929489947,0.00012993058014513316,0.2959320481817453,0.0004351325523949523,0.5415605241887465
oscillations,0.25,37,3,-17.0,8.65,q4,"(150, 150)",0.0004758565352583516,0.28097546890161323,0.00012993058014513316,0.2959320481817453,0.0004351325523949523,0.5415605241887465
oscillations,0.25,38,3,-17.0,8.65,q1,"(50, 50)",0.0047197351177504275,0.3584095586790291,0.00030221608793348326,0.29263758660941613,0.0010135527389401643,0.5359125746306008
oscillations,0.25,38,3,-17.0,8.65,q2,"(50, 150)",-0.0014478749711975586,0.292435478581117,0.00030221608793348326,0.29263758660941613,0.0010135527389401643,0.5359125746306008
oscillations,0.25,38,3,-17.0,8.65,q3,"(150, 50)",0.004349544090760599,0.30082488714581246,0.00030221608793348326,0.29263758660941613,0.0010135527389401643,0.5359125746306008
oscillations,0.25,38,3,-17.0,8.65,q4,"(150, 150)",-0.0009543650077226456,0.28158209375838533,0.00030221608793348326,0.29263758660941613,0.0010135527389401643,0.5359125746306008
oscillations,0.25,39,3,-17.0,8.65,q1,"(50, 50)",0.0026719047424232953,0.3285577842855107,0.00011375164078685449,0.29532345700544615,0.0003815568663710005,0.5408771935602288
oscillations,0.25,39,3,-17.0,8.65,q2,"(50, 150)",-0.0016356784475387175,0.31163010744951125,0.00011375164078685449,0.29532345700544615,0.0003815568663710005,0.5408771935602288
oscillations,0.25,39,3,-17.0,8.65,q3,"(150, 50)",0.002480822390767304,0.28747152039826424,0.00011375164078685449,0.29532345700544615,0.0003815568663710005,0.5408771935602288
oscillations,0.25,39,3,-17.0,8.65,q4,"(150, 150)",-0.00037636781327993164,0.28833055819296366,0.00011375164078685449,0.29532345700544615,0.0003815568663710005,0.5408771935602288
oscillations,0.25,40,3,-17.0,8.65,q1,"(50, 50)",0.011861022188156468,0.35214719983027065,5.651270566359716e-05,0.29606854530763443,0.00018936987740168293,0.5419692544232443
oscillations,0.25,40,3,-17.0,8.65,q2,"(50, 150)",-0.0029017933164570604,0.31135193903218633,5.651270566359716e-05,0.29606854530763443,0.00018936987740168293,0.5419692544232443
oscillations,0.25,40,3,-17.0,8.65,q3,"(150, 50)",-0.0007692587698768105,0.302441273624177,5.651270566359716e-05,0.29606854530763443,0.00018936987740168293,0.5419692544232443
oscillations,0.25,40,3,-17.0,8.65,q4,"(150, 150)",6.259706829189504e-06,0.28148371861300764,5.651270566359716e-05,0.29606854530763443,0.00018936987740168293,0.5419692544232443
oscillations,0.25,41,3,-17.0,8.65,q1,"(50, 50)",0.004602170215982568,0.3304173358485914,0.00011211362935606523,0.2946006656267517,0.000375558594275404,0.5391918217337723
oscillations,0.25,41,3,-17.0,8.65,q2,"(50, 150)",-0.0012305693695213015,0.2994052614610601,0.00011211362935606523,0.2946006656267517,0.000375558594275404,0.5391918217337723
oscillations,0.25,41,3,-17.0,8.65,q3,"(150, 50)",-7.458562215410183e-05,0.30093011773383643,0.00011211362935606523,0.2946006656267517,0.000375558594275404,0.5391918217337723
oscillations,0.25,41,3,-17.0,8.65,q4,"(150, 150)",0.00012301253652674342,0.2865162794453314,0.00011211362935606523,0.2946006656267517,0.000375558594275404,0.5391918217337723
oscillations,0.25,42,3,-17.0,8.65,q1,"(50, 50)",0.009699263443750784,0.3615860061655769,0.00024807493444979904,0.2996531585375958,0.0008310718072020078,0.5484617465414077
oscillations,0.25,42,3,-17.0,8.65,q2,"(50, 150)",-0.0023961106689319176,0.3032029951167584,0.00024807493444979904,0.2996531585375958,0.0008310718072020078,0.5484617465414077
oscillations,0.25,42,3,-17.0,8.65,q3,"(150, 50)",0.0022669978832826386,0.3009634333292527,0.00024807493444979904,0.2996531585375958,0.0008310718072020078,0.5484617465414077
oscillations,0.25,42,3,-17.0,8.65,q4,"(150, 150)",-0.0005936362372895734,0.2902615236447586,0.00024807493444979904,0.2996531585375958,0.0008310718072020078,0.5484617465414077
oscillations,0.25,43,3,-17.0,8.65,q1,"(50, 50)",0.0025521871781032943,0.3729466296363071,0.00018439473994861242,0.2949499196064776,0.0006181001925705597,0.5400118099551339
oscillations,0.25,43,3,-17.0,8.65,q2,"(50, 150)",-0.00034443071574337435,0.29326643596929935,0.00018439473994861242,0.2949499196064776,0.0006181001925705597,0.5400118099551339
oscillations,0.25,43,3,-17.0,8.65,q3,"(150, 50)",0.004110783661989671,0.310763809991522,0.00018439473994861242,0.2949499196064776,0.0006181001925705597,0.5400118099551339
oscillations,0.25,43,3,-17.0,8.65,q4,"(150, 150)",-0.0012112144641849318,0.27988684696410593,0.00018439473994861242,0.2949499196064776,0.0006181001925705597,0.5400118099551339
oscillations,0.25,44,3,-17.0,8.65,q1,"(50, 50)",0.007498856920199581,0.3263328563019727,0.0003182920810334481,0.2900803670714408,0.0010662158312819644,0.5309179006920496
oscillations,0.25,44,3,-17.0,8.65,q2,"(50, 150)",-0.0017069250682736536,0.30737869935789314,0.0003182920810334481,0.2900803670714408,0.0010662158312819644,0.5309179006920496
oscillations,0.25,44,3,-17.0,8.65,q3,"(150, 50)",0.00149675066352298,0.30105135444546105,0.0003182920810334481,0.2900803670714408,0.0010662158312819644,0.5309179006920496
oscillations,0.25,44,3,-17.0,8.65,q4,"(150, 150)",-0.00019729560104582073,0.2757699533167107,0.0003182920810334481,0.2900803670714408,0.0010662158312819644,0.5309179006920496
oscillations,0.25,45,3,-17.0,8.65,q1,"(50, 50)",0.014567809913663151,0.3449728453516183,0.00015237777814856187,0.29348283411590576,0.0005101792187111802,0.5370109368487661
oscillations,0.25,45,3,-17.0,8.65,q2,"(50, 150)",-0.0032279087842974896,0.3023711215650927,0.00015237777814856187,0.29348283411590576,0.0005101792187111802,0.5370109368487661
oscillations,0.25,45,3,-17.0,8.65,q3,"(150, 50)",0.002750533786712547,0.3015902332900409,0.00015237777814856187,0.29348283411590576,0.0005101792187111802,0.5370109368487661
oscillations,0.25,45,3,-17.0,8.65,q4,"(150, 150)",-0.0011886267189479263,0.28120279499302125,0.00015237777814856187,0.29348283411590576,0.0005101792187111802,0.5370109368487661
oscillations,0.25,46,3,-17.0,8.65,q1,"(50, 50)",-0.006651911263278636,0.32404094826517826,-0.00012767810816444191,0.2883371966707293,-0.00042780401462369494,0.5277944025471631
oscillations,0.25,46,3,-17.0,8.65,q2,"(50, 150)",0.001996104438500289,0.29024098349028965,-0.00012767810816444191,0.2883371966707293,-0.00042780401462369494,0.5277944025471631
oscillations,0.25,46,3,-17.0,8.65,q3,"(150, 50)",0.003551574829195364,0.29960492683084033,-0.00012767810816444191,0.2883371966707293,-0.00042780401462369494,0.5277944025471631
oscillations,0.25,46,3,-17.0,8.65,q4,"(150, 150)",-0.001337108474493266,0.2795019764144355,-0.00012767810816444191,0.2883371966707293,-0.00042780401462369494,0.5277944025471631
oscillations,0.25,47,3,-17.0,8.65,q1,"(50, 50)",-0.0003805793723183461,0.3390344559495237,-6.757471207013337e-05,0.2937494157356859,-0.00022645680988650564,0.5377464785221925
oscillations,0.25,47,3,-17.0,8.65,q2,"(50, 150)",0.0008655198177484626,0.2988537457746114,-6.757471207013337e-05,0.2937494157356859,-0.00022645680988650564,0.5377464785221925
oscillations,0.25,47,3,-17.0,8.65,q3,"(150, 50)",-0.002512694620940544,0.31315224283391385,-6.757471207013337e-05,0.2937494157356859,-0.00022645680988650564,0.5377464785221925
oscillations,0.25,47,3,-17.0,8.65,q4,"(150, 150)",0.0004712120431969393,0.27958664359906255,-6.757471207013337e-05,0.2937494157356859,-0.00022645680988650564,0.5377464785221925
oscillations,0.25,48,3,-17.0,8.65,q1,"(50, 50)",0.01434513711977645,0.3421183463495863,5.858857863499526e-05,0.2871871172726183,0.00019634242169904633,0.5257333453925318
oscillations,0.25,48,3,-17.0,8.65,q2,"(50, 150)",-0.004555189605012234,0.3033323128104838,5.858857863499526e-05,0.2871871172726183,0.00019634242169904633,0.5257333453925318
oscillations,0.25,48,3,-17.0,8.65,q3,"(150, 50)",-0.0006889143541904076,0.2824373453104673,5.858857863499526e-05,0.2871871172726183,0.00019634242169904633,0.5257333453925318
oscillations,0.25,48,3,-17.0,8.65,q4,"(150, 150)",0.0002582880017768224,0.2762776467309137,5.858857863499526e-05,0.2871871172726183,0.00019634242169904633,0.5257333453925318
oscillations,0.25,49,3,-17.0,8.65,q1,"(50, 50)",0.004573232395861456,0.35661285785165775,6.973566587481028e-05,0.2923985947372975,0.0002336398890185446,0.5352063673770759
oscillations,0.25,49,3,-17.0,8.65,q2,"(50, 150)",-0.0010998505426021092,0.31111709490893813,6.973566587481028e-05,0.2923985947372975,0.0002336398890185446,0.5352063673770759
oscillations,0.25,49,3,-17.0,8.65,q3,"(150, 50)",0.0017724575636227263,0.28953456390288146,6.973566587481028e-05,0.2923985947372975,0.0002336398890185446,0.5352063673770759
oscillations,0.25,49,3,-17.0,8.65,q4,"(150, 150)",-0.000608364756102927,0.27866122963628753,6.973566587481028e-05,0.2923985947372975,0.0002336398890185446,0.5352063673770759
oscillations,0.25,0,4,-22.0,7.18,q1,"(50, 50)",0.004486028132962862,0.3682706927090894,-5.757575322945689e-05,0.31197535080738714,-0.00019294823468316466,0.5711114338111475
oscillations,0.25,0,4,-22.0,7.18,q2,"(50, 150)",-0.002248596748660575,0.3247755624430159,-5.757575322945689e-05,0.31197535080738714,-0.00019294823468316466,0.5711114338111475
oscillations,0.25,0,4,-22.0,7.18,q3,"(150, 50)",0.0026369073225291475,0.3045285215005179,-5.757575322945689e-05,0.31197535080738714,-0.00019294823468316466,0.5711114338111475
oscillations,0.25,0,4,-22.0,7.18,q4,"(150, 150)",-0.0007302413229155429,0.3031177532262378,-5.757575322945689e-05,0.31197535080738714,-0.00019294823468316466,0.5711114338111475
oscillations,0.25,1,4,-22.0,7.18,q1,"(50, 50)",0.0109553865790145,0.37345618311296624,-9.251259981651452e-05,0.3139463272056071,-0.0003097692945471773,0.574478927429866
oscillations,0.25,1,4,-22.0,7.18,q2,"(50, 150)",-0.0029394752250582884,0.319990153453978,-9.251259981651452e-05,0.3139463272056071,-0.0003097692945471773,0.574478927429866
oscillations,0.25,1,4,-22.0,7.18,q3,"(150, 50)",-0.001081025873769261,0.3097203250644414,-9.251259981651452e-05,0.3139463272056071,-0.0003097692945471773,0.574478927429866
oscillations,0.25,1,4,-22.0,7.18,q4,"(150, 150)",-4.156498662178715e-05,0.305944214314222,-9.251259981651452e-05,0.3139463272056071,-0.0003097692945471773,0.574478927429866
oscillations,0.25,2,4,-22.0,7.18,q1,"(50, 50)",0.011109942107356535,0.3803791273803031,-0.0002462618069043818,0.30490471645695405,-0.0008252741518243367,0.5581673128122563
oscillations,0.25,2,4,-22.0,7.18,q2,"(50, 150)",-0.004894507165761336,0.2985036418303633,-0.0002462618069043818,0.30490471645695405,-0.0008252741518243367,0.5581673128122563
oscillations,0.25,2,4,-22.0,7.18,q3,"(150, 50)",0.0002382972032124861,0.31866653909730963,-0.0002462618069043818,0.30490471645695405,-0.0008252741518243367,0.5581673128122563
oscillations,0.25,2,4,-22.0,7.18,q4,"(150, 150)",-0.00012016679224223318,0.2926182393388314,-0.0002462618069043818,0.30490471645695405,-0.0008252741518243367,0.5581673128122563
oscillations,0.25,3,4,-22.0,7.18,q1,"(50, 50)",0.007788017001474754,0.34500324518890046,-1.5782409443056522e-05,0.3096059367488187,-5.2841414390414294e-05,0.5665129504499273
oscillations,0.25,3,4,-22.0,7.18,q2,"(50, 150)",-0.0028114672920846583,0.31982520353423793,-1.5782409443056522e-05,0.3096059367488187,-5.2841414390414294e-05,0.5665129504499273
oscillations,0.25,3,4,-22.0,7.18,q3,"(150, 50)",-0.006607575020344705,0.3069437907103328,-1.5782409443056522e-05,0.3096059367488187,-5.2841414390414294e-05,0.5665129504499273
oscillations,0.25,3,4,-22.0,7.18,q4,"(150, 150)",0.0022462879316360483,0.3027462136326665,-1.5782409443056522e-05,0.3096059367488187,-5.2841414390414294e-05,0.5665129504499273
oscillations,0.25,4,4,-22.0,7.18,q1,"(50, 50)",0.012008143888518544,0.3197255602847438,4.133087452533415e-05,0.3043805904452657,0.00013843870214481533,0.5570682517431547
oscillations,0.25,4,4,-22.0,7.18,q2,"(50, 150)",-0.003040294247916224,0.3292177705031992,4.133087452533415e-05,0.3043805904452657,0.00013843870214481533,0.5570682517431547
oscillations,0.25,4,4,-22.0,7.18,q3,"(150, 50)",0.0007305378994470279,0.29293518925931694,4.133087452533415e-05,0.3043805904452657,0.00013843870214481533,0.5570682517431547
oscillations,0.25,4,4,-22.0,7.18,q4,"(150, 150)",-0.0004908423167450677,0.297652762501965,4.133087452533415e-05,0.3043805904452657,0.00013843870214481533,0.5570682517431547
oscillations,0.25,5,4,-22.0,7.18,q1,"(50, 50)",0.00309212964812085,0.3452601694006429,8.193526609366818e-05,0.3131852044623776,0.0002745359895917859,0.5732781777065221
oscillations,0.25,5,4,-22.0,7.18,q2,"(50, 150)",-0.0005610331278224393,0.32087670198765683,8.193526609366818e-05,0.3131852044623776,0.0002745359895917859,0.5732781777065221
oscillations,0.25,5,4,-22.0,7.18,q3,"(150, 50)",-0.0013816894391417119,0.3292268711569121,8.193526609366818e-05,0.3131852044623776,0.0002745359895917859,0.5732781777065221
oscillations,0.25,5,4,-22.0,7.18,q4,"(150, 150)",0.0004496669233633664,0.3011239049691264,8.193526609366818e-05,0.3131852044623776,0.0002745359895917859,0.5732781777065221
oscillations,0.25,6,4,-22.0,7.18,q1,"(50, 50)",0.0028674579756539018,0.3168024988303223,-3.8016852583567564e-05,0.31339953923387753,-0.00012728501743891415,0.5734544271980377
oscillations,0.25,6,4,-22.0,7.18,q2,"(50, 150)",-0.0010660423944683904,0.3347960383831048,-3.8016852583567564e-05,0.31339953923387753,-0.00012728501743891415,0.5734544271980377
oscillations,0.25,6,4,-22.0,7.18,q3,"(150, 50)",0.0035836608653073703,0.3112616271042457,-3.8016852583567564e-05,0.31339953923387753,-0.00012728501743891415,0.5734544271980377
oscillations,0.25,6,4,-22.0,7.18,q4,"(150, 150)",-0.0012253981143897695,0.3062613810171547,-3.8016852583567564e-05,0.31339953923387753,-0.00012728501743891415,0.5734544271980377
oscillations,0.25,7,4,-22.0,7.18,q1,"(50, 50)",0.01754200648983907,0.3534359357069051,7.308532328171623e-05,0.31991064072499453,0.00024525276269032274,0.5860309148056367
oscillations,0.25,7,4,-22.0,7.18,q2,"(50, 150)",-0.005789961656182682,0.3285604228071265,7.308532328171623e-05,0.31991064072499453,0.00024525276269032274,0.5860309148056367
oscillations,0.25,7,4,-22.0,7.18,q3,"(150, 50)",0.0019013657966433465,0.3265518745272227,7.308532328171623e-05,0.31991064072499453,0.00024525276269032274,0.5860309148056367
oscillations,0.25,7,4,-22.0,7.18,q4,"(150, 150)",-0.0005229837487459574,0.3106234553065098,7.308532328171623e-05,0.31991064072499453,0.00024525276269032274,0.5860309148056367
oscillations,0.25,8,4,-22.0,7.18,q1,"(50, 50)",0.007987484001394006,0.3399234319535424,-4.010314048577266e-05,0.3104922625205109,-0.0001343826438326981,0.5683726508486553
oscillations,0.25,8,4,-22.0,7.18,q2,"(50, 150)",-0.003777608161819589,0.32027152906821665,-4.010314048577266e-05,0.3104922625205109,-0.0001343826438326981,0.5683726508486553
oscillations,0.25,8,4,-22.0,7.18,q3,"(150, 50)",0.005944656735515446,0.2865194157585659,-4.010314048577266e-05,0.3104922625205109,-0.0001343826438326981,0.5683726508486553
oscillations,0.25,8,4,-22.0,7.18,q4,"(150, 150)",-0.0016811422189171045,0.31139461563769705,-4.010314048577266e-05,0.3104922625205109,-0.0001343826438326981,0.5683726508486553
oscillations,0.25,9,4,-22.0,7.18,q1,"(50, 50)",-0.006240309606133589,0.350421688738465,-6.060526914565778e-05,0.3130707011481776,-0.00020306674198578606,0.5730686029327258
oscillations,0.25,9,4,-22.0,7.18,q2,"(50, 150)",0.0009366189218944998,0.33291681838954673,-6.060526914565778e-05,0.3130707011481776,-0.00020306674198578606,0.5730686029327258
oscillations,0.25,9,4,-22.0,7.18,q3,"(150, 50)",0.002274327249856075,0.3231426915096874,-6.060526914565778e-05,0.3130707011481776,-0.00020306674198578606,0.5730686029327258
oscillations,0.25,9,4,-22.0,7.18,q4,"(150, 150)",-0.00048469035727207344,0.29806660238853766,-6.060526914565778e-05,0.3130707011481776,-0.00020306674198578606,0.5730686029327258
oscillations,0.25,10,4,-22.0,7.18,q1,"(50, 50)",-0.011088360154505964,0.33671711450280856,-0.00023213647571689532,0.3055601023759676,-0.0007779372510619812,0.5593671304919008
oscillations,0.25,10,4,-22.0,7.18,q2,"(50, 150)",0.0028751020509682266,0.31969073078681004,-0.00023213647571689532,0.3055601023759676,-0.0007779372510619812,0.5593671304919008
oscillations,0.25,10,4,-22.0,7.18,q3,"(150, 50)",0.004208756912564348,0.30577110673589925,-0.00023213647571689532,0.3055601023759676,-0.0007779372510619812,0.5593671304919008
oscillations,0.25,10,4,-22.0,7.18,q4,"(150, 150)",-0.0015419333719513424,0.296868354125153,-0.00023213647571689532,0.3055601023759676,-0.0007779372510619812,0.5593671304919008
oscillations,0.25,11,4,-22.0,7.18,q1,"(50, 50)",0.004407255525156463,0.31759536161594176,0.00032951098928997013,0.3045458055468015,0.00110342733960643,0.5572998728725427
oscillations,0.25,11,4,-22.0,7.18,q2,"(50, 150)",-0.001277060337517075,0.3333584360116252,0.00032951098928997013,0.3045458055468015,0.00110342733960643,0.5572998728725427
oscillations,0.25,11,4,-22.0,7.18,q3,"(150, 50)",0.0009605610412273864,0.2920003204702906,0.00032951098928997013,0.3045458055468015,0.00110342733960643,0.5572998728725427
oscillations,0.25,11,4,-22.0,7.18,q4,"(150, 150)",0.0002016020213724581,0.2970038783735193,0.00032951098928997013,0.3045458055468015,0.00110342733960643,0.5572998728725427
oscillations,0.25,12,4,-22.0,7.18,q1,"(50, 50)",0.0018793448695335546,0.3481323217700361,0.00011602110364878788,0.31054110583727906,0.0003888758292233565,0.5685334252251456
oscillations,0.25,12,4,-22.0,7.18,q2,"(50, 150)",0.000835834845951217,0.32668103836318957,0.00011602110364878788,0.31054110583727906,0.0003888758292233565,0.5685334252251456
oscillations,0.25,12,4,-22.0,7.18,q3,"(150, 50)",-0.004621112139273897,0.3200017810789029,0.00011602110364878788,0.31054110583727906,0.0003888758292233565,0.5685334252251456
oscillations,0.25,12,4,-22.0,7.18,q4,"(150, 150)",0.0012592027409794552,0.2970835408574348,0.00011602110364878788,0.31054110583727906,0.0003888758292233565,0.5685334252251456
oscillations,0.25,13,4,-22.0,7.18,q1,"(50, 50)",-0.0025104631170319563,0.35438493508766233,0.00011603645272542372,0.3113423248559425,0.00038895986834969697,0.5700241668126749
oscillations,0.25,13,4,-22.0,7.18,q2,"(50, 150)",0.00160565892426127,0.32771948518026867,0.00011603645272542372,0.3113423248559425,0.00038895986834969697,0.5700241668126749
oscillations,0.25,13,4,-22.0,7.18,q3,"(150, 50)",0.0039786578717193825,0.29895771863875686,0.00011603645272542372,0.3113423248559425,0.00038895986834969697,0.5700241668126749
oscillations,0.25,13,4,-22.0,7.18,q4,"(150, 150)",-0.0013762115585892471,0.3045853863193001,0.00011603645272542372,0.3113423248559425,0.00038895986834969697,0.5700241668126749
oscillations,0.25,14,4,-22.0,7.18,q1,"(50, 50)",0.01197913489643527,0.38174124393471587,-0.000328048537792361,0.3202645475533406,-0.0010983461548250155,0.5860152189672784
oscillations,0.25,14,4,-22.0,7.18,q2,"(50, 150)",-0.004042701949464018,0.3213889848915129,-0.000328048537792361,0.3202645475533406,-0.0010983461548250155,0.5860152189672784
oscillations,0.25,14,4,-22.0,7.18,q3,"(150, 50)",0.0002767468352716835,0.32590562148631197,-0.000328048537792361,0.3202645475533406,-0.0010983461548250155,0.5860152189672784
oscillations,0.25,14,4,-22.0,7.18,q4,"(150, 150)",-0.000658894017615116,0.31031752609922303,-0.000328048537792361,0.3202645475533406,-0.0010983461548250155,0.5860152189672784
oscillations,0.25,15,4,-22.0,7.18,q1,"(50, 50)",0.017796360020717758,0.38601747916642515,0.0003670473626913544,0.31572931683305155,0.0012301545460958667,0.5780068745860983
oscillations,0.25,15,4,-22.0,7.18,q2,"(50, 150)",-0.00424396232948615,0.3284943405068967,0.0003670473626913544,0.31572931683305155,0.0012301545460958667,0.5780068745860983
oscillations,0.25,15,4,-22.0,7.18,q3,"(150, 50)",0.0032718146894298297,0.3339269058710844,0.0003670473626913544,0.31572931683305155,0.0012301545460958667,0.5780068745860983
oscillations,0.25,15,4,-22.0,7.18,q4,"(150, 150)",-0.00100079547749857,0.2957652376346808,0.0003670473626913544,0.31572931683305155,0.0012301545460958667,0.5780068745860983
oscillations,0.25,16,4,-22.0,7.18,q1,"(50, 50)",0.006320204194246087,0.3393677638465115,-5.627018906652054e-05,0.31356334860327234,-0.00018846249373363639,0.5738502257123083
oscillations,0.25,16,4,-22.0,7.18,q2,"(50, 150)",-0.0024107843477943927,0.3245402218264447,-5.627018906652054e-05,0.31356334860327234,-0.00018846249373363639,0.5738502257123083
oscillations,0.25,16,4,-22.0,7.18,q3,"(150, 50)",0.00020602409467133072,0.3206675706964885,-5.627018906652054e-05,0.31356334860327234,-0.00018846249373363639,0.5738502257123083
oscillations,0.25,16,4,-22.0,7.18,q4,"(150, 150)",-6.736071777124795e-05,0.3043137015723038,-5.627018906652054e-05,0.31356334860327234,-0.00018846249373363639,0.5738502257123083
oscillations,0.25,17,4,-22.0,7.18,q1,"(50, 50)",-0.0024462480169482217,0.3475015127119572,2.108633472278424e-05,0.3127075069988145,7.067058139181867e-05,0.5724757423117262
oscillations,0.25,17,4,-22.0,7.18,q2,"(50, 150)",0.0008696962621973923,0.3323851345077154,2.108633472278424e-05,0.3127075069988145,7.067058139181867e-05,0.5724757423117262
oscillations,0.25,17,4,-22.0,7.18,q3,"(150, 50)",0.0015987401051294806,0.30370920896347886,2.108633472278424e-05,0.3127075069988145,7.067058139181867e-05,0.5724757423117262
oscillations,0.25,17,4,-22.0,7.18,q4,"(150, 150)",-0.0005135199699408723,0.30471164629314723,2.108633472278424e-05,0.3127075069988145,7.067058139181867e-05,0.5724757423117262
oscillations,0.25,18,4,-22.0,7.18,q1,"(50, 50)",0.004567635332068311,0.3686415442606776,0.00019124097555630449,0.3170735566395302,0.0006410491093817291,0.580517095535798
oscillations,0.25,18,4,-22.0,7.18,q2,"(50, 150)",-0.0004957304310876287,0.32672590726977585,0.00019124097555630449,0.3170735566395302,0.0006410491093817291,0.580517095535798
oscillations,0.25,18,4,-22.0,7.18,q3,"(150, 50)",0.004021951259133017,0.32022515407269364,0.00019124097555630449,0.3170735566395302,0.0006410491093817291,0.580517095535798
oscillations,0.25,18,4,-22.0,7.18,q4,"(150, 150)",-0.0013429380230337335,0.3063596250291509,0.00019124097555630449,0.3170735566395302,0.0006410491093817291,0.580517095535798
oscillations,0.25,19,4,-22.0,7.18,q1,"(50, 50)",0.015011210297807165,0.3246294455756919,0.00036594091769154145,0.3080191450787561,0.0012252144226719392,0.5636085272586849
oscillations,0.25,19,4,-22.0,7.18,q2,"(50, 150)",-0.003982688554077009,0.3268454174874,0.00036594091769154145,0.3080191450787561,0.0012252144226719392,0.5636085272586849
oscillations,0.25,19,4,-22.0,7.18,q3,"(150, 50)",-0.0034004607495428064,0.3097065317532539,0.00036594091769154145,0.3080191450787561,0.0012252144226719392,0.5636085272586849
oscillations,0.25,19,4,-22.0,7.18,q4,"(150, 150)",0.0014436991440129933,0.2988990925113147,0.00036594091769154145,0.3080191450787561,0.0012252144226719392,0.5636085272586849
oscillations,0.25,20,4,-22.0,7.18,q1,"(50, 50)",0.0024429057213174966,0.355149718183995,-0.00011021471263153497,0.3160441488000645,-0.00036910486480755134,0.5783660480381669
oscillations,0.25,20,4,-22.0,7.18,q2,"(50, 150)",-0.001795444127726214,0.3306947844660248,-0.00011021471263153497,0.3160441488000645,-0.00036910486480755134,0.5783660480381669
oscillations,0.25,20,4,-22.0,7.18,q3,"(150, 50)",0.0013683439439266722,0.33409689845204876,-0.00011021471263153497,0.3160441488000645,-0.00036910486480755134,0.5783660480381669
oscillations,0.25,20,4,-22.0,7.18,q4,"(150, 150)",-0.00032500450800260325,0.29982398455010506,-0.00011021471263153497,0.3160441488000645,-0.00036910486480755134,0.5783660480381669
oscillations,0.25,21,4,-22.0,7.18,q1,"(50, 50)",0.008561086882744212,0.3330958107581936,-0.00020507418488920114,0.31382041752581863,-0.0006871883551619372,0.5744647390448139
oscillations,0.25,21,4,-22.0,7.18,q2,"(50, 150)",-0.0032070074427308307,0.3299657917013804,-0.00020507418488920114,0.31382041752581863,-0.0006871883551619372,0.5744647390448139
oscillations,0.25,21,4,-22.0,7.18,q3,"(150, 50)",0.0010081061987254804,0.3218184163187355,-0.00020507418488920114,0.31382041752581863,-0.0006871883551619372,0.5744647390448139
oscillations,0.25,21,4,-22.0,7.18,q4,"(150, 150)",-0.0005828411232172652,0.30319339659460676,-0.00020507418488920114,0.31382041752581863,-0.0006871883551619372,0.5744647390448139
oscillations,0.25,22,4,-22.0,7.18,q1,"(50, 50)",0.006490001826414962,0.33680982483707256,0.00040958664735357627,0.3031987776804263,0.001372609408021369,0.5550436072814916
oscillations,0.25,22,4,-22.0,7.18,q2,"(50, 150)",-0.0012516540698345056,0.3275785816677284,0.00040958664735357627,0.3031987776804263,0.001372609408021369,0.5550436072814916
oscillations,0.25,22,4,-22.0,7.18,q3,"(150, 50)",0.004289952165587568,0.3019092802549781,0.00040958664735357627,0.3031987776804263,0.001372609408021369,0.5550436072814916
oscillations,0.25,22,4,-22.0,7.18,q4,"(150, 150)",-0.0010057233062241032,0.29096617791767415,0.00040958664735357627,0.3031987776804263,0.001372609408021369,0.5550436072814916
oscillations,0.25,23,4,-22.0,7.18,q1,"(50, 50)",0.013618615670844061,0.35990516367560865,0.0003329447928361941,0.3154147365401523,0.0011147394085082247,0.5771410641479517
oscillations,0.25,23,4,-22.0,7.18,q2,"(50, 150)",-0.0030216077158493485,0.32851989396940057,0.0003329447928361941,0.3154147365401523,0.0011147394085082247,0.5771410641479517
oscillations,0.25,23,4,-22.0,7.18,q3,"(150, 50)",0.004773386781354329,0.31200201798449295,0.0003329447928361941,0.3154147365401523,0.0011147394085082247,0.5771410641479517
oscillations,0.25,23,4,-22.0,7.18,q4,"(150, 150)",-0.0015052040202199893,0.3066195615803576,0.0003329447928361941,0.3154147365401523,0.0011147394085082247,0.5771410641479517
oscillations,0.25,24,4,-22.0,7.18,q1,"(50, 50)",-0.0007101648849882765,0.3513560156385805,-0.0002128025310397518,0.3102964227073315,-0.0007136833438073337,0.5682519234747754
oscillations,0.25,24,4,-22.0,7.18,q2,"(50, 150)",0.0002875575953116204,0.32217294438824046,-0.0002128025310397518,0.3102964227073315,-0.0007136833438073337,0.5682519234747754
oscillations,0.25,24,4,-22.0,7.18,q3,"(150, 50)",-0.00030123734471264346,0.29308569005241236,-0.0002128025310397518,0.3102964227073315,-0.0007136833438073337,0.5682519234747754
oscillations,0.25,24,4,-22.0,7.18,q4,"(150, 150)",-0.0002948484848271865,0.3069574533438573,-0.0002128025310397518,0.3102964227073315,-0.0007136833438073337,0.5682519234747754
oscillations,0.25,25,4,-22.0,7.18,q1,"(50, 50)",0.007485916155212726,0.34693435733439004,5.328263217992122e-05,0.3114128982647197,0.0001783966926589822,0.5698192874828522
oscillations,0.25,25,4,-22.0,7.18,q2,"(50, 150)",-0.0016229964686832732,0.3322122354165028,5.328263217992122e-05,0.3114128982647197,0.0001783966926589822,0.5698192874828522
oscillations,0.25,25,4,-22.0,7.18,q3,"(150, 50)",0.0013008721485590353,0.29252770530833117,5.328263217992122e-05,0.3114128982647197,0.0001783966926589822,0.5698192874828522
oscillations,0.25,25,4,-22.0,7.18,q4,"(150, 150)",-0.0006296690088845853,0.3061226367849753,5.328263217992122e-05,0.3114128982647197,0.0001783966926589822,0.5698192874828522
oscillations,0.25,26,4,-22.0,7.18,q1,"(50, 50)",0.0012675765056967751,0.31896732232611597,-0.0005158036217223909,0.31243406456661804,-0.001726539319572857,0.5716142310339506
oscillations,0.25,26,4,-22.0,7.18,q2,"(50, 150)",-0.0010847270799519094,0.3379515226991791,-0.0005158036217223909,0.31243406456661804,-0.001726539319572857,0.5716142310339506
oscillations,0.25,26,4,-22.0,7.18,q3,"(150, 50)",-0.0024680931607645807,0.3095261234314543,-0.0005158036217223909,0.31243406456661804,-0.001726539319572857,0.5716142310339506
oscillations,0.25,26,4,-22.0,7.18,q4,"(150, 150)",0.00012644736321049317,0.30368629757690796,-0.0005158036217223909,0.31243406456661804,-0.001726539319572857,0.5716142310339506
oscillations,0.25,27,4,-22.0,7.18,q1,"(50, 50)",-0.011694718711339435,0.3368079207677188,1.0025918306286452e-05,0.3144390394894852,3.360455272762333e-05,0.5756697902906098
oscillations,0.25,27,4,-22.0,7.18,q2,"(50, 150)",0.003819806504684727,0.3358843920146995,1.0025918306286452e-05,0.3144390394894852,3.360455272762333e-05,0.5756697902906098
oscillations,0.25,27,4,-22.0,7.18,q3,"(150, 50)",0.0022942116670443087,0.29736914265166303,1.0025918306286452e-05,0.3144390394894852,3.360455272762333e-05,0.5756697902906098
oscillations,0.25,27,4,-22.0,7.18,q4,"(150, 150)",-0.0007207690123274543,0.3099408148863916,1.0025918306286452e-05,0.3144390394894852,3.360455272762333e-05,0.5756697902906098
oscillations,0.25,28,4,-22.0,7.18,q1,"(50, 50)",-0.0010736344446954011,0.32990345381836245,-0.00016805612133076619,0.3079401766407745,-0.0005628606592339156,0.5635591197805611
oscillations,0.25,28,4,-22.0,7.18,q2,"(50, 150)",-0.0007583480825410573,0.32437801219920154,-0.00016805612133076619,0.3079401766407745,-0.0005628606592339156,0.5635591197805611
oscillations,0.25,28,4,-22.0,7.18,q3,"(150, 50)",0.004528991672227776,0.3086370190672387,-0.00016805612133076619,0.3079401766407745,-0.0005628606592339156,0.5635591197805611
oscillations,0.25,28,4,-22.0,7.18,q4,"(150, 150)",-0.0014363549184063344,0.2994220185928805,-0.00016805612133076619,0.3079401766407745,-0.0005628606592339156,0.5635591197805611
oscillations,0.25,29,4,-22.0,7.18,q1,"(50, 50)",0.009187429087057648,0.3303611748517819,-8.371477358238115e-05,0.30765080342680984,-0.0002805454878766117,0.5631947612031369
oscillations,0.25,29,4,-22.0,7.18,q2,"(50, 150)",-0.003039804101745406,0.3124965224567439,-8.371477358238115e-05,0.30765080342680984,-0.0002805454878766117,0.5631947612031369
oscillations,0.25,29,4,-22.0,7.18,q3,"(150, 50)",-0.0009619311580369623,0.3232125418142464,-8.371477358238115e-05,0.30765080342680984,-0.0002805454878766117,0.5631947612031369
oscillations,0.25,29,4,-22.0,7.18,q4,"(150, 150)",0.00016426003499681749,0.29791301038687734,-8.371477358238115e-05,0.30765080342680984,-0.0002805454878766117,0.5631947612031369
oscillations,0.25,30,4,-22.0,7.18,q1,"(50, 50)",0.012666878813121476,0.37259844838051326,0.00024682103837854095,0.3072187326514033,0.0008272175563587439,0.5624269822748794
oscillations,0.25,30,4,-22.0,7.18,q2,"(50, 150)",-0.003324417474029161,0.33367790923100143,0.00024682103837854095,0.3072187326514033,0.0008272175563587439,0.5624269822748794
oscillations,0.25,30,4,-22.0,7.18,q3,"(150, 50)",0.0012798105012233633,0.3080423677815567,0.00024682103837854095,0.3072187326514033,0.0008272175563587439,0.5624269822748794
oscillations,0.25,30,4,-22.0,7.18,q4,"(150, 150)",-0.00028710236451638205,0.2891390597821797,0.00024682103837854095,0.3072187326514033,0.0008272175563587439,0.5624269822748794
oscillations,0.25,31,4,-22.0,7.18,q1,"(50, 50)",0.0009374013429643309,0.3355458566107079,-0.00011617569517341444,0.3122687897861062,-0.0003890353961437058,0.5714331461495935
oscillations,0.25,31,4,-22.0,7.18,q2,"(50, 150)",0.0003335519912796914,0.32864626056432333,-0.00011617569517341444,0.3122687897861062,-0.0003890353961437058,0.5714331461495935
oscillations,0.25,31,4,-22.0,7.18,q3,"(150, 50)",-0.002174293834690268,0.3043694555385329,-0.00011617569517341444,0.3122687897861062,-0.0003890353961437058,0.5714331461495935
oscillations,0.25,31,4,-22.0,7.18,q4,"(150, 150)",0.00030289034049919676,0.30652792808638507,-0.00011617569517341444,0.3122687897861062,-0.0003890353961437058,0.5714331461495935
oscillations,0.25,32,4,-22.0,7.18,q1,"(50, 50)",-0.0015506366709040291,0.35264883994267854,9.863170489376887e-05,0.31562011320629835,0.0003304521480652267,0.5777110054760061
oscillations,0.25,32,4,-22.0,7.18,q2,"(50, 150)",0.0011653539210157765,0.32776313438103893,9.863170489376887e-05,0.31562011320629835,0.0003304521480652267,0.5777110054760061
oscillations,0.25,32,4,-22.0,7.18,q3,"(150, 50)",0.0028459207538931225,0.2978698851514431,9.863170489376887e-05,0.31562011320629835,0.0003304521480652267,0.5777110054760061
oscillations,0.25,32,4,-22.0,7.18,q4,"(150, 150)",-0.0009894533417247077,0.3128703734609819,9.863170489376887e-05,0.31562011320629835,0.0003304521480652267,0.5777110054760061
oscillations,0.25,33,4,-22.0,7.18,q1,"(50, 50)",0.0002351701527189139,0.3402956526781122,-0.00038768880669033434,0.31260415815156195,-0.00129966076664544,0.57235744750239
oscillations,0.25,33,4,-22.0,7.18,q2,"(50, 150)",0.00016247960281308256,0.3313443735563092,-0.00038768880669033434,0.31260415815156195,-0.00129966076664544,0.57235744750239
oscillations,0.25,33,4,-22.0,7.18,q3,"(150, 50)",0.0016571239250030608,0.31030224762576053,-0.00038768880669033434,0.31260415815156195,-0.00129966076664544,0.57235744750239
oscillations,0.25,33,4,-22.0,7.18,q4,"(150, 150)",-0.0013218890714680777,0.3035876577058658,-0.00038768880669033434,0.31260415815156195,-0.00129966076664544,0.57235744750239
oscillations,0.25,34,4,-22.0,7.18,q1,"(50, 50)",0.0012939560463797993,0.32534486034069215,-0.0003276796855960632,0.3166447388756759,-0.001097938299869536,0.5796100914685357
oscillations,0.25,34,4,-22.0,7.18,q2,"(50, 150)",-0.0015343602755095366,0.33989664044169426,-0.0003276796855960632,0.3166447388756759,-0.001097938299869536,0.5796100914685357
oscillations,0.25,34,4,-22.0,7.18,q3,"(150, 50)",9.348453088832377e-05,0.3197026888875736,-0.0003276796855960632,0.3166447388756759,-0.001097938299869536,0.5796100914685357
oscillations,0.25,34,4,-22.0,7.18,q4,"(150, 150)",-0.00024602264245035234,0.30643954921183947,-0.0003276796855960632,0.3166447388756759,-0.001097938299869536,0.5796100914685357
oscillations,0.25,35,4,-22.0,7.18,q1,"(50, 50)",-0.007677517931183547,0.33270574075309184,-0.00018268340757856654,0.30966893533583234,-0.000612312410184572,0.5669365312100095
oscillations,0.25,35,4,-22.0,7.18,q2,"(50, 150)",0.002439277099353359,0.32755705227661036,-0.00018268340757856654,0.30966893533583234,-0.000612312410184572,0.5669365312100095
oscillations,0.25,35,4,-22.0,7.18,q3,"(150, 50)",0.003720697415779638,0.28524043255665116,-0.00018268340757856654,0.30966893533583234,-0.000612312410184572,0.5669365312100095
oscillations,0.25,35,4,-22.0,7.18,q4,"(150, 150)",-0.0015250377928302792,0.30867433012808315,-0.00018268340757856654,0.30966893533583234,-0.000612312410184572,0.5669365312100095
oscillations,0.25,36,4,-22.0,7.18,q1,"(50, 50)",0.002863423280961097,0.36312835103089086,-0.00038156933523387723,0.3145531822913543,-0.001278610489181124,0.575805396458449
oscillations,0.25,36,4,-22.0,7.18,q2,"(50, 150)",-0.0013300906263469946,0.32723377129865566,-0.00038156933523387723,0.3145531822913543,-0.001278610489181124,0.575805396458449
oscillations,0.25,36,4,-22.0,7.18,q3,"(150, 50)",-0.0024583402525414563,0.31927040754059743,-0.00038156933523387723,0.3145531822913543,-0.001278610489181124,0.575805396458449
oscillations,0.25,36,4,-22.0,7.18,q4,"(150, 150)",0.0002663066657735797,0.30261095746590616,-0.00038156933523387723,0.3145531822913543,-0.001278610489181124,0.575805396458449
oscillations,0.25,37,4,-22.0,7.18,q1,"(50, 50)",0.0017340673075018494,0.34201761747185083,0.000359152981345071,0.31275758763316325,0.0012035957819875028,0.5725425553390333
oscillations,0.25,37,4,-22.0,7.18,q2,"(50, 150)",-0.0003939314719250781,0.3285879942564494,0.000359152981345071,0.31275758763316325,0.0012035957819875028,0.5725425553390333
oscillations,0.25,37,4,-22.0,7.18,q3,"(150, 50)",0.006297673011630504,0.30459142145933177,0.000359152981345071,0.31275758763316325,0.0012035957819875028,0.5725425553390333
oscillations,0.25,37,4,-22.0,7.18,q4,"(150, 150)",-0.0015220938027885548,0.3065437495766944,0.000359152981345071,0.31275758763316325,0.0012035957819875028,0.5725425553390333
oscillations,0.25,38,4,-22.0,7.18,q1,"(50, 50)",0.0036834049615246203,0.34072994298012543,-0.0001015922268775872,0.3099293674458295,-0.0003407134296221592,0.5675799703685227
oscillations,0.25,38,4,-22.0,7.18,q2,"(50, 150)",-0.001018724360864989,0.32311579972830967,-0.0001015922268775872,0.3099293674458295,-0.0003407134296221592,0.5675799703685227
oscillations,0.25,38,4,-22.0,7.18,q3,"(150, 50)",0.00096255844346949,0.30377805701069727,-0.0001015922268775872,0.3099293674458295,-0.0003407134296221592,0.5675799703685227
oscillations,0.25,38,4,-22.0,7.18,q4,"(150, 150)",-0.0005711536488199464,0.30381381281923586,-0.0001015922268775872,0.3099293674458295,-0.0003407134296221592,0.5675799703685227
oscillations,0.25,39,4,-22.0,7.18,q1,"(50, 50)",0.010989350224667729,0.32511102376998624,-0.00019569712810318848,0.31271973677817644,-0.0006556566818098282,0.5724019591808751
oscillations,0.25,39,4,-22.0,7.18,q2,"(50, 150)",-0.003470350371552966,0.3516761394141194,-0.00019569712810318848,0.31271973677817644,-0.0006556566818098282,0.5724019591808751
oscillations,0.25,39,4,-22.0,7.18,q3,"(150, 50)",0.0002764136889682625,0.3118787410885204,-0.00019569712810318848,0.31271973677817644,-0.0006556566818098282,0.5724019591808751
oscillations,0.25,39,4,-22.0,7.18,q4,"(150, 150)",-0.0005042993585071811,0.29739774954216636,-0.00019569712810318848,0.31271973677817644,-0.0006556566818098282,0.5724019591808751
oscillations,0.25,40,4,-22.0,7.18,q1,"(50, 50)",0.00011332696699350287,0.384742219961203,-0.00017800601742287483,0.31437798411036283,-0.0005963350667432991,0.5754131642934808
oscillations,0.25,40,4,-22.0,7.18,q2,"(50, 150)",0.00020425348331063234,0.32479213616950064,-0.00017800601742287483,0.31437798411036283,-0.0005963350667432991,0.5754131642934808
oscillations,0.25,40,4,-22.0,7.18,q3,"(150, 50)",0.0004326856620725332,0.32098295649896635,-0.00017800601742287483,0.31437798411036283,-0.0005963350667432991,0.5754131642934808
oscillations,0.25,40,4,-22.0,7.18,q4,"(150, 150)",-0.0005413600757676663,0.2995824675778954,-0.00017800601742287483,0.31437798411036283,-0.0005963350667432991,0.5754131642934808
oscillations,0.25,41,4,-22.0,7.18,q1,"(50, 50)",0.004090255484033705,0.3520855377278927,0.00031945288938094564,0.3112424882528805,0.0010698355304117398,0.5695783060221222
oscillations,0.25,41,4,-22.0,7.18,q2,"(50, 150)",-0.0004210448920048227,0.32520173129346214,0.00031945288938094564,0.3112424882528805,0.0010698355304117398,0.5695783060221222
oscillations,0.25,41,4,-22.0,7.18,q3,"(150, 50)",-0.000183829318181418,0.3207078640660934,0.00031945288938094564,0.3112424882528805,0.0010698355304117398,0.5695783060221222
oscillations,0.25,41,4,-22.0,7.18,q4,"(150, 150)",0.0003150681529577943,0.29816852685817985,0.00031945288938094564,0.3112424882528805,0.0010698355304117398,0.5695783060221222
oscillations,0.25,42,4,-22.0,7.18,q1,"(50, 50)",-0.0005492622184129449,0.3775368659565545,0.00015370250440691977,0.31351995431288504,0.0005143992784702801,0.5735546012050121
oscillations,0.25,42,4,-22.0,7.18,q2,"(50, 150)",0.00020195925673541505,0.3071139913512197,0.00015370250440691977,0.31351995431288504,0.0005143992784702801,0.5735546012050121
oscillations,0.25,42,4,-22.0,7.18,q3,"(150, 50)",-0.00034932702238718864,0.32475239290464814,0.00015370250440691977,0.31351995431288504,0.0005143992784702801,0.5735546012050121
oscillations,0.25,42,4,-22.0,7.18,q4,"(150, 150)",0.00038340062065321995,0.30383310598378094,0.00015370250440691977,0.31351995431288504,0.0005143992784702801,0.5735546012050121
oscillations,0.25,43,4,-22.0,7.18,q1,"(50, 50)",-0.003338274594054083,0.35230810425095793,-0.00012359646890507892,0.307204840046948,-0.0004137812819051859,0.5620958255037303
oscillations,0.25,43,4,-22.0,7.18,q2,"(50, 150)",0.0005477467536736785,0.32768961873226715,-0.00012359646890507892,0.307204840046948,-0.0004137812819051859,0.5620958255037303
oscillations,0.25,43,4,-22.0,7.18,q3,"(150, 50)",0.003906596328717265,0.3046942798044035,-0.00012359646890507892,0.307204840046948,-0.0004137812819051859,0.5620958255037303
oscillations,0.25,43,4,-22.0,7.18,q4,"(150, 150)",-0.001333588683955557,0.29536139035033443,-0.00012359646890507892,0.307204840046948,-0.0004137812819051859,0.5620958255037303
oscillations,0.25,44,4,-22.0,7.18,q1,"(50, 50)",-0.008381714445629292,0.3469627863565683,-0.00010607520847049423,0.3146308507319784,-0.00035506345931546216,0.5756351291493491
oscillations,0.25,44,4,-22.0,7.18,q2,"(50, 150)",0.0031076609822346004,0.3458506903266835,-0.00010607520847049423,0.3146308507319784,-0.00035506345931546216,0.5756351291493491
oscillations,0.25,44,4,-22.0,7.18,q3,"(150, 50)",0.0018795375805033478,0.3189728351379655,-0.00010607520847049423,0.3146308507319784,-0.00035506345931546216,0.5756351291493491
oscillations,0.25,44,4,-22.0,7.18,q4,"(150, 150)",-0.0009196760642347172,0.2980140965975056,-0.00010607520847049423,0.3146308507319784,-0.00035506345931546216,0.5756351291493491
oscillations,0.25,45,4,-22.0,7.18,q1,"(50, 50)",0.0013284742493712507,0.3389348941491429,-0.0003646659471818705,0.3073844316176581,-0.0012216614645958795,0.5626119878362418
oscillations,0.25,45,4,-22.0,7.18,q2,"(50, 150)",-0.0010102978830872369,0.3379268379797598,-0.0003646659471818705,0.3073844316176581,-0.0012216614645958795,0.5626119878362418
oscillations,0.25,45,4,-22.0,7.18,q3,"(150, 50)",-0.00259014801822332,0.29577051413663535,-0.0003646659471818705,0.3073844316176581,-0.0012216614645958795,0.5626119878362418
oscillations,0.25,45,4,-22.0,7.18,q4,"(150, 150)",0.00040424536662783347,0.2966175291114054,-0.0003646659471818705,0.3073844316176581,-0.0012216614645958795,0.5626119878362418
oscillations,0.25,46,4,-22.0,7.18,q1,"(50, 50)",0.00042286701616291535,0.36087879623855534,-0.00013863879031568942,0.31845719881137047,-0.0004646461342796463,0.5830016150999233
oscillations,0.25,46,4,-22.0,7.18,q2,"(50, 150)",-0.000124066652557381,0.3328766059814032,-0.00013863879031568942,0.31845719881137047,-0.0004646461342796463,0.5830016150999233
oscillations,0.25,46,4,-22.0,7.18,q3,"(150, 50)",-0.00030219339844067626,0.33787767907196004,-0.00013863879031568942,0.31845719881137047,-0.0004646461342796463,0.5830016150999233
oscillations,0.25,46,4,-22.0,7.18,q4,"(150, 150)",-0.0001513675009133081,0.30138594929893575,-0.00013863879031568942,0.31845719881137047,-0.0004646461342796463,0.5830016150999233
oscillations,0.25,47,4,-22.0,7.18,q1,"(50, 50)",0.0029086952672174047,0.3701669158726033,-0.00011324126961858182,0.3046819616278507,-0.0003794630798980722,0.5577365054668427
oscillations,0.25,47,4,-22.0,7.18,q2,"(50, 150)",-0.0007649509146491835,0.30171093124529536,-0.00011324126961858182,0.3046819616278507,-0.0003794630798980722,0.5577365054668427
oscillations,0.25,47,4,-22.0,7.18,q3,"(150, 50)",-0.0013331757783353632,0.2939625802288932,-0.00011324126961858182,0.3046819616278507,-0.0003794630798980722,0.5577365054668427
oscillations,0.25,47,4,-22.0,7.18,q4,"(150, 150)",0.00017486938864876966,0.30109576667109583,-0.00011324126961858182,0.3046819616278507,-0.0003794630798980722,0.5577365054668427
oscillations,0.25,48,4,-22.0,7.18,q1,"(50, 50)",0.002738087374795751,0.32112634584370864,0.00022920503164652875,0.3040597158048863,0.0007683708737731438,0.5567137762036241
oscillations,0.25,48,4,-22.0,7.18,q2,"(50, 150)",-0.0006266251765208607,0.31770188606191213,0.00022920503164652875,0.3040597158048863,0.0007683708737731438,0.5567137762036241
oscillations,0.25,48,4,-22.0,7.18,q3,"(150, 50)",0.00040564580323169193,0.30512211963444885,0.00022920503164652875,0.3040597158048863,0.0007683708737731438,0.5567137762036241
oscillations,0.25,48,4,-22.0,7.18,q4,"(150, 150)",0.0001769034723795796,0.29702305254312616,0.00022920503164652875,0.3040597158048863,0.0007683708737731438,0.5567137762036241
oscillations,0.25,49,4,-22.0,7.18,q1,"(50, 50)",0.01051758312979138,0.35582639859342874,-0.00021295355471606726,0.3040098347417406,-0.000713830737337023,0.5565991746917074
oscillations,0.25,49,4,-22.0,7.18,q2,"(50, 150)",-0.0044062973971114375,0.3146080956317424,-0.00021295355471606726,0.3040098347417406,-0.000713830737337023,0.5565991746917074
oscillations,0.25,49,4,-22.0,7.18,q3,"(150, 50)",0.00017022034800831716,0.3047470238872736,-0.00021295355471606726,0.3040098347417406,-0.000713830737337023,0.5565991746917074
oscillations,0.25,49,4,-22.0,7.18,q4,"(150, 150)",-0.0001351787619932324,0.29371638796662086,-0.00021295355471606726,0.3040098347417406,-0.000713830737337023,0.5565991746917074
oscillations,0.5,0,1,-8.5,14.44,q1,"(100, 100)",0.003664178117862599,0.22817432452434747,8.05350463608927e-05,0.24792148236797842,0.0002698895655525889,0.4538524630427706
oscillations,0.5,0,1,-8.5,14.44,q2,"(100, 100)",-0.0020294681325630747,0.24611181688264855,8.05350463608927e-05,0.24792148236797842,0.0002698895655525889,0.4538524630427706
oscillations,0.5,0,1,-8.5,14.44,q3,"(100, 100)",-0.0026255823847974205,0.2535629869323949,8.05350463608927e-05,0.24792148236797842,0.0002698895655525889,0.4538524630427706
oscillations,0.5,0,1,-8.5,14.44,q4,"(100, 100)",0.0013130125849414676,0.2624983273682551,8.05350463608927e-05,0.24792148236797842,0.0002698895655525889,0.4538524630427706
oscillations,0.5,1,1,-8.5,14.44,q1,"(100, 100)",-0.0017401490918274778,0.24648600178638175,-0.00021033501710090698,0.2573170368136799,-0.0007049351222485362,0.4710716673749749
oscillations,0.5,1,1,-8.5,14.44,q2,"(100, 100)",0.0013464919791210893,0.25420098409844255,-0.00021033501710090698,0.2573170368136799,-0.0007049351222485362,0.4710716673749749
oscillations,0.5,1,1,-8.5,14.44,q3,"(100, 100)",-0.0028696298733508884,0.2655827861534628,-0.00021033501710090698,0.2573170368136799,-0.0007049351222485362,0.4710716673749749
oscillations,0.5,1,1,-8.5,14.44,q4,"(100, 100)",0.002421946917653649,0.26252953975750243,-0.00021033501710090698,0.2573170368136799,-0.0007049351222485362,0.4710716673749749
oscillations,0.5,2,1,-8.5,14.44,q1,"(100, 100)",-0.0007679722313504475,0.23646137237185388,-0.00011166529638131033,0.2504922788521638,-0.0003744330501510934,0.45869311202615637
oscillations,0.5,2,1,-8.5,14.44,q2,"(100, 100)",0.0005606844259284495,0.26044318854806764,-0.00011166529638131033,0.2504922788521638,-0.0003744330501510934,0.45869311202615637
oscillations,0.5,2,1,-8.5,14.44,q3,"(100, 100)",0.0004285714303956521,0.23936878791328933,-0.00011166529638131033,0.2504922788521638,-0.0003744330501510934,0.45869311202615637
oscillations,0.5,2,1,-8.5,14.44,q4,"(100, 100)",-0.0006679448104988948,0.2644654821531495,-0.00011166529638131033,0.2504922788521638,-0.0003744330501510934,0.45869311202615637
oscillations,0.5,3,1,-8.5,14.44,q1,"(100, 100)",0.0031085790225914515,0.23778356708712864,-0.00015786941534430245,0.2528016650979961,-0.0005292303565011812,0.4628636803892504
oscillations,0.5,3,1,-8.5,14.44,q2,"(100, 100)",-0.0016439107226034488,0.24968026195113083,-0.00015786941534430245,0.2528016650979961,-0.0005292303565011812,0.4628636803892504
oscillations,0.5,3,1,-8.5,14.44,q3,"(100, 100)",-0.0026305112983319363,0.2587514191971118,-0.00015786941534430245,0.2528016650979961,-0.0005292303565011812,0.4628636803892504
oscillations,0.5,3,1,-8.5,14.44,q4,"(100, 100)",0.0005343653369667255,0.26416226345391464,-0.00015786941534430245,0.2528016650979961,-0.0005292303565011812,0.4628636803892504
oscillations,0.5,4,1,-8.5,14.44,q1,"(100, 100)",0.0024797974043886586,0.24892200148966637,0.0003190383186044528,0.2578668162584854,0.0010682682692263615,0.47186027683832427
oscillations,0.5,4,1,-8.5,14.44,q2,"(100, 100)",-0.0010530170278199148,0.2576443133244471,0.0003190383186044528,0.2578668162584854,0.0010682682692263615,0.47186027683832427
oscillations,0.5,4,1,-8.5,14.44,q3,"(100, 100)",0.0001725819605403931,0.2655998334096662,0.0003190383186044528,0.2578668162584854,0.0010682682692263615,0.47186027683832427
oscillations,0.5,4,1,-8.5,14.44,q4,"(100, 100)",-0.0003232090626913257,0.259013837161253,0.0003190383186044528,0.2578668162584854,0.0010682682692263615,0.47186027683832427
oscillations,0.5,5,1,-8.5,14.44,q1,"(100, 100)",-0.0003305373636749648,0.2382278620883979,7.333718911828895e-05,0.2478628570766302,0.0002453979893534845,0.4534034044275695
oscillations,0.5,5,1,-8.5,14.44,q2,"(100, 100)",0.00044073474112695264,0.24256677000253635,7.333718911828895e-05,0.2478628570766302,0.0002453979893534845,0.4534034044275695
oscillations,0.5,5,1,-8.5,14.44,q3,"(100, 100)",0.0001424730018624576,0.2441879049423534,7.333718911828895e-05,0.2478628570766302,0.0002453979893534845,0.4534034044275695
oscillations,0.5,5,1,-8.5,14.44,q4,"(100, 100)",4.067837715871039e-05,0.2655650478244039,7.333718911828895e-05,0.2478628570766302,0.0002453979893534845,0.4534034044275695
oscillations,0.5,6,1,-8.5,14.44,q1,"(100, 100)",-0.0001328572396252106,0.2351027137937313,1.6145719387136726e-05,0.25305683182561045,5.407592526881667e-05,0.4631176618912361
oscillations,0.5,6,1,-8.5,14.44,q2,"(100, 100)",-8.37168194934896e-05,0.25586932825219993,1.6145719387136726e-05,0.25305683182561045,5.407592526881667e-05,0.4631176618912361
oscillations,0.5,6,1,-8.5,14.44,q3,"(100, 100)",0.00011157276360791703,0.25731950832106504,1.6145719387136726e-05,0.25305683182561045,5.407592526881667e-05,0.4631176618912361
oscillations,0.5,6,1,-8.5,14.44,q4,"(100, 100)",0.00016958417305933002,0.2630498948381639,1.6145719387136726e-05,0.25305683182561045,5.407592526881667e-05,0.4631176618912361
oscillations,0.5,7,1,-8.5,14.44,q1,"(100, 100)",0.003319651449717226,0.2399811963626107,0.0004884653575151875,0.2487596213843256,0.0016354410563829836,0.4551750881125817
oscillations,0.5,7,1,-8.5,14.44,q2,"(100, 100)",-0.0014223303068081178,0.23574030947636565,0.0004884653575151875,0.2487596213843256,0.0016354410563829836,0.4551750881125817
oscillations,0.5,7,1,-8.5,14.44,q3,"(100, 100)",0.0030669999416689108,0.26375361264224784,0.0004884653575151875,0.2487596213843256,0.0016354410563829836,0.4551750881125817
oscillations,0.5,7,1,-8.5,14.44,q4,"(100, 100)",-0.0030104596545172686,0.2544885116307054,0.0004884653575151875,0.2487596213843256,0.0016354410563829836,0.4551750881125817
oscillations,0.5,8,1,-8.5,14.44,q1,"(100, 100)",-0.0004426759744197067,0.2205706660965968,0.0005408235693374109,0.24942268335883266,0.0018121077880295228,0.4565598908542515
oscillations,0.5,8,1,-8.5,14.44,q2,"(100, 100)",0.00048121478438154186,0.25784460224368405,0.0005408235693374109,0.24942268335883266,0.0018121077880295228,0.4565598908542515
oscillations,0.5,8,1,-8.5,14.44,q3,"(100, 100)",0.0030230268415175673,0.2531509492285698,0.0005408235693374109,0.24942268335883266,0.0018121077880295228,0.4565598908542515
oscillations,0.5,8,1,-8.5,14.44,q4,"(100, 100)",-0.0008982713741297589,0.2638500255826318,0.0005408235693374109,0.24942268335883266,0.0018121077880295228,0.4565598908542515
oscillations,0.5,9,1,-8.5,14.44,q1,"(100, 100)",0.0010891572261705193,0.221607317853448,-0.00033238630462817387,0.24620388450086508,-0.001113428706567872,0.4506128967306642
oscillations,0.5,9,1,-8.5,14.44,q2,"(100, 100)",-0.0013109527052576721,0.24653704900157627,-0.00033238630462817387,0.24620388450086508,-0.001113428706567872,0.4506128967306642
oscillations,0.5,9,1,-8.5,14.44,q3,"(100, 100)",-0.0032570101094946523,0.2525167945679508,-0.00033238630462817387,0.24620388450086508,-0.001113428706567872,0.4506128967306642
oscillations,0.5,9,1,-8.5,14.44,q4,"(100, 100)",0.0021492603700691082,0.26228356640276834,-0.00033238630462817387,0.24620388450086508,-0.001113428706567872,0.4506128967306642
oscillations,0.5,10,1,-8.5,14.44,q1,"(100, 100)",-0.002012326035931853,0.2374368701095668,-0.0003235417544412557,0.251869110732208,-0.001083528983393355,0.4609238337155563
oscillations,0.5,10,1,-8.5,14.44,q2,"(100, 100)",0.0013498119056009788,0.2528662656062487,-0.0003235417544412557,0.251869110732208,-0.001083528983393355,0.4609238337155563
oscillations,0.5,10,1,-8.5,14.44,q3,"(100, 100)",-0.0014763802538441692,0.25266681171546646,-0.0003235417544412557,0.251869110732208,-0.001083528983393355,0.4609238337155563
oscillations,0.5,10,1,-8.5,14.44,q4,"(100, 100)",0.0008447273664100209,0.26379104696412925,-0.0003235417544412557,0.251869110732208,-0.001083528983393355,0.4609238337155563
oscillations,0.5,11,1,-8.5,14.44,q1,"(100, 100)",-0.0002770391588429562,0.24117703634052415,-0.0002472223915820734,0.25844840725385626,-0.000828632115240735,0.4731625587686066
oscillations,0.5,11,1,-8.5,14.44,q2,"(100, 100)",0.000250267461376627,0.26317031742580094,-0.0002472223915820734,0.25844840725385626,-0.000828632115240735,0.4731625587686066
oscillations,0.5,11,1,-8.5,14.44,q3,"(100, 100)",-0.001153363637208028,0.2660681219546557,-0.0002472223915820734,0.25844840725385626,-0.000828632115240735,0.4731625587686066
oscillations,0.5,11,1,-8.5,14.44,q4,"(100, 100)",0.000191245768346063,0.2626096547430615,-0.0002472223915820734,0.25844840725385626,-0.000828632115240735,0.4731625587686066
oscillations,0.5,12,1,-8.5,14.44,q1,"(100, 100)",0.0022651218311896715,0.22795890331594362,0.00045282120589300486,0.25257097414539187,0.0015163539753637668,0.4621880564768054
oscillations,0.5,12,1,-8.5,14.44,q2,"(100, 100)",-0.0002841320650850347,0.2496244387873245,0.00045282120589300486,0.25257097414539187,0.0015163539753637668,0.4621880564768054
oscillations,0.5,12,1,-8.5,14.44,q3,"(100, 100)",-0.0021429258269074596,0.25785152529540284,0.00045282120589300486,0.25257097414539187,0.0015163539753637668,0.4621880564768054
oscillations,0.5,12,1,-8.5,14.44,q4,"(100, 100)",0.0019732208843748415,0.27274618188606764,0.00045282120589300486,0.25257097414539187,0.0015163539753637668,0.4621880564768054
oscillations,0.5,13,1,-8.5,14.44,q1,"(100, 100)",0.0016083454511394198,0.22224395708259684,0.00012139375877997824,0.252309292495175,0.00040640695942409843,0.46165284516570276
oscillations,0.5,13,1,-8.5,14.44,q2,"(100, 100)",-0.0011596013563574133,0.2574171460320987,0.00012139375877997824,0.252309292495175,0.00040640695942409843,0.46165284516570276
oscillations,0.5,13,1,-8.5,14.44,q3,"(100, 100)",7.020857833997898e-05,0.2601863808844569,0.00012139375877997824,0.252309292495175,0.00040640695942409843,0.46165284516570276
oscillations,0.5,13,1,-8.5,14.44,q4,"(100, 100)",-3.337763800207232e-05,0.26698899123548336,0.00012139375877997824,0.252309292495175,0.00040640695942409843,0.46165284516570276
oscillations,0.5,14,1,-8.5,14.44,q1,"(100, 100)",0.0003235709085177357,0.23747128270353784,-0.00037624302134339624,0.2579203354016407,-0.0012599180287765474,0.47197763331848486
oscillations,0.5,14,1,-8.5,14.44,q2,"(100, 100)",0.00036252204077601597,0.2654120807084695,-0.00037624302134339624,0.2579203354016407,-0.0012599180287765474,0.47197763331848486
oscillations,0.5,14,1,-8.5,14.44,q3,"(100, 100)",-0.0005167115503991078,0.2698047238127694,-0.00037624302134339624,0.2579203354016407,-0.0012599180287765474,0.47197763331848486
oscillations,0.5,14,1,-8.5,14.44,q4,"(100, 100)",-0.001674353484268229,0.25779465788238703,-0.00037624302134339624,0.2579203354016407,-0.0012599180287765474,0.47197763331848486
oscillations,0.5,15,1,-8.5,14.44,q1,"(100, 100)",0.002991488828847658,0.23279035176441928,0.00025942175354398185,0.2516109629561394,0.0008684300060054623,0.4603553907003233
oscillations,0.5,15,1,-8.5,14.44,q2,"(100, 100)",-0.001211377011797035,0.2595384904720945,0.00025942175354398185,0.2516109629561394,0.0008684300060054623,0.4603553907003233
oscillations,0.5,15,1,-8.5,14.44,q3,"(100, 100)",-6.655645654538489e-06,0.2455426509656264,0.00025942175354398185,0.2516109629561394,0.0008684300060054623,0.4603553907003233
oscillations,0.5,15,1,-8.5,14.44,q4,"(100, 100)",-0.0007357691572201574,0.2671682030535382,0.00025942175354398185,0.2516109629561394,0.0008684300060054623,0.4603553907003233
oscillations,0.5,16,1,-8.5,14.44,q1,"(100, 100)",0.001974673862150668,0.23677741890358245,0.0002223042958328402,0.25003280243645243,0.0007451124378509823,0.45775549230802304
oscillations,0.5,16,1,-8.5,14.44,q2,"(100, 100)",-0.000563999031551929,0.25525664495625616,0.0002223042958328402,0.25003280243645243,0.0007451124378509823,0.45775549230802304
oscillations,0.5,16,1,-8.5,14.44,q3,"(100, 100)",-0.00043038363747931944,0.24933346384265637,0.0002223042958328402,0.25003280243645243,0.0007451124378509823,0.45775549230802304
oscillations,0.5,16,1,-8.5,14.44,q4,"(100, 100)",-9.107400978805851e-05,0.2582144821822353,0.0002223042958328402,0.25003280243645243,0.0007451124378509823,0.45775549230802304
oscillations,0.5,17,1,-8.5,14.44,q1,"(100, 100)",0.0001646290909397079,0.22796362879120355,0.00019494285979524174,0.2517378502642762,0.0006532390375981956,0.4608192489575569
oscillations,0.5,17,1,-8.5,14.44,q2,"(100, 100)",0.00039051191030195715,0.25670642097134794,0.00019494285979524174,0.2517378502642762,0.0006532390375981956,0.4608192489575569
oscillations,0.5,17,1,-8.5,14.44,q3,"(100, 100)",0.0009531672018708274,0.25390784393356736,0.00019494285979524174,0.2517378502642762,0.0006532390375981956,0.4608192489575569
oscillations,0.5,17,1,-8.5,14.44,q4,"(100, 100)",-0.0007285367639315255,0.26674241939969867,0.00019494285979524174,0.2517378502642762,0.0006532390375981956,0.4608192489575569
oscillations,0.5,18,1,-8.5,14.44,q1,"(100, 100)",0.0037033625497676554,0.23285372869830162,4.014249657812154e-05,0.2463221051667939,0.00013466117604200495,0.4511514795454991
oscillations,0.5,18,1,-8.5,14.44,q2,"(100, 100)",-0.0019196116863280164,0.251398708000029,4.014249657812154e-05,0.2463221051667939,0.00013466117604200495,0.4511514795454991
oscillations,0.5,18,1,-8.5,14.44,q3,"(100, 100)",-0.004124895658226832,0.2313405375124673,4.014249657812154e-05,0.2463221051667939,0.00013466117604200495,0.4511514795454991
oscillations,0.5,18,1,-8.5,14.44,q4,"(100, 100)",0.0025017147810996784,0.26780036898276005,4.014249657812154e-05,0.2463221051667939,0.00013466117604200495,0.4511514795454991
oscillations,0.5,19,1,-8.5,14.44,q1,"(100, 100)",0.0017213901423971684,0.25740422852932854,0.00042528197649893115,0.2628632962139877,0.0014240146542740047,0.4810025238367286
oscillations,0.5,19,1,-8.5,14.44,q2,"(100, 100)",-0.0007987202152955754,0.2518400208701504,0.00042528197649893115,0.2628632962139877,0.0014240146542740047,0.4810025238367286
oscillations,0.5,19,1,-8.5,14.44,q3,"(100, 100)",0.0015750422720584374,0.2693055435122939,0.00042528197649893115,0.2628632962139877,0.0014240146542740047,0.4810025238367286
oscillations,0.5,19,1,-8.5,14.44,q4,"(100, 100)",-0.0007965842931643061,0.2723539025957963,0.00042528197649893115,0.2628632962139877,0.0014240146542740047,0.4810025238367286
oscillations,0.5,20,1,-8.5,14.44,q1,"(100, 100)",0.003094185840435606,0.255295824518555,0.0006325963417123708,0.25918488592927486,0.0021203162115380285,0.474508076952429
oscillations,0.5,20,1,-8.5,14.44,q2,"(100, 100)",-0.002155123408837797,0.25544419212260766,0.0006325963417123708,0.25918488592927486,0.0021203162115380285,0.474508076952429
oscillations,0.5,20,1,-8.5,14.44,q3,"(100, 100)",0.0037522242258895785,0.2641703694471485,0.0006325963417123708,0.25918488592927486,0.0021203162115380285,0.474508076952429
oscillations,0.5,20,1,-8.5,14.44,q4,"(100, 100)",-0.0021609012906379037,0.26165277844050494,0.0006325963417123708,0.25918488592927486,0.0021203162115380285,0.474508076952429
oscillations,0.5,21,1,-8.5,14.44,q1,"(100, 100)",-0.0011310783961713134,0.22393541927322022,-5.368085400317013e-06,0.243547752062145,-1.7988055291336374e-05,0.44582716155139734
oscillations,0.5,21,1,-8.5,14.44,q2,"(100, 100)",0.0006892263324003304,0.24581412010854797,-5.368085400317013e-06,0.243547752062145,-1.7988055291336374e-05,0.44582716155139734
oscillations,0.5,21,1,-8.5,14.44,q3,"(100, 100)",0.0006155837841406238,0.2460459089496222,-5.368085400317013e-06,0.243547752062145,-1.7988055291336374e-05,0.44582716155139734
oscillations,0.5,21,1,-8.5,14.44,q4,"(100, 100)",-0.00019520406197090924,0.2571956762338873,-5.368085400317013e-06,0.243547752062145,-1.7988055291336374e-05,0.44582716155139734
oscillations,0.5,22,1,-8.5,14.44,q1,"(100, 100)",0.0041716028375738436,0.24906832271860987,0.00015872140611885262,0.2598225785176686,0.0005315964368043301,0.47549940474514757
oscillations,0.5,22,1,-8.5,14.44,q2,"(100, 100)",-0.002052167396533996,0.2568575937605212,0.00015872140611885262,0.2598225785176686,0.0005315964368043301,0.47549940474514757
oscillations,0.5,22,1,-8.5,14.44,q3,"(100, 100)",-0.004694776728195586,0.2575216336634082,0.00015872140611885262,0.2598225785176686,0.0005315964368043301,0.47549940474514757
oscillations,0.5,22,1,-8.5,14.44,q4,"(100, 100)",0.0032102269116311474,0.27504360598754635,0.00015872140611885262,0.2598225785176686,0.0005315964368043301,0.47549940474514757
oscillations,0.5,23,1,-8.5,14.44,q1,"(100, 100)",0.0024599290276541724,0.2545151862240492,0.00034442047678854854,0.25671311936308616,0.0011515228244351335,0.4693955212482748
oscillations,0.5,23,1,-8.5,14.44,q2,"(100, 100)",-0.0012198783311154347,0.25354880120490647,0.00034442047678854854,0.25671311936308616,0.0011515228244351335,0.4693955212482748
oscillations,0.5,23,1,-8.5,14.44,q3,"(100, 100)",-0.0001930870355557639,0.26124931598345075,0.00034442047678854854,0.25671311936308616,0.0011515228244351335,0.4693955212482748
oscillations,0.5,23,1,-8.5,14.44,q4,"(100, 100)",0.00033071824617121875,0.2574550667404118,0.00034442047678854854,0.25671311936308616,0.0011515228244351335,0.4693955212482748
oscillations,0.5,24,1,-8.5,14.44,q1,"(100, 100)",0.001755950094647858,0.2331889188395174,-0.00023136762415899042,0.2516884461525202,-0.0007752307728563917,0.46070938219718827
oscillations,0.5,24,1,-8.5,14.44,q2,"(100, 100)",-0.001057437916322466,0.262064109561919,-0.00023136762415899042,0.2516884461525202,-0.0007752307728563917,0.46070938219718827
oscillations,0.5,24,1,-8.5,14.44,q3,"(100, 100)",-0.0026214008104230935,0.24549061502603547,-0.00023136762415899042,0.2516884461525202,-0.0007752307728563917,0.46070938219718827
oscillations,0.5,24,1,-8.5,14.44,q4,"(100, 100)",0.000997418135461741,0.2646811860595252,-0.00023136762415899042,0.2516884461525202,-0.0007752307728563917,0.46070938219718827
oscillations,0.5,25,1,-8.5,14.44,q1,"(100, 100)",-0.0016692374242513609,0.23739360553692002,0.00017756523400229226,0.2532140133830131,0.0005949082301777107,0.46348267554275624
oscillations,0.5,25,1,-8.5,14.44,q2,"(100, 100)",0.0013847745953405853,0.25630337280894844,0.00017756523400229226,0.2532140133830131,0.0005949082301777107,0.46348267554275624
oscillations,0.5,25,1,-8.5,14.44,q3,"(100, 100)",0.0027932263524328605,0.24881713566765656,0.00017756523400229226,0.2532140133830131,0.0005949082301777107,0.46348267554275624
oscillations,0.5,25,1,-8.5,14.44,q4,"(100, 100)",-0.0017985025875129164,0.2692519672492476,0.00017756523400229226,0.2532140133830131,0.0005949082301777107,0.46348267554275624
oscillations,0.5,26,1,-8.5,14.44,q1,"(100, 100)",0.0005269275864854863,0.23433298147133982,-0.0001394004273610578,0.2575163296191467,-0.0004668857987475776,0.47127879983309445
oscillations,0.5,26,1,-8.5,14.44,q2,"(100, 100)",-0.0009402448757086136,0.25465292016349245,-0.0001394004273610578,0.2575163296191467,-0.0004668857987475776,0.47127879983309445
oscillations,0.5,26,1,-8.5,14.44,q3,"(100, 100)",0.0018556859942383316,0.27543141550300043,-0.0001394004273610578,0.2575163296191467,-0.0004668857987475776,0.47127879983309445
oscillations,0.5,26,1,-8.5,14.44,q4,"(100, 100)",-0.0019999704144594353,0.26387040767710424,-0.0001394004273610578,0.2575163296191467,-0.0004668857987475776,0.47127879983309445
oscillations,0.5,27,1,-8.5,14.44,q1,"(100, 100)",-0.0013241440622401236,0.22050185248940926,-0.0005573624754891256,0.24726882142695375,-0.001866741942524075,0.45252236315990096
oscillations,0.5,27,1,-8.5,14.44,q2,"(100, 100)",0.001046288620474798,0.2572044309628566,-0.0005573624754891256,0.24726882142695375,-0.001866741942524075,0.45252236315990096
oscillations,0.5,27,1,-8.5,14.44,q3,"(100, 100)",-0.0018333782330929808,0.2531259708257393,-0.0005573624754891256,0.24726882142695375,-0.001866741942524075,0.45252236315990096
oscillations,0.5,27,1,-8.5,14.44,q4,"(100, 100)",-0.00011821622709819524,0.2563485052001618,-0.0005573624754891256,0.24726882142695375,-0.001866741942524075,0.45252236315990096
oscillations,0.5,28,1,-8.5,14.44,q1,"(100, 100)",0.003190340100789653,0.23305348877895338,0.00033205865763913725,0.24932774133714286,0.0011121448803119388,0.45629212915468753
oscillations,0.5,28,1,-8.5,14.44,q2,"(100, 100)",-0.001765350952330153,0.24764224619699846,0.00033205865763913725,0.24932774133714286,0.0011121448803119388,0.45629212915468753
oscillations,0.5,28,1,-8.5,14.44,q3,"(100, 100)",0.00012246601257212948,0.2652550056247314,0.00033205865763913725,0.24932774133714286,0.0011121448803119388,0.45629212915468753
oscillations,0.5,28,1,-8.5,14.44,q4,"(100, 100)",-0.0002192205304750809,0.2502869251896943,0.00033205865763913725,0.24932774133714286,0.0011121448803119388,0.45629212915468753
oscillations,0.5,29,1,-8.5,14.44,q1,"(100, 100)",-0.0015767723353347478,0.24655219291309344,-4.456697878899147e-05,0.25363081873353366,-0.00014932812460710757,0.4642652907041814
oscillations,0.5,29,1,-8.5,14.44,q2,"(100, 100)",0.0015462562903480557,0.24918029849098988,-4.456697878899147e-05,0.25363081873353366,-0.00014932812460710757,0.4642652907041814
oscillations,0.5,29,1,-8.5,14.44,q3,"(100, 100)",0.0003507057837383331,0.26153857665551006,-4.456697878899147e-05,0.25363081873353366,-0.00014932812460710757,0.4642652907041814
oscillations,0.5,29,1,-8.5,14.44,q4,"(100, 100)",-0.0004984576539076061,0.2569589386482522,-4.456697878899147e-05,0.25363081873353366,-0.00014932812460710757,0.4642652907041814
oscillations,0.5,30,1,-8.5,14.44,q1,"(100, 100)",0.001049297099876979,0.23472250790700205,1.5829565911386336e-05,0.24818328268279524,5.298599468246442e-05,0.4540655629397877
oscillations,0.5,30,1,-8.5,14.44,q2,"(100, 100)",-0.0001266059005837687,0.252175575355095,1.5829565911386336e-05,0.24818328268279524,5.298599468246442e-05,0.4540655629397877
oscillations,0.5,30,1,-8.5,14.44,q3,"(100, 100)",-0.0011410935513322916,0.2517257985549004,1.5829565911386336e-05,0.24818328268279524,5.298599468246442e-05,0.4540655629397877
oscillations,0.5,30,1,-8.5,14.44,q4,"(100, 100)",0.0002817206156846259,0.25362219050932716,1.5829565911386336e-05,0.24818328268279524,5.298599468246442e-05,0.4540655629397877
oscillations,0.5,31,1,-8.5,14.44,q1,"(100, 100)",0.0006526454188960453,0.24930741490177782,9.300112509759716e-05,0.2576348655819647,0.0003114832959812363,0.47149582177729127
oscillations,0.5,31,1,-8.5,14.44,q2,"(100, 100)",-0.0006126919137103929,0.25860034180275654,9.300112509759716e-05,0.2576348655819647,0.0003114832959812363,0.47149582177729127
oscillations,0.5,31,1,-8.5,14.44,q3,"(100, 100)",-0.0006809455710642425,0.2662262267583159,9.300112509759716e-05,0.2576348655819647,0.0003114832959812363,0.47149582177729127
oscillations,0.5,31,1,-8.5,14.44,q4,"(100, 100)",0.0010129965662689802,0.25611698800502714,9.300112509759716e-05,0.2576348655819647,0.0003114832959812363,0.47149582177729127
oscillations,0.5,32,1,-8.5,14.44,q1,"(100, 100)",0.0009823982697848544,0.25647111873059375,-0.00040287665029870457,0.26934877037034244,-0.0013503490876443937,0.49311797503927307
oscillations,0.5,32,1,-8.5,14.44,q2,"(100, 100)",-0.0008104785361319923,0.26642851414113844,-0.00040287665029870457,0.26934877037034244,-0.0013503490876443937,0.49311797503927307
oscillations,0.5,32,1,-8.5,14.44,q3,"(100, 100)",-0.003331974449630832,0.2736677254105421,-0.00040287665029870457,0.26934877037034244,-0.0013503490876443937,0.49311797503927307
oscillations,0.5,32,1,-8.5,14.44,q4,"(100, 100)",0.0015485481147831503,0.28022304648238966,-0.00040287665029870457,0.26934877037034244,-0.0013503490876443937,0.49311797503927307
oscillations,0.5,33,1,-8.5,14.44,q1,"(100, 100)",0.002013345323727794,0.24858346064939288,0.0007375008416105027,0.2557866309417242,0.0024682089746000772,0.4679326065397625
oscillations,0.5,33,1,-8.5,14.44,q2,"(100, 100)",-0.0008590024719407024,0.24785304550202275,0.0007375008416105027,0.2557866309417242,0.0024682089746000772,0.4679326065397625
oscillations,0.5,33,1,-8.5,14.44,q3,"(100, 100)",0.0036457458816702066,0.2702642012018561,0.0007375008416105027,0.2557866309417242,0.0024682089746000772,0.4679326065397625
oscillations,0.5,33,1,-8.5,14.44,q4,"(100, 100)",-0.0018500853670152888,0.2557738545202872,0.0007375008416105027,0.2557866309417242,0.0024682089746000772,0.4679326065397625
oscillations,0.5,34,1,-8.5,14.44,q1,"(100, 100)",0.0019129588404259337,0.21925411889311192,0.00041091083060553277,0.24625918808046335,0.0013761246838765331,0.4506570000996961
oscillations,0.5,34,1,-8.5,14.44,q2,"(100, 100)",-0.0014811942392576065,0.25219380763387694,0.00041091083060553277,0.24625918808046335,0.0013761246838765331,0.4506570000996961
oscillations,0.5,34,1,-8.5,14.44,q3,"(100, 100)",0.00047778903058800235,0.2366425540259743,0.00041091083060553277,0.24625918808046335,0.0013761246838765331,0.4506570000996961
oscillations,0.5,34,1,-8.5,14.44,q4,"(100, 100)",0.000734089690665801,0.27366881826891376,0.00041091083060553277,0.24625918808046335,0.0013761246838765331,0.4506570000996961
oscillations,0.5,35,1,-8.5,14.44,q1,"(100, 100)",0.0019528172062929102,0.23459986371672906,0.0004005841103004865,0.2564476579724861,0.0013412040187511056,0.4692432746436607
oscillations,0.5,35,1,-8.5,14.44,q2,"(100, 100)",-0.0010516670221273265,0.25904391005376093,0.0004005841103004865,0.2564476579724861,0.0013412040187511056,0.4692432746436607
oscillations,0.5,35,1,-8.5,14.44,q3,"(100, 100)",0.0035246513567618776,0.26198717171166364,0.0004005841103004865,0.2564476579724861,0.0013412040187511056,0.4692432746436607
oscillations,0.5,35,1,-8.5,14.44,q4,"(100, 100)",-0.002823465099725515,0.26880999020602314,0.0004005841103004865,0.2564476579724861,0.0013412040187511056,0.4692432746436607
oscillations,0.5,36,1,-8.5,14.44,q1,"(100, 100)",0.0008322211753456674,0.24295763464712644,0.00010819922891435947,0.250853181395326,0.00036241577261550705,0.4591038984624223
oscillations,0.5,36,1,-8.5,14.44,q2,"(100, 100)",-0.0002621934908410638,0.2368219483459339,0.00010819922891435947,0.250853181395326,0.00036241577261550705,0.4591038984624223
oscillations,0.5,36,1,-8.5,14.44,q3,"(100, 100)",-0.004194157127885737,0.25594931652651054,0.00010819922891435947,0.250853181395326,0.00036241577261550705,0.4591038984624223
oscillations,0.5,36,1,-8.5,14.44,q4,"(100, 100)",0.004056926359038572,0.2665547040812295,0.00010819922891435947,0.250853181395326,0.00036241577261550705,0.4591038984624223
oscillations,0.5,37,1,-8.5,14.44,q1,"(100, 100)",0.005032768303228489,0.2304670318535803,0.0008632762289743838,0.2488595763882188,0.002893986687812215,0.4556397281156097
oscillations,0.5,37,1,-8.5,14.44,q2,"(100, 100)",-0.002507014630145229,0.25075908967912497,0.0008632762289743838,0.2488595763882188,0.002893986687812215,0.4556397281156097
oscillations,0.5,37,1,-8.5,14.44,q3,"(100, 100)",0.000581327503903879,0.2480352499646639,0.0008632762289743838,0.2488595763882188,0.002893986687812215,0.4556397281156097
oscillations,0.5,37,1,-8.5,14.44,q4,"(100, 100)",0.00034602373891039727,0.26491244858916035,0.0008632762289743838,0.2488595763882188,0.002893986687812215,0.4556397281156097
oscillations,0.5,38,1,-8.5,14.44,q1,"(100, 100)",-0.0015289167906090565,0.22771031199317707,0.0002055256475955066,0.25133209975783555,0.0006882975472053131,0.45994162660972193
oscillations,0.5,38,1,-8.5,14.44,q2,"(100, 100)",0.001362352201742298,0.2624713382602799,0.0002055256475955066,0.25133209975783555,0.0006882975472053131,0.45994162660972193
oscillations,0.5,38,1,-8.5,14.44,q3,"(100, 100)",0.0023421678521417222,0.2505756960181794,0.0002055256475955066,0.25133209975783555,0.0006882975472053131,0.45994162660972193
oscillations,0.5,38,1,-8.5,14.44,q4,"(100, 100)",-0.0013535006728929385,0.26292315626877955,0.0002055256475955066,0.25133209975783555,0.0006882975472053131,0.45994162660972193
oscillations,0.5,39,1,-8.5,14.44,q1,"(100, 100)",-0.00029618750109479554,0.2355951764392384,0.0001691097864202013,0.24857698482641985,0.0005663896388518851,0.45491887789940766
oscillations,0.5,39,1,-8.5,14.44,q2,"(100, 100)",-0.0002178763105964424,0.24289590732111632,0.0001691097864202013,0.24857698482641985,0.0005663896388518851,0.45491887789940766
oscillations,0.5,39,1,-8.5,14.44,q3,"(100, 100)",0.0017274751102130366,0.259717304571574,0.0001691097864202013,0.24857698482641985,0.0005663896388518851,0.45491887789940766
oscillations,0.5,39,1,-8.5,14.44,q4,"(100, 100)",-0.000536972152840994,0.2553471930115472,0.0001691097864202013,0.24857698482641985,0.0005663896388518851,0.45491887789940766
oscillations,0.5,40,1,-8.5,14.44,q1,"(100, 100)",-0.0002000134471027671,0.23978393370073034,-0.00026048690381195837,0.25658420936312243,-0.0008730185297426336,0.4697298760717083
oscillations,0.5,40,1,-8.5,14.44,q2,"(100, 100)",-0.00016267795359763167,0.2618607703050456,-0.00026048690381195837,0.25658420936312243,-0.0008730185297426336,0.4697298760717083
oscillations,0.5,40,1,-8.5,14.44,q3,"(100, 100)",-0.002090953593284086,0.26260158736903527,-0.00026048690381195837,0.25658420936312243,-0.0008730185297426336,0.4697298760717083
oscillations,0.5,40,1,-8.5,14.44,q4,"(100, 100)",0.0014116973787366529,0.2613592821602165,-0.00026048690381195837,0.25658420936312243,-0.0008730185297426336,0.4697298760717083
oscillations,0.5,41,1,-8.5,14.44,q1,"(100, 100)",-0.002403457558138146,0.24470809132171287,-0.00015990012156849107,0.256147442813037,-0.0005355890858097178,0.4687931832821738
oscillations,0.5,41,1,-8.5,14.44,q2,"(100, 100)",0.0010559418878231422,0.2495366077994242,-0.00015990012156849107,0.256147442813037,-0.0005355890858097178,0.4687931832821738
oscillations,0.5,41,1,-8.5,14.44,q3,"(100, 100)",0.0017347960323110612,0.2700303356868886,-0.00015990012156849107,0.256147442813037,-0.0005355890858097178,0.4687931832821738
oscillations,0.5,41,1,-8.5,14.44,q4,"(100, 100)",-0.0010268808482700215,0.2595539360253279,-0.00015990012156849107,0.256147442813037,-0.0005355890858097178,0.4687931832821738
oscillations,0.5,42,1,-8.5,14.44,q1,"(100, 100)",-0.0011447022080791126,0.2470704305698863,0.00014841052577002468,0.2580708305581925,0.0004970628008708839,0.47229356714746645
oscillations,0.5,42,1,-8.5,14.44,q2,"(100, 100)",0.0018828138948216915,0.25595113660444685,0.00014841052577002468,0.2580708305581925,0.0004970628008708839,0.47229356714746645
oscillations,0.5,42,1,-8.5,14.44,q3,"(100, 100)",-0.002114827220267056,0.2653053256937004,0.00014841052577002468,0.2580708305581925,0.0004970628008708839,0.47229356714746645
oscillations,0.5,42,1,-8.5,14.44,q4,"(100, 100)",0.0019703576366045736,0.2635287355782759,0.00014841052577002468,0.2580708305581925,0.0004970628008708839,0.47229356714746645
oscillations,0.5,43,1,-8.5,14.44,q1,"(100, 100)",0.0002599300330848645,0.23988923815984114,0.00048174777080857325,0.25342345596601695,0.001614165759117351,0.46388376461451813
oscillations,0.5,43,1,-8.5,14.44,q2,"(100, 100)",0.0007201959696261179,0.25109491258003586,0.00048174777080857325,0.25342345596601695,0.001614165759117351,0.46388376461451813
oscillations,0.5,43,1,-8.5,14.44,q3,"(100, 100)",0.0030880484587196247,0.2569916132070292,0.00048174777080857325,0.25342345596601695,0.001614165759117351,0.46388376461451813
oscillations,0.5,43,1,-8.5,14.44,q4,"(100, 100)",-0.0021411833781963146,0.26502796557356423,0.00048174777080857325,0.25342345596601695,0.001614165759117351,0.46388376461451813
oscillations,0.5,44,1,-8.5,14.44,q1,"(100, 100)",-0.00035155353646658334,0.2603770069000241,8.444799264563714e-05,0.2679506450421179,0.00028288415591872434,0.4904157424457961
oscillations,0.5,44,1,-8.5,14.44,q2,"(100, 100)",0.0006972626166099641,0.2619808984612307,8.444799264563714e-05,0.2679506450421179,0.00028288415591872434,0.4904157424457961
oscillations,0.5,44,1,-8.5,14.44,q3,"(100, 100)",-0.00015862776499114286,0.2752060534359646,8.444799264563714e-05,0.2679506450421179,0.00028288415591872434,0.4904157424457961
oscillations,0.5,44,1,-8.5,14.44,q4,"(100, 100)",0.00015071065543031153,0.2738996437926111,8.444799264563714e-05,0.2679506450421179,0.00028288415591872434,0.4904157424457961
oscillations,0.5,45,1,-8.5,14.44,q1,"(100, 100)",0.0001099503505258042,0.23904350064057395,1.597021835077046e-05,0.24669282466648734,5.349260877833087e-05,0.451489835976682
oscillations,0.5,45,1,-8.5,14.44,q2,"(100, 100)",-1.9855064628251195e-05,0.25040331564669643,1.597021835077046e-05,0.24669282466648734,5.349260877833087e-05,0.451489835976682
oscillations,0.5,45,1,-8.5,14.44,q3,"(100, 100)",0.00029402133332672077,0.2324551876761191,1.597021835077046e-05,0.24669282466648734,5.349260877833087e-05,0.451489835976682
oscillations,0.5,45,1,-8.5,14.44,q4,"(100, 100)",-0.00032023574582119293,0.26372365942826054,1.597021835077046e-05,0.24669282466648734,5.349260877833087e-05,0.451489835976682
oscillations,0.5,46,1,-8.5,14.44,q1,"(100, 100)",0.004877750176821741,0.23030208729152127,0.0008581161380012509,0.25292775368816495,0.0028742794774786495,0.46289455953688274
oscillations,0.5,46,1,-8.5,14.44,q2,"(100, 100)",-0.002575661959981875,0.2528987503440636,0.0008581161380012509,0.25292775368816495,0.0028742794774786495,0.46289455953688274
oscillations,0.5,46,1,-8.5,14.44,q3,"(100, 100)",0.0027177481782554402,0.2594398979627937,0.0008581161380012509,0.25292775368816495,0.0028742794774786495,0.46289455953688274
oscillations,0.5,46,1,-8.5,14.44,q4,"(100, 100)",-0.001587371843090303,0.26748180764114743,0.0008581161380012509,0.25292775368816495,0.0028742794774786495,0.46289455953688274
oscillations,0.5,47,1,-8.5,14.44,q1,"(100, 100)",0.001145229051901281,0.2579484775988096,0.00029169452314465374,0.2643832172251855,0.0009779382219249147,0.48408857624391133
oscillations,0.5,47,1,-8.5,14.44,q2,"(100, 100)",-0.00017353965922461682,0.2597277243502714,0.00029169452314465374,0.2643832172251855,0.0009779382219249147,0.48408857624391133
oscillations,0.5,47,1,-8.5,14.44,q3,"(100, 100)",0.001485762939715256,0.27479211399990267,0.00029169452314465374,0.2643832172251855,0.0009779382219249147,0.48408857624391133
oscillations,0.5,47,1,-8.5,14.44,q4,"(100, 100)",-0.001290674239813304,0.2647309081667403,0.00029169452314465374,0.2643832172251855,0.0009779382219249147,0.48408857624391133
oscillations,0.5,48,1,-8.5,14.44,q1,"(100, 100)",-0.00032573610057492244,0.23094368224023307,-0.0004975030262334512,0.2504832907641307,-0.0016672353426054002,0.45854011626691393
oscillations,0.5,48,1,-8.5,14.44,q2,"(100, 100)",-0.0007570324229906935,0.25092055315694706,-0.0004975030262334512,0.2504832907641307,-0.0016672353426054002,0.45854011626691393
oscillations,0.5,48,1,-8.5,14.44,q3,"(100, 100)",-0.002968474280717564,0.2649293146785,-0.0004975030262334512,0.2504832907641307,-0.0016672353426054002,0.45854011626691393
oscillations,0.5,48,1,-8.5,14.44,q4,"(100, 100)",0.002061230699349374,0.25391163028152725,-0.0004975030262334512,0.2504832907641307,-0.0016672353426054002,0.45854011626691393
oscillations,0.5,49,1,-8.5,14.44,q1,"(100, 100)",-0.001804317134200887,0.23237132091597992,-0.0001009402374503755,0.2508748458859177,-0.00033818657324859744,0.45920124371376136
oscillations,0.5,49,1,-8.5,14.44,q2,"(100, 100)",0.002022113268523575,0.2486817822305522,-0.0001009402374503755,0.2508748458859177,-0.00033818657324859744,0.45920124371376136
oscillations,0.5,49,1,-8.5,14.44,q3,"(100, 100)",-0.002403672418208001,0.2579120559975801,-0.0001009402374503755,0.2508748458859177,-0.00033818657324859744,0.45920124371376136
oscillations,0.5,49,1,-8.5,14.44,q4,"(100, 100)",0.001782115334083812,0.263398571833274,-0.0001009402374503755,0.2508748458859177,-0.00033818657324859744,0.45920124371376136
oscillations,0.5,0,2,-12.3,10.68,q1,"(100, 100)",0.0004891473364408773,0.26220749121555464,0.000506989655086942,0.27227669433134377,0.0016984578059864052,0.49835237482534467
oscillations,0.5,0,2,-12.3,10.68,q2,"(100, 100)",0.00015384305689794856,0.25924050617460953,0.000506989655086942,0.27227669433134377,0.0016984578059864052,0.49835237482534467
oscillations,0.5,0,2,-12.3,10.68,q3,"(100, 100)",0.004329746032350556,0.28793272350947385,0.000506989655086942,0.27227669433134377,0.0016984578059864052,0.49835237482534467
oscillations,0.5,0,2,-12.3,10.68,q4,"(100, 100)",-0.0029447778053416146,0.2786540474305391,0.000506989655086942,0.27227669433134377,0.0016984578059864052,0.49835237482534467
oscillations,0.5,1,2,-12.3,10.68,q1,"(100, 100)",0.004538519618872809,0.24890151093218074,0.00017397682106375835,0.2736917677506394,0.0005827393102118851,0.5009022595143423
oscillations,0.5,1,2,-12.3,10.68,q2,"(100, 100)",-0.002648928756680337,0.2830355382018154,0.00017397682106375835,0.2736917677506394,0.0005827393102118851,0.5009022595143423
oscillations,0.5,1,2,-12.3,10.68,q3,"(100, 100)",-0.005185324372520734,0.2741543677490009,0.00017397682106375835,0.2736917677506394,0.0005827393102118851,0.5009022595143423
oscillations,0.5,1,2,-12.3,10.68,q4,"(100, 100)",0.003991640794583294,0.2869437660157101,0.00017397682106375835,0.2736917677506394,0.0005827393102118851,0.5009022595143423
oscillations,0.5,2,2,-12.3,10.68,q1,"(100, 100)",0.001599142421060918,0.25373627352456724,1.1619982280358254e-05,0.2704057616346633,3.893117440441589e-05,0.4949507192132113
oscillations,0.5,2,2,-12.3,10.68,q2,"(100, 100)",-0.0007080102992745756,0.2721773931420864,1.1619982280358254e-05,0.2704057616346633,3.893117440441589e-05,0.4949507192132113
oscillations,0.5,2,2,-12.3,10.68,q3,"(100, 100)",-0.0006258167318246088,0.27997167341964935,1.1619982280358254e-05,0.2704057616346633,3.893117440441589e-05,0.4949507192132113
oscillations,0.5,2,2,-12.3,10.68,q4,"(100, 100)",-0.00021883546084030048,0.27500334254918296,1.1619982280358254e-05,0.2704057616346633,3.893117440441589e-05,0.4949507192132113
oscillations,0.5,3,2,-12.3,10.68,q1,"(100, 100)",-0.0012013159698939842,0.2468841776846482,-0.0003720763446045846,0.2707213186506294,-0.0012460694728887625,0.4954234868055045
oscillations,0.5,3,2,-12.3,10.68,q2,"(100, 100)",0.001075854413910017,0.2741502864042521,-0.0003720763446045846,0.2707213186506294,-0.0012460694728887625,0.4954234868055045
oscillations,0.5,3,2,-12.3,10.68,q3,"(100, 100)",-0.0012556845829583849,0.2762970190250796,-0.0003720763446045846,0.2707213186506294,-0.0012460694728887625,0.4954234868055045
oscillations,0.5,3,2,-12.3,10.68,q4,"(100, 100)",-0.00010715923947598682,0.28408849845182005,-0.0003720763446045846,0.2707213186506294,-0.0012460694728887625,0.4954234868055045
oscillations,0.5,4,2,-12.3,10.68,q1,"(100, 100)",0.0013614694042623904,0.2704031057061436,0.0001793241559028493,0.27500866612010894,0.0006015066026091383,0.5036710208258884
oscillations,0.5,4,2,-12.3,10.68,q2,"(100, 100)",-0.0010338471245614788,0.26187794049005364,0.0001793241559028493,0.27500866612010894,0.0006015066026091383,0.5036710208258884
oscillations,0.5,4,2,-12.3,10.68,q3,"(100, 100)",-0.00243605571436238,0.2876232997464693,0.0001793241559028493,0.27500866612010894,0.0006015066026091383,0.5036710208258884
oscillations,0.5,4,2,-12.3,10.68,q4,"(100, 100)",0.0028257300582728655,0.27942314683781844,0.0001793241559028493,0.27500866612010894,0.0006015066026091383,0.5036710208258884
oscillations,0.5,5,2,-12.3,10.68,q1,"(100, 100)",0.003314345341422295,0.26720332007430986,-5.652193145173241e-05,0.27589045035777493,-0.00018936906424904185,0.504989869905386
oscillations,0.5,5,2,-12.3,10.68,q2,"(100, 100)",-0.0025196073053382582,0.2687949917501146,-5.652193145173241e-05,0.27589045035777493,-0.00018936906424904185,0.504989869905386
oscillations,0.5,5,2,-12.3,10.68,q3,"(100, 100)",-0.0016572368696738842,0.2839400686152104,-5.652193145173241e-05,0.27589045035777493,-0.00018936906424904185,0.504989869905386
oscillations,0.5,5,2,-12.3,10.68,q4,"(100, 100)",0.0006364111077829175,0.2831454855729368,-5.652193145173241e-05,0.27589045035777493,-0.00018936906424904185,0.504989869905386
oscillations,0.5,6,2,-12.3,10.68,q1,"(100, 100)",0.0009159213793617617,0.2533513803953872,0.0002008963288475714,0.2689346609057906,0.0006735836675526299,0.4924433390389472
oscillations,0.5,6,2,-12.3,10.68,q2,"(100, 100)",0.00032184587615152657,0.26371132711978607,0.0002008963288475714,0.2689346609057906,0.0006735836675526299,0.4924433390389472
oscillations,0.5,6,2,-12.3,10.68,q3,"(100, 100)",-0.002478400260483659,0.2775475307185648,0.0002008963288475714,0.2689346609057906,0.0006735836675526299,0.4924433390389472
oscillations,0.5,6,2,-12.3,10.68,q4,"(100, 100)",0.0020442183203606577,0.2802304180183815,0.0002008963288475714,0.2689346609057906,0.0006735836675526299,0.4924433390389472
oscillations,0.5,7,2,-12.3,10.68,q1,"(100, 100)",0.0034917008350286096,0.27148528164738767,0.000319138254671312,0.27356475798904956,0.001069946373887559,0.5008999936390233
oscillations,0.5,7,2,-12.3,10.68,q2,"(100, 100)",-0.0017462428836580173,0.2671811183536092,0.000319138254671312,0.27356475798904956,0.001069946373887559,0.5008999936390233
oscillations,0.5,7,2,-12.3,10.68,q3,"(100, 100)",-0.0013301275500766404,0.2746804003123341,0.000319138254671312,0.27356475798904956,0.001069946373887559,0.5008999936390233
oscillations,0.5,7,2,-12.3,10.68,q4,"(100, 100)",0.0008612226173912955,0.28070274650796406,0.000319138254671312,0.27356475798904956,0.001069946373887559,0.5008999936390233
oscillations,0.5,8,2,-12.3,10.68,q1,"(100, 100)",-0.0007043499626598228,0.2539803404194043,0.00012657697247434982,0.27042175859004974,0.00042432776558615416,0.49512504416037634
oscillations,0.5,8,2,-12.3,10.68,q2,"(100, 100)",0.0004203980868487641,0.26834940867541174,0.00012657697247434982,0.27042175859004974,0.00042432776558615416,0.49512504416037634
oscillations,0.5,8,2,-12.3,10.68,q3,"(100, 100)",0.0012787670193913027,0.27105659033929297,0.00012657697247434982,0.27042175859004974,0.00042432776558615416,0.49512504416037634
oscillations,0.5,8,2,-12.3,10.68,q4,"(100, 100)",-0.0004885072536828446,0.28726317865756723,0.00012657697247434982,0.27042175859004974,0.00042432776558615416,0.49512504416037634
oscillations,0.5,9,2,-12.3,10.68,q1,"(100, 100)",0.0010145894996993982,0.2489499376627668,-0.00031421457672162846,0.2759346422663575,-0.0010521164464142921,0.5049220149976913
oscillations,0.5,9,2,-12.3,10.68,q2,"(100, 100)",-0.00013646228817430553,0.2793056076454471,-0.00031421457672162846,0.2759346422663575,-0.0010521164464142921,0.5049220149976913
oscillations,0.5,9,2,-12.3,10.68,q3,"(100, 100)",-0.0055838991219542234,0.27540911231630183,-0.00031421457672162846,0.2759346422663575,-0.0010521164464142921,0.5049220149976913
oscillations,0.5,9,2,-12.3,10.68,q4,"(100, 100)",0.003448913603542617,0.29778869373139827,-0.00031421457672162846,0.2759346422663575,-0.0010521164464142921,0.5049220149976913
oscillations,0.5,10,2,-12.3,10.68,q1,"(100, 100)",0.0006487978605514888,0.24744555804906204,0.00040515931606812847,0.2703524411933736,0.0013581138559226617,0.49497620745095966
oscillations,0.5,10,2,-12.3,10.68,q2,"(100, 100)",-0.0002313288406083016,0.2768200828034715,0.00040515931606812847,0.2703524411933736,0.0013581138559226617,0.49497620745095966
oscillations,0.5,10,2,-12.3,10.68,q3,"(100, 100)",0.0038165026073877107,0.2770625298674932,0.00040515931606812847,0.2703524411933736,0.0013581138559226617,0.49497620745095966
oscillations,0.5,10,2,-12.3,10.68,q4,"(100, 100)",-0.0026133343630583843,0.27877992914609523,0.00040515931606812847,0.2703524411933736,0.0013581138559226617,0.49497620745095966
oscillations,0.5,11,2,-12.3,10.68,q1,"(100, 100)",0.003282090744211672,0.2559137369210857,0.0004132934454245624,0.27321317623049446,0.0013843357743244418,0.5000252492051354
oscillations,0.5,11,2,-12.3,10.68,q2,"(100, 100)",-0.0022427748232312387,0.2676582847501102,0.0004132934454245624,0.27321317623049446,0.0013843357743244418,0.5000252492051354
oscillations,0.5,11,2,-12.3,10.68,q3,"(100, 100)",0.0014941676947433375,0.2752659356881247,0.0004132934454245624,0.27321317623049446,0.0013843357743244418,0.5000252492051354
oscillations,0.5,11,2,-12.3,10.68,q4,"(100, 100)",-0.0008803098340255202,0.2926764404220121,0.0004132934454245624,0.27321317623049446,0.0013843357743244418,0.5000252492051354
oscillations,0.5,12,2,-12.3,10.68,q1,"(100, 100)",0.000630230450623003,0.24539996172852274,-0.00031147796532196304,0.26931208531737055,-0.001043040486636963,0.4928242607371833
oscillations,0.5,12,2,-12.3,10.68,q2,"(100, 100)",-0.0005230475999493232,0.2821010552854596,-0.00031147796532196304,0.26931208531737055,-0.001043040486636963,0.4928242607371833
oscillations,0.5,12,2,-12.3,10.68,q3,"(100, 100)",-0.002109841390303279,0.26282075005055344,-0.00031147796532196304,0.26931208531737055,-0.001043040486636963,0.4928242607371833
oscillations,0.5,12,2,-12.3,10.68,q4,"(100, 100)",0.0007567466783417472,0.28501543315046685,-0.00031147796532196304,0.26931208531737055,-0.001043040486636963,0.4928242607371833
oscillations,0.5,13,2,-12.3,10.68,q1,"(100, 100)",-0.0005407107532520331,0.2599138176465652,-4.995506242890642e-05,0.2787708227119152,-0.00016736766036990128,0.5102621092662656
oscillations,0.5,13,2,-12.3,10.68,q2,"(100, 100)",-0.00048826996896581855,0.2851614554767911,-4.995506242890642e-05,0.2787708227119152,-0.00016736766036990128,0.5102621092662656
oscillations,0.5,13,2,-12.3,10.68,q3,"(100, 100)",0.0005643949777795372,0.28637085278392255,-4.995506242890642e-05,0.2787708227119152,-0.00016736766036990128,0.5102621092662656
oscillations,0.5,13,2,-12.3,10.68,q4,"(100, 100)",0.00026476549472268863,0.28279190817341476,-4.995506242890642e-05,0.2787708227119152,-0.00016736766036990128,0.5102621092662656
oscillations,0.5,14,2,-12.3,10.68,q1,"(100, 100)",0.002706648704856296,0.25948844033924395,0.0005414790739295507,0.276055996976364,0.0018153686159736843,0.5054600004214967
oscillations,0.5,14,2,-12.3,10.68,q2,"(100, 100)",-0.0010495785058138465,0.2826065699027773,0.0005414790739295507,0.276055996976364,0.0018153686159736843,0.5054600004214967
oscillations,0.5,14,2,-12.3,10.68,q3,"(100, 100)",-0.0006713856948065909,0.2711080966045617,0.0005414790739295507,0.276055996976364,0.0018153686159736843,0.5054600004214967
oscillations,0.5,14,2,-12.3,10.68,q4,"(100, 100)",0.001180231791482346,0.2900314316246913,0.0005414790739295507,0.276055996976364,0.0018153686159736843,0.5054600004214967
oscillations,0.5,15,2,-12.3,10.68,q1,"(100, 100)",0.0019069869500302893,0.2512039001571651,-7.899309368836011e-05,0.2693300204621839,-0.0002647665281996319,0.49308489541383843
oscillations,0.5,15,2,-12.3,10.68,q2,"(100, 100)",-0.001472020022293074,0.26462254624568377,-7.899309368836011e-05,0.2693300204621839,-0.0002647665281996319,0.49308489541383843
oscillations,0.5,15,2,-12.3,10.68,q3,"(100, 100)",-0.0005867158672628277,0.2720123710645471,-7.899309368836011e-05,0.2693300204621839,-0.0002647665281996319,0.49308489541383843
oscillations,0.5,15,2,-12.3,10.68,q4,"(100, 100)",-0.0001642234352278284,0.2881479976563796,-7.899309368836011e-05,0.2693300204621839,-0.0002647665281996319,0.49308489541383843
oscillations,0.5,16,2,-12.3,10.68,q1,"(100, 100)",0.0026780283616672884,0.2677394761846003,0.0001645520224443966,0.2734030645267105,0.0005508017487678536,0.5002063913253756
oscillations,0.5,16,2,-12.3,10.68,q2,"(100, 100)",-0.001355158844935759,0.2688670423063641,0.0001645520224443966,0.2734030645267105,0.0005508017487678536,0.5002063913253756
oscillations,0.5,16,2,-12.3,10.68,q3,"(100, 100)",-0.0008451261529056904,0.2799601595289715,0.0001645520224443966,0.2734030645267105,0.0005508017487678536,0.5002063913253756
oscillations,0.5,16,2,-12.3,10.68,q4,"(100, 100)",0.0001804647259517462,0.2768315218920396,0.0001645520224443966,0.2734030645267105,0.0005508017487678536,0.5002063913253756
oscillations,0.5,17,2,-12.3,10.68,q1,"(100, 100)",0.001598566512534261,0.2641514756404093,0.00016593309564730304,0.26867436857543786,0.0005554710708755648,0.49157553161187584
oscillations,0.5,17,2,-12.3,10.68,q2,"(100, 100)",-3.379755938808522e-05,0.2655193455512343,0.00016593309564730304,0.26867436857543786,0.0005554710708755648,0.49157553161187584
oscillations,0.5,17,2,-12.3,10.68,q3,"(100, 100)",-0.002186496722600071,0.268313700096816,0.00016593309564730304,0.26867436857543786,0.0005554710708755648,0.49157553161187584
oscillations,0.5,17,2,-12.3,10.68,q4,"(100, 100)",0.0012854601520431068,0.276524897821722,0.00016593309564730304,0.26867436857543786,0.0005554710708755648,0.49157553161187584
oscillations,0.5,18,2,-12.3,10.68,q1,"(100, 100)",0.003950236426090917,0.2543426998261303,0.0004867773316379015,0.27355125308270406,0.0016306082627515334,0.5006644317308739
oscillations,0.5,18,2,-12.3,10.68,q2,"(100, 100)",-0.0022864876256908067,0.279974926696414,0.0004867773316379015,0.27355125308270406,0.0016306082627515334,0.5006644317308739
oscillations,0.5,18,2,-12.3,10.68,q3,"(100, 100)",0.0004806867581180881,0.2632113968380837,0.0004867773316379015,0.27355125308270406,0.0016306082627515334,0.5006644317308739
oscillations,0.5,18,2,-12.3,10.68,q4,"(100, 100)",-0.00019732623196659223,0.2948636798781845,0.0004867773316379015,0.27355125308270406,0.0016306082627515334,0.5006644317308739
oscillations,0.5,19,2,-12.3,10.68,q1,"(100, 100)",0.0035133515422416644,0.24080925375530582,0.00048712022548434497,0.26580581525489716,0.0016325772115101632,0.48661057998139434
oscillations,0.5,19,2,-12.3,10.68,q2,"(100, 100)",-0.0013053133582396753,0.2747475339620738,0.00048712022548434497,0.26580581525489716,0.0016325772115101632,0.48661057998139434
oscillations,0.5,19,2,-12.3,10.68,q3,"(100, 100)",-0.0013676585654932806,0.26773649425223806,0.00048712022548434497,0.26580581525489716,0.0016325772115101632,0.48661057998139434
oscillations,0.5,19,2,-12.3,10.68,q4,"(100, 100)",0.0011081012834286714,0.2782743152186397,0.00048712022548434497,0.26580581525489716,0.0016325772115101632,0.48661057998139434
oscillations,0.5,20,2,-12.3,10.68,q1,"(100, 100)",-0.0012594005106696012,0.26222776827843935,5.272340886591127e-05,0.2728410482397133,0.00017658346769123693,0.4993246081486891
oscillations,0.5,20,2,-12.3,10.68,q2,"(100, 100)",0.0007811353578704047,0.27920615678544775,5.272340886591127e-05,0.2728410482397133,0.00017658346769123693,0.4993246081486891
oscillations,0.5,20,2,-12.3,10.68,q3,"(100, 100)",-0.0020569472317728595,0.2752503247401876,5.272340886591127e-05,0.2728410482397133,0.00017658346769123693,0.4993246081486891
oscillations,0.5,20,2,-12.3,10.68,q4,"(100, 100)",0.002746106020035701,0.2743588369857307,5.272340886591127e-05,0.2728410482397133,0.00017658346769123693,0.4993246081486891
oscillations,0.5,21,2,-12.3,10.68,q1,"(100, 100)",0.0016110246216286548,0.27842751684002676,-8.279122536044805e-05,0.27784237957028735,-0.0002774504871328679,0.5086265602372954
oscillations,0.5,21,2,-12.3,10.68,q2,"(100, 100)",-0.0006533932339752422,0.2664472507298377,-8.279122536044805e-05,0.27784237957028735,-0.0002774504871328679,0.5086265602372954
oscillations,0.5,21,2,-12.3,10.68,q3,"(100, 100)",-0.0037241457639961154,0.28430967366583565,-8.279122536044805e-05,0.27784237957028735,-0.0002774504871328679,0.5086265602372954
oscillations,0.5,21,2,-12.3,10.68,q4,"(100, 100)",0.0024353494749009114,0.28180622127929333,-8.279122536044805e-05,0.27784237957028735,-0.0002774504871328679,0.5086265602372954
oscillations,0.5,22,2,-12.3,10.68,q1,"(100, 100)",-0.002799750401473886,0.26823034328996975,-0.0003635170329447922,0.27733543352089035,-0.0012167934157147854,0.5074000757185934
oscillations,0.5,22,2,-12.3,10.68,q2,"(100, 100)",0.0013998628946545399,0.2870822869892198,-0.0003635170329447922,0.27733543352089035,-0.0012167934157147854,0.5074000757185934
oscillations,0.5,22,2,-12.3,10.68,q3,"(100, 100)",0.001122671177682631,0.2744369864893779,-0.0003635170329447922,0.27733543352089035,-0.0012167934157147854,0.5074000757185934
oscillations,0.5,22,2,-12.3,10.68,q4,"(100, 100)",-0.0011768518026424527,0.2792282930085238,-0.0003635170329447922,0.27733543352089035,-0.0012167934157147854,0.5074000757185934
oscillations,0.5,23,2,-12.3,10.68,q1,"(100, 100)",0.005808594817693546,0.26284463252268353,0.0009021555337562667,0.2734217691597988,0.0030187570144094575,0.5001507363440917
oscillations,0.5,23,2,-12.3,10.68,q2,"(100, 100)",-0.0035302155043164503,0.26876039653254147,0.0009021555337562667,0.2734217691597988,0.0030187570144094575,0.5001507363440917
oscillations,0.5,23,2,-12.3,10.68,q3,"(100, 100)",0.00280291002886374,0.2756080207553311,0.0009021555337562667,0.2734217691597988,0.0030187570144094575,0.5001507363440917
oscillations,0.5,23,2,-12.3,10.68,q4,"(100, 100)",-0.0014726672072157712,0.28584200355571415,0.0009021555337562667,0.2734217691597988,0.0030187570144094575,0.5001507363440917
oscillations,0.5,24,2,-12.3,10.68,q1,"(100, 100)",0.0038811268567330586,0.2569011522325062,0.00015066967637432165,0.27427186920907265,0.0005044180662012778,0.5018379508295612
oscillations,0.5,24,2,-12.3,10.68,q2,"(100, 100)",-0.002710944809136298,0.2781073193906832,0.00015066967637432165,0.27427186920907265,0.0005044180662012778,0.5018379508295612
oscillations,0.5,24,2,-12.3,10.68,q3,"(100, 100)",0.001025687320090959,0.27659066952187605,0.00015066967637432165,0.27427186920907265,0.0005044180662012778,0.5018379508295612
oscillations,0.5,24,2,-12.3,10.68,q4,"(100, 100)",-0.0015931906621904329,0.2846577585823698,0.00015066967637432165,0.27427186920907265,0.0005044180662012778,0.5018379508295612
oscillations,0.5,25,2,-12.3,10.68,q1,"(100, 100)",-0.0007660588446524949,0.2565294327037311,0.0003034562597181014,0.27584925144920014,0.0010160082354335027,0.504744687394866
oscillations,0.5,25,2,-12.3,10.68,q2,"(100, 100)",0.0007550170304092583,0.2637903618087306,0.0003034562597181014,0.27584925144920014,0.0010160082354335027,0.504744687394866
oscillations,0.5,25,2,-12.3,10.68,q3,"(100, 100)",0.00048092359266133127,0.29701068096281646,0.0003034562597181014,0.27584925144920014,0.0010160082354335027,0.504744687394866
oscillations,0.5,25,2,-12.3,10.68,q4,"(100, 100)",0.0007439432604543104,0.28418588173011156,0.0003034562597181014,0.27584925144920014,0.0010160082354335027,0.504744687394866
oscillations,0.5,26,2,-12.3,10.68,q1,"(100, 100)",-0.0016345742794719473,0.2632217574829555,-0.00023648826430931811,0.26914767441819215,-0.0007928531198032627,0.4928126078289897
oscillations,0.5,26,2,-12.3,10.68,q2,"(100, 100)",0.0008038531156348498,0.26425113746293777,-0.00023648826430931811,0.26914767441819215,-0.0007928531198032627,0.4928126078289897
oscillations,0.5,26,2,-12.3,10.68,q3,"(100, 100)",-0.00044836759564795,0.26340033394738277,-0.00023648826430931811,0.26914767441819215,-0.0007928531198032627,0.4928126078289897
oscillations,0.5,26,2,-12.3,10.68,q4,"(100, 100)",0.00033313570224777564,0.2850690847380905,-0.00023648826430931811,0.26914767441819215,-0.0007928531198032627,0.4928126078289897
oscillations,0.5,27,2,-12.3,10.68,q1,"(100, 100)",0.002086284605580112,0.2620372249985346,-0.0002477745205878681,0.27037603850158715,-0.0008299958817113073,0.4948543799299734
oscillations,0.5,27,2,-12.3,10.68,q2,"(100, 100)",-0.0011839702623455948,0.2648212890783765,-0.0002477745205878681,0.27037603850158715,-0.0008299958817113073,0.4948543799299734
oscillations,0.5,27,2,-12.3,10.68,q3,"(100, 100)",-0.0016542571568674532,0.27835879525561863,-0.0002477745205878681,0.27037603850158715,-0.0008299958817113073,0.4948543799299734
oscillations,0.5,27,2,-12.3,10.68,q4,"(100, 100)",-0.00023915526871853547,0.2759113351981989,-0.0002477745205878681,0.27037603850158715,-0.0008299958817113073,0.4948543799299734
oscillations,0.5,28,2,-12.3,10.68,q1,"(100, 100)",1.3181427250265543e-05,0.26363413587661233,-0.00019547004226152763,0.2707899231145922,-0.0006554998063766849,0.49588207873508416
oscillations,0.5,28,2,-12.3,10.68,q2,"(100, 100)",-2.7112197804585937e-05,0.2732456794238465,-0.00019547004226152763,0.2707899231145922,-0.0006554998063766849,0.49588207873508416
oscillations,0.5,28,2,-12.3,10.68,q3,"(100, 100)",-0.0014764019006507313,0.2663170536389275,-0.00019547004226152763,0.2707899231145922,-0.0006554998063766849,0.49588207873508416
oscillations,0.5,28,2,-12.3,10.68,q4,"(100, 100)",0.0007084525021589424,0.27966992708782334,-0.00019547004226152763,0.2707899231145922,-0.0006554998063766849,0.49588207873508416
oscillations,0.5,29,2,-12.3,10.68,q1,"(100, 100)",0.0014436289123522228,0.25608997978919007,6.875667544732034e-06,0.27111514997731084,2.3049505681298958e-05,0.49639472723799244
oscillations,0.5,29,2,-12.3,10.68,q2,"(100, 100)",-0.0011576940720083911,0.27624492039045645,6.875667544732034e-06,0.27111514997731084,2.3049505681298958e-05,0.49639472723799244
oscillations,0.5,29,2,-12.3,10.68,q3,"(100, 100)",0.002381036917238999,0.2646434772396041,6.875667544732034e-06,0.27111514997731084,2.3049505681298958e-05,0.49639472723799244
oscillations,0.5,29,2,-12.3,10.68,q4,"(100, 100)",-0.0026394690874039037,0.286475363842489,6.875667544732034e-06,0.27111514997731084,2.3049505681298958e-05,0.49639472723799244
oscillations,0.5,30,2,-12.3,10.68,q1,"(100, 100)",0.000729076012755641,0.2635776789538041,-0.00019955209636275494,0.2704527796063451,-0.0006682923521860524,0.4949328384711523
oscillations,0.5,30,2,-12.3,10.68,q2,"(100, 100)",-0.000517208067390576,0.2672910722663109,-0.00019955209636275494,0.2704527796063451,-0.0006682923521860524,0.4949328384711523
oscillations,0.5,30,2,-12.3,10.68,q3,"(100, 100)",-0.0015940908626538913,0.26637969324939187,-0.00019955209636275494,0.2704527796063451,-0.0006682923521860524,0.4949328384711523
oscillations,0.5,30,2,-12.3,10.68,q4,"(100, 100)",0.0005840145318378071,0.2840764877371792,-0.00019955209636275494,0.2704527796063451,-0.0006682923521860524,0.4949328384711523
oscillations,0.5,31,2,-12.3,10.68,q1,"(100, 100)",-4.0110117310635165e-05,0.26244508799363914,1.825422663241838e-05,0.2779888107975133,6.115831018483387e-05,0.5088307312945605
oscillations,0.5,31,2,-12.3,10.68,q2,"(100, 100)",0.0014329703546400645,0.27979140515784706,1.825422663241838e-05,0.2779888107975133,6.115831018483387e-05,0.5088307312945605
oscillations,0.5,31,2,-12.3,10.68,q3,"(100, 100)",-0.000716807705716425,0.2916433713201537,1.825422663241838e-05,0.2779888107975133,6.115831018483387e-05,0.5088307312945605
oscillations,0.5,31,2,-12.3,10.68,q4,"(100, 100)",-0.0006030356250833295,0.27729347976835345,1.825422663241838e-05,0.2779888107975133,6.115831018483387e-05,0.5088307312945605
oscillations,0.5,32,2,-12.3,10.68,q1,"(100, 100)",0.0032986955094528683,0.2629328286120808,-0.0001376374873871762,0.27346377397111654,-0.00046086551946149874,0.5004012827566184
oscillations,0.5,32,2,-12.3,10.68,q2,"(100, 100)",-0.0032595224798068223,0.27334851026402257,-0.0001376374873871762,0.27346377397111654,-0.00046086551946149874,0.5004012827566184
oscillations,0.5,32,2,-12.3,10.68,q3,"(100, 100)",-0.003932513045628925,0.28076839388978975,-0.0001376374873871762,0.27346377397111654,-0.00046086551946149874,0.5004012827566184
oscillations,0.5,32,2,-12.3,10.68,q4,"(100, 100)",0.0033427900664341733,0.2764013427216124,-0.0001376374873871762,0.27346377397111654,-0.00046086551946149874,0.5004012827566184
oscillations,0.5,33,2,-12.3,10.68,q1,"(100, 100)",-0.0006308266412851764,0.2788878189610622,0.0002716082371492155,0.27645525610660426,0.0009096817789473858,0.5059383947591135
oscillations,0.5,33,2,-12.3,10.68,q2,"(100, 100)",-2.358957432925095e-05,0.27235399992897513,0.0002716082371492155,0.27645525610660426,0.0009096817789473858,0.5059383947591135
oscillations,0.5,33,2,-12.3,10.68,q3,"(100, 100)",0.002395423881268559,0.280636965776958,0.0002716082371492155,0.27645525610660426,0.0009096817789473858,0.5059383947591135
oscillations,0.5,33,2,-12.3,10.68,q4,"(100, 100)",-0.00065457471705727,0.27384583468621926,0.0002716082371492155,0.27645525610660426,0.0009096817789473858,0.5059383947591135
oscillations,0.5,34,2,-12.3,10.68,q1,"(100, 100)",0.00334735225754926,0.2546441669686522,0.0003734926344745292,0.2705811829574114,0.0012510220548468574,0.49520848949222596
oscillations,0.5,34,2,-12.3,10.68,q2,"(100, 100)",-0.0020618787768095824,0.25976959452026405,0.0003734926344745292,0.2705811829574114,0.0012510220548468574,0.49520848949222596
oscillations,0.5,34,2,-12.3,10.68,q3,"(100, 100)",0.000713122859789253,0.29125739752435026,0.0003734926344745292,0.2705811829574114,0.0012510220548468574,0.49520848949222596
oscillations,0.5,34,2,-12.3,10.68,q4,"(100, 100)",-0.0005046258026308149,0.2751113944311319,0.0003734926344745292,0.2705811829574114,0.0012510220548468574,0.49520848949222596
oscillations,0.5,35,2,-12.3,10.68,q1,"(100, 100)",-0.0003015276406175867,0.2644975697170362,-0.0001071517626713867,0.2743678475500271,-0.0003587570525533994,0.5020346608892571
oscillations,0.5,35,2,-12.3,10.68,q2,"(100, 100)",0.0006779379371004217,0.2694079071202001,-0.0001071517626713867,0.2743678475500271,-0.0003587570525533994,0.5020346608892571
oscillations,0.5,35,2,-12.3,10.68,q3,"(100, 100)",-0.0004759559293691211,0.2883475457676081,-0.0001071517626713867,0.2743678475500271,-0.0003587570525533994,0.5020346608892571
oscillations,0.5,35,2,-12.3,10.68,q4,"(100, 100)",-0.0003290614177992614,0.2746381832764792,-0.0001071517626713867,0.2743678475500271,-0.0003587570525533994,0.5020346608892571
oscillations,0.5,36,2,-12.3,10.68,q1,"(100, 100)",0.0028776696641623686,0.25607233041019867,0.00035564464612097504,0.27635841825365004,0.0011903427198426079,0.50559145666916
oscillations,0.5,36,2,-12.3,10.68,q2,"(100, 100)",-0.001103917646551281,0.2689144967576637,0.00035564464612097504,0.27635841825365004,0.0011903427198426079,0.50559145666916
oscillations,0.5,36,2,-12.3,10.68,q3,"(100, 100)",-0.0007175459400067598,0.2929348362634068,0.00035564464612097504,0.27635841825365004,0.0011903427198426079,0.50559145666916
oscillations,0.5,36,2,-12.3,10.68,q4,"(100, 100)",0.0003663725068795733,0.28598495643727856,0.00035564464612097504,0.27635841825365004,0.0011903427198426079,0.50559145666916
oscillations,0.5,37,2,-12.3,10.68,q1,"(100, 100)",0.0010056487185066795,0.2694155101028163,0.0007034225975189974,0.2769641318180182,0.0023555382085190366,0.5068239838620954
oscillations,0.5,37,2,-12.3,10.68,q2,"(100, 100)",0.00047015020013190184,0.2671288902083621,0.0007034225975189974,0.2769641318180182,0.0023555382085190366,0.5068239838620954
oscillations,0.5,37,2,-12.3,10.68,q3,"(100, 100)",0.0020016136229612683,0.28299370864591056,0.0007034225975189974,0.2769641318180182,0.0023555382085190366,0.5068239838620954
oscillations,0.5,37,2,-12.3,10.68,q4,"(100, 100)",-0.0006637221515238606,0.28775826819122496,0.0007034225975189974,0.2769641318180182,0.0023555382085190366,0.5068239838620954
oscillations,0.5,38,2,-12.3,10.68,q1,"(100, 100)",0.005140970341113183,0.2677954853952419,0.0004695903276087525,0.27521813714788906,0.001573825982769175,0.5038419781291368
oscillations,0.5,38,2,-12.3,10.68,q2,"(100, 100)",-0.0022905613982706916,0.26742191503473756,0.0004695903276087525,0.27521813714788906,0.001573825982769175,0.5038419781291368
oscillations,0.5,38,2,-12.3,10.68,q3,"(100, 100)",-0.0010730344827349267,0.2830003345613976,0.0004695903276087525,0.27521813714788906,0.001573825982769175,0.5038419781291368
oscillations,0.5,38,2,-12.3,10.68,q4,"(100, 100)",0.00010098685032744425,0.28218795911807637,0.0004695903276087525,0.27521813714788906,0.001573825982769175,0.5038419781291368
oscillations,0.5,39,2,-12.3,10.68,q1,"(100, 100)",0.002433500547643367,0.25183343542313136,0.0003311573556102172,0.2728078640101229,0.001108847666533458,0.4992003420569644
oscillations,0.5,39,2,-12.3,10.68,q2,"(100, 100)",-0.0011406652306105408,0.2776829256138398,0.0003311573556102172,0.2728078640101229,0.001108847666533458,0.4992003420569644
oscillations,0.5,39,2,-12.3,10.68,q3,"(100, 100)",-0.000667240410019458,0.26792265784726366,0.0003311573556102172,0.2728078640101229,0.001108847666533458,0.4992003420569644
oscillations,0.5,39,2,-12.3,10.68,q4,"(100, 100)",0.0006990345154275003,0.2921957690664217,0.0003311573556102172,0.2728078640101229,0.001108847666533458,0.4992003420569644
oscillations,0.5,40,2,-12.3,10.68,q1,"(100, 100)",0.0009040649075914312,0.26673451756303096,0.0002110097369129116,0.2718729889849926,0.0007072556960379158,0.4977402174212576
oscillations,0.5,40,2,-12.3,10.68,q2,"(100, 100)",0.0002331617526673412,0.255523343742361,0.0002110097369129116,0.2718729889849926,0.0007072556960379158,0.4977402174212576
oscillations,0.5,40,2,-12.3,10.68,q3,"(100, 100)",-0.0007533428614124044,0.28247348843521997,0.0002110097369129116,0.2718729889849926,0.0007072556960379158,0.4977402174212576
oscillations,0.5,40,2,-12.3,10.68,q4,"(100, 100)",0.00046015514880527915,0.28182878129701733,0.0002110097369129116,0.2718729889849926,0.0007072556960379158,0.4977402174212576
oscillations,0.5,41,2,-12.3,10.68,q1,"(100, 100)",0.0027373418867661266,0.25330279830861857,0.0003231064550864681,0.27888347704693145,0.0010821617854357135,0.5103820350483612
oscillations,0.5,41,2,-12.3,10.68,q2,"(100, 100)",-0.0010173017258255973,0.2802822653898419,0.0003231064550864681,0.27888347704693145,0.0010821617854357135,0.5103820350483612
oscillations,0.5,41,2,-12.3,10.68,q3,"(100, 100)",-0.001441374804400061,0.2949451748554114,0.0003231064550864681,0.27888347704693145,0.0010821617854357135,0.5103820350483612
oscillations,0.5,41,2,-12.3,10.68,q4,"(100, 100)",0.0010137604638054036,0.28527118214381864,0.0003231064550864681,0.27888347704693145,0.0010821617854357135,0.5103820350483612
oscillations,0.5,42,2,-12.3,10.68,q1,"(100, 100)",-4.802453449103865e-05,0.2599865083774655,0.00030897616592875525,0.27286755247059263,0.0010351827319834337,0.4994560297879107
oscillations,0.5,42,2,-12.3,10.68,q2,"(100, 100)",0.0005045220632348366,0.27529611775027474,0.00030897616592875525,0.27286755247059263,0.0010351827319834337,0.4994560297879107
oscillations,0.5,42,2,-12.3,10.68,q3,"(100, 100)",-0.0006696027849234028,0.2630891805227311,0.00030897616592875525,0.27286755247059263,0.0010351827319834337,0.4994560297879107
oscillations,0.5,42,2,-12.3,10.68,q4,"(100, 100)",0.0014490099198946262,0.29193754107504555,0.00030897616592875525,0.27286755247059263,0.0010351827319834337,0.4994560297879107
oscillations,0.5,43,2,-12.3,10.68,q1,"(100, 100)",0.002992257574927623,0.2578436445176592,-0.00014304560658998214,0.27516720913329046,-0.0004787736811646962,0.5034129853117918
oscillations,0.5,43,2,-12.3,10.68,q2,"(100, 100)",-0.002994464034616308,0.26210595353237587,-0.00014304560658998214,0.27516720913329046,-0.0004787736811646962,0.5034129853117918
oscillations,0.5,43,2,-12.3,10.68,q3,"(100, 100)",-0.0006531681306155802,0.28555449639130304,-0.00014304560658998214,0.27516720913329046,-0.0004787736811646962,0.5034129853117918
oscillations,0.5,43,2,-12.3,10.68,q4,"(100, 100)",8.31921639443359e-05,0.2934713844698497,-0.00014304560658998214,0.27516720913329046,-0.0004787736811646962,0.5034129853117918
oscillations,0.5,44,2,-12.3,10.68,q1,"(100, 100)",3.9575655295593036e-05,0.24750332546431664,2.6954612480675453e-05,0.26981217359726756,9.028508618548217e-05,0.49380217417403505
oscillations,0.5,44,2,-12.3,10.68,q2,"(100, 100)",0.0007136358762655143,0.2793126727137244,2.6954612480675453e-05,0.26981217359726756,9.028508618548217e-05,0.49380217417403505
oscillations,0.5,44,2,-12.3,10.68,q3,"(100, 100)",-0.00282701914822849,0.27553117720263415,2.6954612480675453e-05,0.26981217359726756,9.028508618548217e-05,0.49380217417403505
oscillations,0.5,44,2,-12.3,10.68,q4,"(100, 100)",0.0021816260665900858,0.27566334858723684,2.6954612480675453e-05,0.26981217359726756,9.028508618548217e-05,0.49380217417403505
oscillations,0.5,45,2,-12.3,10.68,q1,"(100, 100)",0.0025409296551623496,0.26666166248117745,0.0002523014217012675,0.2753057146444147,0.0008456558461580938,0.5040246495621065
oscillations,0.5,45,2,-12.3,10.68,q2,"(100, 100)",-0.0009691638300102359,0.275296282766272,0.0002523014217012675,0.2753057146444147,0.0008456558461580938,0.5040246495621065
oscillations,0.5,45,2,-12.3,10.68,q3,"(100, 100)",-0.0009044214812572688,0.2749639121875514,0.0002523014217012675,0.2753057146444147,0.0008456558461580938,0.5040246495621065
oscillations,0.5,45,2,-12.3,10.68,q4,"(100, 100)",0.00034186134291022354,0.28401273156400175,0.0002523014217012675,0.2753057146444147,0.0008456558461580938,0.5040246495621065
oscillations,0.5,46,2,-12.3,10.68,q1,"(100, 100)",0.0005146058880292795,0.24889820202841462,0.00012567293188507964,0.2693079920222655,0.0004213324344483451,0.4931064727806509
oscillations,0.5,46,2,-12.3,10.68,q2,"(100, 100)",-0.0007865375253583692,0.2679829978136452,0.00012567293188507964,0.2693079920222655,0.0004213324344483451,0.4931064727806509
oscillations,0.5,46,2,-12.3,10.68,q3,"(100, 100)",0.000124234370436149,0.27237718961211127,0.00012567293188507964,0.2693079920222655,0.0004213324344483451,0.4931064727806509
oscillations,0.5,46,2,-12.3,10.68,q4,"(100, 100)",0.0006503889944332595,0.286620627365377,0.00012567293188507964,0.2693079920222655,0.0004213324344483451,0.4931064727806509
oscillations,0.5,47,2,-12.3,10.68,q1,"(100, 100)",-0.0005455380199292565,0.24516079306121782,0.00011688061184294139,0.26994650566050665,0.00039172387714433694,0.4941927824479104
oscillations,0.5,47,2,-12.3,10.68,q2,"(100, 100)",0.0005583721304924989,0.2667731835716419,0.00011688061184294139,0.26994650566050665,0.00039172387714433694,0.4941927824479104
oscillations,0.5,47,2,-12.3,10.68,q3,"(100, 100)",-0.001997470949939081,0.2752007242735111,0.00011688061184294139,0.26994650566050665,0.00039172387714433694,0.4941927824479104
oscillations,0.5,47,2,-12.3,10.68,q4,"(100, 100)",0.002452159286747604,0.2906315904767262,0.00011688061184294139,0.26994650566050665,0.00039172387714433694,0.4941927824479104
oscillations,0.5,48,2,-12.3,10.68,q1,"(100, 100)",0.002950565398075815,0.2627442490434825,0.00027869585193889636,0.2719238747691399,0.0009334980805188293,0.49766633824252343
oscillations,0.5,48,2,-12.3,10.68,q2,"(100, 100)",-0.0016724554752318575,0.2695648814847339,0.00027869585193889636,0.2719238747691399,0.0009334980805188293,0.49766633824252343
oscillations,0.5,48,2,-12.3,10.68,q3,"(100, 100)",-0.0008242284363900698,0.26863205072625645,0.00027869585193889636,0.2719238747691399,0.0009334980805188293,0.49766633824252343
oscillations,0.5,48,2,-12.3,10.68,q4,"(100, 100)",0.0006609019213016965,0.2861732375036438,0.00027869585193889636,0.2719238747691399,0.0009334980805188293,0.49766633824252343
oscillations,0.5,49,2,-12.3,10.68,q1,"(100, 100)",0.0002770324744191761,0.2602302553191332,-0.0005593216607467025,0.2745431494433179,-0.0018742453237721437,0.5025634394707797
oscillations,0.5,49,2,-12.3,10.68,q2,"(100, 100)",-0.0011670648340110323,0.2824992613597775,-0.0005593216607467025,0.2745431494433179,-0.0018742453237721437,0.5025634394707797
oscillations,0.5,49,2,-12.3,10.68,q3,"(100, 100)",-0.00034229445477380747,0.27300693141110766,-0.0005593216607467025,0.2745431494433179,-0.0018742453237721437,0.5025634394707797
oscillations,0.5,49,2,-12.3,10.68,q4,"(100, 100)",-0.0010049598286211452,0.2818440101191521,-0.0005593216607467025,0.2745431494433179,-0.0018742453237721437,0.5025634394707797
oscillations,0.5,0,3,-17.0,8.65,q1,"(100, 100)",0.00019556276698061276,0.27164832515870224,0.00020134483164549683,0.2933937384411633,0.0006744090827181261,0.5369601584054015
oscillations,0.5,0,3,-17.0,8.65,q2,"(100, 100)",0.0004404832775888938,0.29842607322693465,0.00020134483164549683,0.2933937384411633,0.0006744090827181261,0.5369601584054015
oscillations,0.5,0,3,-17.0,8.65,q3,"(100, 100)",-0.0013056368316136987,0.3034029705927133,0.00020134483164549683,0.2933937384411633,0.0006744090827181261,0.5369601584054015
oscillations,0.5,0,3,-17.0,8.65,q4,"(100, 100)",0.0014749701136261802,0.29901721753529076,0.00020134483164549683,0.2933937384411633,0.0006744090827181261,0.5369601584054015
oscillations,0.5,1,3,-17.0,8.65,q1,"(100, 100)",0.000262130920052814,0.2971854096214585,-7.142146926696949e-05,0.29735922641275947,-0.00023920780127930911,0.5441951517817877
oscillations,0.5,1,3,-17.0,8.65,q2,"(100, 100)",-4.622301583536421e-05,0.28459333662836517,-7.142146926696949e-05,0.29735922641275947,-0.00023920780127930911,0.5441951517817877
oscillations,0.5,1,3,-17.0,8.65,q3,"(100, 100)",-0.001984923578145747,0.31550020657180106,-7.142146926696949e-05,0.29735922641275947,-0.00023920780127930911,0.5441951517817877
oscillations,0.5,1,3,-17.0,8.65,q4,"(100, 100)",0.0014833297968604186,0.2912575015432412,-7.142146926696949e-05,0.29735922641275947,-0.00023920780127930911,0.5441951517817877
oscillations,0.5,2,3,-17.0,8.65,q1,"(100, 100)",0.00365767372670001,0.28423381304631423,-5.163812283736102e-06,0.29367147630837115,-1.7300652596484844e-05,0.5375362854517706
oscillations,0.5,2,3,-17.0,8.65,q2,"(100, 100)",-0.0030068958925925384,0.2857500431187021,-5.163812283736102e-06,0.29367147630837115,-1.7300652596484844e-05,0.5375362854517706
oscillations,0.5,2,3,-17.0,8.65,q3,"(100, 100)",0.001599213864419457,0.3086184957717569,-5.163812283736102e-06,0.29367147630837115,-1.7300652596484844e-05,0.5375362854517706
oscillations,0.5,2,3,-17.0,8.65,q4,"(100, 100)",-0.002270646947661871,0.2953883667632471,-5.163812283736102e-06,0.29367147630837115,-1.7300652596484844e-05,0.5375362854517706
oscillations,0.5,3,3,-17.0,8.65,q1,"(100, 100)",0.0032959282701027237,0.28968495231891295,0.0002871383275689005,0.2958974699858308,0.0009615347930310602,0.5414741025789923
oscillations,0.5,3,3,-17.0,8.65,q2,"(100, 100)",-0.001664531541927227,0.296241939174397,0.0002871383275689005,0.2958974699858308,0.0009615347930310602,0.5414741025789923
oscillations,0.5,3,3,-17.0,8.65,q3,"(100, 100)",-0.00271653112829094,0.30759962981892863,0.0002871383275689005,0.2958974699858308,0.0009615347930310602,0.5414741025789923
oscillations,0.5,3,3,-17.0,8.65,q4,"(100, 100)",0.0022336877103910444,0.2896573625313277,0.0002871383275689005,0.2958974699858308,0.0009615347930310602,0.5414741025789923
oscillations,0.5,4,3,-17.0,8.65,q1,"(100, 100)",0.0013471044650754528,0.28699483929956787,6.672404295358496e-05,0.29954108715628747,0.00022351241254027317,0.5482340720131867
oscillations,0.5,4,3,-17.0,8.65,q2,"(100, 100)",-0.000951911740666688,0.2848847482253088,6.672404295358496e-05,0.29954108715628747,0.00022351241254027317,0.5482340720131867
oscillations,0.5,4,3,-17.0,8.65,q3,"(100, 100)",-0.002816334980517916,0.3212770890004987,6.672404295358496e-05,0.29954108715628747,0.00022351241254027317,0.5482340720131867
oscillations,0.5,4,3,-17.0,8.65,q4,"(100, 100)",0.0026880384279234907,0.3035412093853864,6.672404295358496e-05,0.29954108715628747,0.00022351241254027317,0.5482340720131867
oscillations,0.5,5,3,-17.0,8.65,q1,"(100, 100)",0.0026332519789903667,0.28245040759566487,7.271598781436683e-05,0.29147140583272835,0.00024362505340268576,0.5335092375105039
oscillations,0.5,5,3,-17.0,8.65,q2,"(100, 100)",-0.0020122977620029825,0.28093029203718534,7.271598781436683e-05,0.29147140583272835,0.00024362505340268576,0.5335092375105039
oscillations,0.5,5,3,-17.0,8.65,q3,"(100, 100)",-0.002703886482280005,0.29470632318825984,7.271598781436683e-05,0.29147140583272835,0.00024362505340268576,0.5335092375105039
oscillations,0.5,5,3,-17.0,8.65,q4,"(100, 100)",0.0023737962165500874,0.3069959851396018,7.271598781436683e-05,0.29147140583272835,0.00024362505340268576,0.5335092375105039
oscillations,0.5,6,3,-17.0,8.65,q1,"(100, 100)",0.0010285637656251984,0.2744561390376157,0.0005699415973079528,0.29121117338810554,0.0019077543006123946,0.5327851664380896
oscillations,0.5,6,3,-17.0,8.65,q2,"(100, 100)",-2.7828745574168144e-05,0.28407252801390326,0.0005699415973079528,0.29121117338810554,0.0019077543006123946,0.5327851664380896
oscillations,0.5,6,3,-17.0,8.65,q3,"(100, 100)",0.0009586217523062531,0.2954215964295004,0.0005699415973079528,0.29121117338810554,0.0019077543006123946,0.5327851664380896
oscillations,0.5,6,3,-17.0,8.65,q4,"(100, 100)",0.00032040961687452934,0.3097058539284679,0.0005699415973079528,0.29121117338810554,0.0019077543006123946,0.5327851664380896
oscillations,0.5,7,3,-17.0,8.65,q1,"(100, 100)",0.0029686163989374355,0.291119582897301,-6.177766846769086e-05,0.28956679107772104,-0.0002069603633758485,0.530000845503577
oscillations,0.5,7,3,-17.0,8.65,q2,"(100, 100)",-0.0018598295039529773,0.2817864801837578,-6.177766846769086e-05,0.28956679107772104,-0.0002069603633758485,0.530000845503577
oscillations,0.5,7,3,-17.0,8.65,q3,"(100, 100)",-0.0034375046493607107,0.30505131896077553,-6.177766846769086e-05,0.28956679107772104,-0.0002069603633758485,0.530000845503577
oscillations,0.5,7,3,-17.0,8.65,q4,"(100, 100)",0.0020816070805054886,0.2795653070579345,-6.177766846769086e-05,0.28956679107772104,-0.0002069603633758485,0.530000845503577
oscillations,0.5,8,3,-17.0,8.65,q1,"(100, 100)",0.0012806082508866033,0.2851573428278013,-0.000473111301166057,0.29084451636155734,-0.0015857593469618114,0.5324716716252332
oscillations,0.5,8,3,-17.0,8.65,q2,"(100, 100)",-0.0031456945731031874,0.27642967899698934,-0.000473111301166057,0.29084451636155734,-0.0015857593469618114,0.5324716716252332
oscillations,0.5,8,3,-17.0,8.65,q3,"(100, 100)",-0.0015461470758414229,0.30602569047470574,-0.000473111301166057,0.29084451636155734,-0.0015857593469618114,0.5324716716252332
oscillations,0.5,8,3,-17.0,8.65,q4,"(100, 100)",0.0015187881933937796,0.29490166608186313,-0.000473111301166057,0.29084451636155734,-0.0015857593469618114,0.5324716716252332
oscillations,0.5,9,3,-17.0,8.65,q1,"(100, 100)",0.0015009032664841922,0.28407579274838696,0.0003765046187364073,0.2998503501738323,0.0012613220058171103,0.5488220959504762
oscillations,0.5,9,3,-17.0,8.65,q2,"(100, 100)",-0.0005106042072228463,0.29628753255053686,0.0003765046187364073,0.2998503501738323,0.0012613220058171103,0.5488220959504762
oscillations,0.5,9,3,-17.0,8.65,q3,"(100, 100)",0.0013256810356077993,0.32172365276159204,0.0003765046187364073,0.2998503501738323,0.0012613220058171103,0.5488220959504762
oscillations,0.5,9,3,-17.0,8.65,q4,"(100, 100)",-0.0008099616199235165,0.2960491570809046,0.0003765046187364073,0.2998503501738323,0.0012613220058171103,0.5488220959504762
oscillations,0.5,10,3,-17.0,8.65,q1,"(100, 100)",0.0010288105238887917,0.27912516585180575,-0.00036874078305008576,0.29061694868688165,-0.0012352090546858254,0.5318997223820263
oscillations,0.5,10,3,-17.0,8.65,q2,"(100, 100)",-0.0022201607865606618,0.29143113142449567,-0.00036874078305008576,0.29061694868688165,-0.0012352090546858254,0.5318997223820263
oscillations,0.5,10,3,-17.0,8.65,q3,"(100, 100)",-0.0016314336934098875,0.3005178836737661,-0.00036874078305008576,0.29061694868688165,-0.0012352090546858254,0.5318997223820263
oscillations,0.5,10,3,-17.0,8.65,q4,"(100, 100)",0.001347820823881416,0.2909793129941617,-0.00036874078305008576,0.29061694868688165,-0.0012352090546858254,0.5318997223820263
oscillations,0.5,11,3,-17.0,8.65,q1,"(100, 100)",0.0006199422303330009,0.2911446627767217,-0.00019060722684753856,0.29295460172592586,-0.0006387641650386682,0.5362912346596799
oscillations,0.5,11,3,-17.0,8.65,q2,"(100, 100)",-0.0013109539228043656,0.27289360346562036,-0.00019060722684753856,0.29295460172592586,-0.0006387641650386682,0.5362912346596799
oscillations,0.5,11,3,-17.0,8.65,q3,"(100, 100)",-0.0026953123392119017,0.31182247565591714,-0.00019060722684753856,0.29295460172592586,-0.0006387641650386682,0.5362912346596799
oscillations,0.5,11,3,-17.0,8.65,q4,"(100, 100)",0.0026238951242931125,0.2946253515080634,-0.00019060722684753856,0.29295460172592586,-0.0006387641650386682,0.5362912346596799
oscillations,0.5,12,3,-17.0,8.65,q1,"(100, 100)",0.0003217557848016004,0.2923619193094755,-0.0002535028123215475,0.2994671534971871,-0.000850038770463734,0.548373935994541
oscillations,0.5,12,3,-17.0,8.65,q2,"(100, 100)",-0.00040462558963834264,0.2940079913179111,-0.0002535028123215475,0.2994671534971871,-0.000850038770463734,0.548373935994541
oscillations,0.5,12,3,-17.0,8.65,q3,"(100, 100)",-0.001762989874631904,0.302661000180178,-0.0002535028123215475,0.2994671534971871,-0.000850038770463734,0.548373935994541
oscillations,0.5,12,3,-17.0,8.65,q4,"(100, 100)",0.0008318484301824572,0.30854273925113535,-0.0002535028123215475,0.2994671534971871,-0.000850038770463734,0.548373935994541
oscillations,0.5,13,3,-17.0,8.65,q1,"(100, 100)",-0.0017440356023808291,0.29784235764399786,-0.0001027423897582611,0.29739216006446567,-0.0003441091509947629,0.5442553840172558
oscillations,0.5,13,3,-17.0,8.65,q2,"(100, 100)",0.0015980868247313454,0.28438395980237297,-0.0001027423897582611,0.29739216006446567,-0.0003441091509947629,0.5442553840172558
oscillations,0.5,13,3,-17.0,8.65,q3,"(100, 100)",-0.0012525743998960778,0.3115311005505915,-0.0001027423897582611,0.29739216006446567,-0.0003441091509947629,0.5442553840172558
oscillations,0.5,13,3,-17.0,8.65,q4,"(100, 100)",0.0009875536185125163,0.29516835321337487,-0.0001027423897582611,0.29739216006446567,-0.0003441091509947629,0.5442553840172558
oscillations,0.5,14,3,-17.0,8.65,q1,"(100, 100)",0.00037537252485905353,0.27362997244322634,-0.00011794476619132887,0.2933860002596175,-0.0003950917551003401,0.536968674169897
oscillations,0.5,14,3,-17.0,8.65,q2,"(100, 100)",-0.000982495669111211,0.2828002792290204,-0.00011794476619132887,0.2933860002596175,-0.0003950917551003401,0.536968674169897
oscillations,0.5,14,3,-17.0,8.65,q3,"(100, 100)",-0.0023293151330166196,0.3135899143550494,-0.00011794476619132887,0.2933860002596175,-0.0003950917551003401,0.536968674169897
oscillations,0.5,14,3,-17.0,8.65,q4,"(100, 100)",0.0024646592125034633,0.30182914975929953,-0.00011794476619132887,0.2933860002596175,-0.0003950917551003401,0.536968674169897
oscillations,0.5,15,3,-17.0,8.65,q1,"(100, 100)",0.0003487183864569544,0.30052340802992805,1.5830540585139996e-07,0.29320825786510785,5.300700011770741e-07,0.536531145835113
oscillations,0.5,15,3,-17.0,8.65,q2,"(100, 100)",0.00014715150832115978,0.2714274429523239,1.5830540585139996e-07,0.29320825786510785,5.300700011770741e-07,0.536531145835113
oscillations,0.5,15,3,-17.0,8.65,q3,"(100, 100)",0.001605492373309781,0.29954109942758744,1.5830540585139996e-07,0.29320825786510785,5.300700011770741e-07,0.536531145835113
oscillations,0.5,15,3,-17.0,8.65,q4,"(100, 100)",-0.0021007290464644898,0.3002751241562514,1.5830540585139996e-07,0.29320825786510785,5.300700011770741e-07,0.536531145835113
oscillations,0.5,16,3,-17.0,8.65,q1,"(100, 100)",-0.002606454722209356,0.2842851045278173,-0.00019620984221344076,0.29047303209181174,-0.0006575396857018786,0.5317483803427783
oscillations,0.5,16,3,-17.0,8.65,q2,"(100, 100)",0.0023913822363799075,0.27307833916067775,-0.00019620984221344076,0.29047303209181174,-0.0006575396857018786,0.5317483803427783
oscillations,0.5,16,3,-17.0,8.65,q3,"(100, 100)",0.0006834988374789652,0.307919750897199,-0.00019620984221344076,0.29047303209181174,-0.0006575396857018786,0.5317483803427783
oscillations,0.5,16,3,-17.0,8.65,q4,"(100, 100)",-0.0012532657205032809,0.29543114317056346,-0.00019620984221344076,0.29047303209181174,-0.0006575396857018786,0.5317483803427783
oscillations,0.5,17,3,-17.0,8.65,q1,"(100, 100)",0.0014382556772537137,0.28896673765266434,3.0199088912375716e-05,0.2917977388229493,0.00010115253362041673,0.5340394979407106
oscillations,0.5,17,3,-17.0,8.65,q2,"(100, 100)",-0.0014502395836550747,0.2758248414694531,3.0199088912375716e-05,0.2917977388229493,0.00010115253362041673,0.5340394979407106
oscillations,0.5,17,3,-17.0,8.65,q3,"(100, 100)",-0.0019534051056382955,0.29951695799939565,3.0199088912375716e-05,0.2917977388229493,0.00010115253362041673,0.5340394979407106
oscillations,0.5,17,3,-17.0,8.65,q4,"(100, 100)",0.0020861853676891608,0.3021255015238895,3.0199088912375716e-05,0.2917977388229493,0.00010115253362041673,0.5340394979407106
oscillations,0.5,18,3,-17.0,8.65,q1,"(100, 100)",-0.0019651091651208662,0.29118507654195386,-0.0004775061168608664,0.29348594347256884,-0.0015996854836209942,0.537172519282463
oscillations,0.5,18,3,-17.0,8.65,q2,"(100, 100)",0.0010105288872963763,0.2750922326597919,-0.0004775061168608664,0.29348594347256884,-0.0015996854836209942,0.537172519282463
oscillations,0.5,18,3,-17.0,8.65,q3,"(100, 100)",-0.0038155818845282494,0.3125071603878471,-0.0004775061168608664,0.29348594347256884,-0.0015996854836209942,0.537172519282463
oscillations,0.5,18,3,-17.0,8.65,q4,"(100, 100)",0.0028601376949092747,0.29391168005494367,-0.0004775061168608664,0.29348594347256884,-0.0015996854836209942,0.537172519282463
oscillations,0.5,19,3,-17.0,8.65,q1,"(100, 100)",-0.0019267360888269188,0.28222509708810156,0.00019025993741506088,0.29081652116977197,0.0006369066446231845,0.5320875189423793
oscillations,0.5,19,3,-17.0,8.65,q2,"(100, 100)",0.0022302580093491436,0.27905615929416694,0.00019025993741506088,0.29081652116977197,0.0006369066446231845,0.5320875189423793
oscillations,0.5,19,3,-17.0,8.65,q3,"(100, 100)",-0.00017272200267017367,0.30252980849136485,0.00019025993741506088,0.29081652116977197,0.0006369066446231845,0.5320875189423793
oscillations,0.5,19,3,-17.0,8.65,q4,"(100, 100)",0.0006302398318081909,0.29873131212918924,0.00019025993741506088,0.29081652116977197,0.0006369066446231845,0.5320875189423793
oscillations,0.5,20,3,-17.0,8.65,q1,"(100, 100)",0.003291562726765526,0.29600945256063754,0.0002503054579283552,0.2970818544701427,0.0008381932454695871,0.5436416010439149
oscillations,0.5,20,3,-17.0,8.65,q2,"(100, 100)",-0.0011907205191663515,0.28232779020136156,0.0002503054579283552,0.2970818544701427,0.0008381932454695871,0.5436416010439149
oscillations,0.5,20,3,-17.0,8.65,q3,"(100, 100)",-0.002004997740735181,0.3208037541267954,0.0002503054579283552,0.2970818544701427,0.0008381932454695871,0.5436416010439149
oscillations,0.5,20,3,-17.0,8.65,q4,"(100, 100)",0.0009053773648494271,0.2876943619906989,0.0002503054579283552,0.2970818544701427,0.0008381932454695871,0.5436416010439149
oscillations,0.5,21,3,-17.0,8.65,q1,"(100, 100)",-0.00046500725336539396,0.3006931083046643,0.0002354247672930339,0.3010024520644989,0.0007883625526765481,0.5508161180404478
oscillations,0.5,21,3,-17.0,8.65,q2,"(100, 100)",0.0017823402857738138,0.2937979992852762,0.0002354247672930339,0.3010024520644989,0.0007883625526765481,0.5508161180404478
oscillations,0.5,21,3,-17.0,8.65,q3,"(100, 100)",-0.0017936240390345926,0.3178379486868369,0.0002354247672930339,0.3010024520644989,0.0007883625526765481,0.5508161180404478
oscillations,0.5,21,3,-17.0,8.65,q4,"(100, 100)",0.0014179900757983095,0.2909414617264983,0.0002354247672930339,0.3010024520644989,0.0007883625526765481,0.5508161180404478
oscillations,0.5,22,3,-17.0,8.65,q1,"(100, 100)",-0.000685845210416676,0.2753674608678534,0.0002980527119740367,0.28439335590352594,0.0009989198557990347,0.5206401653480672
oscillations,0.5,22,3,-17.0,8.65,q2,"(100, 100)",0.0008870394245728431,0.28020956978302974,0.0002980527119740367,0.28439335590352594,0.0009989198557990347,0.5206401653480672
oscillations,0.5,22,3,-17.0,8.65,q3,"(100, 100)",0.004155111785475009,0.30293864419102917,0.0002980527119740367,0.28439335590352594,0.0009989198557990347,0.5206401653480672
oscillations,0.5,22,3,-17.0,8.65,q4,"(100, 100)",-0.00316409515173503,0.27816125098256234,0.0002980527119740367,0.28439335590352594,0.0009989198557990347,0.5206401653480672
oscillations,0.5,23,3,-17.0,8.65,q1,"(100, 100)",0.001765364553162977,0.2759206462039131,-0.00013413690973796956,0.29164501867345743,-0.00044970885839567333,0.5340058660548199
oscillations,0.5,23,3,-17.0,8.65,q2,"(100, 100)",-0.0018138287787601444,0.2895288365681733,-0.00013413690973796956,0.29164501867345743,-0.00044970885839567333,0.5340058660548199
oscillations,0.5,23,3,-17.0,8.65,q3,"(100, 100)",0.0026056141877215788,0.30657636917001696,-0.00013413690973796956,0.29164501867345743,-0.00044970885839567333,0.5340058660548199
oscillations,0.5,23,3,-17.0,8.65,q4,"(100, 100)",-0.003093697601076289,0.2936943183353154,-0.00013413690973796956,0.29164501867345743,-0.00044970885839567333,0.5340058660548199
oscillations,0.5,24,3,-17.0,8.65,q1,"(100, 100)",3.399143605550363e-05,0.2753989526301823,0.00011174686055096612,0.2937348751181132,0.0003743299909587676,0.5376072117919517
oscillations,0.5,24,3,-17.0,8.65,q2,"(100, 100)",0.00012786873692540465,0.2954328680613973,0.00011174686055096612,0.2937348751181132,0.0003743299909587676,0.5376072117919517
oscillations,0.5,24,3,-17.0,8.65,q3,"(100, 100)",0.004350558008151056,0.3001269902832085,0.00011174686055096612,0.2937348751181132,0.0003743299909587676,0.5376072117919517
oscillations,0.5,24,3,-17.0,8.65,q4,"(100, 100)",-0.0040654307389281,0.3031235917359603,0.00011174686055096612,0.2937348751181132,0.0003743299909587676,0.5376072117919517
oscillations,0.5,25,3,-17.0,8.65,q1,"(100, 100)",-0.0002933117972014257,0.26357833267249425,-5.7884796515008264e-05,0.2940323607240404,-0.00019390267654303126,0.5381517507704788
oscillations,0.5,25,3,-17.0,8.65,q2,"(100, 100)",0.0004354145276570078,0.30445091502126664,-5.7884796515008264e-05,0.2940323607240404,-0.00019390267654303126,0.5381517507704788
oscillations,0.5,25,3,-17.0,8.65,q3,"(100, 100)",-0.006275570788076371,0.3063616551241415,-5.7884796515008264e-05,0.2940323607240404,-0.00019390267654303126,0.5381517507704788
oscillations,0.5,25,3,-17.0,8.65,q4,"(100, 100)",0.005901928871560755,0.29954011083920484,-5.7884796515008264e-05,0.2940323607240404,-0.00019390267654303126,0.5381517507704788
oscillations,0.5,26,3,-17.0,8.65,q1,"(100, 100)",0.0015900977703192558,0.2949492956440511,-0.00015085038039603667,0.29755658346807956,-0.0005057426213931325,0.5448299898218638
oscillations,0.5,26,3,-17.0,8.65,q2,"(100, 100)",-0.0015024517904287122,0.2844715901294073,-0.00015085038039603667,0.29755658346807956,-0.0005057426213931325,0.5448299898218638
oscillations,0.5,26,3,-17.0,8.65,q3,"(100, 100)",-0.002098179473026852,0.31115410950611566,-0.00015085038039603667,0.29755658346807956,-0.0005057426213931325,0.5448299898218638
oscillations,0.5,26,3,-17.0,8.65,q4,"(100, 100)",0.0014071319715521623,0.2990193169013108,-0.00015085038039603667,0.29755658346807956,-0.0005057426213931325,0.5448299898218638
oscillations,0.5,27,3,-17.0,8.65,q1,"(100, 100)",0.0041914582562418284,0.2941555819068606,0.00045049670410775695,0.30007845372526915,0.0015080649564239912,0.5490322802477035
oscillations,0.5,27,3,-17.0,8.65,q2,"(100, 100)",-0.002607575085204633,0.30258902401205506,0.00045049670410775695,0.30007845372526915,0.0015080649564239912,0.5490322802477035
oscillations,0.5,27,3,-17.0,8.65,q3,"(100, 100)",0.00010064479514510771,0.30389881968754623,0.00045049670410775695,0.30007845372526915,0.0015080649564239912,0.5490322802477035
oscillations,0.5,27,3,-17.0,8.65,q4,"(100, 100)",0.00011745885024872296,0.2995373386184184,0.00045049670410775695,0.30007845372526915,0.0015080649564239912,0.5490322802477035
oscillations,0.5,28,3,-17.0,8.65,q1,"(100, 100)",0.001616291469379414,0.27911624308594496,-9.313838802047061e-05,0.28796479924644497,-0.0003119430227596793,0.5270024437684038
oscillations,0.5,28,3,-17.0,8.65,q2,"(100, 100)",-0.0008689874252138022,0.2833805584144339,-9.313838802047061e-05,0.28796479924644497,-0.0003119430227596793,0.5270024437684038
oscillations,0.5,28,3,-17.0,8.65,q3,"(100, 100)",-0.0003443552149489697,0.30475573561399033,-9.313838802047061e-05,0.28796479924644497,-0.0003119430227596793,0.5270024437684038
oscillations,0.5,28,3,-17.0,8.65,q4,"(100, 100)",-0.0007755023812985254,0.28390909313755536,-9.313838802047061e-05,0.28796479924644497,-0.0003119430227596793,0.5270024437684038
oscillations,0.5,29,3,-17.0,8.65,q1,"(100, 100)",0.002172860193618984,0.28397206069476316,3.481702750189952e-05,0.2950369820647801,0.0001165716163117083,0.5398548578675656
oscillations,0.5,29,3,-17.0,8.65,q2,"(100, 100)",-0.0005798619287237623,0.27993317624273123,3.481702750189952e-05,0.2950369820647801,0.0001165716163117083,0.5398548578675656
oscillations,0.5,29,3,-17.0,8.65,q3,"(100, 100)",-0.0020415488560168453,0.30274296139125556,3.481702750189952e-05,0.2950369820647801,0.0001165716163117083,0.5398548578675656
oscillations,0.5,29,3,-17.0,8.65,q4,"(100, 100)",0.0005878187011292198,0.3122846488223832,3.481702750189952e-05,0.2950369820647801,0.0001165716163117083,0.5398548578675656
oscillations,0.5,30,3,-17.0,8.65,q1,"(100, 100)",0.0045965546923430675,0.28880132207480075,9.343827450430405e-05,0.28446325056754096,0.00031313094673024276,0.520746912780801
oscillations,0.5,30,3,-17.0,8.65,q2,"(100, 100)",-0.004151292212860399,0.2727971462597106,9.343827450430405e-05,0.28446325056754096,0.00031313094673024276,0.520746912780801
oscillations,0.5,30,3,-17.0,8.65,q3,"(100, 100)",-0.0024819362797500384,0.2881504464030165,9.343827450430405e-05,0.28446325056754096,0.00031313094673024276,0.520746912780801
oscillations,0.5,30,3,-17.0,8.65,q4,"(100, 100)",0.002410426898284586,0.2877010610115881,9.343827450430405e-05,0.28446325056754096,0.00031313094673024276,0.520746912780801
oscillations,0.5,31,3,-17.0,8.65,q1,"(100, 100)",0.003992183175671156,0.2920854983131613,9.335417814065284e-05,0.298195578821773,0.0003126919381699988,0.5457485774663868
oscillations,0.5,31,3,-17.0,8.65,q2,"(100, 100)",-0.0024670520000190125,0.2862817817855217,9.335417814065284e-05,0.298195578821773,0.0003126919381699988,0.5457485774663868
oscillations,0.5,31,3,-17.0,8.65,q3,"(100, 100)",-0.0023147583668216313,0.3127690473887005,9.335417814065284e-05,0.298195578821773,0.0003126919381699988,0.5457485774663868
oscillations,0.5,31,3,-17.0,8.65,q4,"(100, 100)",0.0011630439037321001,0.3009286281069742,9.335417814065284e-05,0.298195578821773,0.0003126919381699988,0.5457485774663868
oscillations,0.5,32,3,-17.0,8.65,q1,"(100, 100)",0.0015685339702402122,0.2713368737955157,-0.0001894093796442893,0.2951900400724537,-0.0006347499317838117,0.5403835006447725
oscillations,0.5,32,3,-17.0,8.65,q2,"(100, 100)",-0.0008928780559655388,0.2986741861608914,-0.0001894093796442893,0.2951900400724537,-0.0006347499317838117,0.5403835006447725
oscillations,0.5,32,3,-17.0,8.65,q3,"(100, 100)",-0.0014716750756831587,0.30627756278375823,-0.0001894093796442893,0.2951900400724537,-0.0006347499317838117,0.5403835006447725
oscillations,0.5,32,3,-17.0,8.65,q4,"(100, 100)",3.83816428313283e-05,0.3031624047933529,-0.0001894093796442893,0.2951900400724537,-0.0006347499317838117,0.5403835006447725
oscillations,0.5,33,3,-17.0,8.65,q1,"(100, 100)",-0.0015084271940001969,0.2844284983946491,-0.00026676427047078965,0.29611605340186486,-0.0008940570438903722,0.5421011419194496
oscillations,0.5,33,3,-17.0,8.65,q2,"(100, 100)",0.0016874058984215406,0.29200041101586427,-0.00026676427047078965,0.29611605340186486,-0.0008940570438903722,0.5421011419194496
oscillations,0.5,33,3,-17.0,8.65,q3,"(100, 100)",-0.0028480500050166147,0.3177938345439498,-0.00026676427047078965,0.29611605340186486,-0.0008940570438903722,0.5421011419194496
oscillations,0.5,33,3,-17.0,8.65,q4,"(100, 100)",0.0016020142187121113,0.28907891733161506,-0.00026676427047078965,0.29611605340186486,-0.0008940570438903722,0.5421011419194496
oscillations,0.5,34,3,-17.0,8.65,q1,"(100, 100)",0.0012589398408464965,0.2785861276001168,-1.5987143939873328e-06,0.2918477292063798,-5.355378591364876e-06,0.5341533605011555
oscillations,0.5,34,3,-17.0,8.65,q2,"(100, 100)",-0.0008095847746325882,0.2820811594683245,-1.5987143939873328e-06,0.2918477292063798,-5.355378591364876e-06,0.5341533605011555
oscillations,0.5,34,3,-17.0,8.65,q3,"(100, 100)",-0.00044732432426479923,0.3036320160720523,-1.5987143939873328e-06,0.2918477292063798,-5.355378591364876e-06,0.5341533605011555
oscillations,0.5,34,3,-17.0,8.65,q4,"(100, 100)",-8.425599525058302e-06,0.30220115064743075,-1.5987143939873328e-06,0.2918477292063798,-5.355378591364876e-06,0.5341533605011555
oscillations,0.5,35,3,-17.0,8.65,q1,"(100, 100)",0.003677895042345325,0.2771398114900449,0.0001634597581693963,0.29379095567922164,0.0005480169580735785,0.5379350429178908
oscillations,0.5,35,3,-17.0,8.65,q2,"(100, 100)",-0.0029747812103229107,0.28445110171685567,0.0001634597581693963,0.29379095567922164,0.0005480169580735785,0.5379350429178908
oscillations,0.5,35,3,-17.0,8.65,q3,"(100, 100)",0.001614369376744166,0.29860077437623356,0.0001634597581693963,0.29379095567922164,0.0005480169580735785,0.5379350429178908
oscillations,0.5,35,3,-17.0,8.65,q4,"(100, 100)",-0.0016636441760889966,0.3135977239356718,0.0001634597581693963,0.29379095567922164,0.0005480169580735785,0.5379350429178908
oscillations,0.5,36,3,-17.0,8.65,q1,"(100, 100)",0.003563133447104911,0.2951717937852082,0.00024014982557514673,0.28941276905725294,0.0008037142756865672,0.5294525460375374
oscillations,0.5,36,3,-17.0,8.65,q2,"(100, 100)",-0.003353315725435833,0.26835833844569174,0.00024014982557514673,0.28941276905725294,0.0008037142756865672,0.5294525460375374
oscillations,0.5,36,3,-17.0,8.65,q3,"(100, 100)",-0.00119123297740725,0.301633510846201,0.00024014982557514673,0.28941276905725294,0.0008037142756865672,0.5294525460375374
oscillations,0.5,36,3,-17.0,8.65,q4,"(100, 100)",0.0019420145580387573,0.291349862936849,0.00024014982557514673,0.28941276905725294,0.0008037142756865672,0.5294525460375374
oscillations,0.5,37,3,-17.0,8.65,q1,"(100, 100)",0.0013053890530768438,0.2824861934225162,0.00017091886490709727,0.28828116440104784,0.0005726404720901151,0.5276696404698368
oscillations,0.5,37,3,-17.0,8.65,q2,"(100, 100)",-0.001393195610993447,0.2640380155016981,0.00017091886490709727,0.28828116440104784,0.0005726404720901151,0.5276696404698368
oscillations,0.5,37,3,-17.0,8.65,q3,"(100, 100)",0.0038073075070541064,0.32068534025058826,0.00017091886490709727,0.28828116440104784,0.0005726404720901151,0.5276696404698368
oscillations,0.5,37,3,-17.0,8.65,q4,"(100, 100)",-0.003035825489509114,0.28291919063440923,0.00017091886490709727,0.28828116440104784,0.0005726404720901151,0.5276696404698368
oscillations,0.5,38,3,-17.0,8.65,q1,"(100, 100)",-0.0012414827641200497,0.27861198173834284,-0.00026664612783428395,0.2873609346154118,-0.0008923899860585134,0.525698807857266
oscillations,0.5,38,3,-17.0,8.65,q2,"(100, 100)",0.0008723591960106184,0.27658987101415655,-0.00026664612783428395,0.2873609346154118,-0.0008923899860585134,0.525698807857266
oscillations,0.5,38,3,-17.0,8.65,q3,"(100, 100)",-0.0001856823180436127,0.2997900917103582,-0.00026664612783428395,0.2873609346154118,-0.0008923899860585134,0.525698807857266
oscillations,0.5,38,3,-17.0,8.65,q4,"(100, 100)",-0.0005117786251840897,0.29377239571477337,-0.00026664612783428395,0.2873609346154118,-0.0008923899860585134,0.525698807857266
oscillations,0.5,39,3,-17.0,8.65,q1,"(100, 100)",0.0013571039063528527,0.2904740745437052,8.411874959008945e-05,0.2890887248289616,0.0002816161686979895,0.5289486328654622
oscillations,0.5,39,3,-17.0,8.65,q2,"(100, 100)",-0.0012910766456104914,0.2709441080179815,8.411874959008945e-05,0.2890887248289616,0.0002816161686979895,0.5289486328654622
oscillations,0.5,39,3,-17.0,8.65,q3,"(100, 100)",0.0017283665108037173,0.2989745111839179,8.411874959008945e-05,0.2890887248289616,0.0002816161686979895,0.5289486328654622
oscillations,0.5,39,3,-17.0,8.65,q4,"(100, 100)",-0.0014579187731857215,0.2951421932214875,8.411874959008945e-05,0.2890887248289616,0.0002816161686979895,0.5289486328654622
oscillations,0.5,40,3,-17.0,8.65,q1,"(100, 100)",0.0016823517595145215,0.2887041543281666,-0.00015359645579133744,0.29152312345182224,-0.0005148196942897188,0.5337155368328115
oscillations,0.5,40,3,-17.0,8.65,q2,"(100, 100)",-0.000861640685553783,0.2781427928613388,-0.00015359645579133744,0.29152312345182224,-0.0005148196942897188,0.5337155368328115
oscillations,0.5,40,3,-17.0,8.65,q3,"(100, 100)",-0.003260162512812146,0.30388456004309095,-0.00015359645579133744,0.29152312345182224,-0.0005148196942897188,0.5337155368328115
oscillations,0.5,40,3,-17.0,8.65,q4,"(100, 100)",0.001825065615686056,0.29473065731283327,-0.00015359645579133744,0.29152312345182224,-0.0005148196942897188,0.5337155368328115
oscillations,0.5,41,3,-17.0,8.65,q1,"(100, 100)",0.0006425574675292578,0.2830096066595358,8.952718806571734e-05,0.2919008285771391,0.0003000492268645743,0.5343847595360289
oscillations,0.5,41,3,-17.0,8.65,q2,"(100, 100)",0.0003040243768113223,0.27986806470895,8.952718806571734e-05,0.2919008285771391,0.0003000492268645743,0.5343847595360289
oscillations,0.5,41,3,-17.0,8.65,q3,"(100, 100)",0.00021275180899014076,0.30744804032095513,8.952718806571734e-05,0.2919008285771391,0.0003000492268645743,0.5343847595360289
oscillations,0.5,41,3,-17.0,8.65,q4,"(100, 100)",-0.0008012249010678514,0.2964428204869231,8.952718806571734e-05,0.2919008285771391,0.0003000492268645743,0.5343847595360289
oscillations,0.5,42,3,-17.0,8.65,q1,"(100, 100)",0.0005970237698347352,0.2762111320631762,-0.00010699092997615293,0.28703810976122973,-0.0003585787347336506,0.5254825206158298
oscillations,0.5,42,3,-17.0,8.65,q2,"(100, 100)",-0.00043523433915055047,0.27978637929648387,-0.00010699092997615293,0.28703810976122973,-0.0003585787347336506,0.5254825206158298
oscillations,0.5,42,3,-17.0,8.65,q3,"(100, 100)",-0.0039498706444118115,0.3067385439852675,-0.00010699092997615293,0.28703810976122973,-0.0003585787347336506,0.5254825206158298
oscillations,0.5,42,3,-17.0,8.65,q4,"(100, 100)",0.0033601174938230173,0.28438454949906233,-0.00010699092997615293,0.28703810976122973,-0.0003585787347336506,0.5254825206158298
oscillations,0.5,43,3,-17.0,8.65,q1,"(100, 100)",0.0013243427483722366,0.276258274508086,-0.0004977588876815504,0.2934204033995428,-0.001667673633240809,0.5370749054309669
oscillations,0.5,43,3,-17.0,8.65,q2,"(100, 100)",-0.00170215351829912,0.28444543506583103,-0.0004977588876815504,0.2934204033995428,-0.001667673633240809,0.5370749054309669
oscillations,0.5,43,3,-17.0,8.65,q3,"(100, 100)",5.7643306904983405e-05,0.3140255165615154,-0.0004977588876815504,0.2934204033995428,-0.001667673633240809,0.5370749054309669
oscillations,0.5,43,3,-17.0,8.65,q4,"(100, 100)",-0.0016708680877043026,0.29754968061032927,-0.0004977588876815504,0.2934204033995428,-0.001667673633240809,0.5370749054309669
oscillations,0.5,44,3,-17.0,8.65,q1,"(100, 100)",0.0015850889631769107,0.2815669875625032,0.00027323683229840603,0.2935495997558336,0.0009152129703513854,0.5372451613936696
oscillations,0.5,44,3,-17.0,8.65,q2,"(100, 100)",-0.0007882170800159339,0.2962562911641713,0.00027323683229840603,0.2935495997558336,0.0009152129703513854,0.5372451613936696
oscillations,0.5,44,3,-17.0,8.65,q3,"(100, 100)",-0.00015197761944463553,0.3019800392220239,0.00027323683229840603,0.2935495997558336,0.0009152129703513854,0.5372451613936696
oscillations,0.5,44,3,-17.0,8.65,q4,"(100, 100)",0.00044805306547728404,0.29401140867467296,0.00027323683229840603,0.2935495997558336,0.0009152129703513854,0.5372451613936696
oscillations,0.5,45,3,-17.0,8.65,q1,"(100, 100)",-0.0012819376694563642,0.28324805524571145,-0.0001650905650091627,0.2935032804031623,-0.0005534380322130835,0.5373857813760904
oscillations,0.5,45,3,-17.0,8.65,q2,"(100, 100)",0.0009098947117197893,0.2750848202008059,-0.0001650905650091627,0.2935032804031623,-0.0005534380322130835,0.5373857813760904
oscillations,0.5,45,3,-17.0,8.65,q3,"(100, 100)",-0.0002155963460770021,0.32454138952662626,-0.0001650905650091627,0.2935032804031623,-0.0005534380322130835,0.5373857813760904
oscillations,0.5,45,3,-17.0,8.65,q4,"(100, 100)",-7.272295622307468e-05,0.2886971696865067,-0.0001650905650091627,0.2935032804031623,-0.0005534380322130835,0.5373857813760904
oscillations,0.5,46,3,-17.0,8.65,q1,"(100, 100)",-0.0013103685560650405,0.2793632714222477,0.00021222588648928998,0.3005586071563673,0.0007112723468430321,0.5502343498145016
oscillations,0.5,46,3,-17.0,8.65,q2,"(100, 100)",0.001791742859089943,0.31320063094656275,0.00021222588648928998,0.3005586071563673,0.0007112723468430321,0.5502343498145016
oscillations,0.5,46,3,-17.0,8.65,q3,"(100, 100)",0.0021001523325518533,0.2984703481226871,0.00021222588648928998,0.3005586071563673,0.0007112723468430321,0.5502343498145016
oscillations,0.5,46,3,-17.0,8.65,q4,"(100, 100)",-0.0017326230896195967,0.3100108451619874,0.00021222588648928998,0.3005586071563673,0.0007112723468430321,0.5502343498145016
oscillations,0.5,47,3,-17.0,8.65,q1,"(100, 100)",-6.605834869696086e-05,0.2876029906317,0.00020738068143790253,0.29545545499353704,0.0006947426513832587,0.5407787201565343
oscillations,0.5,47,3,-17.0,8.65,q2,"(100, 100)",0.0013482667800016502,0.27601843045812924,0.00020738068143790253,0.29545545499353704,0.0006947426513832587,0.5407787201565343
oscillations,0.5,47,3,-17.0,8.65,q3,"(100, 100)",-0.0013945217561259471,0.3134342951627499,0.00020738068143790253,0.29545545499353704,0.0006947426513832587,0.5407787201565343
oscillations,0.5,47,3,-17.0,8.65,q4,"(100, 100)",0.0009418360505728688,0.3033620115944207,0.00020738068143790253,0.29545545499353704,0.0006947426513832587,0.5407787201565343
oscillations,0.5,48,3,-17.0,8.65,q1,"(100, 100)",0.0036487329707521445,0.3052705270931857,-0.0001426917859669364,0.29557385613405435,-0.00047778933858006703,0.5408597202114585
oscillations,0.5,48,3,-17.0,8.65,q2,"(100, 100)",-0.003633647877266805,0.28089120157644426,-0.0001426917859669364,0.29557385613405435,-0.00047778933858006703,0.5408597202114585
oscillations,0.5,48,3,-17.0,8.65,q3,"(100, 100)",-0.0009655659439523871,0.3054735828274906,-0.0001426917859669364,0.29557385613405435,-0.00047778933858006703,0.5408597202114585
oscillations,0.5,48,3,-17.0,8.65,q4,"(100, 100)",0.0003797137065993004,0.2898689951927405,-0.0001426917859669364,0.29557385613405435,-0.00047778933858006703,0.5408597202114585
oscillations,0.5,49,3,-17.0,8.65,q1,"(100, 100)",0.0026680936891778887,0.29022739859927876,0.0005417708944253249,0.2889542529488591,0.0018133073196396124,0.5286340970725936
oscillations,0.5,49,3,-17.0,8.65,q2,"(100, 100)",-0.0016708569939376655,0.27602951622638605,0.0005417708944253249,0.2889542529488591,0.0018133073196396124,0.5286340970725936
oscillations,0.5,49,3,-17.0,8.65,q3,"(100, 100)",-0.0006914969803636528,0.2958482342365076,0.0005417708944253249,0.2889542529488591,0.0018133073196396124,0.5286340970725936
oscillations,0.5,49,3,-17.0,8.65,q4,"(100, 100)",0.0018613438628247315,0.29328339122583547,0.0005417708944253249,0.2889542529488591,0.0018133073196396124,0.5286340970725936
oscillations,0.5,0,4,-22.0,7.18,q1,"(100, 100)",0.0005100816262552428,0.2771024537155841,0.0002763043978904811,0.303218894233777,0.0009256428740049604,0.5549880962258149
oscillations,0.5,0,4,-22.0,7.18,q2,"(100, 100)",0.0007353357941307564,0.29795682879232344,0.0002763043978904811,0.303218894233777,0.0009256428740049604,0.5549880962258149
oscillations,0.5,0,4,-22.0,7.18,q3,"(100, 100)",-0.0012424236330418998,0.31351553053443254,0.0002763043978904811,0.303218894233777,0.0009256428740049604,0.5549880962258149
oscillations,0.5,0,4,-22.0,7.18,q4,"(100, 100)",0.0011022238042178258,0.322346874774121,0.0002763043978904811,0.303218894233777,0.0009256428740049604,0.5549880962258149
oscillations,0.5,1,4,-22.0,7.18,q1,"(100, 100)",0.0035011530589540256,0.2733552212782044,-0.00013763148667157837,0.3008897999151086,-0.00046146349261216613,0.5509562733708712
oscillations,0.5,1,4,-22.0,7.18,q2,"(100, 100)",-0.0029839091631411654,0.3013064870464473,-0.00013763148667157837,0.3008897999151086,-0.00046146349261216613,0.5509562733708712
oscillations,0.5,1,4,-22.0,7.18,q3,"(100, 100)",-0.00034131878273033146,0.3139902694050039,-0.00013763148667157837,0.3008897999151086,-0.00046146349261216613,0.5509562733708712
oscillations,0.5,1,4,-22.0,7.18,q4,"(100, 100)",-0.0007264510597688417,0.3130788895915488,-0.00013763148667157837,0.3008897999151086,-0.00046146349261216613,0.5509562733708712
oscillations,0.5,2,4,-22.0,7.18,q1,"(100, 100)",0.00424698986497594,0.2883523300472672,0.0001540401244529789,0.3052099849595174,0.0005161337726687182,0.5586796029781684
oscillations,0.5,2,4,-22.0,7.18,q2,"(100, 100)",-0.0033756055588328704,0.314007208468057,0.0001540401244529789,0.3052099849595174,0.0005161337726687182,0.5586796029781684
oscillations,0.5,2,4,-22.0,7.18,q3,"(100, 100)",-0.0009758451246883349,0.30840912281265326,0.0001540401244529789,0.3052099849595174,0.0005161337726687182,0.5586796029781684
oscillations,0.5,2,4,-22.0,7.18,q4,"(100, 100)",0.0007206213163571823,0.30938317849738356,0.0001540401244529789,0.3052099849595174,0.0005161337726687182,0.5586796029781684
oscillations,0.5,3,4,-22.0,7.18,q1,"(100, 100)",0.0015225261410487631,0.28044390137226854,3.8744821349831105e-05,0.30211498911705525,0.00012975492749441012,0.5528755224693049
oscillations,0.5,3,4,-22.0,7.18,q2,"(100, 100)",-0.0008815666307229031,0.30786496360262194,3.8744821349831105e-05,0.30211498911705525,0.00012975492749441012,0.5528755224693049
oscillations,0.5,3,4,-22.0,7.18,q3,"(100, 100)",-0.0019658048800481297,0.30770444562572874,3.8744821349831105e-05,0.30211498911705525,0.00012975492749441012,0.5528755224693049
oscillations,0.5,3,4,-22.0,7.18,q4,"(100, 100)",0.0014798246551215933,0.31140500894694667,3.8744821349831105e-05,0.30211498911705525,0.00012975492749441012,0.5528755224693049
oscillations,0.5,4,4,-22.0,7.18,q1,"(100, 100)",0.003290781052634276,0.29418389375640563,-9.77785841077794e-06,0.30686240198186593,-3.275390138439991e-05,0.561633916035749
oscillations,0.5,4,4,-22.0,7.18,q2,"(100, 100)",-0.0031224620099879552,0.30443050610699995,-9.77785841077794e-06,0.30686240198186593,-3.275390138439991e-05,0.561633916035749
oscillations,0.5,4,4,-22.0,7.18,q3,"(100, 100)",-0.0005475516368138002,0.30319647570282643,-9.77785841077794e-06,0.30686240198186593,-3.275390138439991e-05,0.561633916035749
oscillations,0.5,4,4,-22.0,7.18,q4,"(100, 100)",0.00034012116052436933,0.3247875330208185,-9.77785841077794e-06,0.30686240198186593,-3.275390138439991e-05,0.561633916035749
oscillations,0.5,5,4,-22.0,7.18,q1,"(100, 100)",0.0020515255022432563,0.2771158575969715,-4.510418373134673e-05,0.30063131015945055,-0.00015116609545487032,0.5503677556791767
oscillations,0.5,5,4,-22.0,7.18,q2,"(100, 100)",-0.001853069111677329,0.3067144673106627,-4.510418373134673e-05,0.30063131015945055,-0.00015116609545487032,0.5503677556791767
oscillations,0.5,5,4,-22.0,7.18,q3,"(100, 100)",-0.0026418308983210243,0.3004271878288157,-4.510418373134673e-05,0.30063131015945055,-0.00015116609545487032,0.5503677556791767
oscillations,0.5,5,4,-22.0,7.18,q4,"(100, 100)",0.00226295777282971,0.3168178430641266,-4.510418373134673e-05,0.30063131015945055,-0.00015116609545487032,0.5503677556791767
oscillations,0.5,6,4,-22.0,7.18,q1,"(100, 100)",0.002013471735901017,0.2970843164793471,0.0002298020699205817,0.31042647364697956,0.0007703723430123429,0.5683709136914407
oscillations,0.5,6,4,-22.0,7.18,q2,"(100, 100)",-0.0005130470057955975,0.3117006725206849,0.0002298020699205817,0.31042647364697956,0.0007703723430123429,0.5683709136914407
oscillations,0.5,6,4,-22.0,7.18,q3,"(100, 100)",-0.0031500870940701356,0.3159666977172147,0.0002298020699205817,0.31042647364697956,0.0007703723430123429,0.5683709136914407
oscillations,0.5,6,4,-22.0,7.18,q4,"(100, 100)",0.0025688706436470432,0.3165223523775938,0.0002298020699205817,0.31042647364697956,0.0007703723430123429,0.5683709136914407
oscillations,0.5,7,4,-22.0,7.18,q1,"(100, 100)",0.0031306698485888598,0.3009903524979936,-3.015605385073651e-05,0.30885013978678505,-0.00010110151320337522,0.5655088035381594
oscillations,0.5,7,4,-22.0,7.18,q2,"(100, 100)",-0.0033934534607626033,0.29551347810118966,-3.015605385073651e-05,0.30885013978678505,-0.00010110151320337522,0.5655088035381594
oscillations,0.5,7,4,-22.0,7.18,q3,"(100, 100)",-0.0029785955680151645,0.32901389245065554,-3.015605385073651e-05,0.30885013978678505,-0.00010110151320337522,0.5655088035381594
oscillations,0.5,7,4,-22.0,7.18,q4,"(100, 100)",0.003120754964785961,0.30877202236886275,-3.015605385073651e-05,0.30885013978678505,-0.00010110151320337522,0.5655088035381594
oscillations,0.5,8,4,-22.0,7.18,q1,"(100, 100)",0.0022071310776473033,0.2854796879301087,0.00010026389058988721,0.3102501080519637,0.0003358643014484102,0.5678341850843525
oscillations,0.5,8,4,-22.0,7.18,q2,"(100, 100)",-0.002035311677281518,0.31827490723021123,0.00010026389058988721,0.3102501080519637,0.0003358643014484102,0.5678341850843525
oscillations,0.5,8,4,-22.0,7.18,q3,"(100, 100)",-0.0004670029962569977,0.3142864064477187,0.00010026389058988721,0.3102501080519637,0.0003358643014484102,0.5678341850843525
oscillations,0.5,8,4,-22.0,7.18,q4,"(100, 100)",0.0006962391582507593,0.32161674017926617,0.00010026389058988721,0.3102501080519637,0.0003358643014484102,0.5678341850843525
oscillations,0.5,9,4,-22.0,7.18,q1,"(100, 100)",0.0013610136179193731,0.2909641409958049,-5.500415981264788e-05,0.305656515903725,-0.00018406813289600273,0.5591459425852144
oscillations,0.5,9,4,-22.0,7.18,q2,"(100, 100)",-3.5504891499016364e-05,0.3015517622257314,-5.500415981264788e-05,0.305656515903725,-0.00018406813289600273,0.5591459425852144
oscillations,0.5,9,4,-22.0,7.18,q3,"(100, 100)",-0.00399906010888746,0.31764058314743254,-5.500415981264788e-05,0.305656515903725,-0.00018406813289600273,0.5591459425852144
oscillations,0.5,9,4,-22.0,7.18,q4,"(100, 100)",0.0024535347432165125,0.3117541215720796,-5.500415981264788e-05,0.305656515903725,-0.00018406813289600273,0.5591459425852144
oscillations,0.5,10,4,-22.0,7.18,q1,"(100, 100)",0.0012645847151547204,0.29026922523029486,-0.0001364066024104594,0.30615190809433473,-0.0004570118181102576,0.560380337910144
oscillations,0.5,10,4,-22.0,7.18,q2,"(100, 100)",-0.0007977531811649896,0.3037396947686822,-0.0001364066024104594,0.30615190809433473,-0.0004570118181102576,0.560380337910144
oscillations,0.5,10,4,-22.0,7.18,q3,"(100, 100)",-0.0037919183264797374,0.3224035071644896,-0.0001364066024104594,0.30615190809433473,-0.0004570118181102576,0.560380337910144
oscillations,0.5,10,4,-22.0,7.18,q4,"(100, 100)",0.002779460382848169,0.30730058800963483,-0.0001364066024104594,0.30615190809433473,-0.0004570118181102576,0.560380337910144
oscillations,0.5,11,4,-22.0,7.18,q1,"(100, 100)",0.006611862508045016,0.294218484323024,-7.940972728242426e-05,0.3084818766549051,-0.0002659401449511879,0.564527000951318
oscillations,0.5,11,4,-22.0,7.18,q2,"(100, 100)",-0.006541036538052419,0.29921404787829964,-7.940972728242426e-05,0.3084818766549051,-0.0002659401449511879,0.564527000951318
oscillations,0.5,11,4,-22.0,7.18,q3,"(100, 100)",0.00015589502551217516,0.319411678522993,-7.940972728242426e-05,0.3084818766549051,-0.0002659401449511879,0.564527000951318
oscillations,0.5,11,4,-22.0,7.18,q4,"(100, 100)",-0.0005443599046344697,0.32006263803204926,-7.940972728242426e-05,0.3084818766549051,-0.0002659401449511879,0.564527000951318
oscillations,0.5,12,4,-22.0,7.18,q1,"(100, 100)",0.0010641539229692247,0.2956834563777446,-0.00011565220570226744,0.3028855646049819,-0.00038718515467783024,0.554192813678437
oscillations,0.5,12,4,-22.0,7.18,q2,"(100, 100)",-0.000527258648297525,0.2937851220462113,-0.00011565220570226744,0.3028855646049819,-0.00038718515467783024,0.554192813678437
oscillations,0.5,12,4,-22.0,7.18,q3,"(100, 100)",0.0012326675510703127,0.3186314946533886,-0.00011565220570226744,0.3028855646049819,-0.00038718515467783024,0.554192813678437
oscillations,0.5,12,4,-22.0,7.18,q4,"(100, 100)",-0.0022321716485510833,0.3027975698465595,-0.00011565220570226744,0.3028855646049819,-0.00038718515467783024,0.554192813678437
oscillations,0.5,13,4,-22.0,7.18,q1,"(100, 100)",0.0006868758785374608,0.29112643072449657,-0.00024197147680930705,0.30230266531247546,-0.0008108284386673603,0.5533807503557221
oscillations,0.5,13,4,-22.0,7.18,q2,"(100, 100)",-0.0005100364450359515,0.29153581908904974,-0.00024197147680930705,0.30230266531247546,-0.0008108284386673603,0.5533807503557221
oscillations,0.5,13,4,-22.0,7.18,q3,"(100, 100)",-0.0012039499941474056,0.31501281997210917,-0.00024197147680930705,0.30230266531247546,-0.0008108284386673603,0.5533807503557221
oscillations,0.5,13,4,-22.0,7.18,q4,"(100, 100)",5.922465340866765e-05,0.3107488469117851,-0.00024197147680930705,0.30230266531247546,-0.0008108284386673603,0.5533807503557221
oscillations,0.5,14,4,-22.0,7.18,q1,"(100, 100)",0.0034960512166129377,0.3027628827692943,-5.823532614237577e-05,0.30441675137571084,-0.00019501155677647874,0.5570644536632595
oscillations,0.5,14,4,-22.0,7.18,q2,"(100, 100)",-0.0030010774987912947,0.2893661746262762,-5.823532614237577e-05,0.30441675137571084,-0.00019501155677647874,0.5570644536632595
oscillations,0.5,14,4,-22.0,7.18,q3,"(100, 100)",-0.0024545424326675403,0.3243498189198451,-5.823532614237577e-05,0.30441675137571084,-0.00019501155677647874,0.5570644536632595
oscillations,0.5,14,4,-22.0,7.18,q4,"(100, 100)",0.0017266274102763965,0.30007842565401655,-5.823532614237577e-05,0.30441675137571084,-0.00019501155677647874,0.5570644536632595
oscillations,0.5,15,4,-22.0,7.18,q1,"(100, 100)",0.002334988744039751,0.28864512033024003,-0.00011763110917443714,0.30881866475175795,-0.0003941070748787573,0.5652616037876532
oscillations,0.5,15,4,-22.0,7.18,q2,"(100, 100)",-0.0026375107441416685,0.31078912533069014,-0.00011763110917443714,0.30881866475175795,-0.0003941070748787573,0.5652616037876532
oscillations,0.5,15,4,-22.0,7.18,q3,"(100, 100)",-0.001145027825100347,0.3164120793395062,-0.00011763110917443714,0.30881866475175795,-0.0003941070748787573,0.5652616037876532
oscillations,0.5,15,4,-22.0,7.18,q4,"(100, 100)",0.0009770253885045168,0.3184945242474847,-0.00011763110917443714,0.30881866475175795,-0.0003941070748787573,0.5652616037876532
oscillations,0.5,16,4,-22.0,7.18,q1,"(100, 100)",-0.0009371070584485244,0.28650853224891126,-0.00023715123614012387,0.30360269288765757,-0.0007939445468367051,0.5555046478121751
oscillations,0.5,16,4,-22.0,7.18,q2,"(100, 100)",0.0014150748332604688,0.3001598571013034,-0.00023715123614012387,0.30360269288765757,-0.0007939445468367051,0.5555046478121751
oscillations,0.5,16,4,-22.0,7.18,q3,"(100, 100)",0.0003088166399115662,0.3086222113219903,-0.00023715123614012387,0.30360269288765757,-0.0007939445468367051,0.5555046478121751
oscillations,0.5,16,4,-22.0,7.18,q4,"(100, 100)",-0.001735389359284007,0.3182167024831362,-0.00023715123614012387,0.30360269288765757,-0.0007939445468367051,0.5555046478121751
oscillations,0.5,17,4,-22.0,7.18,q1,"(100, 100)",0.0006994086955468152,0.2830082425859925,-0.0008302645488743685,0.30059082689855715,-0.0027830874009029368,0.5503348328465839
oscillations,0.5,17,4,-22.0,7.18,q2,"(100, 100)",-0.002067331357125667,0.29441525095085125,-0.0008302645488743685,0.30059082689855715,-0.0027830874009029368,0.5503348328465839
oscillations,0.5,17,4,-22.0,7.18,q3,"(100, 100)",-0.002253609468348793,0.3181253729033301,-0.0008302645488743685,0.30059082689855715,-0.0027830874009029368,0.5503348328465839
oscillations,0.5,17,4,-22.0,7.18,q4,"(100, 100)",0.000300473934430171,0.30567048908667266,-0.0008302645488743685,0.30059082689855715,-0.0027830874009029368,0.5503348328465839
oscillations,0.5,18,4,-22.0,7.18,q1,"(100, 100)",-0.00018973198591752736,0.29552899310756625,0.00013675042056344623,0.3038845740998444,0.0004580102840607756,0.5561370527847476
oscillations,0.5,18,4,-22.0,7.18,q2,"(100, 100)",0.0014593721173295465,0.2853813929810149,0.00013675042056344623,0.3038845740998444,0.0004580102840607756,0.5561370527847476
oscillations,0.5,18,4,-22.0,7.18,q3,"(100, 100)",0.0007343193453456317,0.31408871856146464,0.00013675042056344623,0.3038845740998444,0.0004580102840607756,0.5561370527847476
oscillations,0.5,18,4,-22.0,7.18,q4,"(100, 100)",-0.0014569577945038666,0.31929130310020476,0.00013675042056344623,0.3038845740998444,0.0004580102840607756,0.5561370527847476
oscillations,0.5,19,4,-22.0,7.18,q1,"(100, 100)",-0.0003557284867857914,0.2928987608907428,9.767895609264101e-05,0.30325973576435694,0.000327205279600172,0.5550400808823633
oscillations,0.5,19,4,-22.0,7.18,q2,"(100, 100)",0.00015224167789794246,0.287547865705946,9.767895609264101e-05,0.30325973576435694,0.000327205279600172,0.5550400808823633
oscillations,0.5,19,4,-22.0,7.18,q3,"(100, 100)",0.003027789593964155,0.3238507102769698,9.767895609264101e-05,0.30325973576435694,0.000327205279600172,0.5550400808823633
oscillations,0.5,19,4,-22.0,7.18,q4,"(100, 100)",-0.0024335869607057413,0.30740514989554674,9.767895609264101e-05,0.30325973576435694,0.000327205279600172,0.5550400808823633
oscillations,0.5,20,4,-22.0,7.18,q1,"(100, 100)",0.0005602900718278203,0.2979213342931971,-4.195113885231483e-06,0.30402105587031086,-1.40645843105575e-05,0.5566666913728839
oscillations,0.5,20,4,-22.0,7.18,q2,"(100, 100)",-0.00028504659296558403,0.3083891446262988,-4.195113885231483e-06,0.30402105587031086,-1.40645843105575e-05,0.5566666913728839
oscillations,0.5,20,4,-22.0,7.18,q3,"(100, 100)",-0.0034963789025530575,0.3143995960429665,-4.195113885231483e-06,0.30402105587031086,-1.40645843105575e-05,0.5566666913728839
oscillations,0.5,20,4,-22.0,7.18,q4,"(100, 100)",0.003204354968149893,0.2949308902867145,-4.195113885231483e-06,0.30402105587031086,-1.40645843105575e-05,0.5566666913728839
oscillations,0.5,21,4,-22.0,7.18,q1,"(100, 100)",0.0012811672756809684,0.2943373193953588,-0.00010749238600927071,0.3068795284947531,-0.00035995775976315,0.561571131760687
oscillations,0.5,21,4,-22.0,7.18,q2,"(100, 100)",-0.0005715818897365497,0.2904611035692177,-0.00010749238600927071,0.3068795284947531,-0.00035995775976315,0.561571131760687
oscillations,0.5,21,4,-22.0,7.18,q3,"(100, 100)",0.00220051726546333,0.32941237801619055,-0.00010749238600927071,0.3068795284947531,-0.00035995775976315,0.561571131760687
oscillations,0.5,21,4,-22.0,7.18,q4,"(100, 100)",-0.0033400721954448295,0.31171723522348566,-0.00010749238600927071,0.3068795284947531,-0.00035995775976315,0.561571131760687
oscillations,0.5,22,4,-22.0,7.18,q1,"(100, 100)",0.0008831959523953788,0.2913613161891254,-2.415459372575126e-05,0.30698794635136245,-8.092668975877672e-05,0.5619107490244653
oscillations,0.5,22,4,-22.0,7.18,q2,"(100, 100)",-0.0008932095382018741,0.29934389345638784,-2.415459372575126e-05,0.30698794635136245,-8.092668975877672e-05,0.5619107490244653
oscillations,0.5,22,4,-22.0,7.18,q3,"(100, 100)",-0.0008356256707560206,0.3147534275955889,-2.415459372575126e-05,0.30698794635136245,-8.092668975877672e-05,0.5619107490244653
oscillations,0.5,22,4,-22.0,7.18,q4,"(100, 100)",0.0007490208816595107,0.32155195332747233,-2.415459372575126e-05,0.30698794635136245,-8.092668975877672e-05,0.5619107490244653
oscillations,0.5,23,4,-22.0,7.18,q1,"(100, 100)",0.0037048662119195243,0.28891690729712094,4.4461576073592956e-05,0.311884262818508,0.00014895000359662705,0.5708490509952617
oscillations,0.5,23,4,-22.0,7.18,q2,"(100, 100)",-0.0019935842416361777,0.3152624311502295,4.4461576073592956e-05,0.311884262818508,0.00014895000359662705,0.5708490509952617
oscillations,0.5,23,4,-22.0,7.18,q3,"(100, 100)",-0.0018452682122074946,0.3250254875713655,4.4461576073592956e-05,0.311884262818508,0.00014895000359662705,0.5708490509952617
oscillations,0.5,23,4,-22.0,7.18,q4,"(100, 100)",0.0003118325462185181,0.31711359388825466,4.4461576073592956e-05,0.311884262818508,0.00014895000359662705,0.5708490509952617
oscillations,0.5,24,4,-22.0,7.18,q1,"(100, 100)",0.0010648401842531707,0.2986998292184727,9.18128709124255e-06,0.30627159463744436,3.074520583086642e-05,0.5604587294244993
oscillations,0.5,24,4,-22.0,7.18,q2,"(100, 100)",-0.0005550985155046605,0.301948224159671,9.18128709124255e-06,0.30627159463744436,3.074520583086642e-05,0.5604587294244993
oscillations,0.5,24,4,-22.0,7.18,q3,"(100, 100)",-0.0006112635713749442,0.3170648586205126,9.18128709124255e-06,0.30627159463744436,3.074520583086642e-05,0.5604587294244993
oscillations,0.5,24,4,-22.0,7.18,q4,"(100, 100)",0.0001382470509914029,0.30705517691367185,9.18128709124255e-06,0.30627159463744436,3.074520583086642e-05,0.5604587294244993
oscillations,0.5,25,4,-22.0,7.18,q1,"(100, 100)",-0.0015559641122058006,0.30957990181148615,0.00018698400519950544,0.31669004949539037,0.0006265170219450689,0.5796935235238038
oscillations,0.5,25,4,-22.0,7.18,q2,"(100, 100)",0.0012598244292531381,0.3030405667792431,0.00018698400519950544,0.31669004949539037,0.0006265170219450689,0.5796935235238038
oscillations,0.5,25,4,-22.0,7.18,q3,"(100, 100)",0.002129178668857211,0.32601619474768373,0.00018698400519950544,0.31669004949539037,0.0006265170219450689,0.5796935235238038
oscillations,0.5,25,4,-22.0,7.18,q4,"(100, 100)",-0.0010851029651065265,0.32741550155762356,0.00018698400519950544,0.31669004949539037,0.0006265170219450689,0.5796935235238038
oscillations,0.5,26,4,-22.0,7.18,q1,"(100, 100)",0.0016325591128989142,0.2838046512923673,-0.0002488754938894434,0.30710367486607304,-0.0008347324966944287,0.5624284367566835
oscillations,0.5,26,4,-22.0,7.18,q2,"(100, 100)",-0.001489120380942571,0.3105749799439316,-0.0002488754938894434,0.30710367486607304,-0.0008347324966944287,0.5624284367566835
oscillations,0.5,26,4,-22.0,7.18,q3,"(100, 100)",0.0006667259767802012,0.3223658573004281,-0.0002488754938894434,0.30710367486607304,-0.0008347324966944287,0.5624284367566835
oscillations,0.5,26,4,-22.0,7.18,q4,"(100, 100)",-0.0018056666842943194,0.31035573834096897,-0.0002488754938894434,0.30710367486607304,-0.0008347324966944287,0.5624284367566835
oscillations,0.5,27,4,-22.0,7.18,q1,"(100, 100)",-0.0003197115060290264,0.29058040860992446,0.00024080042455881342,0.30435266798261895,0.0008069043295930755,0.5571333964857015
oscillations,0.5,27,4,-22.0,7.18,q2,"(100, 100)",0.0010280927098031362,0.2999050787892786,0.00024080042455881342,0.30435266798261895,0.0008069043295930755,0.5571333964857015
oscillations,0.5,27,4,-22.0,7.18,q3,"(100, 100)",0.0004654630317220413,0.3179813520720608,0.00024080042455881342,0.30435266798261895,0.0008069043295930755,0.5571333964857015
oscillations,0.5,27,4,-22.0,7.18,q4,"(100, 100)",-0.00021064253726089675,0.3082674607198459,0.00024080042455881342,0.30435266798261895,0.0008069043295930755,0.5571333964857015
oscillations,0.5,28,4,-22.0,7.18,q1,"(100, 100)",-0.00025152158178005235,0.2969652010995065,0.0001543686392154041,0.30473499697536094,0.0005170179660567835,0.5576933703531111
oscillations,0.5,28,4,-22.0,7.18,q2,"(100, 100)",0.000951540267672668,0.2961206024406443,0.0001543686392154041,0.30473499697536094,0.0005170179660567835,0.5576933703531111
oscillations,0.5,28,4,-22.0,7.18,q3,"(100, 100)",-0.0039376037132550605,0.30493601510320556,0.0001543686392154041,0.30473499697536094,0.0005170179660567835,0.5576933703531111
oscillations,0.5,28,4,-22.0,7.18,q4,"(100, 100)",0.003855059584224062,0.32025102464271604,0.0001543686392154041,0.30473499697536094,0.0005170179660567835,0.5576933703531111
oscillations,0.5,29,4,-22.0,7.18,q1,"(100, 100)",-0.0011216098932542628,0.2936366403802808,-0.0001394076331130039,0.3022340200828064,-0.00046698813537560975,0.5531626974611205
oscillations,0.5,29,4,-22.0,7.18,q2,"(100, 100)",0.0021822406327472598,0.2833034865481169,-0.0001394076331130039,0.3022340200828064,-0.00046698813537560975,0.5531626974611205
oscillations,0.5,29,4,-22.0,7.18,q3,"(100, 100)",-0.0014371903471311657,0.3170211721041973,-0.0001394076331130039,0.3022340200828064,-0.00046698813537560975,0.5531626974611205
oscillations,0.5,29,4,-22.0,7.18,q4,"(100, 100)",-0.00018107092481384725,0.3136683044355097,-0.0001394076331130039,0.3022340200828064,-0.00046698813537560975,0.5531626974611205
oscillations,0.5,30,4,-22.0,7.18,q1,"(100, 100)",0.0006850251162777383,0.2894276670538641,-0.00017559588159691677,0.3061302308323521,-0.000588113142751123,0.5602467303534795
oscillations,0.5,30,4,-22.0,7.18,q2,"(100, 100)",-0.001082983400248692,0.30190481703234173,-0.00017559588159691677,0.3061302308323521,-0.000588113142751123,0.5602467303534795
oscillations,0.5,30,4,-22.0,7.18,q3,"(100, 100)",-0.0025581673098819652,0.3157221269656547,-0.00017559588159691677,0.3061302308323521,-0.000588113142751123,0.5602467303534795
oscillations,0.5,30,4,-22.0,7.18,q4,"(100, 100)",0.002253742067465253,0.31662971450654,-0.00017559588159691677,0.3061302308323521,-0.000588113142751123,0.5602467303534795
oscillations,0.5,31,4,-22.0,7.18,q1,"(100, 100)",0.0018634682971690934,0.29287710856048077,-0.0002837182291341575,0.3004607878587171,-0.000950559440938629,0.5499628655790774
oscillations,0.5,31,4,-22.0,7.18,q2,"(100, 100)",-0.0021866929904384904,0.29205872135833916,-0.0002837182291341575,0.3004607878587171,-0.000950559440938629,0.5499628655790774
oscillations,0.5,31,4,-22.0,7.18,q3,"(100, 100)",-0.001353663832985114,0.3038368815166963,-0.0002837182291341575,0.3004607878587171,-0.000950559440938629,0.5499628655790774
oscillations,0.5,31,4,-22.0,7.18,q4,"(100, 100)",0.0005420156097178827,0.31257724454897323,-0.0002837182291341575,0.3004607878587171,-0.000950559440938629,0.5499628655790774
oscillations,0.5,32,4,-22.0,7.18,q1,"(100, 100)",0.0004209363965802578,0.2979098555529187,-0.0005902170153550281,0.30961516855926563,-0.0019771108461771316,0.5666697393811857
oscillations,0.5,32,4,-22.0,7.18,q2,"(100, 100)",-0.0013117955517492077,0.3153618032673102,-0.0005902170153550281,0.30961516855926563,-0.0019771108461771316,0.5666697393811857
oscillations,0.5,32,4,-22.0,7.18,q3,"(100, 100)",-0.0016712268634821172,0.31020419612913674,-0.0005902170153550281,0.30961516855926563,-0.0019771108461771316,0.5666697393811857
oscillations,0.5,32,4,-22.0,7.18,q4,"(100, 100)",0.0002012179572309539,0.31466312154083315,-0.0005902170153550281,0.30961516855926563,-0.0019771108461771316,0.5666697393811857
oscillations,0.5,33,4,-22.0,7.18,q1,"(100, 100)",0.002821614587493849,0.2923335242407391,-1.652476948857884e-05,0.3123748865354334,-5.537327465386269e-05,0.5718189038752219
oscillations,0.5,33,4,-22.0,7.18,q2,"(100, 100)",-0.0031067724321130483,0.3238055446577481,-1.652476948857884e-05,0.3123748865354334,-5.537327465386269e-05,0.5718189038752219
oscillations,0.5,33,4,-22.0,7.18,q3,"(100, 100)",0.0012540226488062746,0.318002350414558,-1.652476948857884e-05,0.3123748865354334,-5.537327465386269e-05,0.5718189038752219
oscillations,0.5,33,4,-22.0,7.18,q4,"(100, 100)",-0.0010349638821413904,0.31441629690938455,-1.652476948857884e-05,0.3123748865354334,-5.537327465386269e-05,0.5718189038752219
oscillations,0.5,34,4,-22.0,7.18,q1,"(100, 100)",0.004217426662230548,0.2909075655092316,0.00019423851306273735,0.3055165823713153,0.0006503884582713463,0.5590534366461059
oscillations,0.5,34,4,-22.0,7.18,q2,"(100, 100)",-0.003760355441470395,0.3044363714782763,0.00019423851306273735,0.3055165823713153,0.0006503884582713463,0.5590534366461059
oscillations,0.5,34,4,-22.0,7.18,q3,"(100, 100)",0.0022483244236902217,0.3078234238126625,0.00019423851306273735,0.3055165823713153,0.0006503884582713463,0.5590534366461059
oscillations,0.5,34,4,-22.0,7.18,q4,"(100, 100)",-0.001928441592199423,0.3182090544316606,0.00019423851306273735,0.3055165823713153,0.0006503884582713463,0.5590534366461059
oscillations,0.5,35,4,-22.0,7.18,q1,"(100, 100)",0.0031688602592174725,0.2917207737527453,-0.0005452770494603152,0.30107628602292846,-0.001825042421421856,0.5508111853044514
oscillations,0.5,35,4,-22.0,7.18,q2,"(100, 100)",-0.003943644272657678,0.2986404475076481,-0.0005452770494603152,0.30107628602292846,-0.001825042421421856,0.5508111853044514
oscillations,0.5,35,4,-22.0,7.18,q3,"(100, 100)",-0.003192180473751783,0.3116073361905258,-0.0005452770494603152,0.30107628602292846,-0.001825042421421856,0.5508111853044514
oscillations,0.5,35,4,-22.0,7.18,q4,"(100, 100)",0.0017858562893507293,0.30193323323394605,-0.0005452770494603152,0.30107628602292846,-0.001825042421421856,0.5508111853044514
oscillations,0.5,36,4,-22.0,7.18,q1,"(100, 100)",0.0024742605053546304,0.282014536110232,-0.0003088211019852332,0.3021028158267809,-0.00103535697589551,0.5531536879268315
oscillations,0.5,36,4,-22.0,7.18,q2,"(100, 100)",-0.0022311172392800805,0.304625935063934,-0.0003088211019852332,0.3021028158267809,-0.00103535697589551,0.5531536879268315
oscillations,0.5,36,4,-22.0,7.18,q3,"(100, 100)",0.0006306329596318994,0.3053575831607632,-0.0003088211019852332,0.3021028158267809,-0.00103535697589551,0.5531536879268315
oscillations,0.5,36,4,-22.0,7.18,q4,"(100, 100)",-0.0021090606336473853,0.31539890398521353,-0.0003088211019852332,0.3021028158267809,-0.00103535697589551,0.5531536879268315
oscillations,0.5,37,4,-22.0,7.18,q1,"(100, 100)",0.0036786370301971788,0.29928794939368203,0.00026344883119523504,0.30946445287824,0.0008824278385370428,0.5663721147675868
oscillations,0.5,37,4,-22.0,7.18,q2,"(100, 100)",-0.0030897098545663946,0.3099852091766652,0.00026344883119523504,0.30946445287824,0.0008824278385370428,0.5663721147675868
oscillations,0.5,37,4,-22.0,7.18,q3,"(100, 100)",-0.004802775655863617,0.3105811243328403,0.00026344883119523504,0.30946445287824,0.0008824278385370428,0.5663721147675868
oscillations,0.5,37,4,-22.0,7.18,q4,"(100, 100)",0.005267643805013769,0.3176076718956749,0.00026344883119523504,0.30946445287824,0.0008824278385370428,0.5663721147675868
oscillations,0.5,38,4,-22.0,7.18,q1,"(100, 100)",0.0026532178581235503,0.281973579266445,0.0003330646874099018,0.29813278466069776,0.0011163555803918265,0.5458157684008813
oscillations,0.5,38,4,-22.0,7.18,q2,"(100, 100)",-0.0019241989699133753,0.2908533378339293,0.0003330646874099018,0.29813278466069776,0.0011163555803918265,0.5458157684008813
oscillations,0.5,38,4,-22.0,7.18,q3,"(100, 100)",0.0034266736801894337,0.3184956940914287,0.0003330646874099018,0.29813278466069776,0.0011163555803918265,0.5458157684008813
oscillations,0.5,38,4,-22.0,7.18,q4,"(100, 100)",-0.0028234338187600005,0.2999305689998022,0.0003330646874099018,0.29813278466069776,0.0011163555803918265,0.5458157684008813
oscillations,0.5,39,4,-22.0,7.18,q1,"(100, 100)",-0.000734807597494095,0.2804497406692921,-0.00013669536070503707,0.3009166290327112,-0.00045824794068064704,0.5509592210597342
oscillations,0.5,39,4,-22.0,7.18,q2,"(100, 100)",0.0007405062549576479,0.30248653985788854,-0.00013669536070503707,0.3009166290327112,-0.00045824794068064704,0.5509592210597342
oscillations,0.5,39,4,-22.0,7.18,q3,"(100, 100)",-0.0004452060186501409,0.3173176011070375,-0.00013669536070503707,0.3009166290327112,-0.00045824794068064704,0.5509592210597342
oscillations,0.5,39,4,-22.0,7.18,q4,"(100, 100)",-0.0001072740816335596,0.30226052246246965,-0.00013669536070503707,0.3009166290327112,-0.00045824794068064704,0.5509592210597342
oscillations,0.5,40,4,-22.0,7.18,q1,"(100, 100)",-0.0014702026351171849,0.2900538410863029,-0.00022144803234441955,0.3110552984898621,-0.0007417452096614294,0.5692837761186457
oscillations,0.5,40,4,-22.0,7.18,q2,"(100, 100)",0.0006818015730484016,0.3184376759277616,-0.00022144803234441955,0.3110552984898621,-0.0007417452096614294,0.5692837761186457
oscillations,0.5,40,4,-22.0,7.18,q3,"(100, 100)",0.0007088368300111826,0.32161637674056615,-0.00022144803234441955,0.3110552984898621,-0.0007417452096614294,0.5692837761186457
oscillations,0.5,40,4,-22.0,7.18,q4,"(100, 100)",-0.0008062278973200783,0.3131247902390091,-0.00022144803234441955,0.3110552984898621,-0.0007417452096614294,0.5692837761186457
oscillations,0.5,41,4,-22.0,7.18,q1,"(100, 100)",-0.0025733069224409327,0.29004950917601896,9.99701051368858e-05,0.30566600353320983,0.00033510468494723985,0.5596316389419957
oscillations,0.5,41,4,-22.0,7.18,q2,"(100, 100)",0.0026787199786001085,0.30194577504353065,9.99701051368858e-05,0.30566600353320983,0.00033510468494723985,0.5596316389419957
oscillations,0.5,41,4,-22.0,7.18,q3,"(100, 100)",0.0011834011095984468,0.3079514350369926,9.99701051368858e-05,0.30566600353320983,0.00033510468494723985,0.5596316389419957
oscillations,0.5,41,4,-22.0,7.18,q4,"(100, 100)",-0.0008889337452100788,0.3218335277252562,9.99701051368858e-05,0.30566600353320983,0.00033510468494723985,0.5596316389419957
oscillations,0.5,42,4,-22.0,7.18,q1,"(100, 100)",0.005722978310025464,0.2972612672569222,-0.00010417993977690631,0.30915280298840075,-0.0003491577369984292,0.5659680491626904
oscillations,0.5,42,4,-22.0,7.18,q2,"(100, 100)",-0.0037360608652790973,0.30626777049712495,-0.00010417993977690631,0.30915280298840075,-0.0003491577369984292,0.5659680491626904
oscillations,0.5,42,4,-22.0,7.18,q3,"(100, 100)",-0.0009617569762507804,0.30786742086734886,-0.00010417993977690631,0.30915280298840075,-0.0003491577369984292,0.5659680491626904
oscillations,0.5,42,4,-22.0,7.18,q4,"(100, 100)",-0.0014418802276032108,0.3245082342277261,-0.00010417993977690631,0.30915280298840075,-0.0003491577369984292,0.5659680491626904
oscillations,0.5,43,4,-22.0,7.18,q1,"(100, 100)",-4.812216528073803e-05,0.3096433509377936,-0.0001973855536171163,0.3156595779377183,-0.0006615351608449635,0.5778798559105967
oscillations,0.5,43,4,-22.0,7.18,q2,"(100, 100)",-0.0003972240406682211,0.3244660484090487,-0.0001973855536171163,0.3156595779377183,-0.0006615351608449635,0.5778798559105967
oscillations,0.5,43,4,-22.0,7.18,q3,"(100, 100)",-0.0032512082097695158,0.3170784549561696,-0.0001973855536171163,0.3156595779377183,-0.0006615351608449635,0.5778798559105967
oscillations,0.5,43,4,-22.0,7.18,q4,"(100, 100)",0.00290701220125001,0.3112055322363307,-0.0001973855536171163,0.3156595779377183,-0.0006615351608449635,0.5778798559105967
oscillations,0.5,44,4,-22.0,7.18,q1,"(100, 100)",0.002381988107718557,0.28992874130875085,0.00013297298496089626,0.30831431466737347,0.00044520962571656907,0.5641494355390816
oscillations,0.5,44,4,-22.0,7.18,q2,"(100, 100)",-0.0015135159377914938,0.3106806729262664,0.00013297298496089626,0.30831431466737347,0.00044520962571656907,0.5641494355390816
oscillations,0.5,44,4,-22.0,7.18,q3,"(100, 100)",-0.0006747477106378939,0.3142399116969354,0.00013297298496089626,0.30831431466737347,0.00044520962571656907,0.5641494355390816
oscillations,0.5,44,4,-22.0,7.18,q4,"(100, 100)",0.0003381674805544156,0.3176389858516402,0.00013297298496089626,0.30831431466737347,0.00044520962571656907,0.5641494355390816
oscillations,0.5,45,4,-22.0,7.18,q1,"(100, 100)",0.0014490873882936647,0.29735099448239766,7.533081908598671e-06,0.30614716255281027,2.525549210828577e-05,0.5605596213736026
oscillations,0.5,45,4,-22.0,7.18,q2,"(100, 100)",-0.00010412943753115816,0.294153045437744,7.533081908598671e-06,0.30614716255281027,2.525549210828577e-05,0.5605596213736026
oscillations,0.5,45,4,-22.0,7.18,q3,"(100, 100)",-0.0007812065153005426,0.31413155623444916,7.533081908598671e-06,0.30614716255281027,2.525549210828577e-05,0.5605596213736026
oscillations,0.5,45,4,-22.0,7.18,q4,"(100, 100)",-0.0005336191078275682,0.3182437310790566,7.533081908598671e-06,0.30614716255281027,2.525549210828577e-05,0.5605596213736026
oscillations,0.5,46,4,-22.0,7.18,q1,"(100, 100)",0.003370153922077475,0.29228377189056504,0.0007021409402761053,0.30421730878269115,0.002353610794523105,0.5569758625382435
oscillations,0.5,46,4,-22.0,7.18,q2,"(100, 100)",-0.0016975304120689068,0.31267689952180716,0.0007021409402761053,0.30421730878269115,0.002353610794523105,0.5569758625382435
oscillations,0.5,46,4,-22.0,7.18,q3,"(100, 100)",0.0006613590858415339,0.3080514129262818,0.0007021409402761053,0.30421730878269115,0.002353610794523105,0.5569758625382435
oscillations,0.5,46,4,-22.0,7.18,q4,"(100, 100)",0.0004745811652543189,0.3034591140144371,0.0007021409402761053,0.30421730878269115,0.002353610794523105,0.5569758625382435
oscillations,0.5,47,4,-22.0,7.18,q1,"(100, 100)",0.0008174274173982695,0.292439561386162,0.00020298055826061993,0.3011073449476323,0.0006798310583961154,0.5510543018983995
oscillations,0.5,47,4,-22.0,7.18,q2,"(100, 100)",0.0007750486386058629,0.28741482614276126,0.00020298055826061993,0.3011073449476323,0.0006798310583961154,0.5510543018983995
oscillations,0.5,47,4,-22.0,7.18,q3,"(100, 100)",-0.0015261813443604518,0.3067452303470853,0.00020298055826061993,0.3011073449476323,0.0006798310583961154,0.5510543018983995
oscillations,0.5,47,4,-22.0,7.18,q4,"(100, 100)",0.0007456275213987985,0.31691911864246297,0.00020298055826061993,0.3011073449476323,0.0006798310583961154,0.5510543018983995
oscillations,0.5,48,4,-22.0,7.18,q1,"(100, 100)",0.0006704399709852745,0.29790433871072336,0.0003001892032813344,0.306008115393894,0.0010061645828099036,0.560233960681884
oscillations,0.5,48,4,-22.0,7.18,q2,"(100, 100)",0.0009934069289398951,0.3087369958802785,0.0003001892032813344,0.306008115393894,0.0010061645828099036,0.560233960681884
oscillations,0.5,48,4,-22.0,7.18,q3,"(100, 100)",-0.0021381570550816774,0.3033884462214633,0.0003001892032813344,0.306008115393894,0.0010061645828099036,0.560233960681884
oscillations,0.5,48,4,-22.0,7.18,q4,"(100, 100)",0.0016750669682818462,0.313759997994286,0.0003001892032813344,0.306008115393894,0.0010061645828099036,0.560233960681884
oscillations,0.5,49,4,-22.0,7.18,q1,"(100, 100)",0.0029667960499357854,0.29708591164033377,7.185606062755094e-05,0.30437166666251353,0.00024072382119782562,0.5570985475968201
oscillations,0.5,49,4,-22.0,7.18,q2,"(100, 100)",-0.0020398562463957706,0.2902655094917546,7.185606062755094e-05,0.30437166666251353,0.00024072382119782562,0.5570985475968201
oscillations,0.5,49,4,-22.0,7.18,q3,"(100, 100)",-0.00037888482662667007,0.3155444100480013,7.185606062755094e-05,0.30437166666251353,0.00024072382119782562,0.5570985475968201
oscillations,0.5,49,4,-22.0,7.18,q4,"(100, 100)",-0.0002606307344031418,0.3138039396473888,7.185606062755094e-05,0.30437166666251353,0.00024072382119782562,0.5570985475968201
oscillations,0.75,0,1,-8.5,14.44,q1,"(150, 150)",-0.0007729840118270298,0.2612559445641602,-0.00015849521854202796,0.2734172994357718,-0.0005309722564222036,0.5004418837836832
oscillations,0.75,0,1,-8.5,14.44,q2,"(150, 50)",0.0014106232717733462,0.28132752837772157,-0.00015849521854202796,0.2734172994357718,-0.0005309722564222036,0.5004418837836832
oscillations,0.75,0,1,-8.5,14.44,q3,"(50, 150)",-0.0016011953044574897,0.3010136897299961,-0.00015849521854202796,0.2734172994357718,-0.0005309722564222036,0.5004418837836832
oscillations,0.75,0,1,-8.5,14.44,q4,"(50, 50)",0.004992648707823255,0.2692832614105164,-0.00015849521854202796,0.2734172994357718,-0.0005309722564222036,0.5004418837836832
oscillations,0.75,1,1,-8.5,14.44,q1,"(150, 150)",-0.0007530561230877099,0.26113708926479107,-0.00010926274174553531,0.2645865677152144,-0.00036613132862707635,0.48433973991547963
oscillations,0.75,1,1,-8.5,14.44,q2,"(150, 50)",0.0018917402634616683,0.2678131135174262,-0.00010926274174553531,0.2645865677152144,-0.00036613132862707635,0.48433973991547963
oscillations,0.75,1,1,-8.5,14.44,q3,"(50, 150)",-0.001509141064418104,0.2729363143821756,-0.00010926274174553531,0.2645865677152144,-0.00036613132862707635,0.48433973991547963
oscillations,0.75,1,1,-8.5,14.44,q4,"(50, 50)",0.0038815036427301292,0.26013800305605816,-0.00010926274174553531,0.2645865677152144,-0.00036613132862707635,0.48433973991547963
oscillations,0.75,2,1,-8.5,14.44,q1,"(150, 150)",-0.0011867891364022486,0.26839656897635095,-0.0003582660714311963,0.272419733333548,-0.0011996185214505144,0.4984899671857465
oscillations,0.75,2,1,-8.5,14.44,q2,"(150, 50)",0.002362629188604647,0.2723634322224961,-0.0003582660714311963,0.272419733333548,-0.0011996185214505144,0.4984899671857465
oscillations,0.75,2,1,-8.5,14.44,q3,"(50, 150)",-0.0008423907181812713,0.2807776949669615,-0.0003582660714311963,0.272419733333548,-0.0011996185214505144,0.4984899671857465
oscillations,0.75,2,1,-8.5,14.44,q4,"(50, 50)",0.0003881296734509732,0.28281832666044454,-0.0003582660714311963,0.272419733333548,-0.0011996185214505144,0.4984899671857465
oscillations,0.75,3,1,-8.5,14.44,q1,"(150, 150)",6.881998497407354e-05,0.2614212998707078,0.00022978323451359656,0.26811082259608343,0.0007702446476614311,0.490873000585712
oscillations,0.75,3,1,-8.5,14.44,q2,"(150, 50)",0.0006790697623192959,0.280187909842558,0.00022978323451359656,0.26811082259608343,0.0007702446476614311,0.490873000585712
oscillations,0.75,3,1,-8.5,14.44,q3,"(50, 150)",-5.860665089806479e-05,0.27247722002720304,0.00022978323451359656,0.26811082259608343,0.0007702446476614311,0.490873000585712
oscillations,0.75,3,1,-8.5,14.44,q4,"(50, 50)",0.0011957625531871855,0.2771559573752576,0.00022978323451359656,0.26811082259608343,0.0007702446476614311,0.490873000585712
oscillations,0.75,4,1,-8.5,14.44,q1,"(150, 150)",-0.0006967418802694221,0.2710173427774654,-0.00019483791855856358,0.2705737930787935,-0.0006522863025060726,0.49507141839962804
oscillations,0.75,4,1,-8.5,14.44,q2,"(150, 50)",0.0016949346640472887,0.26616485886871905,-0.00019483791855856358,0.2705737930787935,-0.0006522863025060726,0.49507141839962804
oscillations,0.75,4,1,-8.5,14.44,q3,"(50, 150)",-0.0014825105934060726,0.28157870271306334,-0.00019483791855856358,0.2705737930787935,-0.0006522863025060726,0.49507141839962804
oscillations,0.75,4,1,-8.5,14.44,q4,"(50, 50)",0.0025159980135641318,0.24473054910053946,-0.00019483791855856358,0.2705737930787935,-0.0006522863025060726,0.49507141839962804
oscillations,0.75,5,1,-8.5,14.44,q1,"(150, 150)",-0.000726637374699479,0.26157582747165165,-0.0003243729624694575,0.26924234376888395,-0.0010852223568733953,0.4924698708559432
oscillations,0.75,5,1,-8.5,14.44,q2,"(150, 50)",0.000427603494333125,0.2627309601504753,-0.0003243729624694575,0.26924234376888395,-0.0010852223568733953,0.4924698708559432
oscillations,0.75,5,1,-8.5,14.44,q3,"(50, 150)",-0.0018635633566327183,0.2824237695248368,-0.0003243729624694575,0.26924234376888395,-0.0010852223568733953,0.4924698708559432
oscillations,0.75,5,1,-8.5,14.44,q4,"(50, 50)",0.00565764855968277,0.31248606287682623,-0.0003243729624694575,0.26924234376888395,-0.0010852223568733953,0.4924698708559432
oscillations,0.75,6,1,-8.5,14.44,q1,"(150, 150)",-0.001674677939543475,0.2708626748582147,-0.0003476043434000181,0.2745310374687013,-0.0011639187791730068,0.5023534326562493
oscillations,0.75,6,1,-8.5,14.44,q2,"(150, 50)",0.0036393578590045894,0.2764480573316013,-0.0003476043434000181,0.2745310374687013,-0.0011639187791730068,0.5023534326562493
oscillations,0.75,6,1,-8.5,14.44,q3,"(50, 150)",-0.0018627333216331386,0.2860930484330679,-0.0003476043434000181,0.2745310374687013,-0.0011639187791730068,0.5023534326562493
oscillations,0.75,6,1,-8.5,14.44,q4,"(50, 50)",0.004180558349376616,0.2658347978295999,-0.0003476043434000181,0.2745310374687013,-0.0011639187791730068,0.5023534326562493
oscillations,0.75,7,1,-8.5,14.44,q1,"(150, 150)",-0.0010863859917236679,0.2634749869833484,-0.0007091845420119497,0.2687397565007912,-0.0023748331251969854,0.4917736855466704
oscillations,0.75,7,1,-8.5,14.44,q2,"(150, 50)",0.00023104317473790595,0.27712127223346184,-0.0007091845420119497,0.2687397565007912,-0.0023748331251969854,0.4917736855466704
oscillations,0.75,7,1,-8.5,14.44,q3,"(50, 150)",-0.0015765897156392896,0.2717164810701927,-0.0007091845420119497,0.2687397565007912,-0.0023748331251969854,0.4917736855466704
oscillations,0.75,7,1,-8.5,14.44,q4,"(50, 50)",0.00246716087602596,0.2808395857177336,-0.0007091845420119497,0.2687397565007912,-0.0023748331251969854,0.4917736855466704
oscillations,0.75,8,1,-8.5,14.44,q1,"(150, 150)",-0.0006165374913264151,0.2608266238600021,-0.00031198693225120244,0.2674036671512433,-0.0010452698961427322,0.48945490339587433
oscillations,0.75,8,1,-8.5,14.44,q2,"(150, 50)",0.0018315246700286991,0.27732878383626397,-0.00031198693225120244,0.2674036671512433,-0.0010452698961427322,0.48945490339587433
oscillations,0.75,8,1,-8.5,14.44,q3,"(50, 150)",-0.003396441201815525,0.2783502100085961,-0.00031198693225120244,0.2674036671512433,-0.0010452698961427322,0.48945490339587433
oscillations,0.75,8,1,-8.5,14.44,q4,"(50, 50)",0.005251796101278986,0.2618327570374826,-0.00031198693225120244,0.2674036671512433,-0.0010452698961427322,0.48945490339587433
oscillations,0.75,9,1,-8.5,14.44,q1,"(150, 150)",0.0018414939531466606,0.2752698798825411,0.0004741156392768226,0.27552725487397056,0.0015880610928716212,0.504259996922702
oscillations,0.75,9,1,-8.5,14.44,q2,"(150, 50)",-0.0030843257448779156,0.26232371468128357,0.0004741156392768226,0.27552725487397056,0.0015880610928716212,0.504259996922702
oscillations,0.75,9,1,-8.5,14.44,q3,"(50, 150)",-0.0011577309825076113,0.29047889990036874,0.0004741156392768226,0.27552725487397056,0.0015880610928716212,0.504259996922702
oscillations,0.75,9,1,-8.5,14.44,q4,"(50, 50)",0.0037385748322657977,0.270248222407371,0.0004741156392768226,0.27552725487397056,0.0015880610928716212,0.504259996922702
oscillations,0.75,10,1,-8.5,14.44,q1,"(150, 150)",-0.0008075654850537233,0.27547620457742467,-0.000259708317953657,0.27232934283916244,-0.0008699717543041855,0.4984293645445795
oscillations,0.75,10,1,-8.5,14.44,q2,"(150, 50)",0.0019301744049479818,0.26574598015137435,-0.000259708317953657,0.27232934283916244,-0.0008699717543041855,0.4984293645445795
oscillations,0.75,10,1,-8.5,14.44,q3,"(50, 150)",-0.001657921875386485,0.26177219430016874,-0.000259708317953657,0.27232934283916244,-0.0008699717543041855,0.4984293645445795
oscillations,0.75,10,1,-8.5,14.44,q4,"(50, 50)",0.0022959986895405102,0.29353325908630645,-0.000259708317953657,0.27232934283916244,-0.0008699717543041855,0.4984293645445795
oscillations,0.75,11,1,-8.5,14.44,q1,"(150, 150)",-0.001649036841913208,0.2587115101710134,-0.00033192379820044316,0.27168236302719173,-0.0011114140237751334,0.49714082107337254
oscillations,0.75,11,1,-8.5,14.44,q2,"(150, 50)",0.003596869196950118,0.2834231934362673,-0.00033192379820044316,0.27168236302719173,-0.0011114140237751334,0.49714082107337254
oscillations,0.75,11,1,-8.5,14.44,q3,"(50, 150)",-0.0014226571811953282,0.2942470119013141,-0.00033192379820044316,0.27168236302719173,-0.0011114140237751334,0.49714082107337254
oscillations,0.75,11,1,-8.5,14.44,q4,"(50, 50)",0.00300791475874741,0.27890754366076476,-0.00033192379820044316,0.27168236302719173,-0.0011114140237751334,0.49714082107337254
oscillations,0.75,12,1,-8.5,14.44,q1,"(150, 150)",-0.0010863445106549905,0.26283460991104235,0.00012352065608094853,0.2753715278143412,0.0004137698888902051,0.503997727176763
oscillations,0.75,12,1,-8.5,14.44,q2,"(150, 50)",0.0032416693300422925,0.2827010725698876,0.00012352065608094853,0.2753715278143412,0.0004137698888902051,0.503997727176763
oscillations,0.75,12,1,-8.5,14.44,q3,"(50, 150)",0.0006549505847606805,0.2969791289384472,0.00012352065608094853,0.2753715278143412,0.0004137698888902051,0.503997727176763
oscillations,0.75,12,1,-8.5,14.44,q4,"(50, 50)",6.357134878116639e-05,0.2951959892228756,0.00012352065608094853,0.2753715278143412,0.0004137698888902051,0.503997727176763
oscillations,0.75,13,1,-8.5,14.44,q1,"(150, 150)",0.00103683966976218,0.2598255399553711,0.00018686024760195715,0.26483627057287457,0.0006259450551945632,0.48471544238892067
oscillations,0.75,13,1,-8.5,14.44,q2,"(150, 50)",-0.0007426828417683578,0.2563686650497832,0.00018686024760195715,0.26483627057287457,0.0006259450551945632,0.48471544238892067
oscillations,0.75,13,1,-8.5,14.44,q3,"(50, 150)",-0.00209691066050237,0.27860087015331014,0.00018686024760195715,0.26483627057287457,0.0006259450551945632,0.48471544238892067
oscillations,0.75,13,1,-8.5,14.44,q4,"(50, 50)",0.002176987440583873,0.29080833701487535,0.00018686024760195715,0.26483627057287457,0.0006259450551945632,0.48471544238892067
oscillations,0.75,14,1,-8.5,14.44,q1,"(150, 150)",-0.0018247670358630225,0.2661914845851885,-0.0005684992684734735,0.2694456518798431,-0.0019059568132544576,0.4933560727077746
oscillations,0.75,14,1,-8.5,14.44,q2,"(150, 50)",0.0029230869887336606,0.27138168570273113,-0.0005684992684734735,0.2694456518798431,-0.0019059568132544576,0.4933560727077746
oscillations,0.75,14,1,-8.5,14.44,q3,"(50, 150)",-0.0014946073865425146,0.26953698871562,-0.0005684992684734735,0.2694456518798431,-0.0019059568132544576,0.4933560727077746
oscillations,0.75,14,1,-8.5,14.44,q4,"(50, 50)",0.003041476220618191,0.2914329865752355,-0.0005684992684734735,0.2694456518798431,-0.0019059568132544576,0.4933560727077746
oscillations,0.75,15,1,-8.5,14.44,q1,"(150, 150)",-0.0012641982688372916,0.26690314964498585,-0.0005058727887383421,0.26970941996076286,-0.0016940068270852795,0.4935500945620916
oscillations,0.75,15,1,-8.5,14.44,q2,"(150, 50)",0.002102772495936322,0.26859857838555073,-0.0005058727887383421,0.26970941996076286,-0.0016940068270852795,0.4935500945620916
oscillations,0.75,15,1,-8.5,14.44,q3,"(50, 150)",-0.00269055439462333,0.2712437849711083,-0.0005058727887383421,0.26970941996076286,-0.0016940068270852795,0.4935500945620916
oscillations,0.75,15,1,-8.5,14.44,q4,"(50, 50)",0.005047165495783178,0.2924537756689521,-0.0005058727887383421,0.26970941996076286,-0.0016940068270852795,0.4935500945620916
oscillations,0.75,16,1,-8.5,14.44,q1,"(150, 150)",-0.001590587510248122,0.2692924042527834,-0.00012779859829862723,0.27280435940225567,-0.0004281718679910446,0.49934098498589263
oscillations,0.75,16,1,-8.5,14.44,q2,"(150, 50)",0.00364611942934285,0.2594769972221088,-0.00012779859829862723,0.27280435940225567,-0.0004281718679910446,0.49934098498589263
oscillations,0.75,16,1,-8.5,14.44,q3,"(50, 150)",-0.00047529667837616324,0.29489844734353876,-0.00012779859829862723,0.27280435940225567,-0.0004281718679910446,0.49934098498589263
oscillations,0.75,16,1,-8.5,14.44,q4,"(50, 50)",0.002758041766555005,0.2741149590498471,-0.00012779859829862723,0.27280435940225567,-0.0004281718679910446,0.49934098498589263
oscillations,0.75,17,1,-8.5,14.44,q1,"(150, 150)",0.0008692975195205787,0.2623417418160429,0.0002491521735910875,0.27015715307794486,0.0008347505606536142,0.49449517290197
oscillations,0.75,17,1,-8.5,14.44,q2,"(150, 50)",-0.0002520675231220795,0.2686572063543609,0.0002491521735910875,0.27015715307794486,0.0008347505606536142,0.49449517290197
oscillations,0.75,17,1,-8.5,14.44,q3,"(50, 150)",-0.003615834090872029,0.2885257736092466,0.0002491521735910875,0.27015715307794486,0.0008347505606536142,0.49449517290197
oscillations,0.75,17,1,-8.5,14.44,q4,"(50, 50)",0.007766461943754517,0.2863084060552796,0.0002491521735910875,0.27015715307794486,0.0008347505606536142,0.49449517290197
oscillations,0.75,18,1,-8.5,14.44,q1,"(150, 150)",0.00019326971961309446,0.2521024302726341,0.0001433346223309905,0.2637701579084952,0.0004800221779336586,0.48270367694101995
oscillations,0.75,18,1,-8.5,14.44,q2,"(150, 50)",0.00023397017454814158,0.2864243643284131,0.0001433346223309905,0.2637701579084952,0.0004800221779336586,0.48270367694101995
oscillations,0.75,18,1,-8.5,14.44,q3,"(50, 150)",-0.002136270030207556,0.26683527241953425,0.0001433346223309905,0.2637701579084952,0.0004800221779336586,0.48270367694101995
oscillations,0.75,18,1,-8.5,14.44,q4,"(50, 50)",0.006260826047756249,0.28534439412913915,0.0001433346223309905,0.2637701579084952,0.0004800221779336586,0.48270367694101995
oscillations,0.75,19,1,-8.5,14.44,q1,"(150, 150)",-0.002296539903259472,0.2664646673432921,-0.00023352448127775212,0.2673210573926387,-0.0007821955494146772,0.48924257489912576
oscillations,0.75,19,1,-8.5,14.44,q2,"(150, 50)",0.005356707629758189,0.2516408877766607,-0.00023352448127775212,0.2673210573926387,-0.0007821955494146772,0.48924257489912576
oscillations,0.75,19,1,-8.5,14.44,q3,"(50, 150)",-0.0008505064225955764,0.2761126352079246,-0.00023352448127775212,0.2673210573926387,-0.0007821955494146772,0.48924257489912576
oscillations,0.75,19,1,-8.5,14.44,q4,"(50, 50)",0.003413863807403385,0.29241668922815867,-0.00023352448127775212,0.2673210573926387,-0.0007821955494146772,0.48924257489912576
oscillations,0.75,20,1,-8.5,14.44,q1,"(150, 150)",-0.0021190207112215874,0.2741051959846811,-0.0006502805880905485,0.2754509183583095,-0.002178859400537941,0.5042031890214733
oscillations,0.75,20,1,-8.5,14.44,q2,"(150, 50)",0.003375434406054708,0.2717243327030271,-0.0006502805880905485,0.2754509183583095,-0.002178859400537941,0.5042031890214733
oscillations,0.75,20,1,-8.5,14.44,q3,"(50, 150)",0.00020663204658867448,0.28843992233814086,-0.0006502805880905485,0.2754509183583095,-0.002178859400537941,0.5042031890214733
oscillations,0.75,20,1,-8.5,14.44,q4,"(50, 50)",-0.0020795023663846422,0.2580717414993191,-0.0006502805880905485,0.2754509183583095,-0.002178859400537941,0.5042031890214733
oscillations,0.75,21,1,-8.5,14.44,q1,"(150, 150)",-0.0006003060629784702,0.2537032276718635,1.6744203977608585e-05,0.2670899474515867,5.606631166117159e-05,0.48873819560668863
oscillations,0.75,21,1,-8.5,14.44,q2,"(150, 50)",0.0014787166366628981,0.2789454372391125,1.6744203977608585e-05,0.2670899474515867,5.606631166117159e-05,0.48873819560668863
oscillations,0.75,21,1,-8.5,14.44,q3,"(50, 150)",-0.0004868704760245864,0.2797540783566317,1.6744203977608585e-05,0.2670899474515867,5.606631166117159e-05,0.48873819560668863
oscillations,0.75,21,1,-8.5,14.44,q4,"(50, 50)",0.0026951233485330356,0.3063791988800083,1.6744203977608585e-05,0.2670899474515867,5.606631166117159e-05,0.48873819560668863
oscillations,0.75,22,1,-8.5,14.44,q1,"(150, 150)",-0.0011560437358105664,0.2672753698922359,-0.00032911051877210245,0.27222642327248847,-0.0011019940357344796,0.49813639358299877
oscillations,0.75,22,1,-8.5,14.44,q2,"(150, 50)",0.0025802016150022014,0.25633489520334923,-0.00032911051877210245,0.27222642327248847,-0.0011019940357344796,0.49813639358299877
oscillations,0.75,22,1,-8.5,14.44,q3,"(50, 150)",-0.00300595090687214,0.30152172417117096,-0.00032911051877210245,0.27222642327248847,-0.0011019940357344796,0.49813639358299877
oscillations,0.75,22,1,-8.5,14.44,q4,"(50, 50)",0.0064158731975512825,0.26985769297783313,-0.00032911051877210245,0.27222642327248847,-0.0011019940357344796,0.49813639358299877
oscillations,0.75,23,1,-8.5,14.44,q1,"(150, 150)",-0.0017253588915962666,0.26064565173681276,-0.00021820889512175513,0.26469883003938294,-0.0007317535047677893,0.4847277183944961
oscillations,0.75,23,1,-8.5,14.44,q2,"(150, 50)",0.002608760482120433,0.26790614451530526,-0.00021820889512175513,0.26469883003938294,-0.0007317535047677893,0.4847277183944961
oscillations,0.75,23,1,-8.5,14.44,q3,"(50, 150)",0.002623833043507066,0.27031573205056203,-0.00021820889512175513,0.26469883003938294,-0.0007317535047677893,0.4847277183944961
oscillations,0.75,23,1,-8.5,14.44,q4,"(50, 50)",-0.003660892874464177,0.27387722398320735,-0.00021820889512175513,0.26469883003938294,-0.0007317535047677893,0.4847277183944961
oscillations,0.75,24,1,-8.5,14.44,q1,"(150, 150)",0.0010852274827310023,0.2604023723589157,0.0004829168020222785,0.2695408046504225,0.0016176762482950455,0.4933243236365039
oscillations,0.75,24,1,-8.5,14.44,q2,"(150, 50)",-0.001158365672954558,0.28055478726139105,0.0004829168020222785,0.2695408046504225,0.0016176762482950455,0.4933243236365039
oscillations,0.75,24,1,-8.5,14.44,q3,"(50, 150)",0.000454743802206463,0.28454882169225704,0.0004829168020222785,0.2695408046504225,0.0016176762482950455,0.4933243236365039
oscillations,0.75,24,1,-8.5,14.44,q4,"(50, 50)",7.048710002171994e-05,0.27037526795489036,0.0004829168020222785,0.2695408046504225,0.0016176762482950455,0.4933243236365039
oscillations,0.75,25,1,-8.5,14.44,q1,"(150, 150)",-0.0009979152188833351,0.26297966914683446,0.00019885779971657102,0.2708394947842886,0.0006663018921647543,0.4957650742161534
oscillations,0.75,25,1,-8.5,14.44,q2,"(150, 50)",0.0037992256462028627,0.2851618311883612,0.00019885779971657102,0.2708394947842886,0.0006663018921647543,0.4957650742161534
oscillations,0.75,25,1,-8.5,14.44,q3,"(50, 150)",-0.0006019540474845191,0.2784191290138375,0.00019885779971657102,0.2708394947842886,0.0006663018921647543,0.4957650742161534
oscillations,0.75,25,1,-8.5,14.44,q4,"(50, 50)",0.0025711469692601243,0.27327089015261447,0.00019885779971657102,0.2708394947842886,0.0006663018921647543,0.4957650742161534
oscillations,0.75,26,1,-8.5,14.44,q1,"(150, 150)",0.0014459176586560766,0.27096631144138716,0.00017939725481828348,0.27855930102069926,0.0006009958285369647,0.5098533587304848
oscillations,0.75,26,1,-8.5,14.44,q2,"(150, 50)",-0.002842729791643545,0.28350376344170297,0.00017939725481828348,0.27855930102069926,0.0006009958285369647,0.5098533587304848
oscillations,0.75,26,1,-8.5,14.44,q3,"(50, 150)",-0.0016149007552197767,0.28504259598372966,0.00017939725481828348,0.27855930102069926,0.0006009958285369647,0.5098533587304848
oscillations,0.75,26,1,-8.5,14.44,q4,"(50, 50)",0.0032299887897778105,0.3094964818197743,0.00017939725481828348,0.27855930102069926,0.0006009958285369647,0.5098533587304848
oscillations,0.75,27,1,-8.5,14.44,q1,"(150, 150)",-0.001069330947830231,0.26513195709007614,-0.0005583184918819308,0.2704052799499575,-0.001868692132480732,0.4946988116992448
oscillations,0.75,27,1,-8.5,14.44,q2,"(150, 50)",0.0021004111427970944,0.2591192346714362,-0.0005583184918819308,0.2704052799499575,-0.001868692132480732,0.4946988116992448
oscillations,0.75,27,1,-8.5,14.44,q3,"(50, 150)",-0.0035579689702551565,0.2955382973819791,-0.0005583184918819308,0.2704052799499575,-0.001868692132480732,0.4946988116992448
oscillations,0.75,27,1,-8.5,14.44,q4,"(50, 50)",0.005063556142735374,0.27149679529986326,-0.0005583184918819308,0.2704052799499575,-0.001868692132480732,0.4946988116992448
oscillations,0.75,28,1,-8.5,14.44,q1,"(150, 150)",0.000499239876767834,0.25653276404740805,-0.0001957051570250908,0.2637467793837042,-0.0006557385056964009,0.4827820255383067
oscillations,0.75,28,1,-8.5,14.44,q2,"(150, 50)",-0.0012920589407441874,0.27163156808306405,-0.0001957051570250908,0.2637467793837042,-0.0006557385056964009,0.4827820255383067
oscillations,0.75,28,1,-8.5,14.44,q3,"(50, 150)",-0.0025828300198217453,0.2646675194827933,-0.0001957051570250908,0.2637467793837042,-0.0006557385056964009,0.4827820255383067
oscillations,0.75,28,1,-8.5,14.44,q4,"(50, 50)",0.004000225478385844,0.29862320658212405,-0.0001957051570250908,0.2637467793837042,-0.0006557385056964009,0.4827820255383067
oscillations,0.75,29,1,-8.5,14.44,q1,"(150, 150)",-0.0003768226731286177,0.2617931680190252,6.714441522122854e-05,0.27190293427898615,0.0002249394144764779,0.49767026773945244
oscillations,0.75,29,1,-8.5,14.44,q2,"(150, 50)",0.0022145787608677885,0.27446921404201613,6.714441522122854e-05,0.27190293427898615,0.0002249394144764779,0.49767026773945244
oscillations,0.75,29,1,-8.5,14.44,q3,"(50, 150)",-0.0026217936381938414,0.2969607536292389,6.714441522122854e-05,0.27190293427898615,0.0002249394144764779,0.49767026773945244
oscillations,0.75,29,1,-8.5,14.44,q4,"(50, 50)",0.005687359333675377,0.2746858623913511,6.714441522122854e-05,0.27190293427898615,0.0002249394144764779,0.49767026773945244
oscillations,0.75,30,1,-8.5,14.44,q1,"(150, 150)",-4.857268219104832e-05,0.2654392523851738,0.00039767268455488105,0.26579448468999184,0.0013311219566690582,0.486284992749647
oscillations,0.75,30,1,-8.5,14.44,q2,"(150, 50)",0.0017735096146236121,0.26078467789913085,0.00039767268455488105,0.26579448468999184,0.0013311219566690582,0.486284992749647
oscillations,0.75,30,1,-8.5,14.44,q3,"(50, 150)",-0.001633469982300109,0.2705605960829522,0.00039767268455488105,0.26579448468999184,0.0013311219566690582,0.486284992749647
oscillations,0.75,30,1,-8.5,14.44,q4,"(50, 50)",0.006379798195627022,0.2693226179179822,0.00039767268455488105,0.26579448468999184,0.0013311219566690582,0.486284992749647
oscillations,0.75,31,1,-8.5,14.44,q1,"(150, 150)",-0.00029545218647131845,0.26179357725136043,-0.00012864097790126915,0.2698524983766154,-0.00043103024929223984,0.49395858246176355
oscillations,0.75,31,1,-8.5,14.44,q2,"(150, 50)",0.0009891887871778283,0.2798130521498563,-0.00012864097790126915,0.2698524983766154,-0.00043103024929223984,0.49395858246176355
oscillations,0.75,31,1,-8.5,14.44,q3,"(50, 150)",-0.0027764479497374103,0.2771583790276087,-0.00012864097790126915,0.2698524983766154,-0.00043103024929223984,0.49395858246176355
oscillations,0.75,31,1,-8.5,14.44,q4,"(50, 50)",0.005962591519500303,0.2879315401142626,-0.00012864097790126915,0.2698524983766154,-0.00043103024929223984,0.49395858246176355
oscillations,0.75,32,1,-8.5,14.44,q1,"(150, 150)",-0.0016140344912702754,0.2586279214989827,-0.0005835237456426757,0.268336987268195,-0.0019560001529964834,0.4912847683221441
oscillations,0.75,32,1,-8.5,14.44,q2,"(150, 50)",0.0024640945818073467,0.2708914898422292,-0.0005835237456426757,0.268336987268195,-0.0019560001529964834,0.4912847683221441
oscillations,0.75,32,1,-8.5,14.44,q3,"(50, 150)",-0.0006994179724173506,0.2944810398412618,-0.0005835237456426757,0.268336987268195,-0.0019560001529964834,0.4912847683221441
oscillations,0.75,32,1,-8.5,14.44,q4,"(50, 50)",-0.00010409933702031857,0.26408079414797864,-0.0005835237456426757,0.268336987268195,-0.0019560001529964834,0.4912847683221441
oscillations,0.75,33,1,-8.5,14.44,q1,"(150, 150)",-0.00040706909976648617,0.26949774018201195,-0.00036902772767011033,0.2699298311426789,-0.0012362737945397335,0.4940578015094939
oscillations,0.75,33,1,-8.5,14.44,q2,"(150, 50)",-0.00015756230666551094,0.26132525734020423,-0.00036902772767011033,0.2699298311426789,-0.0012362737945397335,0.4940578015094939
oscillations,0.75,33,1,-8.5,14.44,q3,"(50, 150)",-0.003148632480706379,0.2807011458331151,-0.00036902772767011033,0.2699298311426789,-0.0012362737945397335,0.4940578015094939
oscillations,0.75,33,1,-8.5,14.44,q4,"(50, 50)",0.007677762617292286,0.2660683847714835,-0.00036902772767011033,0.2699298311426789,-0.0012362737945397335,0.4940578015094939
oscillations,0.75,34,1,-8.5,14.44,q1,"(150, 150)",0.001290234307648903,0.2616831015187198,0.0010732943180499983,0.2664139732578205,0.0035968308245643375,0.48769612350257613
oscillations,0.75,34,1,-8.5,14.44,q2,"(150, 50)",0.0007977162934059837,0.2728795887154516,0.0010732943180499983,0.2664139732578205,0.0035968308245643375,0.48769612350257613
oscillations,0.75,34,1,-8.5,14.44,q3,"(50, 150)",0.001271078539351618,0.26974084665171716,0.0010732943180499983,0.2664139732578205,0.0035968308245643375,0.48769612350257613
oscillations,0.75,34,1,-8.5,14.44,q4,"(50, 50)",-0.0006457841783129598,0.27865061441785166,0.0010732943180499983,0.2664139732578205,0.0035968308245643375,0.48769612350257613
oscillations,0.75,35,1,-8.5,14.44,q1,"(150, 150)",0.0015084718904793894,0.27890256845591455,-4.035479917083178e-05,0.2829872238033236,-0.00013511274519404496,0.5178063619885912
oscillations,0.75,35,1,-8.5,14.44,q2,"(150, 50)",-0.0033767243001208433,0.2810147318627479,-4.035479917083178e-05,0.2829872238033236,-0.00013511274519404496,0.5178063619885912
oscillations,0.75,35,1,-8.5,14.44,q3,"(50, 150)",-0.004424753333150718,0.29823849753497417,-4.035479917083178e-05,0.2829872238033236,-0.00013511274519404496,0.5178063619885912
oscillations,0.75,35,1,-8.5,14.44,q4,"(50, 50)",0.00918250909876687,0.2780006482259425,-4.035479917083178e-05,0.2829872238033236,-0.00013511274519404496,0.5178063619885912
oscillations,0.75,36,1,-8.5,14.44,q1,"(150, 150)",0.0009514085443689638,0.27112020403664716,0.0006019633272674543,0.2779367467114315,0.0020176414522120136,0.5088391906006597
oscillations,0.75,36,1,-8.5,14.44,q2,"(150, 50)",-0.0005136301148482629,0.273888379579421,0.0006019633272674543,0.2779367467114315,0.0020176414522120136,0.5088391906006597
oscillations,0.75,36,1,-8.5,14.44,q3,"(50, 150)",0.0017757832648086776,0.29180257060795567,0.0006019633272674543,0.2779367467114315,0.0020176414522120136,0.5088391906006597
oscillations,0.75,36,1,-8.5,14.44,q4,"(50, 50)",-0.0027177231129226456,0.3064557665486419,0.0006019633272674543,0.2779367467114315,0.0020176414522120136,0.5088391906006597
oscillations,0.75,37,1,-8.5,14.44,q1,"(150, 150)",0.0005611025522810074,0.25997398654901055,-0.00014416890696838561,0.2669453440188472,-0.000482331572326483,0.48826910384316907
oscillations,0.75,37,1,-8.5,14.44,q2,"(150, 50)",-0.0005950780858197041,0.28085978373760345,-0.00014416890696838561,0.2669453440188472,-0.000482331572326483,0.48826910384316907
oscillations,0.75,37,1,-8.5,14.44,q3,"(50, 150)",-0.00549609975975483,0.26695616973469155,-0.00014416890696838561,0.2669453440188472,-0.000482331572326483,0.48826910384316907
oscillations,0.75,37,1,-8.5,14.44,q4,"(50, 50)",0.010916908054700365,0.28499473042370027,-0.00014416890696838561,0.2669453440188472,-0.000482331572326483,0.48826910384316907
oscillations,0.75,38,1,-8.5,14.44,q1,"(150, 150)",-0.0010830874728174485,0.26658825435177225,-0.0001488697376542724,0.2728579053837509,-0.0004988932227019838,0.49950171022775713
oscillations,0.75,38,1,-8.5,14.44,q2,"(150, 50)",0.002100865415521433,0.27513310400855123,-0.0001488697376542724,0.2728579053837509,-0.0004988932227019838,0.49950171022775713
oscillations,0.75,38,1,-8.5,14.44,q3,"(50, 150)",-0.00036907997218767994,0.2876222265776055,-0.0001488697376542724,0.2728579053837509,-0.0004988932227019838,0.49950171022775713
oscillations,0.75,38,1,-8.5,14.44,q4,"(50, 50)",0.002170515122887417,0.27621809140521403,-0.0001488697376542724,0.2728579053837509,-0.0004988932227019838,0.49950171022775713
oscillations,0.75,39,1,-8.5,14.44,q1,"(150, 150)",0.0022016393718987067,0.2666181483095561,0.000746800325848772,0.2684287528923754,0.0025003777545786286,0.4911630084667576
oscillations,0.75,39,1,-8.5,14.44,q2,"(150, 50)",-0.00315162098248999,0.26923408857876263,0.000746800325848772,0.2684287528923754,0.0025003777545786286,0.4911630084667576
oscillations,0.75,39,1,-8.5,14.44,q3,"(50, 150)",-0.001357272071118633,0.26704310695186784,0.000746800325848772,0.2684287528923754,0.0025003777545786286,0.4911630084667576
oscillations,0.75,39,1,-8.5,14.44,q4,"(50, 50)",0.005660730027317856,0.28565307032221554,0.000746800325848772,0.2684287528923754,0.0025003777545786286,0.4911630084667576
oscillations,0.75,40,1,-8.5,14.44,q1,"(150, 150)",-0.0011994061740716489,0.25729179596695395,-7.811318830922557e-05,0.2632025487531874,-0.00026177341926684214,0.48182644900080823
oscillations,0.75,40,1,-8.5,14.44,q2,"(150, 50)",0.003767553414887929,0.2672201091237545,-7.811318830922557e-05,0.2632025487531874,-0.00026177341926684214,0.48182644900080823
oscillations,0.75,40,1,-8.5,14.44,q3,"(50, 150)",-0.0007682972298465063,0.27322625134923084,-7.811318830922557e-05,0.2632025487531874,-0.00026177341926684214,0.48182644900080823
oscillations,0.75,40,1,-8.5,14.44,q4,"(50, 50)",0.0005470759985729607,0.27273187524787695,-7.811318830922557e-05,0.2632025487531874,-0.00026177341926684214,0.48182644900080823
oscillations,0.75,41,1,-8.5,14.44,q1,"(150, 150)",-0.0013505830601068748,0.25910245608716864,-0.00029538092156212905,0.2675421190514102,-0.0009886400186164463,0.4894624883898849
oscillations,0.75,41,1,-8.5,14.44,q2,"(150, 50)",0.0033390285047787517,0.2819772560679655,-0.00029538092156212905,0.2675421190514102,-0.0009886400186164463,0.4894624883898849
oscillations,0.75,41,1,-8.5,14.44,q3,"(50, 150)",-0.0012517400911958082,0.26694077377151415,-0.00029538092156212905,0.2675421190514102,-0.0009886400186164463,0.4894624883898849
oscillations,0.75,41,1,-8.5,14.44,q4,"(50, 50)",0.0011672875552189747,0.2978147791150447,-0.00029538092156212905,0.2675421190514102,-0.0009886400186164463,0.4894624883898849
oscillations,0.75,42,1,-8.5,14.44,q1,"(150, 150)",-0.0021108973916977355,0.26061219361550586,-0.0006436224822527574,0.2697655259663091,-0.0021574540593405087,0.49389964874597625
oscillations,0.75,42,1,-8.5,14.44,q2,"(150, 50)",0.004125866499583353,0.28245456935350155,-0.0006436224822527574,0.2697655259663091,-0.0021574540593405087,0.49389964874597625
oscillations,0.75,42,1,-8.5,14.44,q3,"(50, 150)",-0.0027685275704432107,0.2811330531589564,-0.0006436224822527574,0.2697655259663091,-0.0021574540593405087,0.49389964874597625
oscillations,0.75,42,1,-8.5,14.44,q4,"(50, 50)",0.004628100021815073,0.27663784268860814,-0.0006436224822527574,0.2697655259663091,-0.0021574540593405087,0.49389964874597625
oscillations,0.75,43,1,-8.5,14.44,q1,"(150, 150)",0.0004117531980270185,0.26578257552992957,0.00038542968823163885,0.2731447629414893,0.001291870917484963,0.5000677418598489
oscillations,0.75,43,1,-8.5,14.44,q2,"(150, 50)",-0.0002649017222226654,0.27403719204353666,0.00038542968823163885,0.2731447629414893,0.001291870917484963,0.5000677418598489
oscillations,0.75,43,1,-8.5,14.44,q3,"(50, 150)",0.0011969654574015651,0.29016625587957195,0.00038542968823163885,0.2731447629414893,0.001291870917484963,0.5000677418598489
oscillations,0.75,43,1,-8.5,14.44,q4,"(50, 50)",-0.00033509497607364376,0.282989931413093,0.00038542968823163885,0.2731447629414893,0.001291870917484963,0.5000677418598489
oscillations,0.75,44,1,-8.5,14.44,q1,"(150, 150)",-0.0014801160345516418,0.26874958589502684,-0.0003305357419255158,0.27327478216334844,-0.001106766254563923,0.5000547433433543
oscillations,0.75,44,1,-8.5,14.44,q2,"(150, 50)",0.0022745884968615295,0.27431830940453955,-0.0003305357419255158,0.27327478216334844,-0.001106766254563923,0.5000547433433543
oscillations,0.75,44,1,-8.5,14.44,q3,"(50, 150)",-0.0006985252319690891,0.2873013669507668,-0.0003305357419255158,0.27327478216334844,-0.001106766254563923,0.5000547433433543
oscillations,0.75,44,1,-8.5,14.44,q4,"(50, 50)",0.003304282645479202,0.2672170331977296,-0.0003305357419255158,0.27327478216334844,-0.001106766254563923,0.5000547433433543
oscillations,0.75,45,1,-8.5,14.44,q1,"(150, 150)",-0.0013286278521489313,0.26671388066285695,-0.00014676345190170475,0.2710503425021094,-0.0004917110374460332,0.4961303902034885
oscillations,0.75,45,1,-8.5,14.44,q2,"(150, 50)",0.003679692153715907,0.2679043055928607,-0.00014676345190170475,0.2710503425021094,-0.0004917110374460332,0.4961303902034885
oscillations,0.75,45,1,-8.5,14.44,q3,"(50, 150)",-0.0015199947027120402,0.2851176864613449,-0.00014676345190170475,0.2710503425021094,-0.0004917110374460332,0.4961303902034885
oscillations,0.75,45,1,-8.5,14.44,q4,"(50, 50)",0.0031303430859015067,0.27567849749500534,-0.00014676345190170475,0.2710503425021094,-0.0004917110374460332,0.4961303902034885
oscillations,0.75,46,1,-8.5,14.44,q1,"(150, 150)",0.002694966743942258,0.25585296884125874,0.0012149708859850207,0.26472578969505606,0.004071618250620041,0.4846029889760992
oscillations,0.75,46,1,-8.5,14.44,q2,"(150, 50)",-0.003376306847035112,0.2820614408069441,0.0012149708859850207,0.26472578969505606,0.004071618250620041,0.4846029889760992
oscillations,0.75,46,1,-8.5,14.44,q3,"(50, 150)",0.002381956362106744,0.26788874094300863,0.0012149708859850207,0.26472578969505606,0.004071618250620041,0.4846029889760992
oscillations,0.75,46,1,-8.5,14.44,q4,"(50, 50)",-0.0018321150649348921,0.27939899725479506,0.0012149708859850207,0.26472578969505606,0.004071618250620041,0.4846029889760992
oscillations,0.75,47,1,-8.5,14.44,q1,"(150, 150)",0.000993143021638458,0.27366359110620314,-5.7188799292496654e-06,0.27312838121402305,-1.9165147215983985e-05,0.4999970259552808
oscillations,0.75,47,1,-8.5,14.44,q2,"(150, 50)",-0.0011820399449145107,0.27027133870265946,-5.7188799292496654e-06,0.27312838121402305,-1.9165147215983985e-05,0.4999970259552808
oscillations,0.75,47,1,-8.5,14.44,q3,"(50, 150)",-0.0032018024868084942,0.2704128746962442,-5.7188799292496654e-06,0.27312838121402305,-1.9165147215983985e-05,0.4999970259552808
oscillations,0.75,47,1,-8.5,14.44,q4,"(50, 50)",0.004121738021554903,0.2845873902178067,-5.7188799292496654e-06,0.27312838121402305,-1.9165147215983985e-05,0.4999970259552808
oscillations,0.75,48,1,-8.5,14.44,q1,"(150, 150)",-0.0012165794650203972,0.2535591791229548,-0.000210191699246389,0.25977654032180014,-0.0007039239760428292,0.4753950911713025
oscillations,0.75,48,1,-8.5,14.44,q2,"(150, 50)",0.0030021608046366167,0.26301960811611774,-0.000210191699246389,0.25977654032180014,-0.0007039239760428292,0.4753950911713025
oscillations,0.75,48,1,-8.5,14.44,q3,"(50, 150)",-0.0010425479091126762,0.265358940814915,-0.000210191699246389,0.25977654032180014,-0.0007039239760428292,0.4753950911713025
oscillations,0.75,48,1,-8.5,14.44,q4,"(50, 50)",0.0017073093106695339,0.2868473900212543,-0.000210191699246389,0.25977654032180014,-0.0007039239760428292,0.4753950911713025
oscillations,0.75,49,1,-8.5,14.44,q1,"(150, 150)",0.0008649236665697802,0.2664677964841409,0.00011199086658362179,0.27255361311268794,0.0003754617939271537,0.49904927637584623
oscillations,0.75,49,1,-8.5,14.44,q2,"(150, 50)",-0.0020359506707913885,0.2798750107614951,0.00011199086658362179,0.27255361311268794,0.0003754617939271537,0.49904927637584623
oscillations,0.75,49,1,-8.5,14.44,q3,"(50, 150)",-0.0010486996833565167,0.2776584725946618,0.00011199086658362179,0.27255361311268794,0.0003754617939271537,0.49904927637584623
oscillations,0.75,49,1,-8.5,14.44,q4,"(50, 50)",0.0032614919286536406,0.2884720471970801,0.00011199086658362179,0.27255361311268794,0.0003754617939271537,0.49904927637584623
oscillations,0.75,0,2,-12.3,10.68,q1,"(150, 150)",-0.0007081028890500445,0.2777744254798962,4.687505131608805e-06,0.28501551549678034,1.569433374607347e-05,0.5215177161812958
oscillations,0.75,0,2,-12.3,10.68,q2,"(150, 50)",0.0024217149115151855,0.2992210721508516,4.687505131608805e-06,0.28501551549678034,1.569433374607347e-05,0.5215177161812958
oscillations,0.75,0,2,-12.3,10.68,q3,"(50, 150)",-0.0021062845908232783,0.28723731542627806,4.687505131608805e-06,0.28501551549678034,1.569433374607347e-05,0.5215177161812958
oscillations,0.75,0,2,-12.3,10.68,q4,"(50, 50)",0.005501635121480416,0.29855076990441337,4.687505131608805e-06,0.28501551549678034,1.569433374607347e-05,0.5215177161812958
oscillations,0.75,1,2,-12.3,10.68,q1,"(150, 150)",0.0005013725345797299,0.2662417568795941,-7.264945753627878e-05,0.2778141021170875,-0.00024321880661626644,0.5083193486764771
oscillations,0.75,1,2,-12.3,10.68,q2,"(150, 50)",-0.0004173116419989704,0.2899170200619193,-7.264945753627878e-05,0.2778141021170875,-0.00024321880661626644,0.5083193486764771
oscillations,0.75,1,2,-12.3,10.68,q3,"(50, 150)",-0.00430650512167978,0.29249973136155644,-7.264945753627878e-05,0.2778141021170875,-0.00024321880661626644,0.5083193486764771
oscillations,0.75,1,2,-12.3,10.68,q4,"(50, 50)",0.008496706159238225,0.29660462059136883,-7.264945753627878e-05,0.2778141021170875,-0.00024321880661626644,0.5083193486764771
oscillations,0.75,2,2,-12.3,10.68,q1,"(150, 150)",-0.0014613886543072049,0.275543473123723,-0.0005898304378036347,0.2827199222234731,-0.0019761468726145737,0.5174879134976863
oscillations,0.75,2,2,-12.3,10.68,q2,"(150, 50)",0.0023468617515982064,0.28869017275161113,-0.0005898304378036347,0.2827199222234731,-0.0019761468726145737,0.5174879134976863
oscillations,0.75,2,2,-12.3,10.68,q3,"(50, 150)",-0.004941205609828021,0.28632625209798795,-0.0005898304378036347,0.2827199222234731,-0.0019761468726145737,0.5174879134976863
oscillations,0.75,2,2,-12.3,10.68,q4,"(50, 50)",0.011498242458596125,0.3152160705942899,-0.0005898304378036347,0.2827199222234731,-0.0019761468726145737,0.5174879134976863
oscillations,0.75,3,2,-12.3,10.68,q1,"(150, 150)",-0.0011341512108461614,0.2776448609818466,-8.249514310785398e-05,0.281262312126777,-0.0002766436723938755,0.515059828678191
oscillations,0.75,3,2,-12.3,10.68,q2,"(150, 50)",0.0031677371972971846,0.2783542896082997,-8.249514310785398e-05,0.281262312126777,-0.0002766436723938755,0.515059828678191
oscillations,0.75,3,2,-12.3,10.68,q3,"(50, 150)",0.00015155801600419446,0.2981550071300164,-8.249514310785398e-05,0.281262312126777,-0.0002766436723938755,0.515059828678191
oscillations,0.75,3,2,-12.3,10.68,q4,"(50, 50)",-0.0010704470320143497,0.2697785191465074,-8.249514310785398e-05,0.281262312126777,-0.0002766436723938755,0.515059828678191
oscillations,0.75,4,2,-12.3,10.68,q1,"(150, 150)",-0.0012359466575849593,0.2753098501082042,-0.00043003173130995085,0.2786462051857602,-0.001440642315946234,0.5100112425922955
oscillations,0.75,4,2,-12.3,10.68,q2,"(150, 50)",0.0022586509086771323,0.279190742374196,-0.00043003173130995085,0.2786462051857602,-0.001440642315946234,0.5100112425922955
oscillations,0.75,4,2,-12.3,10.68,q3,"(50, 150)",-0.003350217912451173,0.28575156451892947,-0.00043003173130995085,0.2786462051857602,-0.001440642315946234,0.5100112425922955
oscillations,0.75,4,2,-12.3,10.68,q4,"(50, 50)",0.007517713228627548,0.2849897140761237,-0.00043003173130995085,0.2786462051857602,-0.001440642315946234,0.5100112425922955
oscillations,0.75,5,2,-12.3,10.68,q1,"(150, 150)",-4.307366368949121e-05,0.26350154592626707,-1.2121293499034324e-05,0.27325392524770703,-4.062095676619963e-05,0.5002268497383473
oscillations,0.75,5,2,-12.3,10.68,q2,"(150, 50)",0.0009297408341171578,0.2764143652028293,-1.2121293499034324e-05,0.27325392524770703,-4.062095676619963e-05,0.5002268497383473
oscillations,0.75,5,2,-12.3,10.68,q3,"(50, 150)",-0.0044175810846701245,0.2872131252468627,-1.2121293499034324e-05,0.27325392524770703,-4.062095676619963e-05,0.5002268497383473
oscillations,0.75,5,2,-12.3,10.68,q4,"(50, 50)",0.010657243028879776,0.30483137789737913,-1.2121293499034324e-05,0.27325392524770703,-4.062095676619963e-05,0.5002268497383473
oscillations,0.75,6,2,-12.3,10.68,q1,"(150, 150)",-0.0010678201179470544,0.2797614067617883,-0.00019187429034928026,0.2812216300790201,-0.000643225914680792,0.5148987728678327
oscillations,0.75,6,2,-12.3,10.68,q2,"(150, 50)",0.002482237346972321,0.27133502701917117,-0.00019187429034928026,0.2812216300790201,-0.000643225914680792,0.5148987728678327
oscillations,0.75,6,2,-12.3,10.68,q3,"(50, 150)",-0.0021289645170842852,0.2953399903965881,-0.00019187429034928026,0.2812216300790201,-0.000643225914680792,0.5148987728678327
oscillations,0.75,6,2,-12.3,10.68,q4,"(50, 50)",0.005480573926270903,0.2799190399929257,-0.00019187429034928026,0.2812216300790201,-0.000643225914680792,0.5148987728678327
oscillations,0.75,7,2,-12.3,10.68,q1,"(150, 150)",-0.0004291937600191553,0.26806235634540604,-0.0001004221580283152,0.2759803979435672,-0.00033636629719750456,0.5050910013338564
oscillations,0.75,7,2,-12.3,10.68,q2,"(150, 50)",0.0012735369768290593,0.2802380476332012,-0.0001004221580283152,0.2759803979435672,-0.00033636629719750456,0.5050910013338564
oscillations,0.75,7,2,-12.3,10.68,q3,"(50, 150)",-0.0017547197647617,0.2895067867238253,-0.0001004221580283152,0.2759803979435672,-0.00033636629719750456,0.5050910013338564
oscillations,0.75,7,2,-12.3,10.68,q4,"(50, 50)",0.003699537675517274,0.2912973123368005,-0.0001004221580283152,0.2759803979435672,-0.00033636629719750456,0.5050910013338564
oscillations,0.75,8,2,-12.3,10.68,q1,"(150, 150)",2.5793004051141033e-05,0.28115843388489276,0.000178432053384438,0.28504193388602345,0.0005979125521804064,0.5217842364362623
oscillations,0.75,8,2,-12.3,10.68,q2,"(150, 50)",0.0001314481338054653,0.28527224844456256,0.000178432053384438,0.28504193388602345,0.0005979125521804064,0.5217842364362623
oscillations,0.75,8,2,-12.3,10.68,q3,"(50, 150)",-0.0011115882544583367,0.30083492939643036,0.000178432053384438,0.28504193388602345,0.0005979125521804064,0.5217842364362623
oscillations,0.75,8,2,-12.3,10.68,q4,"(50, 50)",0.005563196179649346,0.2699109941983126,0.000178432053384438,0.28504193388602345,0.0005979125521804064,0.5217842364362623
oscillations,0.75,9,2,-12.3,10.68,q1,"(150, 150)",-0.0003759087259715295,0.275227997924517,-9.14793619250033e-05,0.2803094850900376,-0.0003066689974019557,0.5132289105943868
oscillations,0.75,9,2,-12.3,10.68,q2,"(150, 50)",0.0009401586920014009,0.2779247481196693,-9.14793619250033e-05,0.2803094850900376,-0.0003066689974019557,0.5132289105943868
oscillations,0.75,9,2,-12.3,10.68,q3,"(50, 150)",-0.0036973358572528043,0.2944580251146111,-9.14793619250033e-05,0.2803094850900376,-0.0003066689974019557,0.5132289105943868
oscillations,0.75,9,2,-12.3,10.68,q4,"(50, 50)",0.010191040238697928,0.2888403037485807,-9.14793619250033e-05,0.2803094850900376,-0.0003066689974019557,0.5132289105943868
oscillations,0.75,10,2,-12.3,10.68,q1,"(150, 150)",-0.0006790482805139572,0.27007219286196427,0.00011130399950495085,0.2764357087518729,0.0003728464936100867,0.505945463663235
oscillations,0.75,10,2,-12.3,10.68,q2,"(150, 50)",0.0031514819185823953,0.28755439595995275,0.00011130399950495085,0.2764357087518729,0.0003728464936100867,0.505945463663235
oscillations,0.75,10,2,-12.3,10.68,q3,"(50, 150)",-0.0023094436425514903,0.2719884829351934,0.00011130399950495085,0.2764357087518729,0.0003728464936100867,0.505945463663235
oscillations,0.75,10,2,-12.3,10.68,q4,"(50, 50)",0.005366183688612114,0.3100676905536383,0.00011130399950495085,0.2764357087518729,0.0003728464936100867,0.505945463663235
oscillations,0.75,11,2,-12.3,10.68,q1,"(150, 150)",-0.0010074320688661202,0.27497574944645636,-0.00020911022721748634,0.28343450421175304,-0.0007009477154696585,0.518928610671364
oscillations,0.75,11,2,-12.3,10.68,q2,"(150, 50)",0.0023218499168671117,0.29978076266884196,-0.00020911022721748634,0.28343450421175304,-0.0007009477154696585,0.518928610671364
oscillations,0.75,11,2,-12.3,10.68,q3,"(50, 150)",-0.0019189239680234723,0.2915398149970789,-0.00020911022721748634,0.28343450421175304,-0.0007009477154696585,0.518928610671364
oscillations,0.75,11,2,-12.3,10.68,q4,"(50, 50)",0.004512347137784376,0.28321193816742485,-0.00020911022721748634,0.28343450421175304,-0.0007009477154696585,0.518928610671364
oscillations,0.75,12,2,-12.3,10.68,q1,"(150, 150)",0.00016745056139206828,0.27439030856232954,-0.00012405317588797544,0.2856353630731136,-0.00041604150545141214,0.5230898148104651
oscillations,0.75,12,2,-12.3,10.68,q2,"(150, 50)",-0.001760248772491259,0.29237338147328135,-0.00012405317588797544,0.2856353630731136,-0.00041604150545141214,0.5230898148104651
oscillations,0.75,12,2,-12.3,10.68,q3,"(50, 150)",0.0008806335224985309,0.2950834574512142,-0.00012405317588797544,0.2856353630731136,-0.00041604150545141214,0.5230898148104651
oscillations,0.75,12,2,-12.3,10.68,q4,"(50, 50)",-0.000853060116758034,0.33182663896765546,-0.00012405317588797544,0.2856353630731136,-0.00041604150545141214,0.5230898148104651
oscillations,0.75,13,2,-12.3,10.68,q1,"(150, 150)",-0.00019818860898132554,0.26703910150055704,0.00045496695582158936,0.2774951419788037,0.0015254550069458154,0.5081170697095782
oscillations,0.75,13,2,-12.3,10.68,q2,"(150, 50)",0.0018584400954324216,0.28757239502697346,0.00045496695582158936,0.2774951419788037,0.0015254550069458154,0.5081170697095782
oscillations,0.75,13,2,-12.3,10.68,q3,"(50, 150)",8.144570320323699e-05,0.2865525936949243,0.00045496695582158936,0.2774951419788037,0.0015254550069458154,0.5081170697095782
oscillations,0.75,13,2,-12.3,10.68,q4,"(50, 50)",0.0032435113780703772,0.30954671427457403,0.00045496695582158936,0.2774951419788037,0.0015254550069458154,0.5081170697095782
oscillations,0.75,14,2,-12.3,10.68,q1,"(150, 150)",-0.0007082557315385495,0.2726087091266884,-0.00024112313737258012,0.28190758468986016,-0.0008079857162522566,0.5160464394738932
oscillations,0.75,14,2,-12.3,10.68,q2,"(150, 50)",0.0016812940069272182,0.2869413459531656,-0.00024112313737258012,0.28190758468986016,-0.0008079857162522566,0.5160464394738932
oscillations,0.75,14,2,-12.3,10.68,q3,"(50, 150)",-0.005287091181677738,0.2964648559297232,-0.00024112313737258012,0.28190758468986016,-0.0008079857162522566,0.5160464394738932
oscillations,0.75,14,2,-12.3,10.68,q4,"(50, 50)",0.013333722910137232,0.3029136065022795,-0.00024112313737258012,0.28190758468986016,-0.0008079857162522566,0.5160464394738932
oscillations,0.75,15,2,-12.3,10.68,q1,"(150, 150)",-0.002089399415880912,0.2713895460534162,-0.00033692968630488556,0.28197410932026934,-0.0011288372101679732,0.5161245584921682
oscillations,0.75,15,2,-12.3,10.68,q2,"(150, 50)",0.004280869591239976,0.2835909940467598,-0.00033692968630488556,0.28197410932026934,-0.0011288372101679732,0.5161245584921682
oscillations,0.75,15,2,-12.3,10.68,q3,"(50, 150)",0.001323618570387993,0.30612581786601034,-0.00033692968630488556,0.28197410932026934,-0.0011288372101679732,0.5161245584921682
oscillations,0.75,15,2,-12.3,10.68,q4,"(50, 50)",-0.003399744722833866,0.29455038856293636,-0.00033692968630488556,0.28197410932026934,-0.0011288372101679732,0.5161245584921682
oscillations,0.75,16,2,-12.3,10.68,q1,"(150, 150)",0.00037976999395789826,0.2737585946778748,-3.5184442088165914e-05,0.2818320162691236,-0.00011774263227027815,0.5155631347403602
oscillations,0.75,16,2,-12.3,10.68,q2,"(150, 50)",-0.0006927959008837195,0.2819460671823989,-3.5184442088165914e-05,0.2818320162691236,-0.00011774263227027815,0.5155631347403602
oscillations,0.75,16,2,-12.3,10.68,q3,"(50, 150)",-0.0016712642046120647,0.3027445819773302,-3.5184442088165914e-05,0.2818320162691236,-0.00011774263227027815,0.5155631347403602
oscillations,0.75,16,2,-12.3,10.68,q4,"(50, 50)",0.0031112992974556093,0.28794144378029063,-3.5184442088165914e-05,0.2818320162691236,-0.00011774263227027815,0.5155631347403602
oscillations,0.75,17,2,-12.3,10.68,q1,"(150, 150)",-0.00018016189610876157,0.2747441591418726,-7.588312762047872e-05,0.2776892046276949,-0.0002541722579818398,0.5082184422599928
oscillations,0.75,17,2,-12.3,10.68,q2,"(150, 50)",0.0011725112477883575,0.2711016311383171,-7.588312762047872e-05,0.2776892046276949,-0.0002541722579818398,0.5082184422599928
oscillations,0.75,17,2,-12.3,10.68,q3,"(50, 150)",-0.004057063552943144,0.2882767899075741,-7.588312762047872e-05,0.2776892046276949,-0.0002541722579818398,0.5082184422599928
oscillations,0.75,17,2,-12.3,10.68,q4,"(50, 50)",0.00906098393851556,0.29066634126533714,-7.588312762047872e-05,0.2776892046276949,-0.0002541722579818398,0.5082184422599928
oscillations,0.75,18,2,-12.3,10.68,q1,"(150, 150)",-0.001805677285677242,0.2692272022489037,-0.00024656909612445917,0.27734782469490055,-0.0008260963099906492,0.5076570013529528
oscillations,0.75,18,2,-12.3,10.68,q2,"(150, 50)",0.003402657381156882,0.28549127302840166,-0.00024656909612445917,0.27734782469490055,-0.0008260963099906492,0.5076570013529528
oscillations,0.75,18,2,-12.3,10.68,q3,"(50, 150)",-0.0016401559411229325,0.289829747825158,-0.00024656909612445917,0.27734782469490055,-0.0008260963099906492,0.5076570013529528
oscillations,0.75,18,2,-12.3,10.68,q4,"(50, 50)",0.007018485713001986,0.28593599219160337,-0.00024656909612445917,0.27734782469490055,-0.0008260963099906492,0.5076570013529528
oscillations,0.75,19,2,-12.3,10.68,q1,"(150, 150)",0.0002957652459526479,0.27264254083882994,-0.00042147744039895983,0.2804809390603284,-0.0014116300440390507,0.5133049831152635
oscillations,0.75,19,2,-12.3,10.68,q2,"(150, 50)",-0.001556706001599413,0.28418687155810185,-0.00042147744039895983,0.2804809390603284,-0.0014116300440390507,0.5133049831152635
oscillations,0.75,19,2,-12.3,10.68,q3,"(50, 150)",-0.0031940550974980824,0.29004573378758647,-0.00042147744039895983,0.2804809390603284,-0.0014116300440390507,0.5133049831152635
oscillations,0.75,19,2,-12.3,10.68,q4,"(50, 50)",0.004846757037335302,0.30819132070785893,-0.00042147744039895983,0.2804809390603284,-0.0014116300440390507,0.5133049831152635
oscillations,0.75,20,2,-12.3,10.68,q1,"(150, 150)",6.400546163753684e-05,0.2667570102863832,7.165036180534128e-05,0.2773437425948353,0.00023991415303981566,0.5075012055478378
oscillations,0.75,20,2,-12.3,10.68,q2,"(150, 50)",0.0006656120740404095,0.28725259551814314,7.165036180534128e-05,0.2773437425948353,0.00023991415303981566,0.5075012055478378
oscillations,0.75,20,2,-12.3,10.68,q3,"(50, 150)",-0.001501470015862085,0.2951508987128404,7.165036180534128e-05,0.2773437425948353,0.00023991415303981566,0.5075012055478378
oscillations,0.75,20,2,-12.3,10.68,q4,"(50, 50)",0.003077930459612652,0.2852670001986458,7.165036180534128e-05,0.2773437425948353,0.00023991415303981566,0.5075012055478378
oscillations,0.75,21,2,-12.3,10.68,q1,"(150, 150)",-0.0008670579729391676,0.27377911484639006,2.7894998964158414e-05,0.28227887279423886,9.341928655109806e-05,0.5165750992988596
oscillations,0.75,21,2,-12.3,10.68,q2,"(150, 50)",0.002335738639404017,0.2950285367312883,2.7894998964158414e-05,0.28227887279423886,9.341928655109806e-05,0.5165750992988596
oscillations,0.75,21,2,-12.3,10.68,q3,"(50, 150)",-0.0012068419821412793,0.2849610261855506,2.7894998964158414e-05,0.28227887279423886,9.341928655109806e-05,0.5165750992988596
oscillations,0.75,21,2,-12.3,10.68,q4,"(50, 50)",0.004863151768090825,0.3090659262375514,2.7894998964158414e-05,0.28227887279423886,9.341928655109806e-05,0.5165750992988596
oscillations,0.75,22,2,-12.3,10.68,q1,"(150, 150)",-0.00022117142925943528,0.2739292099829945,2.248739840617695e-05,0.27751351549307157,7.530943873468504e-05,0.5078544169537837
oscillations,0.75,22,2,-12.3,10.68,q2,"(150, 50)",0.0019578982455268085,0.28215905593973717,2.248739840617695e-05,0.27751351549307157,7.530943873468504e-05,0.5078544169537837
oscillations,0.75,22,2,-12.3,10.68,q3,"(50, 150)",-0.0009732728940243426,0.27910256584783333,2.248739840617695e-05,0.27751351549307157,7.530943873468504e-05,0.5078544169537837
oscillations,0.75,22,2,-12.3,10.68,q4,"(50, 50)",-0.000603534816673648,0.29040325090726465,2.248739840617695e-05,0.27751351549307157,7.530943873468504e-05,0.5078544169537837
oscillations,0.75,23,2,-12.3,10.68,q1,"(150, 150)",0.0006064718166612139,0.26768124858796544,0.0001375440461958702,0.27622672297083883,0.00046089987834755763,0.5056476152322994
oscillations,0.75,23,2,-12.3,10.68,q2,"(150, 50)",-0.0010402722105143356,0.2779644877189023,0.0001375440461958702,0.27622672297083883,0.00046089987834755763,0.5056476152322994
oscillations,0.75,23,2,-12.3,10.68,q3,"(50, 150)",-0.001673973535995937,0.29478883131311606,0.0001375440461958702,0.27622672297083883,0.00046089987834755763,0.5056476152322994
oscillations,0.75,23,2,-12.3,10.68,q4,"(50, 50)",0.004885195628713813,0.28880325802418433,0.0001375440461958702,0.27622672297083883,0.00046089987834755763,0.5056476152322994
oscillations,0.75,24,2,-12.3,10.68,q1,"(150, 150)",-0.0015800715170657819,0.28066629178210645,-0.00014940166516753882,0.2809296001980972,-0.0005008856430057463,0.5143857507215505
oscillations,0.75,24,2,-12.3,10.68,q2,"(150, 50)",0.0031019740538692593,0.26930209507625374,-0.00014940166516753882,0.2809296001980972,-0.0005008856430057463,0.5143857507215505
oscillations,0.75,24,2,-12.3,10.68,q3,"(50, 150)",-0.0019200926754649572,0.29843750618264486,-0.00014940166516753882,0.2809296001980972,-0.0005008856430057463,0.5143857507215505
oscillations,0.75,24,2,-12.3,10.68,q4,"(50, 50)",0.008284572875698507,0.26245870917778,-0.00014940166516753882,0.2809296001980972,-0.0005008856430057463,0.5143857507215505
oscillations,0.75,25,2,-12.3,10.68,q1,"(150, 150)",-0.0007782849659675893,0.28558461781849903,-6.284821317515181e-05,0.2831902849191718,-0.00021030019466338412,0.5180261640049044
oscillations,0.75,25,2,-12.3,10.68,q2,"(150, 50)",0.0024410439006219433,0.26273459506895747,-6.284821317515181e-05,0.2831902849191718,-0.00021030019466338412,0.5180261640049044
oscillations,0.75,25,2,-12.3,10.68,q3,"(50, 150)",-0.001007429726038869,0.29189075683116966,-6.284821317515181e-05,0.2831902849191718,-0.00021030019466338412,0.5180261640049044
oscillations,0.75,25,2,-12.3,10.68,q4,"(50, 50)",0.0016981507591566512,0.29394284673598736,-6.284821317515181e-05,0.2831902849191718,-0.00021030019466338412,0.5180261640049044
oscillations,0.75,26,2,-12.3,10.68,q1,"(150, 150)",-0.003069562870109275,0.2684848036268719,-0.000733019667790263,0.2806272038276975,-0.002456088684169084,0.5136774425091926
oscillations,0.75,26,2,-12.3,10.68,q2,"(150, 50)",0.005572677453959417,0.2903401556612416,-0.000733019667790263,0.2806272038276975,-0.002456088684169084,0.5136774425091926
oscillations,0.75,26,2,-12.3,10.68,q3,"(50, 150)",-0.0027965038375743633,0.30459376029915725,-0.000733019667790263,0.2806272038276975,-0.002456088684169084,0.5136774425091926
oscillations,0.75,26,2,-12.3,10.68,q4,"(50, 50)",0.007569230297184106,0.2824797628585669,-0.000733019667790263,0.2806272038276975,-0.002456088684169084,0.5136774425091926
oscillations,0.75,27,2,-12.3,10.68,q1,"(150, 150)",0.0014403789322711418,0.27791637579199685,0.0006283626808641488,0.2880303820450602,0.002104538828984841,0.5271195843516489
oscillations,0.75,27,2,-12.3,10.68,q2,"(150, 50)",-0.0019165615952123527,0.2982860825499275,0.0006283626808641488,0.2880303820450602,0.002104538828984841,0.5271195843516489
oscillations,0.75,27,2,-12.3,10.68,q3,"(50, 150)",-0.0011114126221775157,0.29888661942614964,0.0006283626808641488,0.2880303820450602,0.002104538828984841,0.5271195843516489
oscillations,0.75,27,2,-12.3,10.68,q4,"(50, 50)",0.0061743151555557095,0.31186184610466894,0.0006283626808641488,0.2880303820450602,0.002104538828984841,0.5271195843516489
oscillations,0.75,28,2,-12.3,10.68,q1,"(150, 150)",-0.0016519958540282126,0.2751543472349766,0.00013698618014976863,0.28227568039676415,0.0004588383190412597,0.5166123748538702
oscillations,0.75,28,2,-12.3,10.68,q2,"(150, 50)",0.005771403782981084,0.28936126420429575,0.00013698618014976863,0.28227568039676415,0.0004588383190412597,0.5166123748538702
oscillations,0.75,28,2,-12.3,10.68,q3,"(50, 150)",-0.0002558008865811289,0.2951063345456636,0.00013698618014976863,0.28227568039676415,0.0004588383190412597,0.5166123748538702
oscillations,0.75,28,2,-12.3,10.68,q4,"(50, 50)",0.0005129328794503444,0.28443980851014994,0.00013698618014976863,0.28227568039676415,0.0004588383190412597,0.5166123748538702
oscillations,0.75,29,2,-12.3,10.68,q1,"(150, 150)",-0.000864493491478365,0.28452656881589033,0.00010080517852950335,0.2851651995287268,0.00033787557744093633,0.5220756524126369
oscillations,0.75,29,2,-12.3,10.68,q2,"(150, 50)",0.0035346797650188566,0.26268549625193566,0.00010080517852950335,0.2851651995287268,0.00033787557744093633,0.5220756524126369
oscillations,0.75,29,2,-12.3,10.68,q3,"(50, 150)",-0.0002320336606272317,0.30819328711962013,0.00010080517852950335,0.2851651995287268,0.00033787557744093633,0.5220756524126369
oscillations,0.75,29,2,-12.3,10.68,q4,"(50, 50)",-0.000514614033397536,0.28373218501443387,0.00010080517852950335,0.2851651995287268,0.00033787557744093633,0.5220756524126369
oscillations,0.75,30,2,-12.3,10.68,q1,"(150, 150)",-0.00011315359459472242,0.2819581589827499,-0.00045952619130105744,0.2877728582701731,-0.0015403542824136687,0.5268702825225994
oscillations,0.75,30,2,-12.3,10.68,q2,"(150, 50)",-0.0013243267985251733,0.2842265803186049,-0.00045952619130105744,0.2877728582701731,-0.0015403542824136687,0.5268702825225994
oscillations,0.75,30,2,-12.3,10.68,q3,"(50, 150)",-0.0051552352669494645,0.3094820486734431,-0.00045952619130105744,0.2877728582701731,-0.0015403542824136687,0.5268702825225994
oscillations,0.75,30,2,-12.3,10.68,q4,"(50, 50)",0.013104649486959496,0.2820686707312164,-0.00045952619130105744,0.2877728582701731,-0.0015403542824136687,0.5268702825225994
oscillations,0.75,31,2,-12.3,10.68,q1,"(150, 150)",0.001554948270794133,0.2862584360961722,0.000201608189497652,0.2850447668975318,0.0006756872710436609,0.5218330732828494
oscillations,0.75,31,2,-12.3,10.68,q2,"(150, 50)",-0.0036839600424461837,0.2721703904235564,0.000201608189497652,0.2850447668975318,0.0006756872710436609,0.5218330732828494
oscillations,0.75,31,2,-12.3,10.68,q3,"(50, 150)",0.001611527793920289,0.2932739905896551,0.000201608189497652,0.2850447668975318,0.0006756872710436609,0.5218330732828494
oscillations,0.75,31,2,-12.3,10.68,q4,"(50, 50)",-0.004551506659607084,0.28664242306242915,0.000201608189497652,0.2850447668975318,0.0006756872710436609,0.5218330732828494
oscillations,0.75,32,2,-12.3,10.68,q1,"(150, 150)",0.0003989959893045232,0.2874935287057859,-0.00015195863089667792,0.28738207964644835,-0.0005087332805379239,0.5258258461810205
oscillations,0.75,32,2,-12.3,10.68,q2,"(150, 50)",-0.0008052545708351355,0.2775342249446695,-0.00015195863089667792,0.28738207964644835,-0.0005087332805379239,0.5258258461810205
oscillations,0.75,32,2,-12.3,10.68,q3,"(50, 150)",-0.001531721262249989,0.2936285126236649,-0.00015195863089667792,0.28738207964644835,-0.0005087332805379239,0.5258258461810205
oscillations,0.75,32,2,-12.3,10.68,q4,"(50, 50)",0.000988625501167823,0.29631523917114416,-0.00015195863089667792,0.28738207964644835,-0.0005087332805379239,0.5258258461810205
oscillations,0.75,33,2,-12.3,10.68,q1,"(150, 150)",-0.0004650407580784984,0.2799499483778643,-0.0002431334951433634,0.284094176655271,-0.0008145175716695584,0.5199837720919347
oscillations,0.75,33,2,-12.3,10.68,q2,"(150, 50)",0.00014687253556239834,0.28172742374265486,-0.0002431334951433634,0.284094176655271,-0.0008145175716695584,0.5199837720919347
oscillations,0.75,33,2,-12.3,10.68,q3,"(50, 150)",-0.003965179444904134,0.3002080281142857,-0.0002431334951433634,0.284094176655271,-0.0008145175716695584,0.5199837720919347
oscillations,0.75,33,2,-12.3,10.68,q4,"(50, 50)",0.011750151628437875,0.2780869529758871,-0.0002431334951433634,0.284094176655271,-0.0008145175716695584,0.5199837720919347
oscillations,0.75,34,2,-12.3,10.68,q1,"(150, 150)",0.001540360377048227,0.2797920239961703,0.0006458526475457918,0.28240638622383263,0.0021631169640652825,0.51682691780569
oscillations,0.75,34,2,-12.3,10.68,q2,"(150, 50)",-0.0018932103832058928,0.2721748548614649,0.0006458526475457918,0.28240638622383263,0.0021631169640652825,0.51682691780569
oscillations,0.75,34,2,-12.3,10.68,q3,"(50, 150)",0.0027372532126901175,0.2993141246639729,0.0006458526475457918,0.28240638622383263,0.0021631169640652825,0.51682691780569
oscillations,0.75,34,2,-12.3,10.68,q4,"(50, 50)",-0.006061729521154045,0.28357139414811183,0.0006458526475457918,0.28240638622383263,0.0021631169640652825,0.51682691780569
oscillations,0.75,35,2,-12.3,10.68,q1,"(150, 150)",-0.000402791080805018,0.2733325650234784,4.175689024334066e-05,0.27617398062411563,0.00013990079652681403,0.5055088550475504
oscillations,0.75,35,2,-12.3,10.68,q2,"(150, 50)",-0.00021218289849980372,0.26864448809938096,4.175689024334066e-05,0.27617398062411563,0.00013990079652681403,0.5055088550475504
oscillations,0.75,35,2,-12.3,10.68,q3,"(50, 150)",0.003017143346601045,0.2890675870355279,4.175689024334066e-05,0.27617398062411563,0.00013990079652681403,0.5055088550475504
oscillations,0.75,35,2,-12.3,10.68,q4,"(50, 50)",-0.004121651373165113,0.28411477235955734,4.175689024334066e-05,0.27617398062411563,0.00013990079652681403,0.5055088550475504
oscillations,0.75,36,2,-12.3,10.68,q1,"(150, 150)",-0.0011566255133608236,0.2756011791881855,-0.00042757389344299065,0.2798458855363674,-0.0014336090308231034,0.5124216931479648
oscillations,0.75,36,2,-12.3,10.68,q2,"(150, 50)",0.003146303829442986,0.2847036718956136,-0.00042757389344299065,0.2798458855363674,-0.0014336090308231034,0.5124216931479648
oscillations,0.75,36,2,-12.3,10.68,q3,"(50, 150)",-0.005201047192975301,0.28356624635452043,-0.00042757389344299065,0.2798458855363674,-0.0014336090308231034,0.5124216931479648
oscillations,0.75,36,2,-12.3,10.68,q4,"(50, 50)",0.009732677415756513,0.29120910667174427,-0.00042757389344299065,0.2798458855363674,-0.0014336090308231034,0.5124216931479648
oscillations,0.75,37,2,-12.3,10.68,q1,"(150, 150)",0.00014574377276624362,0.280191663962283,0.0003693990460018022,0.2849049052457307,0.0012368961861771392,0.5213361132496753
oscillations,0.75,37,2,-12.3,10.68,q2,"(150, 50)",0.0008687950714532448,0.27952183150083404,0.0003693990460018022,0.2849049052457307,0.0012368961861771392,0.5213361132496753
oscillations,0.75,37,2,-12.3,10.68,q3,"(50, 150)",-0.0007005677428574273,0.29598104895663535,0.0003693990460018022,0.2849049052457307,0.0012368961861771392,0.5213361132496753
oscillations,0.75,37,2,-12.3,10.68,q4,"(50, 50)",0.00409400879534519,0.3081174306553551,0.0003693990460018022,0.2849049052457307,0.0012368961861771392,0.5213361132496753
oscillations,0.75,38,2,-12.3,10.68,q1,"(150, 150)",-0.0020273133653686726,0.2677493114642527,-0.0002958886640751261,0.27693630339992786,-0.0009919995442967944,0.5070734601502663
oscillations,0.75,38,2,-12.3,10.68,q2,"(150, 50)",0.0041725416004946,0.2935114517306157,-0.0002958886640751261,0.27693630339992786,-0.0009919995442967944,0.5070734601502663
oscillations,0.75,38,2,-12.3,10.68,q3,"(50, 150)",0.0009492280819772526,0.28425507366499886,-0.0002958886640751261,0.27693630339992786,-0.0009919995442967944,0.5070734601502663
oscillations,0.75,38,2,-12.3,10.68,q4,"(50, 50)",-0.0018537073842995273,0.2845144947205015,-0.0002958886640751261,0.27693630339992786,-0.0009919995442967944,0.5070734601502663
oscillations,0.75,39,2,-12.3,10.68,q1,"(150, 150)",4.279114696759755e-06,0.26992112929583395,-0.0002399118186207662,0.2788741498210639,-0.0008034555211680054,0.5103439610683009
oscillations,0.75,39,2,-12.3,10.68,q2,"(150, 50)",-0.0008820342937286515,0.27240369220934535,-0.0002399118186207662,0.2788741498210639,-0.0008034555211680054,0.5103439610683009
oscillations,0.75,39,2,-12.3,10.68,q3,"(50, 150)",-0.0022840469385853493,0.30452990432852467,-0.0002399118186207662,0.2788741498210639,-0.0008034555211680054,0.5103439610683009
oscillations,0.75,39,2,-12.3,10.68,q4,"(50, 50)",0.0056211425667389,0.296210322444072,-0.0002399118186207662,0.2788741498210639,-0.0008034555211680054,0.5103439610683009
oscillations,0.75,40,2,-12.3,10.68,q1,"(150, 150)",-0.00020002380897846852,0.2727931603943663,0.0003476867454088622,0.27815371358865393,0.0011644871319060935,0.5090463701452159
oscillations,0.75,40,2,-12.3,10.68,q2,"(150, 50)",0.0027523852984569714,0.28029058135848683,0.0003476867454088622,0.27815371358865393,0.0011644871319060935,0.5090463701452159
oscillations,0.75,40,2,-12.3,10.68,q3,"(50, 150)",-0.00042265954895621933,0.2872769713245009,0.0003476867454088622,0.27815371358865393,0.0011644871319060935,0.5090463701452159
oscillations,0.75,40,2,-12.3,10.68,q4,"(50, 50)",0.00037402495884575587,0.2913286898900582,0.0003476867454088622,0.27815371358865393,0.0011644871319060935,0.5090463701452159
oscillations,0.75,41,2,-12.3,10.68,q1,"(150, 150)",-0.0025409306354027055,0.26543602460549875,-0.0004634895705138982,0.2759127752886823,-0.0015516892216735783,0.5048388393939951
oscillations,0.75,41,2,-12.3,10.68,q2,"(150, 50)",0.005917755473976901,0.28307339953087596,-0.0004634895705138982,0.2759127752886823,-0.0015516892216735783,0.5048388393939951
oscillations,0.75,41,2,-12.3,10.68,q3,"(50, 150)",-0.002908858401600435,0.2983886510031371,-0.0004634895705138982,0.2759127752886823,-0.0015516892216735783,0.5048388393939951
oscillations,0.75,41,2,-12.3,10.68,q4,"(50, 50)",0.0064258513732725845,0.276068451157018,-0.0004634895705138982,0.2759127752886823,-0.0015516892216735783,0.5048388393939951
oscillations,0.75,42,2,-12.3,10.68,q1,"(150, 150)",-0.0012088028768018992,0.2788390461036271,0.0002125988097931618,0.28375695664287964,0.0007119256920658406,0.5192579445863917
oscillations,0.75,42,2,-12.3,10.68,q2,"(150, 50)",0.0037406797377824434,0.29504002270228313,0.0002125988097931618,0.28375695664287964,0.0007119256920658406,0.5192579445863917
oscillations,0.75,42,2,-12.3,10.68,q3,"(50, 150)",0.0019358175323650375,0.2836529044120373,0.0002125988097931618,0.28375695664287964,0.0007119256920658406,0.5192579445863917
oscillations,0.75,42,2,-12.3,10.68,q4,"(50, 50)",-0.0027486849625347675,0.29314038567113454,0.0002125988097931618,0.28375695664287964,0.0007119256920658406,0.5192579445863917
oscillations,0.75,43,2,-12.3,10.68,q1,"(150, 150)",-0.0011829585644905897,0.2735110398435099,-0.00037061484396500017,0.2785736441185513,-0.0012412788879343545,0.5098147565998438
oscillations,0.75,43,2,-12.3,10.68,q2,"(150, 50)",0.001886890599993061,0.2738356570166555,-0.00037061484396500017,0.2785736441185513,-0.0012412788879343545,0.5098147565998438
oscillations,0.75,43,2,-12.3,10.68,q3,"(50, 150)",-0.0007538280653122817,0.2894884069830971,-0.00037061484396500017,0.2785736441185513,-0.0012412788879343545,0.5098147565998438
oscillations,0.75,43,2,-12.3,10.68,q4,"(50, 50)",0.0013176019729329704,0.3032899102719227,-0.00037061484396500017,0.2785736441185513,-0.0012412788879343545,0.5098147565998438
oscillations,0.75,44,2,-12.3,10.68,q1,"(150, 150)",-2.0192684539399705e-05,0.277355758950644,0.0005325359722615268,0.2821420918361617,0.0017837413239374527,0.5163658669043272
oscillations,0.75,44,2,-12.3,10.68,q2,"(150, 50)",0.0014043165265575648,0.2749188073510655,0.0005325359722615268,0.2821420918361617,0.0017837413239374527,0.5163658669043272
oscillations,0.75,44,2,-12.3,10.68,q3,"(50, 150)",3.932453229942633e-05,0.29514243440016596,0.0005325359722615268,0.2821420918361617,0.0017837413239374527,0.5163658669043272
oscillations,0.75,44,2,-12.3,10.68,q4,"(50, 50)",0.00437138654046805,0.30535534836519657,0.0005325359722615268,0.2821420918361617,0.0017837413239374527,0.5163658669043272
oscillations,0.75,45,2,-12.3,10.68,q1,"(150, 150)",0.00013460531946746007,0.26413346739272087,-0.00024295988538712408,0.2745851351602021,-0.0008144816808150334,0.5027475885182348
oscillations,0.75,45,2,-12.3,10.68,q2,"(150, 50)",-0.00015745120170422428,0.27608217788501294,-0.00024295988538712408,0.2745851351602021,-0.0008144816808150334,0.5027475885182348
oscillations,0.75,45,2,-12.3,10.68,q3,"(50, 150)",-0.005059006900004131,0.2894764071720035,-0.00024295988538712408,0.2745851351602021,-0.0008144816808150334,0.5027475885182348
oscillations,0.75,45,2,-12.3,10.68,q4,"(50, 50)",0.010550568263723937,0.3133883851823362,-0.00024295988538712408,0.2745851351602021,-0.0008144816808150334,0.5027475885182348
oscillations,0.75,46,2,-12.3,10.68,q1,"(150, 150)",0.002365777679312744,0.2676055951086317,0.0006873110668208743,0.27561382161889275,0.002300815354660221,0.504268729784731
oscillations,0.75,46,2,-12.3,10.68,q2,"(150, 50)",-0.0035365059312869335,0.28376257520680614,0.0006873110668208743,0.27561382161889275,0.002300815354660221,0.504268729784731
oscillations,0.75,46,2,-12.3,10.68,q3,"(50, 150)",-0.0005379050764222432,0.28207011589371617,0.0006873110668208743,0.27561382161889275,0.002300815354660221,0.504268729784731
oscillations,0.75,46,2,-12.3,10.68,q4,"(50, 50)",0.0019282109784468293,0.30092141720728965,0.0006873110668208743,0.27561382161889275,0.002300815354660221,0.504268729784731
oscillations,0.75,47,2,-12.3,10.68,q1,"(150, 150)",-0.00042088850545833053,0.2800330478503071,-0.0005767460394143525,0.2828081824504294,-0.001932956981698709,0.517736318268977
oscillations,0.75,47,2,-12.3,10.68,q2,"(150, 50)",-0.000805513483771092,0.2749540743895001,-0.0005767460394143525,0.2828081824504294,-0.001932956981698709,0.517736318268977
oscillations,0.75,47,2,-12.3,10.68,q3,"(50, 150)",-0.0010493336488039712,0.30043137971068035,-0.0005767460394143525,0.2828081824504294,-0.001932956981698709,0.517736318268977
oscillations,0.75,47,2,-12.3,10.68,q4,"(50, 50)",0.00012460131622053083,0.2763025689925394,-0.0005767460394143525,0.2828081824504294,-0.001932956981698709,0.517736318268977
oscillations,0.75,48,2,-12.3,10.68,q1,"(150, 150)",-0.0005249291952162915,0.27913092110006665,-4.9287756398855495e-05,0.28157938843726443,-0.0001650489958940331,0.5152734485572545
oscillations,0.75,48,2,-12.3,10.68,q2,"(150, 50)",0.0012125637599719047,0.27092620993303446,-4.9287756398855495e-05,0.28157938843726443,-0.0001650489958940331,0.5152734485572545
oscillations,0.75,48,2,-12.3,10.68,q3,"(50, 150)",-0.002409746202852618,0.2994038934915104,-4.9287756398855495e-05,0.28157938843726443,-0.0001650489958940331,0.5152734485572545
oscillations,0.75,48,2,-12.3,10.68,q4,"(50, 50)",0.00752730598320707,0.2795577773383764,-4.9287756398855495e-05,0.28157938843726443,-0.0001650489958940331,0.5152734485572545
oscillations,0.75,49,2,-12.3,10.68,q1,"(150, 150)",0.00013853159553204632,0.2679532114608859,-0.00018589514032028897,0.27578824180515626,-0.0006222952224296226,0.5045912667200678
oscillations,0.75,49,2,-12.3,10.68,q2,"(150, 50)",-0.0004920294629364913,0.2866130430102292,-0.00018589514032028897,0.27578824180515626,-0.0006222952224296226,0.5045912667200678
oscillations,0.75,49,2,-12.3,10.68,q3,"(50, 150)",-0.003606428934798931,0.28588554888120143,-0.00018589514032028897,0.27578824180515626,-0.0006222952224296226,0.5045912667200678
oscillations,0.75,49,2,-12.3,10.68,q4,"(50, 50)",0.008074268588293227,0.28110291347050725,-0.00018589514032028897,0.27578824180515626,-0.0006222952224296226,0.5045912667200678
oscillations,0.75,0,3,-17.0,8.65,q1,"(150, 150)",-0.003178277467549284,0.29711623521582975,-0.0002664365891381047,0.29559298543412504,-0.0008937825868436916,0.5413931049576727
oscillations,0.75,0,3,-17.0,8.65,q2,"(150, 50)",0.008497355241995965,0.2796714072251068,-0.0002664365891381047,0.29559298543412504,-0.0008937825868436916,0.5413931049576727
oscillations,0.75,0,3,-17.0,8.65,q3,"(50, 150)",-0.0013983586819122738,0.3091695928647815,-0.0002664365891381047,0.29559298543412504,-0.0008937825868436916,0.5413931049576727
oscillations,0.75,0,3,-17.0,8.65,q4,"(50, 50)",0.0030445221014828066,0.28596077763241656,-0.0002664365891381047,0.29559298543412504,-0.0008937825868436916,0.5413931049576727
oscillations,0.75,1,3,-17.0,8.65,q1,"(150, 150)",0.001136737286977083,0.28507458352946485,0.0005365173215792638,0.2899067565070214,0.0017969264726760917,0.5305543374676236
oscillations,0.75,1,3,-17.0,8.65,q2,"(150, 50)",-0.0011484858123900778,0.2864468272514381,0.0005365173215792638,0.2899067565070214,0.0017969264726760917,0.5305543374676236
oscillations,0.75,1,3,-17.0,8.65,q3,"(50, 150)",0.0019951496570462524,0.3011241974797523,0.0005365173215792638,0.2899067565070214,0.0017969264726760917,0.5305543374676236
oscillations,0.75,1,3,-17.0,8.65,q4,"(50, 50)",-0.004186349971494046,0.30838940657950176,0.0005365173215792638,0.2899067565070214,0.0017969264726760917,0.5305543374676236
oscillations,0.75,2,3,-17.0,8.65,q1,"(150, 150)",-0.0017326855743493525,0.29655407780278126,-0.00029172406917289684,0.29034827190174256,-0.0009779553106701202,0.5316087287185398
oscillations,0.75,2,3,-17.0,8.65,q2,"(150, 50)",0.003458675012069637,0.2609455548528121,-0.00029172406917289684,0.29034827190174256,-0.0009779553106701202,0.5316087287185398
oscillations,0.75,2,3,-17.0,8.65,q3,"(50, 150)",-0.002535193642307287,0.30207787352766646,-0.00029172406917289684,0.29034827190174256,-0.0009779553106701202,0.5316087287185398
oscillations,0.75,2,3,-17.0,8.65,q4,"(50, 50)",0.008156140953090767,0.2813481684139091,-0.00029172406917289684,0.29034827190174256,-0.0009779553106701202,0.5316087287185398
oscillations,0.75,3,3,-17.0,8.65,q1,"(150, 150)",8.058116722276078e-05,0.2966063700487933,0.00041604555346877047,0.2918288429105832,0.0013935540226721497,0.5340951551828036
oscillations,0.75,3,3,-17.0,8.65,q2,"(150, 50)",0.002644985286959956,0.27192647223599137,0.00041604555346877047,0.2918288429105832,0.0013935540226721497,0.5340951551828036
oscillations,0.75,3,3,-17.0,8.65,q3,"(50, 150)",-0.0022705076052828084,0.3024483722231668,0.00041604555346877047,0.2918288429105832,0.0013935540226721497,0.5340951551828036
oscillations,0.75,3,3,-17.0,8.65,q4,"(50, 50)",0.0048080653054640345,0.2730076843533814,0.00041604555346877047,0.2918288429105832,0.0013935540226721497,0.5340951551828036
oscillations,0.75,4,3,-17.0,8.65,q1,"(150, 150)",0.00010727893501629464,0.2892537138642954,0.00017235422290610175,0.2882564424423439,0.0005771110761965578,0.5274697771493689
oscillations,0.75,4,3,-17.0,8.65,q2,"(150, 50)",0.0011773512802868455,0.2785360122421954,0.00017235422290610175,0.2882564424423439,0.0005771110761965578,0.5274697771493689
oscillations,0.75,4,3,-17.0,8.65,q3,"(50, 150)",-0.003162478052170228,0.30377255690710536,0.00017235422290610175,0.2882564424423439,0.0005771110761965578,0.5274697771493689
oscillations,0.75,4,3,-17.0,8.65,q4,"(50, 50)",0.007747537467001121,0.2584279061289491,0.00017235422290610175,0.2882564424423439,0.0005771110761965578,0.5274697771493689
oscillations,0.75,5,3,-17.0,8.65,q1,"(150, 150)",-0.0014157985167290617,0.28947792257243116,-0.0005420993318324192,0.291312451473083,-0.001815469965949158,0.5331045385868645
oscillations,0.75,5,3,-17.0,8.65,q2,"(150, 50)",0.0022315801460869636,0.2829469273284197,-0.0005420993318324192,0.291312451473083,-0.001815469965949158,0.5331045385868645
oscillations,0.75,5,3,-17.0,8.65,q3,"(50, 150)",-0.0007930285848069093,0.3068756485900865,-0.0005420993318324192,0.291312451473083,-0.001815469965949158,0.5331045385868645
oscillations,0.75,5,3,-17.0,8.65,q4,"(50, 50)",-0.00024705734259731,0.2844376787307676,-0.0005420993318324192,0.291312451473083,-0.001815469965949158,0.5331045385868645
oscillations,0.75,6,3,-17.0,8.65,q1,"(150, 150)",0.0009625005544275417,0.29330758228455983,0.00041405180843146334,0.2994611141130456,0.001386875928425601,0.5480635543214086
oscillations,0.75,6,3,-17.0,8.65,q2,"(150, 50)",-0.00011302387868061701,0.28494167966371875,0.00041405180843146334,0.2994611141130456,0.001386875928425601,0.5480635543214086
oscillations,0.75,6,3,-17.0,8.65,q3,"(50, 150)",-0.003407365140916755,0.3234904593801382,0.00041405180843146334,0.2994611141130456,0.001386875928425601,0.5480635543214086
oscillations,0.75,6,3,-17.0,8.65,q4,"(50, 50)",0.008523491003847654,0.32084369058295015,0.00041405180843146334,0.2994611141130456,0.001386875928425601,0.5480635543214086
oscillations,0.75,7,3,-17.0,8.65,q1,"(150, 150)",-0.0024169357772436065,0.2961982096756923,-0.0003678593574101468,0.29405078630978676,-0.001232669372238071,0.5382746718487221
oscillations,0.75,7,3,-17.0,8.65,q2,"(150, 50)",0.005570311333595391,0.27751250517971454,-0.0003678593574101468,0.29405078630978676,-0.001232669372238071,0.5382746718487221
oscillations,0.75,7,3,-17.0,8.65,q3,"(50, 150)",-0.002180801310652412,0.3102892046951614,-0.0003678593574101468,0.29405078630978676,-0.001232669372238071,0.5382746718487221
oscillations,0.75,7,3,-17.0,8.65,q4,"(50, 50)",0.005698142207801176,0.27163477354466337,-0.0003678593574101468,0.29405078630978676,-0.001232669372238071,0.5382746718487221
oscillations,0.75,8,3,-17.0,8.65,q1,"(150, 150)",-1.7769911392096087e-06,0.290817848609436,-3.445461636802594e-06,0.29171447698690545,-1.154645320644219e-05,0.5340212918353403
oscillations,0.75,8,3,-17.0,8.65,q2,"(150, 50)",-0.0004493144591533788,0.27164429780389643,-3.445461636802594e-06,0.29171447698690545,-1.154645320644219e-05,0.5340212918353403
oscillations,0.75,8,3,-17.0,8.65,q3,"(50, 150)",-0.0021766953503217727,0.312042142650859,-3.445461636802594e-06,0.29171447698690545,-1.154645320644219e-05,0.5340212918353403
oscillations,0.75,8,3,-17.0,8.65,q4,"(50, 50)",0.0078388949624895,0.2946576827131327,-3.445461636802594e-06,0.29171447698690545,-1.154645320644219e-05,0.5340212918353403
oscillations,0.75,9,3,-17.0,8.65,q1,"(150, 150)",-3.7488336731321365e-05,0.30047139133899814,-2.8215045930791004e-05,0.2953225994904441,-9.448320110771378e-05,0.5404227168933562
oscillations,0.75,9,3,-17.0,8.65,q2,"(150, 50)",0.000927151033084413,0.29189833027882944,-2.8215045930791004e-05,0.2953225994904441,-9.448320110771378e-05,0.5404227168933562
oscillations,0.75,9,3,-17.0,8.65,q3,"(50, 150)",-0.004878568375438031,0.2858127477196348,-2.8215045930791004e-05,0.2953225994904441,-9.448320110771378e-05,0.5404227168933562
oscillations,0.75,9,3,-17.0,8.65,q4,"(50, 50)",0.01174020632275009,0.2863686309485538,-2.8215045930791004e-05,0.2953225994904441,-9.448320110771378e-05,0.5404227168933562
oscillations,0.75,10,3,-17.0,8.65,q1,"(150, 150)",0.00023184966063685534,0.2890431757459571,-0.0002508825525724782,0.28733064877517966,-0.0008412525863776623,0.5261499582469316
oscillations,0.75,10,3,-17.0,8.65,q2,"(150, 50)",-0.0023307096189290315,0.27306414667537726,-0.0002508825525724782,0.28733064877517966,-0.0008412525863776623,0.5261499582469316
oscillations,0.75,10,3,-17.0,8.65,q3,"(50, 150)",-0.002719359146293441,0.2982299192950055,-0.0002508825525724782,0.28733064877517966,-0.0008412525863776623,0.5261499582469316
oscillations,0.75,10,3,-17.0,8.65,q4,"(50, 50)",0.009049438508776066,0.27998860922757807,-0.0002508825525724782,0.28733064877517966,-0.0008412525863776623,0.5261499582469316
oscillations,0.75,11,3,-17.0,8.65,q1,"(150, 150)",0.0012067830271348652,0.28513682951532165,0.0005833924068783323,0.291603042467332,0.001953268291213968,0.5335689808951141
oscillations,0.75,11,3,-17.0,8.65,q2,"(150, 50)",-0.0022386745077451245,0.30397244866861545,0.0005833924068783323,0.291603042467332,0.001953268291213968,0.5335689808951141
oscillations,0.75,11,3,-17.0,8.65,q3,"(50, 150)",0.0011434085191617091,0.29367031382250175,0.0005833924068783323,0.291603042467332,0.001953268291213968,0.5335689808951141
oscillations,0.75,11,3,-17.0,8.65,q4,"(50, 50)",0.0017590292315897728,0.30469004757350243,0.0005833924068783323,0.291603042467332,0.001953268291213968,0.5335689808951141
oscillations,0.75,12,3,-17.0,8.65,q1,"(150, 150)",-0.00033573004304944743,0.2925591297148022,6.618189439987354e-05,0.28891226693591254,0.00022162208254457508,0.528692164307508
oscillations,0.75,12,3,-17.0,8.65,q2,"(150, 50)",0.001205521728230074,0.2646308419658082,6.618189439987354e-05,0.28891226693591254,0.00022162208254457508,0.528692164307508
oscillations,0.75,12,3,-17.0,8.65,q3,"(50, 150)",-0.0031105544723294665,0.3061299007314773,6.618189439987354e-05,0.28891226693591254,0.00022162208254457508,0.528692164307508
oscillations,0.75,12,3,-17.0,8.65,q4,"(50, 50)",0.009795578930141182,0.2717386395493024,6.618189439987354e-05,0.28891226693591254,0.00022162208254457508,0.528692164307508
oscillations,0.75,13,3,-17.0,8.65,q1,"(150, 150)",0.00026237593248953727,0.29119309665902837,-2.6850711892537438e-05,0.2920659981645815,-8.997474036202501e-05,0.5346423961035187
oscillations,0.75,13,3,-17.0,8.65,q2,"(150, 50)",-0.00048250924360581943,0.2852189341093572,-2.6850711892537438e-05,0.2920659981645815,-8.997474036202501e-05,0.5346423961035187
oscillations,0.75,13,3,-17.0,8.65,q3,"(50, 150)",-0.0009321069039534932,0.3046482026877073,-2.6850711892537438e-05,0.2920659981645815,-8.997474036202501e-05,0.5346423961035187
oscillations,0.75,13,3,-17.0,8.65,q4,"(50, 50)",0.001452853659991507,0.28144778131158443,-2.6850711892537438e-05,0.2920659981645815,-8.997474036202501e-05,0.5346423961035187
oscillations,0.75,14,3,-17.0,8.65,q1,"(150, 150)",0.00015559059162317446,0.2793742158795576,0.00028517886083954697,0.2855930345662422,0.0009541743566358757,0.5223989659060355
oscillations,0.75,14,3,-17.0,8.65,q2,"(150, 50)",0.0008140007332267397,0.26676239219461595,0.00028517886083954697,0.2855930345662422,0.0009541743566358757,0.5223989659060355
oscillations,0.75,14,3,-17.0,8.65,q3,"(50, 150)",-0.0008892812152902675,0.3121960654853906,0.00028517886083954697,0.2855930345662422,0.0009541743566358757,0.5223989659060355
oscillations,0.75,14,3,-17.0,8.65,q4,"(50, 50)",0.003388387895014769,0.31090850767685035,0.00028517886083954697,0.2855930345662422,0.0009541743566358757,0.5223989659060355
oscillations,0.75,15,3,-17.0,8.65,q1,"(150, 150)",-0.00012307231031747186,0.28061878102664184,0.0002303024638989577,0.2827603107128725,0.0007710159487745487,0.517369116557965
oscillations,0.75,15,3,-17.0,8.65,q2,"(150, 50)",0.0025665146264753553,0.26840031569691564,0.0002303024638989577,0.2827603107128725,0.0007710159487745487,0.517369116557965
oscillations,0.75,15,3,-17.0,8.65,q3,"(50, 150)",-0.0013490319800238922,0.29697580784442884,0.0002303024638989577,0.2827603107128725,0.0007710159487745487,0.517369116557965
oscillations,0.75,15,3,-17.0,8.65,q4,"(50, 50)",0.0011400422758861806,0.2996769975660542,0.0002303024638989577,0.2827603107128725,0.0007710159487745487,0.517369116557965
oscillations,0.75,16,3,-17.0,8.65,q1,"(150, 150)",-0.0025246242882715282,0.2920506751087904,0.0002476224545981989,0.2930088095257465,0.0008292781466784965,0.536210620902649
oscillations,0.75,16,3,-17.0,8.65,q2,"(150, 50)",0.008251323652841067,0.28172411753438414,0.0002476224545981989,0.2930088095257465,0.0008292781466784965,0.536210620902649
oscillations,0.75,16,3,-17.0,8.65,q3,"(50, 150)",-0.001323353504890072,0.31083628385480794,0.0002476224545981989,0.2930088095257465,0.0008292781466784965,0.536210620902649
oscillations,0.75,16,3,-17.0,8.65,q4,"(50, 50)",0.005899667424161948,0.2788557175541892,0.0002476224545981989,0.2930088095257465,0.0008292781466784965,0.536210620902649
oscillations,0.75,17,3,-17.0,8.65,q1,"(150, 150)",0.0008950049407669966,0.2839574290117713,-3.694166277815158e-07,0.2871319564631502,-1.2375766424843262e-06,0.5255443390762837
oscillations,0.75,17,3,-17.0,8.65,q2,"(150, 50)",-0.003121838670352706,0.2751148623820056,-3.694166277815158e-07,0.2871319564631502,-1.2375766424843262e-06,0.5255443390762837
oscillations,0.75,17,3,-17.0,8.65,q3,"(50, 150)",0.00020645296204240465,0.3081521198640776,-3.694166277815158e-07,0.2871319564631502,-1.2375766424843262e-06,0.5255443390762837
oscillations,0.75,17,3,-17.0,8.65,q4,"(50, 50)",0.0006852019919834248,0.2854031877811314,-3.694166277815158e-07,0.2871319564631502,-1.2375766424843262e-06,0.5255443390762837
oscillations,0.75,18,3,-17.0,8.65,q1,"(150, 150)",-0.00033403865342085447,0.2847909485015378,0.00035394620289096635,0.28800667045779965,0.001184955483397947,0.5269679048422913
oscillations,0.75,18,3,-17.0,8.65,q2,"(150, 50)",0.0018404106910053155,0.28912994363268374,0.00035394620289096635,0.28800667045779965,0.001184955483397947,0.5269679048422913
oscillations,0.75,18,3,-17.0,8.65,q3,"(50, 150)",0.0018786553671594059,0.29363972606380817,0.00035394620289096635,0.28800667045779965,0.001184955483397947,0.5269679048422913
oscillations,0.75,18,3,-17.0,8.65,q4,"(50, 50)",-0.0024877110474510163,0.2961846376219219,0.00035394620289096635,0.28800667045779965,0.001184955483397947,0.5269679048422913
oscillations,0.75,19,3,-17.0,8.65,q1,"(150, 150)",-0.0008957099173834633,0.2907264661388879,0.00015175503050397389,0.28696750574317864,0.0005083494866559709,0.5252211747732033
oscillations,0.75,19,3,-17.0,8.65,q2,"(150, 50)",0.0025690323240506615,0.26623768734201236,0.00015175503050397389,0.28696750574317864,0.0005083494866559709,0.5252211747732033
oscillations,0.75,19,3,-17.0,8.65,q3,"(50, 150)",0.0017980468699249576,0.29582763025084685,0.00015175503050397389,0.28696750574317864,0.0005083494866559709,0.5252211747732033
oscillations,0.75,19,3,-17.0,8.65,q4,"(50, 50)",-0.0026117678374121,0.28579019481214474,0.00015175503050397389,0.28696750574317864,0.0005083494866559709,0.5252211747732033
oscillations,0.75,20,3,-17.0,8.65,q1,"(150, 150)",0.0013129123875367215,0.2969587745973025,0.0005671528858015234,0.29315640053528075,0.0019017617094526731,0.5368159911221352
oscillations,0.75,20,3,-17.0,8.65,q2,"(150, 50)",-0.000705277392385351,0.2660138352729165,0.0005671528858015234,0.29315640053528075,0.0019017617094526731,0.5368159911221352
oscillations,0.75,20,3,-17.0,8.65,q3,"(50, 150)",0.0021304058781852456,0.3089423028334872,0.0005671528858015234,0.29315640053528075,0.0019017617094526731,0.5368159911221352
oscillations,0.75,20,3,-17.0,8.65,q4,"(50, 50)",-0.007017150772405806,0.28755754519847215,0.0005671528858015234,0.29315640053528075,0.0019017617094526731,0.5368159911221352
oscillations,0.75,21,3,-17.0,8.65,q1,"(150, 150)",5.201693381739475e-05,0.2872332037346997,0.00040185615487434135,0.2935778340770041,0.0013470414979446631,0.5374987770512529
oscillations,0.75,21,3,-17.0,8.65,q2,"(150, 50)",0.0004224545411905556,0.2827811966868511,0.00040185615487434135,0.2935778340770041,0.0013470414979446631,0.5374987770512529
oscillations,0.75,21,3,-17.0,8.65,q3,"(50, 150)",0.0002361340202188557,0.3152017663584766,0.00040185615487434135,0.2935778340770041,0.0013470414979446631,0.5374987770512529
oscillations,0.75,21,3,-17.0,8.65,q4,"(50, 50)",0.003985780389404681,0.31387065619800675,0.00040185615487434135,0.2935778340770041,0.0013470414979446631,0.5374987770512529
oscillations,0.75,22,3,-17.0,8.65,q1,"(150, 150)",0.00027169127628136997,0.2988862048906353,0.0002532750813002295,0.29986563679115275,0.0008489904677791982,0.5490115883300423
oscillations,0.75,22,3,-17.0,8.65,q2,"(150, 50)",0.0003189458338660374,0.29040490140914244,0.0002532750813002295,0.29986563679115275,0.0008489904677791982,0.5490115883300423
oscillations,0.75,22,3,-17.0,8.65,q3,"(50, 150)",-0.002229143497635715,0.3139500653266921,0.0002532750813002295,0.29986563679115275,0.0008489904677791982,0.5490115883300423
oscillations,0.75,22,3,-17.0,8.65,q4,"(50, 50)",0.007337772805580377,0.2931656300415407,0.0002532750813002295,0.29986563679115275,0.0008489904677791982,0.5490115883300423
oscillations,0.75,23,3,-17.0,8.65,q1,"(150, 150)",-0.0002929111132409252,0.29454196320017423,0.000302883606123598,0.29365981635678595,0.0010140060466139866,0.5373117887571134
oscillations,0.75,23,3,-17.0,8.65,q2,"(150, 50)",0.0016790514807894685,0.2757907376244265,0.000302883606123598,0.29365981635678595,0.0010140060466139866,0.5373117887571134
oscillations,0.75,23,3,-17.0,8.65,q3,"(50, 150)",-0.0006124375962276372,0.31829893093803063,0.000302883606123598,0.29365981635678595,0.0010140060466139866,0.5373117887571134
oscillations,0.75,23,3,-17.0,8.65,q4,"(50, 50)",0.0042824960634603995,0.2585173938317147,0.000302883606123598,0.29365981635678595,0.0010140060466139866,0.5373117887571134
oscillations,0.75,24,3,-17.0,8.65,q1,"(150, 150)",-0.00020046252742101262,0.28919529073578626,0.0003011981867170694,0.29196014459414776,0.0010082791420773934,0.5341795312086125
oscillations,0.75,24,3,-17.0,8.65,q2,"(150, 50)",0.0009931171454041006,0.28036351278522004,0.0003011981867170694,0.29196014459414776,0.0010082791420773934,0.5341795312086125
oscillations,0.75,24,3,-17.0,8.65,q3,"(50, 150)",0.0016331154046971552,0.31139038434225685,0.0003011981867170694,0.29196014459414776,0.0010082791420773934,0.5341795312086125
oscillations,0.75,24,3,-17.0,8.65,q4,"(50, 50)",-0.0012553639160415488,0.29057169931036825,0.0003011981867170694,0.29196014459414776,0.0010082791420773934,0.5341795312086125
oscillations,0.75,25,3,-17.0,8.65,q1,"(150, 150)",-4.880151314606766e-05,0.29183497814984666,-0.0003216651500424277,0.29229128442142,-0.0010779663205175193,0.5350764511316207
oscillations,0.75,25,3,-17.0,8.65,q2,"(150, 50)",0.0005019583820835317,0.26965042116183197,-0.0003216651500424277,0.29229128442142,-0.0010779663205175193,0.5350764511316207
oscillations,0.75,25,3,-17.0,8.65,q3,"(50, 150)",-0.005232354569934286,0.3225126662899852,-0.0003216651500424277,0.29229128442142,-0.0010779663205175193,0.5350764511316207
oscillations,0.75,25,3,-17.0,8.65,q4,"(50, 50)",0.009483759781188034,0.26474463952142696,-0.0003216651500424277,0.29229128442142,-0.0010779663205175193,0.5350764511316207
oscillations,0.75,26,3,-17.0,8.65,q1,"(150, 150)",-0.0016483606228461212,0.28555689165722964,-5.606618683981774e-05,0.2868075105348063,-0.0001878264215739279,0.5249504745305148
oscillations,0.75,26,3,-17.0,8.65,q2,"(150, 50)",0.004832720849842705,0.2729629380158532,-5.606618683981774e-05,0.2868075105348063,-0.0001878264215739279,0.5249504745305148
oscillations,0.75,26,3,-17.0,8.65,q3,"(50, 150)",0.0014202516457017902,0.31261518802024146,-5.606618683981774e-05,0.2868075105348063,-0.0001878264215739279,0.5249504745305148
oscillations,0.75,26,3,-17.0,8.65,q4,"(50, 50)",-0.004820730870455476,0.25576805976118855,-5.606618683981774e-05,0.2868075105348063,-0.0001878264215739279,0.5249504745305148
oscillations,0.75,27,3,-17.0,8.65,q1,"(150, 150)",-0.0008690140575323976,0.28089926042669966,-0.00014368213684942598,0.28876896552788694,-0.0004812665779582178,0.5284961805469951
oscillations,0.75,27,3,-17.0,8.65,q2,"(150, 50)",0.0025261221902369243,0.2905510624140939,-0.00014368213684942598,0.28876896552788694,-0.0004812665779582178,0.5284961805469951
oscillations,0.75,27,3,-17.0,8.65,q3,"(50, 150)",-0.0048171144724065565,0.3073248068192838,-0.00014368213684942598,0.28876896552788694,-0.0004812665779582178,0.5284961805469951
oscillations,0.75,27,3,-17.0,8.65,q4,"(50, 50)",0.01239518917470966,0.2953074019776399,-0.00014368213684942598,0.28876896552788694,-0.0004812665779582178,0.5284961805469951
oscillations,0.75,28,3,-17.0,8.65,q1,"(150, 150)",-0.00011916597036822173,0.28713566326388995,-0.00025521688911002893,0.28717158562950573,-0.0008543539680643704,0.5254184012637163
oscillations,0.75,28,3,-17.0,8.65,q2,"(150, 50)",-0.0013675606397499835,0.27432405037211677,-0.00025521688911002893,0.28717158562950573,-0.0008543539680643704,0.5254184012637163
oscillations,0.75,28,3,-17.0,8.65,q3,"(50, 150)",-0.0027753377713675793,0.30565781222363597,-0.00025521688911002893,0.28717158562950573,-0.0008543539680643704,0.5254184012637163
oscillations,0.75,28,3,-17.0,8.65,q4,"(50, 50)",0.009417718740906215,0.26702184525195616,-0.00025521688911002893,0.28717158562950573,-0.0008543539680643704,0.5254184012637163
oscillations,0.75,29,3,-17.0,8.65,q1,"(150, 150)",-6.57029328411029e-05,0.2884903374313319,0.0001523230528884429,0.286538248500064,0.0005104232315940118,0.5245233863215863
oscillations,0.75,29,3,-17.0,8.65,q2,"(150, 50)",0.0005703918767088432,0.27608390892155166,0.0001523230528884429,0.286538248500064,0.0005104232315940118,0.5245233863215863
oscillations,0.75,29,3,-17.0,8.65,q3,"(50, 150)",-0.0011460868625523426,0.29737654468725344,0.0001523230528884429,0.286538248500064,0.0005104232315940118,0.5245233863215863
oscillations,0.75,29,3,-17.0,8.65,q4,"(50, 50)",0.004755580199315514,0.2657705975161212,0.0001523230528884429,0.286538248500064,0.0005104232315940118,0.5245233863215863
oscillations,0.75,30,3,-17.0,8.65,q1,"(150, 150)",-0.001421859783359463,0.2892677191501318,-0.00018715576768789735,0.2903734348183196,-0.0006265676855972464,0.5312990737403263
oscillations,0.75,30,3,-17.0,8.65,q2,"(150, 50)",0.004110104708821322,0.28097743023967175,-0.00018715576768789735,0.2903734348183196,-0.0006265676855972464,0.5312990737403263
oscillations,0.75,30,3,-17.0,8.65,q3,"(50, 150)",-0.005289513386018304,0.3064403050132344,-0.00018715576768789735,0.2903734348183196,-0.0006265676855972464,0.5312990737403263
oscillations,0.75,30,3,-17.0,8.65,q4,"(50, 50)",0.013340471798819755,0.2776566892978192,-0.00018715576768789735,0.2903734348183196,-0.0006265676855972464,0.5312990737403263
oscillations,0.75,31,3,-17.0,8.65,q1,"(150, 150)",-0.0004669587074444987,0.286577314425501,0.00031144743880100813,0.29212285259553755,0.0010431129156862021,0.5346114211517942
oscillations,0.75,31,3,-17.0,8.65,q2,"(150, 50)",0.002190269194542697,0.2950569302656896,0.00031144743880100813,0.29212285259553755,0.0010431129156862021,0.5346114211517942
oscillations,0.75,31,3,-17.0,8.65,q3,"(50, 150)",-0.002334939367915035,0.3066521753419178,0.00031144743880100813,0.29212285259553755,0.0010431129156862021,0.5346114211517942
oscillations,0.75,31,3,-17.0,8.65,q4,"(50, 50)",0.009619797907933634,0.28779683283711277,0.00031144743880100813,0.29212285259553755,0.0010431129156862021,0.5346114211517942
oscillations,0.75,32,3,-17.0,8.65,q1,"(150, 150)",0.00022016314196085613,0.2921436185636834,-0.0001339666204786232,0.29235415433520945,-0.00044857398452577586,0.5349681208949898
oscillations,0.75,32,3,-17.0,8.65,q2,"(150, 50)",-0.0002923602202710434,0.28241462434429615,-0.0001339666204786232,0.29235415433520945,-0.00044857398452577586,0.5349681208949898
oscillations,0.75,32,3,-17.0,8.65,q3,"(50, 150)",-0.0036603987793671507,0.31067525935549656,-0.0001339666204786232,0.29235415433520945,-0.00044857398452577586,0.5349681208949898
oscillations,0.75,32,3,-17.0,8.65,q4,"(50, 50)",0.007733342793608911,0.2654663142148365,-0.0001339666204786232,0.29235415433520945,-0.00044857398452577586,0.5349681208949898
oscillations,0.75,33,3,-17.0,8.65,q1,"(150, 150)",-0.000842940109638811,0.29707312790807494,0.0005526272893783488,0.29122984098561483,0.0018508826572162724,0.5329755859601318
oscillations,0.75,33,3,-17.0,8.65,q2,"(150, 50)",0.005075884263461706,0.2616304842274542,0.0005526272893783488,0.29122984098561483,0.0018508826572162724,0.5329755859601318
oscillations,0.75,33,3,-17.0,8.65,q3,"(50, 150)",-0.0019519705577577735,0.3083149920999508,0.0005526272893783488,0.29122984098561483,0.0018508826572162724,0.5329755859601318
oscillations,0.75,33,3,-17.0,8.65,q4,"(50, 50)",0.007056756499691086,0.268512885921891,0.0005526272893783488,0.29122984098561483,0.0018508826572162724,0.5329755859601318
oscillations,0.75,34,3,-17.0,8.65,q1,"(150, 150)",-0.0003433273300121719,0.2926913844064116,8.390123427782862e-05,0.29182084612443104,0.000280887962095175,0.533947624744571
oscillations,0.75,34,3,-17.0,8.65,q2,"(150, 50)",0.0005089027730509268,0.2783540414116481,8.390123427782862e-05,0.29182084612443104,0.000280887962095175,0.533947624744571
oscillations,0.75,34,3,-17.0,8.65,q3,"(50, 150)",-0.0002893336472295348,0.299414147963027,8.390123427782862e-05,0.29182084612443104,0.000280887962095175,0.533947624744571
oscillations,0.75,34,3,-17.0,8.65,q4,"(50, 50)",0.0037736583410906293,0.3002176731031004,8.390123427782862e-05,0.29182084612443104,0.000280887962095175,0.533947624744571
oscillations,0.75,35,3,-17.0,8.65,q1,"(150, 150)",-0.0017832005242017,0.2848948217054749,-0.0004311799857798304,0.29044323736723604,-0.001443401073829878,0.5314034388352028
oscillations,0.75,35,3,-17.0,8.65,q2,"(150, 50)",0.0038456696499683677,0.2815197229356394,-0.0004311799857798304,0.29044323736723604,-0.001443401073829878,0.5314034388352028
oscillations,0.75,35,3,-17.0,8.65,q3,"(50, 150)",-0.0033104214039037174,0.30698300115015253,-0.0004311799857798304,0.29044323736723604,-0.001443401073829878,0.5314034388352028
oscillations,0.75,35,3,-17.0,8.65,q4,"(50, 50)",0.007544180207144057,0.31399887991487146,-0.0004311799857798304,0.29044323736723604,-0.001443401073829878,0.5314034388352028
oscillations,0.75,36,3,-17.0,8.65,q1,"(150, 150)",0.00026545971001654513,0.2999955279067622,0.00031734160251011245,0.2947801824474593,0.001063031915283855,0.5395197389330895
oscillations,0.75,36,3,-17.0,8.65,q2,"(150, 50)",0.0005713147964892465,0.26961972201581746,0.00031734160251011245,0.2947801824474593,0.001063031915283855,0.5395197389330895
oscillations,0.75,36,3,-17.0,8.65,q3,"(50, 150)",-0.0025807097127907336,0.31184503510255057,0.00031734160251011245,0.2947801824474593,0.001063031915283855,0.5395197389330895
oscillations,0.75,36,3,-17.0,8.65,q4,"(50, 50)",0.008716512998917358,0.26538184446653673,0.00031734160251011245,0.2947801824474593,0.001063031915283855,0.5395197389330895
oscillations,0.75,37,3,-17.0,8.65,q1,"(150, 150)",-0.0005578744285510168,0.2945891986762043,-5.505569287244506e-05,0.2956727571604669,-0.00018439485178747356,0.5411087701969067
oscillations,0.75,37,3,-17.0,8.65,q2,"(150, 50)",0.0016578679943075672,0.2807853703084678,-5.505569287244506e-05,0.2956727571604669,-0.00018439485178747356,0.5411087701969067
oscillations,0.75,37,3,-17.0,8.65,q3,"(50, 150)",-0.0009549919059620286,0.31563242168970185,-5.505569287244506e-05,0.2956727571604669,-0.00018439485178747356,0.5411087701969067
oscillations,0.75,37,3,-17.0,8.65,q4,"(50, 50)",0.0020313505059634195,0.28688376658093806,-5.505569287244506e-05,0.2956727571604669,-0.00018439485178747356,0.5411087701969067
oscillations,0.75,38,3,-17.0,8.65,q1,"(150, 150)",0.0007145513693581549,0.29177635882585684,0.00039134106716747353,0.29528617426170156,0.0013120143061519521,0.5406718873082533
oscillations,0.75,38,3,-17.0,8.65,q2,"(150, 50)",-0.0002198038698491113,0.2899727506520489,0.00039134106716747353,0.29528617426170156,0.0013120143061519521,0.5406718873082533
oscillations,0.75,38,3,-17.0,8.65,q3,"(50, 150)",0.0012284650526082298,0.308215770807508,0.00039134106716747353,0.29528617426170156,0.0013120143061519521,0.5406718873082533
oscillations,0.75,38,3,-17.0,8.65,q4,"(50, 50)",-0.0031954887978211696,0.30272314479156004,0.00039134106716747353,0.29528617426170156,0.0013120143061519521,0.5406718873082533
oscillations,0.75,39,3,-17.0,8.65,q1,"(150, 150)",-0.001559760486883677,0.2775123098247862,-0.0004391284759148121,0.28640167206315126,-0.0014714868925686927,0.5242721013292507
oscillations,0.75,39,3,-17.0,8.65,q2,"(150, 50)",0.002351701642040218,0.2928105107050353,-0.0004391284759148121,0.28640167206315126,-0.0014714868925686927,0.5242721013292507
oscillations,0.75,39,3,-17.0,8.65,q3,"(50, 150)",-0.00027417332382915507,0.30704791263727477,-0.0004391284759148121,0.28640167206315126,-0.0014714868925686927,0.5242721013292507
oscillations,0.75,39,3,-17.0,8.65,q4,"(50, 50)",0.0007792038126829106,0.2814453112425311,-0.0004391284759148121,0.28640167206315126,-0.0014714868925686927,0.5242721013292507
oscillations,0.75,40,3,-17.0,8.65,q1,"(150, 150)",0.0006599664081492164,0.28453893961212634,0.0002255227843923171,0.2925107004622347,0.000756026766316852,0.5355682556880537
oscillations,0.75,40,3,-17.0,8.65,q2,"(150, 50)",0.000290693637728215,0.30380337734680746,0.0002255227843923171,0.2925107004622347,0.000756026766316852,0.5355682556880537
oscillations,0.75,40,3,-17.0,8.65,q3,"(50, 150)",-0.0036758868030944956,0.30626687926298557,0.0002255227843923171,0.2925107004622347,0.000756026766316852,0.5355682556880537
oscillations,0.75,40,3,-17.0,8.65,q4,"(50, 50)",0.007824246373032967,0.2862615752981287,0.0002255227843923171,0.2925107004622347,0.000756026766316852,0.5355682556880537
oscillations,0.75,41,3,-17.0,8.65,q1,"(150, 150)",-0.0019331971773791704,0.28315033594118016,-0.00010001417842680649,0.2850617849719,-0.00033516815826677734,0.5218425983909526
oscillations,0.75,41,3,-17.0,8.65,q2,"(150, 50)",0.005364350957054027,0.26458332601130125,-0.00010001417842680649,0.2850617849719,-0.00033516815826677734,0.5218425983909526
oscillations,0.75,41,3,-17.0,8.65,q3,"(50, 150)",-0.0021296456929757778,0.31160058120839157,-0.00010001417842680649,0.2850617849719,-0.00033516815826677734,0.5218425983909526
oscillations,0.75,41,3,-17.0,8.65,q4,"(50, 50)",0.006094431949348882,0.2777196377974351,-0.00010001417842680649,0.2850617849719,-0.00033516815826677734,0.5218425983909526
oscillations,0.75,42,3,-17.0,8.65,q1,"(150, 150)",-0.0011135039504315187,0.3008419232193967,6.120917613594124e-06,0.29678874866713584,2.051589614075486e-05,0.5433559303005472
oscillations,0.75,42,3,-17.0,8.65,q2,"(150, 50)",0.0042251331371684405,0.2776402888650401,6.120917613594124e-06,0.29678874866713584,2.051589614075486e-05,0.5433559303005472
oscillations,0.75,42,3,-17.0,8.65,q3,"(50, 150)",-0.0026349950439046354,0.31178058702735423,6.120917613594124e-06,0.29678874866713584,2.051589614075486e-05,0.5433559303005472
oscillations,0.75,42,3,-17.0,8.65,q4,"(50, 50)",0.00534905595590976,0.2679482551883568,6.120917613594124e-06,0.29678874866713584,2.051589614075486e-05,0.5433559303005472
oscillations,0.75,43,3,-17.0,8.65,q1,"(150, 150)",-1.8505197766092805e-05,0.29416812889519295,-0.00010704559181553686,0.29373547907696523,-0.00035909289438288154,0.5379914210884615
oscillations,0.75,43,3,-17.0,8.65,q2,"(150, 50)",0.00044169625833365226,0.29091979388890804,-0.00010704559181553686,0.29373547907696523,-0.00035909289438288154,0.5379914210884615
oscillations,0.75,43,3,-17.0,8.65,q3,"(50, 150)",-0.0025862500919710267,0.30203212944722324,-0.00010704559181553686,0.29373547907696523,-0.00035909289438288154,0.5379914210884615
oscillations,0.75,43,3,-17.0,8.65,q4,"(50, 50)",0.004887478811758372,0.27213407457940025,-0.00010704559181553686,0.29373547907696523,-0.00035909289438288154,0.5379914210884615
oscillations,0.75,44,3,-17.0,8.65,q1,"(150, 150)",0.0013040442717212192,0.27995252178159874,0.00011410599909169385,0.28701263448314945,0.00038207265726333177,0.5251939020758732
oscillations,0.75,44,3,-17.0,8.65,q2,"(150, 50)",-0.0035866004092033896,0.28905172343374463,0.00011410599909169385,0.28701263448314945,0.00038207265726333177,0.5251939020758732
oscillations,0.75,44,3,-17.0,8.65,q3,"(50, 150)",-0.0016843631105513475,0.300790351421755,0.00011410599909169385,0.28701263448314945,0.00038207265726333177,0.5251939020758732
oscillations,0.75,44,3,-17.0,8.65,q4,"(50, 50)",0.005902188099240344,0.30080736354967696,0.00011410599909169385,0.28701263448314945,0.00038207265726333177,0.5251939020758732
oscillations,0.75,45,3,-17.0,8.65,q1,"(150, 150)",0.000481528187682043,0.2903566631763434,7.963812177757533e-05,0.289726223035321,0.000266638057345194,0.5301372612521574
oscillations,0.75,45,3,-17.0,8.65,q2,"(150, 50)",7.156264348359625e-05,0.2608305311921902,7.963812177757533e-05,0.289726223035321,0.000266638057345194,0.5301372612521574
oscillations,0.75,45,3,-17.0,8.65,q3,"(50, 150)",-0.0037049840878371014,0.3192715199215075,7.963812177757533e-05,0.289726223035321,0.000266638057345194,0.5301372612521574
oscillations,0.75,45,3,-17.0,8.65,q4,"(50, 50)",0.007840720592363336,0.2725662409997573,7.963812177757533e-05,0.289726223035321,0.000266638057345194,0.5301372612521574
oscillations,0.75,46,3,-17.0,8.65,q1,"(150, 150)",0.00022654854719341707,0.2897619889846207,0.0006177841411809652,0.29082274890000526,0.002070322188944251,0.5323860433980628
oscillations,0.75,46,3,-17.0,8.65,q2,"(150, 50)",0.0008028117968844154,0.2696717980242095,0.0006177841411809652,0.29082274890000526,0.002070322188944251,0.5323860433980628
oscillations,0.75,46,3,-17.0,8.65,q3,"(50, 150)",0.0009989100035676613,0.31086060328816345,0.0006177841411809652,0.29082274890000526,0.002070322188944251,0.5323860433980628
oscillations,0.75,46,3,-17.0,8.65,q4,"(50, 50)",0.002440443932798457,0.2991839400260469,0.0006177841411809652,0.29082274890000526,0.002070322188944251,0.5323860433980628
oscillations,0.75,47,3,-17.0,8.65,q1,"(150, 150)",-0.0005756237005848117,0.3061286089343618,-8.238682332766785e-05,0.29621962036031296,-0.0002761415228009642,0.5423139305555311
oscillations,0.75,47,3,-17.0,8.65,q2,"(150, 50)",0.002624734887639778,0.2663554239815808,-8.238682332766785e-05,0.29621962036031296,-0.0002761415228009642,0.5423139305555311
oscillations,0.75,47,3,-17.0,8.65,q3,"(50, 150)",-0.001467952910958223,0.3002374144250079,-8.238682332766785e-05,0.29621962036031296,-0.0002761415228009642,0.5423139305555311
oscillations,0.75,47,3,-17.0,8.65,q4,"(50, 50)",0.0003920782019759571,0.27786899544576416,-8.238682332766785e-05,0.29621962036031296,-0.0002761415228009642,0.5423139305555311
oscillations,0.75,48,3,-17.0,8.65,q1,"(150, 150)",0.0008724939923713461,0.2889643052647132,0.00033292986675566907,0.29164225466048965,0.0011153429372049203,0.5337988260095381
oscillations,0.75,48,3,-17.0,8.65,q2,"(150, 50)",0.00024189402803747462,0.2727321632657453,0.00033292986675566907,0.29164225466048965,0.0011153429372049203,0.5337988260095381
oscillations,0.75,48,3,-17.0,8.65,q3,"(50, 150)",-0.0032153301541220816,0.31648180912932583,0.00033292986675566907,0.29164225466048965,0.0011153429372049203,0.5337988260095381
oscillations,0.75,48,3,-17.0,8.65,q4,"(50, 50)",0.00639474031500241,0.2926979357836748,0.00033292986675566907,0.29164225466048965,0.0011153429372049203,0.5337988260095381
oscillations,0.75,49,3,-17.0,8.65,q1,"(150, 150)",-0.0019224277725373106,0.2920192061472525,0.00026383480377965406,0.2947093492732413,0.0008854259712380385,0.5398878939222205
oscillations,0.75,49,3,-17.0,8.65,q2,"(150, 50)",0.005792174323447706,0.2793954830647898,0.00026383480377965406,0.2947093492732413,0.0008854259712380385,0.5398878939222205
oscillations,0.75,49,3,-17.0,8.65,q3,"(50, 150)",-0.0009159727759012708,0.31935358806592257,0.00026383480377965406,0.2947093492732413,0.0008854259712380385,0.5398878939222205
oscillations,0.75,49,3,-17.0,8.65,q4,"(50, 50)",0.006894602170670948,0.2860981636233577,0.00026383480377965406,0.2947093492732413,0.0008854259712380385,0.5398878939222205
oscillations,0.75,0,4,-22.0,7.18,q1,"(150, 150)",2.296993370026254e-05,0.29786911016069556,-1.3377103626046172e-05,0.3006613199101945,-4.4810664520713304e-05,0.5502844050615094
oscillations,0.75,0,4,-22.0,7.18,q2,"(150, 50)",-0.00012029102967534584,0.29151502374961785,-1.3377103626046172e-05,0.3006613199101945,-4.4810664520713304e-05,0.5502844050615094
oscillations,0.75,0,4,-22.0,7.18,q3,"(50, 150)",-0.002784841404434149,0.318702879001322,-1.3377103626046172e-05,0.3006613199101945,-4.4810664520713304e-05,0.5502844050615094
oscillations,0.75,0,4,-22.0,7.18,q4,"(50, 50)",0.00829463424100939,0.29676909004673674,-1.3377103626046172e-05,0.3006613199101945,-4.4810664520713304e-05,0.5502844050615094
oscillations,0.75,1,4,-22.0,7.18,q1,"(150, 150)",-0.0013700146027117311,0.2934850091190045,-1.5841330435604429e-06,0.2993248862432221,-5.304312886524912e-06,0.5477237420158121
oscillations,0.75,1,4,-22.0,7.18,q2,"(150, 50)",0.003648142461497055,0.286231982880617,-1.5841330435604429e-06,0.2993248862432221,-5.304312886524912e-06,0.5477237420158121
oscillations,0.75,1,4,-22.0,7.18,q3,"(50, 150)",-0.0005707057059511081,0.3225763109996664,-1.5841330435604429e-06,0.2993248862432221,-5.304312886524912e-06,0.5477237420158121
oscillations,0.75,1,4,-22.0,7.18,q4,"(50, 50)",0.0030724750290707674,0.3167100178400623,-1.5841330435604429e-06,0.2993248862432221,-5.304312886524912e-06,0.5477237420158121
oscillations,0.75,2,4,-22.0,7.18,q1,"(150, 150)",0.0006104770509618318,0.2839307536718944,0.00036267395138274823,0.291326912820891,0.001215497113976534,0.5333331753710991
oscillations,0.75,2,4,-22.0,7.18,q2,"(150, 50)",0.0006161844020230701,0.29312136442094894,0.00036267395138274823,0.291326912820891,0.001215497113976534,0.5333331753710991
oscillations,0.75,2,4,-22.0,7.18,q3,"(50, 150)",-0.0009307146674510886,0.30393727253831027,0.00036267395138274823,0.291326912820891,0.001215497113976534,0.5333331753710991
oscillations,0.75,2,4,-22.0,7.18,q4,"(50, 50)",0.0012520805597515392,0.3122359867043283,0.00036267395138274823,0.291326912820891,0.001215497113976534,0.5333331753710991
oscillations,0.75,3,4,-22.0,7.18,q1,"(150, 150)",-0.00041243250390079475,0.2835982299594095,0.00027801858744889687,0.2994202960281412,0.0009309956884014955,0.5479207079170135
oscillations,0.75,3,4,-22.0,7.18,q2,"(150, 50)",0.0024502372271925556,0.32057251468874176,0.00027801858744889687,0.2994202960281412,0.0009309956884014955,0.5479207079170135
oscillations,0.75,3,4,-22.0,7.18,q3,"(50, 150)",0.0013020552552054305,0.31741195071749284,0.00027801858744889687,0.2994202960281412,0.0009309956884014955,0.5479207079170135
oscillations,0.75,3,4,-22.0,7.18,q4,"(50, 50)",-0.003096687512904454,0.3162346958438377,0.00027801858744889687,0.2994202960281412,0.0009309956884014955,0.5479207079170135
oscillations,0.75,4,4,-22.0,7.18,q1,"(150, 150)",-0.0011471704881917118,0.28625189800976203,0.0004348858434753444,0.2908080505327415,0.0014570260272228645,0.5322936720273566
oscillations,0.75,4,4,-22.0,7.18,q2,"(150, 50)",0.005030987799031089,0.29191626246630864,0.0004348858434753444,0.2908080505327415,0.0014570260272228645,0.5322936720273566
oscillations,0.75,4,4,-22.0,7.18,q3,"(50, 150)",0.0004707684734727997,0.307725696768615,0.0004348858434753444,0.2908080505327415,0.0014570260272228645,0.5322936720273566
oscillations,0.75,4,4,-22.0,7.18,q4,"(50, 50)",0.0007774390718192501,0.27537459583186,0.0004348858434753444,0.2908080505327415,0.0014570260272228645,0.5322936720273566
oscillations,0.75,5,4,-22.0,7.18,q1,"(150, 150)",-0.001211511855443399,0.28815751576041754,-0.0002305376065043049,0.2959988762014927,-0.0007719970079675349,0.5416598828299599
oscillations,0.75,5,4,-22.0,7.18,q2,"(150, 50)",0.00221380786095803,0.30369700231804886,-0.0002305376065043049,0.2959988762014927,-0.0007719970079675349,0.5416598828299599
oscillations,0.75,5,4,-22.0,7.18,q3,"(50, 150)",0.00039481717573173043,0.31069196411642397,-0.0002305376065043049,0.2959988762014927,-0.0007719970079675349,0.5416598828299599
oscillations,0.75,5,4,-22.0,7.18,q4,"(50, 50)",-0.000610870115147565,0.29701947734133927,-0.0002305376065043049,0.2959988762014927,-0.0007719970079675349,0.5416598828299599
oscillations,0.75,6,4,-22.0,7.18,q1,"(150, 150)",0.0010840761062962387,0.28703685047627764,0.00024445900154925886,0.2977302266268312,0.0008185467990934514,0.544805301026493
oscillations,0.75,6,4,-22.0,7.18,q2,"(150, 50)",-0.002668863572989302,0.2910574519863272,0.00024445900154925886,0.2977302266268312,0.0008185467990934514,0.544805301026493
oscillations,0.75,6,4,-22.0,7.18,q3,"(50, 150)",-0.003762425161746043,0.3289637956985427,0.00024445900154925886,0.2977302266268312,0.0008185467990934514,0.544805301026493
oscillations,0.75,6,4,-22.0,7.18,q4,"(50, 50)",0.01344852527232803,0.3126212506808708,0.00024445900154925886,0.2977302266268312,0.0008185467990934514,0.544805301026493
oscillations,0.75,7,4,-22.0,7.18,q1,"(150, 150)",0.0004935209138710781,0.2950871246151863,0.00042823653005181973,0.2990054124690136,0.0014345080983228186,0.5472523682497525
oscillations,0.75,7,4,-22.0,7.18,q2,"(150, 50)",0.0002482275706072558,0.2960083317329096,0.00042823653005181973,0.2990054124690136,0.0014345080983228186,0.5472523682497525
oscillations,0.75,7,4,-22.0,7.18,q3,"(50, 150)",-0.002530350253847961,0.31452205910155523,0.00042823653005181973,0.2990054124690136,0.0014345080983228186,0.5472523682497525
oscillations,0.75,7,4,-22.0,7.18,q4,"(50, 50)",0.009256464305711528,0.29502640511977785,0.00042823653005181973,0.2990054124690136,0.0014345080983228186,0.5472523682497525
oscillations,0.75,8,4,-22.0,7.18,q1,"(150, 150)",-0.00028520353430127633,0.2986076107735271,0.00028761124257005346,0.30196230594947565,0.0009638446466824852,0.5527806861712925
oscillations,0.75,8,4,-22.0,7.18,q2,"(150, 50)",0.0027118063711642454,0.29542178447439615,0.00028761124257005346,0.30196230594947565,0.0009638446466824852,0.5527806861712925
oscillations,0.75,8,4,-22.0,7.18,q3,"(50, 150)",-0.005375868546310057,0.3130391674346134,0.00028761124257005346,0.30196230594947565,0.0009638446466824852,0.5527806861712925
oscillations,0.75,8,4,-22.0,7.18,q4,"(50, 50)",0.015160798215269779,0.31663942795249894,0.00028761124257005346,0.30196230594947565,0.0009638446466824852,0.5527806861712925
oscillations,0.75,9,4,-22.0,7.18,q1,"(150, 150)",-4.7655648910809645e-05,0.2809389574510945,0.0005700256434117967,0.2921324601256145,0.0019091539593462177,0.5346273266202662
oscillations,0.75,9,4,-22.0,7.18,q2,"(150, 50)",0.0026982501090343164,0.30751256019011314,0.0005700256434117967,0.2921324601256145,0.0019091539593462177,0.5346273266202662
oscillations,0.75,9,4,-22.0,7.18,q3,"(50, 150)",-0.0010924252901289846,0.30364139274342933,0.0005700256434117967,0.2921324601256145,0.0019091539593462177,0.5346273266202662
oscillations,0.75,9,4,-22.0,7.18,q4,"(50, 50)",0.00473183667807004,0.30788449773517523,0.0005700256434117967,0.2921324601256145,0.0019091539593462177,0.5346273266202662
oscillations,0.75,10,4,-22.0,7.18,q1,"(150, 150)",0.0011056219055387857,0.2849357327852546,0.00016293276054374627,0.28817655356033867,0.0005463417236775793,0.5276992247466854
oscillations,0.75,10,4,-22.0,7.18,q2,"(150, 50)",-0.0012658249463148332,0.28599566949761107,0.00016293276054374627,0.28817655356033867,0.0005463417236775793,0.5276992247466854
oscillations,0.75,10,4,-22.0,7.18,q3,"(50, 150)",-0.0023881080135633825,0.29444756425671936,0.00016293276054374627,0.28817655356033867,0.0005463417236775793,0.5276992247466854
oscillations,0.75,10,4,-22.0,7.18,q4,"(50, 50)",0.0036181258984855163,0.30415787510372827,0.00016293276054374627,0.28817655356033867,0.0005463417236775793,0.5276992247466854
oscillations,0.75,11,4,-22.0,7.18,q1,"(150, 150)",-0.0007791876594746191,0.2937372090795487,0.0003306576846266146,0.2961456097614358,0.0011081021602768577,0.5421322622652288
oscillations,0.75,11,4,-22.0,7.18,q2,"(150, 50)",0.003670623153182509,0.2856169642993006,0.0003306576846266146,0.2961456097614358,0.0011081021602768577,0.5421322622652288
oscillations,0.75,11,4,-22.0,7.18,q3,"(50, 150)",-0.0017719596660905083,0.3158104318453663,0.0003306576846266146,0.2961456097614358,0.0011081021602768577,0.5421322622652288
oscillations,0.75,11,4,-22.0,7.18,q4,"(50, 50)",0.006607221428021403,0.28751447836845667,0.0003306576846266146,0.2961456097614358,0.0011081021602768577,0.5421322622652288
oscillations,0.75,12,4,-22.0,7.18,q1,"(150, 150)",0.0014412123753423868,0.2898142671257478,0.00014407887271782478,0.2940927391368263,0.0004830808808644571,0.5385102245341553
oscillations,0.75,12,4,-22.0,7.18,q2,"(150, 50)",-0.003470614505412624,0.28372321196178335,0.00014407887271782478,0.2940927391368263,0.0004830808808644571,0.5385102245341553
oscillations,0.75,12,4,-22.0,7.18,q3,"(50, 150)",0.0007766293308087549,0.3109659540046287,0.00014407887271782478,0.2940927391368263,0.0004830808808644571,0.5385102245341553
oscillations,0.75,12,4,-22.0,7.18,q4,"(50, 50)",-0.0025836938907846793,0.3102560293475244,0.00014407887271782478,0.2940927391368263,0.0004830808808644571,0.5385102245341553
oscillations,0.75,13,4,-22.0,7.18,q1,"(150, 150)",-0.0008443359763921181,0.2866866236228574,0.00024997712686661397,0.294451353894228,0.0008373741792701237,0.5389181798164666
oscillations,0.75,13,4,-22.0,7.18,q2,"(150, 50)",0.0032279817348394796,0.2965323585247703,0.00024997712686661397,0.294451353894228,0.0008373741792701237,0.5389181798164666
oscillations,0.75,13,4,-22.0,7.18,q3,"(50, 150)",-0.0028285129509290925,0.3160931037122407,0.00024997712686661397,0.294451353894228,0.0008373741792701237,0.5389181798164666
oscillations,0.75,13,4,-22.0,7.18,q4,"(50, 50)",0.010400251465663724,0.2895080366522823,0.00024997712686661397,0.294451353894228,0.0008373741792701237,0.5389181798164666
oscillations,0.75,14,4,-22.0,7.18,q1,"(150, 150)",-0.0001982085656884677,0.29767591786063086,0.0006483942505495288,0.29709876699277177,0.0021718112562369063,0.5437382456337383
oscillations,0.75,14,4,-22.0,7.18,q2,"(150, 50)",0.0033541206172026288,0.290417882865043,0.0006483942505495288,0.29709876699277177,0.0021718112562369063,0.5437382456337383
oscillations,0.75,14,4,-22.0,7.18,q3,"(50, 150)",4.731941137102661e-05,0.2995072775582144,0.0006483942505495288,0.29709876699277177,0.0021718112562369063,0.5437382456337383
oscillations,0.75,14,4,-22.0,7.18,q4,"(50, 50)",0.0019538650142677007,0.30432153932439676,0.0006483942505495288,0.29709876699277177,0.0021718112562369063,0.5437382456337383
oscillations,0.75,15,4,-22.0,7.18,q1,"(150, 150)",-0.0004980179997328345,0.2933339079125109,8.655553396765525e-05,0.29360293580508356,0.00028994400458137547,0.5373657668380581
oscillations,0.75,15,4,-22.0,7.18,q2,"(150, 50)",0.0015506254174565326,0.2986617296316172,8.655553396765525e-05,0.29360293580508356,0.00028994400458137547,0.5373657668380581
oscillations,0.75,15,4,-22.0,7.18,q3,"(50, 150)",0.00018139733964165584,0.2950431331326746,8.655553396765525e-05,0.29360293580508356,0.00028994400458137547,0.5373657668380581
oscillations,0.75,15,4,-22.0,7.18,q4,"(50, 50)",0.0006709822697834319,0.2758300143015266,8.655553396765525e-05,0.29360293580508356,0.00028994400458137547,0.5373657668380581
oscillations,0.75,16,4,-22.0,7.18,q1,"(150, 150)",0.000758169109841214,0.28194616009489243,0.00017640850483326115,0.29119310872034376,0.0005907358889351574,0.5328657714962497
oscillations,0.75,16,4,-22.0,7.18,q2,"(150, 50)",-0.0018752157253806247,0.3070285103154476,0.00017640850483326115,0.29119310872034376,0.0005907358889351574,0.5328657714962497
oscillations,0.75,16,4,-22.0,7.18,q3,"(50, 150)",-0.001237202397777573,0.28952824354229967,0.00017640850483326115,0.29119310872034376,0.0005907358889351574,0.5328657714962497
oscillations,0.75,16,4,-22.0,7.18,q4,"(50, 50)",0.005336268458235846,0.32699307015120094,0.00017640850483326115,0.29119310872034376,0.0005907358889351574,0.5328657714962497
oscillations,0.75,17,4,-22.0,7.18,q1,"(150, 150)",0.0002178650184939962,0.28799221725632496,-3.163943286038333e-05,0.29498518220681136,-0.00010596812479405055,0.5398504584831506
oscillations,0.75,17,4,-22.0,7.18,q2,"(150, 50)",-0.0015244267271378347,0.2930376676377847,-3.163943286038333e-05,0.29498518220681136,-0.00010596812479405055,0.5398504584831506
oscillations,0.75,17,4,-22.0,7.18,q3,"(50, 150)",7.529624901452176e-05,0.3079047890206216,-3.163943286038333e-05,0.29498518220681136,-0.00010596812479405055,0.5398504584831506
oscillations,0.75,17,4,-22.0,7.18,q4,"(50, 50)",0.0018803753421578378,0.322124559532465,-3.163943286038333e-05,0.29498518220681136,-0.00010596812479405055,0.5398504584831506
oscillations,0.75,18,4,-22.0,7.18,q1,"(150, 150)",-0.0005439887224570188,0.2874770036431271,0.00040652304044207346,0.2969461737117901,0.0013618862326367622,0.54350633362442
oscillations,0.75,18,4,-22.0,7.18,q2,"(150, 50)",0.0028904656202628116,0.29619127197476014,0.00040652304044207346,0.2969461737117901,0.0013618862326367622,0.54350633362442
oscillations,0.75,18,4,-22.0,7.18,q3,"(50, 150)",-0.00017966196790183535,0.32999812582943905,0.00040652304044207346,0.2969461737117901,0.0013618862326367622,0.54350633362442
oscillations,0.75,18,4,-22.0,7.18,q4,"(50, 50)",0.0032678561921034186,0.27771437761459616,0.00040652304044207346,0.2969461737117901,0.0013618862326367622,0.54350633362442
oscillations,0.75,19,4,-22.0,7.18,q1,"(150, 150)",0.0005547534852190318,0.29951399209673696,0.0001590474435291419,0.30092765985072695,0.0005325100645488991,0.5506333723896368
oscillations,0.75,19,4,-22.0,7.18,q2,"(150, 50)",-0.0005708761540791433,0.30072304167882136,0.0001590474435291419,0.30092765985072695,0.0005325100645488991,0.5506333723896368
oscillations,0.75,19,4,-22.0,7.18,q3,"(50, 150)",-0.0006630122355801104,0.31550214507928065,0.0001590474435291419,0.30092765985072695,0.0005325100645488991,0.5506333723896368
oscillations,0.75,19,4,-22.0,7.18,q4,"(50, 50)",0.0012536428984727486,0.26759583912552565,0.0001590474435291419,0.30092765985072695,0.0005325100645488991,0.5506333723896368
oscillations,0.75,20,4,-22.0,7.18,q1,"(150, 150)",-0.0006125011999400322,0.29242674343494984,0.00028979471124219476,0.2967068642490244,0.0009707552507903697,0.5430461680377378
oscillations,0.75,20,4,-22.0,7.18,q2,"(150, 50)",0.0030888853504207154,0.2846715316526423,0.00028979471124219476,0.2967068642490244,0.0009707552507903697,0.5430461680377378
oscillations,0.75,20,4,-22.0,7.18,q3,"(50, 150)",-0.0015234828350744827,0.3209538445447866,0.00028979471124219476,0.2967068642490244,0.0009707552507903697,0.5430461680377378
oscillations,0.75,20,4,-22.0,7.18,q4,"(50, 50)",0.005453018633296706,0.29448888202681445,0.00028979471124219476,0.2967068642490244,0.0009707552507903697,0.5430461680377378
oscillations,0.75,21,4,-22.0,7.18,q1,"(150, 150)",-0.0002729965691568016,0.2944149279222123,-0.00010875540690899128,0.3016860082694533,-0.0003643397216381614,0.5521828763576866
oscillations,0.75,21,4,-22.0,7.18,q2,"(150, 50)",-0.0003660305115176669,0.29672167163700325,-0.00010875540690899128,0.3016860082694533,-0.0003643397216381614,0.5521828763576866
oscillations,0.75,21,4,-22.0,7.18,q3,"(50, 150)",-0.002910672369091745,0.3238917787497323,-0.00010875540690899128,0.3016860082694533,-0.0003643397216381614,0.5521828763576866
oscillations,0.75,21,4,-22.0,7.18,q4,"(50, 50)",0.010546991253695591,0.31164622656949836,-0.00010875540690899128,0.3016860082694533,-0.0003643397216381614,0.5521828763576866
oscillations,0.75,22,4,-22.0,7.18,q1,"(150, 150)",-4.595934391015722e-05,0.28949739008237435,0.0002700695187514101,0.2995477621688309,0.0009045282383033079,0.5481998903015941
oscillations,0.75,22,4,-22.0,7.18,q2,"(150, 50)",0.0014401213257754272,0.30906506012349205,0.0002700695187514101,0.2995477621688309,0.0009045282383033079,0.5481998903015941
oscillations,0.75,22,4,-22.0,7.18,q3,"(50, 150)",0.0008715337777283608,0.31525099038349264,0.0002700695187514101,0.2995477621688309,0.0009045282383033079,0.5481998903015941
oscillations,0.75,22,4,-22.0,7.18,q4,"(50, 50)",-0.0022002189152973877,0.31089829660163487,0.0002700695187514101,0.2995477621688309,0.0009045282383033079,0.5481998903015941
oscillations,0.75,23,4,-22.0,7.18,q1,"(150, 150)",-0.0021146193901567852,0.2963856184905854,-0.00020383899247290006,0.3006702885149981,-0.0006831637787110188,0.5504388307325813
oscillations,0.75,23,4,-22.0,7.18,q2,"(150, 50)",0.004042128558975444,0.3027728939978058,-0.00020383899247290006,0.3006702885149981,-0.0006831637787110188,0.5504388307325813
oscillations,0.75,23,4,-22.0,7.18,q3,"(50, 150)",-0.00022592778051923665,0.3158682565545994,-0.00020383899247290006,0.3006702885149981,-0.0006831637787110188,0.5504388307325813
oscillations,0.75,23,4,-22.0,7.18,q4,"(50, 50)",0.004321548296476034,0.2853104925023813,-0.00020383899247290006,0.3006702885149981,-0.0006831637787110188,0.5504388307325813
oscillations,0.75,24,4,-22.0,7.18,q1,"(150, 150)",-0.0003255182421456734,0.29342327587940803,-0.0006313718071597273,0.29772468495800225,-0.0021153255956436142,0.5449523988699488
oscillations,0.75,24,4,-22.0,7.18,q2,"(150, 50)",-0.0008142896481810306,0.3011629136648535,-0.0006313718071597273,0.29772468495800225,-0.0021153255956436142,0.5449523988699488
oscillations,0.75,24,4,-22.0,7.18,q3,"(50, 150)",-0.002392441697044694,0.296477721557923,-0.0006313718071597273,0.29772468495800225,-0.0021153255956436142,0.5449523988699488
oscillations,0.75,24,4,-22.0,7.18,q4,"(50, 50)",0.0024479093004326044,0.3279492199614824,-0.0006313718071597273,0.29772468495800225,-0.0021153255956436142,0.5449523988699488
oscillations,0.75,25,4,-22.0,7.18,q1,"(150, 150)",0.0008519836607316958,0.2901481342770558,-0.0001410919707156731,0.2926878623195209,-0.00047266991864547214,0.5357132973010297
oscillations,0.75,25,4,-22.0,7.18,q2,"(150, 50)",-0.0031002954927175875,0.2933690862854239,-0.0001410919707156731,0.2926878623195209,-0.00047266991864547214,0.5357132973010297
oscillations,0.75,25,4,-22.0,7.18,q3,"(50, 150)",-0.003123326334368738,0.30217605625767185,-0.0001410919707156731,0.2926878623195209,-0.00047266991864547214,0.5357132973010297
oscillations,0.75,25,4,-22.0,7.18,q4,"(50, 50)",0.008745541003222942,0.2841079520466087,-0.0001410919707156731,0.2926878623195209,-0.00047266991864547214,0.5357132973010297
oscillations,0.75,26,4,-22.0,7.18,q1,"(150, 150)",-0.00042548384415532257,0.29971781347322296,-1.2760010951864009e-05,0.30313945224460825,-4.277218118449397e-05,0.5550059460777871
oscillations,0.75,26,4,-22.0,7.18,q2,"(150, 50)",0.0022277401951927883,0.30048815162037784,-1.2760010951864009e-05,0.30313945224460825,-4.277218118449397e-05,0.5550059460777871
oscillations,0.75,26,4,-22.0,7.18,q3,"(50, 150)",-0.0008816826356687745,0.3175052935291996,-1.2760010951864009e-05,0.30313945224460825,-4.277218118449397e-05,0.5550059460777871
oscillations,0.75,26,4,-22.0,7.18,q4,"(50, 50)",-0.0004129782564039722,0.2974765382341223,-1.2760010951864009e-05,0.30313945224460825,-4.277218118449397e-05,0.5550059460777871
oscillations,0.75,27,4,-22.0,7.18,q1,"(150, 150)",0.0006920576495670372,0.2984385726776911,0.0003425055138961439,0.3003305618465676,0.001147326066145695,0.5496781975296586
oscillations,0.75,27,4,-22.0,7.18,q2,"(150, 50)",-0.0007865518692216568,0.30931348419247057,0.0003425055138961439,0.3003305618465676,0.001147326066145695,0.5496781975296586
oscillations,0.75,27,4,-22.0,7.18,q3,"(50, 150)",-0.0005277990245344978,0.30651079243788765,0.0003425055138961439,0.3003305618465676,0.001147326066145695,0.5496781975296586
oscillations,0.75,27,4,-22.0,7.18,q4,"(50, 50)",0.003194622057503428,0.2696265641676078,0.0003425055138961439,0.3003305618465676,0.001147326066145695,0.5496781975296586
oscillations,0.75,28,4,-22.0,7.18,q1,"(150, 150)",0.0004985561405070415,0.2884184100971829,-0.00013374475383312126,0.29096199770192516,-0.00044794357810640874,0.532487529793343
oscillations,0.75,28,4,-22.0,7.18,q2,"(150, 50)",-0.0031804884349266984,0.2993982006957021,-0.00013374475383312126,0.29096199770192516,-0.00044794357810640874,0.532487529793343
oscillations,0.75,28,4,-22.0,7.18,q3,"(50, 150)",-9.733992293872985e-05,0.28795037254509315,-0.00013374475383312126,0.29096199770192516,-0.00044794357810640874,0.532487529793343
oscillations,0.75,28,4,-22.0,7.18,q4,"(50, 50)",0.0032065637477029733,0.29693235838556004,-0.00013374475383312126,0.29096199770192516,-0.00044794357810640874,0.532487529793343
oscillations,0.75,29,4,-22.0,7.18,q1,"(150, 150)",-0.00163383941748183,0.29201984323093744,-0.00037851498183836494,0.29263724465781493,-0.001267101788729986,0.5354179923553013
oscillations,0.75,29,4,-22.0,7.18,q2,"(150, 50)",0.0035836534569032344,0.28830006657622465,-0.00037851498183836494,0.29263724465781493,-0.001267101788729986,0.5354179923553013
oscillations,0.75,29,4,-22.0,7.18,q3,"(50, 150)",-0.0032901425449609017,0.2959614872771192,-0.00037851498183836494,0.29263724465781493,-0.001267101788729986,0.5354179923553013
oscillations,0.75,29,4,-22.0,7.18,q4,"(50, 50)",0.007767782312095631,0.3007010924750931,-0.00037851498183836494,0.29263724465781493,-0.001267101788729986,0.5354179923553013
oscillations,0.75,30,4,-22.0,7.18,q1,"(150, 150)",8.067636023537022e-05,0.28777093450388247,-7.31522658519587e-05,0.291225033341883,-0.0002449431302593643,0.532902075802307
oscillations,0.75,30,4,-22.0,7.18,q2,"(150, 50)",-0.0010354066978985885,0.2934714225820272,-7.31522658519587e-05,0.291225033341883,-0.0002449431302593643,0.532902075802307
oscillations,0.75,30,4,-22.0,7.18,q3,"(50, 150)",-0.002316966022074544,0.298012348236384,-7.31522658519587e-05,0.291225033341883,-0.0002449431302593643,0.532902075802307
oscillations,0.75,30,4,-22.0,7.18,q4,"(50, 50)",0.008160594664169723,0.29459621150396426,-7.31522658519587e-05,0.291225033341883,-0.0002449431302593643,0.532902075802307
oscillations,0.75,31,4,-22.0,7.18,q1,"(150, 150)",-0.0010160126317736889,0.2940997296410857,3.0216225652129313e-05,0.2981849096322141,0.00010117604437344369,0.5456377336424456
oscillations,0.75,31,4,-22.0,7.18,q2,"(150, 50)",0.00220662125159303,0.2876351004165265,3.0216225652129313e-05,0.2981849096322141,0.00010117604437344369,0.5456377336424456
oscillations,0.75,31,4,-22.0,7.18,q3,"(50, 150)",0.0019258078471867774,0.3154958532575337,3.0216225652129313e-05,0.2981849096322141,0.00010117604437344369,0.5456377336424456
oscillations,0.75,31,4,-22.0,7.18,q4,"(50, 50)",-0.0027697139999421543,0.3119592157933007,3.0216225652129313e-05,0.2981849096322141,0.00010117604437344369,0.5456377336424456
oscillations,0.75,32,4,-22.0,7.18,q1,"(150, 150)",0.00034815585940869,0.294537464698417,0.00031025998943244533,0.2952509526763585,0.001038961873361056,0.5402909126601002
oscillations,0.75,32,4,-22.0,7.18,q2,"(150, 50)",0.00044657251129739153,0.28812562169897615,0.00031025998943244533,0.2952509526763585,0.001038961873361056,0.5402909126601002
oscillations,0.75,32,4,-22.0,7.18,q3,"(50, 150)",-0.0007703120610242929,0.3021755834880178,0.00031025998943244533,0.2952509526763585,0.001038961873361056,0.5402909126601002
oscillations,0.75,32,4,-22.0,7.18,q4,"(50, 50)",0.0028019757454216154,0.30167861420942244,0.00031025998943244533,0.2952509526763585,0.001038961873361056,0.5402909126601002
oscillations,0.75,33,4,-22.0,7.18,q1,"(150, 150)",0.0004516571955398314,0.28270481926928576,0.00012681870696080379,0.28673582987472307,0.00042506689110375165,0.5249510924269468
oscillations,0.75,33,4,-22.0,7.18,q2,"(150, 50)",-0.0007440732619401214,0.2862043950224045,0.00012681870696080379,0.28673582987472307,0.00042506689110375165,0.5249510924269468
oscillations,0.75,33,4,-22.0,7.18,q3,"(50, 150)",-0.0002909924271405546,0.30113576931812963,0.00012681870696080379,0.28673582987472307,0.00042506689110375165,0.5249510924269468
oscillations,0.75,33,4,-22.0,7.18,q4,"(50, 50)",0.001069381618756411,0.27998050924913276,0.00012681870696080379,0.28673582987472307,0.00042506689110375165,0.5249510924269468
oscillations,0.75,34,4,-22.0,7.18,q1,"(150, 150)",-0.00018384341465358748,0.29276088233638714,0.0001950183748027381,0.29535603519364184,0.0006532731757900935,0.5405741492871123
oscillations,0.75,34,4,-22.0,7.18,q2,"(150, 50)",0.0012016154345756381,0.2914297562290777,0.0001950183748027381,0.29535603519364184,0.0006532731757900935,0.5405741492871123
oscillations,0.75,34,4,-22.0,7.18,q3,"(50, 150)",-0.0013267901472799443,0.3166585532007866,0.0001950183748027381,0.29535603519364184,0.0006532731757900935,0.5405741492871123
oscillations,0.75,34,4,-22.0,7.18,q4,"(50, 50)",0.0051504088668390124,0.26217347470130564,0.0001950183748027381,0.29535603519364184,0.0006532731757900935,0.5405741492871123
oscillations,0.75,35,4,-22.0,7.18,q1,"(150, 150)",-0.001096361824092583,0.2875540966275627,-0.000444615436888989,0.2946455570140999,-0.0014899981128987576,0.5393855712631207
oscillations,0.75,35,4,-22.0,7.18,q2,"(150, 50)",0.001341732321847241,0.2990829315792945,-0.000444615436888989,0.2946455570140999,-0.0014899981128987576,0.5393855712631207
oscillations,0.75,35,4,-22.0,7.18,q3,"(50, 150)",-0.0010056656442556195,0.31269764684391127,-0.000444615436888989,0.2946455570140999,-0.0014899981128987576,0.5393855712631207
oscillations,0.75,35,4,-22.0,7.18,q4,"(50, 50)",0.0017452093938345585,0.28837380472829255,-0.000444615436888989,0.2946455570140999,-0.0014899981128987576,0.5393855712631207
oscillations,0.75,36,4,-22.0,7.18,q1,"(150, 150)",0.0008298279883752485,0.29306547873177446,0.0004915424156093357,0.29080997004576026,0.0016468461868140902,0.5322967972688202
oscillations,0.75,36,4,-22.0,7.18,q2,"(150, 50)",-0.001803027213685615,0.27017840806572013,0.0004915424156093357,0.29080997004576026,0.0016468461868140902,0.5322967972688202
oscillations,0.75,36,4,-22.0,7.18,q3,"(50, 150)",-3.2388369523025415e-05,0.2986621640197613,0.0004915424156093357,0.29080997004576026,0.0016468461868140902,0.5322967972688202
oscillations,0.75,36,4,-22.0,7.18,q4,"(50, 50)",0.005902473503998055,0.30578969481469076,0.0004915424156093357,0.29080997004576026,0.0016468461868140902,0.5322967972688202
oscillations,0.75,37,4,-22.0,7.18,q1,"(150, 150)",0.0007270912319275931,0.28894068386007343,-0.00027308811950843673,0.2927805135861309,-0.0009148680720550648,0.5358824775323644
oscillations,0.75,37,4,-22.0,7.18,q2,"(150, 50)",-0.003403158367301695,0.28669251786972616,-0.00027308811950843673,0.2927805135861309,-0.0009148680720550648,0.5358824775323644
oscillations,0.75,37,4,-22.0,7.18,q3,"(50, 150)",-0.0007517914347240546,0.3095555965386691,-0.00027308811950843673,0.2927805135861309,-0.0009148680720550648,0.5358824775323644
oscillations,0.75,37,4,-22.0,7.18,q4,"(50, 50)",0.001551618406593915,0.29334652433824576,-0.00027308811950843673,0.2927805135861309,-0.0009148680720550648,0.5358824775323644
oscillations,0.75,38,4,-22.0,7.18,q1,"(150, 150)",-0.0007238969194158809,0.28850369521243097,-7.559019982517881e-05,0.2959638633939312,-0.00025314869331941866,0.5416188276813565
oscillations,0.75,38,4,-22.0,7.18,q2,"(150, 50)",0.001768378150932461,0.3058143524715557,-7.559019982517881e-05,0.2959638633939312,-0.00025314869331941866,0.5416188276813565
oscillations,0.75,38,4,-22.0,7.18,q3,"(50, 150)",-0.0029025011148281644,0.3028924082160434,-7.559019982517881e-05,0.2959638633939312,-0.00025314869331941866,0.5416188276813565
oscillations,0.75,38,4,-22.0,7.18,q4,"(50, 50)",0.008707997969227178,0.31062919877735085,-7.559019982517881e-05,0.2959638633939312,-0.00025314869331941866,0.5416188276813565
oscillations,0.75,39,4,-22.0,7.18,q1,"(150, 150)",0.001173976025836279,0.2965405714088423,0.00045919893717330995,0.2991047573582761,0.001538226068749049,0.5474339968069507
oscillations,0.75,39,4,-22.0,7.18,q2,"(150, 50)",-0.0010677308526910773,0.2986368317959933,0.00045919893717330995,0.2991047573582761,0.001538226068749049,0.5474339968069507
oscillations,0.75,39,4,-22.0,7.18,q3,"(50, 150)",-0.0014683633929145437,0.30709705642219076,0.00045919893717330995,0.2991047573582761,0.001538226068749049,0.5474339968069507
oscillations,0.75,39,4,-22.0,7.18,q4,"(50, 50)",0.004389681499063307,0.2991251135866606,0.00045919893717330995,0.2991047573582761,0.001538226068749049,0.5474339968069507
oscillations,0.75,40,4,-22.0,7.18,q1,"(150, 150)",0.002162319881008527,0.2869090292371856,0.0001072676873308333,0.2939417210249472,0.0003594460495294749,0.5380759280151374
oscillations,0.75,40,4,-22.0,7.18,q2,"(150, 50)",-0.0053658110783618785,0.30028325059274164,0.0001072676873308333,0.2939417210249472,0.0003594460495294749,0.5380759280151374
oscillations,0.75,40,4,-22.0,7.18,q3,"(50, 150)",-0.004671170397815943,0.30735043424902625,0.0001072676873308333,0.2939417210249472,0.0003594460495294749,0.5380759280151374
oscillations,0.75,40,4,-22.0,7.18,q4,"(50, 50)",0.012366348496750057,0.29551146807424483,0.0001072676873308333,0.2939417210249472,0.0003594460495294749,0.5380759280151374
oscillations,0.75,41,4,-22.0,7.18,q1,"(150, 150)",-0.0011147429903791933,0.29089976245759347,5.6608203479184685e-05,0.2961693063613679,0.00018975346846286762,0.5422445615032739
oscillations,0.75,41,4,-22.0,7.18,q2,"(150, 50)",0.0020481708706725074,0.2809455069056003,5.6608203479184685e-05,0.2961693063613679,0.00018975346846286762,0.5422445615032739
oscillations,0.75,41,4,-22.0,7.18,q3,"(50, 150)",0.0012459654469767936,0.33078342926200566,5.6608203479184685e-05,0.2961693063613679,0.00018975346846286762,0.5422445615032739
oscillations,0.75,41,4,-22.0,7.18,q4,"(50, 50)",0.001056009216131795,0.27709642271491475,5.6608203479184685e-05,0.2961693063613679,0.00018975346846286762,0.5422445615032739
oscillations,0.75,42,4,-22.0,7.18,q1,"(150, 150)",0.0002490178204382857,0.28804850831690726,0.00018605096194419156,0.2948124396520601,0.0006230254062593271,0.539488908326262
oscillations,0.75,42,4,-22.0,7.18,q2,"(150, 50)",6.096670577472712e-05,0.2908337655740839,0.00018605096194419156,0.2948124396520601,0.0006230254062593271,0.539488908326262
oscillations,0.75,42,4,-22.0,7.18,q3,"(50, 150)",-0.001092466188784576,0.3088301162096515,0.00018605096194419156,0.2948124396520601,0.0006230254062593271,0.539488908326262
oscillations,0.75,42,4,-22.0,7.18,q4,"(50, 50)",0.003830153456192039,0.32246438459787646,0.00018605096194419156,0.2948124396520601,0.0006230254062593271,0.539488908326262
oscillations,0.75,43,4,-22.0,7.18,q1,"(150, 150)",-0.0006878565693339455,0.29561308788007984,0.00023666528161017965,0.29483888681540193,0.0007923839678921223,0.5394919864520445
oscillations,0.75,43,4,-22.0,7.18,q2,"(150, 50)",0.0033723300784608795,0.2843548056166679,0.00023666528161017965,0.29483888681540193,0.0007923839678921223,0.5394919864520445
oscillations,0.75,43,4,-22.0,7.18,q3,"(50, 150)",-0.00012506325386427524,0.3073129145278269,0.00023666528161017965,0.29483888681540193,0.0007923839678921223,0.5394919864520445
oscillations,0.75,43,4,-22.0,7.18,q4,"(50, 50)",0.00023555315597857175,0.28010961460338135,0.00023666528161017965,0.29483888681540193,0.0007923839678921223,0.5394919864520445
oscillations,0.75,44,4,-22.0,7.18,q1,"(150, 150)",-0.001617210350308485,0.2860832439909438,-0.0003158383832846229,0.2930932115594342,-0.0010587057178735367,0.5366119525487849
oscillations,0.75,44,4,-22.0,7.18,q2,"(150, 50)",0.0034943342117561838,0.30130431616650016,-0.0003158383832846229,0.2930932115594342,-0.0010587057178735367,0.5366119525487849
oscillations,0.75,44,4,-22.0,7.18,q3,"(50, 150)",-0.003821414713374013,0.29782946298246776,-0.0003158383832846229,0.2930932115594342,-0.0010587057178735367,0.5366119525487849
oscillations,0.75,44,4,-22.0,7.18,q4,"(50, 50)",0.010482720525075885,0.31494948459058586,-0.0003158383832846229,0.2930932115594342,-0.0010587057178735367,0.5366119525487849
oscillations,0.75,45,4,-22.0,7.18,q1,"(150, 150)",-8.717822787814052e-05,0.2961751488926233,0.00027617688828050644,0.30363811107027266,0.0009249832982684625,0.5556855946881983
oscillations,0.75,45,4,-22.0,7.18,q2,"(150, 50)",0.0016866166014265177,0.30775258489664814,0.00027617688828050644,0.30363811107027266,0.0009249832982684625,0.5556855946881983
oscillations,0.75,45,4,-22.0,7.18,q3,"(50, 150)",-0.0032935159756746052,0.3164536088790769,0.00027617688828050644,0.30363811107027266,0.0009249832982684625,0.5556855946881983
oscillations,0.75,45,4,-22.0,7.18,q4,"(50, 50)",0.010024132386135627,0.31773596466995707,0.00027617688828050644,0.30363811107027266,0.0009249832982684625,0.5556855946881983
oscillations,0.75,46,4,-22.0,7.18,q1,"(150, 150)",-0.00032691778618997204,0.2909719995907971,-0.0003454910437328524,0.2954003790859675,-0.0011577148152227604,0.5407452942264932
oscillations,0.75,46,4,-22.0,7.18,q2,"(150, 50)",0.00013166816427836637,0.28462909439760264,-0.0003454910437328524,0.2954003790859675,-0.0011577148152227604,0.5407452942264932
oscillations,0.75,46,4,-22.0,7.18,q3,"(50, 150)",-0.0003413222027478979,0.31363821134014225,-0.0003454910437328524,0.2954003790859675,-0.0011577148152227604,0.5407452942264932
oscillations,0.75,46,4,-22.0,7.18,q4,"(50, 50)",-0.001956634508607299,0.309917043028901,-0.0003454910437328524,0.2954003790859675,-0.0011577148152227604,0.5407452942264932
oscillations,0.75,47,4,-22.0,7.18,q1,"(150, 150)",0.000870831372481154,0.295954119597587,0.0003354572607955732,0.2982251261993091,0.0011230574516088812,0.5456648447843996
oscillations,0.75,47,4,-22.0,7.18,q2,"(150, 50)",-0.0008368293426981237,0.2964085352224074,0.0003354572607955732,0.2982251261993091,0.0011230574516088812,0.5456648447843996
oscillations,0.75,47,4,-22.0,7.18,q3,"(50, 150)",-0.0013937379669929735,0.2997190630997194,0.0003354572607955732,0.2982251261993091,0.0011230574516088812,0.5456648447843996
oscillations,0.75,47,4,-22.0,7.18,q4,"(50, 50)",0.004221535749472072,0.31876741084877325,0.0003354572607955732,0.2982251261993091,0.0011230574516088812,0.5456648447843996
oscillations,0.75,48,4,-22.0,7.18,q1,"(150, 150)",0.0005564646227657737,0.2857846542838467,0.0003390748105204659,0.2912409739127388,0.001136881175257222,0.5332876864114883
oscillations,0.75,48,4,-22.0,7.18,q2,"(150, 50)",-0.0003717037968324576,0.29506464425520407,0.0003390748105204659,0.2912409739127388,0.001136881175257222,0.5332876864114883
oscillations,0.75,48,4,-22.0,7.18,q3,"(50, 150)",0.00013401502695767296,0.30602780550568814,0.0003390748105204659,0.2912409739127388,0.001136881175257222,0.5332876864114883
oscillations,0.75,48,4,-22.0,7.18,q4,"(50, 50)",0.0011300816730598514,0.282725806520586,0.0003390748105204659,0.2912409739127388,0.001136881175257222,0.5332876864114883
oscillations,0.75,49,4,-22.0,7.18,q1,"(150, 150)",0.0017861939248067459,0.28720859333924514,3.748757259241198e-05,0.2960129460052201,0.00012544992083129717,0.5415047030689677
oscillations,0.75,49,4,-22.0,7.18,q2,"(150, 50)",-0.005171305467510666,0.31433186791133644,3.748757259241198e-05,0.2960129460052201,0.00012544992083129717,0.5415047030689677
oscillations,0.75,49,4,-22.0,7.18,q3,"(50, 150)",-0.002696143624217992,0.30241489236563235,3.748757259241198e-05,0.2960129460052201,0.00012544992083129717,0.5415047030689677
oscillations,0.75,49,4,-22.0,7.18,q4,"(50, 50)",0.008126403113403857,0.2976659308877503,3.748757259241198e-05,0.2960129460052201,0.00012544992083129717,0.5415047030689677
sequences,0.25,0,9,-8.5,14.44,q1,"(50, 50)",9.325112042963965e-05,0.22660761428776138,0.015850542734484954,0.18134214652537298,0.05314070148180356,0.32904239188203593
sequences,0.25,0,9,-8.5,14.44,q2,"(50, 150)",0.02200800365849592,0.17213681127140634,0.015850542734484954,0.18134214652537298,0.05314070148180356,0.32904239188203593
sequences,0.25,0,9,-8.5,14.44,q3,"(150, 50)",0.003108492029155163,0.21747828932195287,0.015850542734484954,0.18134214652537298,0.05314070148180356,0.32904239188203593
sequences,0.25,0,9,-8.5,14.44,q4,"(150, 150)",0.019796216174264046,0.16432883045005273,0.015850542734484954,0.18134214652537298,0.05314070148180356,0.32904239188203593
sequences,0.25,1,9,-8.5,14.44,q1,"(50, 50)",0.004223696398849161,0.23571470799322738,0.015924432859551495,0.18450147662608699,0.05337947828559959,0.33482395314251634
sequences,0.25,1,9,-8.5,14.44,q2,"(50, 150)",0.02088953475933597,0.17400636299946365,0.015924432859551495,0.18450147662608699,0.05337947828559959,0.33482395314251634
sequences,0.25,1,9,-8.5,14.44,q3,"(150, 50)",0.004850191032831009,0.224538079559015,0.015924432859551495,0.18450147662608699,0.05337947828559959,0.33482395314251634
sequences,0.25,1,9,-8.5,14.44,q4,"(150, 150)",0.01926089466416376,0.16543734484527692,0.015924432859551495,0.18450147662608699,0.05337947828559959,0.33482395314251634
sequences,0.25,2,9,-8.5,14.44,q1,"(50, 50)",0.0065168353190764635,0.2227872375133485,0.015729546114840582,0.18037604337542384,0.052704125028783994,0.3272098020856012
sequences,0.25,2,9,-8.5,14.44,q2,"(50, 150)",0.020081837262179814,0.17179606663896047,0.015729546114840582,0.18037604337542384,0.052704125028783994,0.3272098020856012
sequences,0.25,2,9,-8.5,14.44,q3,"(150, 50)",0.0028937064475955685,0.21072060085983507,0.015729546114840582,0.18037604337542384,0.052704125028783994,0.3272098020856012
sequences,0.25,2,9,-8.5,14.44,q4,"(150, 150)",0.01958103015433852,0.1661369768544227,0.015729546114840582,0.18037604337542384,0.052704125028783994,0.3272098020856012
sequences,0.25,3,9,-8.5,14.44,q1,"(50, 50)",0.0012872671530029954,0.26276223418850153,0.0154348573552653,0.1939276913057216,0.051721060082986686,0.3523417137201876
sequences,0.25,3,9,-8.5,14.44,q2,"(50, 150)",0.021438640938880826,0.17388546637939992,0.0154348573552653,0.1939276913057216,0.051721060082986686,0.3523417137201876
sequences,0.25,3,9,-8.5,14.44,q3,"(150, 50)",-0.0021867674743742955,0.25344346138861595,0.0154348573552653,0.1939276913057216,0.051721060082986686,0.3523417137201876
sequences,0.25,3,9,-8.5,14.44,q4,"(150, 150)",0.020879425570858024,0.16592077208990252,0.0154348573552653,0.1939276913057216,0.051721060082986686,0.3523417137201876
sequences,0.25,4,9,-8.5,14.44,q1,"(50, 50)",0.0007894474046624388,0.23973420493118192,0.01553126122415502,0.18919182411001806,0.05204410228417532,0.3435712967452005
sequences,0.25,4,9,-8.5,14.44,q2,"(50, 150)",0.021603576048914972,0.17858880637189292,0.01553126122415502,0.18919182411001806,0.05204410228417532,0.3435712967452005
sequences,0.25,4,9,-8.5,14.44,q3,"(150, 50)",-0.00024530878382655587,0.2311717382197918,0.01553126122415502,0.18919182411001806,0.05204410228417532,0.3435712967452005
sequences,0.25,4,9,-8.5,14.44,q4,"(150, 150)",0.020403992265172515,0.16929032159052926,0.01553126122415502,0.18919182411001806,0.05204410228417532,0.3435712967452005
sequences,0.25,5,9,-8.5,14.44,q1,"(50, 50)",0.004141724492656137,0.22543499171696635,0.016164418338247357,0.180551740758454,0.05411136777386344,0.3272209216943673
sequences,0.25,5,9,-8.5,14.44,q2,"(50, 150)",0.020912234398773738,0.17212980913031795,0.016164418338247357,0.180551740758454,0.05411136777386344,0.3272209216943673
sequences,0.25,5,9,-8.5,14.44,q3,"(150, 50)",0.0080493354884739,0.2152253588074975,0.016164418338247357,0.180551740758454,0.05411136777386344,0.3272209216943673
sequences,0.25,5,9,-8.5,14.44,q4,"(150, 150)",0.01862269547306207,0.16412933954062414,0.016164418338247357,0.180551740758454,0.05411136777386344,0.3272209216943673
sequences,0.25,6,9,-8.5,14.44,q1,"(50, 50)",-0.0038181038533733214,0.23401130353590174,0.015184325195299334,0.18883603350908093,0.050885808295239046,0.3430512072141832
sequences,0.25,6,9,-8.5,14.44,q2,"(50, 150)",0.02260573067238169,0.17926826462907672,0.015184325195299334,0.18883603350908093,0.050885808295239046,0.3430512072141832
sequences,0.25,6,9,-8.5,14.44,q3,"(150, 50)",-0.0037788241668836493,0.22526507639642174,0.015184325195299334,0.18883603350908093,0.050885808295239046,0.3430512072141832
sequences,0.25,6,9,-8.5,14.44,q4,"(150, 150)",0.021142954162407614,0.17166323623700966,0.015184325195299334,0.18883603350908093,0.050885808295239046,0.3430512072141832
sequences,0.25,7,9,-8.5,14.44,q1,"(50, 50)",0.0029252026737911357,0.23150261749257217,0.01577411733466814,0.1853292057045493,0.052813651409284824,0.3362163411791345
sequences,0.25,7,9,-8.5,14.44,q2,"(50, 150)",0.021200770761108916,0.17529764168278006,0.01577411733466814,0.1853292057045493,0.052813651409284824,0.3362163411791345
sequences,0.25,7,9,-8.5,14.44,q3,"(150, 50)",0.0017597557081962248,0.23283984734820706,0.01577411733466814,0.1853292057045493,0.052813651409284824,0.3362163411791345
sequences,0.25,7,9,-8.5,14.44,q4,"(150, 150)",0.020064343919220417,0.16333941999080853,0.01577411733466814,0.1853292057045493,0.052813651409284824,0.3362163411791345
sequences,0.25,8,9,-8.5,14.44,q1,"(50, 50)",-0.004461774228573634,0.21703510769530662,0.015202393273413656,0.18750968972973114,0.05094209021835857,0.34058406148476206
sequences,0.25,8,9,-8.5,14.44,q2,"(50, 150)",0.02274998329094527,0.18284669696130557,0.015202393273413656,0.18750968972973114,0.05094209021835857,0.34058406148476206
sequences,0.25,8,9,-8.5,14.44,q3,"(150, 50)",-0.0034078018764001246,0.2173684263980151,0.015202393273413656,0.18750968972973114,0.05094209021835857,0.34058406148476206
sequences,0.25,8,9,-8.5,14.44,q4,"(150, 150)",0.02107483581772852,0.173685889404109,0.015202393273413656,0.18750968972973114,0.05094209021835857,0.34058406148476206
sequences,0.25,9,9,-8.5,14.44,q1,"(50, 50)",0.0002434720591920687,0.2465326877537196,0.015886847275667373,0.18300531253311994,0.05331604086137217,0.3322643107876084
sequences,0.25,9,9,-8.5,14.44,q2,"(50, 150)",0.021751754069688933,0.16853479935797847,0.015886847275667373,0.18300531253311994,0.05331604086137217,0.3322643107876084
sequences,0.25,9,9,-8.5,14.44,q3,"(150, 50)",0.005449410400313068,0.2313122113612204,0.015886847275667373,0.18300531253311994,0.05331604086137217,0.3322643107876084
sequences,0.25,9,9,-8.5,14.44,q4,"(150, 150)",0.01914917677127554,0.1593662028033395,0.015886847275667373,0.18300531253311994,0.05331604086137217,0.3322643107876084
sequences,0.25,10,9,-8.5,14.44,q1,"(50, 50)",0.007762467573002408,0.22500528189385668,0.016155840307395666,0.1807422440389506,0.054123418115228354,0.32769618981378323
sequences,0.25,10,9,-8.5,14.44,q2,"(50, 150)",0.020038240117026623,0.1692123090459559,0.016155840307395666,0.1807422440389506,0.054123418115228354,0.32769618981378323
sequences,0.25,10,9,-8.5,14.44,q3,"(150, 50)",0.007674332996385591,0.22357030120918456,0.016155840307395666,0.1807422440389506,0.054123418115228354,0.32769618981378323
sequences,0.25,10,9,-8.5,14.44,q4,"(150, 150)",0.018621473111676844,0.161871388749667,0.016155840307395666,0.1807422440389506,0.054123418115228354,0.32769618981378323
sequences,0.25,11,9,-8.5,14.44,q1,"(50, 50)",-0.00431076378156684,0.2326960114866629,0.015123458763673315,0.19264176755856366,0.05060975073596022,0.34984752512822964
sequences,0.25,11,9,-8.5,14.44,q2,"(50, 150)",0.022592086416252582,0.1872944742930081,0.015123458763673315,0.19264176755856366,0.05060975073596022,0.34984752512822964
sequences,0.25,11,9,-8.5,14.44,q3,"(150, 50)",-0.0034624500185384223,0.230253419975149,0.015123458763673315,0.19264176755856366,0.05060975073596022,0.34984752512822964
sequences,0.25,11,9,-8.5,14.44,q4,"(150, 150)",0.02098857720079971,0.17430741320611615,0.015123458763673315,0.19264176755856366,0.05060975073596022,0.34984752512822964
sequences,0.25,12,9,-8.5,14.44,q1,"(50, 50)",-0.003331563851929732,0.22781203855011012,0.015010906201485971,0.18811101714570755,0.050279370964615544,0.34169008237550547
sequences,0.25,12,9,-8.5,14.44,q2,"(50, 150)",0.022349468815982997,0.18050399732544467,0.015010906201485971,0.18811101714570755,0.050279370964615544,0.34169008237550547
sequences,0.25,12,9,-8.5,14.44,q3,"(150, 50)",-0.00657359087159412,0.22228643086053868,0.015010906201485971,0.18811101714570755,0.050279370964615544,0.34169008237550547
sequences,0.25,12,9,-8.5,14.44,q4,"(150, 150)",0.02179760324917096,0.17191234384196258,0.015010906201485971,0.18811101714570755,0.050279370964615544,0.34169008237550547
sequences,0.25,13,9,-8.5,14.44,q1,"(50, 50)",-0.005759093864321206,0.2407631690414961,0.015341094303456355,0.1920022957690965,0.051406867063605116,0.34882295004806047
sequences,0.25,13,9,-8.5,14.44,q2,"(50, 150)",0.023151403549839477,0.18313945259052525,0.015341094303456355,0.1920022957690965,0.051406867063605116,0.34882295004806047
sequences,0.25,13,9,-8.5,14.44,q3,"(150, 50)",-0.0013352815684635273,0.23236064846410848,0.015341094303456355,0.1920022957690965,0.051406867063605116,0.34882295004806047
sequences,0.25,13,9,-8.5,14.44,q4,"(150, 150)",0.02064091519727723,0.17242109093430638,0.015341094303456355,0.1920022957690965,0.051406867063605116,0.34882295004806047
sequences,0.25,14,9,-8.5,14.44,q1,"(50, 50)",-0.0005623062350819061,0.22429351867935918,0.015297264199602274,0.19239394500409882,0.051229953782994886,0.3494602010398125
sequences,0.25,14,9,-8.5,14.44,q2,"(50, 150)",0.02190625059487201,0.18893483419273233,0.015297264199602274,0.19239394500409882,0.051229953782994886,0.3494602010398125
sequences,0.25,14,9,-8.5,14.44,q3,"(150, 50)",-0.0037189569473672157,0.216687908972485,0.015297264199602274,0.19239394500409882,0.051229953782994886,0.3494602010398125
sequences,0.25,14,9,-8.5,14.44,q4,"(150, 150)",0.021195183609578207,0.18018778880473063,0.015297264199602274,0.19239394500409882,0.051229953782994886,0.3494602010398125
sequences,0.25,15,9,-8.5,14.44,q1,"(50, 50)",-0.0023085714303226674,0.21121462661297027,0.015235640570317717,0.18601514651373555,0.05101930705841009,0.3377043007296043
sequences,0.25,15,9,-8.5,14.44,q2,"(50, 150)",0.02235288764826024,0.18511889969733789,0.015235640570317717,0.18601514651373555,0.05101930705841009,0.3377043007296043
sequences,0.25,15,9,-8.5,14.44,q3,"(150, 50)",-0.005150532285048833,0.21275641682875626,0.015235640570317717,0.18601514651373555,0.05101930705841009,0.3377043007296043
sequences,0.25,15,9,-8.5,14.44,q4,"(150, 150)",0.021607972718419098,0.17267169386746212,0.015235640570317717,0.18601514651373555,0.05101930705841009,0.3377043007296043
sequences,0.25,16,9,-8.5,14.44,q1,"(50, 50)",-0.00022596952760516728,0.21931810182329406,0.015367896133373315,0.18189936346845192,0.05150099240406606,0.3301844108577324
sequences,0.25,16,9,-8.5,14.44,q2,"(50, 150)",0.021813188816588495,0.17692248599020188,0.015367896133373315,0.18189936346845192,0.05150099240406606,0.3301844108577324
sequences,0.25,16,9,-8.5,14.44,q3,"(150, 50)",-0.0018762252539159816,0.21006529784199765,0.015367896133373315,0.18189936346845192,0.05150099240406606,0.3301844108577324
sequences,0.25,16,9,-8.5,14.44,q4,"(150, 150)",0.02070015744150674,0.16782757970088819,0.015367896133373315,0.18189936346845192,0.05150099240406606,0.3301844108577324
sequences,0.25,17,9,-8.5,14.44,q1,"(50, 50)",0.00553298331954623,0.24648339389993565,0.016106742550353808,0.1864577826175007,0.05395441772164411,0.338258627951615
sequences,0.25,17,9,-8.5,14.44,q2,"(50, 150)",0.02051648601650905,0.1682370754116871,0.016106742550353808,0.1864577826175007,0.05395441772164411,0.338258627951615
sequences,0.25,17,9,-8.5,14.44,q3,"(150, 50)",0.007463365277429936,0.24432676041765233,0.016106742550353808,0.1864577826175007,0.05395441772164411,0.338258627951615
sequences,0.25,17,9,-8.5,14.44,q4,"(150, 150)",0.01869281595603308,0.16022821145769225,0.016106742550353808,0.1864577826175007,0.05395441772164411,0.338258627951615
sequences,0.25,18,9,-8.5,14.44,q1,"(50, 50)",0.0025123597400909334,0.22632089114280118,0.01554414279636732,0.1848252422880695,0.05205674077818929,0.3354117599715605
sequences,0.25,18,9,-8.5,14.44,q2,"(50, 150)",0.021230623458981794,0.1772474532806579,0.01554414279636732,0.1848252422880695,0.05205674077818929,0.3354117599715605
sequences,0.25,18,9,-8.5,14.44,q3,"(150, 50)",-0.0015652555119692547,0.21976764901978624,0.01554414279636732,0.1848252422880695,0.05205674077818929,0.3354117599715605
sequences,0.25,18,9,-8.5,14.44,q4,"(150, 150)",0.02079975790674984,0.16826160715175248,0.01554414279636732,0.1848252422880695,0.05205674077818929,0.3354117599715605
sequences,0.25,19,9,-8.5,14.44,q1,"(50, 50)",-0.0019845258192889154,0.23725536094583383,0.015975921365614806,0.1851421346844207,0.05350723056389452,0.33585089369384685
sequences,0.25,19,9,-8.5,14.44,q2,"(50, 150)",0.02226094289371381,0.1709024987716083,0.015975921365614806,0.1851421346844207,0.05350723056389452,0.33585089369384685
sequences,0.25,19,9,-8.5,14.44,q3,"(150, 50)",0.007556316655084257,0.2321878093576073,0.015975921365614806,0.1851421346844207,0.05350723056389452,0.33585089369384685
sequences,0.25,19,9,-8.5,14.44,q4,"(150, 150)",0.018683054335859067,0.1640038675248296,0.015975921365614806,0.1851421346844207,0.05350723056389452,0.33585089369384685
sequences,0.25,20,9,-8.5,14.44,q1,"(50, 50)",0.007548354764667527,0.22597688352480505,0.015984258614288798,0.18640504598843488,0.05355309025643286,0.3382346093659426
sequences,0.25,20,9,-8.5,14.44,q2,"(50, 150)",0.020128072612127183,0.17766377858366142,0.015984258614288798,0.18640504598843488,0.05355309025643286,0.3382346093659426
sequences,0.25,20,9,-8.5,14.44,q3,"(150, 50)",0.004206657482176175,0.2241458427749988,0.015984258614288798,0.18640504598843488,0.05355309025643286,0.3382346093659426
sequences,0.25,20,9,-8.5,14.44,q4,"(150, 150)",0.01946617697567146,0.16958074056925188,0.015984258614288798,0.18640504598843488,0.05355309025643286,0.3382346093659426
sequences,0.25,21,9,-8.5,14.44,q1,"(50, 50)",-0.010103530348377026,0.23058742403881083,0.01512804954582313,0.1910335823189856,0.050620878520405324,0.34686816636844187
sequences,0.25,21,9,-8.5,14.44,q2,"(50, 150)",0.02416033126475989,0.18420590609145315,0.01512804954582313,0.1910335823189856,0.050620878520405324,0.34686816636844187
sequences,0.25,21,9,-8.5,14.44,q3,"(150, 50)",-0.0035700573213558605,0.22997683384302367,0.01512804954582313,0.1910335823189856,0.050620878520405324,0.34686816636844187
sequences,0.25,21,9,-8.5,14.44,q4,"(150, 150)",0.021153500139037225,0.17256568545365758,0.01512804954582313,0.1910335823189856,0.050620878520405324,0.34686816636844187
sequences,0.25,22,9,-8.5,14.44,q1,"(50, 50)",-0.002761802994877958,0.19528831341255867,0.015222446359476078,0.18822450709557545,0.05103921662858703,0.34199379026622334
sequences,0.25,22,9,-8.5,14.44,q2,"(50, 150)",0.022370568362920888,0.19164988936977498,0.015222446359476078,0.18822450709557545,0.05103921662858703,0.34199379026622334
sequences,0.25,22,9,-8.5,14.44,q3,"(150, 50)",-0.0027020794157036677,0.19729608855874534,0.015222446359476078,0.18822450709557545,0.05103921662858703,0.34199379026622334
sequences,0.25,22,9,-8.5,14.44,q4,"(150, 150)",0.020812830878315952,0.18258324682321828,0.015222446359476078,0.18822450709557545,0.05103921662858703,0.34199379026622334
sequences,0.25,23,9,-8.5,14.44,q1,"(50, 50)",0.005001724540534296,0.23181822107537592,0.016052415844059944,0.18579559150588812,0.053803974674241466,0.33715257012994826
sequences,0.25,23,9,-8.5,14.44,q2,"(50, 150)",0.020775501304692467,0.17585199396937448,0.016052415844059944,0.18579559150588812,0.053803974674241466,0.33715257012994826
sequences,0.25,23,9,-8.5,14.44,q3,"(150, 50)",0.006594768169127643,0.22922743204932908,0.016052415844059944,0.18579559150588812,0.053803974674241466,0.33715257012994826
sequences,0.25,23,9,-8.5,14.44,q4,"(150, 150)",0.01885845783810717,0.16587970100656205,0.016052415844059944,0.18579559150588812,0.053803974674241466,0.33715257012994826
sequences,0.25,24,9,-8.5,14.44,q1,"(50, 50)",-0.0031194475862456913,0.24095085419915538,0.01590614428312716,0.1908057017538986,0.05329584279821467,0.34640092360500147
sequences,0.25,24,9,-8.5,14.44,q2,"(50, 150)",0.02248641504065507,0.1775744948836262,0.01590614428312716,0.1908057017538986,0.05329584279821467,0.34640092360500147
sequences,0.25,24,9,-8.5,14.44,q3,"(150, 50)",0.0073534775692885405,0.2374922607041819,0.01590614428312716,0.1908057017538986,0.05329584279821467,0.34640092360500147
sequences,0.25,24,9,-8.5,14.44,q4,"(150, 150)",0.018677564254049945,0.1699233387113888,0.01590614428312716,0.1908057017538986,0.05329584279821467,0.34640092360500147
sequences,0.25,25,9,-8.5,14.44,q1,"(50, 50)",-0.002976829397854295,0.2280986004320665,0.015376832774668107,0.18693248530677717,0.05152662402502507,0.3394572824449605
sequences,0.25,25,9,-8.5,14.44,q2,"(50, 150)",0.02237016685742449,0.17953485684095002,0.015376832774668107,0.18693248530677717,0.05152662402502507,0.3394572824449605
sequences,0.25,25,9,-8.5,14.44,q3,"(150, 50)",-0.0005756390037821811,0.22438218175845423,0.015376832774668107,0.18693248530677717,0.05152662402502507,0.3394572824449605
sequences,0.25,25,9,-8.5,14.44,q4,"(150, 150)",0.02040250780351301,0.16926519978383875,0.015376832774668107,0.18693248530677717,0.05152662402502507,0.3394572824449605
sequences,0.25,26,9,-8.5,14.44,q1,"(50, 50)",0.002504488698710197,0.21248593790016074,0.016229514221222114,0.17675620507095177,0.05439300953907706,0.32036521388501027
sequences,0.25,26,9,-8.5,14.44,q2,"(50, 150)",0.02129340187007402,0.16885978725466677,0.016229514221222114,0.17675620507095177,0.05439300953907706,0.32036521388501027
sequences,0.25,26,9,-8.5,14.44,q3,"(150, 50)",0.011095163504292486,0.21368844812913715,0.016229514221222114,0.17675620507095177,0.05439300953907706,0.32036521388501027
sequences,0.25,26,9,-8.5,14.44,q4,"(150, 150)",0.017778004746416016,0.16049877485426517,0.016229514221222114,0.17675620507095177,0.05439300953907706,0.32036521388501027
sequences,0.25,27,9,-8.5,14.44,q1,"(50, 50)",-0.0006038245155789902,0.24693085847298582,0.015219037090130389,0.19658110702618756,0.05097224178223357,0.35722001174002704
sequences,0.25,27,9,-8.5,14.44,q2,"(50, 150)",0.021703339425319042,0.18344803695517128,0.015219037090130389,0.19658110702618756,0.05097224178223357,0.35722001174002704
sequences,0.25,27,9,-8.5,14.44,q3,"(150, 50)",-0.003338538496134917,0.24539070090148515,0.015219037090130389,0.19658110702618756,0.05097224178223357,0.35722001174002704
sequences,0.25,27,9,-8.5,14.44,q4,"(150, 150)",0.021001557241123646,0.1744869724983843,0.015219037090130389,0.19658110702618756,0.05097224178223357,0.35722001174002704
sequences,0.25,28,9,-8.5,14.44,q1,"(50, 50)",-0.006711088240028399,0.22334074548640523,0.015045148673563663,0.1858908179928626,0.05040672978830275,0.33762509679366287
sequences,0.25,28,9,-8.5,14.44,q2,"(50, 150)",0.023240683693145768,0.17934519548634453,0.015045148673563663,0.1858908179928626,0.05040672978830275,0.33762509679366287
sequences,0.25,28,9,-8.5,14.44,q3,"(150, 50)",-0.004456012555181623,0.21670674204204524,0.015045148673563663,0.1858908179928626,0.05040672978830275,0.33762509679366287
sequences,0.25,28,9,-8.5,14.44,q4,"(150, 150)",0.02123105040035051,0.17109633697687726,0.015045148673563663,0.1858908179928626,0.05040672978830275,0.33762509679366287
sequences,0.25,29,9,-8.5,14.44,q1,"(50, 50)",-0.0035303893526791824,0.22990817514238512,0.015304467371865324,0.18590530631168214,0.051305623103805965,0.3376567534392223
sequences,0.25,29,9,-8.5,14.44,q2,"(50, 150)",0.022549345871941098,0.1763938878036377,0.015304467371865324,0.18590530631168214,0.051305623103805965,0.3376567534392223
sequences,0.25,29,9,-8.5,14.44,q3,"(150, 50)",-0.0019719349950401877,0.22358846187922043,0.015304467371865324,0.18590530631168214,0.051305623103805965,0.3376567534392223
sequences,0.25,29,9,-8.5,14.44,q4,"(150, 150)",0.02074107051909129,0.16836511154783032,0.015304467371865324,0.18590530631168214,0.051305623103805965,0.3376567534392223
sequences,0.25,30,9,-8.5,14.44,q1,"(50, 50)",0.005921604821140493,0.2536960125590949,0.015582853201798924,0.1918057716939992,0.05225200168261857,0.34849012238947485
sequences,0.25,30,9,-8.5,14.44,q2,"(50, 150)",0.02038367052004508,0.1779463524327217,0.015582853201798924,0.1918057716939992,0.05225200168261857,0.34849012238947485
sequences,0.25,30,9,-8.5,14.44,q3,"(150, 50)",0.0003282643975830008,0.23916215826758544,0.015582853201798924,0.1918057716939992,0.05225200168261857,0.34849012238947485
sequences,0.25,30,9,-8.5,14.44,q4,"(150, 150)",0.02014091573941756,0.16886276384260593,0.015582853201798924,0.1918057716939992,0.05225200168261857,0.34849012238947485
sequences,0.25,31,9,-8.5,14.44,q1,"(50, 50)",0.003960439807685197,0.2394622669190323,0.015618933604374831,0.1865383204415932,0.05235542983113997,0.33869804650544244
sequences,0.25,31,9,-8.5,14.44,q2,"(50, 150)",0.02091013169181986,0.17606721446838328,0.015618933604374831,0.1865383204415932,0.05235542983113997,0.33869804650544244
sequences,0.25,31,9,-8.5,14.44,q3,"(150, 50)",-0.0006901248496078442,0.23282319995381168,0.015618933604374831,0.1865383204415932,0.05235542983113997,0.33869804650544244
sequences,0.25,31,9,-8.5,14.44,q4,"(150, 150)",0.020586941926186233,0.1641623946443195,0.015618933604374831,0.1865383204415932,0.05235542983113997,0.33869804650544244
sequences,0.25,32,9,-8.5,14.44,q1,"(50, 50)",-0.0011215747529244183,0.23929436842277763,0.01569871260951055,0.19171837713047551,0.05258319413669588,0.3481024824906961
sequences,0.25,32,9,-8.5,14.44,q2,"(50, 150)",0.022068174405751567,0.17855649671420618,0.01569871260951055,0.19171837713047551,0.05258319413669588,0.3481024824906961
sequences,0.25,32,9,-8.5,14.44,q3,"(150, 50)",0.0037902169969073517,0.23938189194001286,0.01569871260951055,0.19171837713047551,0.05258319413669588,0.3481024824906961
sequences,0.25,32,9,-8.5,14.44,q4,"(150, 150)",0.019413978033012945,0.17072412685561164,0.01569871260951055,0.19171837713047551,0.05258319413669588,0.3481024824906961
sequences,0.25,33,9,-8.5,14.44,q1,"(50, 50)",0.003834103949372917,0.23263868395804696,0.015919743819033598,0.18361952600705847,0.0533503479190134,0.3331557851128112
sequences,0.25,33,9,-8.5,14.44,q2,"(50, 150)",0.02107384540946173,0.17367920447199203,0.015919743819033598,0.18361952600705847,0.0533503479190134,0.3331557851128112
sequences,0.25,33,9,-8.5,14.44,q3,"(150, 50)",0.003794409417691142,0.2267653776107274,0.015919743819033598,0.18361952600705847,0.0533503479190134,0.3331557851128112
sequences,0.25,33,9,-8.5,14.44,q4,"(150, 150)",0.019586336963745118,0.16322734555929186,0.015919743819033598,0.18361952600705847,0.0533503479190134,0.3331557851128112
sequences,0.25,34,9,-8.5,14.44,q1,"(50, 50)",-0.006969756615334486,0.24532912038223167,0.014908685883689236,0.19293832414121231,0.04992443996212385,0.35058120991150904
sequences,0.25,34,9,-8.5,14.44,q2,"(50, 150)",0.023469035520129054,0.17876483819310254,0.014908685883689236,0.19293832414121231,0.04992443996212385,0.35058120991150904
sequences,0.25,34,9,-8.5,14.44,q3,"(150, 50)",-0.00938494482650376,0.22958718573372583,0.014908685883689236,0.19293832414121231,0.04992443996212385,0.35058120991150904
sequences,0.25,34,9,-8.5,14.44,q4,"(150, 150)",0.022584050963720705,0.17588383041846567,0.014908685883689236,0.19293832414121231,0.04992443996212385,0.35058120991150904
sequences,0.25,35,9,-8.5,14.44,q1,"(50, 50)",0.004281273958302473,0.2359736295822191,0.015705241459382083,0.18041027450631986,0.052640326661243776,0.3273356480726943
sequences,0.25,35,9,-8.5,14.44,q2,"(50, 150)",0.020894480520258794,0.167790824927381,0.015705241459382083,0.18041027450631986,0.052640326661243776,0.3273356480726943
sequences,0.25,35,9,-8.5,14.44,q3,"(150, 50)",0.0003239241008076817,0.22197210259949027,0.015705241459382083,0.18041027450631986,0.052640326661243776,0.3273356480726943
sequences,0.25,35,9,-8.5,14.44,q4,"(150, 150)",0.020371930614290153,0.16044699589118203,0.015705241459382083,0.18041027450631986,0.052640326661243776,0.3273356480726943
sequences,0.25,36,9,-8.5,14.44,q1,"(50, 50)",-0.0023687551147912812,0.22549426981695517,0.015368165668689232,0.18645474127617162,0.051497581196914576,0.33857878829270643
sequences,0.25,36,9,-8.5,14.44,q2,"(50, 150)",0.02241920207344397,0.1813418516375616,0.015368165668689232,0.18645474127617162,0.051497581196914576,0.33857878829270643
sequences,0.25,36,9,-8.5,14.44,q3,"(150, 50)",-0.0026780732863825496,0.21368743510399962,0.015368165668689232,0.18645474127617162,0.051497581196914576,0.33857878829270643
sequences,0.25,36,9,-8.5,14.44,q4,"(150, 150)",0.021004002161403863,0.1725720744627848,0.015368165668689232,0.18645474127617162,0.051497581196914576,0.33857878829270643
sequences,0.25,37,9,-8.5,14.44,q1,"(50, 50)",-0.0005713903173528536,0.2428992268339954,0.015651078850770637,0.18769995225765035,0.05241486554176369,0.34067758392078534
sequences,0.25,37,9,-8.5,14.44,q2,"(50, 150)",0.02173389824564525,0.17486519886182755,0.015651078850770637,0.18769995225765035,0.05241486554176369,0.34067758392078534
sequences,0.25,37,9,-8.5,14.44,q3,"(150, 50)",0.004847180204134157,0.2353863232131882,0.015651078850770637,0.18769995225765035,0.05241486554176369,0.34067758392078534
sequences,0.25,37,9,-8.5,14.44,q4,"(150, 150)",0.019027268508927202,0.16530097495469392,0.015651078850770637,0.18769995225765035,0.05241486554176369,0.34067758392078534
sequences,0.25,38,9,-8.5,14.44,q1,"(50, 50)",0.003763022860664809,0.21792056042313027,0.015821803828986465,0.17855359790191302,0.05297774595341192,0.32370238730627093
sequences,0.25,38,9,-8.5,14.44,q2,"(50, 150)",0.02102318151080323,0.1716174739061468,0.015821803828986465,0.17855359790191302,0.05297774595341192,0.32370238730627093
sequences,0.25,38,9,-8.5,14.44,q3,"(150, 50)",0.002350107539286975,0.21053570175676595,0.015821803828986465,0.17855359790191302,0.05297774595341192,0.32370238730627093
sequences,0.25,38,9,-8.5,14.44,q4,"(150, 150)",0.019918441250316454,0.16342080324456992,0.015821803828986465,0.17855359790191302,0.05297774595341192,0.32370238730627093
sequences,0.25,39,9,-8.5,14.44,q1,"(50, 50)",0.01083418702857374,0.21464552657101943,0.016076645956402045,0.17769665827407197,0.053826553800626245,0.322007235595085
sequences,0.25,39,9,-8.5,14.44,q2,"(50, 150)",0.019402664670763466,0.17233290547028915,0.016076645956402045,0.17769665827407197,0.053826553800626245,0.322007235595085
sequences,0.25,39,9,-8.5,14.44,q3,"(150, 50)",0.00459259362689985,0.2100563708167301,0.016076645956402045,0.17769665827407197,0.053826553800626245,0.322007235595085
sequences,0.25,39,9,-8.5,14.44,q4,"(150, 150)",0.019378485931207664,0.16231778424849094,0.016076645956402045,0.17769665827407197,0.053826553800626245,0.322007235595085
sequences,0.25,40,9,-8.5,14.44,q1,"(50, 50)",0.005333936753343599,0.23215678550744173,0.016288280057316046,0.17955241864222096,0.05457624411900167,0.32547207082217444
sequences,0.25,40,9,-8.5,14.44,q2,"(50, 150)",0.020666669943568677,0.16774573061554413,0.016288280057316046,0.17955241864222096,0.05457624411900167,0.32547207082217444
sequences,0.25,40,9,-8.5,14.44,q3,"(150, 50)",0.009135836207693766,0.22125743094870168,0.016288280057316046,0.17955241864222096,0.05457624411900167,0.32547207082217444
sequences,0.25,40,9,-8.5,14.44,q4,"(150, 150)",0.01843011396776954,0.15995681811564436,0.016288280057316046,0.17955241864222096,0.05457624411900167,0.32547207082217444
sequences,0.25,41,9,-8.5,14.44,q1,"(50, 50)",0.00564368160035656,0.2342591297210293,0.016117792418143664,0.18130082246466453,0.0540502763854583,0.3289038372399352
sequences,0.25,41,9,-8.5,14.44,q2,"(50, 150)",0.020618491101178846,0.169202547185961,0.016117792418143664,0.18130082246466453,0.0540502763854583,0.3289038372399352
sequences,0.25,41,9,-8.5,14.44,q3,"(150, 50)",0.006584355682141495,0.2249337529057701,0.016117792418143664,0.18130082246466453,0.0540502763854583,0.3289038372399352
sequences,0.25,41,9,-8.5,14.44,q4,"(150, 150)",0.018959161859997898,0.16084933969353604,0.016117792418143664,0.18130082246466453,0.0540502763854583,0.3289038372399352
sequences,0.25,42,9,-8.5,14.44,q1,"(50, 50)",0.002905383241132192,0.21485972305448545,0.01539058467990797,0.1848039339513222,0.051551112644139925,0.335455568203536
sequences,0.25,42,9,-8.5,14.44,q2,"(50, 150)",0.021110968061455352,0.18066349046701669,0.01539058467990797,0.1848039339513222,0.051551112644139925,0.335455568203536
sequences,0.25,42,9,-8.5,14.44,q3,"(150, 50)",-0.0028629951891545923,0.20319055687821563,0.01539058467990797,0.1848039339513222,0.051551112644139925,0.335455568203536
sequences,0.25,42,9,-8.5,14.44,q4,"(150, 150)",0.02095556144672146,0.17542512079377057,0.01539058467990797,0.1848039339513222,0.051551112644139925,0.335455568203536
sequences,0.25,43,9,-8.5,14.44,q1,"(50, 50)",0.0033804399861375005,0.24309172590663722,0.015863913246065824,0.1887849700148597,0.05316324814365223,0.34271453961776444
sequences,0.25,43,9,-8.5,14.44,q2,"(50, 150)",0.02088644549364438,0.17546488273276603,0.015863913246065824,0.1887849700148597,0.05316324814365223,0.34271453961776444
sequences,0.25,43,9,-8.5,14.44,q3,"(150, 50)",0.005663381488479618,0.23742623274803049,0.015863913246065824,0.1887849700148597,0.05316324814365223,0.34271453961776444
sequences,0.25,43,9,-8.5,14.44,q4,"(150, 150)",0.018976965667171525,0.1663444689144632,0.015863913246065824,0.1887849700148597,0.05316324814365223,0.34271453961776444
sequences,0.25,44,9,-8.5,14.44,q1,"(50, 50)",-0.01066621948537021,0.24373520935317497,0.014959042387920533,0.19571960211665929,0.05015184775096984,0.3558941867324538
sequences,0.25,44,9,-8.5,14.44,q2,"(50, 150)",0.024252926297002,0.18628287583825548,0.014959042387920533,0.19571960211665929,0.05015184775096984,0.3558941867324538
sequences,0.25,44,9,-8.5,14.44,q3,"(150, 50)",-0.005465226377552052,0.23193432828031943,0.014959042387920533,0.19571960211665929,0.05015184775096984,0.3558941867324538
sequences,0.25,44,9,-8.5,14.44,q4,"(150, 150)",0.021516421992638764,0.17809267081395194,0.014959042387920533,0.19571960211665929,0.05015184775096984,0.3558941867324538
sequences,0.25,45,9,-8.5,14.44,q1,"(50, 50)",-0.0036305101881236963,0.2300847955721958,0.015874886251510793,0.18132382837048086,0.053124357906837755,0.32870429600513684
sequences,0.25,45,9,-8.5,14.44,q2,"(50, 150)",0.022735791403114082,0.16935018624868037,0.015874886251510793,0.18132382837048086,0.053124357906837755,0.32870429600513684
sequences,0.25,45,9,-8.5,14.44,q3,"(150, 50)",0.0062074616219809494,0.2247094426694113,0.015874886251510793,0.18132382837048086,0.053124357906837755,0.32870429600513684
sequences,0.25,45,9,-8.5,14.44,q4,"(150, 150)",0.01897765901522348,0.16148757170908942,0.015874886251510793,0.18132382837048086,0.053124357906837755,0.32870429600513684
sequences,0.25,46,9,-8.5,14.44,q1,"(50, 50)",-0.006753028939873643,0.2295438409579138,0.015228950730651896,0.18652689917275445,0.05105246641184008,0.33883083452868706
sequences,0.25,46,9,-8.5,14.44,q2,"(50, 150)",0.02336892679174497,0.18134782859119547,0.015228950730651896,0.18652689917275445,0.05105246641184008,0.33883083452868706
sequences,0.25,46,9,-8.5,14.44,q3,"(150, 50)",-0.0023197496825482005,0.2140707511309234,0.015228950730651896,0.18652689917275445,0.05105246641184008,0.33883083452868706
sequences,0.25,46,9,-8.5,14.44,q4,"(150, 150)",0.02080763436696819,0.17190444875801458,0.015228950730651896,0.18652689917275445,0.05105246641184008,0.33883083452868706
sequences,0.25,47,9,-8.5,14.44,q1,"(50, 50)",-0.0027747474483888917,0.2166827999746065,0.01512233410830043,0.18245586297931654,0.050652601267125875,0.3312195426170827
sequences,0.25,47,9,-8.5,14.44,q2,"(50, 150)",0.022208270578759865,0.17594841588665608,0.01512233410830043,0.18245586297931654,0.050652601267125875,0.3312195426170827
sequences,0.25,47,9,-8.5,14.44,q3,"(150, 50)",-0.0040478923439886605,0.21412526095847106,0.01512233410830043,0.18245586297931654,0.050652601267125875,0.3312195426170827
sequences,0.25,47,9,-8.5,14.44,q4,"(150, 150)",0.021138995386320237,0.1677859702069491,0.01512233410830043,0.18245586297931654,0.050652601267125875,0.3312195426170827
sequences,0.25,48,9,-8.5,14.44,q1,"(50, 50)",-0.005133462046132893,0.2276582810420657,0.015453222789953574,0.18381430414685745,0.05179127872627925,0.33370203042614827
sequences,0.25,48,9,-8.5,14.44,q2,"(50, 150)",0.022996160787574105,0.17343569221797575,0.015453222789953574,0.18381430414685745,0.05179127872627925,0.33370203042614827
sequences,0.25,48,9,-8.5,14.44,q3,"(150, 50)",0.00015878808715576677,0.22228127315405038,0.015453222789953574,0.18381430414685745,0.05179127872627925,0.33370203042614827
sequences,0.25,48,9,-8.5,14.44,q4,"(150, 150)",0.020324464451244497,0.166265634498446,0.015453222789953574,0.18381430414685745,0.05179127872627925,0.33370203042614827
sequences,0.25,49,9,-8.5,14.44,q1,"(50, 50)",0.0018451394499791177,0.21717313302712773,0.015681441641112265,0.18677632418147894,0.05256495982942182,0.33911468797041444
sequences,0.25,49,9,-8.5,14.44,q2,"(50, 150)",0.02135385804367293,0.18381373775249352,0.015681441641112265,0.18677632418147894,0.05256495982942182,0.33911468797041444
sequences,0.25,49,9,-8.5,14.44,q3,"(150, 50)",0.0014931542296013442,0.21802001719468375,0.015681441641112265,0.18677632418147894,0.05256495982942182,0.33911468797041444
sequences,0.25,49,9,-8.5,14.44,q4,"(150, 150)",0.020057432220888256,0.17190994480699676,0.015681441641112265,0.18677632418147894,0.05256495982942182,0.33911468797041444
sequences,0.25,0,10,-12.3,10.68,q1,"(50, 50)",0.0002290070205179717,0.26437865336585076,0.018509325889839248,0.2005780034882796,0.06197664788159801,0.3633419330394433
sequences,0.25,0,10,-12.3,10.68,q2,"(50, 150)",0.025601079844879148,0.1825154398944816,0.018509325889839248,0.2005780034882796,0.06197664788159801,0.3633419330394433
sequences,0.25,0,10,-12.3,10.68,q3,"(150, 50)",0.005291938296700812,0.2633308991792079,0.018509325889839248,0.2005780034882796,0.06197664788159801,0.3633419330394433
sequences,0.25,0,10,-12.3,10.68,q4,"(150, 150)",0.022582350310241122,0.1714917872521999,0.018509325889839248,0.2005780034882796,0.06197664788159801,0.3633419330394433
sequences,0.25,1,10,-12.3,10.68,q1,"(50, 50)",-0.006287090611044032,0.286860140548847,0.018169234060380787,0.20620494017670873,0.060899058355558186,0.3740542363421338
sequences,0.25,1,10,-12.3,10.68,q2,"(50, 150)",0.027150815460296886,0.18276363610781032,0.018169234060380787,0.20620494017670873,0.060899058355558186,0.3740542363421338
sequences,0.25,1,10,-12.3,10.68,q3,"(150, 50)",0.0021738947727677404,0.2711031157623553,0.018169234060380787,0.20620494017670873,0.060899058355558186,0.3740542363421338
sequences,0.25,1,10,-12.3,10.68,q4,"(150, 150)",0.02322452276421586,0.17496122899948974,0.018169234060380787,0.20620494017670873,0.060899058355558186,0.3740542363421338
sequences,0.25,2,10,-12.3,10.68,q1,"(50, 50)",-0.004583765676872993,0.2846707430377668,0.018139943720861418,0.20601008793535386,0.06077542079189687,0.37362922504899115
sequences,0.25,2,10,-12.3,10.68,q2,"(50, 150)",0.026763750365331143,0.18234119312397057,0.018139943720861418,0.20601008793535386,0.06077542079189687,0.37362922504899115
sequences,0.25,2,10,-12.3,10.68,q3,"(150, 50)",0.00042128263527853777,0.271044941813113,0.018139943720861418,0.20601008793535386,0.06077542079189687,0.37362922504899115
sequences,0.25,2,10,-12.3,10.68,q4,"(150, 150)",0.023696418467647407,0.17508882067586343,0.018139943720861418,0.20601008793535386,0.06077542079189687,0.37362922504899115
sequences,0.25,3,10,-12.3,10.68,q1,"(50, 50)",-0.0012804324044035247,0.27480132544895597,0.01826427706046551,0.1994752945631293,0.06114588905411956,0.36137219187505504
sequences,0.25,3,10,-12.3,10.68,q2,"(50, 150)",0.025867927109754763,0.17667375568499552,0.01826427706046551,0.1994752945631293,0.06114588905411956,0.36137219187505504
sequences,0.25,3,10,-12.3,10.68,q3,"(150, 50)",0.0030133883303843302,0.26539838209540356,0.01826427706046551,0.1994752945631293,0.06114588905411956,0.36137219187505504
sequences,0.25,3,10,-12.3,10.68,q4,"(150, 150)",0.02298499100571494,0.1682349524574764,0.01826427706046551,0.1994752945631293,0.06114588905411956,0.36137219187505504
sequences,0.25,4,10,-12.3,10.68,q1,"(50, 50)",-0.001180247253544985,0.2795356285535634,0.018216464797437205,0.20420987136875626,0.061093199622494196,0.37045497411604394
sequences,0.25,4,10,-12.3,10.68,q2,"(50, 150)",0.025898821554199217,0.18560974504828573,0.018216464797437205,0.20420987136875626,0.061093199622494196,0.37045497411604394
sequences,0.25,4,10,-12.3,10.68,q3,"(150, 50)",0.000514752294350789,0.2569206491015355,0.018216464797437205,0.20420987136875626,0.061093199622494196,0.37045497411604394
sequences,0.25,4,10,-12.3,10.68,q4,"(150, 150)",0.023711440274098917,0.17824573932726354,0.018216464797437205,0.20420987136875626,0.061093199622494196,0.37045497411604394
sequences,0.25,5,10,-12.3,10.68,q1,"(50, 50)",0.0015890192690477705,0.25863003414668756,0.018174630042554287,0.200662080797972,0.06090693713992724,0.36377814696205385
sequences,0.25,5,10,-12.3,10.68,q2,"(50, 150)",0.02494960227350024,0.18547935753856826,0.018174630042554287,0.200662080797972,0.06090693713992724,0.36377814696205385
sequences,0.25,5,10,-12.3,10.68,q3,"(150, 50)",0.0020811214371907593,0.25717921741216737,0.018174630042554287,0.200662080797972,0.06090693713992724,0.36377814696205385
sequences,0.25,5,10,-12.3,10.68,q4,"(150, 150)",0.023123654475527538,0.17458311884184471,0.018174630042554287,0.200662080797972,0.06090693713992724,0.36377814696205385
sequences,0.25,6,10,-12.3,10.68,q1,"(50, 50)",0.001972834342825339,0.27675854488696916,0.018353473156535502,0.20136876442900264,0.061506277334234256,0.3650139345762674
sequences,0.25,6,10,-12.3,10.68,q2,"(50, 150)",0.025056809422971893,0.18143559411542023,0.018353473156535502,0.20136876442900264,0.061506277334234256,0.3650139345762674
sequences,0.25,6,10,-12.3,10.68,q3,"(150, 50)",0.003284430449065038,0.2655958724504691,0.018353473156535502,0.20136876442900264,0.061506277334234256,0.3650139345762674
sequences,0.25,6,10,-12.3,10.68,q4,"(150, 150)",0.02296211294951465,0.17014344795565703,0.018353473156535502,0.20136876442900264,0.061506277334234256,0.3650139345762674
sequences,0.25,7,10,-12.3,10.68,q1,"(50, 50)",-0.0005091941404774502,0.2803232315831991,0.01814626687570597,0.20847817809162303,0.06075080976131895,0.37804687808844045
sequences,0.25,7,10,-12.3,10.68,q2,"(50, 150)",0.025604099802101238,0.18887968370382546,0.01814626687570597,0.20847817809162303,0.06075080976131895,0.37804687808844045
sequences,0.25,7,10,-12.3,10.68,q3,"(150, 50)",0.0008440705022541605,0.2719085438249251,0.01814626687570597,0.20847817809162303,0.06075080976131895,0.37804687808844045
sequences,0.25,7,10,-12.3,10.68,q4,"(150, 150)",0.02350055035985631,0.17836570644286237,0.01814626687570597,0.20847817809162303,0.06075080976131895,0.37804687808844045
sequences,0.25,8,10,-12.3,10.68,q1,"(50, 50)",-0.004227221735788366,0.2878981846054795,0.018254096715302093,0.2113695481596446,0.06114251118841767,0.3834378798214602
sequences,0.25,8,10,-12.3,10.68,q2,"(50, 150)",0.026633006847511836,0.18828242187712088,0.018254096715302093,0.2113695481596446,0.06114251118841767,0.3834378798214602
sequences,0.25,8,10,-12.3,10.68,q3,"(150, 50)",0.0032799886754719372,0.2789726591100485,0.018254096715302093,0.2113695481596446,0.06114251118841767,0.3834378798214602
sequences,0.25,8,10,-12.3,10.68,q4,"(150, 150)",0.022950420290185618,0.17967030480440618,0.018254096715302093,0.2113695481596446,0.06114251118841767,0.3834378798214602
sequences,0.25,9,10,-12.3,10.68,q1,"(50, 50)",-0.0030453116880736738,0.273706008501719,0.018275771584085304,0.20083263582530772,0.06123049362286724,0.3640090814179319
sequences,0.25,9,10,-12.3,10.68,q2,"(50, 150)",0.026414891181404117,0.18177256936956165,0.018275771584085304,0.20083263582530772,0.06123049362286724,0.3640090814179319
sequences,0.25,9,10,-12.3,10.68,q3,"(150, 50)",0.0028492199334962335,0.26493573294762957,0.018275771584085304,0.20083263582530772,0.06123049362286724,0.3640090814179319
sequences,0.25,9,10,-12.3,10.68,q4,"(150, 150)",0.02307392485430416,0.1696905332432792,0.018275771584085304,0.20083263582530772,0.06123049362286724,0.3640090814179319
sequences,0.25,10,10,-12.3,10.68,q1,"(50, 50)",8.97579007472082e-05,0.27030303495975755,0.018332121165546254,0.19877090431895955,0.06142443010737561,0.3601897220472769
sequences,0.25,10,10,-12.3,10.68,q2,"(50, 150)",0.025603996992387693,0.1777010808514868,0.018332121165546254,0.19877090431895955,0.06142443010737561,0.3601897220472769
sequences,0.25,10,10,-12.3,10.68,q3,"(150, 50)",0.00254959909443205,0.2644788043868181,0.018332121165546254,0.19877090431895955,0.06142443010737561,0.3601897220472769
sequences,0.25,10,10,-12.3,10.68,q4,"(150, 150)",0.023195932498614846,0.16768439042453687,0.018332121165546254,0.19877090431895955,0.06142443010737561,0.3601897220472769
sequences,0.25,11,10,-12.3,10.68,q1,"(50, 50)",0.004199452638011423,0.28567232504757484,0.018301072695720996,0.20378841406514467,0.06132039770722397,0.36947716956993104
sequences,0.25,11,10,-12.3,10.68,q2,"(50, 150)",0.024336297517767034,0.17702546618159015,0.018301072695720996,0.20378841406514467,0.06132039770722397,0.36947716956993104
sequences,0.25,11,10,-12.3,10.68,q3,"(150, 50)",0.0031276590175127153,0.27707981316906044,0.018301072695720996,0.20378841406514467,0.06132039770722397,0.36947716956993104
sequences,0.25,11,10,-12.3,10.68,q4,"(150, 150)",0.02291398232085392,0.16909653883704795,0.018301072695720996,0.20378841406514467,0.06132039770722397,0.36947716956993104
sequences,0.25,12,10,-12.3,10.68,q1,"(50, 50)",0.001862550125321205,0.29126673692558674,0.01800976043306564,0.20390210305183423,0.060303902337403785,0.3696793886308901
sequences,0.25,12,10,-12.3,10.68,q2,"(50, 150)",0.02496542888866849,0.17821192198112024,0.01800976043306564,0.20390210305183423,0.060303902337403785,0.3696793886308901
sequences,0.25,12,10,-12.3,10.68,q3,"(150, 50)",-0.0035412416748637683,0.26602653049340336,0.01800976043306564,0.20390210305183423,0.060303902337403785,0.3696793886308901
sequences,0.25,12,10,-12.3,10.68,q4,"(150, 150)",0.024669006129146097,0.17339538453743242,0.01800976043306564,0.20390210305183423,0.060303902337403785,0.3696793886308901
sequences,0.25,13,10,-12.3,10.68,q1,"(50, 50)",-0.005214189953139402,0.3016143175246127,0.017911076719585885,0.21475108860319989,0.060008632949445966,0.3898538022012557
sequences,0.25,13,10,-12.3,10.68,q2,"(50, 150)",0.026904434678385943,0.18963444521273204,0.017911076719585885,0.21475108860319989,0.060008632949445966,0.3898538022012557
sequences,0.25,13,10,-12.3,10.68,q3,"(150, 50)",-0.0033949284194672584,0.2862584736938877,0.017911076719585885,0.21475108860319989,0.060008632949445966,0.3898538022012557
sequences,0.25,13,10,-12.3,10.68,q4,"(150, 150)",0.024584766521084163,0.1797101909063474,0.017911076719585885,0.21475108860319989,0.060008632949445966,0.3898538022012557
sequences,0.25,14,10,-12.3,10.68,q1,"(50, 50)",0.00822590912215134,0.2709740020624743,0.018366334092706865,0.1964906925308026,0.061472124818699236,0.3557712234128657
sequences,0.25,14,10,-12.3,10.68,q2,"(50, 150)",0.02328136628067003,0.1746066817371785,0.018366334092706865,0.1964906925308026,0.061472124818699236,0.3557712234128657
sequences,0.25,14,10,-12.3,10.68,q3,"(150, 50)",0.002216633171420092,0.267476118679941,0.018366334092706865,0.1964906925308026,0.061472124818699236,0.3557712234128657
sequences,0.25,14,10,-12.3,10.68,q4,"(150, 150)",0.023237937556098678,0.1622913470914586,0.018366334092706865,0.1964906925308026,0.061472124818699236,0.3557712234128657
sequences,0.25,15,10,-12.3,10.68,q1,"(50, 50)",-0.004428969297391235,0.2855748934278626,0.017907133030980498,0.20997302780978402,0.05996026462742507,0.3809265598297547
sequences,0.25,15,10,-12.3,10.68,q2,"(50, 150)",0.026627610696426537,0.18737446495672436,0.017907133030980498,0.20997302780978402,0.05996026462742507,0.3809265598297547
sequences,0.25,15,10,-12.3,10.68,q3,"(150, 50)",-0.004430331552779676,0.28099447436924263,0.017907133030980498,0.20997302780978402,0.05996026462742507,0.3809265598297547
sequences,0.25,15,10,-12.3,10.68,q4,"(150, 150)",0.0249279178180154,0.17606720091144243,0.017907133030980498,0.20997302780978402,0.05996026462742507,0.3809265598297547
sequences,0.25,16,10,-12.3,10.68,q1,"(50, 50)",-0.004273181233773354,0.24445557349293892,0.01804202020797123,0.19920666391395356,0.0604726670285612,0.3611693592362491
sequences,0.25,16,10,-12.3,10.68,q2,"(50, 150)",0.026665637050140436,0.18939108048111972,0.01804202020797123,0.19920666391395356,0.0604726670285612,0.3611693592362491
sequences,0.25,16,10,-12.3,10.68,q3,"(150, 50)",-0.0011172255176105407,0.24320116783457263,0.01804202020797123,0.19920666391395356,0.0604726670285612,0.3611693592362491
sequences,0.25,16,10,-12.3,10.68,q4,"(150, 150)",0.024033363329302594,0.17887967998584517,0.01804202020797123,0.19920666391395356,0.0604726670285612,0.3611693592362491
sequences,0.25,17,10,-12.3,10.68,q1,"(50, 50)",0.004978959503931974,0.27836140834127193,0.018332152319586445,0.20415304318874253,0.061481184940341896,0.3703048508796308
sequences,0.25,17,10,-12.3,10.68,q2,"(50, 150)",0.02424686118118387,0.18272436012024426,0.018332152319586445,0.20415304318874253,0.061481184940341896,0.3703048508796308
sequences,0.25,17,10,-12.3,10.68,q3,"(150, 50)",0.0028390374081854438,0.272618608014203,0.018332152319586445,0.20415304318874253,0.061481184940341896,0.3703048508796308
sequences,0.25,17,10,-12.3,10.68,q4,"(150, 150)",0.02300864242681591,0.17160771816992265,0.018332152319586445,0.20415304318874253,0.061481184940341896,0.3703048508796308
sequences,0.25,18,10,-12.3,10.68,q1,"(50, 50)",-0.003336092746287994,0.2778996089351481,0.018103191757522074,0.20618023801491317,0.060682784739871196,0.37404909583000095
sequences,0.25,18,10,-12.3,10.68,q2,"(50, 150)",0.026425815743688554,0.18657703151447355,0.018103191757522074,0.20618023801491317,0.060682784739871196,0.37404909583000095
sequences,0.25,18,10,-12.3,10.68,q3,"(150, 50)",0.0012118691130554439,0.2733590410550229,0.018103191757522074,0.20618023801491317,0.060682784739871196,0.37404909583000095
sequences,0.25,18,10,-12.3,10.68,q4,"(150, 150)",0.023341567366267687,0.174023509711496,0.018103191757522074,0.20618023801491317,0.060682784739871196,0.37404909583000095
sequences,0.25,19,10,-12.3,10.68,q1,"(50, 50)",-0.0007224616774247252,0.25816003364327106,0.018327558010708477,0.19914057617789618,0.06141428503211351,0.3608897561204464
sequences,0.25,19,10,-12.3,10.68,q2,"(50, 150)",0.025642764893105338,0.18407689273394662,0.018327558010708477,0.19914057617789618,0.06141428503211351,0.3608897561204464
sequences,0.25,19,10,-12.3,10.68,q3,"(150, 50)",0.004834906349426454,0.2501971153721966,0.018327558010708477,0.19914057617789618,0.06141428503211351,0.3608897561204464
sequences,0.25,19,10,-12.3,10.68,q4,"(150, 150)",0.02250337512457389,0.17549601875518692,0.018327558010708477,0.19914057617789618,0.06141428503211351,0.3608897561204464
sequences,0.25,20,10,-12.3,10.68,q1,"(50, 50)",0.004294942904543668,0.27800387434993035,0.01851629047812025,0.19960915685691422,0.06205191178994721,0.3616951511172529
sequences,0.25,20,10,-12.3,10.68,q2,"(50, 150)",0.024454395601085394,0.17763716708381155,0.01851629047812025,0.19960915685691422,0.06205191178994721,0.3616951511172529
sequences,0.25,20,10,-12.3,10.68,q3,"(150, 50)",0.00812419907277306,0.26190227446392844,0.01851629047812025,0.19960915685691422,0.06205191178994721,0.3616951511172529
sequences,0.25,20,10,-12.3,10.68,q4,"(150, 150)",0.021581102302644994,0.16965816810034523,0.01851629047812025,0.19960915685691422,0.06205191178994721,0.3616951511172529
sequences,0.25,21,10,-12.3,10.68,q1,"(50, 50)",0.0029101808486395654,0.28956470514396154,0.018285762501881755,0.2048145590172455,0.06129477080996146,0.37145509242975716
sequences,0.25,21,10,-12.3,10.68,q2,"(50, 150)",0.024666435402582093,0.17865623957072338,0.018285762501881755,0.2048145590172455,0.06129477080996146,0.37145509242975716
sequences,0.25,21,10,-12.3,10.68,q3,"(150, 50)",0.00422545974815607,0.2802882334005582,0.018285762501881755,0.2048145590172455,0.06129477080996146,0.37145509242975716
sequences,0.25,21,10,-12.3,10.68,q4,"(150, 150)",0.02255403708102822,0.16825315398000681,0.018285762501881755,0.2048145590172455,0.06129477080996146,0.37145509242975716
sequences,0.25,22,10,-12.3,10.68,q1,"(50, 50)",-0.010590202080512383,0.2689327108435243,0.017616778129620314,0.20532887071531855,0.059022625444745166,0.3725685111468009
sequences,0.25,22,10,-12.3,10.68,q2,"(50, 150)",0.028261997352636063,0.1876408017746295,0.017616778129620314,0.20532887071531855,0.059022625444745166,0.3725685111468009
sequences,0.25,22,10,-12.3,10.68,q3,"(150, 50)",-0.00935219771697584,0.2618251626515842,0.017616778129620314,0.20532887071531855,0.059022625444745166,0.3725685111468009
sequences,0.25,22,10,-12.3,10.68,q4,"(150, 150)",0.026192139249717417,0.17856541173485413,0.017616778129620314,0.20532887071531855,0.059022625444745166,0.3725685111468009
sequences,0.25,23,10,-12.3,10.68,q1,"(50, 50)",0.000342840497323553,0.2579097487946418,0.01788867646329464,0.20162807190885937,0.059883426105262844,0.3654812305613657
sequences,0.25,23,10,-12.3,10.68,q2,"(50, 150)",0.025255170697613502,0.18758263455588542,0.01788867646329464,0.20162807190885937,0.059883426105262844,0.3654812305613657
sequences,0.25,23,10,-12.3,10.68,q3,"(150, 50)",-0.0033015469575981247,0.2504079435666862,0.01788867646329464,0.20162807190885937,0.059883426105262844,0.3654812305613657
sequences,0.25,23,10,-12.3,10.68,q4,"(150, 150)",0.024446123521704957,0.1789058575632901,0.01788867646329464,0.20162807190885937,0.059883426105262844,0.3654812305613657
sequences,0.25,24,10,-12.3,10.68,q1,"(50, 50)",0.003435245591360573,0.2752932488551485,0.018209624937987442,0.20195078797154628,0.060927226894144516,0.3658635328128013
sequences,0.25,24,10,-12.3,10.68,q2,"(50, 150)",0.024486156567365993,0.1826608998578812,0.018209624937987442,0.20195078797154628,0.060927226894144516,0.3658635328128013
sequences,0.25,24,10,-12.3,10.68,q3,"(150, 50)",0.002662021388765492,0.261767995907508,0.018209624937987442,0.20195078797154628,0.060927226894144516,0.3658635328128013
sequences,0.25,24,10,-12.3,10.68,q4,"(150, 150)",0.02294157994978267,0.17315180299751884,0.018209624937987442,0.20195078797154628,0.060927226894144516,0.3658635328128013
sequences,0.25,25,10,-12.3,10.68,q1,"(50, 50)",0.00268512068500506,0.26889904061486936,0.018558579427883706,0.19512383530402946,0.06216758873757208,0.3533086927577956
sequences,0.25,25,10,-12.3,10.68,q2,"(50, 150)",0.02489918278400261,0.1745895050977948,0.018558579427883706,0.19512383530402946,0.06216758873757208,0.3533086927577956
sequences,0.25,25,10,-12.3,10.68,q3,"(150, 50)",0.007195660493245605,0.25428615498260027,0.018558579427883706,0.19512383530402946,0.06216758873757208,0.3533086927577956
sequences,0.25,25,10,-12.3,10.68,q4,"(150, 150)",0.021996402258821067,0.16685694472956464,0.018558579427883706,0.19512383530402946,0.06216758873757208,0.3533086927577956
sequences,0.25,26,10,-12.3,10.68,q1,"(50, 50)",-0.007991416224250597,0.28035615727013097,0.017809325191463977,0.20827375009829274,0.05965273887611449,0.37788803944019156
sequences,0.25,26,10,-12.3,10.68,q2,"(50, 150)",0.027650305304586505,0.1864583748486006,0.017809325191463977,0.20827375009829274,0.05965273887611449,0.37788803944019156
sequences,0.25,26,10,-12.3,10.68,q3,"(150, 50)",-0.0049555022139198875,0.27418805470568014,0.017809325191463977,0.20827375009829274,0.05965273887611449,0.37788803944019156
sequences,0.25,26,10,-12.3,10.68,q4,"(150, 150)",0.024984023335074938,0.17721175293655045,0.017809325191463977,0.20827375009829274,0.05965273887611449,0.37788803944019156
sequences,0.25,27,10,-12.3,10.68,q1,"(50, 50)",-0.005799826760074568,0.2580640273549259,0.01795700700254731,0.19903598401532366,0.060107136410200206,0.36065228105384906
sequences,0.25,27,10,-12.3,10.68,q2,"(50, 150)",0.02694283728402285,0.18331047972742479,0.01795700700254731,0.19903598401532366,0.060107136410200206,0.36065228105384906
sequences,0.25,27,10,-12.3,10.68,q3,"(150, 50)",-0.002549609070516157,0.24523329777500608,0.01795700700254731,0.19903598401532366,0.060107136410200206,0.36065228105384906
sequences,0.25,27,10,-12.3,10.68,q4,"(150, 150)",0.024436917128923496,0.1775060963436756,0.01795700700254731,0.19903598401532366,0.060107136410200206,0.36065228105384906
sequences,0.25,28,10,-12.3,10.68,q1,"(50, 50)",0.0014229576867139137,0.2552376329878599,0.01799879235778255,0.20113471225590163,0.06028736344928001,0.3646313916783506
sequences,0.25,28,10,-12.3,10.68,q2,"(50, 150)",0.025049844099588655,0.18999630019479086,0.01799879235778255,0.20113471225590163,0.06028736344928001,0.3646313916783506
sequences,0.25,28,10,-12.3,10.68,q3,"(150, 50)",-0.002787198293504385,0.24646699514638756,0.01799879235778255,0.20113471225590163,0.06028736344928001,0.3646313916783506
sequences,0.25,28,10,-12.3,10.68,q4,"(150, 150)",0.024418864735506012,0.17935432047866282,0.01799879235778255,0.20113471225590163,0.06028736344928001,0.3646313916783506
sequences,0.25,29,10,-12.3,10.68,q1,"(50, 50)",-0.0011985562510239132,0.29183517833369005,0.01799012573775419,0.20689499793957544,0.06020791746236342,0.37512174191154973
sequences,0.25,29,10,-12.3,10.68,q2,"(50, 150)",0.025765572484646598,0.18068287944658262,0.01799012573775419,0.20689499793957544,0.06020791746236342,0.37512174191154973
sequences,0.25,29,10,-12.3,10.68,q3,"(150, 50)",-0.003562018465084005,0.27606426717265037,0.01799012573775419,0.20689499793957544,0.06020791746236342,0.37512174191154973
sequences,0.25,29,10,-12.3,10.68,q4,"(150, 150)",0.02471443399960035,0.17346069486106178,0.01799012573775419,0.20689499793957544,0.06020791746236342,0.37512174191154973
sequences,0.25,30,10,-12.3,10.68,q1,"(50, 50)",-0.004552233624518136,0.27571932741870175,0.017924962383746478,0.20898706750175347,0.06011053783952541,0.37937883648861576
sequences,0.25,30,10,-12.3,10.68,q2,"(50, 150)",0.02659498734469768,0.1888328159938022,0.017924962383746478,0.20898706750175347,0.06011053783952541,0.37937883648861576
sequences,0.25,30,10,-12.3,10.68,q3,"(150, 50)",-0.0013788701667116706,0.26841278879784625,0.017924962383746478,0.20898706750175347,0.06011053783952541,0.37937883648861576
sequences,0.25,30,10,-12.3,10.68,q4,"(150, 150)",0.023967031136722643,0.1818122915752902,0.017924962383746478,0.20898706750175347,0.06011053783952541,0.37937883648861576
sequences,0.25,31,10,-12.3,10.68,q1,"(50, 50)",-0.003224974580691748,0.2710427648040857,0.018269320135762764,0.19896123786802958,0.06121913424063923,0.3605814292850689
sequences,0.25,31,10,-12.3,10.68,q2,"(50, 150)",0.026422239808791045,0.17549094238873236,0.018269320135762764,0.19896123786802958,0.06121913424063923,0.3605814292850689
sequences,0.25,31,10,-12.3,10.68,q3,"(150, 50)",0.004096503004222599,0.2620150563662105,0.018269320135762764,0.19896123786802958,0.06121913424063923,0.3605814292850689
sequences,0.25,31,10,-12.3,10.68,q4,"(150, 150)",0.022664207590428333,0.17000662340066727,0.018269320135762764,0.19896123786802958,0.06121913424063923,0.3605814292850689
sequences,0.25,32,10,-12.3,10.68,q1,"(50, 50)",0.004497083215666832,0.27897334040000027,0.018436961148172306,0.19841368383525407,0.06170335056282567,0.35928257195057206
sequences,0.25,32,10,-12.3,10.68,q2,"(50, 150)",0.024394154974790794,0.17426144302720278,0.018436961148172306,0.19841368383525407,0.06170335056282567,0.35928257195057206
sequences,0.25,32,10,-12.3,10.68,q3,"(150, 50)",0.006057383452274832,0.2644733572145241,0.018436961148172306,0.19841368383525407,0.06170335056282567,0.35928257195057206
sequences,0.25,32,10,-12.3,10.68,q4,"(150, 150)",0.02212663109709925,0.16674632202711728,0.018436961148172306,0.19841368383525407,0.06170335056282567,0.35928257195057206
sequences,0.25,33,10,-12.3,10.68,q1,"(50, 50)",0.0035927617378568814,0.26276705173215603,0.018285203996156105,0.19808750321713284,0.06123132355347377,0.3588427535905286
sequences,0.25,33,10,-12.3,10.68,q2,"(50, 150)",0.024546662335225396,0.18061362595768118,0.018285203996156105,0.19808750321713284,0.06123132355347377,0.3588427535905286
sequences,0.25,33,10,-12.3,10.68,q3,"(150, 50)",0.0025559061542959624,0.2511990943411096,0.018285203996156105,0.19808750321713284,0.06123132355347377,0.3588427535905286
sequences,0.25,33,10,-12.3,10.68,q4,"(150, 150)",0.023073644081341858,0.17330869647977853,0.018285203996156105,0.19808750321713284,0.06123132355347377,0.3588427535905286
sequences,0.25,34,10,-12.3,10.68,q1,"(50, 50)",-0.005905689084601621,0.2993625732808368,0.018177195991420543,0.21245681480770107,0.060951281721587876,0.3856786788483062
sequences,0.25,34,10,-12.3,10.68,q2,"(50, 150)",0.026997777417060748,0.1843297804699005,0.018177195991420543,0.21245681480770107,0.060951281721587876,0.3856786788483062
sequences,0.25,34,10,-12.3,10.68,q3,"(150, 50)",0.0038211669004804246,0.28504771900458803,0.018177195991420543,0.21245681480770107,0.060951281721587876,0.3856786788483062
sequences,0.25,34,10,-12.3,10.68,q4,"(150, 150)",0.0226982213327452,0.17803987473108987,0.018177195991420543,0.21245681480770107,0.060951281721587876,0.3856786788483062
sequences,0.25,35,10,-12.3,10.68,q1,"(50, 50)",0.003560802986090557,0.26531414710055795,0.01831794553017635,0.2015226589988295,0.06136665169238308,0.3652530305593363
sequences,0.25,35,10,-12.3,10.68,q2,"(50, 150)",0.02464550642113922,0.1842355244355378,0.01831794553017635,0.2015226589988295,0.06136665169238308,0.3652530305593363
sequences,0.25,35,10,-12.3,10.68,q3,"(150, 50)",0.00022149623078344973,0.256870580790714,0.01831794553017635,0.2015226589988295,0.06136665169238308,0.3652530305593363
sequences,0.25,35,10,-12.3,10.68,q4,"(150, 150)",0.023880590837884786,0.1757574169747063,0.01831794553017635,0.2015226589988295,0.06136665169238308,0.3652530305593363
sequences,0.25,36,10,-12.3,10.68,q1,"(50, 50)",-0.004383943326908802,0.26799937450680633,0.018183781820933807,0.1993942549929798,0.06090698985407405,0.3613425135434829
sequences,0.25,36,10,-12.3,10.68,q2,"(50, 150)",0.026563518014667612,0.181642504205975,0.018183781820933807,0.1993942549929798,0.06090698985407405,0.3613425135434829
sequences,0.25,36,10,-12.3,10.68,q3,"(150, 50)",0.004477184010309681,0.25274850229619955,0.018183781820933807,0.1993942549929798,0.06090698985407405,0.3613425135434829
sequences,0.25,36,10,-12.3,10.68,q4,"(150, 150)",0.022466927376324202,0.1739186722970238,0.018183781820933807,0.1993942549929798,0.06090698985407405,0.3613425135434829
sequences,0.25,37,10,-12.3,10.68,q1,"(50, 50)",-0.0007778481952374904,0.2606312281143141,0.017972535860067796,0.20280943121695566,0.06025996935479563,0.36791546177030826
sequences,0.25,37,10,-12.3,10.68,q2,"(50, 150)",0.025673185019394213,0.19160324936547787,0.017972535860067796,0.20280943121695566,0.06025996935479563,0.36791546177030826
sequences,0.25,37,10,-12.3,10.68,q3,"(150, 50)",-0.004811699922104316,0.24867757711769595,0.017972535860067796,0.20280943121695566,0.06025996935479563,0.36791546177030826
sequences,0.25,37,10,-12.3,10.68,q4,"(150, 150)",0.025083774073828065,0.18011694137086454,0.017972535860067796,0.20280943121695566,0.06025996935479563,0.36791546177030826
sequences,0.25,38,10,-12.3,10.68,q1,"(50, 50)",0.0056065315530007915,0.2587201317915412,0.018243868801334894,0.1962501082874813,0.06111337007398005,0.3555204248019943
sequences,0.25,38,10,-12.3,10.68,q2,"(50, 150)",0.024024533417612792,0.18320418617779108,0.018243868801334894,0.1962501082874813,0.06111337007398005,0.3555204248019943
sequences,0.25,38,10,-12.3,10.68,q3,"(150, 50)",0.0005641674283766585,0.2477616948750096,0.018243868801334894,0.1962501082874813,0.06111337007398005,0.3555204248019943
sequences,0.25,38,10,-12.3,10.68,q4,"(150, 150)",0.023614362970043244,0.17093970141437578,0.018243868801334894,0.1962501082874813,0.06111337007398005,0.3555204248019943
sequences,0.25,39,10,-12.3,10.68,q1,"(50, 50)",0.0004218413001025354,0.2677750806367523,0.017969777536964816,0.20426393099743567,0.060205302075432836,0.3704685868894802
sequences,0.25,39,10,-12.3,10.68,q2,"(50, 150)",0.025237465585009278,0.18973788864798938,0.017969777536964816,0.20426393099743567,0.060205302075432836,0.3704685868894802
sequences,0.25,39,10,-12.3,10.68,q3,"(150, 50)",-0.0006957876338342003,0.2499345584252075,0.017969777536964816,0.20426393099743567,0.060205302075432836,0.3704685868894802
sequences,0.25,39,10,-12.3,10.68,q4,"(150, 150)",0.023718840604201034,0.18216727636473842,0.017969777536964816,0.20426393099743567,0.060205302075432836,0.3704685868894802
sequences,0.25,40,10,-12.3,10.68,q1,"(50, 50)",-0.0019995826552276327,0.2831751427817187,0.018105081152648205,0.2115491005374204,0.06063830244544321,0.3838092870623478
sequences,0.25,40,10,-12.3,10.68,q2,"(50, 150)",0.025959931096672266,0.19316926186854463,0.018105081152648205,0.2115491005374204,0.06063830244544321,0.3838092870623478
sequences,0.25,40,10,-12.3,10.68,q3,"(150, 50)",0.0013958814895499159,0.27469914260751,0.018105081152648205,0.2115491005374204,0.06063830244544321,0.3838092870623478
sequences,0.25,40,10,-12.3,10.68,q4,"(150, 150)",0.023290382593214712,0.1813129185052533,0.018105081152648205,0.2115491005374204,0.06063830244544321,0.3838092870623478
sequences,0.25,41,10,-12.3,10.68,q1,"(50, 50)",8.088915155662519e-05,0.2520902100513695,0.01860423412809635,0.19151414081306503,0.0623779853414798,0.3467646610352992
sequences,0.25,41,10,-12.3,10.68,q2,"(50, 150)",0.02571134003139041,0.17400698319636904,0.01860423412809635,0.19151414081306503,0.0623779853414798,0.3467646610352992
sequences,0.25,41,10,-12.3,10.68,q3,"(150, 50)",0.008203810510860273,0.24202033477230206,0.01860423412809635,0.19151414081306503,0.0623779853414798,0.3467646610352992
sequences,0.25,41,10,-12.3,10.68,q4,"(150, 150)",0.021760156141248106,0.16859800116279583,0.01860423412809635,0.19151414081306503,0.0623779853414798,0.3467646610352992
sequences,0.25,42,10,-12.3,10.68,q1,"(50, 50)",0.002705463712052528,0.26070216263395724,0.01871284687467755,0.19895688714299956,0.06273163551685401,0.3604673749846188
sequences,0.25,42,10,-12.3,10.68,q2,"(50, 150)",0.024988094409920326,0.18165049733856817,0.01871284687467755,0.19895688714299956,0.06273163551685401,0.3604673749846188
sequences,0.25,42,10,-12.3,10.68,q3,"(150, 50)",0.01144625287883148,0.2550678087699219,0.01871284687467755,0.19895688714299956,0.06273163551685401,0.3604673749846188
sequences,0.25,42,10,-12.3,10.68,q4,"(150, 150)",0.020821893824059204,0.17340818361925509,0.01871284687467755,0.19895688714299956,0.06273163551685401,0.3604673749846188
sequences,0.25,43,10,-12.3,10.68,q1,"(50, 50)",0.00228549888208968,0.2700107451432247,0.01787440140335507,0.20422858895142076,0.05983063231248559,0.3702735572810716
sequences,0.25,43,10,-12.3,10.68,q2,"(50, 150)",0.02469221383698994,0.1861317268495216,0.01787440140335507,0.20422858895142076,0.05983063231248559,0.3702735572810716
sequences,0.25,43,10,-12.3,10.68,q3,"(150, 50)",-0.005549296178768668,0.26087545223570496,0.01787440140335507,0.20422858895142076,0.05983063231248559,0.3702735572810716
sequences,0.25,43,10,-12.3,10.68,q4,"(150, 150)",0.025141796732991953,0.17758765990380937,0.01787440140335507,0.20422858895142076,0.05983063231248559,0.3702735572810716
sequences,0.25,44,10,-12.3,10.68,q1,"(50, 50)",-0.005827883983366239,0.250275927325188,0.01808142954877153,0.19591086024741297,0.060650497438227355,0.35518964402566966
sequences,0.25,44,10,-12.3,10.68,q2,"(50, 150)",0.02717591829234149,0.18619983386950748,0.01808142954877153,0.19591086024741297,0.060650497438227355,0.35518964402566966
sequences,0.25,44,10,-12.3,10.68,q3,"(150, 50)",0.0012131630711677162,0.23447398757626395,0.01808142954877153,0.19591086024741297,0.060650497438227355,0.35518964402566966
sequences,0.25,44,10,-12.3,10.68,q4,"(150, 150)",0.023329279185909237,0.17656992849371403,0.01808142954877153,0.19591086024741297,0.060650497438227355,0.35518964402566966
sequences,0.25,45,10,-12.3,10.68,q1,"(50, 50)",-0.0036718075919351337,0.2821905160648815,0.01790146899764192,0.21150084610816108,0.059991518088612326,0.3839051412677516
sequences,0.25,45,10,-12.3,10.68,q2,"(50, 150)",0.02647420623703195,0.19352645708557656,0.01790146899764192,0.21150084610816108,0.059991518088612326,0.3839051412677516
sequences,0.25,45,10,-12.3,10.68,q3,"(150, 50)",-0.0038945509168822443,0.2707539341904442,0.01790146899764192,0.21150084610816108,0.059991518088612326,0.3839051412677516
sequences,0.25,45,10,-12.3,10.68,q4,"(150, 150)",0.024706260621528527,0.18296382879063125,0.01790146899764192,0.21150084610816108,0.059991518088612326,0.3839051412677516
sequences,0.25,46,10,-12.3,10.68,q1,"(50, 50)",-0.006055782419651563,0.24538050032665096,0.017873969088908814,0.1964119676735977,0.05988430886643375,0.35599643283610394
sequences,0.25,46,10,-12.3,10.68,q2,"(50, 150)",0.027005827909260538,0.18631779385941943,0.017873969088908814,0.1964119676735977,0.05988430886643375,0.35599643283610394
sequences,0.25,46,10,-12.3,10.68,q3,"(150, 50)",-0.001416432603545508,0.23316577734252886,0.017873969088908814,0.1964119676735977,0.05988430886643375,0.35599643283610394
sequences,0.25,46,10,-12.3,10.68,q4,"(150, 150)",0.02391901132500528,0.17873665903035849,0.017873969088908814,0.1964119676735977,0.05988430886643375,0.35599643283610394
sequences,0.25,47,10,-12.3,10.68,q1,"(50, 50)",-0.002116051310873803,0.2661008833408376,0.018331549190739514,0.19676586686449066,0.061489473176484746,0.3566706271756577
sequences,0.25,47,10,-12.3,10.68,q2,"(50, 150)",0.026281644256208474,0.17791861548427507,0.018331549190739514,0.19676586686449066,0.061489473176484746,0.3566706271756577
sequences,0.25,47,10,-12.3,10.68,q3,"(150, 50)",-1.956468553995047e-05,0.25429963341674416,0.018331549190739514,0.19676586686449066,0.061489473176484746,0.3566706271756577
sequences,0.25,47,10,-12.3,10.68,q4,"(150, 150)",0.024070511072300058,0.16923841897790096,0.018331549190739514,0.19676586686449066,0.061489473176484746,0.3566706271756577
sequences,0.25,48,10,-12.3,10.68,q1,"(50, 50)",0.0005383450451962802,0.2743442602852388,0.018139882424974097,0.19865850048168227,0.06082106429161474,0.3601758357616332
sequences,0.25,48,10,-12.3,10.68,q2,"(50, 150)",0.025337687760901798,0.1751133685802698,0.018139882424974097,0.19865850048168227,0.06082106429161474,0.3601758357616332
sequences,0.25,48,10,-12.3,10.68,q3,"(150, 50)",0.0008076242164824006,0.26648590263481176,0.018139882424974097,0.19865850048168227,0.06082106429161474,0.3601758357616332
sequences,0.25,48,10,-12.3,10.68,q4,"(150, 150)",0.023473759758026295,0.1665057978027016,0.018139882424974097,0.19865850048168227,0.06082106429161474,0.3601758357616332
sequences,0.25,49,10,-12.3,10.68,q1,"(50, 50)",-0.0042542523636974255,0.26387193211483323,0.018188295371395817,0.19960576224543583,0.06095273247786802,0.36181998299452783
sequences,0.25,49,10,-12.3,10.68,q2,"(50, 150)",0.026766490114654113,0.18491041017933144,0.018188295371395817,0.19960576224543583,0.06095273247786802,0.36181998299452783
sequences,0.25,49,10,-12.3,10.68,q3,"(150, 50)",0.000505482918260418,0.2520489004913817,0.018188295371395817,0.19960576224543583,0.06095273247786802,0.36181998299452783
sequences,0.25,49,10,-12.3,10.68,q4,"(150, 150)",0.023716784356365213,0.17408551442246445,0.018188295371395817,0.19960576224543583,0.06095273247786802,0.36181998299452783
sequences,0.25,0,11,-17.0,8.65,q1,"(50, 50)",-0.0012004734379572766,0.31691467547249663,0.020457007613620758,0.218437915042316,0.06860738698288171,0.3958792947769931
sequences,0.25,0,11,-17.0,8.65,q2,"(50, 150)",0.02901205984271512,0.1829613448798527,0.020457007613620758,0.218437915042316,0.06860738698288171,0.3958792947769931
sequences,0.25,0,11,-17.0,8.65,q3,"(150, 50)",0.003227569076286809,0.30108851963290933,0.020457007613620758,0.218437915042316,0.06860738698288171,0.3958792947769931
sequences,0.25,0,11,-17.0,8.65,q4,"(150, 150)",0.02575485649987595,0.17912994112592825,0.020457007613620758,0.218437915042316,0.06860738698288171,0.3958792947769931
sequences,0.25,1,11,-17.0,8.65,q1,"(50, 50)",-0.006217347661070623,0.30137290904294173,0.020174234903237748,0.2194834631473357,0.06759669929045986,0.3977499063073818
sequences,0.25,1,11,-17.0,8.65,q2,"(50, 150)",0.030366376462095047,0.1928388502387871,0.020174234903237748,0.2194834631473357,0.06759669929045986,0.3977499063073818
sequences,0.25,1,11,-17.0,8.65,q3,"(150, 50)",-0.006226645554869347,0.28729530642727996,0.020174234903237748,0.2194834631473357,0.06759669929045986,0.3977499063073818
sequences,0.25,1,11,-17.0,8.65,q4,"(150, 150)",0.028509545932355277,0.18768812855736666,0.020174234903237748,0.2194834631473357,0.06759669929045986,0.3977499063073818
sequences,0.25,2,11,-17.0,8.65,q1,"(50, 50)",-0.008887676159721468,0.29011057463959694,0.020379746233631073,0.21334528684407708,0.06827385672908232,0.3862812507644179
sequences,0.25,2,11,-17.0,8.65,q2,"(50, 150)",0.03167391677989355,0.1914858087433961,0.020379746233631073,0.21334528684407708,0.06827385672908232,0.3862812507644179
sequences,0.25,2,11,-17.0,8.65,q3,"(150, 50)",-0.00263816029279795,0.2835180796971198,0.020379746233631073,0.21334528684407708,0.06827385672908232,0.3862812507644179
sequences,0.25,2,11,-17.0,8.65,q4,"(150, 150)",0.02753959404850354,0.17939936456474867,0.020379746233631073,0.21334528684407708,0.06827385672908232,0.3862812507644179
sequences,0.25,3,11,-17.0,8.65,q1,"(50, 50)",-0.005098238313417771,0.3240253340526381,0.020367978718450135,0.22143108659189933,0.0682058726444542,0.4011593283350789
sequences,0.25,3,11,-17.0,8.65,q2,"(50, 150)",0.03017681759779149,0.18859373357484213,0.020367978718450135,0.22143108659189933,0.0682058726444542,0.4011593283350789
sequences,0.25,3,11,-17.0,8.65,q3,"(150, 50)",-0.0002692033657400678,0.30501500899959927,0.020367978718450135,0.22143108659189933,0.0682058726444542,0.4011593283350789
sequences,0.25,3,11,-17.0,8.65,q4,"(150, 150)",0.026807006123607292,0.17985239218603902,0.020367978718450135,0.22143108659189933,0.0682058726444542,0.4011593283350789
sequences,0.25,4,11,-17.0,8.65,q1,"(50, 50)",0.007209131264844251,0.29423056143572157,0.0208204118846722,0.20888469900506007,0.06976765312782843,0.3778827794535873
sequences,0.25,4,11,-17.0,8.65,q2,"(50, 150)",0.02664656975891894,0.183032886670997,0.0208204118846722,0.20888469900506007,0.06976765312782843,0.3778827794535873
sequences,0.25,4,11,-17.0,8.65,q3,"(150, 50)",0.009892901434000146,0.28929924747408803,0.0208204118846722,0.20888469900506007,0.06976765312782843,0.3778827794535873
sequences,0.25,4,11,-17.0,8.65,q4,"(150, 150)",0.024033227256794853,0.16971543156160368,0.0208204118846722,0.20888469900506007,0.06976765312782843,0.3778827794535873
sequences,0.25,5,11,-17.0,8.65,q1,"(50, 50)",-0.013444524083327917,0.28222707090177246,0.020181257451768558,0.21572600241093184,0.0676258941166744,0.39081442636470726
sequences,0.25,5,11,-17.0,8.65,q2,"(50, 150)",0.03265562020130381,0.19815218758871578,0.020181257451768558,0.21572600241093184,0.0676258941166744,0.39081442636470726
sequences,0.25,5,11,-17.0,8.65,q3,"(150, 50)",-0.004753490552599081,0.271672377710041,0.020181257451768558,0.21572600241093184,0.0676258941166744,0.39081442636470726
sequences,0.25,5,11,-17.0,8.65,q4,"(150, 150)",0.028070917151723405,0.1890672225048672,0.020181257451768558,0.21572600241093184,0.0676258941166744,0.39081442636470726
sequences,0.25,6,11,-17.0,8.65,q1,"(50, 50)",-0.0019271713018303288,0.3024875342594169,0.020561686158884436,0.21496935686495347,0.06892377829174368,0.3893212026659333
sequences,0.25,6,11,-17.0,8.65,q2,"(50, 150)",0.02948227786741751,0.18654501180877936,0.020561686158884436,0.21496935686495347,0.06892377829174368,0.3893212026659333
sequences,0.25,6,11,-17.0,8.65,q3,"(150, 50)",0.0009597745662553497,0.29331661268585235,0.020561686158884436,0.21496935686495347,0.06892377829174368,0.3893212026659333
sequences,0.25,6,11,-17.0,8.65,q4,"(150, 150)",0.02662088806032919,0.17737651166226678,0.020561686158884436,0.21496935686495347,0.06892377829174368,0.3893212026659333
sequences,0.25,7,11,-17.0,8.65,q1,"(50, 50)",0.0015084647850913484,0.2998969878691294,0.020412359737536214,0.21002874319337125,0.06830874169676637,0.37992982742600506
sequences,0.25,7,11,-17.0,8.65,q2,"(50, 150)",0.028229213497322166,0.17981901594434563,0.020412359737536214,0.21002874319337125,0.06830874169676637,0.37992982742600506
sequences,0.25,7,11,-17.0,8.65,q3,"(150, 50)",0.00023667097387968094,0.2915578122602829,0.020412359737536214,0.21002874319337125,0.06830874169676637,0.37992982742600506
sequences,0.25,7,11,-17.0,8.65,q4,"(150, 150)",0.026632404177986943,0.17052937586961311,0.020412359737536214,0.21002874319337125,0.06830874169676637,0.37992982742600506
sequences,0.25,8,11,-17.0,8.65,q1,"(50, 50)",0.000908429372392115,0.3010730825678958,0.020495273279845374,0.2145503870208667,0.06865513199847709,0.3884472668714849
sequences,0.25,8,11,-17.0,8.65,q2,"(50, 150)",0.028532938225415687,0.18920046578350921,0.020495273279845374,0.2145503870208667,0.06865513199847709,0.3884472668714849
sequences,0.25,8,11,-17.0,8.65,q3,"(150, 50)",-0.00101581637964984,0.2872572511686227,0.020495273279845374,0.2145503870208667,0.06865513199847709,0.3884472668714849
sequences,0.25,8,11,-17.0,8.65,q4,"(150, 150)",0.0271627308408707,0.1790588139893389,0.020495273279845374,0.2145503870208667,0.06865513199847709,0.3884472668714849
sequences,0.25,9,11,-17.0,8.65,q1,"(50, 50)",0.002522558591406928,0.2633069009123382,0.020752424826842506,0.20163915942275656,0.06959813809622707,0.3646337502828335
sequences,0.25,9,11,-17.0,8.65,q2,"(50, 150)",0.028268286699251834,0.18185270936090442,0.020752424826842506,0.20163915942275656,0.06959813809622707,0.3646337502828335
sequences,0.25,9,11,-17.0,8.65,q3,"(150, 50)",0.0064773901409202195,0.2653019788455557,0.020752424826842506,0.20163915942275656,0.06959813809622707,0.3646337502828335
sequences,0.25,9,11,-17.0,8.65,q4,"(150, 150)",0.025031023124173005,0.1730634315482191,0.020752424826842506,0.20163915942275656,0.06959813809622707,0.3646337502828335
sequences,0.25,10,11,-17.0,8.65,q1,"(50, 50)",0.0002475549028747686,0.2904855757920377,0.020591927609482516,0.20602814452717502,0.06899046020431364,0.3726605379764721
sequences,0.25,10,11,-17.0,8.65,q2,"(50, 150)",0.028831500545763614,0.1793217992834864,0.020591927609482516,0.20602814452717502,0.06899046020431364,0.3726605379764721
sequences,0.25,10,11,-17.0,8.65,q3,"(150, 50)",0.000596906744548557,0.276378810536515,0.020591927609482516,0.20602814452717502,0.06899046020431364,0.3726605379764721
sequences,0.25,10,11,-17.0,8.65,q4,"(150, 150)",0.02677089610865655,0.17223834364277682,0.020591927609482516,0.20602814452717502,0.06899046020431364,0.3726605379764721
sequences,0.25,11,11,-17.0,8.65,q1,"(50, 50)",0.0013897721250371007,0.30668407924253077,0.02040611687028244,0.21464911087730512,0.0683278649599278,0.3885880204246126
sequences,0.25,11,11,-17.0,8.65,q2,"(50, 150)",0.028289152038364393,0.18424238435001888,0.02040611687028244,0.21464911087730512,0.0683278649599278,0.3885880204246126
sequences,0.25,11,11,-17.0,8.65,q3,"(150, 50)",-0.0058659502614468876,0.297654844016099,0.02040611687028244,0.21464911087730512,0.0683278649599278,0.3885880204246126
sequences,0.25,11,11,-17.0,8.65,q4,"(150, 150)",0.028648721385414376,0.17393215915006965,0.02040611687028244,0.21464911087730512,0.0683278649599278,0.3885880204246126
sequences,0.25,12,11,-17.0,8.65,q1,"(50, 50)",-0.005298124320595955,0.31739536520261896,0.020461759720208566,0.21876595331833068,0.06854860877791814,0.3962749531064111
sequences,0.25,12,11,-17.0,8.65,q2,"(50, 150)",0.030298280676525412,0.18351749340292325,0.020461759720208566,0.21876595331833068,0.06854860877791814,0.3962749531064111
sequences,0.25,12,11,-17.0,8.65,q3,"(150, 50)",-0.0007370961188556251,0.2982818422802703,0.020461759720208566,0.21876595331833068,0.06854860877791814,0.3962749531064111
sequences,0.25,12,11,-17.0,8.65,q4,"(150, 150)",0.02711141401899152,0.1808451447278302,0.020461759720208566,0.21876595331833068,0.06854860877791814,0.3962749531064111
sequences,0.25,13,11,-17.0,8.65,q1,"(50, 50)",-0.0008458786845543579,0.3030009111174897,0.020468055624488075,0.21577906480371348,0.06853526075502452,0.3906523821858541
sequences,0.25,13,11,-17.0,8.65,q2,"(50, 150)",0.028982199471088703,0.1881898615563371,0.020468055624488075,0.21577906480371348,0.06853526075502452,0.3906523821858541
sequences,0.25,13,11,-17.0,8.65,q3,"(150, 50)",0.0006678297045925874,0.2939622670130798,0.020468055624488075,0.21577906480371348,0.06853526075502452,0.3906523821858541
sequences,0.25,13,11,-17.0,8.65,q4,"(150, 150)",0.026598297905479962,0.17810305634582743,0.020468055624488075,0.21577906480371348,0.06853526075502452,0.3906523821858541
sequences,0.25,14,11,-17.0,8.65,q1,"(50, 50)",0.0027229107802026597,0.30416672882932255,0.020688128740045265,0.21764559031833464,0.0692953566908232,0.3940777904917772
sequences,0.25,14,11,-17.0,8.65,q2,"(50, 150)",0.028162811997736067,0.18914915384563014,0.020688128740045265,0.21764559031833464,0.0692953566908232,0.3940777904917772
sequences,0.25,14,11,-17.0,8.65,q3,"(150, 50)",0.0016542944419806493,0.29879465843814795,0.020688128740045265,0.21764559031833464,0.0692953566908232,0.3940777904917772
sequences,0.25,14,11,-17.0,8.65,q4,"(150, 150)",0.026537314415707936,0.1789922899862952,0.020688128740045265,0.21764559031833464,0.0692953566908232,0.3940777904917772
sequences,0.25,15,11,-17.0,8.65,q1,"(50, 50)",-0.0032393059766148,0.31891076949450003,0.020412407783892406,0.22048830889400522,0.06840619230526944,0.3995449223393329
sequences,0.25,15,11,-17.0,8.65,q2,"(50, 150)",0.02980789230145653,0.18658992105843167,0.020412407783892406,0.22048830889400522,0.06840619230526944,0.3995449223393329
sequences,0.25,15,11,-17.0,8.65,q3,"(150, 50)",-0.009049022249563962,0.3029030557444863,0.020412407783892406,0.22048830889400522,0.06840619230526944,0.3995449223393329
sequences,0.25,15,11,-17.0,8.65,q4,"(150, 150)",0.029729024484801726,0.1801943089285806,0.020412407783892406,0.22048830889400522,0.06840619230526944,0.3995449223393329
sequences,0.25,16,11,-17.0,8.65,q1,"(50, 50)",-0.0031890315607165506,0.2939280194150116,0.020523761106279126,0.21428185418123155,0.06874480357152613,0.387922835361522
sequences,0.25,16,11,-17.0,8.65,q2,"(50, 150)",0.02971310449482157,0.19037918572166695,0.020523761106279126,0.21428185418123155,0.06874480357152613,0.387922835361522
sequences,0.25,16,11,-17.0,8.65,q3,"(150, 50)",0.0035908364664517987,0.2897838778828283,0.020523761106279126,0.21428185418123155,0.06874480357152613,0.387922835361522
sequences,0.25,16,11,-17.0,8.65,q4,"(150, 150)",0.025739709597484717,0.17816854744358193,0.020523761106279126,0.21428185418123155,0.06874480357152613,0.387922835361522
sequences,0.25,17,11,-17.0,8.65,q1,"(50, 50)",-0.0067730798608295,0.2967550548134317,0.020636313874124016,0.2123158496358701,0.06918552970957678,0.3844088390790158
sequences,0.25,17,11,-17.0,8.65,q2,"(50, 150)",0.03109317516193437,0.18784270037510167,0.020636313874124016,0.2123158496358701,0.06918552970957678,0.3844088390790158
sequences,0.25,17,11,-17.0,8.65,q3,"(150, 50)",0.001595312603553227,0.2845576570497953,0.020636313874124016,0.2123158496358701,0.06918552970957678,0.3844088390790158
sequences,0.25,17,11,-17.0,8.65,q4,"(150, 150)",0.026543182061150108,0.17699024612660294,0.020636313874124016,0.2123158496358701,0.06918552970957678,0.3844088390790158
sequences,0.25,18,11,-17.0,8.65,q1,"(50, 50)",-0.0028019799223699005,0.321325968479566,0.020424117331862033,0.22473559747660485,0.06838241343219899,0.4072112298412265
sequences,0.25,18,11,-17.0,8.65,q2,"(50, 150)",0.02956292858344418,0.19330847502552062,0.020424117331862033,0.22473559747660485,0.06838241343219899,0.4072112298412265
sequences,0.25,18,11,-17.0,8.65,q3,"(150, 50)",-0.004076316906740347,0.30498322994678606,0.020424117331862033,0.22473559747660485,0.06838241343219899,0.4072112298412265
sequences,0.25,18,11,-17.0,8.65,q4,"(150, 150)",0.02812533580022788,0.18576377867881247,0.020424117331862033,0.22473559747660485,0.06838241343219899,0.4072112298412265
sequences,0.25,19,11,-17.0,8.65,q1,"(50, 50)",-0.0017011803032927987,0.30745179284276064,0.020512477877080312,0.21434217612855488,0.0687473075059248,0.3881493482162252
sequences,0.25,19,11,-17.0,8.65,q2,"(50, 150)",0.029415697136006558,0.18554478372307237,0.020512477877080312,0.21434217612855488,0.0687473075059248,0.3881493482162252
sequences,0.25,19,11,-17.0,8.65,q3,"(150, 50)",-0.004622964684453642,0.29656777471268037,0.020512477877080312,0.21434217612855488,0.0687473075059248,0.3881493482162252
sequences,0.25,19,11,-17.0,8.65,q4,"(150, 150)",0.028391403220213225,0.1732792345432066,0.020512477877080312,0.21434217612855488,0.0687473075059248,0.3881493482162252
sequences,0.25,20,11,-17.0,8.65,q1,"(50, 50)",-0.004224474916813152,0.2697273716167621,0.020296968942449957,0.21450510753733135,0.06800224120093795,0.3884769969826055
sequences,0.25,20,11,-17.0,8.65,q2,"(50, 150)",0.029943752721700263,0.20160409646477956,0.020296968942449957,0.21450510753733135,0.06800224120093795,0.3884769969826055
sequences,0.25,20,11,-17.0,8.65,q3,"(150, 50)",-0.0016503954773681054,0.26980594621613907,0.020296968942449957,0.21450510753733135,0.06800224120093795,0.3884769969826055
sequences,0.25,20,11,-17.0,8.65,q4,"(150, 150)",0.02712176736255733,0.188674640226811,0.020296968942449957,0.21450510753733135,0.06800224120093795,0.3884769969826055
sequences,0.25,21,11,-17.0,8.65,q1,"(50, 50)",-0.009109950066257368,0.30655626251726126,0.020369038690013472,0.21701254518265423,0.06818658863507733,0.3929261836897308
sequences,0.25,21,11,-17.0,8.65,q2,"(50, 150)",0.03151352855054158,0.1894861855252689,0.020369038690013472,0.21701254518265423,0.06818658863507733,0.3929261836897308
sequences,0.25,21,11,-17.0,8.65,q3,"(150, 50)",-0.001405169911034869,0.28814667188035537,0.020369038690013472,0.21701254518265423,0.06818658863507733,0.3929261836897308
sequences,0.25,21,11,-17.0,8.65,q4,"(150, 150)",0.027187721465328094,0.1824680821347526,0.020369038690013472,0.21701254518265423,0.06818658863507733,0.3929261836897308
sequences,0.25,22,11,-17.0,8.65,q1,"(50, 50)",-0.008927289517116814,0.328354354910915,0.02033475389793078,0.22848684146060325,0.06814024930193777,0.4143449548369566
sequences,0.25,22,11,-17.0,8.65,q2,"(50, 150)",0.031427388931688005,0.19548457794859672,0.02033475389793078,0.22848684146060325,0.06814024930193777,0.4143449548369566
sequences,0.25,22,11,-17.0,8.65,q3,"(150, 50)",-0.003088468668930379,0.3138166026966215,0.02033475389793078,0.22848684146060325,0.06814024930193777,0.4143449548369566
sequences,0.25,22,11,-17.0,8.65,q4,"(150, 150)",0.027696287899526266,0.18679724169899994,0.02033475389793078,0.22848684146060325,0.06814024930193777,0.4143449548369566
sequences,0.25,23,11,-17.0,8.65,q1,"(50, 50)",-0.010295056972256564,0.3164269756020398,0.020465604035936943,0.2237697078591757,0.06859595788817477,0.40562438195565576
sequences,0.25,23,11,-17.0,8.65,q2,"(50, 150)",0.03192809637486859,0.19151457495598503,0.020465604035936943,0.2237697078591757,0.06859595788817477,0.40562438195565576
sequences,0.25,23,11,-17.0,8.65,q3,"(150, 50)",0.002598058150662722,0.3046425865470485,0.020465604035936943,0.2237697078591757,0.06859595788817477,0.40562438195565576
sequences,0.25,23,11,-17.0,8.65,q4,"(150, 150)",0.026018473107850406,0.18559502761590002,0.020465604035936943,0.2237697078591757,0.06859595788817477,0.40562438195565576
sequences,0.25,24,11,-17.0,8.65,q1,"(50, 50)",0.0013906224520854893,0.25934351520592275,0.02041779342691752,0.20642680910605749,0.06841277743983086,0.3734893663103073
sequences,0.25,24,11,-17.0,8.65,q2,"(50, 150)",0.028309377721017166,0.19692794556385915,0.02041779342691752,0.20642680910605749,0.06841277743983086,0.3734893663103073
sequences,0.25,24,11,-17.0,8.65,q3,"(150, 50)",0.0018714139087327936,0.2542939367498797,0.02041779342691752,0.20642680910605749,0.06841277743983086,0.3734893663103073
sequences,0.25,24,11,-17.0,8.65,q4,"(150, 150)",0.02608352194326055,0.18328048993857238,0.02041779342691752,0.20642680910605749,0.06841277743983086,0.3734893663103073
sequences,0.25,25,11,-17.0,8.65,q1,"(50, 50)",-0.0008015449218024145,0.29133301332830497,0.02059829323402245,0.20771012153511148,0.06897712259195461,0.37568176407701276
sequences,0.25,25,11,-17.0,8.65,q2,"(50, 150)",0.02903726985281802,0.18038852091211663,0.02059829323402245,0.20771012153511148,0.06897712259195461,0.37568176407701276
sequences,0.25,25,11,-17.0,8.65,q3,"(150, 50)",0.006115900425780446,0.2858759169313859,0.02059829323402245,0.20771012153511148,0.06897712259195461,0.37568176407701276
sequences,0.25,25,11,-17.0,8.65,q4,"(150, 150)",0.024990525092262912,0.17034323755211875,0.02059829323402245,0.20771012153511148,0.06897712259195461,0.37568176407701276
sequences,0.25,26,11,-17.0,8.65,q1,"(50, 50)",-0.0013830985294404974,0.3112748557317645,0.020416516347998515,0.2168837687035636,0.06844863413963126,0.39295582978718896
sequences,0.25,26,11,-17.0,8.65,q2,"(50, 150)",0.029012828499163337,0.18701466914321563,0.020416516347998515,0.2168837687035636,0.06844863413963126,0.39295582978718896
sequences,0.25,26,11,-17.0,8.65,q3,"(150, 50)",0.0032578493096555097,0.3002606762407139,0.020416516347998515,0.2168837687035636,0.06844863413963126,0.39295582978718896
sequences,0.25,26,11,-17.0,8.65,q4,"(150, 150)",0.025692814074551137,0.17591079283698027,0.020416516347998515,0.2168837687035636,0.06844863413963126,0.39295582978718896
sequences,0.25,27,11,-17.0,8.65,q1,"(50, 50)",0.002896160312809843,0.31128494901115944,0.020643008305188875,0.21804569057178924,0.06915580671755067,0.3948685640000875
sequences,0.25,27,11,-17.0,8.65,q2,"(50, 150)",0.028020752648373424,0.1886041603907925,0.020643008305188875,0.21804569057178924,0.06915580671755067,0.3948685640000875
sequences,0.25,27,11,-17.0,8.65,q3,"(150, 50)",0.005691270908862966,0.30148911902231823,0.020643008305188875,0.21804569057178924,0.06915580671755067,0.3948685640000875
sequences,0.25,27,11,-17.0,8.65,q4,"(150, 150)",0.02513954465538922,0.17734834519134565,0.020643008305188875,0.21804569057178924,0.06915580671755067,0.3948685640000875
sequences,0.25,28,11,-17.0,8.65,q1,"(50, 50)",0.0011992078824549673,0.3119970292254595,0.020603081397938212,0.21179823340271484,0.06896428919811953,0.38316934989669366
sequences,0.25,28,11,-17.0,8.65,q2,"(50, 150)",0.028347108069157273,0.1789636141193932,0.020603081397938212,0.21179823340271484,0.06896428919811953,0.38316934989669366
sequences,0.25,28,11,-17.0,8.65,q3,"(150, 50)",0.0080703324094817,0.2966009749562143,0.020603081397938212,0.21179823340271484,0.06896428919811953,0.38316934989669366
sequences,0.25,28,11,-17.0,8.65,q4,"(150, 150)",0.024355308116515498,0.16971840650170308,0.020603081397938212,0.21179823340271484,0.06896428919811953,0.38316934989669366
sequences,0.25,29,11,-17.0,8.65,q1,"(50, 50)",-0.008100536202986749,0.3300246217802441,0.020359878317098668,0.2247239857398496,0.06831027786310574,0.4076298218833029
sequences,0.25,29,11,-17.0,8.65,q2,"(50, 150)",0.031178896293548246,0.1847547220585684,0.020359878317098668,0.2247239857398496,0.06831027786310574,0.4076298218833029
sequences,0.25,29,11,-17.0,8.65,q3,"(150, 50)",-0.00038255578078434486,0.3244388026354263,0.020359878317098668,0.2247239857398496,0.06831027786310574,0.4076298218833029
sequences,0.25,29,11,-17.0,8.65,q4,"(150, 150)",0.026829951970919304,0.17577905396423787,0.020359878317098668,0.2247239857398496,0.06831027786310574,0.4076298218833029
sequences,0.25,30,11,-17.0,8.65,q1,"(50, 50)",0.0021335858819583565,0.30310316708942336,0.020757288285007308,0.21107462470401062,0.06957944619125889,0.3820276590516825
sequences,0.25,30,11,-17.0,8.65,q2,"(50, 150)",0.028278882205803935,0.1799726000853731,0.020757288285007308,0.21107462470401062,0.06957944619125889,0.3820276590516825
sequences,0.25,30,11,-17.0,8.65,q3,"(150, 50)",0.010610706169961043,0.2904100598341723,0.020757288285007308,0.21107462470401062,0.06957944619125889,0.3820276590516825
sequences,0.25,30,11,-17.0,8.65,q4,"(150, 150)",0.02370158461676263,0.17316676662489006,0.020757288285007308,0.21107462470401062,0.06957944619125889,0.3820276590516825
sequences,0.25,31,11,-17.0,8.65,q1,"(50, 50)",-0.00039209107870645,0.2980579728866672,0.020661779623155265,0.21135415745600195,0.06918971828599504,0.3824001936162593
sequences,0.25,31,11,-17.0,8.65,q2,"(50, 150)",0.028917645304904847,0.18414654391793125,0.020661779623155265,0.21135415745600195,0.06918971828599504,0.3824001936162593
sequences,0.25,31,11,-17.0,8.65,q3,"(150, 50)",0.006399782361576652,0.28948139472354706,0.020661779623155265,0.21135415745600195,0.06918971828599504,0.3824001936162593
sequences,0.25,31,11,-17.0,8.65,q4,"(150, 150)",0.025003142449971802,0.1736327081940618,0.020661779623155265,0.21135415745600195,0.06918971828599504,0.3824001936162593
sequences,0.25,32,11,-17.0,8.65,q1,"(50, 50)",0.006761937453207591,0.3251644547883908,0.02067112764837868,0.21858880270342454,0.06929643864692821,0.39599031476659774
sequences,0.25,32,11,-17.0,8.65,q2,"(50, 150)",0.026859632323939234,0.18500268045073945,0.02067112764837868,0.21858880270342454,0.06929643864692821,0.39599031476659774
sequences,0.25,32,11,-17.0,8.65,q3,"(150, 50)",-0.0007755419822585415,0.3055903686297991,0.02067112764837868,0.21858880270342454,0.06929643864692821,0.39599031476659774
sequences,0.25,32,11,-17.0,8.65,q4,"(150, 150)",0.027302648210645476,0.1744345422143535,0.02067112764837868,0.21858880270342454,0.06929643864692821,0.39599031476659774
sequences,0.25,33,11,-17.0,8.65,q1,"(50, 50)",0.007232445191993103,0.288390241812925,0.020740513223867107,0.20792365995390363,0.06950574136684687,0.3761525296577211
sequences,0.25,33,11,-17.0,8.65,q2,"(50, 150)",0.026675837206558868,0.18656840827661378,0.020740513223867107,0.20792365995390363,0.06950574136684687,0.3761525296577211
sequences,0.25,33,11,-17.0,8.65,q3,"(150, 50)",0.00759597074582688,0.28298948856137673,0.020740513223867107,0.20792365995390363,0.06950574136684687,0.3761525296577211
sequences,0.25,33,11,-17.0,8.65,q4,"(150, 150)",0.02464448250363593,0.1709226334487206,0.020740513223867107,0.20792365995390363,0.06950574136684687,0.3761525296577211
sequences,0.25,34,11,-17.0,8.65,q1,"(50, 50)",-0.004302973212199896,0.3106019925882658,0.02047313210525457,0.21931267231632953,0.06855799784095294,0.3972007554340784
sequences,0.25,34,11,-17.0,8.65,q2,"(50, 150)",0.03004624498601591,0.18758621736541106,0.02047313210525457,0.21931267231632953,0.06855799784095294,0.3972007554340784
sequences,0.25,34,11,-17.0,8.65,q3,"(150, 50)",0.00218734145801884,0.2981231179645918,0.02047313210525457,0.21931267231632953,0.06855799784095294,0.3972007554340784
sequences,0.25,34,11,-17.0,8.65,q4,"(150, 150)",0.026130258618240976,0.18218345448044976,0.02047313210525457,0.21931267231632953,0.06855799784095294,0.3972007554340784
sequences,0.25,35,11,-17.0,8.65,q1,"(50, 50)",-0.004411508358571098,0.32508300238693777,0.020459721044444244,0.22707132342940078,0.06853029993114802,0.41159657560136254
sequences,0.25,35,11,-17.0,8.65,q2,"(50, 150)",0.030119516981056024,0.19524111839946995,0.020459721044444244,0.22707132342940078,0.06853029993114802,0.41159657560136254
sequences,0.25,35,11,-17.0,8.65,q3,"(150, 50)",0.0019825615701130153,0.31004585393929235,0.020459721044444244,0.22707132342940078,0.06853029993114802,0.41159657560136254
sequences,0.25,35,11,-17.0,8.65,q4,"(150, 150)",0.026162312157352426,0.18688833075940986,0.020459721044444244,0.22707132342940078,0.06853029993114802,0.41159657560136254
sequences,0.25,36,11,-17.0,8.65,q1,"(50, 50)",-0.0007792292745505307,0.2828722597446103,0.02058856056087647,0.2126985687971144,0.06892721982215087,0.3848723707021039
sequences,0.25,36,11,-17.0,8.65,q2,"(50, 150)",0.029160276126728224,0.19437546116589155,0.02058856056087647,0.2126985687971144,0.06892721982215087,0.3848723707021039
sequences,0.25,36,11,-17.0,8.65,q3,"(150, 50)",0.0017362482020270849,0.27837220262773654,0.02058856056087647,0.2126985687971144,0.06892721982215087,0.3848723707021039
sequences,0.25,36,11,-17.0,8.65,q4,"(150, 150)",0.026389625029145342,0.18134355624137857,0.02058856056087647,0.2126985687971144,0.06892721982215087,0.3848723707021039
sequences,0.25,37,11,-17.0,8.65,q1,"(50, 50)",-8.273459895709295e-05,0.29448916544603787,0.02051471610031218,0.2102994290218533,0.06865701506128576,0.38040273280769976
sequences,0.25,37,11,-17.0,8.65,q2,"(50, 150)",0.02889793497779793,0.18781109617484645,0.02051471610031218,0.2102994290218533,0.06865701506128576,0.38040273280769976
sequences,0.25,37,11,-17.0,8.65,q3,"(150, 50)",-0.003609850303080404,0.27060740789131643,0.02051471610031218,0.2102994290218533,0.06865701506128576,0.38040273280769976
sequences,0.25,37,11,-17.0,8.65,q4,"(150, 150)",0.028050437575533264,0.1802755421206462,0.02051471610031218,0.2102994290218533,0.06865701506128576,0.38040273280769976
sequences,0.25,38,11,-17.0,8.65,q1,"(50, 50)",-0.00286253787465882,0.3176096041424243,0.02051204090815016,0.21866393842903512,0.06867104421878192,0.39593717787364
sequences,0.25,38,11,-17.0,8.65,q2,"(50, 150)",0.029592029231948824,0.18341273339534664,0.02051204090815016,0.21866393842903512,0.06867104421878192,0.39593717787364
sequences,0.25,38,11,-17.0,8.65,q3,"(150, 50)",0.0029957819405066056,0.30604523624115315,0.02051204090815016,0.21866393842903512,0.06867104421878192,0.39593717787364
sequences,0.25,38,11,-17.0,8.65,q4,"(150, 150)",0.025921306543077234,0.1764645276909381,0.02051204090815016,0.21866393842903512,0.06867104421878192,0.39593717787364
sequences,0.25,39,11,-17.0,8.65,q1,"(50, 50)",-0.0021487865094527215,0.32131873309024717,0.02052966280327161,0.21374168883463335,0.06873003951547242,0.38682682410604813
sequences,0.25,39,11,-17.0,8.65,q2,"(50, 150)",0.029642681335591205,0.17472493536876663,0.02052966280327161,0.21374168883463335,0.06873003951547242,0.38682682410604813
sequences,0.25,39,11,-17.0,8.65,q3,"(150, 50)",-0.0012262963891433208,0.30040352401339104,0.02052966280327161,0.21374168883463335,0.06873003951547242,0.38682682410604813
sequences,0.25,39,11,-17.0,8.65,q4,"(150, 150)",0.027263804058050532,0.1708858056230294,0.02052966280327161,0.21374168883463335,0.06873003951547242,0.38682682410604813
sequences,0.25,40,11,-17.0,8.65,q1,"(50, 50)",-0.008285230682782887,0.291791106121728,0.020397632125027168,0.21481591035835462,0.06832233168657566,0.3889631466236237
sequences,0.25,40,11,-17.0,8.65,q2,"(50, 150)",0.03134408949846743,0.18910364512393243,0.020397632125027168,0.21481591035835462,0.06832233168657566,0.3889631466236237
sequences,0.25,40,11,-17.0,8.65,q3,"(150, 50)",-0.004745905227919556,0.2814714992115137,0.020397632125027168,0.21481591035835462,0.06832233168657566,0.3889631466236237
sequences,0.25,40,11,-17.0,8.65,q4,"(150, 150)",0.028316976874619322,0.18396544284968014,0.020397632125027168,0.21481591035835462,0.06832233168657566,0.3889631466236237
sequences,0.25,41,11,-17.0,8.65,q1,"(50, 50)",0.0005171952143084248,0.3238909556012554,0.020496205768921177,0.21725335994463554,0.06869852779930007,0.3935590770099147
sequences,0.25,41,11,-17.0,8.65,q2,"(50, 150)",0.028611444608792377,0.18000580149906442,0.020496205768921177,0.21725335994463554,0.06869852779930007,0.3935590770099147
sequences,0.25,41,11,-17.0,8.65,q3,"(150, 50)",-0.002578642709773009,0.30837629577242553,0.020496205768921177,0.21725335994463554,0.06869852779930007,0.3935590770099147
sequences,0.25,41,11,-17.0,8.65,q4,"(150, 150)",0.027702632376819147,0.1716337997560974,0.020496205768921177,0.21725335994463554,0.06869852779930007,0.3935590770099147
sequences,0.25,42,11,-17.0,8.65,q1,"(50, 50)",-0.010543971270258645,0.30620858361197656,0.020315046782121777,0.21839134887393458,0.068040012667242,0.39559343834464966
sequences,0.25,42,11,-17.0,8.65,q2,"(50, 150)",0.03198771416659296,0.19370659317792824,0.020315046782121777,0.21839134887393458,0.068040012667242,0.39559343834464966
sequences,0.25,42,11,-17.0,8.65,q3,"(150, 50)",-0.0057771440489958175,0.2847724363382645,0.020315046782121777,0.21839134887393458,0.068040012667242,0.39559343834464966
sequences,0.25,42,11,-17.0,8.65,q4,"(150, 150)",0.028550334381268406,0.18543828859807635,0.020315046782121777,0.21839134887393458,0.068040012667242,0.39559343834464966
sequences,0.25,43,11,-17.0,8.65,q1,"(50, 50)",0.0016882612519160006,0.3168235388488379,0.020544823939400214,0.21938615736060457,0.06884994617761465,0.3974527886446341
sequences,0.25,43,11,-17.0,8.65,q2,"(50, 150)",0.02827884737451091,0.18429995104336014,0.020544823939400214,0.21938615736060457,0.06884994617761465,0.3974527886446341
sequences,0.25,43,11,-17.0,8.65,q3,"(150, 50)",-0.00010593111240176067,0.30408884826163485,0.020544823939400214,0.21938615736060457,0.06884994617761465,0.3974527886446341
sequences,0.25,43,11,-17.0,8.65,q4,"(150, 150)",0.026945574776906664,0.17895214141510254,0.020544823939400214,0.21938615736060457,0.06884994617761465,0.3974527886446341
sequences,0.25,44,11,-17.0,8.65,q1,"(50, 50)",0.004872408662652366,0.2797047674645368,0.02071195825216778,0.20578690894066184,0.06938098401195135,0.37213116607215346
sequences,0.25,44,11,-17.0,8.65,q2,"(50, 150)",0.02735846916923875,0.18333225993294627,0.02071195825216778,0.20578690894066184,0.06938098401195135,0.37213116607215346
sequences,0.25,44,11,-17.0,8.65,q3,"(150, 50)",0.005116930431893095,0.2755838551303295,0.02071195825216778,0.20578690894066184,0.06938098401195135,0.37213116607215346
sequences,0.25,44,11,-17.0,8.65,q4,"(150, 150)",0.02545474717429295,0.17299654985162852,0.02071195825216778,0.20578690894066184,0.06938098401195135,0.37213116607215346
sequences,0.25,45,11,-17.0,8.65,q1,"(50, 50)",0.0013545111506933019,0.3000389289642147,0.020768173873065194,0.20949873548076836,0.06961593521516868,0.37910408514473803
sequences,0.25,45,11,-17.0,8.65,q2,"(50, 150)",0.028649174992816672,0.17997805413291962,0.020768173873065194,0.20949873548076836,0.06961593521516868,0.37910408514473803
sequences,0.25,45,11,-17.0,8.65,q3,"(150, 50)",0.004153618964510521,0.28649648298912994,0.020768173873065194,0.20949873548076836,0.06961593521516868,0.37910408514473803
sequences,0.25,45,11,-17.0,8.65,q4,"(150, 150)",0.025836432105152025,0.17229581257457074,0.020768173873065194,0.20949873548076836,0.06961593521516868,0.37910408514473803
sequences,0.25,46,11,-17.0,8.65,q1,"(50, 50)",0.006641572657355568,0.302430601989384,0.02072217085688685,0.2144083541734966,0.06934550608846934,0.3879010193336574
sequences,0.25,46,11,-17.0,8.65,q2,"(50, 150)",0.02684168503863276,0.18635978249748367,0.02072217085688685,0.2144083541734966,0.06934550608846934,0.3879010193336574
sequences,0.25,46,11,-17.0,8.65,q3,"(150, 50)",0.0042339058147274535,0.2961617307587624,0.02072217085688685,0.2144083541734966,0.06934550608846934,0.3879010193336574
sequences,0.25,46,11,-17.0,8.65,q4,"(150, 150)",0.025742932054750377,0.1749261815320524,0.02072217085688685,0.2144083541734966,0.06934550608846934,0.3879010193336574
sequences,0.25,47,11,-17.0,8.65,q1,"(50, 50)",-0.008791045008691918,0.30334748883496115,0.020657136776491124,0.21603398229682277,0.06924953662920255,0.39126783468766646
sequences,0.25,47,11,-17.0,8.65,q2,"(50, 150)",0.031710993433542306,0.18909609727353718,0.020657136776491124,0.21603398229682277,0.06924953662920255,0.39126783468766646
sequences,0.25,47,11,-17.0,8.65,q3,"(150, 50)",0.0021018637912049794,0.299441684000869,0.020657136776491124,0.21603398229682277,0.06924953662920255,0.39126783468766646
sequences,0.25,47,11,-17.0,8.65,q4,"(150, 150)",0.026429629084256452,0.17507988292355345,0.020657136776491124,0.21603398229682277,0.06924953662920255,0.39126783468766646
sequences,0.25,48,11,-17.0,8.65,q1,"(50, 50)",-0.002673224277143035,0.30427342514989797,0.02035583047410434,0.2173082051439993,0.06820516158185404,0.3936539787929585
sequences,0.25,48,11,-17.0,8.65,q2,"(50, 150)",0.02947661952113139,0.19205383059917966,0.02035583047410434,0.2173082051439993,0.06820516158185404,0.3936539787929585
sequences,0.25,48,11,-17.0,8.65,q3,"(150, 50)",-0.003187505914675404,0.29940001959674933,0.02035583047410434,0.2173082051439993,0.06820516158185404,0.3936539787929585
sequences,0.25,48,11,-17.0,8.65,q4,"(150, 150)",0.027722130115938277,0.17653363268701763,0.02035583047410434,0.2173082051439993,0.06820516158185404,0.3936539787929585
sequences,0.25,49,11,-17.0,8.65,q1,"(50, 50)",0.0017355920569819432,0.3197303098736415,0.020607878556332185,0.21651086287542828,0.06904968522811923,0.39207542531072814
sequences,0.25,49,11,-17.0,8.65,q2,"(50, 150)",0.02831027150292804,0.17893914857913398,0.020607878556332185,0.21651086287542828,0.06904968522811923,0.39207542531072814
sequences,0.25,49,11,-17.0,8.65,q3,"(150, 50)",0.0035408278173856018,0.3088078438827776,0.020607878556332185,0.21651086287542828,0.06904968522811923,0.39207542531072814
sequences,0.25,49,11,-17.0,8.65,q4,"(150, 150)",0.025826351875932456,0.17127177565298918,0.020607878556332185,0.21651086287542828,0.06904968522811923,0.39207542531072814
sequences,0.25,0,12,-22.0,7.18,q1,"(50, 50)",-0.007100047011741003,0.3057729577775821,0.022404695731789742,0.21827959399130756,0.07512681945440436,0.3947206217400215
sequences,0.25,0,12,-22.0,7.18,q2,"(50, 150)",0.033822016603610505,0.18806742233457382,0.022404695731789742,0.21827959399130756,0.07512681945440436,0.3947206217400215
sequences,0.25,0,12,-22.0,7.18,q3,"(150, 50)",-0.0021959589051935694,0.29074742633418743,0.022404695731789742,0.21827959399130756,0.07512681945440436,0.3947206217400215
sequences,0.25,0,12,-22.0,7.18,q4,"(150, 150)",0.030077445069458447,0.18424661042870746,0.022404695731789742,0.21827959399130756,0.07512681945440436,0.3947206217400215
sequences,0.25,1,12,-22.0,7.18,q1,"(50, 50)",-0.0012795452035342038,0.3471110936776805,0.02236243162882106,0.23464787729775444,0.07485959202885951,0.42471815630432874
sequences,0.25,1,12,-22.0,7.18,q2,"(50, 150)",0.03176272984901418,0.19313815092773498,0.02236243162882106,0.23464787729775444,0.07485959202885951,0.42471815630432874
sequences,0.25,1,12,-22.0,7.18,q3,"(150, 50)",0.0032680230969184304,0.3417928228136967,0.02236243162882106,0.23464787729775444,0.07485959202885951,0.42471815630432874
sequences,0.25,1,12,-22.0,7.18,q4,"(150, 150)",0.028220688047430362,0.1813122447433235,0.02236243162882106,0.23464787729775444,0.07485959202885951,0.42471815630432874
sequences,0.25,2,12,-22.0,7.18,q1,"(50, 50)",-0.0038317919901191843,0.3541683701805523,0.02226577957934818,0.2324181887527637,0.07457348933885348,0.42073663596845345
sequences,0.25,2,12,-22.0,7.18,q2,"(50, 150)",0.032681855102113966,0.18617047761351277,0.02226577957934818,0.2324181887527637,0.07457348933885348,0.42073663596845345
sequences,0.25,2,12,-22.0,7.18,q3,"(150, 50)",0.005890203185398451,0.33734941436957044,0.02226577957934818,0.2324181887527637,0.07457348933885348,0.42073663596845345
sequences,0.25,2,12,-22.0,7.18,q4,"(150, 150)",0.02715201004412809,0.17995000903728828,0.02226577957934818,0.2324181887527637,0.07457348933885348,0.42073663596845345
sequences,0.25,3,12,-22.0,7.18,q1,"(50, 50)",-0.006457029880975104,0.3377750471347285,0.02239865648075574,0.22536698152254564,0.07510027319616341,0.4078435960420426
sequences,0.25,3,12,-22.0,7.18,q2,"(50, 150)",0.033677938157339986,0.18230267342320472,0.02239865648075574,0.22536698152254564,0.07510027319616341,0.4078435960420426
sequences,0.25,3,12,-22.0,7.18,q3,"(150, 50)",0.004012225795189561,0.32123592522738154,0.02239865648075574,0.22536698152254564,0.07510027319616341,0.4078435960420426
sequences,0.25,3,12,-22.0,7.18,q4,"(150, 150)",0.027973893523942035,0.1785011163945692,0.02239865648075574,0.22536698152254564,0.07510027319616341,0.4078435960420426
sequences,0.25,4,12,-22.0,7.18,q1,"(50, 50)",0.0006263242656781401,0.3556622334401595,0.022325168159058183,0.23641168400587614,0.07484760090204738,0.4283081435913642
sequences,0.25,4,12,-22.0,7.18,q2,"(50, 150)",0.031210640341555882,0.1910479735908883,0.022325168159058183,0.23641168400587614,0.07484760090204738,0.4283081435913642
sequences,0.25,4,12,-22.0,7.18,q3,"(150, 50)",0.006593405138300826,0.3425130059694395,0.022325168159058183,0.23641168400587614,0.07484760090204738,0.4283081435913642
sequences,0.25,4,12,-22.0,7.18,q4,"(150, 150)",0.02701824775996474,0.18398679840911658,0.022325168159058183,0.23641168400587614,0.07484760090204738,0.4283081435913642
sequences,0.25,5,12,-22.0,7.18,q1,"(50, 50)",-0.003810461014426319,0.34936889805461085,0.022352939927234916,0.23323479739742023,0.07489049309736132,0.42227968674478356
sequences,0.25,5,12,-22.0,7.18,q2,"(50, 150)",0.03260814903742555,0.1907934170246065,0.022352939927234916,0.23323479739742023,0.07489049309736132,0.42227968674478356
sequences,0.25,5,12,-22.0,7.18,q3,"(150, 50)",0.0003273434021986809,0.3334004040711938,0.022352939927234916,0.23323479739742023,0.07489049309736132,0.42227968674478356
sequences,0.25,5,12,-22.0,7.18,q4,"(150, 150)",0.029183446947923585,0.18341444195751258,0.022352939927234916,0.23323479739742023,0.07489049309736132,0.42227968674478356
sequences,0.25,6,12,-22.0,7.18,q1,"(50, 50)",-0.009372282123539352,0.35391555875609493,0.02238807033595235,0.2312582546085164,0.07507736531171143,0.4187937737822526
sequences,0.25,6,12,-22.0,7.18,q2,"(50, 150)",0.03452498030653658,0.1864960760614629,0.02238807033595235,0.2312582546085164,0.07507736531171143,0.4187937737822526
sequences,0.25,6,12,-22.0,7.18,q3,"(150, 50)",-0.0017227028592477212,0.3328819682153963,0.02238807033595235,0.2312582546085164,0.07507736531171143,0.4187937737822526
sequences,0.25,6,12,-22.0,7.18,q4,"(150, 150)",0.029908286128545594,0.17949084913666002,0.02238807033595235,0.2312582546085164,0.07507736531171143,0.4187937737822526
sequences,0.25,7,12,-22.0,7.18,q1,"(50, 50)",0.0020211372252133073,0.3145887548339618,0.022586060864266636,0.215572270941494,0.0756525234107072,0.3894129048586252
sequences,0.25,7,12,-22.0,7.18,q2,"(50, 150)",0.031060702619963854,0.1793177966076549,0.022586060864266636,0.215572270941494,0.0756525234107072,0.3894129048586252
sequences,0.25,7,12,-22.0,7.18,q3,"(150, 50)",0.008849655594282023,0.30895297008198996,0.022586060864266636,0.215572270941494,0.0756525234107072,0.3894129048586252
sequences,0.25,7,12,-22.0,7.18,q4,"(150, 150)",0.02662497355114614,0.17009954374243658,0.022586060864266636,0.215572270941494,0.0756525234107072,0.3894129048586252
sequences,0.25,8,12,-22.0,7.18,q1,"(50, 50)",0.00028500407295717236,0.3187444775944712,0.02257270178226609,0.22037483951517378,0.07558878788536152,0.3982731817488614
sequences,0.25,8,12,-22.0,7.18,q2,"(50, 150)",0.031544904207722414,0.18235851018325575,0.02257270178226609,0.22037483951517378,0.07558878788536152,0.3982731817488614
sequences,0.25,8,12,-22.0,7.18,q3,"(150, 50)",0.006055453161033993,0.3129533977027526,0.02257270178226609,0.22037483951517378,0.07558878788536152,0.3982731817488614
sequences,0.25,8,12,-22.0,7.18,q4,"(150, 150)",0.027564128037447892,0.17640823233049122,0.02257270178226609,0.22037483951517378,0.07558878788536152,0.3982731817488614
sequences,0.25,9,12,-22.0,7.18,q1,"(50, 50)",0.001612382748974376,0.3206060508534238,0.02255519034931872,0.2159421155979312,0.07554912192034405,0.39011272552928367
sequences,0.25,9,12,-22.0,7.18,q2,"(50, 150)",0.031171176097050186,0.1788935124567896,0.02255519034931872,0.2159421155979312,0.07554912192034405,0.39011272552928367
sequences,0.25,9,12,-22.0,7.18,q3,"(150, 50)",0.01155266021735104,0.3033229858831126,0.02255519034931872,0.2159421155979312,0.07554912192034405,0.39011272552928367
sequences,0.25,9,12,-22.0,7.18,q4,"(150, 150)",0.0256776837663246,0.17326034539278515,0.02255519034931872,0.2159421155979312,0.07554912192034405,0.39011272552928367
sequences,0.25,10,12,-22.0,7.18,q1,"(50, 50)",0.000756245707450573,0.32935895503045215,0.022453125829755675,0.22123739435876702,0.07520095731308943,0.39995658713219917
sequences,0.25,10,12,-22.0,7.18,q2,"(50, 150)",0.031208290013222867,0.18305350942013637,0.022453125829755675,0.22123739435876702,0.07520095731308943,0.39995658713219917
sequences,0.25,10,12,-22.0,7.18,q3,"(150, 50)",0.007351206574849881,0.3151565680853728,0.022453125829755675,0.22123739435876702,0.07520095731308943,0.39995658713219917
sequences,0.25,10,12,-22.0,7.18,q4,"(150, 150)",0.02697947531160244,0.17467187537707765,0.022453125829755675,0.22123739435876702,0.07520095731308943,0.39995658713219917
sequences,0.25,11,12,-22.0,7.18,q1,"(50, 50)",-0.003984999722827807,0.3321909278730094,0.022374034329339893,0.2227145205476255,0.07499257358585519,0.4028741580942822
sequences,0.25,11,12,-22.0,7.18,q2,"(50, 150)",0.03268487227218978,0.18307227104382962,0.022374034329339893,0.2227145205476255,0.07499257358585519,0.4028741580942822
sequences,0.25,11,12,-22.0,7.18,q3,"(150, 50)",0.00257808671230873,0.3222709407744926,0.022374034329339893,0.2227145205476255,0.07499257358585519,0.4028741580942822
sequences,0.25,11,12,-22.0,7.18,q4,"(150, 150)",0.028464519115418953,0.1727657500395628,0.022374034329339893,0.2227145205476255,0.07499257358585519,0.4028741580942822
sequences,0.25,12,12,-22.0,7.18,q1,"(50, 50)",0.0036441727962850208,0.3125620750772447,0.022537364803411286,0.215876429713794,0.07552103477728504,0.3900776568758245
sequences,0.25,12,12,-22.0,7.18,q2,"(50, 150)",0.03046923508770018,0.18365527935882828,0.022537364803411286,0.215876429713794,0.07552103477728504,0.3900776568758245
sequences,0.25,12,12,-22.0,7.18,q3,"(150, 50)",-0.001676645810480335,0.29658618362731226,0.022537364803411286,0.215876429713794,0.07552103477728504,0.3900776568758245
sequences,0.25,12,12,-22.0,7.18,q4,"(150, 150)",0.030063988469626227,0.17640064750034515,0.022537364803411286,0.215876429713794,0.07552103477728504,0.3900776568758245
sequences,0.25,13,12,-22.0,7.18,q1,"(50, 50)",0.005764522119115316,0.3445646577183767,0.022470914303372416,0.2246261784964587,0.07522904018537803,0.40614379785291377
sequences,0.25,13,12,-22.0,7.18,q2,"(50, 150)",0.029492204943625887,0.17477862292327,0.022470914303372416,0.2246261784964587,0.07522904018537803,0.40614379785291377
sequences,0.25,13,12,-22.0,7.18,q3,"(150, 50)",0.0017632298681711832,0.3330889912007441,0.022470914303372416,0.2246261784964587,0.07522904018537803,0.40614379785291377
sequences,0.25,13,12,-22.0,7.18,q4,"(150, 150)",0.02888931136660579,0.17062440959852213,0.022470914303372416,0.2246261784964587,0.07522904018537803,0.40614379785291377
sequences,0.25,14,12,-22.0,7.18,q1,"(50, 50)",0.0019344307074608679,0.3407337221206732,0.022411148630653726,0.23133920960763082,0.0750918030847838,0.4187640908627661
sequences,0.25,14,12,-22.0,7.18,q2,"(50, 150)",0.030823004509302705,0.19122236265606835,0.022411148630653726,0.23133920960763082,0.0750918030847838,0.4187640908627661
sequences,0.25,14,12,-22.0,7.18,q3,"(150, 50)",0.0017392896942133378,0.33050216271428184,0.022411148630653726,0.23133920960763082,0.0750918030847838,0.4187640908627661
sequences,0.25,14,12,-22.0,7.18,q4,"(150, 150)",0.02877300719693896,0.1827308232935567,0.022411148630653726,0.23133920960763082,0.0750918030847838,0.4187640908627661
sequences,0.25,15,12,-22.0,7.18,q1,"(50, 50)",0.005782420367524919,0.32908525655864557,0.02241044049585065,0.21875534551467418,0.07513348586321567,0.39556825196021544
sequences,0.25,15,12,-22.0,7.18,q2,"(50, 150)",0.02958553151047022,0.1775285458053865,0.02241044049585065,0.21875534551467418,0.07513348586321567,0.39556825196021544
sequences,0.25,15,12,-22.0,7.18,q3,"(150, 50)",0.0066229915856995565,0.3122620293007353,0.02241044049585065,0.21875534551467418,0.07513348586321567,0.39556825196021544
sequences,0.25,15,12,-22.0,7.18,q4,"(150, 150)",0.027128784253064017,0.1728565243306687,0.02241044049585065,0.21875534551467418,0.07513348586321567,0.39556825196021544
sequences,0.25,16,12,-22.0,7.18,q1,"(50, 50)",-0.004125959164109484,0.34390022895945976,0.022412579523976586,0.22975627924581513,0.07508401850578421,0.4157995467879627
sequences,0.25,16,12,-22.0,7.18,q2,"(50, 150)",0.0328634402209466,0.19209076291649954,0.022412579523976586,0.22975627924581513,0.07508401850578421,0.4157995467879627
sequences,0.25,16,12,-22.0,7.18,q3,"(150, 50)",0.0010853184666798092,0.32897935069332873,0.022412579523976586,0.22975627924581513,0.07508401850578421,0.4157995467879627
sequences,0.25,16,12,-22.0,7.18,q4,"(150, 150)",0.028986772831650624,0.17893992883129065,0.022412579523976586,0.22975627924581513,0.07508401850578421,0.4157995467879627
sequences,0.25,17,12,-22.0,7.18,q1,"(50, 50)",-0.011235414840044101,0.33097584905422167,0.02247341375475455,0.2236164589725285,0.07531935904400353,0.40448549942463485
sequences,0.25,17,12,-22.0,7.18,q2,"(50, 150)",0.03530585960889466,0.1870496581136811,0.02247341375475455,0.2236164589725285,0.07531935904400353,0.40448549942463485
sequences,0.25,17,12,-22.0,7.18,q3,"(150, 50)",0.005502078422657795,0.31518123609524407,0.02247341375475455,0.2236164589725285,0.07531935904400353,0.40448549942463485
sequences,0.25,17,12,-22.0,7.18,q4,"(150, 150)",0.02759846898016217,0.17789290968415608,0.02247341375475455,0.2236164589725285,0.07531935904400353,0.40448549942463485
sequences,0.25,18,12,-22.0,7.18,q1,"(50, 50)",-0.0017706595644173349,0.33132242886316,0.022589510815467752,0.2224620554617173,0.07562608240866338,0.40208402498618023
sequences,0.25,18,12,-22.0,7.18,q2,"(50, 150)",0.032282459633950225,0.18025352940292702,0.022589510815467752,0.2224620554617173,0.07562608240866338,0.40208402498618023
sequences,0.25,18,12,-22.0,7.18,q3,"(150, 50)",0.006214122424245261,0.3226142726581978,0.022589510815467752,0.2224620554617173,0.07562608240866338,0.40208402498618023
sequences,0.25,18,12,-22.0,7.18,q4,"(150, 150)",0.02752367627081277,0.17334696840485833,0.022589510815467752,0.2224620554617173,0.07562608240866338,0.40208402498618023
sequences,0.25,19,12,-22.0,7.18,q1,"(50, 50)",0.002969575621792575,0.34458796387243756,0.02241225967661409,0.2238925307171467,0.07502011607234843,0.404778174169558
sequences,0.25,19,12,-22.0,7.18,q2,"(50, 150)",0.030399663995622904,0.17828570522909432,0.02241225967661409,0.2238925307171467,0.07502011607234843,0.404778174169558
sequences,0.25,19,12,-22.0,7.18,q3,"(150, 50)",0.006874105442184985,0.3298849879350641,0.02241225967661409,0.2238925307171467,0.07502011607234843,0.404778174169558
sequences,0.25,19,12,-22.0,7.18,q4,"(150, 150)",0.027089474543401028,0.16996231041665075,0.02241225967661409,0.2238925307171467,0.07502011607234843,0.404778174169558
sequences,0.25,20,12,-22.0,7.18,q1,"(50, 50)",0.004119097744436886,0.3279958278005768,0.022394345365912185,0.22999521088461483,0.07495387956124906,0.4160641764700899
sequences,0.25,20,12,-22.0,7.18,q2,"(50, 150)",0.03001749937492653,0.19921355709814678,0.022394345365912185,0.22999521088461483,0.07495387956124906,0.4160641764700899
sequences,0.25,20,12,-22.0,7.18,q3,"(150, 50)",-0.0012071704148961635,0.3172145187371796,0.022394345365912185,0.22999521088461483,0.07495387956124906,0.4160641764700899
sequences,0.25,20,12,-22.0,7.18,q4,"(150, 150)",0.029751049025563,0.18713741421397573,0.022394345365912185,0.22999521088461483,0.07495387956124906,0.4160641764700899
sequences,0.25,21,12,-22.0,7.18,q1,"(50, 50)",-0.008622579659435178,0.31142673386342284,0.02240330268628964,0.22010025228812996,0.07509696702016137,0.3980325743737011
sequences,0.25,21,12,-22.0,7.18,q2,"(50, 150)",0.03438117866026281,0.19139295078641064,0.02240330268628964,0.22010025228812996,0.07509696702016137,0.3980325743737011
sequences,0.25,21,12,-22.0,7.18,q3,"(150, 50)",-0.002605869297369743,0.29836586911942076,0.02240330268628964,0.22010025228812996,0.07509696702016137,0.3980325743737011
sequences,0.25,21,12,-22.0,7.18,q4,"(150, 150)",0.030194388283487802,0.1817639699221496,0.02240330268628964,0.22010025228812996,0.07509696702016137,0.3980325743737011
sequences,0.25,22,12,-22.0,7.18,q1,"(50, 50)",0.0004069359821722827,0.3628866096519609,0.02231663533769782,0.23406780800757138,0.07470003460317261,0.4236471158277414
sequences,0.25,22,12,-22.0,7.18,q2,"(50, 150)",0.03128806774398393,0.1862030431781048,0.02231663533769782,0.23406780800757138,0.07470003460317261,0.4236471158277414
sequences,0.25,22,12,-22.0,7.18,q3,"(150, 50)",0.004047398740010512,0.3423938626783023,0.02231663533769782,0.23406780800757138,0.07470003460317261,0.4236471158277414
sequences,0.25,22,12,-22.0,7.18,q4,"(150, 150)",0.027850314441001053,0.17863785613969738,0.02231663533769782,0.23406780800757138,0.07470003460317261,0.4236471158277414
sequences,0.25,23,12,-22.0,7.18,q1,"(50, 50)",-0.0028193173098304625,0.32418921035878245,0.022506580079164826,0.22496375787985062,0.07541155999050034,0.40691782327869297
sequences,0.25,23,12,-22.0,7.18,q2,"(50, 150)",0.03245922243094473,0.18844393074554894,0.022506580079164826,0.22496375787985062,0.07541155999050034,0.40691782327869297
sequences,0.25,23,12,-22.0,7.18,q3,"(150, 50)",-0.0010298620451811484,0.31800414316506753,0.022506580079164826,0.22496375787985062,0.07541155999050034,0.40691782327869297
sequences,0.25,23,12,-22.0,7.18,q4,"(150, 150)",0.0298485019354641,0.18001283605539803,0.022506580079164826,0.22496375787985062,0.07541155999050034,0.40691782327869297
sequences,0.25,24,12,-22.0,7.18,q1,"(50, 50)",-0.005272402833360286,0.32298065339905696,0.022581173080152932,0.2232767191252124,0.07558551658628597,0.4035640095277732
sequences,0.25,24,12,-22.0,7.18,q2,"(50, 150)",0.03348221203342085,0.19107572181208454,0.022581173080152932,0.2232767191252124,0.07558551658628597,0.4035640095277732
sequences,0.25,24,12,-22.0,7.18,q3,"(150, 50)",0.0036576525165487616,0.31098176201910166,0.022581173080152932,0.2232767191252124,0.07558551658628597,0.4035640095277732
sequences,0.25,24,12,-22.0,7.18,q4,"(150, 150)",0.028350175385099822,0.17986367554889193,0.022581173080152932,0.2232767191252124,0.07558551658628597,0.4035640095277732
sequences,0.25,25,12,-22.0,7.18,q1,"(50, 50)",-0.0026619629886060724,0.34278203329902346,0.022483077524906605,0.23115478459648692,0.07536437618337921,0.4184771252381437
sequences,0.25,25,12,-22.0,7.18,q2,"(50, 150)",0.03252996288697817,0.18995456215239115,0.022483077524906605,0.23115478459648692,0.07536437618337921,0.4184771252381437
sequences,0.25,25,12,-22.0,7.18,q3,"(150, 50)",0.001536873117720162,0.32585070943162986,0.022483077524906605,0.23115478459648692,0.07536437618337921,0.4184771252381437
sequences,0.25,25,12,-22.0,7.18,q4,"(150, 150)",0.028910077263668527,0.184996602674904,0.022483077524906605,0.23115478459648692,0.07536437618337921,0.4184771252381437
sequences,0.25,26,12,-22.0,7.18,q1,"(50, 50)",-0.0030696758997647336,0.31953481512135107,0.022656978096656358,0.2224991516130847,0.07588370793487852,0.4022040741694989
sequences,0.25,26,12,-22.0,7.18,q2,"(50, 150)",0.0328844276753008,0.18935597075748942,0.022656978096656358,0.2224991516130847,0.07588370793487852,0.4022040741694989
sequences,0.25,26,12,-22.0,7.18,q3,"(150, 50)",-0.00023733574033693708,0.3124495238520792,0.022656978096656358,0.2224991516130847,0.07588370793487852,0.4022040741694989
sequences,0.25,26,12,-22.0,7.18,q4,"(150, 150)",0.029737783293486093,0.17843484451459043,0.022656978096656358,0.2224991516130847,0.07588370793487852,0.4022040741694989
sequences,0.25,27,12,-22.0,7.18,q1,"(50, 50)",-0.007951826191325707,0.3125878778825087,0.022497726525298974,0.21829122709718426,0.07538189487451491,0.39455706367658416
sequences,0.25,27,12,-22.0,7.18,q2,"(50, 150)",0.03426890862674101,0.1852924469495778,0.022497726525298974,0.21829122709718426,0.07538189487451491,0.39455706367658416
sequences,0.25,27,12,-22.0,7.18,q3,"(150, 50)",0.00020206687118776495,0.30136165709184937,0.022497726525298974,0.21829122709718426,0.07538189487451491,0.39455706367658416
sequences,0.25,27,12,-22.0,7.18,q4,"(150, 150)",0.02938916934470255,0.1782594187746943,0.022497726525298974,0.21829122709718426,0.07538189487451491,0.39455706367658416
sequences,0.25,28,12,-22.0,7.18,q1,"(50, 50)",-0.003386352272350517,0.352377367991296,0.0222846032173629,0.23435000102181588,0.07458657256250657,0.4241650284559224
sequences,0.25,28,12,-22.0,7.18,q2,"(50, 150)",0.03242821039167414,0.19142298219593876,0.0222846032173629,0.23435000102181588,0.07458657256250657,0.4241650284559224
sequences,0.25,28,12,-22.0,7.18,q3,"(150, 50)",0.0032567151658614295,0.3352114540483766,0.0222846032173629,0.23435000102181588,0.07458657256250657,0.4241650284559224
sequences,0.25,28,12,-22.0,7.18,q4,"(150, 150)",0.028098358564172244,0.18413837534999417,0.0222846032173629,0.23435000102181588,0.07458657256250657,0.4241650284559224
sequences,0.25,29,12,-22.0,7.18,q1,"(50, 50)",0.001468459062755666,0.3446804226118267,0.022206084741029794,0.22928955040221788,0.07437355686520905,0.4149724918907212
sequences,0.25,29,12,-22.0,7.18,q2,"(50, 150)",0.030743834808477442,0.18629861573470707,0.022206084741029794,0.22928955040221788,0.07437355686520905,0.4149724918907212
sequences,0.25,29,12,-22.0,7.18,q3,"(150, 50)",0.0037643032288296116,0.33244912819490846,0.022206084741029794,0.22928955040221788,0.07437355686520905,0.4149724918907212
sequences,0.25,29,12,-22.0,7.18,q4,"(150, 150)",0.027811609186866648,0.1778682278035006,0.022206084741029794,0.22928955040221788,0.07437355686520905,0.4149724918907212
sequences,0.25,30,12,-22.0,7.18,q1,"(50, 50)",-0.0026969055633816724,0.3180093945596821,0.022335928526675142,0.22000645472938826,0.07488367622722367,0.3979207436566053
sequences,0.25,30,12,-22.0,7.18,q2,"(50, 150)",0.03220051086164964,0.18574505859459253,0.022335928526675142,0.22000645472938826,0.07488367622722367,0.3979207436566053
sequences,0.25,30,12,-22.0,7.18,q3,"(150, 50)",0.0029339385591980937,0.302038276352014,0.022335928526675142,0.22000645472938826,0.07488367622722367,0.3979207436566053
sequences,0.25,30,12,-22.0,7.18,q4,"(150, 150)",0.028296490414182304,0.1806662934647263,0.022335928526675142,0.22000645472938826,0.07488367622722367,0.3979207436566053
sequences,0.25,31,12,-22.0,7.18,q1,"(50, 50)",-4.798388196615875e-05,0.3352451296013277,0.02250445619372728,0.22731971895468323,0.07542339738157444,0.4113323203657607
sequences,0.25,31,12,-22.0,7.18,q2,"(50, 150)",0.0315972548381884,0.1889763835718846,0.02250445619372728,0.22731971895468323,0.07542339738157444,0.4113323203657607
sequences,0.25,31,12,-22.0,7.18,q3,"(150, 50)",0.005359556257889233,0.31893910681776905,0.02250445619372728,0.22731971895468323,0.07542339738157444,0.4113323203657607
sequences,0.25,31,12,-22.0,7.18,q4,"(150, 150)",0.027694316632596635,0.1826396545457008,0.02250445619372728,0.22731971895468323,0.07542339738157444,0.4113323203657607
sequences,0.25,32,12,-22.0,7.18,q1,"(50, 50)",-0.006610384302194518,0.3356191681557684,0.02248107780387881,0.2272466545998638,0.0752630659654463,0.41099080899263235
sequences,0.25,32,12,-22.0,7.18,q2,"(50, 150)",0.033780545215297754,0.1900025682291159,0.02248107780387881,0.2272466545998638,0.0752630659654463,0.41099080899263235
sequences,0.25,32,12,-22.0,7.18,q3,"(150, 50)",-0.006663513190700175,0.3163366007585425,0.02248107780387881,0.2272466545998638,0.0752630659654463,0.41099080899263235
sequences,0.25,32,12,-22.0,7.18,q4,"(150, 150)",0.03166183701005141,0.1827478037528358,0.02248107780387881,0.2272466545998638,0.0752630659654463,0.41099080899263235
sequences,0.25,33,12,-22.0,7.18,q1,"(50, 50)",-0.00890907506974784,0.3159002468665063,0.022291690722721007,0.21903197558466433,0.07466652394145372,0.39595798471115956
sequences,0.25,33,12,-22.0,7.18,q2,"(50, 150)",0.03439648343748222,0.18452203138470777,0.022291690722721007,0.21903197558466433,0.07466652394145372,0.39595798471115956
sequences,0.25,33,12,-22.0,7.18,q3,"(150, 50)",0.0024431273542578806,0.3027577992466243,0.022291690722721007,0.21903197558466433,0.07466652394145372,0.39595798471115956
sequences,0.25,33,12,-22.0,7.18,q4,"(150, 150)",0.028339699362007073,0.17880808215237642,0.022291690722721007,0.21903197558466433,0.07466652394145372,0.39595798471115956
sequences,0.25,34,12,-22.0,7.18,q1,"(50, 50)",-0.002117879830534099,0.33253363580154793,0.022318164709620267,0.2283123252886819,0.07473642431015577,0.4130829826203121
sequences,0.25,34,12,-22.0,7.18,q2,"(50, 150)",0.03202023211256394,0.19163870841192732,0.022318164709620267,0.2283123252886819,0.07473642431015577,0.4130829826203121
sequences,0.25,34,12,-22.0,7.18,q3,"(150, 50)",-0.0035973196191582614,0.32152759306551393,0.022318164709620267,0.2283123252886819,0.07473642431015577,0.4130829826203121
sequences,0.25,34,12,-22.0,7.18,q4,"(150, 150)",0.030437753078249034,0.18246515865209478,0.022318164709620267,0.2283123252886819,0.07473642431015577,0.4130829826203121
sequences,0.25,35,12,-22.0,7.18,q1,"(50, 50)",0.00209893312407483,0.32654453921250204,0.022499995435072386,0.2219486237696121,0.07534531748873131,0.40122112513437
sequences,0.25,35,12,-22.0,7.18,q2,"(50, 150)",0.030813587491193433,0.18704732134726956,0.022499995435072386,0.2219486237696121,0.07534531748873131,0.40122112513437
sequences,0.25,35,12,-22.0,7.18,q3,"(150, 50)",0.0017614724107566945,0.30957885240026745,0.022499995435072386,0.2219486237696121,0.07534531748873131,0.40122112513437
sequences,0.25,35,12,-22.0,7.18,q4,"(150, 150)",0.02890842379235922,0.17850832821912987,0.022499995435072386,0.2219486237696121,0.07534531748873131,0.40122112513437
sequences,0.25,36,12,-22.0,7.18,q1,"(50, 50)",-0.004287411248613865,0.31352757771934225,0.022276289188964033,0.22644546350960199,0.07474637761585115,0.41004380876763336
sequences,0.25,36,12,-22.0,7.18,q2,"(50, 150)",0.03268003325097199,0.20019505270787774,0.022276289188964033,0.22644546350960199,0.07474637761585115,0.41004380876763336
sequences,0.25,36,12,-22.0,7.18,q3,"(150, 50)",-0.006313784162551964,0.3030130958329302,0.022276289188964033,0.22644546350960199,0.07474637761585115,0.41004380876763336
sequences,0.25,36,12,-22.0,7.18,q4,"(150, 150)",0.03128992122297537,0.18922136013809657,0.022276289188964033,0.22644546350960199,0.07474637761585115,0.41004380876763336
sequences,0.25,37,12,-22.0,7.18,q1,"(50, 50)",0.005717473836637811,0.3336970010312431,0.0225256147126791,0.2180212902242908,0.07545637622537174,0.39399642126647855
sequences,0.25,37,12,-22.0,7.18,q2,"(50, 150)",0.029686011486889246,0.1742095535307917,0.0225256147126791,0.2180212902242908,0.07545637622537174,0.39399642126647855
sequences,0.25,37,12,-22.0,7.18,q3,"(150, 50)",0.007792588153678855,0.31780515431686135,0.0225256147126791,0.2180212902242908,0.07545637622537174,0.39399642126647855
sequences,0.25,37,12,-22.0,7.18,q4,"(150, 150)",0.026917395849391502,0.1679518720977197,0.0225256147126791,0.2180212902242908,0.07545637622537174,0.39399642126647855
sequences,0.25,38,12,-22.0,7.18,q1,"(50, 50)",-0.0022511997582762306,0.3128769011554833,0.022467400414562987,0.21389359803703964,0.07521098138610088,0.3862454821013485
sequences,0.25,38,12,-22.0,7.18,q2,"(50, 150)",0.03223498719186865,0.17801037369917655,0.022467400414562987,0.21389359803703964,0.07521098138610088,0.3862454821013485
sequences,0.25,38,12,-22.0,7.18,q3,"(150, 50)",0.006112998277693733,0.2930433871658026,0.022467400414562987,0.21389359803703964,0.07521098138610088,0.3862454821013485
sequences,0.25,38,12,-22.0,7.18,q4,"(150, 150)",0.027409516664732982,0.17622894800380676,0.022467400414562987,0.21389359803703964,0.07521098138610088,0.3862454821013485
sequences,0.25,39,12,-22.0,7.18,q1,"(50, 50)",-0.007793765734798481,0.35365251203827963,0.02240990927321792,0.23582871374321637,0.07503736572314723,0.426934320222149
sequences,0.25,39,12,-22.0,7.18,q2,"(50, 150)",0.03414213724182865,0.19560952503972934,0.02240990927321792,0.23582871374321637,0.07503736572314723,0.426934320222149
sequences,0.25,39,12,-22.0,7.18,q3,"(150, 50)",0.004128776442595504,0.33776604784021536,0.02240990927321792,0.23582871374321637,0.07503736572314723,0.426934320222149
sequences,0.25,39,12,-22.0,7.18,q4,"(150, 150)",0.027948841450334747,0.18412614437417688,0.02240990927321792,0.23582871374321637,0.07503736572314723,0.426934320222149
sequences,0.25,40,12,-22.0,7.18,q1,"(50, 50)",0.000783937388344944,0.3357343808625016,0.022397653123482884,0.22703101458887864,0.07505287131936964,0.4108103103335656
sequences,0.25,40,12,-22.0,7.18,q2,"(50, 150)",0.03110093470972956,0.18673836481850492,0.022397653123482884,0.22703101458887864,0.07505287131936964,0.4108103103335656
sequences,0.25,40,12,-22.0,7.18,q3,"(150, 50)",0.00956360263901784,0.3299177484454274,0.022397653123482884,0.22703101458887864,0.07505287131936964,0.4108103103335656
sequences,0.25,40,12,-22.0,7.18,q4,"(150, 150)",0.026176100060126554,0.1762270932071004,0.022397653123482884,0.22703101458887864,0.07505287131936964,0.4108103103335656
sequences,0.25,41,12,-22.0,7.18,q1,"(50, 50)",-0.002101581652613804,0.31424626213040596,0.022482756570007745,0.22208066601173035,0.07536961639291903,0.4016842675844856
sequences,0.25,41,12,-22.0,7.18,q2,"(50, 150)",0.03222846983529435,0.1896173634497208,0.022482756570007745,0.22208066601173035,0.07536961639291903,0.4016842675844856
sequences,0.25,41,12,-22.0,7.18,q3,"(150, 50)",0.0008763886148059399,0.31160111953549613,0.022482756570007745,0.22208066601173035,0.07536961639291903,0.4016842675844856
sequences,0.25,41,12,-22.0,7.18,q4,"(150, 150)",0.029167901269159656,0.17904821921352726,0.022482756570007745,0.22208066601173035,0.07536961639291903,0.4016842675844856
sequences,0.25,42,12,-22.0,7.18,q1,"(50, 50)",-0.0018957194979031164,0.30355582781182133,0.02226582390292107,0.21515343508125603,0.07456115162133467,0.38873463384732904
sequences,0.25,42,12,-22.0,7.18,q2,"(50, 150)",0.031969858182119844,0.18958063170142905,0.02226582390292107,0.21515343508125603,0.07456115162133467,0.38873463384732904
sequences,0.25,42,12,-22.0,7.18,q3,"(150, 50)",0.00036320825068299905,0.2872104543692773,0.02226582390292107,0.21515343508125603,0.07456115162133467,0.38873463384732904
sequences,0.25,42,12,-22.0,7.18,q4,"(150, 150)",0.029016633627359078,0.1796608739832152,0.02226582390292107,0.21515343508125603,0.07456115162133467,0.38873463384732904
sequences,0.25,43,12,-22.0,7.18,q1,"(50, 50)",0.002883185669423322,0.3316334255484163,0.022433087440421842,0.22567499649818315,0.0750835492943581,0.4080525397216815
sequences,0.25,43,12,-22.0,7.18,q2,"(50, 150)",0.030539523883005387,0.18832269532664905,0.022433087440421842,0.22567499649818315,0.0750835492943581,0.4080525397216815
sequences,0.25,43,12,-22.0,7.18,q3,"(150, 50)",-0.0020975246218654787,0.31749256488644195,0.022433087440421842,0.22567499649818315,0.0750835492943581,0.4080525397216815
sequences,0.25,43,12,-22.0,7.18,q4,"(150, 150)",0.03008002395487849,0.1804853831105017,0.022433087440421842,0.22567499649818315,0.0750835492943581,0.4080525397216815
sequences,0.25,44,12,-22.0,7.18,q1,"(50, 50)",0.002540162563202469,0.3389364034035099,0.02238222861050917,0.22703302965029543,0.074988620857724,0.41078739977208484
sequences,0.25,44,12,-22.0,7.18,q2,"(50, 150)",0.030547544096903273,0.1907825524929016,0.02238222861050917,0.22703302965029543,0.074988620857724,0.41078739977208484
sequences,0.25,44,12,-22.0,7.18,q3,"(150, 50)",0.00767974553520661,0.32542924323440464,0.02238222861050917,0.22703302965029543,0.074988620857724,0.41078739977208484
sequences,0.25,44,12,-22.0,7.18,q4,"(150, 150)",0.026765958478734957,0.17685661728257984,0.02238222861050917,0.22703302965029543,0.074988620857724,0.41078739977208484
sequences,0.25,45,12,-22.0,7.18,q1,"(50, 50)",0.010411730678076474,0.2863142576872167,0.022566314659326507,0.2105219023481625,0.07559271303685287,0.380069858913206
sequences,0.25,45,12,-22.0,7.18,q2,"(50, 150)",0.028149049157200793,0.18970074407867277,0.022566314659326507,0.2105219023481625,0.07559271303685287,0.380069858913206
sequences,0.25,45,12,-22.0,7.18,q3,"(150, 50)",0.01288221767299456,0.285215074172766,0.022566314659326507,0.2105219023481625,0.07559271303685287,0.380069858913206
sequences,0.25,45,12,-22.0,7.18,q4,"(150, 150)",0.025283944820062396,0.17465668091932535,0.022566314659326507,0.2105219023481625,0.07559271303685287,0.380069858913206
sequences,0.25,46,12,-22.0,7.18,q1,"(50, 50)",-0.0022441282843481828,0.3253506503219812,0.022522494372082747,0.21911980951952306,0.07549650338417077,0.39616185947451676
sequences,0.25,46,12,-22.0,7.18,q2,"(50, 150)",0.03230625586305162,0.1835003780397002,0.022522494372082747,0.21911980951952306,0.07549650338417077,0.39616185947451676
sequences,0.25,46,12,-22.0,7.18,q3,"(150, 50)",0.0010903149783260285,0.3045163513773128,0.022522494372082747,0.21911980951952306,0.07549650338417077,0.39616185947451676
sequences,0.25,46,12,-22.0,7.18,q4,"(150, 150)",0.02915714730150436,0.1765346311778008,0.022522494372082747,0.21911980951952306,0.07549650338417077,0.39616185947451676
sequences,0.25,47,12,-22.0,7.18,q1,"(50, 50)",-0.0057971373997328665,0.32583627887204925,0.02230208304026072,0.22866211358003422,0.0747576738129916,0.41393838550669676
sequences,0.25,47,12,-22.0,7.18,q2,"(50, 150)",0.033377998884235024,0.1972808774450577,0.02230208304026072,0.22866211358003422,0.0747576738129916,0.41393838550669676
sequences,0.25,47,12,-22.0,7.18,q3,"(150, 50)",-0.0018064166238546922,0.32055669618125693,0.02230208304026072,0.22866211358003422,0.0747576738129916,0.41393838550669676
sequences,0.25,47,12,-22.0,7.18,q4,"(150, 150)",0.029768413251418154,0.18317584938170503,0.02230208304026072,0.22866211358003422,0.0747576738129916,0.41393838550669676
sequences,0.25,48,12,-22.0,7.18,q1,"(50, 50)",0.009809754907831815,0.32654203610245436,0.022415900820584284,0.22388281041850389,0.07513919658286863,0.4050368895103615
sequences,0.25,48,12,-22.0,7.18,q2,"(50, 150)",0.028151555383775347,0.18758244818212066,0.022415900820584284,0.22388281041850389,0.07513919658286863,0.4050368895103615
sequences,0.25,48,12,-22.0,7.18,q3,"(150, 50)",0.0016922781128452429,0.3148215400294832,0.022415900820584284,0.22388281041850389,0.07513919658286863,0.4050368895103615
sequences,0.25,48,12,-22.0,7.18,q4,"(150, 150)",0.028812573081294993,0.17967034696341697,0.022415900820584284,0.22388281041850389,0.07513919658286863,0.4050368895103615
sequences,0.25,49,12,-22.0,7.18,q1,"(50, 50)",-0.00012821649749455446,0.3647484224401323,0.02227256924814133,0.23435583603010995,0.07463372454767973,0.4244217682838003
sequences,0.25,49,12,-22.0,7.18,q2,"(50, 150)",0.03130560554678919,0.18444120807297093,0.02227256924814133,0.23435583603010995,0.07463372454767973,0.4244217682838003
sequences,0.25,49,12,-22.0,7.18,q3,"(150, 50)",0.004508720904077847,0.34661708904871874,0.02227256924814133,0.23435583603010995,0.07463372454767973,0.4244217682838003
sequences,0.25,49,12,-22.0,7.18,q4,"(150, 150)",0.027671816123906078,0.17678599909984347,0.02227256924814133,0.23435583603010995,0.07463372454767973,0.4244217682838003
sequences,0.5,0,9,-8.5,14.44,q1,"(100, 100)",0.007149974775652001,0.21589101376814654,0.0164071213680509,0.19574723085740522,0.05494222308263173,0.3552381607457159
sequences,0.5,0,9,-8.5,14.44,q2,"(100, 100)",0.02671494280180084,0.17772863014052864,0.0164071213680509,0.19574723085740522,0.05494222308263173,0.3552381607457159
sequences,0.5,0,9,-8.5,14.44,q3,"(100, 100)",0.004353920834586294,0.21329180355934807,0.0164071213680509,0.19574723085740522,0.05494222308263173,0.3552381607457159
sequences,0.5,0,9,-8.5,14.44,q4,"(100, 100)",0.027409647060164462,0.17064537242437616,0.0164071213680509,0.19574723085740522,0.05494222308263173,0.3552381607457159
sequences,0.5,1,9,-8.5,14.44,q1,"(100, 100)",0.0008582336839405493,0.1906965277784959,0.015648955129679027,0.19275870770699863,0.0524648566915733,0.3501967980326879
sequences,0.5,1,9,-8.5,14.44,q2,"(100, 100)",0.031167276714510864,0.19773960142725958,0.015648955129679027,0.19275870770699863,0.0524648566915733,0.3501967980326879
sequences,0.5,1,9,-8.5,14.44,q3,"(100, 100)",0.0006439322311639554,0.18642154897437835,0.015648955129679027,0.19275870770699863,0.0524648566915733,0.3501967980326879
sequences,0.5,1,9,-8.5,14.44,q4,"(100, 100)",0.029926377889100728,0.19369044562797602,0.015648955129679027,0.19275870770699863,0.0524648566915733,0.3501967980326879
sequences,0.5,2,9,-8.5,14.44,q1,"(100, 100)",0.0029583080529765695,0.20190222287606358,0.016125573313988704,0.1887782343690976,0.05398584972878708,0.3424380531562045
sequences,0.5,2,9,-8.5,14.44,q2,"(100, 100)",0.029888613600781242,0.1756684451695501,0.016125573313988704,0.1887782343690976,0.05398584972878708,0.3424380531562045
sequences,0.5,2,9,-8.5,14.44,q3,"(100, 100)",0.003511137460108462,0.19985255881366587,0.016125573313988704,0.1887782343690976,0.05398584972878708,0.3424380531562045
sequences,0.5,2,9,-8.5,14.44,q4,"(100, 100)",0.028144234142088533,0.1741193878886002,0.016125573313988704,0.1887782343690976,0.05398584972878708,0.3424380531562045
sequences,0.5,3,9,-8.5,14.44,q1,"(100, 100)",0.005887598629337378,0.20323491739444952,0.016304299474570193,0.19116565380145056,0.05462076875902914,0.3468913587154787
sequences,0.5,3,9,-8.5,14.44,q2,"(100, 100)",0.02760343320351956,0.1836121385182723,0.016304299474570193,0.19116565380145056,0.05462076875902914,0.3468913587154787
sequences,0.5,3,9,-8.5,14.44,q3,"(100, 100)",0.004300854352000949,0.19904246131588008,0.016304299474570193,0.19116565380145056,0.05462076875902914,0.3468913587154787
sequences,0.5,3,9,-8.5,14.44,q4,"(100, 100)",0.0274253117134229,0.17617474455644225,0.016304299474570193,0.19116565380145056,0.05462076875902914,0.3468913587154787
sequences,0.5,4,9,-8.5,14.44,q1,"(100, 100)",0.006427631371029247,0.20108299891782672,0.01627451935883863,0.1895060664856381,0.054566703633993734,0.343978801762986
sequences,0.5,4,9,-8.5,14.44,q2,"(100, 100)",0.027098510977163783,0.1783939623427583,0.01627451935883863,0.1895060664856381,0.054566703633993734,0.343978801762986
sequences,0.5,4,9,-8.5,14.44,q3,"(100, 100)",0.00435061320084691,0.2020227406891156,0.01627451935883863,0.1895060664856381,0.054566703633993734,0.343978801762986
sequences,0.5,4,9,-8.5,14.44,q4,"(100, 100)",0.027221321886314577,0.1734995645773221,0.01627451935883863,0.1895060664856381,0.054566703633993734,0.343978801762986
sequences,0.5,5,9,-8.5,14.44,q1,"(100, 100)",0.0037770241407980216,0.20108386187505356,0.01611642970237216,0.19545997871560536,0.05401853427977932,0.3549726085095302
sequences,0.5,5,9,-8.5,14.44,q2,"(100, 100)",0.02900507649132262,0.19155748669658407,0.01611642970237216,0.19545997871560536,0.05401853427977932,0.3549726085095302
sequences,0.5,5,9,-8.5,14.44,q3,"(100, 100)",0.003909885220223512,0.19966405490127914,0.01611642970237216,0.19545997871560536,0.05401853427977932,0.3549726085095302
sequences,0.5,5,9,-8.5,14.44,q4,"(100, 100)",0.027773732957144477,0.18767103529652432,0.01611642970237216,0.19545997871560536,0.05401853427977932,0.3549726085095302
sequences,0.5,6,9,-8.5,14.44,q1,"(100, 100)",-0.0004147076668360942,0.2035175198075127,0.01546299666821518,0.19885890666940773,0.051841410336820666,0.3615143623999448
sequences,0.5,6,9,-8.5,14.44,q2,"(100, 100)",0.03199841484713131,0.19510066754206407,0.01546299666821518,0.19885890666940773,0.051841410336820666,0.3615143623999448
sequences,0.5,6,9,-8.5,14.44,q3,"(100, 100)",-0.0003725460152717698,0.20460008067240693,0.01546299666821518,0.19885890666940773,0.051841410336820666,0.3615143623999448
sequences,0.5,6,9,-8.5,14.44,q4,"(100, 100)",0.03064082550783728,0.18928275738224212,0.01546299666821518,0.19885890666940773,0.051841410336820666,0.3615143623999448
sequences,0.5,7,9,-8.5,14.44,q1,"(100, 100)",0.009027473594006206,0.193892990982325,0.016698861551191702,0.18725418441690406,0.05591916802408271,0.33944872015802857
sequences,0.5,7,9,-8.5,14.44,q2,"(100, 100)",0.02545818745289607,0.1837425030183591,0.016698861551191702,0.18725418441690406,0.05591916802408271,0.33944872015802857
sequences,0.5,7,9,-8.5,14.44,q3,"(100, 100)",0.0063220656007711195,0.18972884289252726,0.016698861551191702,0.18725418441690406,0.05591916802408271,0.33944872015802857
sequences,0.5,7,9,-8.5,14.44,q4,"(100, 100)",0.02598771955709341,0.18048309719474104,0.016698861551191702,0.18725418441690406,0.05591916802408271,0.33944872015802857
sequences,0.5,8,9,-8.5,14.44,q1,"(100, 100)",0.0013497993659913874,0.1977959815074283,0.015810704922449625,0.19473004477454559,0.05294944716158615,0.35358938652591515
sequences,0.5,8,9,-8.5,14.44,q2,"(100, 100)",0.030611915944360857,0.19263334111186578,0.015810704922449625,0.19473004477454559,0.05294944716158615,0.35358938652591515
sequences,0.5,8,9,-8.5,14.44,q3,"(100, 100)",0.0030292016113408226,0.19396387385616076,0.015810704922449625,0.19473004477454559,0.05294944716158615,0.35358938652591515
sequences,0.5,8,9,-8.5,14.44,q4,"(100, 100)",0.028251902768105436,0.19256162315979658,0.015810704922449625,0.19473004477454559,0.05294944716158615,0.35358938652591515
sequences,0.5,9,9,-8.5,14.44,q1,"(100, 100)",0.002889056248382197,0.20468098511706934,0.01580893088000146,0.1927499060924129,0.05298342984499861,0.35006654326550396
sequences,0.5,9,9,-8.5,14.44,q2,"(100, 100)",0.029881765354013413,0.1834460565948065,0.01580893088000146,0.1927499060924129,0.05298342984499861,0.35006654326550396
sequences,0.5,9,9,-8.5,14.44,q3,"(100, 100)",-0.00035603704876463807,0.19943909933288462,0.01580893088000146,0.1927499060924129,0.05298342984499861,0.35006654326550396
sequences,0.5,9,9,-8.5,14.44,q4,"(100, 100)",0.030820938966374865,0.18009929232951405,0.01580893088000146,0.1927499060924129,0.05298342984499861,0.35006654326550396
sequences,0.5,10,9,-8.5,14.44,q1,"(100, 100)",-0.0008663244941058791,0.1969059278728381,0.015484740985292789,0.1955223376821244,0.05184044521356808,0.35510541006535373
sequences,0.5,10,9,-8.5,14.44,q2,"(100, 100)",0.03207625900581404,0.1953797003731229,0.015484740985292789,0.1955223376821244,0.05184044521356808,0.35510541006535373
sequences,0.5,10,9,-8.5,14.44,q3,"(100, 100)",0.00190458295636397,0.19693442670798716,0.015484740985292789,0.1955223376821244,0.05184044521356808,0.35510541006535373
sequences,0.5,10,9,-8.5,14.44,q4,"(100, 100)",0.028824446473099022,0.19047990369444126,0.015484740985292789,0.1955223376821244,0.05184044521356808,0.35510541006535373
sequences,0.5,11,9,-8.5,14.44,q1,"(100, 100)",0.0035076019926025986,0.19514868592170798,0.01600474658415985,0.19305746304365792,0.053612751307796164,0.3504780491201285
sequences,0.5,11,9,-8.5,14.44,q2,"(100, 100)",0.02937087245612179,0.1940647190838805,0.01600474658415985,0.19305746304365792,0.053612751307796164,0.3504780491201285
sequences,0.5,11,9,-8.5,14.44,q3,"(100, 100)",0.002011999023941283,0.19521483240292284,0.01600474658415985,0.19305746304365792,0.053612751307796164,0.3504780491201285
sequences,0.5,11,9,-8.5,14.44,q4,"(100, 100)",0.029128512863973725,0.18581958556034572,0.01600474658415985,0.19305746304365792,0.053612751307796164,0.3504780491201285
sequences,0.5,12,9,-8.5,14.44,q1,"(100, 100)",0.004834458364410723,0.19727581143066386,0.016113558976155663,0.19172218638492808,0.05399986252062889,0.34804564258432064
sequences,0.5,12,9,-8.5,14.44,q2,"(100, 100)",0.02855035740764867,0.19013471794128323,0.016113558976155663,0.19172218638492808,0.05399986252062889,0.34804564258432064
sequences,0.5,12,9,-8.5,14.44,q3,"(100, 100)",0.0015078269411791152,0.19600039184649656,0.016113558976155663,0.19172218638492808,0.05399986252062889,0.34804564258432064
sequences,0.5,12,9,-8.5,14.44,q4,"(100, 100)",0.029561593191384145,0.18129646318746298,0.016113558976155663,0.19172218638492808,0.05399986252062889,0.34804564258432064
sequences,0.5,13,9,-8.5,14.44,q1,"(100, 100)",-0.00013809333705364923,0.19471404900226197,0.015561911684033211,0.19173930462236702,0.05210752279937455,0.3481324279515452
sequences,0.5,13,9,-8.5,14.44,q2,"(100, 100)",0.03188468062021693,0.1910253918861334,0.015561911684033211,0.19173930462236702,0.05210752279937455,0.3481324279515452
sequences,0.5,13,9,-8.5,14.44,q3,"(100, 100)",0.00011791762625572808,0.19601622811141098,0.015561911684033211,0.19173930462236702,0.05210752279937455,0.3481324279515452
sequences,0.5,13,9,-8.5,14.44,q4,"(100, 100)",0.030383141826713835,0.1823680676059805,0.015561911684033211,0.19173930462236702,0.05210752279937455,0.3481324279515452
sequences,0.5,14,9,-8.5,14.44,q1,"(100, 100)",-0.0018272887144780152,0.19341608012481085,0.015192726292190605,0.19718454908143973,0.0509182280425324,0.3584586405561751
sequences,0.5,14,9,-8.5,14.44,q2,"(100, 100)",0.032953985794510615,0.2019979273656771,0.015192726292190605,0.19718454908143973,0.0509182280425324,0.3584586405561751
sequences,0.5,14,9,-8.5,14.44,q3,"(100, 100)",-0.0019564118722032744,0.1891601536490256,0.015192726292190605,0.19718454908143973,0.0509182280425324,0.3584586405561751
sequences,0.5,14,9,-8.5,14.44,q4,"(100, 100)",0.0316006199609331,0.20090799880054822,0.015192726292190605,0.19718454908143973,0.0509182280425324,0.3584586405561751
sequences,0.5,15,9,-8.5,14.44,q1,"(100, 100)",0.006400645646054112,0.20679376503296054,0.01652076101417958,0.19158007887282585,0.055285739192435644,0.347391709050691
sequences,0.5,15,9,-8.5,14.44,q2,"(100, 100)",0.02725743201719577,0.1793036670749843,0.01652076101417958,0.19158007887282585,0.055285739192435644,0.347391709050691
sequences,0.5,15,9,-8.5,14.44,q3,"(100, 100)",0.0064634027787309435,0.20579090210243145,0.01652076101417958,0.19158007887282585,0.055285739192435644,0.347391709050691
sequences,0.5,15,9,-8.5,14.44,q4,"(100, 100)",0.025961563614737497,0.17070551474626133,0.01652076101417958,0.19158007887282585,0.055285739192435644,0.347391709050691
sequences,0.5,16,9,-8.5,14.44,q1,"(100, 100)",0.011041343111005754,0.18991575403049898,0.017073077990359727,0.18161726383131802,0.057201031879922024,0.32896176065098953
sequences,0.5,16,9,-8.5,14.44,q2,"(100, 100)",0.02419763671405714,0.17492359269792115,0.017073077990359727,0.18161726383131802,0.057201031879922024,0.32896176065098953
sequences,0.5,16,9,-8.5,14.44,q3,"(100, 100)",0.00839772423026341,0.1887036388049048,0.017073077990359727,0.18161726383131802,0.057201031879922024,0.32896176065098953
sequences,0.5,16,9,-8.5,14.44,q4,"(100, 100)",0.0246556079061126,0.1715928442310949,0.017073077990359727,0.18161726383131802,0.057201031879922024,0.32896176065098953
sequences,0.5,17,9,-8.5,14.44,q1,"(100, 100)",0.0011277287419191224,0.18937081935213815,0.01573047595204271,0.1870768315437593,0.05268517441863086,0.33951280856860655
sequences,0.5,17,9,-8.5,14.44,q2,"(100, 100)",0.0310050179825049,0.18534140669135438,0.01573047595204271,0.1870768315437593,0.05268517441863086,0.33951280856860655
sequences,0.5,17,9,-8.5,14.44,q3,"(100, 100)",0.0009351950655300506,0.19022190552105234,0.01573047595204271,0.1870768315437593,0.05268517441863086,0.33951280856860655
sequences,0.5,17,9,-8.5,14.44,q4,"(100, 100)",0.029853962018216766,0.1809113621357782,0.01573047595204271,0.1870768315437593,0.05268517441863086,0.33951280856860655
sequences,0.5,18,9,-8.5,14.44,q1,"(100, 100)",0.004363681599570591,0.1967526573796417,0.016125006446872106,0.1891731581297807,0.053983951948015085,0.343167115686573
sequences,0.5,18,9,-8.5,14.44,q2,"(100, 100)",0.028779327718051917,0.1837419657125804,0.016125006446872106,0.1891731581297807,0.053983951948015085,0.343167115686573
sequences,0.5,18,9,-8.5,14.44,q3,"(100, 100)",0.0028646185101514976,0.19574783843839705,0.016125006446872106,0.1891731581297807,0.053983951948015085,0.343167115686573
sequences,0.5,18,9,-8.5,14.44,q4,"(100, 100)",0.028492397959714425,0.17812565720282775,0.016125006446872106,0.1891731581297807,0.053983951948015085,0.343167115686573
sequences,0.5,19,9,-8.5,14.44,q1,"(100, 100)",0.005261645366580118,0.19352890943072107,0.016161142247592356,0.1911959863299863,0.054113987100593876,0.34691505414773843
sequences,0.5,19,9,-8.5,14.44,q2,"(100, 100)",0.02800824769700365,0.1927911549955026,0.016161142247592356,0.1911959863299863,0.054113987100593876,0.34691505414773843
sequences,0.5,19,9,-8.5,14.44,q3,"(100, 100)",0.0033295248479751904,0.18956417679981483,0.016161142247592356,0.1911959863299863,0.054113987100593876,0.34691505414773843
sequences,0.5,19,9,-8.5,14.44,q4,"(100, 100)",0.028045151078810476,0.18735565747601632,0.016161142247592356,0.1911959863299863,0.054113987100593876,0.34691505414773843
sequences,0.5,20,9,-8.5,14.44,q1,"(100, 100)",0.0032340761679949324,0.19692583441365752,0.016134080355423033,0.19188422760431006,0.05405504767710204,0.34829457486189586
sequences,0.5,20,9,-8.5,14.44,q2,"(100, 100)",0.02967628417291462,0.18748239868106015,0.016134080355423033,0.19188422760431006,0.05405504767710204,0.34829457486189586
sequences,0.5,20,9,-8.5,14.44,q3,"(100, 100)",0.0029319301608825734,0.19938816738741402,0.016134080355423033,0.19188422760431006,0.05405504767710204,0.34829457486189586
sequences,0.5,20,9,-8.5,14.44,q4,"(100, 100)",0.028694030919900002,0.18141472190582697,0.016134080355423033,0.19188422760431006,0.05405504767710204,0.34829457486189586
sequences,0.5,21,9,-8.5,14.44,q1,"(100, 100)",0.0012432785670951328,0.2006678967076872,0.015764163409905642,0.19409887657869035,0.05275824434372705,0.3523263343698007
sequences,0.5,21,9,-8.5,14.44,q2,"(100, 100)",0.030841639261242858,0.191307063511928,0.015764163409905642,0.19409887657869035,0.05275824434372705,0.3523263343698007
sequences,0.5,21,9,-8.5,14.44,q3,"(100, 100)",0.0019992922637521956,0.19723803983271937,0.015764163409905642,0.19409887657869035,0.05275824434372705,0.3523263343698007
sequences,0.5,21,9,-8.5,14.44,q4,"(100, 100)",0.028972443547532385,0.18473369255285121,0.015764163409905642,0.19409887657869035,0.05275824434372705,0.3523263343698007
sequences,0.5,22,9,-8.5,14.44,q1,"(100, 100)",0.0022497132921577485,0.1962874273993511,0.015828573401098212,0.19086795928588274,0.05298710653978814,0.3463879892429707
sequences,0.5,22,9,-8.5,14.44,q2,"(100, 100)",0.030226246391398162,0.18748024810357256,0.015828573401098212,0.19086795928588274,0.05298710653978814,0.3463879892429707
sequences,0.5,22,9,-8.5,14.44,q3,"(100, 100)",0.0012287970244029118,0.19552189156128078,0.015828573401098212,0.19086795928588274,0.05298710653978814,0.3463879892429707
sequences,0.5,22,9,-8.5,14.44,q4,"(100, 100)",0.02960953689643402,0.18171724466762257,0.015828573401098212,0.19086795928588274,0.05298710653978814,0.3463879892429707
sequences,0.5,23,9,-8.5,14.44,q1,"(100, 100)",0.0015332289630485027,0.19107579190072405,0.01590415379439398,0.19141467994924138,0.053262403866021366,0.34744030189455927
sequences,0.5,23,9,-8.5,14.44,q2,"(100, 100)",0.030847189668621728,0.19100752296307372,0.01590415379439398,0.19141467994924138,0.053262403866021366,0.34744030189455927
sequences,0.5,23,9,-8.5,14.44,q3,"(100, 100)",0.002417739639464375,0.19626681271922108,0.01590415379439398,0.19141467994924138,0.053262403866021366,0.34744030189455927
sequences,0.5,23,9,-8.5,14.44,q4,"(100, 100)",0.028818456906441317,0.1851090072175516,0.01590415379439398,0.19141467994924138,0.053262403866021366,0.34744030189455927
sequences,0.5,24,9,-8.5,14.44,q1,"(100, 100)",0.005556777665839849,0.19036376800965615,0.01636796169360003,0.18653342064794307,0.05486620864359349,0.3384100197206465
sequences,0.5,24,9,-8.5,14.44,q2,"(100, 100)",0.028033489618676345,0.18306803190518128,0.01636796169360003,0.18653342064794307,0.05486620864359349,0.3384100197206465
sequences,0.5,24,9,-8.5,14.44,q3,"(100, 100)",0.004513045286970834,0.19174184088264673,0.01636796169360003,0.18653342064794307,0.05486620864359349,0.3384100197206465
sequences,0.5,24,9,-8.5,14.44,q4,"(100, 100)",0.027368534202913092,0.17929625811086897,0.01636796169360003,0.18653342064794307,0.05486620864359349,0.3384100197206465
sequences,0.5,25,9,-8.5,14.44,q1,"(100, 100)",0.007401185454566925,0.19597101905467004,0.016832592498287943,0.18781601238817608,0.05636699036680768,0.34043474581593375
sequences,0.5,25,9,-8.5,14.44,q2,"(100, 100)",0.026609783711807347,0.18094243346094394,0.016832592498287943,0.18781601238817608,0.05636699036680768,0.34043474581593375
sequences,0.5,25,9,-8.5,14.44,q3,"(100, 100)",0.009941450772515908,0.19398236196639596,0.016832592498287943,0.18781601238817608,0.05636699036680768,0.34043474581593375
sequences,0.5,25,9,-8.5,14.44,q4,"(100, 100)",0.023377950054261593,0.17902676420232785,0.016832592498287943,0.18781601238817608,0.05636699036680768,0.34043474581593375
sequences,0.5,26,9,-8.5,14.44,q1,"(100, 100)",0.0023588978046005077,0.20079696395226812,0.015878041416874863,0.19433746539230776,0.05319722394463477,0.3529137325456044
sequences,0.5,26,9,-8.5,14.44,q2,"(100, 100)",0.030161129225042896,0.1894415566478835,0.015878041416874863,0.19433746539230776,0.05319722394463477,0.3529137325456044
sequences,0.5,26,9,-8.5,14.44,q3,"(100, 100)",0.0017412867246092696,0.1997839656563919,0.015878041416874863,0.19433746539230776,0.05319722394463477,0.3529137325456044
sequences,0.5,26,9,-8.5,14.44,q4,"(100, 100)",0.029250851913246778,0.18488264124644918,0.015878041416874863,0.19433746539230776,0.05319722394463477,0.3529137325456044
sequences,0.5,27,9,-8.5,14.44,q1,"(100, 100)",0.001792544036732113,0.19589973945846723,0.015742377513735778,0.1961402715760415,0.05276479810201367,0.356359942975875
sequences,0.5,27,9,-8.5,14.44,q2,"(100, 100)",0.030382719545266747,0.19850516754093372,0.015742377513735778,0.1961402715760415,0.05276479810201367,0.356359942975875
sequences,0.5,27,9,-8.5,14.44,q3,"(100, 100)",0.0015286512972772874,0.19815602861007808,0.015742377513735778,0.1961402715760415,0.05276479810201367,0.356359942975875
sequences,0.5,27,9,-8.5,14.44,q4,"(100, 100)",0.02926559517566696,0.18985088491524313,0.015742377513735778,0.1961402715760415,0.05276479810201367,0.356359942975875
sequences,0.5,28,9,-8.5,14.44,q1,"(100, 100)",-0.0008354316090739926,0.185848451673048,0.015283419734450092,0.1943461081389561,0.05120073612881102,0.35312185286396475
sequences,0.5,28,9,-8.5,14.44,q2,"(100, 100)",0.03214111859043193,0.203418784773589,0.015283419734450092,0.1943461081389561,0.05120073612881102,0.35312185286396475
sequences,0.5,28,9,-8.5,14.44,q3,"(100, 100)",-0.0012121536838825787,0.18579278548537986,0.015283419734450092,0.1943461081389561,0.05120073612881102,0.35312185286396475
sequences,0.5,28,9,-8.5,14.44,q4,"(100, 100)",0.031040145640325006,0.19894585478355617,0.015283419734450092,0.1943461081389561,0.05120073612881102,0.35312185286396475
sequences,0.5,29,9,-8.5,14.44,q1,"(100, 100)",0.003615415398463348,0.1983606904757927,0.01612566581844245,0.19129184689913734,0.05399971810277924,0.34711910747643726
sequences,0.5,29,9,-8.5,14.44,q2,"(100, 100)",0.029300619804029288,0.18731518055473803,0.01612566581844245,0.19129184689913734,0.05399971810277924,0.34711910747643726
sequences,0.5,29,9,-8.5,14.44,q3,"(100, 100)",0.003447767515944888,0.19652762052029613,0.01612566581844245,0.19129184689913734,0.05399971810277924,0.34711910747643726
sequences,0.5,29,9,-8.5,14.44,q4,"(100, 100)",0.028138860555332282,0.18077086327565983,0.01612566581844245,0.19129184689913734,0.05399971810277924,0.34711910747643726
sequences,0.5,30,9,-8.5,14.44,q1,"(100, 100)",0.002135470624068213,0.19538708097212246,0.015508661371770352,0.19493452158275235,0.051959666209130936,0.3541441513750283
sequences,0.5,30,9,-8.5,14.44,q2,"(100, 100)",0.03009870344383482,0.19503076908579786,0.015508661371770352,0.19493452158275235,0.051959666209130936,0.3541441513750283
sequences,0.5,30,9,-8.5,14.44,q3,"(100, 100)",-0.0015449691814219556,0.1956323134687355,0.015508661371770352,0.19493452158275235,0.051959666209130936,0.3541441513750283
sequences,0.5,30,9,-8.5,14.44,q4,"(100, 100)",0.03134544060060035,0.19125745735742047,0.015508661371770352,0.19493452158275235,0.051959666209130936,0.3541441513750283
sequences,0.5,31,9,-8.5,14.44,q1,"(100, 100)",0.002431020392830503,0.19675996410756896,0.015763248168502896,0.19442463947356337,0.052812624737424915,0.35311506408923393
sequences,0.5,31,9,-8.5,14.44,q2,"(100, 100)",0.029960576460387238,0.19385723188259568,0.015763248168502896,0.19442463947356337,0.052812624737424915,0.35311506408923393
sequences,0.5,31,9,-8.5,14.44,q3,"(100, 100)",0.0010129274994264384,0.19129241442858116,0.015763248168502896,0.19442463947356337,0.052812624737424915,0.35311506408923393
sequences,0.5,31,9,-8.5,14.44,q4,"(100, 100)",0.029648468321367416,0.19371675292644666,0.015763248168502896,0.19442463947356337,0.052812624737424915,0.35311506408923393
sequences,0.5,32,9,-8.5,14.44,q1,"(100, 100)",0.007999231619086803,0.20574077687974798,0.016677030858768403,0.19285319379058335,0.05591159453111526,0.3499968908042712
sequences,0.5,32,9,-8.5,14.44,q2,"(100, 100)",0.026323640878533786,0.18371590439356153,0.016677030858768403,0.19285319379058335,0.05591159453111526,0.3499968908042712
sequences,0.5,32,9,-8.5,14.44,q3,"(100, 100)",0.006267118165450695,0.19709439691300185,0.016677030858768403,0.19285319379058335,0.05591159453111526,0.3499968908042712
sequences,0.5,32,9,-8.5,14.44,q4,"(100, 100)",0.026118132772002332,0.18296598961569485,0.016677030858768403,0.19285319379058335,0.05591159453111526,0.3499968908042712
sequences,0.5,33,9,-8.5,14.44,q1,"(100, 100)",0.005012485283687996,0.20071987998295765,0.016431166568594956,0.1916183683889515,0.055004323603966725,0.34755243162698823
sequences,0.5,33,9,-8.5,14.44,q2,"(100, 100)",0.028355827731839464,0.1841258015120415,0.016431166568594956,0.1916183683889515,0.055004323603966725,0.34755243162698823
sequences,0.5,33,9,-8.5,14.44,q3,"(100, 100)",0.005943746648595613,0.19838403059337326,0.016431166568594956,0.1916183683889515,0.055004323603966725,0.34755243162698823
sequences,0.5,33,9,-8.5,14.44,q4,"(100, 100)",0.026412606610256763,0.18122139186875938,0.016431166568594956,0.1916183683889515,0.055004323603966725,0.34755243162698823
sequences,0.5,34,9,-8.5,14.44,q1,"(100, 100)",0.0004526624901114866,0.19754236183436122,0.01571694294643458,0.19063502674735916,0.05264425706392424,0.34609736028498894
sequences,0.5,34,9,-8.5,14.44,q2,"(100, 100)",0.031527573257259855,0.18415078326771764,0.01571694294643458,0.19063502674735916,0.05264425706392424,0.34609736028498894
sequences,0.5,34,9,-8.5,14.44,q3,"(100, 100)",0.0009646659330088987,0.1977690508576659,0.01571694294643458,0.19063502674735916,0.05264425706392424,0.34609736028498894
sequences,0.5,34,9,-8.5,14.44,q4,"(100, 100)",0.029922870105358088,0.18004818295476174,0.01571694294643458,0.19063502674735916,0.05264425706392424,0.34609736028498894
sequences,0.5,35,9,-8.5,14.44,q1,"(100, 100)",0.004590794981216711,0.19643567458835431,0.016077990042902685,0.18979780469034827,0.05382654851992866,0.3443371614319991
sequences,0.5,35,9,-8.5,14.44,q2,"(100, 100)",0.028621832554653177,0.1877227174879723,0.016077990042902685,0.18979780469034827,0.05382654851992866,0.3443371614319991
sequences,0.5,35,9,-8.5,14.44,q3,"(100, 100)",0.0020115271321125595,0.19254116004858715,0.016077990042902685,0.18979780469034827,0.05382654851992866,0.3443371614319991
sequences,0.5,35,9,-8.5,14.44,q4,"(100, 100)",0.029087805503628293,0.18038157090930376,0.016077990042902685,0.18979780469034827,0.05382654851992866,0.3443371614319991
sequences,0.5,36,9,-8.5,14.44,q1,"(100, 100)",0.003690284413225682,0.20374397926256807,0.01591374324008571,0.1960871478887993,0.053339176269769424,0.35620192082177066
sequences,0.5,36,9,-8.5,14.44,q2,"(100, 100)",0.02925585341958887,0.18930911162879938,0.01591374324008571,0.1960871478887993,0.053339176269769424,0.35620192082177066
sequences,0.5,36,9,-8.5,14.44,q3,"(100, 100)",0.0011667514657759536,0.20513726761415238,0.01591374324008571,0.1960871478887993,0.053339176269769424,0.35620192082177066
sequences,0.5,36,9,-8.5,14.44,q4,"(100, 100)",0.029542083661752327,0.1834099250156591,0.01591374324008571,0.1960871478887993,0.053339176269769424,0.35620192082177066
sequences,0.5,37,9,-8.5,14.44,q1,"(100, 100)",0.006573941128773007,0.20514697662119177,0.016495277410598017,0.1919059556734031,0.05528834392692481,0.3482725375998123
sequences,0.5,37,9,-8.5,14.44,q2,"(100, 100)",0.027303853549902935,0.18144622105331276,0.016495277410598017,0.1919059556734031,0.05528834392692481,0.3482725375998123
sequences,0.5,37,9,-8.5,14.44,q3,"(100, 100)",0.005131477415988399,0.20159617305141386,0.016495277410598017,0.1919059556734031,0.05528834392692481,0.3482725375998123
sequences,0.5,37,9,-8.5,14.44,q4,"(100, 100)",0.026971837547727726,0.1766589954034862,0.016495277410598017,0.1919059556734031,0.05528834392692481,0.3482725375998123
sequences,0.5,38,9,-8.5,14.44,q1,"(100, 100)",0.008576898468788645,0.20046951724601142,0.016900615037650658,0.18953503080054504,0.0566327051609304,0.34369599486730074
sequences,0.5,38,9,-8.5,14.44,q2,"(100, 100)",0.025879626900500215,0.18194568638270725,0.016900615037650658,0.18953503080054504,0.0566327051609304,0.34369599486730074
sequences,0.5,38,9,-8.5,14.44,q3,"(100, 100)",0.008578822920133478,0.19675972382113804,0.016900615037650658,0.18953503080054504,0.0566327051609304,0.34369599486730074
sequences,0.5,38,9,-8.5,14.44,q4,"(100, 100)",0.024567111861180282,0.17722733490298853,0.016900615037650658,0.18953503080054504,0.0566327051609304,0.34369599486730074
sequences,0.5,39,9,-8.5,14.44,q1,"(100, 100)",0.002115343722153294,0.20171472154367082,0.01606135552734598,0.1922827025393047,0.05377535959603575,0.34894236723682487
sequences,0.5,39,9,-8.5,14.44,q2,"(100, 100)",0.030300060553822696,0.18181295148469936,0.01606135552734598,0.1922827025393047,0.05377535959603575,0.34894236723682487
sequences,0.5,39,9,-8.5,14.44,q3,"(100, 100)",0.004628184781835341,0.20566835830957986,0.01606135552734598,0.1922827025393047,0.05377535959603575,0.34894236723682487
sequences,0.5,39,9,-8.5,14.44,q4,"(100, 100)",0.027201833051572585,0.17661890997181903,0.01606135552734598,0.1922827025393047,0.05377535959603575,0.34894236723682487
sequences,0.5,40,9,-8.5,14.44,q1,"(100, 100)",0.00730760686680201,0.18746039499927442,0.016497774146848953,0.18665842381726788,0.05524116573530538,0.3384119433789563
sequences,0.5,40,9,-8.5,14.44,q2,"(100, 100)",0.02656571118546361,0.18893028493640654,0.016497774146848953,0.18665842381726788,0.05524116573530538,0.3384119433789563
sequences,0.5,40,9,-8.5,14.44,q3,"(100, 100)",0.005819254339582909,0.18669699235947326,0.016497774146848953,0.18665842381726788,0.05524116573530538,0.3384119433789563
sequences,0.5,40,9,-8.5,14.44,q4,"(100, 100)",0.02629852419554728,0.18242187778508984,0.016497774146848953,0.18665842381726788,0.05524116573530538,0.3384119433789563
sequences,0.5,41,9,-8.5,14.44,q1,"(100, 100)",7.140919962294845e-06,0.19896937338580994,0.015613758946884673,0.19404541577756784,0.05230740015706758,0.35245346208140094
sequences,0.5,41,9,-8.5,14.44,q2,"(100, 100)",0.031865492890434714,0.1885120844482137,0.015613758946884673,0.19404541577756784,0.05230740015706758,0.35245346208140094
sequences,0.5,41,9,-8.5,14.44,q3,"(100, 100)",0.0005727087821636865,0.20091821147525513,0.015613758946884673,0.19404541577756784,0.05230740015706758,0.35245346208140094
sequences,0.5,41,9,-8.5,14.44,q4,"(100, 100)",0.030009693194978003,0.18487722090848785,0.015613758946884673,0.19404541577756784,0.05230740015706758,0.35245346208140094
sequences,0.5,42,9,-8.5,14.44,q1,"(100, 100)",0.0017575953470417784,0.19637258485767406,0.01573113330139593,0.1936433370499974,0.05273152870659828,0.35177148669799496
sequences,0.5,42,9,-8.5,14.44,q2,"(100, 100)",0.03041931759148149,0.1905869808867012,0.01573113330139593,0.1936433370499974,0.05273152870659828,0.35177148669799496
sequences,0.5,42,9,-8.5,14.44,q3,"(100, 100)",0.001550480552281643,0.19645803687996943,0.01573113330139593,0.1936433370499974,0.05273152870659828,0.35177148669799496
sequences,0.5,42,9,-8.5,14.44,q4,"(100, 100)",0.02919713971477882,0.1889872788091687,0.01573113330139593,0.1936433370499974,0.05273152870659828,0.35177148669799496
sequences,0.5,43,9,-8.5,14.44,q1,"(100, 100)",-0.00026212696515701557,0.2047919113732959,0.015475046686573074,0.19467620412895334,0.05183836089631714,0.3536503764899785
sequences,0.5,43,9,-8.5,14.44,q2,"(100, 100)",0.0318642595558052,0.18611752281748134,0.015475046686573074,0.19467620412895334,0.05183836089631714,0.3536503764899785
sequences,0.5,43,9,-8.5,14.44,q3,"(100, 100)",-0.0003486446831772586,0.20161421033276797,0.015475046686573074,0.19467620412895334,0.05183836089631714,0.3536503764899785
sequences,0.5,43,9,-8.5,14.44,q4,"(100, 100)",0.03064669883882138,0.18267653263041428,0.015475046686573074,0.19467620412895334,0.05183836089631714,0.3536503764899785
sequences,0.5,44,9,-8.5,14.44,q1,"(100, 100)",-0.0031537210354584296,0.19705355183336995,0.01510834677453372,0.19595594568289904,0.050567640446937394,0.35598802648484434
sequences,0.5,44,9,-8.5,14.44,q2,"(100, 100)",0.03377421138872707,0.19695313114373367,0.01510834677453372,0.19595594568289904,0.050567640446937394,0.35598802648484434
sequences,0.5,44,9,-8.5,14.44,q3,"(100, 100)",-0.001783457988170183,0.19577741792886025,0.01510834677453372,0.19595594568289904,0.050567640446937394,0.35598802648484434
sequences,0.5,44,9,-8.5,14.44,q4,"(100, 100)",0.031596354733036416,0.1908045858161827,0.01510834677453372,0.19595594568289904,0.050567640446937394,0.35598802648484434
sequences,0.5,45,9,-8.5,14.44,q1,"(100, 100)",0.0014523234048410183,0.19004792955645713,0.015671217586487426,0.19155947506160484,0.05249989141201818,0.3478475682490878
sequences,0.5,45,9,-8.5,14.44,q2,"(100, 100)",0.03056911003265088,0.19621953566185582,0.015671217586487426,0.19155947506160484,0.05249989141201818,0.3478475682490878
sequences,0.5,45,9,-8.5,14.44,q3,"(100, 100)",0.0012084403830226861,0.1843534964078872,0.015671217586487426,0.19155947506160484,0.05249989141201818,0.3478475682490878
sequences,0.5,45,9,-8.5,14.44,q4,"(100, 100)",0.029454996525435127,0.1932622776547094,0.015671217586487426,0.19155947506160484,0.05249989141201818,0.3478475682490878
sequences,0.5,46,9,-8.5,14.44,q1,"(100, 100)",0.00577623810060961,0.1969424127716043,0.016376034848707848,0.19006849735772707,0.05488867051686893,0.3449234384534143
sequences,0.5,46,9,-8.5,14.44,q2,"(100, 100)",0.027918415311718014,0.1854732661225364,0.016376034848707848,0.19006849735772707,0.05488867051686893,0.3449234384534143
sequences,0.5,46,9,-8.5,14.44,q3,"(100, 100)",0.003785639785440299,0.1973462846895602,0.016376034848707848,0.19006849735772707,0.05488867051686893,0.3449234384534143
sequences,0.5,46,9,-8.5,14.44,q4,"(100, 100)",0.02802384619706346,0.17841569572532637,0.016376034848707848,0.19006849735772707,0.05488867051686893,0.3449234384534143
sequences,0.5,47,9,-8.5,14.44,q1,"(100, 100)",0.004183682079810452,0.19746180510235345,0.016098428450845793,0.19108542833468517,0.05385440645929846,0.34657829449283606
sequences,0.5,47,9,-8.5,14.44,q2,"(100, 100)",0.02890044633053882,0.18624892051979147,0.016098428450845793,0.19108542833468517,0.05385440645929846,0.34657829449283606
sequences,0.5,47,9,-8.5,14.44,q3,"(100, 100)",0.002605960747037496,0.19635630179901575,0.016098428450845793,0.19108542833468517,0.05385440645929846,0.34657829449283606
sequences,0.5,47,9,-8.5,14.44,q4,"(100, 100)",0.028703624645996406,0.1821322351024447,0.016098428450845793,0.19108542833468517,0.05385440645929846,0.34657829449283606
sequences,0.5,48,9,-8.5,14.44,q1,"(100, 100)",0.010090614820075982,0.20486138902122578,0.01685440724259397,0.18803132724256275,0.05641170527183991,0.34074082523194144
sequences,0.5,48,9,-8.5,14.44,q2,"(100, 100)",0.024785589330490042,0.1732514880291714,0.01685440724259397,0.18803132724256275,0.05641170527183991,0.34074082523194144
sequences,0.5,48,9,-8.5,14.44,q3,"(100, 100)",0.006750593791337184,0.20283845144475587,0.01685440724259397,0.18803132724256275,0.05641170527183991,0.34074082523194144
sequences,0.5,48,9,-8.5,14.44,q4,"(100, 100)",0.02579083102847268,0.16734639716551783,0.01685440724259397,0.18803132724256275,0.05641170527183991,0.34074082523194144
sequences,0.5,49,9,-8.5,14.44,q1,"(100, 100)",0.0033671812664194975,0.1991677048998922,0.016119568169763756,0.1962908409288637,0.05402000056891338,0.35647569107473226
sequences,0.5,49,9,-8.5,14.44,q2,"(100, 100)",0.029350984989478333,0.19352838976004202,0.016119568169763756,0.1962908409288637,0.05402000056891338,0.35647569107473226
sequences,0.5,49,9,-8.5,14.44,q3,"(100, 100)",0.004109953539362036,0.20443467827074585,0.016119568169763756,0.1962908409288637,0.05402000056891338,0.35647569107473226
sequences,0.5,49,9,-8.5,14.44,q4,"(100, 100)",0.02765015288379516,0.18598641870353175,0.016119568169763756,0.1962908409288637,0.05402000056891338,0.35647569107473226
sequences,0.5,0,10,-12.3,10.68,q1,"(100, 100)",-0.0007310147782602174,0.21646987362135692,0.01807740097225409,0.19883093025309673,0.06055573560758426,0.36035806912942264
sequences,0.5,0,10,-12.3,10.68,q2,"(100, 100)",0.037658568070431685,0.18037972118070872,0.01807740097225409,0.19883093025309673,0.06055573560758426,0.36035806912942264
sequences,0.5,0,10,-12.3,10.68,q3,"(100, 100)",7.529644140395675e-05,0.21277154208325455,0.01807740097225409,0.19883093025309673,0.06055573560758426,0.36035806912942264
sequences,0.5,0,10,-12.3,10.68,q4,"(100, 100)",0.03530675415544095,0.17919004212082507,0.01807740097225409,0.19883093025309673,0.06055573560758426,0.36035806912942264
sequences,0.5,1,10,-12.3,10.68,q1,"(100, 100)",0.004554956453231941,0.2272559644623886,0.018450857570760006,0.20444433686253954,0.06181709547117851,0.3706157513738092
sequences,0.5,1,10,-12.3,10.68,q2,"(100, 100)",0.033359090133985705,0.17995426475174317,0.018450857570760006,0.20444433686253954,0.06181709547117851,0.3706157513738092
sequences,0.5,1,10,-12.3,10.68,q3,"(100, 100)",0.0030740846131563273,0.22571027040224906,0.018450857570760006,0.20444433686253954,0.06181709547117851,0.3706157513738092
sequences,0.5,1,10,-12.3,10.68,q4,"(100, 100)",0.03281529908266605,0.17708155397149886,0.018450857570760006,0.20444433686253954,0.06181709547117851,0.3706157513738092
sequences,0.5,2,10,-12.3,10.68,q1,"(100, 100)",0.0012991048857101098,0.22384939229136605,0.01807932649587948,0.20887718910074354,0.06052670403709233,0.3788086806054784
sequences,0.5,2,10,-12.3,10.68,q2,"(100, 100)",0.035871362055065005,0.19532594930064823,0.01807932649587948,0.20887718910074354,0.06052670403709233,0.3788086806054784
sequences,0.5,2,10,-12.3,10.68,q3,"(100, 100)",0.0005544813994725889,0.22097409819120237,0.01807932649587948,0.20887718910074354,0.06052670403709233,0.3788086806054784
sequences,0.5,2,10,-12.3,10.68,q4,"(100, 100)",0.03459235764327021,0.19039553244687535,0.01807932649587948,0.20887718910074354,0.06052670403709233,0.3788086806054784
sequences,0.5,3,10,-12.3,10.68,q1,"(100, 100)",0.006865806301188797,0.2158231738496587,0.0188239775537868,0.193559547670109,0.06305133998923731,0.3502888423021736
sequences,0.5,3,10,-12.3,10.68,q2,"(100, 100)",0.031672779658785885,0.17239795239097142,0.0188239775537868,0.193559547670109,0.06305133998923731,0.3502888423021736
sequences,0.5,3,10,-12.3,10.68,q3,"(100, 100)",0.006474020665919119,0.21668061681831316,0.0188239775537868,0.193559547670109,0.06305133998923731,0.3502888423021736
sequences,0.5,3,10,-12.3,10.68,q4,"(100, 100)",0.030283303589253387,0.16130121124642954,0.0188239775537868,0.193559547670109,0.06305133998923731,0.3502888423021736
sequences,0.5,4,10,-12.3,10.68,q1,"(100, 100)",0.0024492462083858667,0.20449387144389017,0.018201319135061476,0.20005380908916473,0.060981050791729545,0.3625988731619122
sequences,0.5,4,10,-12.3,10.68,q2,"(100, 100)",0.034902865546727266,0.19721535198228124,0.018201319135061476,0.20005380908916473,0.060981050791729545,0.3625988731619122
sequences,0.5,4,10,-12.3,10.68,q3,"(100, 100)",0.001234455547690898,0.20093159720432996,0.018201319135061476,0.20005380908916473,0.060981050791729545,0.3625988731619122
sequences,0.5,4,10,-12.3,10.68,q4,"(100, 100)",0.034218709237441886,0.19475487196456678,0.018201319135061476,0.20005380908916473,0.060981050791729545,0.3625988731619122
sequences,0.5,5,10,-12.3,10.68,q1,"(100, 100)",0.0010707075476068199,0.21472701148314563,0.018265663905338535,0.20256931535317071,0.061191503870480855,0.36720802988137724
sequences,0.5,5,10,-12.3,10.68,q2,"(100, 100)",0.03613010754160308,0.1907991847168587,0.018265663905338535,0.20256931535317071,0.061191503870480855,0.36720802988137724
sequences,0.5,5,10,-12.3,10.68,q3,"(100, 100)",0.003421896873725631,0.217536129525376,0.018265663905338535,0.20256931535317071,0.061191503870480855,0.36720802988137724
sequences,0.5,5,10,-12.3,10.68,q4,"(100, 100)",0.03243994365841861,0.18239317858911908,0.018265663905338535,0.20256931535317071,0.061191503870480855,0.36720802988137724
sequences,0.5,6,10,-12.3,10.68,q1,"(100, 100)",0.007862580282898336,0.22632029714903926,0.018846392772510632,0.20168510135170983,0.06316873729683468,0.3654308154640456
sequences,0.5,6,10,-12.3,10.68,q2,"(100, 100)",0.030941406059479454,0.17432305324946057,0.018846392772510632,0.20168510135170983,0.06316873729683468,0.3654308154640456
sequences,0.5,6,10,-12.3,10.68,q3,"(100, 100)",0.004258279017848025,0.22501079029325102,0.018846392772510632,0.20168510135170983,0.06316873729683468,0.3654308154640456
sequences,0.5,6,10,-12.3,10.68,q4,"(100, 100)",0.032323305729816704,0.17264671197495812,0.018846392772510632,0.20168510135170983,0.06316873729683468,0.3654308154640456
sequences,0.5,7,10,-12.3,10.68,q1,"(100, 100)",0.010762348617311897,0.21313257497963775,0.01905147758556467,0.19249139694937054,0.0638133565083392,0.3482143744874445
sequences,0.5,7,10,-12.3,10.68,q2,"(100, 100)",0.028651637193800417,0.17144951278952994,0.01905147758556467,0.19249139694937054,0.0638133565083392,0.3482143744874445
sequences,0.5,7,10,-12.3,10.68,q3,"(100, 100)",0.006247353142412744,0.20995448347036402,0.01905147758556467,0.19249139694937054,0.0638133565083392,0.3482143744874445
sequences,0.5,7,10,-12.3,10.68,q4,"(100, 100)",0.030544571388733614,0.16986325966516416,0.01905147758556467,0.19249139694937054,0.0638133565083392,0.3482143744874445
sequences,0.5,8,10,-12.3,10.68,q1,"(100, 100)",0.002439055413931361,0.2249334197376236,0.01828054454490868,0.2040298545416731,0.06123109879386595,0.36987109798029805
sequences,0.5,8,10,-12.3,10.68,q2,"(100, 100)",0.03514360623934588,0.18379389672311042,0.01828054454490868,0.2040298545416731,0.06123109879386595,0.36987109798029805
sequences,0.5,8,10,-12.3,10.68,q3,"(100, 100)",0.0005998541102580934,0.22212228965658923,0.01828054454490868,0.2040298545416731,0.06123109879386595,0.36987109798029805
sequences,0.5,8,10,-12.3,10.68,q4,"(100, 100)",0.03493966241609939,0.17797113860759167,0.01828054454490868,0.2040298545416731,0.06123109879386595,0.36987109798029805
sequences,0.5,9,10,-12.3,10.68,q1,"(100, 100)",-0.0006807351815985344,0.2114644557117749,0.018015019641530735,0.20772217444739996,0.06036193547170627,0.37685430849758844
sequences,0.5,9,10,-12.3,10.68,q2,"(100, 100)",0.03749000203014464,0.20434866347678102,0.018015019641530735,0.20772217444739996,0.06036193547170627,0.37685430849758844
sequences,0.5,9,10,-12.3,10.68,q3,"(100, 100)",0.0003082256929805567,0.21362102574683808,0.018015019641530735,0.20772217444739996,0.06036193547170627,0.37685430849758844
sequences,0.5,9,10,-12.3,10.68,q4,"(100, 100)",0.03494258602459628,0.1978777219654507,0.018015019641530735,0.20772217444739996,0.06036193547170627,0.37685430849758844
sequences,0.5,10,10,-12.3,10.68,q1,"(100, 100)",0.002656703062653054,0.21328153495481558,0.01830134506932541,0.20164839120474293,0.06135214572351797,0.36561102982953547
sequences,0.5,10,10,-12.3,10.68,q2,"(100, 100)",0.034761675941166456,0.18908849531514743,0.01830134506932541,0.20164839120474293,0.06135214572351797,0.36561102982953547
sequences,0.5,10,10,-12.3,10.68,q3,"(100, 100)",0.003052502643879663,0.21374727130274182,0.01830134506932541,0.20164839120474293,0.06135214572351797,0.36561102982953547
sequences,0.5,10,10,-12.3,10.68,q4,"(100, 100)",0.03273449862960246,0.18644137434139846,0.01830134506932541,0.20164839120474293,0.06135214572351797,0.36561102982953547
sequences,0.5,11,10,-12.3,10.68,q1,"(100, 100)",0.0059752042920743565,0.22899469480649653,0.01872665601425603,0.20212197538293167,0.06271485604238457,0.36613850479774784
sequences,0.5,11,10,-12.3,10.68,q2,"(100, 100)",0.03250222320004735,0.173101351001918,0.01872665601425603,0.20212197538293167,0.06271485604238457,0.36613850479774784
sequences,0.5,11,10,-12.3,10.68,q3,"(100, 100)",0.004894139222660956,0.22824335346812843,0.01872665601425603,0.20212197538293167,0.06271485604238457,0.36613850479774784
sequences,0.5,11,10,-12.3,10.68,q4,"(100, 100)",0.03153505734224146,0.16795158803216226,0.01872665601425603,0.20212197538293167,0.06271485604238457,0.36613850479774784
sequences,0.5,12,10,-12.3,10.68,q1,"(100, 100)",0.00778675458247434,0.22207103993409102,0.018886700356479297,0.200532146478202,0.06333568194661064,0.36336994493721414
sequences,0.5,12,10,-12.3,10.68,q2,"(100, 100)",0.031033012829417225,0.17822269855143996,0.018886700356479297,0.200532146478202,0.06333568194661064,0.36336994493721414
sequences,0.5,12,10,-12.3,10.68,q3,"(100, 100)",0.005197300531321159,0.22130454588425533,0.018886700356479297,0.200532146478202,0.06333568194661064,0.36336994493721414
sequences,0.5,12,10,-12.3,10.68,q4,"(100, 100)",0.03152973348270446,0.17372391989054856,0.018886700356479297,0.200532146478202,0.06333568194661064,0.36336994493721414
sequences,0.5,13,10,-12.3,10.68,q1,"(100, 100)",0.0006410223589295596,0.2158718520731496,0.018166035849055236,0.19993201743036357,0.060827175118216094,0.36228448939863783
sequences,0.5,13,10,-12.3,10.68,q2,"(100, 100)",0.03661079679389444,0.18368538988394362,0.018166035849055236,0.19993201743036357,0.060827175118216094,0.36228448939863783
sequences,0.5,13,10,-12.3,10.68,q3,"(100, 100)",-0.0008544407964018617,0.2149037223444204,0.018166035849055236,0.19993201743036357,0.060827175118216094,0.36228448939863783
sequences,0.5,13,10,-12.3,10.68,q4,"(100, 100)",0.036266765039798816,0.17896901209457064,0.018166035849055236,0.19993201743036357,0.060827175118216094,0.36228448939863783
sequences,0.5,14,10,-12.3,10.68,q1,"(100, 100)",0.0043146832571738245,0.21765365481645424,0.018477006950662945,0.2036542137328726,0.06189952077274018,0.3691300864307474
sequences,0.5,14,10,-12.3,10.68,q2,"(100, 100)",0.033440668265213455,0.1919960437515785,0.018477006950662945,0.2036542137328726,0.06189952077274018,0.3691300864307474
sequences,0.5,14,10,-12.3,10.68,q3,"(100, 100)",0.004713543905941304,0.21553410127292866,0.018477006950662945,0.2036542137328726,0.06189952077274018,0.3691300864307474
sequences,0.5,14,10,-12.3,10.68,q4,"(100, 100)",0.0314391323743232,0.18554697469657924,0.018477006950662945,0.2036542137328726,0.06189952077274018,0.3691300864307474
sequences,0.5,15,10,-12.3,10.68,q1,"(100, 100)",0.00562059954645872,0.22038431758719013,0.01869305223751194,0.1972415655711822,0.06260231827699912,0.3571273953474433
sequences,0.5,15,10,-12.3,10.68,q2,"(100, 100)",0.03279712236894261,0.17473192004507976,0.01869305223751194,0.1972415655711822,0.06260231827699912,0.3571273953474433
sequences,0.5,15,10,-12.3,10.68,q3,"(100, 100)",0.003887552102725856,0.21614175901286667,0.01869305223751194,0.1972415655711822,0.06260231827699912,0.3571273953474433
sequences,0.5,15,10,-12.3,10.68,q4,"(100, 100)",0.03246693493192057,0.17035390501348502,0.01869305223751194,0.1972415655711822,0.06260231827699912,0.3571273953474433
sequences,0.5,16,10,-12.3,10.68,q1,"(100, 100)",5.154792425739503e-05,0.22023046381707528,0.018235318604884216,0.2002507757280919,0.061028509387162706,0.3627576668682744
sequences,0.5,16,10,-12.3,10.68,q2,"(100, 100)",0.037227107623798855,0.17977270982183394,0.018235318604884216,0.2002507757280919,0.061028509387162706,0.3627576668682744
sequences,0.5,16,10,-12.3,10.68,q3,"(100, 100)",0.0008600897927066143,0.2215216700193453,0.018235318604884216,0.2002507757280919,0.061028509387162706,0.3627576668682744
sequences,0.5,16,10,-12.3,10.68,q4,"(100, 100)",0.034802529078774,0.17100365328090164,0.018235318604884216,0.2002507757280919,0.061028509387162706,0.3627576668682744
sequences,0.5,17,10,-12.3,10.68,q1,"(100, 100)",0.007049360315513223,0.2296305518798531,0.018688092053017236,0.20408818643006588,0.06255428302265184,0.3696983387508953
sequences,0.5,17,10,-12.3,10.68,q2,"(100, 100)",0.03132632549704025,0.17794103714721582,0.018688092053017236,0.20408818643006588,0.06255428302265184,0.3696983387508953
sequences,0.5,17,10,-12.3,10.68,q3,"(100, 100)",0.005420245574952731,0.2309561820007947,0.018688092053017236,0.20408818643006588,0.06255428302265184,0.3696983387508953
sequences,0.5,17,10,-12.3,10.68,q4,"(100, 100)",0.030956436824562752,0.16808407790315577,0.018688092053017236,0.20408818643006588,0.06255428302265184,0.3696983387508953
sequences,0.5,18,10,-12.3,10.68,q1,"(100, 100)",0.0030075412586048705,0.22483419367632013,0.01841521704051031,0.2039561031180116,0.06169251939869451,0.3697123291276372
sequences,0.5,18,10,-12.3,10.68,q2,"(100, 100)",0.034746532977017214,0.1826074724126794,0.01841521704051031,0.2039561031180116,0.06169251939869451,0.3697123291276372
sequences,0.5,18,10,-12.3,10.68,q3,"(100, 100)",0.0021882898406744653,0.22164479910314705,0.01841521704051031,0.2039561031180116,0.06169251939869451,0.3697123291276372
sequences,0.5,18,10,-12.3,10.68,q4,"(100, 100)",0.03371850408574469,0.1799122988733151,0.01841521704051031,0.2039561031180116,0.06169251939869451,0.3697123291276372
sequences,0.5,19,10,-12.3,10.68,q1,"(100, 100)",-0.00046703281601265126,0.21564270163726837,0.018138751168145346,0.20523214445781668,0.06079688677105865,0.3722684113756018
sequences,0.5,19,10,-12.3,10.68,q2,"(100, 100)",0.03743559425098102,0.19464967785447004,0.018138751168145346,0.20523214445781668,0.06079688677105865,0.3722684113756018
sequences,0.5,19,10,-12.3,10.68,q3,"(100, 100)",0.001271467128428975,0.21597215040195397,0.018138751168145346,0.20523214445781668,0.06079688677105865,0.3722684113756018
sequences,0.5,19,10,-12.3,10.68,q4,"(100, 100)",0.03431497610918405,0.19021559345294262,0.018138751168145346,0.20523214445781668,0.06079688677105865,0.3722684113756018
sequences,0.5,20,10,-12.3,10.68,q1,"(100, 100)",0.00974295104863983,0.21482315281236902,0.01908443191992368,0.19259994475625652,0.06395051326103268,0.34847166905049337
sequences,0.5,20,10,-12.3,10.68,q2,"(100, 100)",0.029437673941872286,0.1707797204968176,0.01908443191992368,0.19259994475625652,0.06395051326103268,0.34847166905049337
sequences,0.5,20,10,-12.3,10.68,q3,"(100, 100)",0.007671616014826189,0.2154485971893672,0.01908443191992368,0.19259994475625652,0.06395051326103268,0.34847166905049337
sequences,0.5,20,10,-12.3,10.68,q4,"(100, 100)",0.029485486674356423,0.16190512573802746,0.01908443191992368,0.19259994475625652,0.06395051326103268,0.34847166905049337
sequences,0.5,21,10,-12.3,10.68,q1,"(100, 100)",0.004766696605613501,0.2167078121196896,0.018790267624245134,0.19829900044969595,0.06292788889566354,0.35904323195001525
sequences,0.5,21,10,-12.3,10.68,q2,"(100, 100)",0.033470961628545334,0.1794472693372529,0.018790267624245134,0.19829900044969595,0.06292788889566354,0.35904323195001525
sequences,0.5,21,10,-12.3,10.68,q3,"(100, 100)",0.006729658405528963,0.2154208762036242,0.018790267624245134,0.19829900044969595,0.06292788889566354,0.35904323195001525
sequences,0.5,21,10,-12.3,10.68,q4,"(100, 100)",0.030193753857292734,0.17616055458927574,0.018790267624245134,0.19829900044969595,0.06292788889566354,0.35904323195001525
sequences,0.5,22,10,-12.3,10.68,q1,"(100, 100)",0.006463353355979209,0.21961828986423654,0.018819585098518058,0.19683204802032483,0.06302079564175156,0.3563030803805307
sequences,0.5,22,10,-12.3,10.68,q2,"(100, 100)",0.03207585492956712,0.17595231797931485,0.018819585098518058,0.19683204802032483,0.06302079564175156,0.3563030803805307
sequences,0.5,22,10,-12.3,10.68,q3,"(100, 100)",0.005957762153886994,0.21523837575715124,0.018819585098518058,0.19683204802032483,0.06302079564175156,0.3563030803805307
sequences,0.5,22,10,-12.3,10.68,q4,"(100, 100)",0.03078136995463891,0.16975139094754846,0.018819585098518058,0.19683204802032483,0.06302079564175156,0.3563030803805307
sequences,0.5,23,10,-12.3,10.68,q1,"(100, 100)",0.0027890952257119492,0.2112498842855251,0.018318152842588364,0.2039581628527406,0.06135193114824873,0.3697089330654199
sequences,0.5,23,10,-12.3,10.68,q2,"(100, 100)",0.03472376257293865,0.19868677582186373,0.018318152842588364,0.2039581628527406,0.06135193114824873,0.3697089330654199
sequences,0.5,23,10,-12.3,10.68,q3,"(100, 100)",0.0021572315342478993,0.21206582379328068,0.018318152842588364,0.2039581628527406,0.06135193114824873,0.3697089330654199
sequences,0.5,23,10,-12.3,10.68,q4,"(100, 100)",0.033602522037454965,0.19056700574467236,0.018318152842588364,0.2039581628527406,0.06135193114824873,0.3697089330654199
sequences,0.5,24,10,-12.3,10.68,q1,"(100, 100)",0.007635766205024822,0.21838476282124564,0.018820013686760177,0.19536597383136156,0.06303278468311203,0.3536192403038966
sequences,0.5,24,10,-12.3,10.68,q2,"(100, 100)",0.031017710670784855,0.17424497206233924,0.018820013686760177,0.19536597383136156,0.06303278468311203,0.3536192403038966
sequences,0.5,24,10,-12.3,10.68,q3,"(100, 100)",0.006626264519311152,0.21335508889791874,0.018820013686760177,0.19536597383136156,0.06303278468311203,0.3536192403038966
sequences,0.5,24,10,-12.3,10.68,q4,"(100, 100)",0.030000313351919872,0.16896830537518234,0.018820013686760177,0.19536597383136156,0.06303278468311203,0.3536192403038966
sequences,0.5,25,10,-12.3,10.68,q1,"(100, 100)",0.004705808270218767,0.21840119795018534,0.018495068846202434,0.19843667426126727,0.06191854317443065,0.3593599634673505
sequences,0.5,25,10,-12.3,10.68,q2,"(100, 100)",0.03327291585441118,0.1774317099784815,0.018495068846202434,0.19843667426126727,0.06191854317443065,0.3593599634673505
sequences,0.5,25,10,-12.3,10.68,q3,"(100, 100)",0.0022859630704841825,0.2175289742284904,0.018495068846202434,0.19843667426126727,0.06191854317443065,0.3593599634673505
sequences,0.5,25,10,-12.3,10.68,q4,"(100, 100)",0.03371558818969561,0.17350958872080083,0.018495068846202434,0.19843667426126727,0.06191854317443065,0.3593599634673505
sequences,0.5,26,10,-12.3,10.68,q1,"(100, 100)",0.0031477683949888155,0.2178390134231079,0.018414757725053965,0.19860245095131435,0.06172716911104991,0.35991817259423575
sequences,0.5,26,10,-12.3,10.68,q2,"(100, 100)",0.03461710345530368,0.18041637750653367,0.018414757725053965,0.19860245095131435,0.06172716911104991,0.35991817259423575
sequences,0.5,26,10,-12.3,10.68,q3,"(100, 100)",0.0018877798120977881,0.21473190993135519,0.018414757725053965,0.19860245095131435,0.06172716911104991,0.35991817259423575
sequences,0.5,26,10,-12.3,10.68,q4,"(100, 100)",0.03400637923782557,0.1750605588939909,0.018414757725053965,0.19860245095131435,0.06172716911104991,0.35991817259423575
sequences,0.5,27,10,-12.3,10.68,q1,"(100, 100)",0.005849453355499275,0.20491685073120758,0.01880313647447494,0.19435706048528317,0.06298153232113529,0.3517736220061795
sequences,0.5,27,10,-12.3,10.68,q2,"(100, 100)",0.03257894975858496,0.18443502910307683,0.01880313647447494,0.19435706048528317,0.06298153232113529,0.3517736220061795
sequences,0.5,27,10,-12.3,10.68,q3,"(100, 100)",0.00693541355325531,0.20553258890478776,0.01880313647447494,0.19435706048528317,0.06298153232113529,0.3517736220061795
sequences,0.5,27,10,-12.3,10.68,q4,"(100, 100)",0.029848729230560214,0.17951993806124475,0.01880313647447494,0.19435706048528317,0.06298153232113529,0.3517736220061795
sequences,0.5,28,10,-12.3,10.68,q1,"(100, 100)",0.004154462014099658,0.22406840227968863,0.018514871693798993,0.20302980332904183,0.062041959265473706,0.3680058977560399
sequences,0.5,28,10,-12.3,10.68,q2,"(100, 100)",0.03385236508343215,0.17867371364447307,0.018514871693798993,0.20302980332904183,0.062041959265473706,0.3680058977560399
sequences,0.5,28,10,-12.3,10.68,q3,"(100, 100)",0.0021175230995666046,0.22430121198815772,0.018514871693798993,0.20302980332904183,0.062041959265473706,0.3680058977560399
sequences,0.5,28,10,-12.3,10.68,q4,"(100, 100)",0.03393513657809754,0.17746635718527906,0.018514871693798993,0.20302980332904183,0.062041959265473706,0.3680058977560399
sequences,0.5,29,10,-12.3,10.68,q1,"(100, 100)",0.005092658895036388,0.21564204821760763,0.018451044176211052,0.19500518545299936,0.061807366807507085,0.3531335455524694
sequences,0.5,29,10,-12.3,10.68,q2,"(100, 100)",0.032949698492822005,0.17392307270228485,0.018451044176211052,0.19500518545299936,0.061807366807507085,0.3531335455524694
sequences,0.5,29,10,-12.3,10.68,q3,"(100, 100)",0.0018694169986937308,0.21397920967297918,0.018451044176211052,0.19500518545299936,0.061807366807507085,0.3531335455524694
sequences,0.5,29,10,-12.3,10.68,q4,"(100, 100)",0.03389240231829208,0.16931690916395073,0.018451044176211052,0.19500518545299936,0.061807366807507085,0.3531335455524694
sequences,0.5,30,10,-12.3,10.68,q1,"(100, 100)",0.003957531887666531,0.21362960400975095,0.018516123556453965,0.19711174412585505,0.062092969672883844,0.3571919200626306
sequences,0.5,30,10,-12.3,10.68,q2,"(100, 100)",0.034116535960572104,0.18101202023869295,0.018516123556453965,0.19711174412585505,0.062092969672883844,0.3571919200626306
sequences,0.5,30,10,-12.3,10.68,q3,"(100, 100)",0.00157634063671961,0.21383973738034986,0.018516123556453965,0.19711174412585505,0.062092969672883844,0.3571919200626306
sequences,0.5,30,10,-12.3,10.68,q4,"(100, 100)",0.034414085740857615,0.1740308573806719,0.018516123556453965,0.19711174412585505,0.062092969672883844,0.3571919200626306
sequences,0.5,31,10,-12.3,10.68,q1,"(100, 100)",0.003026499101462772,0.2166406032070741,0.01835085042396479,0.20100475227335768,0.06148718520343371,0.3643123357779593
sequences,0.5,31,10,-12.3,10.68,q2,"(100, 100)",0.03469560441762321,0.18582595346539593,0.01835085042396479,0.20100475227335768,0.06148718520343371,0.3643123357779593
sequences,0.5,31,10,-12.3,10.68,q3,"(100, 100)",0.000906107533791857,0.21782743998595197,0.01835085042396479,0.20100475227335768,0.06148718520343371,0.3643123357779593
sequences,0.5,31,10,-12.3,10.68,q4,"(100, 100)",0.03477519064298132,0.17782673438802926,0.01835085042396479,0.20100475227335768,0.06148718520343371,0.3643123357779593
sequences,0.5,32,10,-12.3,10.68,q1,"(100, 100)",0.0089469502828941,0.2115650848124534,0.019051567304280696,0.19147546118988626,0.06378161133003246,0.34624909027979195
sequences,0.5,32,10,-12.3,10.68,q2,"(100, 100)",0.030056655262149377,0.1727104982382893,0.019051567304280696,0.19147546118988626,0.06378161133003246,0.34624909027979195
sequences,0.5,32,10,-12.3,10.68,q3,"(100, 100)",0.008775566459795707,0.20765450346225972,0.019051567304280696,0.19147546118988626,0.06378161133003246,0.34624909027979195
sequences,0.5,32,10,-12.3,10.68,q4,"(100, 100)",0.028427097212283606,0.1688952421752051,0.019051567304280696,0.19147546118988626,0.06378161133003246,0.34624909027979195
sequences,0.5,33,10,-12.3,10.68,q1,"(100, 100)",0.0110646969310603,0.20676826292801104,0.01939627862498729,0.18925888042601174,0.06494652142972474,0.34202016823147025
sequences,0.5,33,10,-12.3,10.68,q2,"(100, 100)",0.028351605174155685,0.17056792040390834,0.01939627862498729,0.18925888042601174,0.06494652142972474,0.34202016823147025
sequences,0.5,33,10,-12.3,10.68,q3,"(100, 100)",0.014018206002445632,0.20889342996063243,0.01939627862498729,0.18925888042601174,0.06494652142972474,0.34202016823147025
sequences,0.5,33,10,-12.3,10.68,q4,"(100, 100)",0.024150606392287558,0.16610707314787598,0.01939627862498729,0.18925888042601174,0.06494652142972474,0.34202016823147025
sequences,0.5,34,10,-12.3,10.68,q1,"(100, 100)",0.0060351002176675765,0.22339906022532355,0.018591074220988973,0.19937589010169648,0.062333861595939566,0.36132159457960633
sequences,0.5,34,10,-12.3,10.68,q2,"(100, 100)",0.03214850010467326,0.1755960430426841,0.018591074220988973,0.19937589010169648,0.062333861595939566,0.36132159457960633
sequences,0.5,34,10,-12.3,10.68,q3,"(100, 100)",0.004152751627473634,0.22002387339322513,0.018591074220988973,0.19937589010169648,0.062333861595939566,0.36132159457960633
sequences,0.5,34,10,-12.3,10.68,q4,"(100, 100)",0.032027944934141434,0.17064845729443648,0.018591074220988973,0.19937589010169648,0.062333861595939566,0.36132159457960633
sequences,0.5,35,10,-12.3,10.68,q1,"(100, 100)",0.014296244665455671,0.20636844826313364,0.019463247900337325,0.186363038618576,0.0651543991977147,0.3365824606414242
sequences,0.5,35,10,-12.3,10.68,q2,"(100, 100)",0.025669149490431403,0.1662117747510836,0.019463247900337325,0.186363038618576,0.0651543991977147,0.3365824606414242
sequences,0.5,35,10,-12.3,10.68,q3,"(100, 100)",0.012045181631632675,0.20746451546449174,0.019463247900337325,0.186363038618576,0.0651543991977147,0.3365824606414242
sequences,0.5,35,10,-12.3,10.68,q4,"(100, 100)",0.025842415813829542,0.1597121796978234,0.019463247900337325,0.186363038618576,0.0651543991977147,0.3365824606414242
sequences,0.5,36,10,-12.3,10.68,q1,"(100, 100)",0.005720794861876188,0.2135403006468183,0.01873254183239888,0.19575041546363167,0.06274507396549617,0.35438142604536516
sequences,0.5,36,10,-12.3,10.68,q2,"(100, 100)",0.03252311154639366,0.17855193063191332,0.01873254183239888,0.19575041546363167,0.06274507396549617,0.35438142604536516
sequences,0.5,36,10,-12.3,10.68,q3,"(100, 100)",0.00637662267279957,0.21199119046421697,0.01873254183239888,0.19575041546363167,0.06274507396549617,0.35438142604536516
sequences,0.5,36,10,-12.3,10.68,q4,"(100, 100)",0.030309638248526095,0.17379931121157033,0.01873254183239888,0.19575041546363167,0.06274507396549617,0.35438142604536516
sequences,0.5,37,10,-12.3,10.68,q1,"(100, 100)",0.010272834213259828,0.21950190628504632,0.019100816482661032,0.19309509273695946,0.0640054167132815,0.34938162830119734
sequences,0.5,37,10,-12.3,10.68,q2,"(100, 100)",0.028893348093981003,0.16594805034348495,0.019100816482661032,0.19309509273695946,0.0640054167132815,0.34938162830119734
sequences,0.5,37,10,-12.3,10.68,q3,"(100, 100)",0.009344282354519484,0.2144010739195947,0.019100816482661032,0.19309509273695946,0.0640054167132815,0.34938162830119734
sequences,0.5,37,10,-12.3,10.68,q4,"(100, 100)",0.027892801268883813,0.16464774727262127,0.019100816482661032,0.19309509273695946,0.0640054167132815,0.34938162830119734
sequences,0.5,38,10,-12.3,10.68,q1,"(100, 100)",0.0015605198423789544,0.21481732105543694,0.018465750261244425,0.19656467960769178,0.06189291188618877,0.35611330443830297
sequences,0.5,38,10,-12.3,10.68,q2,"(100, 100)",0.03607372832998027,0.1752278347071032,0.018465750261244425,0.19656467960769178,0.06189291188618877,0.35611330443830297
sequences,0.5,38,10,-12.3,10.68,q3,"(100, 100)",0.0028476830742926833,0.21476195436332274,0.018465750261244425,0.19656467960769178,0.06189291188618877,0.35611330443830297
sequences,0.5,38,10,-12.3,10.68,q4,"(100, 100)",0.03338106979832578,0.17468400632810152,0.018465750261244425,0.19656467960769178,0.06189291188618877,0.35611330443830297
sequences,0.5,39,10,-12.3,10.68,q1,"(100, 100)",0.0031365231358236245,0.22209106266880568,0.018574596684041177,0.2018631496135068,0.06222124339348858,0.3657656099322105
sequences,0.5,39,10,-12.3,10.68,q2,"(100, 100)",0.03473647852507773,0.18008958572235526,0.018574596684041177,0.2018631496135068,0.06222124339348858,0.3657656099322105
sequences,0.5,39,10,-12.3,10.68,q3,"(100, 100)",0.004686876873696723,0.2213072592526445,0.018574596684041177,0.2018631496135068,0.06222124339348858,0.3657656099322105
sequences,0.5,39,10,-12.3,10.68,q4,"(100, 100)",0.031738508201566616,0.1771881057495629,0.018574596684041177,0.2018631496135068,0.06222124339348858,0.3657656099322105
sequences,0.5,40,10,-12.3,10.68,q1,"(100, 100)",0.008552189390276861,0.21396353528572395,0.019033387137920094,0.18801204382349804,0.06372608064926792,0.3398574055600481
sequences,0.5,40,10,-12.3,10.68,q2,"(100, 100)",0.030434530237821413,0.1615911873938057,0.019033387137920094,0.18801204382349804,0.06372608064926792,0.3398574055600481
sequences,0.5,40,10,-12.3,10.68,q3,"(100, 100)",0.008267618108247147,0.20816502381796964,0.019033387137920094,0.18801204382349804,0.06372608064926792,0.3398574055600481
sequences,0.5,40,10,-12.3,10.68,q4,"(100, 100)",0.028879210815334972,0.16036410906876264,0.019033387137920094,0.18801204382349804,0.06372608064926792,0.3398574055600481
sequences,0.5,41,10,-12.3,10.68,q1,"(100, 100)",0.0002448168911657772,0.2257306157025981,0.017993382688752023,0.20941645617778568,0.06029953984166228,0.38002231680235204
sequences,0.5,41,10,-12.3,10.68,q2,"(100, 100)",0.03668636193345006,0.19327868891042632,0.017993382688752023,0.20941645617778568,0.06029953984166228,0.38002231680235204
sequences,0.5,41,10,-12.3,10.68,q3,"(100, 100)",-0.000660365121372493,0.22225979751839997,0.017993382688752023,0.20941645617778568,0.06029953984166228,0.38002231680235204
sequences,0.5,41,10,-12.3,10.68,q4,"(100, 100)",0.03570271705176475,0.19074749417767864,0.017993382688752023,0.20941645617778568,0.06029953984166228,0.38002231680235204
sequences,0.5,42,10,-12.3,10.68,q1,"(100, 100)",0.007628544592949396,0.21204697088322177,0.018951780288769142,0.19133787034637065,0.06349536908876502,0.34616344765406054
sequences,0.5,42,10,-12.3,10.68,q2,"(100, 100)",0.031250263226752534,0.16952159988005697,0.018951780288769142,0.19133787034637065,0.06349536908876502,0.34616344765406054
sequences,0.5,42,10,-12.3,10.68,q3,"(100, 100)",0.0054924972966285835,0.21086762273210827,0.018951780288769142,0.19133787034637065,0.06349536908876502,0.34616344765406054
sequences,0.5,42,10,-12.3,10.68,q4,"(100, 100)",0.031435816038746046,0.16630575971665928,0.018951780288769142,0.19133787034637065,0.06349536908876502,0.34616344765406054
sequences,0.5,43,10,-12.3,10.68,q1,"(100, 100)",-0.0013311264626512894,0.2117599914410891,0.017989936268430463,0.20250447619881598,0.06029304153642384,0.3672702218786231
sequences,0.5,43,10,-12.3,10.68,q2,"(100, 100)",0.03807595282959453,0.19043732017041082,0.017989936268430463,0.20250447619881598,0.06029304153642384,0.3672702218786231
sequences,0.5,43,10,-12.3,10.68,q3,"(100, 100)",-0.0003789470857878314,0.21361405087084198,0.017989936268430463,0.20250447619881598,0.06029304153642384,0.3672702218786231
sequences,0.5,43,10,-12.3,10.68,q4,"(100, 100)",0.03559386579256644,0.189389957936617,0.017989936268430463,0.20250447619881598,0.06029304153642384,0.3672702218786231
sequences,0.5,44,10,-12.3,10.68,q1,"(100, 100)",0.006600486259691154,0.23184123942967239,0.018725799798182743,0.20101350378113844,0.06276453761750542,0.36423743084949867
sequences,0.5,44,10,-12.3,10.68,q2,"(100, 100)",0.03193373916925263,0.16806085096202827,0.018725799798182743,0.20101350378113844,0.06276453761750542,0.36423743084949867
sequences,0.5,44,10,-12.3,10.68,q3,"(100, 100)",0.004515508565123858,0.22748529613316992,0.018725799798182743,0.20101350378113844,0.06276453761750542,0.36423743084949867
sequences,0.5,44,10,-12.3,10.68,q4,"(100, 100)",0.03185346519866333,0.1648805751435969,0.018725799798182743,0.20101350378113844,0.06276453761750542,0.36423743084949867
sequences,0.5,45,10,-12.3,10.68,q1,"(100, 100)",0.005064650970185599,0.22646053768115162,0.01863651432268524,0.19974028512492625,0.06250193451055668,0.3620214849012297
sequences,0.5,45,10,-12.3,10.68,q2,"(100, 100)",0.03304472399834547,0.17187086113618513,0.01863651432268524,0.19974028512492625,0.06250193451055668,0.3620214849012297
sequences,0.5,45,10,-12.3,10.68,q3,"(100, 100)",0.005112892154374002,0.22597385871145423,0.01863651432268524,0.19974028512492625,0.06250193451055668,0.3620214849012297
sequences,0.5,45,10,-12.3,10.68,q4,"(100, 100)",0.03132379016783589,0.16419782533832175,0.01863651432268524,0.19974028512492625,0.06250193451055668,0.3620214849012297
sequences,0.5,46,10,-12.3,10.68,q1,"(100, 100)",0.0029087126566651887,0.22243491201063365,0.01838980431396956,0.20472225732010293,0.06166419419555559,0.3713044979488281
sequences,0.5,46,10,-12.3,10.68,q2,"(100, 100)",0.03469522222522778,0.18794017317457726,0.01838980431396956,0.20472225732010293,0.06166419419555559,0.3713044979488281
sequences,0.5,46,10,-12.3,10.68,q3,"(100, 100)",0.003697867377378564,0.22179352250315712,0.01838980431396956,0.20472225732010293,0.06166419419555559,0.3713044979488281
sequences,0.5,46,10,-12.3,10.68,q4,"(100, 100)",0.03225741499660673,0.18094184336789068,0.01838980431396956,0.20472225732010293,0.06166419419555559,0.3713044979488281
sequences,0.5,47,10,-12.3,10.68,q1,"(100, 100)",0.004095458323677239,0.2264369881617953,0.01857893998961396,0.20253827981266934,0.062199330397100634,0.36690753446553237
sequences,0.5,47,10,-12.3,10.68,q2,"(100, 100)",0.0338378219100684,0.17886096075070224,0.01857893998961396,0.20253827981266934,0.062199330397100634,0.36690753446553237
sequences,0.5,47,10,-12.3,10.68,q3,"(100, 100)",0.0047014381267985175,0.2223294921709971,0.01857893998961396,0.20253827981266934,0.062199330397100634,0.36690753446553237
sequences,0.5,47,10,-12.3,10.68,q4,"(100, 100)",0.03168104159791168,0.1748851289769982,0.01857893998961396,0.20253827981266934,0.062199330397100634,0.36690753446553237
sequences,0.5,48,10,-12.3,10.68,q1,"(100, 100)",0.003588927003522691,0.22741883774825988,0.018515779694845837,0.20437335823336833,0.0620086392995507,0.3703836886997134
sequences,0.5,48,10,-12.3,10.68,q2,"(100, 100)",0.034420002031943724,0.18011524032526677,0.018515779694845837,0.20437335823336833,0.0620086392995507,0.3703836886997134
sequences,0.5,48,10,-12.3,10.68,q3,"(100, 100)",0.002449701772621954,0.22770170483292293,0.018515779694845837,0.20437335823336833,0.0620086392995507,0.3703836886997134
sequences,0.5,48,10,-12.3,10.68,q4,"(100, 100)",0.033604487971294984,0.1735034324780067,0.018515779694845837,0.20437335823336833,0.0620086392995507,0.3703836886997134
sequences,0.5,49,10,-12.3,10.68,q1,"(100, 100)",0.0070147461804275285,0.2305174179669205,0.018600264871016948,0.20860347014462735,0.062312445129035,0.378228036581886
sequences,0.5,49,10,-12.3,10.68,q2,"(100, 100)",0.03110295600420021,0.18882239426319175,0.018600264871016948,0.20860347014462735,0.062312445129035,0.378228036581886
sequences,0.5,49,10,-12.3,10.68,q3,"(100, 100)",0.0057906677673547815,0.2310798999545276,0.018600264871016948,0.20860347014462735,0.062312445129035,0.378228036581886
sequences,0.5,49,10,-12.3,10.68,q4,"(100, 100)",0.03049268953208526,0.17684874110359958,0.018600264871016948,0.20860347014462735,0.062312445129035,0.378228036581886
sequences,0.5,0,11,-17.0,8.65,q1,"(100, 100)",0.007537129353475635,0.2430385249221251,0.020905991805817068,0.2110096574848156,0.07003095823069112,0.38171975590780366
sequences,0.5,0,11,-17.0,8.65,q2,"(100, 100)",0.035289648654295,0.1747873781206577,0.020905991805817068,0.2110096574848156,0.07003095823069112,0.38171975590780366
sequences,0.5,0,11,-17.0,8.65,q3,"(100, 100)",0.0060325557441160355,0.24192778930020645,0.020905991805817068,0.2110096574848156,0.07003095823069112,0.38171975590780366
sequences,0.5,0,11,-17.0,8.65,q4,"(100, 100)",0.034764633471381604,0.17074541782558933,0.020905991805817068,0.2110096574848156,0.07003095823069112,0.38171975590780366
sequences,0.5,1,11,-17.0,8.65,q1,"(100, 100)",0.0027552507566652633,0.24738526593107796,0.020445968665690532,0.21539738554210197,0.06844411638025118,0.3899081139803246
sequences,0.5,1,11,-17.0,8.65,q2,"(100, 100)",0.03918071320835219,0.17798288240752116,0.020445968665690532,0.21539738554210197,0.06844411638025118,0.3899081139803246
sequences,0.5,1,11,-17.0,8.65,q3,"(100, 100)",0.0030961605733431504,0.2455341264598933,0.020445968665690532,0.21539738554210197,0.06844411638025118,0.3899081139803246
sequences,0.5,1,11,-17.0,8.65,q4,"(100, 100)",0.036751750124401524,0.17660380744523346,0.020445968665690532,0.21539738554210197,0.06844411638025118,0.3899081139803246
sequences,0.5,2,11,-17.0,8.65,q1,"(100, 100)",0.0032463468137068994,0.23537032520493537,0.020620023651688576,0.20961773586656526,0.06903255323631931,0.37915791179689057
sequences,0.5,2,11,-17.0,8.65,q2,"(100, 100)",0.03898426174968688,0.18024114731587282,0.020620023651688576,0.20961773586656526,0.06903255323631931,0.37915791179689057
sequences,0.5,2,11,-17.0,8.65,q3,"(100, 100)",0.0035289606991393873,0.2362257458777263,0.020620023651688576,0.20961773586656526,0.06903255323631931,0.37915791179689057
sequences,0.5,2,11,-17.0,8.65,q4,"(100, 100)",0.036720525344221135,0.1757250582461231,0.020620023651688576,0.20961773586656526,0.06903255323631931,0.37915791179689057
sequences,0.5,3,11,-17.0,8.65,q1,"(100, 100)",0.0027225421836279,0.23091391680465306,0.0205209854691249,0.20587257289024846,0.06874126277238055,0.37237308660870555
sequences,0.5,3,11,-17.0,8.65,q2,"(100, 100)",0.03938604330855388,0.1788881475604775,0.0205209854691249,0.20587257289024846,0.06874126277238055,0.37237308660870555
sequences,0.5,3,11,-17.0,8.65,q3,"(100, 100)",0.0006313251152641971,0.22696483617054566,0.0205209854691249,0.20587257289024846,0.06874126277238055,0.37237308660870555
sequences,0.5,3,11,-17.0,8.65,q4,"(100, 100)",0.03934403126905364,0.17685090124549666,0.0205209854691249,0.20587257289024846,0.06874126277238055,0.37237308660870555
sequences,0.5,4,11,-17.0,8.65,q1,"(100, 100)",0.002490217273516835,0.23658995818994372,0.02054868371511708,0.21197363498357208,0.06889173988808006,0.3838122312704214
sequences,0.5,4,11,-17.0,8.65,q2,"(100, 100)",0.03960678571982759,0.18553813606214678,0.02054868371511708,0.21197363498357208,0.06889173988808006,0.3838122312704214
sequences,0.5,4,11,-17.0,8.65,q3,"(100, 100)",0.0018231776273955568,0.23871895936929238,0.02054868371511708,0.21197363498357208,0.06889173988808006,0.3838122312704214
sequences,0.5,4,11,-17.0,8.65,q4,"(100, 100)",0.03827455423972833,0.17604308385778974,0.02054868371511708,0.21197363498357208,0.06889173988808006,0.3838122312704214
sequences,0.5,5,11,-17.0,8.65,q1,"(100, 100)",0.011086210204737762,0.22781615482936948,0.02105384161208906,0.1979693030864054,0.07054394911070215,0.35752864460549083
sequences,0.5,5,11,-17.0,8.65,q2,"(100, 100)",0.032078507068428186,0.16621973090458889,0.02105384161208906,0.1979693030864054,0.07054394911070215,0.35752864460549083
sequences,0.5,5,11,-17.0,8.65,q3,"(100, 100)",0.009461671874353103,0.22572138690657317,0.02105384161208906,0.1979693030864054,0.07054394911070215,0.35752864460549083
sequences,0.5,5,11,-17.0,8.65,q4,"(100, 100)",0.03158897730083717,0.1606915417820809,0.02105384161208906,0.1979693030864054,0.07054394911070215,0.35752864460549083
sequences,0.5,6,11,-17.0,8.65,q1,"(100, 100)",0.006087455914723756,0.251367355435745,0.02059225436064151,0.21969539492527035,0.0688992199435935,0.3976985957707519
sequences,0.5,6,11,-17.0,8.65,q2,"(100, 100)",0.036083824422630334,0.18474825391573554,0.02059225436064151,0.21969539492527035,0.0688992199435935,0.3976985957707519
sequences,0.5,6,11,-17.0,8.65,q3,"(100, 100)",0.005269271240830638,0.24928125088927927,0.02059225436064151,0.21969539492527035,0.0688992199435935,0.3976985957707519
sequences,0.5,6,11,-17.0,8.65,q4,"(100, 100)",0.034928465864381315,0.1808727750767726,0.02059225436064151,0.21969539492527035,0.0688992199435935,0.3976985957707519
sequences,0.5,7,11,-17.0,8.65,q1,"(100, 100)",0.0025861486727712085,0.23452567466389426,0.020532462967902905,0.20376157116365542,0.06879123198895352,0.36848779245447544
sequences,0.5,7,11,-17.0,8.65,q2,"(100, 100)",0.0395918268684555,0.17173217567099566,0.020532462967902905,0.20376157116365542,0.06879123198895352,0.36848779245447544
sequences,0.5,7,11,-17.0,8.65,q3,"(100, 100)",-0.0011664557684158364,0.2290997140577948,0.020532462967902905,0.20376157116365542,0.06879123198895352,0.36848779245447544
sequences,0.5,7,11,-17.0,8.65,q4,"(100, 100)",0.04111833209880075,0.16587419836261655,0.020532462967902905,0.20376157116365542,0.06879123198895352,0.36848779245447544
sequences,0.5,8,11,-17.0,8.65,q1,"(100, 100)",0.007048701627751759,0.22938999386963743,0.02077780713091612,0.1999960811622881,0.06954914520808743,0.3612394795523343
sequences,0.5,8,11,-17.0,8.65,q2,"(100, 100)",0.035535647248819476,0.16721469416603263,0.02077780713091612,0.1999960811622881,0.06954914520808743,0.3612394795523343
sequences,0.5,8,11,-17.0,8.65,q3,"(100, 100)",0.00571955974301971,0.22765751537042403,0.02077780713091612,0.1999960811622881,0.06954914520808743,0.3612394795523343
sequences,0.5,8,11,-17.0,8.65,q4,"(100, 100)",0.034807319904073535,0.16357078638312295,0.02077780713091612,0.1999960811622881,0.06954914520808743,0.3612394795523343
sequences,0.5,9,11,-17.0,8.65,q1,"(100, 100)",0.009376000876767343,0.24103578114098084,0.02103378572018456,0.2043474695025093,0.07044724347378234,0.36929153954419425
sequences,0.5,9,11,-17.0,8.65,q2,"(100, 100)",0.03365658816555769,0.1643665672248174,0.02103378572018456,0.2043474695025093,0.07044724347378234,0.36929153954419425
sequences,0.5,9,11,-17.0,8.65,q3,"(100, 100)",0.008670100380934702,0.23450145000973405,0.02103378572018456,0.2043474695025093,0.07044724347378234,0.36929153954419425
sequences,0.5,9,11,-17.0,8.65,q4,"(100, 100)",0.03243245345747853,0.16232060087909744,0.02103378572018456,0.2043474695025093,0.07044724347378234,0.36929153954419425
sequences,0.5,10,11,-17.0,8.65,q1,"(100, 100)",0.0019079874789470629,0.24300755723235942,0.020494948582553296,0.21401645782880283,0.06868280356083543,0.38753810074516537
sequences,0.5,10,11,-17.0,8.65,q2,"(100, 100)",0.04011136682583649,0.18286707079160378,0.020494948582553296,0.21401645782880283,0.06868280356083543,0.38753810074516537
sequences,0.5,10,11,-17.0,8.65,q3,"(100, 100)",0.0014476496030346618,0.24089334517450686,0.020494948582553296,0.21401645782880283,0.06868280356083543,0.38753810074516537
sequences,0.5,10,11,-17.0,8.65,q4,"(100, 100)",0.038512790422394964,0.17683838235604815,0.020494948582553296,0.21401645782880283,0.06868280356083543,0.38753810074516537
sequences,0.5,11,11,-17.0,8.65,q1,"(100, 100)",0.0063974719843756,0.22913514448160585,0.02076525852175477,0.20637491117098936,0.06961783093371812,0.3733479752683609
sequences,0.5,11,11,-17.0,8.65,q2,"(100, 100)",0.03625019898504473,0.18286579287871493,0.02076525852175477,0.20637491117098936,0.06961783093371812,0.3733479752683609
sequences,0.5,11,11,-17.0,8.65,q3,"(100, 100)",0.003223522766255723,0.2285084699341671,0.02076525852175477,0.20637491117098936,0.06961783093371812,0.3733479752683609
sequences,0.5,11,11,-17.0,8.65,q4,"(100, 100)",0.03718984035134303,0.1765779893338506,0.02076525852175477,0.20637491117098936,0.06961783093371812,0.3733479752683609
sequences,0.5,12,11,-17.0,8.65,q1,"(100, 100)",0.009479401531108775,0.22560449615793182,0.020864387950253974,0.1989600922548728,0.0698740386813596,0.35936687062429895
sequences,0.5,12,11,-17.0,8.65,q2,"(100, 100)",0.03337644932969933,0.17076110194085478,0.020864387950253974,0.1989600922548728,0.0698740386813596,0.35936687062429895
sequences,0.5,12,11,-17.0,8.65,q3,"(100, 100)",0.0059729022487165695,0.22497726404351417,0.020864387950253974,0.1989600922548728,0.0698740386813596,0.35936687062429895
sequences,0.5,12,11,-17.0,8.65,q4,"(100, 100)",0.03462879869149122,0.16423025402116354,0.020864387950253974,0.1989600922548728,0.0698740386813596,0.35936687062429895
sequences,0.5,13,11,-17.0,8.65,q1,"(100, 100)",0.0008646089204873375,0.2283971769542189,0.020352333303590056,0.2110704590697952,0.0682163006656278,0.38217618987024343
sequences,0.5,13,11,-17.0,8.65,q2,"(100, 100)",0.04090274532383222,0.19141593955122918,0.020352333303590056,0.2110704590697952,0.0682163006656278,0.38217618987024343
sequences,0.5,13,11,-17.0,8.65,q3,"(100, 100)",-9.480781544028503e-05,0.23167718178896962,0.020352333303590056,0.2110704590697952,0.0682163006656278,0.38217618987024343
sequences,0.5,13,11,-17.0,8.65,q4,"(100, 100)",0.03973678678548094,0.18473595318333103,0.020352333303590056,0.2110704590697952,0.0682163006656278,0.38217618987024343
sequences,0.5,14,11,-17.0,8.65,q1,"(100, 100)",0.0031219902809419583,0.23197541313274836,0.02056091861522543,0.2056762891196982,0.06893275874687932,0.37214272371672336
sequences,0.5,14,11,-17.0,8.65,q2,"(100, 100)",0.03904663653004977,0.17724912382364955,0.02056091861522543,0.2056762891196982,0.06893275874687932,0.37214272371672336
sequences,0.5,14,11,-17.0,8.65,q3,"(100, 100)",0.0010825306449377089,0.22807444268241392,0.02056091861522543,0.2056762891196982,0.06893275874687932,0.37214272371672336
sequences,0.5,14,11,-17.0,8.65,q4,"(100, 100)",0.03899251700497228,0.17492335069837756,0.02056091861522543,0.2056762891196982,0.06893275874687932,0.37214272371672336
sequences,0.5,15,11,-17.0,8.65,q1,"(100, 100)",0.009736730353187801,0.22632270794945197,0.02104880613332458,0.1965801282788631,0.0704857467838412,0.3548534891465829
sequences,0.5,15,11,-17.0,8.65,q2,"(100, 100)",0.03342716371904189,0.16475958948071892,0.02104880613332458,0.1965801282788631,0.0704857467838412,0.3548534891465829
sequences,0.5,15,11,-17.0,8.65,q3,"(100, 100)",0.007928284162761185,0.22339846803558158,0.02104880613332458,0.1965801282788631,0.0704857467838412,0.3548534891465829
sequences,0.5,15,11,-17.0,8.65,q4,"(100, 100)",0.03310304629830744,0.1603177524753694,0.02104880613332458,0.1965801282788631,0.0704857467838412,0.3548534891465829
sequences,0.5,16,11,-17.0,8.65,q1,"(100, 100)",0.001941135412809918,0.23898224727128936,0.020502541184495265,0.21130079825342152,0.06864498596968366,0.38233788012226494
sequences,0.5,16,11,-17.0,8.65,q2,"(100, 100)",0.03997188640019945,0.181277765320823,0.020502541184495265,0.21130079825342152,0.06864498596968366,0.38233788012226494
sequences,0.5,16,11,-17.0,8.65,q3,"(100, 100)",0.0035357240117227045,0.2362966512275169,0.020502541184495265,0.21130079825342152,0.06864498596968366,0.38233788012226494
sequences,0.5,16,11,-17.0,8.65,q4,"(100, 100)",0.036561418913249,0.1775176544798178,0.020502541184495265,0.21130079825342152,0.06864498596968366,0.38233788012226494
sequences,0.5,17,11,-17.0,8.65,q1,"(100, 100)",0.007263005957002421,0.22352052580550888,0.020892065533461665,0.19600251624203827,0.07001949068608852,0.35399740347513214
sequences,0.5,17,11,-17.0,8.65,q2,"(100, 100)",0.035571108594529256,0.16775769663541373,0.020892065533461665,0.19600251624203827,0.07001949068608852,0.35399740347513214
sequences,0.5,17,11,-17.0,8.65,q3,"(100, 100)",0.0070488588569234765,0.21817599796697043,0.020892065533461665,0.19600251624203827,0.07001949068608852,0.35399740347513214
sequences,0.5,17,11,-17.0,8.65,q4,"(100, 100)",0.03368528872539149,0.16494418045603337,0.020892065533461665,0.19600251624203827,0.07001949068608852,0.35399740347513214
sequences,0.5,18,11,-17.0,8.65,q1,"(100, 100)",0.014156563180398903,0.22195289943804664,0.021246107448026533,0.19229913480890398,0.0711941273285634,0.34692611931731554
sequences,0.5,18,11,-17.0,8.65,q2,"(100, 100)",0.02938712832066991,0.15994239774062582,0.021246107448026533,0.19229913480890398,0.0711941273285634,0.34692611931731554
sequences,0.5,18,11,-17.0,8.65,q3,"(100, 100)",0.01466094085222448,0.2176724711143588,0.021246107448026533,0.19229913480890398,0.0711941273285634,0.34692611931731554
sequences,0.5,18,11,-17.0,8.65,q4,"(100, 100)",0.02677979743881284,0.1596851281279021,0.021246107448026533,0.19229913480890398,0.0711941273285634,0.34692611931731554
sequences,0.5,19,11,-17.0,8.65,q1,"(100, 100)",0.006316281118037785,0.22945303186136481,0.020825092545014127,0.2024471470345576,0.0697424398694378,0.36584843018551155
sequences,0.5,19,11,-17.0,8.65,q2,"(100, 100)",0.0363130516884146,0.17238925700573318,0.020825092545014127,0.2024471470345576,0.0697424398694378,0.36584843018551155
sequences,0.5,19,11,-17.0,8.65,q3,"(100, 100)",0.005988371954776552,0.2242187282489287,0.020825092545014127,0.2024471470345576,0.0697424398694378,0.36584843018551155
sequences,0.5,19,11,-17.0,8.65,q4,"(100, 100)",0.034682665418827564,0.17445933170662423,0.020825092545014127,0.2024471470345576,0.0697424398694378,0.36584843018551155
sequences,0.5,20,11,-17.0,8.65,q1,"(100, 100)",0.004090802869539336,0.24020171000431256,0.020616217859480524,0.20757070274686676,0.06904292652203792,0.37543108092769123
sequences,0.5,20,11,-17.0,8.65,q2,"(100, 100)",0.038200296489600966,0.17034087716042842,0.020616217859480524,0.20757070274686676,0.06904292652203792,0.37543108092769123
sequences,0.5,20,11,-17.0,8.65,q3,"(100, 100)",0.0043464638664448855,0.2381607253771708,0.020616217859480524,0.20757070274686676,0.06904292652203792,0.37543108092769123
sequences,0.5,20,11,-17.0,8.65,q4,"(100, 100)",0.03582730821233691,0.16682508263380422,0.020616217859480524,0.20757070274686676,0.06904292652203792,0.37543108092769123
sequences,0.5,21,11,-17.0,8.65,q1,"(100, 100)",0.0013990409950572966,0.23218223983435252,0.02052285628275,0.20814256694682318,0.06874752962984675,0.37657575088622447
sequences,0.5,21,11,-17.0,8.65,q2,"(100, 100)",0.04064432194756306,0.17932937367263171,0.02052285628275,0.20814256694682318,0.06874752962984675,0.37657575088622447
sequences,0.5,21,11,-17.0,8.65,q3,"(100, 100)",0.0015235785309733682,0.23617534036960822,0.02052285628275,0.20814256694682318,0.06874752962984675,0.37657575088622447
sequences,0.5,21,11,-17.0,8.65,q4,"(100, 100)",0.03852448365740627,0.17317990562115587,0.02052285628275,0.20814256694682318,0.06874752962984675,0.37657575088622447
sequences,0.5,22,11,-17.0,8.65,q1,"(100, 100)",0.002510831422003109,0.23533856386600666,0.02045601582910169,0.21112664664200562,0.06856382044277423,0.38223657521084764
sequences,0.5,22,11,-17.0,8.65,q2,"(100, 100)",0.03953148973784402,0.1858748153515728,0.02045601582910169,0.21112664664200562,0.06856382044277423,0.38223657521084764
sequences,0.5,22,11,-17.0,8.65,q3,"(100, 100)",-0.0008150991999684511,0.2317916545804741,0.02045601582910169,0.21112664664200562,0.06856382044277423,0.38223657521084764
sequences,0.5,22,11,-17.0,8.65,q4,"(100, 100)",0.04059684135652808,0.18191418140373108,0.02045601582910169,0.21112664664200562,0.06856382044277423,0.38223657521084764
sequences,0.5,23,11,-17.0,8.65,q1,"(100, 100)",0.00017615783242572118,0.23232032692850868,0.02041497407083242,0.21160002469172476,0.06840333077846347,0.3830680450376944
sequences,0.5,23,11,-17.0,8.65,q2,"(100, 100)",0.04153843595450203,0.19110451227533326,0.02041497407083242,0.21160002469172476,0.06840333077846347,0.3830680450376944
sequences,0.5,23,11,-17.0,8.65,q3,"(100, 100)",0.0022995956574240074,0.22752123503965846,0.02041497407083242,0.21160002469172476,0.06840333077846347,0.3830680450376944
sequences,0.5,23,11,-17.0,8.65,q4,"(100, 100)",0.03764570683897794,0.18803676522571147,0.02041497407083242,0.21160002469172476,0.06840333077846347,0.3830680450376944
sequences,0.5,24,11,-17.0,8.65,q1,"(100, 100)",0.0038957880938423903,0.24500631949394922,0.02075388083157029,0.2143170546594407,0.06953306250630803,0.3879387827807217
sequences,0.5,24,11,-17.0,8.65,q2,"(100, 100)",0.038589551077067755,0.17990698334961736,0.02075388083157029,0.2143170546594407,0.06953306250630803,0.3879387827807217
sequences,0.5,24,11,-17.0,8.65,q3,"(100, 100)",0.0026171611720582247,0.24620838305784748,0.02075388083157029,0.2143170546594407,0.06953306250630803,0.3879387827807217
sequences,0.5,24,11,-17.0,8.65,q4,"(100, 100)",0.0379130229833128,0.1717216624379377,0.02075388083157029,0.2143170546594407,0.06953306250630803,0.3879387827807217
sequences,0.5,25,11,-17.0,8.65,q1,"(100, 100)",0.004699527868814339,0.22713669010683618,0.020688187445148064,0.20072406428784786,0.06930716062026153,0.3627750457908571
sequences,0.5,25,11,-17.0,8.65,q2,"(100, 100)",0.037781397424178895,0.17092613110614505,0.020688187445148064,0.20072406428784786,0.06930716062026153,0.3627750457908571
sequences,0.5,25,11,-17.0,8.65,q3,"(100, 100)",0.002943102133868768,0.2237912034313781,0.020688187445148064,0.20072406428784786,0.06930716062026153,0.3627750457908571
sequences,0.5,25,11,-17.0,8.65,q4,"(100, 100)",0.037328722353730255,0.17068001757345933,0.020688187445148064,0.20072406428784786,0.06930716062026153,0.3627750457908571
sequences,0.5,26,11,-17.0,8.65,q1,"(100, 100)",0.005280725103119114,0.23868001915961695,0.020784881878666027,0.2095810652281266,0.06963692730937608,0.37915728170447843
sequences,0.5,26,11,-17.0,8.65,q2,"(100, 100)",0.0372415126558416,0.17810532122627462,0.020784881878666027,0.2095810652281266,0.06963692730937608,0.37915728170447843
sequences,0.5,26,11,-17.0,8.65,q3,"(100, 100)",0.004601173162493264,0.23484334186842892,0.020784881878666027,0.2095810652281266,0.06963692730937608,0.37915728170447843
sequences,0.5,26,11,-17.0,8.65,q4,"(100, 100)",0.03601611659321012,0.1756437783724411,0.020784881878666027,0.2095810652281266,0.06963692730937608,0.37915728170447843
sequences,0.5,27,11,-17.0,8.65,q1,"(100, 100)",0.005466605588765866,0.24303970458548513,0.020748711299268013,0.2102592099791057,0.06950992060056285,0.380413259929854
sequences,0.5,27,11,-17.0,8.65,q2,"(100, 100)",0.036916863863686124,0.1706506535010593,0.020748711299268013,0.2102592099791057,0.06950992060056285,0.380413259929854
sequences,0.5,27,11,-17.0,8.65,q3,"(100, 100)",0.006250677253320362,0.2414472391469568,0.020748711299268013,0.2102592099791057,0.06950992060056285,0.380413259929854
sequences,0.5,27,11,-17.0,8.65,q4,"(100, 100)",0.03436069849129969,0.17163507097419695,0.020748711299268013,0.2102592099791057,0.06950992060056285,0.380413259929854
sequences,0.5,28,11,-17.0,8.65,q1,"(100, 100)",0.0034166823561254667,0.24112311175930784,0.020593016245948607,0.21021425400710164,0.06892483054455228,0.3802272847305963
sequences,0.5,28,11,-17.0,8.65,q2,"(100, 100)",0.03885315760149076,0.1755237839070398,0.020593016245948607,0.21021425400710164,0.06892483054455228,0.3802272847305963
sequences,0.5,28,11,-17.0,8.65,q3,"(100, 100)",0.0002665543028216305,0.23978574750583184,0.020593016245948607,0.21021425400710164,0.06892483054455228,0.3802272847305963
sequences,0.5,28,11,-17.0,8.65,q4,"(100, 100)",0.03983567072335656,0.1700060819144428,0.020593016245948607,0.21021425400710164,0.06892483054455228,0.3802272847305963
sequences,0.5,29,11,-17.0,8.65,q1,"(100, 100)",0.0052009263012565395,0.23016382339005514,0.020652819008683286,0.20570651863918923,0.06921765901527703,0.3720983916972623
sequences,0.5,29,11,-17.0,8.65,q2,"(100, 100)",0.037155831270688576,0.1799602604620971,0.020652819008683286,0.20570651863918923,0.06921765901527703,0.3720983916972623
sequences,0.5,29,11,-17.0,8.65,q3,"(100, 100)",0.00347326992747044,0.22860545845547842,0.020652819008683286,0.20570651863918923,0.06921765901527703,0.3720983916972623
sequences,0.5,29,11,-17.0,8.65,q4,"(100, 100)",0.036781248535317584,0.17485072809764196,0.020652819008683286,0.20570651863918923,0.06921765901527703,0.3720983916972623
sequences,0.5,30,11,-17.0,8.65,q1,"(100, 100)",0.00040167791375702704,0.23979546713129976,0.02045273981947856,0.2141697610370103,0.06851265327687317,0.38776070034251914
sequences,0.5,30,11,-17.0,8.65,q2,"(100, 100)",0.04143043867030097,0.1847420533843696,0.02045273981947856,0.2141697610370103,0.06851265327687317,0.38776070034251914
sequences,0.5,30,11,-17.0,8.65,q3,"(100, 100)",0.002627689042082229,0.23876026126880504,0.02045273981947856,0.2141697610370103,0.06851265327687317,0.38776070034251914
sequences,0.5,30,11,-17.0,8.65,q4,"(100, 100)",0.03735115365177402,0.18273312153568014,0.02045273981947856,0.2141697610370103,0.06851265327687317,0.38776070034251914
sequences,0.5,31,11,-17.0,8.65,q1,"(100, 100)",0.0053943052032298195,0.23973039123684997,0.020867910808499743,0.21007166868437646,0.06990339438405407,0.379999241383999
sequences,0.5,31,11,-17.0,8.65,q2,"(100, 100)",0.03722762365420323,0.17715668373421156,0.020867910808499743,0.21007166868437646,0.06990339438405407,0.379999241383999
sequences,0.5,31,11,-17.0,8.65,q3,"(100, 100)",0.00833936504310851,0.2401695259367555,0.020867910808499743,0.21007166868437646,0.06990339438405407,0.379999241383999
sequences,0.5,31,11,-17.0,8.65,q4,"(100, 100)",0.032510349333457415,0.17083409543696781,0.020867910808499743,0.21007166868437646,0.06990339438405407,0.379999241383999
sequences,0.5,32,11,-17.0,8.65,q1,"(100, 100)",0.006646248217420173,0.231988098203455,0.020769594249448218,0.20480315480625386,0.06969077845633158,0.37058282493904565
sequences,0.5,32,11,-17.0,8.65,q2,"(100, 100)",0.03595852386704155,0.1768844407731079,0.020769594249448218,0.20480315480625386,0.06969077845633158,0.37058282493904565
sequences,0.5,32,11,-17.0,8.65,q3,"(100, 100)",0.005362168367498974,0.23095365106768037,0.020769594249448218,0.20480315480625386,0.06969077845633158,0.37058282493904565
sequences,0.5,32,11,-17.0,8.65,q4,"(100, 100)",0.03511143654583218,0.16869471579864015,0.020769594249448218,0.20480315480625386,0.06969077845633158,0.37058282493904565
sequences,0.5,33,11,-17.0,8.65,q1,"(100, 100)",-0.0008896284495588844,0.23682354334717495,0.020409114414690514,0.21302171797578626,0.0684008861824567,0.3857485620722267
sequences,0.5,33,11,-17.0,8.65,q2,"(100, 100)",0.04260071429287781,0.18565092147992235,0.020409114414690514,0.21302171797578626,0.0684008861824567,0.3857485620722267
sequences,0.5,33,11,-17.0,8.65,q3,"(100, 100)",0.001571218711753955,0.2382359190221212,0.020409114414690514,0.21302171797578626,0.0684008861824567,0.3857485620722267
sequences,0.5,33,11,-17.0,8.65,q4,"(100, 100)",0.038354153103689184,0.18050486584697958,0.020409114414690514,0.21302171797578626,0.0684008861824567,0.3857485620722267
sequences,0.5,34,11,-17.0,8.65,q1,"(100, 100)",0.007004805920914546,0.2265365213967826,0.020844587185822546,0.20176635585062208,0.0698311128503268,0.36463679847348124
sequences,0.5,34,11,-17.0,8.65,q2,"(100, 100)",0.035687367199407675,0.17473105762764826,0.020844587185822546,0.20176635585062208,0.0698311128503268,0.36463679847348124
sequences,0.5,34,11,-17.0,8.65,q3,"(100, 100)",0.004862057994981059,0.22153669139983392,0.020844587185822546,0.20176635585062208,0.0698311128503268,0.36463679847348124
sequences,0.5,34,11,-17.0,8.65,q4,"(100, 100)",0.035824117627986915,0.17612135167192727,0.020844587185822546,0.20176635585062208,0.0698311128503268,0.36463679847348124
sequences,0.5,35,11,-17.0,8.65,q1,"(100, 100)",0.00262994048988064,0.2409083829639868,0.020493900096592185,0.21578077327833453,0.06869079972043635,0.39083517708687865
sequences,0.5,35,11,-17.0,8.65,q2,"(100, 100)",0.039350527515954775,0.19070752440373603,0.020493900096592185,0.21578077327833453,0.06869079972043635,0.39083517708687865
sequences,0.5,35,11,-17.0,8.65,q3,"(100, 100)",0.0017472180534131873,0.23850989054064248,0.020493900096592185,0.21578077327833453,0.06869079972043635,0.39083517708687865
sequences,0.5,35,11,-17.0,8.65,q4,"(100, 100)",0.03824791432712013,0.18333263532377841,0.020493900096592185,0.21578077327833453,0.06869079972043635,0.39083517708687865
sequences,0.5,36,11,-17.0,8.65,q1,"(100, 100)",0.0009934506596059392,0.2404156473635885,0.020521755422709797,0.21290044022182936,0.06875535781123979,0.38541444925890644
sequences,0.5,36,11,-17.0,8.65,q2,"(100, 100)",0.04097494841930095,0.1833622280419822,0.020521755422709797,0.21290044022182936,0.06875535781123979,0.38541444925890644
sequences,0.5,36,11,-17.0,8.65,q3,"(100, 100)",0.0018650401203077116,0.24017353353774354,0.020521755422709797,0.21290044022182936,0.06875535781123979,0.38541444925890644
sequences,0.5,36,11,-17.0,8.65,q4,"(100, 100)",0.038253582491624576,0.1753268230963615,0.020521755422709797,0.21290044022182936,0.06875535781123979,0.38541444925890644
sequences,0.5,37,11,-17.0,8.65,q1,"(100, 100)",0.0036922453814963534,0.22440398025209293,0.020635186210307823,0.20616434219166435,0.06905441716826846,0.37268304231221333
sequences,0.5,37,11,-17.0,8.65,q2,"(100, 100)",0.03873896496972044,0.18830261876629303,0.020635186210307823,0.20616434219166435,0.06905441716826846,0.37268304231221333
sequences,0.5,37,11,-17.0,8.65,q3,"(100, 100)",-0.0011788414951260332,0.2259354661719603,0.020635186210307823,0.20616434219166435,0.06905441716826846,0.37268304231221333
sequences,0.5,37,11,-17.0,8.65,q4,"(100, 100)",0.041288375985140555,0.1778647531182416,0.020635186210307823,0.20616434219166435,0.06905441716826846,0.37268304231221333
sequences,0.5,38,11,-17.0,8.65,q1,"(100, 100)",0.005894601545285443,0.23585665452708038,0.020749666067829495,0.20756086913635477,0.0694607617970692,0.3752791821598799
sequences,0.5,38,11,-17.0,8.65,q2,"(100, 100)",0.036603486580421715,0.17952816035801752,0.020749666067829495,0.20756086913635477,0.0694607617970692,0.3752791821598799
sequences,0.5,38,11,-17.0,8.65,q3,"(100, 100)",0.005121986260129521,0.23363225849531988,0.020749666067829495,0.20756086913635477,0.0694607617970692,0.3752791821598799
sequences,0.5,38,11,-17.0,8.65,q4,"(100, 100)",0.0353785898854813,0.17015597895943083,0.020749666067829495,0.20756086913635477,0.0694607617970692,0.3752791821598799
sequences,0.5,39,11,-17.0,8.65,q1,"(100, 100)",0.0065139045459177225,0.23851754688483684,0.020769941673283453,0.2080671036298032,0.06954027512608506,0.3762380589855208
sequences,0.5,39,11,-17.0,8.65,q2,"(100, 100)",0.03599806252665517,0.17443959294676573,0.020769941673283453,0.2080671036298032,0.06954027512608506,0.3762380589855208
sequences,0.5,39,11,-17.0,8.65,q3,"(100, 100)",0.006715224473997635,0.23548253256441673,0.020769941673283453,0.2080671036298032,0.06954027512608506,0.3762380589855208
sequences,0.5,39,11,-17.0,8.65,q4,"(100, 100)",0.033852575146563285,0.17202337898025954,0.020769941673283453,0.2080671036298032,0.06954027512608506,0.3762380589855208
sequences,0.5,40,11,-17.0,8.65,q1,"(100, 100)",0.004703601704685433,0.23298351735161582,0.02059344493050113,0.2070303555401793,0.06907654484025537,0.37472845376533026
sequences,0.5,40,11,-17.0,8.65,q2,"(100, 100)",0.037612021193033515,0.17819881258394482,0.02059344493050113,0.2070303555401793,0.06907654484025537,0.37472845376533026
sequences,0.5,40,11,-17.0,8.65,q3,"(100, 100)",0.002769405949716849,0.230713538711391,0.02059344493050113,0.2070303555401793,0.06907654484025537,0.37472845376533026
sequences,0.5,40,11,-17.0,8.65,q4,"(100, 100)",0.03728875087456873,0.17618981437609257,0.02059344493050113,0.2070303555401793,0.06907654484025537,0.37472845376533026
sequences,0.5,41,11,-17.0,8.65,q1,"(100, 100)",0.007589550895796897,0.22549594111003218,0.020872423319711356,0.1974685154140968,0.0699068017071468,0.3566116852918097
sequences,0.5,41,11,-17.0,8.65,q2,"(100, 100)",0.03515853274200342,0.16864782791421526,0.020872423319711356,0.1974685154140968,0.0699068017071468,0.3566116852918097
sequences,0.5,41,11,-17.0,8.65,q3,"(100, 100)",0.007659215103104831,0.22033332720366505,0.020872423319711356,0.1974685154140968,0.0699068017071468,0.3566116852918097
sequences,0.5,41,11,-17.0,8.65,q4,"(100, 100)",0.03308239453794028,0.16563144035686364,0.020872423319711356,0.1974685154140968,0.0699068017071468,0.3566116852918097
sequences,0.5,42,11,-17.0,8.65,q1,"(100, 100)",0.0025828892420647464,0.23436380919956476,0.020721986687824902,0.20786026655081596,0.06949023034146513,0.3761649266321339
sequences,0.5,42,11,-17.0,8.65,q2,"(100, 100)",0.039818033152963846,0.17871579647352998,0.020721986687824902,0.20786026655081596,0.06949023034146513,0.3761649266321339
sequences,0.5,42,11,-17.0,8.65,q3,"(100, 100)",0.004127713418538791,0.234206582141266,0.020721986687824902,0.20786026655081596,0.06949023034146513,0.3761649266321339
sequences,0.5,42,11,-17.0,8.65,q4,"(100, 100)",0.036359310937732245,0.17289165940130027,0.020721986687824902,0.20786026655081596,0.06949023034146513,0.3761649266321339
sequences,0.5,43,11,-17.0,8.65,q1,"(100, 100)",0.005152210621531855,0.2350377641916474,0.020858977571523087,0.20559638659452248,0.06985591952954819,0.37166849262536483
sequences,0.5,43,11,-17.0,8.65,q2,"(100, 100)",0.037468290590907005,0.1718866629132512,0.020858977571523087,0.20559638659452248,0.06985591952954819,0.37166849262536483
sequences,0.5,43,11,-17.0,8.65,q3,"(100, 100)",0.006377834765017472,0.23304418639115065,0.020858977571523087,0.20559638659452248,0.06985591952954819,0.37166849262536483
sequences,0.5,43,11,-17.0,8.65,q4,"(100, 100)",0.03443757430863602,0.17048599600903644,0.020858977571523087,0.20559638659452248,0.06985591952954819,0.37166849262536483
sequences,0.5,44,11,-17.0,8.65,q1,"(100, 100)",0.0014171666669682069,0.23668215917974567,0.020407294363665313,0.21090869574161694,0.06833752821654353,0.3816833966973688
sequences,0.5,44,11,-17.0,8.65,q2,"(100, 100)",0.04041750659308456,0.18238214713306827,0.020407294363665313,0.21090869574161694,0.06833752821654353,0.3816833966973688
sequences,0.5,44,11,-17.0,8.65,q3,"(100, 100)",-0.0012549562678392408,0.23631523650117095,0.020407294363665313,0.21090869574161694,0.06833752821654353,0.3816833966973688
sequences,0.5,44,11,-17.0,8.65,q4,"(100, 100)",0.04104946046244772,0.17648496542534642,0.020407294363665313,0.21090869574161694,0.06833752821654353,0.3816833966973688
sequences,0.5,45,11,-17.0,8.65,q1,"(100, 100)",0.008102720411552144,0.22769653683055469,0.020713169189604756,0.20171629913447356,0.06937342104866366,0.36455883975169917
sequences,0.5,45,11,-17.0,8.65,q2,"(100, 100)",0.034455219522279264,0.1738432441948953,0.020713169189604756,0.20171629913447356,0.06937342104866366,0.36455883975169917
sequences,0.5,45,11,-17.0,8.65,q3,"(100, 100)",0.004016223345059322,0.227618397929028,0.020713169189604756,0.20171629913447356,0.06937342104866366,0.36455883975169917
sequences,0.5,45,11,-17.0,8.65,q4,"(100, 100)",0.036278513479528283,0.16736667686338583,0.020713169189604756,0.20171629913447356,0.06937342104866366,0.36455883975169917
sequences,0.5,46,11,-17.0,8.65,q1,"(100, 100)",0.005629423992661335,0.22714819301402217,0.02080821047064668,0.2023831566373994,0.0697209263549897,0.3658259622068663
sequences,0.5,46,11,-17.0,8.65,q2,"(100, 100)",0.03699527983401049,0.1778972804622918,0.02080821047064668,0.2023831566373994,0.0697209263549897,0.3658259622068663
sequences,0.5,46,11,-17.0,8.65,q3,"(100, 100)",0.0039544387444213625,0.22559915150120374,0.02080821047064668,0.2023831566373994,0.0697209263549897,0.3658259622068663
sequences,0.5,46,11,-17.0,8.65,q4,"(100, 100)",0.03665369931149352,0.1693207054883452,0.02080821047064668,0.2023831566373994,0.0697209263549897,0.3658259622068663
sequences,0.5,47,11,-17.0,8.65,q1,"(100, 100)",0.007889160314767985,0.2315045226002264,0.020846350702825554,0.202936701211972,0.06979026013667745,0.36668696882130103
sequences,0.5,47,11,-17.0,8.65,q2,"(100, 100)",0.03482412478700952,0.1718417222394534,0.020846350702825554,0.202936701211972,0.06979026013667745,0.36668696882130103
sequences,0.5,47,11,-17.0,8.65,q3,"(100, 100)",0.0067010015668657824,0.2324222934680441,0.020846350702825554,0.202936701211972,0.06979026013667745,0.36668696882130103
sequences,0.5,47,11,-17.0,8.65,q4,"(100, 100)",0.03397111614265892,0.16387055100454526,0.020846350702825554,0.202936701211972,0.06979026013667745,0.36668696882130103
sequences,0.5,48,11,-17.0,8.65,q1,"(100, 100)",0.005379631688340382,0.23471107569703126,0.020780294091120127,0.21162073997313924,0.06953419471681488,0.38270375261767703
sequences,0.5,48,11,-17.0,8.65,q2,"(100, 100)",0.03715134554707248,0.18439425906404794,0.020780294091120127,0.21162073997313924,0.06953419471681488,0.38270375261767703
sequences,0.5,48,11,-17.0,8.65,q3,"(100, 100)",0.004386858270645102,0.23971839792034488,0.020780294091120127,0.21162073997313924,0.06953419471681488,0.38270375261767703
sequences,0.5,48,11,-17.0,8.65,q4,"(100, 100)",0.03620334085842255,0.17766851543584822,0.020780294091120127,0.21162073997313924,0.06953419471681488,0.38270375261767703
sequences,0.5,49,11,-17.0,8.65,q1,"(100, 100)",0.004681416573430377,0.2408183824872862,0.02064685639161122,0.20982923854083468,0.06913395744721652,0.37956861824897625
sequences,0.5,49,11,-17.0,8.65,q2,"(100, 100)",0.03759511164042092,0.17572461633510683,0.02064685639161122,0.20982923854083468,0.06913395744721652,0.37956861824897625
sequences,0.5,49,11,-17.0,8.65,q3,"(100, 100)",0.0032201841594949286,0.23843129729735607,0.02064685639161122,0.20982923854083468,0.06913395744721652,0.37956861824897625
sequences,0.5,49,11,-17.0,8.65,q4,"(100, 100)",0.037090713193098646,0.17109907004286218,0.02064685639161122,0.20982923854083468,0.06913395744721652,0.37956861824897625
sequences,0.5,0,12,-22.0,7.18,q1,"(100, 100)",0.0074273461604877295,0.24157723850827137,0.02241105187496517,0.2113307618552497,0.0750474738383095,0.381581180065417
sequences,0.5,0,12,-22.0,7.18,q2,"(100, 100)",0.038478480479636736,0.17557971989768426,0.02241105187496517,0.2113307618552497,0.0750474738383095,0.381581180065417
sequences,0.5,0,12,-22.0,7.18,q3,"(100, 100)",0.0053639992390537745,0.24302835049681953,0.02241105187496517,0.2113307618552497,0.0750474738383095,0.381581180065417
sequences,0.5,0,12,-22.0,7.18,q4,"(100, 100)",0.038374381620682456,0.17135950710829642,0.02241105187496517,0.2113307618552497,0.0750474738383095,0.381581180065417
sequences,0.5,1,12,-22.0,7.18,q1,"(100, 100)",0.014142964094099188,0.23641483322986845,0.022542514050853567,0.20175358796159837,0.07554461813288729,0.3638752436761855
sequences,0.5,1,12,-22.0,7.18,q2,"(100, 100)",0.03205876313266587,0.1614128667561678,0.022542514050853567,0.20175358796159837,0.07554461813288729,0.3638752436761855
sequences,0.5,1,12,-22.0,7.18,q3,"(100, 100)",0.009116097908315515,0.23413814918237386,0.022542514050853567,0.20175358796159837,0.07554461813288729,0.3638752436761855
sequences,0.5,1,12,-22.0,7.18,q4,"(100, 100)",0.03485223106833368,0.15986985949161608,0.022542514050853567,0.20175358796159837,0.07554461813288729,0.3638752436761855
sequences,0.5,2,12,-22.0,7.18,q1,"(100, 100)",0.006114895893857592,0.24069809978031811,0.022369860174530864,0.20916409412381984,0.07497230054304437,0.3777334518582122
sequences,0.5,2,12,-22.0,7.18,q2,"(100, 100)",0.03972352709490199,0.17271296507370434,0.022369860174530864,0.20916409412381984,0.07497230054304437,0.3777334518582122
sequences,0.5,2,12,-22.0,7.18,q3,"(100, 100)",0.0046347814923260715,0.2385535629796525,0.022369860174530864,0.20916409412381984,0.07497230054304437,0.3777334518582122
sequences,0.5,2,12,-22.0,7.18,q4,"(100, 100)",0.039006236217037804,0.1707883236255284,0.022369860174530864,0.20916409412381984,0.07497230054304437,0.3777334518582122
sequences,0.5,3,12,-22.0,7.18,q1,"(100, 100)",0.004677867847342047,0.2396564059279338,0.022513325379306542,0.21253325190297861,0.07540258018690962,0.3837949566385613
sequences,0.5,3,12,-22.0,7.18,q2,"(100, 100)",0.041467668742597594,0.18236310809939255,0.022513325379306542,0.21253325190297861,0.07540258018690962,0.3837949566385613
sequences,0.5,3,12,-22.0,7.18,q3,"(100, 100)",0.007414411998189092,0.23757657641149788,0.022513325379306542,0.21253325190297861,0.07540258018690962,0.3837949566385613
sequences,0.5,3,12,-22.0,7.18,q4,"(100, 100)",0.03649335292909743,0.1801294475291444,0.022513325379306542,0.21253325190297861,0.07540258018690962,0.3837949566385613
sequences,0.5,4,12,-22.0,7.18,q1,"(100, 100)",0.009810658611839784,0.24361476451926906,0.022433602528787563,0.20928117937095464,0.07511041275228113,0.37773862651556184
sequences,0.5,4,12,-22.0,7.18,q2,"(100, 100)",0.03610611185992108,0.17291178530240436,0.022433602528787563,0.20928117937095464,0.07511041275228113,0.37773862651556184
sequences,0.5,4,12,-22.0,7.18,q3,"(100, 100)",0.00947391895249541,0.24118363605800072,0.022433602528787563,0.20928117937095464,0.07511041275228113,0.37773862651556184
sequences,0.5,4,12,-22.0,7.18,q4,"(100, 100)",0.034343720690893975,0.16468813657217576,0.022433602528787563,0.20928117937095464,0.07511041275228113,0.37773862651556184
sequences,0.5,5,12,-22.0,7.18,q1,"(100, 100)",0.005260310501161383,0.2626112243093522,0.022326701923179374,0.22139078125851275,0.07475875413755023,0.4002478857943564
sequences,0.5,5,12,-22.0,7.18,q2,"(100, 100)",0.04047852789793119,0.17298879960622413,0.022326701923179374,0.22139078125851275,0.07475875413755023,0.4002478857943564
sequences,0.5,5,12,-22.0,7.18,q3,"(100, 100)",0.006385350032009674,0.25886678574005106,0.022326701923179374,0.22139078125851275,0.07475875413755023,0.4002478857943564
sequences,0.5,5,12,-22.0,7.18,q4,"(100, 100)",0.03718261926161525,0.1704644946629708,0.022326701923179374,0.22139078125851275,0.07475875413755023,0.4002478857943564
sequences,0.5,6,12,-22.0,7.18,q1,"(100, 100)",0.008339768095520146,0.23609008228828826,0.022415590075129273,0.20866858341111635,0.0750438234855349,0.37659552236673777
sequences,0.5,6,12,-22.0,7.18,q2,"(100, 100)",0.03756268338891084,0.179088441052083,0.022415590075129273,0.20866858341111635,0.0750438234855349,0.37659552236673777
sequences,0.5,6,12,-22.0,7.18,q3,"(100, 100)",0.006191551519971956,0.23500346753672052,0.022415590075129273,0.20866858341111635,0.0750438234855349,0.37659552236673777
sequences,0.5,6,12,-22.0,7.18,q4,"(100, 100)",0.037568357296114144,0.17381626909417566,0.022415590075129273,0.20866858341111635,0.0750438234855349,0.37659552236673777
sequences,0.5,7,12,-22.0,7.18,q1,"(100, 100)",0.009616481150448272,0.237627664584207,0.022483155483405914,0.20452553899073359,0.07533307248586334,0.369023666000819
sequences,0.5,7,12,-22.0,7.18,q2,"(100, 100)",0.036442532719916036,0.16918890906113562,0.022483155483405914,0.20452553899073359,0.07533307248586334,0.369023666000819
sequences,0.5,7,12,-22.0,7.18,q3,"(100, 100)",0.009119188977992533,0.23323272523977973,0.022483155483405914,0.20452553899073359,0.07533307248586334,0.369023666000819
sequences,0.5,7,12,-22.0,7.18,q4,"(100, 100)",0.034754419085266816,0.16475403278104722,0.022483155483405914,0.20452553899073359,0.07533307248586334,0.369023666000819
sequences,0.5,8,12,-22.0,7.18,q1,"(100, 100)",0.017164591809587744,0.23736343271931853,0.022451583290861266,0.1974194917668612,0.07522098430642857,0.3558219510286359
sequences,0.5,8,12,-22.0,7.18,q2,"(100, 100)",0.028849922467681335,0.148504853529625,0.022451583290861266,0.1974194917668612,0.07522098430642857,0.3558219510286359
sequences,0.5,8,12,-22.0,7.18,q3,"(100, 100)",0.013339505800717567,0.23406988703078355,0.022451583290861266,0.1974194917668612,0.07522098430642857,0.3558219510286359
sequences,0.5,8,12,-22.0,7.18,q4,"(100, 100)",0.030452313085458423,0.1499936249732243,0.022451583290861266,0.1974194917668612,0.07522098430642857,0.3558219510286359
sequences,0.5,9,12,-22.0,7.18,q1,"(100, 100)",0.0018859076431619582,0.2400402570637237,0.02228445558429891,0.21444599791770427,0.07461105075516503,0.38738376332163693
sequences,0.5,9,12,-22.0,7.18,q2,"(100, 100)",0.04381437038442481,0.18419084175109135,0.02228445558429891,0.21444599791770427,0.07461105075516503,0.38738376332163693
sequences,0.5,9,12,-22.0,7.18,q3,"(100, 100)",0.0022803893249493984,0.2404552049041147,0.02228445558429891,0.21444599791770427,0.07461105075516503,0.38738376332163693
sequences,0.5,9,12,-22.0,7.18,q4,"(100, 100)",0.04115715498465949,0.18151602654045143,0.02228445558429891,0.21444599791770427,0.07461105075516503,0.38738376332163693
sequences,0.5,10,12,-22.0,7.18,q1,"(100, 100)",0.011241970919771208,0.2378000665029093,0.022470260328119867,0.20443550699243485,0.07528986539829072,0.3688626606187217
sequences,0.5,10,12,-22.0,7.18,q2,"(100, 100)",0.034840238564028604,0.16781070498750125,0.022470260328119867,0.20443550699243485,0.07528986539829072,0.3688626606187217
sequences,0.5,10,12,-22.0,7.18,q3,"(100, 100)",0.00804713778229627,0.23344210971050736,0.022470260328119867,0.20443550699243485,0.07528986539829072,0.3688626606187217
sequences,0.5,10,12,-22.0,7.18,q4,"(100, 100)",0.035751694046383384,0.16524971819508116,0.022470260328119867,0.20443550699243485,0.07528986539829072,0.3688626606187217
sequences,0.5,11,12,-22.0,7.18,q1,"(100, 100)",0.0021468914117933053,0.24603246231215187,0.022504986822391077,0.21794736192859587,0.07545046290299581,0.3940276428814864
sequences,0.5,11,12,-22.0,7.18,q2,"(100, 100)",0.04392890025686801,0.1879387045157467,0.022504986822391077,0.21794736192859587,0.07545046290299581,0.3940276428814864
sequences,0.5,11,12,-22.0,7.18,q3,"(100, 100)",0.0018935905494741946,0.24583115711428752,0.022504986822391077,0.21794736192859587,0.07545046290299581,0.3940276428814864
sequences,0.5,11,12,-22.0,7.18,q4,"(100, 100)",0.04205056507142881,0.17899169788274233,0.022504986822391077,0.21794736192859587,0.07545046290299581,0.3940276428814864
sequences,0.5,12,12,-22.0,7.18,q1,"(100, 100)",0.01042816654664771,0.2401835788101094,0.022554925679664654,0.2062738929476992,0.07560521471437075,0.3723105961958053
sequences,0.5,12,12,-22.0,7.18,q2,"(100, 100)",0.03578522498995624,0.1708835266403209,0.022554925679664654,0.2062738929476992,0.07560521471437075,0.3723105961958053
sequences,0.5,12,12,-22.0,7.18,q3,"(100, 100)",0.0103588914694631,0.23737262673783316,0.022554925679664654,0.2062738929476992,0.07560521471437075,0.3723105961958053
sequences,0.5,12,12,-22.0,7.18,q4,"(100, 100)",0.03364741971259157,0.16237824587817953,0.022554925679664654,0.2062738929476992,0.07560521471437075,0.3723105961958053
sequences,0.5,13,12,-22.0,7.18,q1,"(100, 100)",0.0007756989930383768,0.24268044411702436,0.022398452059358937,0.2118886891257683,0.07506183666005005,0.38276035613483567
sequences,0.5,13,12,-22.0,7.18,q2,"(100, 100)",0.04521098021918505,0.17573538643712217,0.022398452059358937,0.2118886891257683,0.07506183666005005,0.38276035613483567
sequences,0.5,13,12,-22.0,7.18,q3,"(100, 100)",0.0035069349893291886,0.2418874760911703,0.022398452059358937,0.2118886891257683,0.07506183666005005,0.38276035613483567
sequences,0.5,13,12,-22.0,7.18,q4,"(100, 100)",0.04010019403588312,0.1721708315816823,0.022398452059358937,0.2118886891257683,0.07506183666005005,0.38276035613483567
sequences,0.5,14,12,-22.0,7.18,q1,"(100, 100)",0.007475738514594924,0.2413864085217752,0.0225811108097872,0.20556334136250512,0.07564227722899992,0.3708592441321119
sequences,0.5,14,12,-22.0,7.18,q2,"(100, 100)",0.03874902539508908,0.16608932707766952,0.0225811108097872,0.20556334136250512,0.07564227722899992,0.3708592441321119
sequences,0.5,14,12,-22.0,7.18,q3,"(100, 100)",0.005366062497236287,0.2355748060006543,0.0225811108097872,0.20556334136250512,0.07564227722899992,0.3708592441321119
sequences,0.5,14,12,-22.0,7.18,q4,"(100, 100)",0.03873361683222852,0.1631862805650292,0.0225811108097872,0.20556334136250512,0.07564227722899992,0.3708592441321119
sequences,0.5,15,12,-22.0,7.18,q1,"(100, 100)",0.006873057688260283,0.23914229357895303,0.022494218881341753,0.20536524975042203,0.07535751719042466,0.3705479088739418
sequences,0.5,15,12,-22.0,7.18,q2,"(100, 100)",0.03918281527067777,0.1663541560972797,0.022494218881341753,0.20536524975042203,0.07535751719042466,0.3705479088739418
sequences,0.5,15,12,-22.0,7.18,q3,"(100, 100)",0.007301415304442233,0.2381502217653526,0.022494218881341753,0.20536524975042203,0.07535751719042466,0.3705479088739418
sequences,0.5,15,12,-22.0,7.18,q4,"(100, 100)",0.03661958726198674,0.16176648610081257,0.022494218881341753,0.20536524975042203,0.07535751719042466,0.3705479088739418
sequences,0.5,16,12,-22.0,7.18,q1,"(100, 100)",0.004268681277275255,0.2508383397909716,0.022219455983076154,0.2201641629138775,0.07446198385749381,0.39818395591070577
sequences,0.5,16,12,-22.0,7.18,q2,"(100, 100)",0.04125780886937153,0.1867105641375954,0.022219455983076154,0.2201641629138775,0.07446198385749381,0.39818395591070577
sequences,0.5,16,12,-22.0,7.18,q3,"(100, 100)",0.002228642779413583,0.247355401851646,0.022219455983076154,0.2201641629138775,0.07446198385749381,0.39818395591070577
sequences,0.5,16,12,-22.0,7.18,q4,"(100, 100)",0.04112269100624424,0.18298081356078805,0.022219455983076154,0.2201641629138775,0.07446198385749381,0.39818395591070577
sequences,0.5,17,12,-22.0,7.18,q1,"(100, 100)",0.005575899843757429,0.2401653304673339,0.022437372809587214,0.2061398503952256,0.07515448939737802,0.37198316701893075
sequences,0.5,17,12,-22.0,7.18,q2,"(100, 100)",0.04045770643864348,0.16879188432191342,0.022437372809587214,0.2061398503952256,0.07515448939737802,0.37198316701893075
sequences,0.5,17,12,-22.0,7.18,q3,"(100, 100)",0.005942288260998483,0.23739842134159564,0.022437372809587214,0.2061398503952256,0.07515448939737802,0.37198316701893075
sequences,0.5,17,12,-22.0,7.18,q4,"(100, 100)",0.03777359669494946,0.16226560259324616,0.022437372809587214,0.2061398503952256,0.07515448939737802,0.37198316701893075
sequences,0.5,18,12,-22.0,7.18,q1,"(100, 100)",0.0038433058399826086,0.24945461459098414,0.022516243912968633,0.21593907798370224,0.07549453114155451,0.3903136201687795
sequences,0.5,18,12,-22.0,7.18,q2,"(100, 100)",0.04231654227827994,0.17733724754554211,0.022516243912968633,0.21593907798370224,0.07549453114155451,0.3903136201687795
sequences,0.5,18,12,-22.0,7.18,q3,"(100, 100)",0.005406849761812345,0.24858228247746197,0.022516243912968633,0.21593907798370224,0.07549453114155451,0.3903136201687795
sequences,0.5,18,12,-22.0,7.18,q4,"(100, 100)",0.03849827777179965,0.17251260570236113,0.022516243912968633,0.21593907798370224,0.07549453114155451,0.3903136201687795
sequences,0.5,19,12,-22.0,7.18,q1,"(100, 100)",0.008434068969316198,0.23532587333223812,0.02254481169787115,0.20010446507061042,0.07553966057252857,0.36078058953109615
sequences,0.5,19,12,-22.0,7.18,q2,"(100, 100)",0.037713523235439354,0.1608327056323578,0.02254481169787115,0.20010446507061042,0.07553966057252857,0.36078058953109615
sequences,0.5,19,12,-22.0,7.18,q3,"(100, 100)",0.008958295445781292,0.23160480587095095,0.02254481169787115,0.20010446507061042,0.07553966057252857,0.36078058953109615
sequences,0.5,19,12,-22.0,7.18,q4,"(100, 100)",0.03507335914094775,0.15655738566637903,0.02254481169787115,0.20010446507061042,0.07553966057252857,0.36078058953109615
sequences,0.5,20,12,-22.0,7.18,q1,"(100, 100)",0.009869476285393948,0.23357510669100193,0.02244747930624564,0.20193469295256647,0.07528290200803435,0.36438954055894474
sequences,0.5,20,12,-22.0,7.18,q2,"(100, 100)",0.036089395404492984,0.16519630207345157,0.02244747930624564,0.20193469295256647,0.07528290200803435,0.36438954055894474
sequences,0.5,20,12,-22.0,7.18,q3,"(100, 100)",0.007881039338284046,0.23180600120892236,0.02244747930624564,0.20193469295256647,0.07528290200803435,0.36438954055894474
sequences,0.5,20,12,-22.0,7.18,q4,"(100, 100)",0.035950006196811594,0.16367804541192285,0.02244747930624564,0.20193469295256647,0.07528290200803435,0.36438954055894474
sequences,0.5,21,12,-22.0,7.18,q1,"(100, 100)",0.0028217878765291336,0.25218934423627326,0.022344479156305445,0.22160441618749396,0.0748496077591674,0.40071670789187314
sequences,0.5,21,12,-22.0,7.18,q2,"(100, 100)",0.04298509138364604,0.18662605037021274,0.022344479156305445,0.22160441618749396,0.0748496077591674,0.40071670789187314
sequences,0.5,21,12,-22.0,7.18,q3,"(100, 100)",0.001133159142436294,0.25308955685751205,0.022344479156305445,0.22160441618749396,0.0748496077591674,0.40071670789187314
sequences,0.5,21,12,-22.0,7.18,q4,"(100, 100)",0.04243787822261031,0.17969463584388987,0.022344479156305445,0.22160441618749396,0.0748496077591674,0.40071670789187314
sequences,0.5,22,12,-22.0,7.18,q1,"(100, 100)",0.0035698156935342986,0.2479193597963876,0.02241241306430402,0.2168415381416705,0.07510233078429764,0.39192376442725574
sequences,0.5,22,12,-22.0,7.18,q2,"(100, 100)",0.042311821072244515,0.18559418742686998,0.02241241306430402,0.2168415381416705,0.07510233078429764,0.39192376442725574
sequences,0.5,22,12,-22.0,7.18,q3,"(100, 100)",0.0048156007731437675,0.2419706515680588,0.02241241306430402,0.2168415381416705,0.07510233078429764,0.39192376442725574
sequences,0.5,22,12,-22.0,7.18,q4,"(100, 100)",0.038952414718293506,0.17968793419023074,0.02241241306430402,0.2168415381416705,0.07510233078429764,0.39192376442725574
sequences,0.5,23,12,-22.0,7.18,q1,"(100, 100)",0.005010158032860464,0.2447326408165195,0.0224371036342806,0.21268519265806035,0.0751284233526891,0.384065463400387
sequences,0.5,23,12,-22.0,7.18,q2,"(100, 100)",0.040869605118402395,0.17746196183996657,0.0224371036342806,0.21268519265806035,0.0751284233526891,0.384065463400387
sequences,0.5,23,12,-22.0,7.18,q3,"(100, 100)",0.0032122933678063186,0.24272517813960706,0.0224371036342806,0.21268519265806035,0.0751284233526891,0.384065463400387
sequences,0.5,23,12,-22.0,7.18,q4,"(100, 100)",0.04065635801805322,0.17115095417766202,0.0224371036342806,0.21268519265806035,0.0751284233526891,0.384065463400387
sequences,0.5,24,12,-22.0,7.18,q1,"(100, 100)",0.005491811179179178,0.23917221932566737,0.022517839705315585,0.20957318857273288,0.07548722663531876,0.37846915921013563
sequences,0.5,24,12,-22.0,7.18,q2,"(100, 100)",0.04060301936166417,0.1742220588748876,0.022517839705315585,0.20957318857273288,0.07548722663531876,0.37846915921013563
sequences,0.5,24,12,-22.0,7.18,q3,"(100, 100)",0.004266609577985746,0.23929396403397188,0.022517839705315585,0.20957318857273288,0.07548722663531876,0.37846915921013563
sequences,0.5,24,12,-22.0,7.18,q4,"(100, 100)",0.039709918702433254,0.17210396161427588,0.022517839705315585,0.20957318857273288,0.07548722663531876,0.37846915921013563
sequences,0.5,25,12,-22.0,7.18,q1,"(100, 100)",0.006955371590282905,0.2507517204314303,0.022452122014403563,0.21259798122121543,0.07522909034814394,0.3840205199131686
sequences,0.5,25,12,-22.0,7.18,q2,"(100, 100)",0.03899247793025638,0.1689678883758896,0.022452122014403563,0.21259798122121543,0.07522909034814394,0.3840205199131686
sequences,0.5,25,12,-22.0,7.18,q3,"(100, 100)",0.0033305858619626606,0.2446619331634916,0.022452122014403563,0.21259798122121543,0.07522909034814394,0.3840205199131686
sequences,0.5,25,12,-22.0,7.18,q4,"(100, 100)",0.04053005267511229,0.16822424012961365,0.022452122014403563,0.21259798122121543,0.07522909034814394,0.3840205199131686
sequences,0.5,26,12,-22.0,7.18,q1,"(100, 100)",0.0018002997363430438,0.25326659566129245,0.022479482932218985,0.22009605192135992,0.07535864207917863,0.39800700241582115
sequences,0.5,26,12,-22.0,7.18,q2,"(100, 100)",0.044191621018884235,0.18379133375672893,0.022479482932218985,0.22009605192135992,0.07535864207917863,0.39800700241582115
sequences,0.5,26,12,-22.0,7.18,q3,"(100, 100)",0.0020370395678404314,0.25052641798344794,0.022479482932218985,0.22009605192135992,0.07535864207917863,0.39800700241582115
sequences,0.5,26,12,-22.0,7.18,q4,"(100, 100)",0.04188897140580824,0.17716859779450028,0.022479482932218985,0.22009605192135992,0.07535864207917863,0.39800700241582115
sequences,0.5,27,12,-22.0,7.18,q1,"(100, 100)",0.006337004291317574,0.25503414263897967,0.02232270066559942,0.2170178938456993,0.07479544535298849,0.3922751865742854
sequences,0.5,27,12,-22.0,7.18,q2,"(100, 100)",0.03941066837064214,0.1702366265342743,0.02232270066559942,0.2170178938456993,0.07479544535298849,0.3922751865742854
sequences,0.5,27,12,-22.0,7.18,q3,"(100, 100)",0.010188979618571384,0.2556561731543771,0.02232270066559942,0.2170178938456993,0.07479544535298849,0.3922751865742854
sequences,0.5,27,12,-22.0,7.18,q4,"(100, 100)",0.033354150381866565,0.16789163767571524,0.02232270066559942,0.2170178938456993,0.07479544535298849,0.3922751865742854
sequences,0.5,28,12,-22.0,7.18,q1,"(100, 100)",0.008150422999050761,0.23608294142125438,0.022483251628593076,0.20569904517730642,0.075270343584175,0.37105371052629943
sequences,0.5,28,12,-22.0,7.18,q2,"(100, 100)",0.03789211265650306,0.17147329037491377,0.022483251628593076,0.20569904517730642,0.075270343584175,0.37105371052629943
sequences,0.5,28,12,-22.0,7.18,q3,"(100, 100)",0.005115603212498469,0.23351634883096403,0.022483251628593076,0.20569904517730642,0.075270343584175,0.37105371052629943
sequences,0.5,28,12,-22.0,7.18,q4,"(100, 100)",0.038774867646320016,0.16902764299158698,0.022483251628593076,0.20569904517730642,0.075270343584175,0.37105371052629943
sequences,0.5,29,12,-22.0,7.18,q1,"(100, 100)",0.007986758028058618,0.2398184363662661,0.022499280712218676,0.2097879108269922,0.07536185132211914,0.37872405956539673
sequences,0.5,29,12,-22.0,7.18,q2,"(100, 100)",0.03800946541531668,0.17815525760039397,0.022499280712218676,0.2097879108269922,0.07536185132211914,0.37872405956539673
sequences,0.5,29,12,-22.0,7.18,q3,"(100, 100)",0.007091969166833181,0.235477435539258,0.022499280712218676,0.2097879108269922,0.07536185132211914,0.37872405956539673
sequences,0.5,29,12,-22.0,7.18,q4,"(100, 100)",0.03690893023866621,0.17448744036157174,0.022499280712218676,0.2097879108269922,0.07536185132211914,0.37872405956539673
sequences,0.5,30,12,-22.0,7.18,q1,"(100, 100)",0.005190371350845283,0.2488804334880002,0.02248750870102152,0.21739350708366506,0.07526569726724633,0.39269152470975877
sequences,0.5,30,12,-22.0,7.18,q2,"(100, 100)",0.040855040752321055,0.18116813618042163,0.02248750870102152,0.21739350708366506,0.07526569726724633,0.39269152470975877
sequences,0.5,30,12,-22.0,7.18,q3,"(100, 100)",0.002479435107528133,0.25163574175342923,0.02248750870102152,0.21739350708366506,0.07526569726724633,0.39269152470975877
sequences,0.5,30,12,-22.0,7.18,q4,"(100, 100)",0.041425187593391616,0.17193115347592297,0.02248750870102152,0.21739350708366506,0.07526569726724633,0.39269152470975877
sequences,0.5,31,12,-22.0,7.18,q1,"(100, 100)",0.007368150734136364,0.2486577420820426,0.022500080497557116,0.21234634207590738,0.07535821986957085,0.38345440724056
sequences,0.5,31,12,-22.0,7.18,q2,"(100, 100)",0.03871471025565614,0.170581287277919,0.022500080497557116,0.21234634207590738,0.07535821986957085,0.38345440724056
sequences,0.5,31,12,-22.0,7.18,q3,"(100, 100)",0.009236609689334659,0.24624798632033865,0.022500080497557116,0.21234634207590738,0.07535821986957085,0.38345440724056
sequences,0.5,31,12,-22.0,7.18,q4,"(100, 100)",0.034680851311101296,0.16727515232834161,0.022500080497557116,0.21234634207590738,0.07535821986957085,0.38345440724056
sequences,0.5,32,12,-22.0,7.18,q1,"(100, 100)",0.002037549609695704,0.24463798618519556,0.022294554018518528,0.2150078414763738,0.07471365287707281,0.3885928396029728
sequences,0.5,32,12,-22.0,7.18,q2,"(100, 100)",0.04369158598175784,0.18119285352438813,0.022294554018518528,0.2150078414763738,0.07471365287707281,0.3885928396029728
sequences,0.5,32,12,-22.0,7.18,q3,"(100, 100)",0.00145138056829173,0.24091552998898225,0.022294554018518528,0.2150078414763738,0.07471365287707281,0.3885928396029728
sequences,0.5,32,12,-22.0,7.18,q4,"(100, 100)",0.041997699914328834,0.18028801818275303,0.022294554018518528,0.2150078414763738,0.07471365287707281,0.3885928396029728
sequences,0.5,33,12,-22.0,7.18,q1,"(100, 100)",0.004528192720924845,0.2500445800460417,0.02238948510500351,0.2150825880927639,0.07509470100621671,0.3888452917593045
sequences,0.5,33,12,-22.0,7.18,q2,"(100, 100)",0.04141036623530531,0.1745652546413136,0.02238948510500351,0.2150825880927639,0.07509470100621671,0.3888452917593045
sequences,0.5,33,12,-22.0,7.18,q3,"(100, 100)",0.004502693625580918,0.24708852809111145,0.02238948510500351,0.2150825880927639,0.07509470100621671,0.3888452917593045
sequences,0.5,33,12,-22.0,7.18,q4,"(100, 100)",0.03911668783820297,0.17237593116441086,0.02238948510500351,0.2150825880927639,0.07509470100621671,0.3888452917593045
sequences,0.5,34,12,-22.0,7.18,q1,"(100, 100)",0.006304596915952657,0.25067793211546,0.02235884516459686,0.21660628466639312,0.07490400390149703,0.3914643448581829
sequences,0.5,34,12,-22.0,7.18,q2,"(100, 100)",0.039439839260233915,0.180227904775074,0.02235884516459686,0.21660628466639312,0.07490400390149703,0.3914643448581829
sequences,0.5,34,12,-22.0,7.18,q3,"(100, 100)",0.0027635516682695716,0.24580565970636356,0.02235884516459686,0.21660628466639312,0.07490400390149703,0.3914643448581829
sequences,0.5,34,12,-22.0,7.18,q4,"(100, 100)",0.04092739281393129,0.17507974994213396,0.02235884516459686,0.21660628466639312,0.07490400390149703,0.3914643448581829
sequences,0.5,35,12,-22.0,7.18,q1,"(100, 100)",0.007622238536165507,0.2611770990849061,0.02230475667002892,0.22200551755582576,0.07476663595082182,0.4016070139568403
sequences,0.5,35,12,-22.0,7.18,q2,"(100, 100)",0.038034541821348224,0.178487018755,0.02230475667002892,0.22200551755582576,0.07476663595082182,0.4016070139568403
sequences,0.5,35,12,-22.0,7.18,q3,"(100, 100)",0.0083803616079642,0.25590434531259754,0.02230475667002892,0.22200551755582576,0.07476663595082182,0.4016070139568403
sequences,0.5,35,12,-22.0,7.18,q4,"(100, 100)",0.03518188471463775,0.17539943191588978,0.02230475667002892,0.22200551755582576,0.07476663595082182,0.4016070139568403
sequences,0.5,36,12,-22.0,7.18,q1,"(100, 100)",0.0066113291983942645,0.2464123397431547,0.02240093999570416,0.2157375257679224,0.07505131081566013,0.38985055683079395
sequences,0.5,36,12,-22.0,7.18,q2,"(100, 100)",0.03925941037536953,0.18341475814764283,0.02240093999570416,0.2157375257679224,0.07505131081566013,0.38985055683079395
sequences,0.5,36,12,-22.0,7.18,q3,"(100, 100)",0.008142218112312059,0.24419321017733076,0.02240093999570416,0.2157375257679224,0.07505131081566013,0.38985055683079395
sequences,0.5,36,12,-22.0,7.18,q4,"(100, 100)",0.03559080229674078,0.1768320617624385,0.02240093999570416,0.2157375257679224,0.07505131081566013,0.38985055683079395
sequences,0.5,37,12,-22.0,7.18,q1,"(100, 100)",0.008932142339235498,0.23837882108269315,0.02260763422051997,0.20509958270821294,0.07575650237252231,0.3700447645574599
sequences,0.5,37,12,-22.0,7.18,q2,"(100, 100)",0.03735912704817408,0.16563474519238358,0.02260763422051997,0.20509958270821294,0.07575650237252231,0.3700447645574599
sequences,0.5,37,12,-22.0,7.18,q3,"(100, 100)",0.007755975325032475,0.23721749354480628,0.02260763422051997,0.20509958270821294,0.07575650237252231,0.3700447645574599
sequences,0.5,37,12,-22.0,7.18,q4,"(100, 100)",0.03638329216963782,0.1640637643302543,0.02260763422051997,0.20509958270821294,0.07575650237252231,0.3700447645574599
sequences,0.5,38,12,-22.0,7.18,q1,"(100, 100)",0.005242267796899336,0.24745451019110185,0.022399148577038584,0.21315617091977684,0.07507046024981512,0.3851267536664968
sequences,0.5,38,12,-22.0,7.18,q2,"(100, 100)",0.04061418845163723,0.17541187041773748,0.022399148577038584,0.21315617091977684,0.07507046024981512,0.3851267536664968
sequences,0.5,38,12,-22.0,7.18,q3,"(100, 100)",0.004086086866258626,0.2441612786852825,0.022399148577038584,0.21315617091977684,0.07507046024981512,0.3851267536664968
sequences,0.5,38,12,-22.0,7.18,q4,"(100, 100)",0.03965405119335915,0.1698975508030247,0.022399148577038584,0.21315617091977684,0.07507046024981512,0.3851267536664968
sequences,0.5,39,12,-22.0,7.18,q1,"(100, 100)",0.006653221968243234,0.24335429480449217,0.022522002462923397,0.2130505121104372,0.07555183650762629,0.3850449145723504
sequences,0.5,39,12,-22.0,7.18,q2,"(100, 100)",0.03942763303195684,0.17766555769765677,0.022522002462923397,0.2130505121104372,0.07555183650762629,0.3850449145723504
sequences,0.5,39,12,-22.0,7.18,q3,"(100, 100)",0.004683406900934695,0.24502783523025248,0.022522002462923397,0.2130505121104372,0.07555183650762629,0.3850449145723504
sequences,0.5,39,12,-22.0,7.18,q4,"(100, 100)",0.03932374795055881,0.1720434448918728,0.022522002462923397,0.2130505121104372,0.07555183650762629,0.3850449145723504
sequences,0.5,40,12,-22.0,7.18,q1,"(100, 100)",0.017521183582889857,0.23462888806332222,0.0225832151556767,0.19570013361731448,0.0756176633372734,0.3524606950901276
sequences,0.5,40,12,-22.0,7.18,q2,"(100, 100)",0.02874123838232327,0.15126160760345986,0.0225832151556767,0.19570013361731448,0.0756176633372734,0.3524606950901276
sequences,0.5,40,12,-22.0,7.18,q3,"(100, 100)",0.01986048853572267,0.23253079875965696,0.0225832151556767,0.19570013361731448,0.0756176633372734,0.3524606950901276
sequences,0.5,40,12,-22.0,7.18,q4,"(100, 100)",0.024209950121770997,0.14532447436794702,0.0225832151556767,0.19570013361731448,0.0756176633372734,0.3524606950901276
sequences,0.5,41,12,-22.0,7.18,q1,"(100, 100)",0.013346620519324575,0.24223869104156326,0.022498232652513404,0.20528574343915612,0.0753709636600114,0.37039837061203285
sequences,0.5,41,12,-22.0,7.18,q2,"(100, 100)",0.03273560543053694,0.1648735470588927,0.022498232652513404,0.20528574343915612,0.0753709636600114,0.37039837061203285
sequences,0.5,41,12,-22.0,7.18,q3,"(100, 100)",0.006333606099797231,0.237101279909499,0.022498232652513404,0.20528574343915612,0.0753709636600114,0.37039837061203285
sequences,0.5,41,12,-22.0,7.18,q4,"(100, 100)",0.03757709856039487,0.16066062302488895,0.022498232652513404,0.20528574343915612,0.0753709636600114,0.37039837061203285
sequences,0.5,42,12,-22.0,7.18,q1,"(100, 100)",0.002089683481014521,0.23815874611822732,0.022407914664671954,0.2124493748992961,0.07508725698139215,0.38378066939920097
sequences,0.5,42,12,-22.0,7.18,q2,"(100, 100)",0.04371232579336921,0.18481244263035926,0.022407914664671954,0.2124493748992961,0.07508725698139215,0.38378066939920097
sequences,0.5,42,12,-22.0,7.18,q3,"(100, 100)",0.00039032528915484727,0.23774489907199625,0.022407914664671954,0.2124493748992961,0.07508725698139215,0.38378066939920097
sequences,0.5,42,12,-22.0,7.18,q4,"(100, 100)",0.04343932409514925,0.1770516319199925,0.022407914664671954,0.2124493748992961,0.07508725698139215,0.38378066939920097
sequences,0.5,43,12,-22.0,7.18,q1,"(100, 100)",0.01142264725815242,0.23090862306506096,0.022567579365646573,0.19742295090404063,0.07560961342037549,0.35577059378859094
sequences,0.5,43,12,-22.0,7.18,q2,"(100, 100)",0.03477411240769263,0.1593332071435928,0.022567579365646573,0.19742295090404063,0.07560961342037549,0.35577059378859094
sequences,0.5,43,12,-22.0,7.18,q3,"(100, 100)",0.010520264926890342,0.2296646636313417,0.022567579365646573,0.19742295090404063,0.07560961342037549,0.35577059378859094
sequences,0.5,43,12,-22.0,7.18,q4,"(100, 100)",0.033553292869850905,0.15463677668104786,0.022567579365646573,0.19742295090404063,0.07560961342037549,0.35577059378859094
sequences,0.5,44,12,-22.0,7.18,q1,"(100, 100)",0.005858214190592938,0.23770492827673462,0.022457685979430864,0.20824555653040017,0.07527295451459984,0.3760025561555958
sequences,0.5,44,12,-22.0,7.18,q2,"(100, 100)",0.04012335733123927,0.17439630668235295,0.022457685979430864,0.20824555653040017,0.07527295451459984,0.3760025561555958
sequences,0.5,44,12,-22.0,7.18,q3,"(100, 100)",0.0034575747471345124,0.23677495207941593,0.022457685979430864,0.20824555653040017,0.07527295451459984,0.3760025561555958
sequences,0.5,44,12,-22.0,7.18,q4,"(100, 100)",0.04039159764875672,0.1709225461790821,0.022457685979430864,0.20824555653040017,0.07527295451459984,0.3760025561555958
sequences,0.5,45,12,-22.0,7.18,q1,"(100, 100)",0.005758598251645648,0.2446356146545815,0.022320848190221322,0.21437544958153462,0.07468913565407838,0.38712735421936234
sequences,0.5,45,12,-22.0,7.18,q2,"(100, 100)",0.039941256232184245,0.17694596924782796,0.022320848190221322,0.21437544958153462,0.07468913565407838,0.38712735421936234
sequences,0.5,45,12,-22.0,7.18,q3,"(100, 100)",0.0024689053236752363,0.24476611463119793,0.022320848190221322,0.21437544958153462,0.07468913565407838,0.38712735421936234
sequences,0.5,45,12,-22.0,7.18,q4,"(100, 100)",0.04111463295338016,0.17728037056345472,0.022320848190221322,0.21437544958153462,0.07468913565407838,0.38712735421936234
sequences,0.5,46,12,-22.0,7.18,q1,"(100, 100)",0.000898257992301326,0.2491769503116385,0.022367992733194803,0.21774150436778883,0.07496604183726789,0.39364388579036086
sequences,0.5,46,12,-22.0,7.18,q2,"(100, 100)",0.044903311665470236,0.1818579973438255,0.022367992733194803,0.21774150436778883,0.07496604183726789,0.39364388579036086
sequences,0.5,46,12,-22.0,7.18,q3,"(100, 100)",-0.00019018420044336395,0.24503872745675556,0.022367992733194803,0.21774150436778883,0.07496604183726789,0.39364388579036086
sequences,0.5,46,12,-22.0,7.18,q4,"(100, 100)",0.04386058547545101,0.18027866257733324,0.022367992733194803,0.21774150436778883,0.07496604183726789,0.39364388579036086
sequences,0.5,47,12,-22.0,7.18,q1,"(100, 100)",0.008197748311554849,0.2617907729984045,0.022296357661790295,0.22023458850300134,0.07464465236622128,0.39808756782280597
sequences,0.5,47,12,-22.0,7.18,q2,"(100, 100)",0.037389171828023086,0.17164540983680068,0.022296357661790295,0.22023458850300134,0.07464465236622128,0.39808756782280597
sequences,0.5,47,12,-22.0,7.18,q3,"(100, 100)",0.006802603027863779,0.25629310573845593,0.022296357661790295,0.22023458850300134,0.07464465236622128,0.39808756782280597
sequences,0.5,47,12,-22.0,7.18,q4,"(100, 100)",0.03679590747971948,0.1716202991941532,0.022296357661790295,0.22023458850300134,0.07464465236622128,0.39808756782280597
sequences,0.5,48,12,-22.0,7.18,q1,"(100, 100)",0.005995065213330988,0.24510766057437974,0.022449794280567804,0.21207197551627763,0.07518979914784495,0.38296874655531404
sequences,0.5,48,12,-22.0,7.18,q2,"(100, 100)",0.0399918536559824,0.17720577843209562,0.022449794280567804,0.21207197551627763,0.07518979914784495,0.38296874655531404
sequences,0.5,48,12,-22.0,7.18,q3,"(100, 100)",0.004474436157509968,0.24115209535614127,0.022449794280567804,0.21207197551627763,0.07518979914784495,0.38296874655531404
sequences,0.5,48,12,-22.0,7.18,q4,"(100, 100)",0.03933782209544786,0.1705206849093205,0.022449794280567804,0.21207197551627763,0.07518979914784495,0.38296874655531404
sequences,0.5,49,12,-22.0,7.18,q1,"(100, 100)",0.012119922532891247,0.24257291249853963,0.022525637435907384,0.2047651247115698,0.07550071203588866,0.36950752388101255
sequences,0.5,49,12,-22.0,7.18,q2,"(100, 100)",0.034009603360183466,0.16147550768950086,0.022525637435907384,0.2047651247115698,0.07550071203588866,0.36950752388101255
sequences,0.5,49,12,-22.0,7.18,q3,"(100, 100)",0.012502506460454806,0.2396920754959454,0.022525637435907384,0.2047651247115698,0.07550071203588866,0.36950752388101255
sequences,0.5,49,12,-22.0,7.18,q4,"(100, 100)",0.03147051739010002,0.1578801515944291,0.022525637435907384,0.2047651247115698,0.07550071203588866,0.36950752388101255
sequences,0.75,0,9,-8.5,14.44,q1,"(150, 150)",0.008006280024863154,0.18700117274394215,0.01704139531010768,0.1973400200058576,0.05713795577571729,0.3581632484186896
sequences,0.75,0,9,-8.5,14.44,q2,"(150, 50)",0.045420933255751555,0.2239633549715082,0.01704139531010768,0.1973400200058576,0.05713795577571729,0.3581632484186896
sequences,0.75,0,9,-8.5,14.44,q3,"(50, 150)",0.0041329733568268995,0.1850203069960889,0.01704139531010768,0.1973400200058576,0.05713795577571729,0.3581632484186896
sequences,0.75,0,9,-8.5,14.44,q4,"(50, 50)",0.05194408490021917,0.22431923511921023,0.01704139531010768,0.1973400200058576,0.05713795577571729,0.3581632484186896
sequences,0.75,1,9,-8.5,14.44,q1,"(150, 150)",0.00897962856055472,0.19021936089703975,0.017232737546419925,0.19766648469869455,0.05771178012866686,0.35848939996430634
sequences,0.75,1,9,-8.5,14.44,q2,"(150, 50)",0.04385993144587991,0.21535428611161664,0.017232737546419925,0.19766648469869455,0.05771178012866686,0.35848939996430634
sequences,0.75,1,9,-8.5,14.44,q3,"(50, 150)",0.0025164902301217525,0.18857152035015362,0.017232737546419925,0.19766648469869455,0.05771178012866686,0.35848939996430634
sequences,0.75,1,9,-8.5,14.44,q4,"(50, 50)",0.05577787866972135,0.22094442871993036,0.017232737546419925,0.19766648469869455,0.05771178012866686,0.35848939996430634
sequences,0.75,2,9,-8.5,14.44,q1,"(150, 150)",0.00869814287106356,0.18338398408406417,0.017383952670139997,0.1933955538140133,0.05821331995023858,0.35052822399882966
sequences,0.75,2,9,-8.5,14.44,q2,"(150, 50)",0.044474662570223596,0.22004069546483243,0.017383952670139997,0.1933955538140133,0.05821331995023858,0.35052822399882966
sequences,0.75,2,9,-8.5,14.44,q3,"(50, 150)",0.0056911191333957395,0.1836184488100872,0.017383952670139997,0.1933955538140133,0.05821331995023858,0.35052822399882966
sequences,0.75,2,9,-8.5,14.44,q4,"(50, 50)",0.049362611771809894,0.21224475249013033,0.017383952670139997,0.1933955538140133,0.05821331995023858,0.35052822399882966
sequences,0.75,3,9,-8.5,14.44,q1,"(150, 150)",0.009143507725625779,0.18940305960584833,0.017653867736995343,0.19533822470344558,0.05912707941721627,0.35404084485368337
sequences,0.75,3,9,-8.5,14.44,q2,"(150, 50)",0.04409924038842499,0.21073341144248875,0.017653867736995343,0.19533822470344558,0.05912707941721627,0.35404084485368337
sequences,0.75,3,9,-8.5,14.44,q3,"(50, 150)",0.0067803135539768735,0.1900795757027046,0.017653867736995343,0.19533822470344558,0.05912707941721627,0.35404084485368337
sequences,0.75,3,9,-8.5,14.44,q4,"(50, 50)",0.04753165243408794,0.2050291208287678,0.017653867736995343,0.19533822470344558,0.05912707941721627,0.35404084485368337
sequences,0.75,4,9,-8.5,14.44,q1,"(150, 150)",0.006561923371535873,0.18801191722925417,0.016789907176935657,0.19937407699699292,0.0562805905537104,0.3619688689151308
sequences,0.75,4,9,-8.5,14.44,q2,"(150, 50)",0.04871766976301631,0.22719905920216446,0.016789907176935657,0.19937407699699292,0.0562805905537104,0.3619688689151308
sequences,0.75,4,9,-8.5,14.44,q3,"(50, 150)",0.002951385288651866,0.1897064486844531,0.016789907176935657,0.19937407699699292,0.0562805905537104,0.3619688689151308
sequences,0.75,4,9,-8.5,14.44,q4,"(50, 50)",0.05457403933214317,0.2214461083319568,0.016789907176935657,0.19937407699699292,0.0562805905537104,0.3619688689151308
sequences,0.75,5,9,-8.5,14.44,q1,"(150, 150)",0.0060535566632119574,0.18045157471665224,0.016556358478221005,0.1963919528925704,0.05548377506106234,0.35650458495382625
sequences,0.75,5,9,-8.5,14.44,q2,"(150, 50)",0.04932100691493403,0.2346776311436006,0.016556358478221005,0.1963919528925704,0.05548377506106234,0.35650458495382625
sequences,0.75,5,9,-8.5,14.44,q3,"(50, 150)",0.002314696840491583,0.18052276019788857,0.016556358478221005,0.1963919528925704,0.05548377506106234,0.35650458495382625
sequences,0.75,5,9,-8.5,14.44,q4,"(50, 50)",0.05551261441635161,0.23393645688386527,0.016556358478221005,0.1963919528925704,0.05548377506106234,0.35650458495382625
sequences,0.75,6,9,-8.5,14.44,q1,"(150, 150)",0.01135628478277788,0.18344150315330904,0.018130678027846722,0.18856994322132065,0.060724032580915084,0.34133268714303006
sequences,0.75,6,9,-8.5,14.44,q2,"(150, 50)",0.03921878535875479,0.20257568252528205,0.018130678027846722,0.18856994322132065,0.060724032580915084,0.34133268714303006
sequences,0.75,6,9,-8.5,14.44,q3,"(50, 150)",0.009473332989294557,0.18447526038723552,0.018130678027846722,0.18856994322132065,0.060724032580915084,0.34133268714303006
sequences,0.75,6,9,-8.5,14.44,q4,"(50, 50)",0.04180793035639862,0.19581676624045422,0.018130678027846722,0.18856994322132065,0.060724032580915084,0.34133268714303006
sequences,0.75,7,9,-8.5,14.44,q1,"(150, 150)",0.011926361804144223,0.1896880111558023,0.018087709509530064,0.1944999101896657,0.06065121807202638,0.35251911270531705
sequences,0.75,7,9,-8.5,14.44,q2,"(150, 50)",0.03758326060118298,0.2087309536745995,0.018087709509530064,0.1944999101896657,0.06065121807202638,0.35251911270531705
sequences,0.75,7,9,-8.5,14.44,q3,"(50, 150)",0.009227227163919669,0.18778509186813047,0.018087709509530064,0.1944999101896657,0.06065121807202638,0.35251911270531705
sequences,0.75,7,9,-8.5,14.44,q4,"(50, 50)",0.0416346326198751,0.20659656378494629,0.018087709509530064,0.1944999101896657,0.06065121807202638,0.35251911270531705
sequences,0.75,8,9,-8.5,14.44,q1,"(150, 150)",0.007027305271107997,0.18885494302857908,0.016852506532763618,0.2012352253156353,0.05646203713129616,0.3652925309494818
sequences,0.75,8,9,-8.5,14.44,q2,"(150, 50)",0.0474208248400934,0.23289951015908927,0.016852506532763618,0.2012352253156353,0.05646203713129616,0.3652925309494818
sequences,0.75,8,9,-8.5,14.44,q3,"(50, 150)",0.00396778589459378,0.1865865153582659,0.016852506532763618,0.2012352253156353,0.05646203713129616,0.3652925309494818
sequences,0.75,8,9,-8.5,14.44,q4,"(50, 50)",0.05222852488018441,0.23311463297690668,0.016852506532763618,0.2012352253156353,0.05646203713129616,0.3652925309494818
sequences,0.75,9,9,-8.5,14.44,q1,"(150, 150)",0.011280520528716033,0.18782918902787454,0.017862143807964363,0.1899298109047099,0.059864746738045614,0.344070980569011
sequences,0.75,9,9,-8.5,14.44,q2,"(150, 50)",0.03913655069373276,0.19701746838616513,0.017862143807964363,0.1899298109047099,0.059864746738045614,0.344070980569011
sequences,0.75,9,9,-8.5,14.44,q3,"(50, 150)",0.005960977069894329,0.18441729515890518,0.017862143807964363,0.1899298109047099,0.059864746738045614,0.344070980569011
sequences,0.75,9,9,-8.5,14.44,q4,"(50, 50)",0.04897703287810423,0.19503208806998157,0.017862143807964363,0.1899298109047099,0.059864746738045614,0.344070980569011
sequences,0.75,10,9,-8.5,14.44,q1,"(150, 150)",0.009051964270108168,0.19027284470626313,0.0171897567467193,0.19987848152746293,0.0576160775824344,0.362737708364036
sequences,0.75,10,9,-8.5,14.44,q2,"(150, 50)",0.04319506581408324,0.22382482935792233,0.0171897567467193,0.19987848152746293,0.0576160775824344,0.362737708364036
sequences,0.75,10,9,-8.5,14.44,q3,"(50, 150)",0.0038383019969732844,0.1905781741855501,0.0171897567467193,0.19987848152746293,0.0576160775824344,0.362737708364036
sequences,0.75,10,9,-8.5,14.44,q4,"(50, 50)",0.05246832608336572,0.22300612598809985,0.0171897567467193,0.19987848152746293,0.0576160775824344,0.362737708364036
sequences,0.75,11,9,-8.5,14.44,q1,"(150, 150)",0.009468149936415572,0.1968957342170834,0.017235618282272235,0.2036835829021819,0.0577601148869713,0.3697172004048069
sequences,0.75,11,9,-8.5,14.44,q2,"(150, 50)",0.042458972309521816,0.2209937372707253,0.017235618282272235,0.2036835829021819,0.0577601148869713,0.3697172004048069
sequences,0.75,11,9,-8.5,14.44,q3,"(50, 150)",0.0026364126018469988,0.1956485310617852,0.017235618282272235,0.2036835829021819,0.0577601148869713,0.3697172004048069
sequences,0.75,11,9,-8.5,14.44,q4,"(50, 50)",0.0552703883545092,0.2213441028529516,0.017235618282272235,0.2036835829021819,0.0577601148869713,0.3697172004048069
sequences,0.75,12,9,-8.5,14.44,q1,"(150, 150)",0.009942894960218425,0.19357002567191606,0.017316528083249922,0.20058326696453885,0.0580604462137466,0.3640514493619389
sequences,0.75,12,9,-8.5,14.44,q2,"(150, 50)",0.04151021815418961,0.21751249376679543,0.017316528083249922,0.20058326696453885,0.0580604462137466,0.3640514493619389
sequences,0.75,12,9,-8.5,14.44,q3,"(50, 150)",0.00264572621714107,0.19002176866798878,0.017316528083249922,0.20058326696453885,0.0580604462137466,0.3640514493619389
sequences,0.75,12,9,-8.5,14.44,q4,"(50, 50)",0.05511056157604091,0.22789221429763437,0.017316528083249922,0.20058326696453885,0.0580604462137466,0.3640514493619389
sequences,0.75,13,9,-8.5,14.44,q1,"(150, 150)",0.006951560671158364,0.18826522960946018,0.016777248608547363,0.19865984706264264,0.056209895664787214,0.3605663408369643
sequences,0.75,13,9,-8.5,14.44,q2,"(150, 50)",0.04798112767446872,0.2261611909477086,0.016777248608547363,0.19865984706264264,0.056209895664787214,0.3605663408369643
sequences,0.75,13,9,-8.5,14.44,q3,"(50, 150)",0.001300908564731762,0.18324068318962797,0.016777248608547363,0.19865984706264264,0.056209895664787214,0.3605663408369643
sequences,0.75,13,9,-8.5,14.44,q4,"(50, 50)",0.058025822978731094,0.2281875341725685,0.016777248608547363,0.19865984706264264,0.056209895664787214,0.3605663408369643
sequences,0.75,14,9,-8.5,14.44,q1,"(150, 150)",0.011796714999907271,0.18538217783399247,0.018063057704233568,0.18963543777973507,0.060512756128085654,0.34337387952231563
sequences,0.75,14,9,-8.5,14.44,q2,"(150, 50)",0.03811186644842149,0.2021491034685239,0.018063057704233568,0.18963543777973507,0.060512756128085654,0.34337387952231563
sequences,0.75,14,9,-8.5,14.44,q3,"(50, 150)",0.008326675930199428,0.18342573563849182,0.018063057704233568,0.18963543777973507,0.060512756128085654,0.34337387952231563
sequences,0.75,14,9,-8.5,14.44,q4,"(50, 50)",0.04352286113270892,0.20016737807752555,0.018063057704233568,0.18963543777973507,0.060512756128085654,0.34337387952231563
sequences,0.75,15,9,-8.5,14.44,q1,"(150, 150)",0.010770694987705007,0.18658784271019768,0.01788363561030131,0.19268319531755462,0.059916695235116224,0.349098655538312
sequences,0.75,15,9,-8.5,14.44,q2,"(150, 50)",0.04034718832324527,0.2096396156661928,0.01788363561030131,0.19268319531755462,0.059916695235116224,0.349098655538312
sequences,0.75,15,9,-8.5,14.44,q3,"(50, 150)",0.007742376473953394,0.1829672594770914,0.01788363561030131,0.19268319531755462,0.059916695235116224,0.349098655538312
sequences,0.75,15,9,-8.5,14.44,q4,"(50, 50)",0.04493322048387995,0.21308932125995178,0.01788363561030131,0.19268319531755462,0.059916695235116224,0.349098655538312
sequences,0.75,16,9,-8.5,14.44,q1,"(150, 150)",0.008515163428287445,0.18628807530428812,0.017417104700118924,0.19402122962973933,0.058392774118242965,0.3518718460881412
sequences,0.75,16,9,-8.5,14.44,q2,"(150, 50)",0.04506413172598415,0.21326564985296195,0.017417104700118924,0.19402122962973933,0.058392774118242965,0.3518718460881412
sequences,0.75,16,9,-8.5,14.44,q3,"(50, 150)",0.006124367282747401,0.18519731541376816,0.017417104700118924,0.19402122962973933,0.058392774118242965,0.3518718460881412
sequences,0.75,16,9,-8.5,14.44,q4,"(50, 50)",0.048471707321121105,0.21513829780287905,0.017417104700118924,0.19402122962973933,0.058392774118242965,0.3518718460881412
sequences,0.75,17,9,-8.5,14.44,q1,"(150, 150)",0.014880857283829924,0.18552495055082782,0.0190063885806108,0.1881731623323836,0.06363036016274122,0.3401539583200452
sequences,0.75,17,9,-8.5,14.44,q2,"(150, 50)",0.031792700603008955,0.1968492968114354,0.0190063885806108,0.1881731623323836,0.06363036016274122,0.3401539583200452
sequences,0.75,17,9,-8.5,14.44,q3,"(50, 150)",0.01466678896283966,0.18759012073452586,0.0190063885806108,0.1881731623323836,0.06363036016274122,0.3401539583200452
sequences,0.75,17,9,-8.5,14.44,q4,"(50, 50)",0.0307960330377577,0.18469547967666985,0.0190063885806108,0.1881731623323836,0.06363036016274122,0.3401539583200452
sequences,0.75,18,9,-8.5,14.44,q1,"(150, 150)",0.008879636026266324,0.18276594633417373,0.017234079153674132,0.19302248210714948,0.05773077348186629,0.34995426197272844
sequences,0.75,18,9,-8.5,14.44,q2,"(150, 50)",0.043528640308505395,0.21980122769100044,0.017234079153674132,0.19302248210714948,0.05773077348186629,0.34995426197272844
sequences,0.75,18,9,-8.5,14.44,q3,"(50, 150)",0.005257027590698173,0.18470237598176836,0.017234079153674132,0.19302248210714948,0.05773077348186629,0.34995426197272844
sequences,0.75,18,9,-8.5,14.44,q4,"(50, 50)",0.049471538524778536,0.20985163750819424,0.017234079153674132,0.19302248210714948,0.05773077348186629,0.34995426197272844
sequences,0.75,19,9,-8.5,14.44,q1,"(150, 150)",0.01035330537133019,0.1886667233964072,0.01767885194643275,0.1945580581464153,0.05920084368834743,0.35256057595249757
sequences,0.75,19,9,-8.5,14.44,q2,"(150, 50)",0.04056346748851485,0.21163954890602585,0.01767885194643275,0.1945580581464153,0.05920084368834743,0.35256057595249757
sequences,0.75,19,9,-8.5,14.44,q3,"(50, 150)",0.007854321875236898,0.18722351580147148,0.01767885194643275,0.1945580581464153,0.05920084368834743,0.35256057595249757
sequences,0.75,19,9,-8.5,14.44,q4,"(50, 50)",0.04442851470969708,0.20663539478984366,0.01767885194643275,0.1945580581464153,0.05920084368834743,0.35256057595249757
sequences,0.75,20,9,-8.5,14.44,q1,"(150, 150)",0.012986921974267776,0.18071950377223683,0.018322831010437524,0.1873307282738508,0.06140873401068294,0.3390681729787158
sequences,0.75,20,9,-8.5,14.44,q2,"(150, 50)",0.03565802711773361,0.20779382032420676,0.018322831010437524,0.1873307282738508,0.06140873401068294,0.3390681729787158
sequences,0.75,20,9,-8.5,14.44,q3,"(50, 150)",0.00876673485373484,0.17774761978854692,0.018322831010437524,0.1873307282738508,0.06140873401068294,0.3390681729787158
sequences,0.75,20,9,-8.5,14.44,q4,"(50, 50)",0.04300871248418501,0.20295415323550695,0.018322831010437524,0.1873307282738508,0.06140873401068294,0.3390681729787158
sequences,0.75,21,9,-8.5,14.44,q1,"(150, 150)",0.010639779503668564,0.18261674911805692,0.01775562819609143,0.19239795568883478,0.05944301371306137,0.3484951994446175
sequences,0.75,21,9,-8.5,14.44,q2,"(150, 50)",0.04056584081118141,0.21872415564412157,0.01775562819609143,0.19239795568883478,0.05944301371306137,0.3484951994446175
sequences,0.75,21,9,-8.5,14.44,q3,"(50, 150)",0.005950104674678346,0.17818801555640867,0.01775562819609143,0.19239795568883478,0.05944301371306137,0.3484951994446175
sequences,0.75,21,9,-8.5,14.44,q4,"(50, 50)",0.04878419914686656,0.22351842470166855,0.01775562819609143,0.19239795568883478,0.05944301371306137,0.3484951994446175
sequences,0.75,22,9,-8.5,14.44,q1,"(150, 150)",0.009398181636922144,0.19573786302487564,0.017310702922480898,0.2029002532134279,0.057987448027739384,0.3681679984483884
sequences,0.75,22,9,-8.5,14.44,q2,"(150, 50)",0.04252643158018274,0.22109131908635088,0.017310702922480898,0.2029002532134279,0.057987448027739384,0.3681679984483884
sequences,0.75,22,9,-8.5,14.44,q3,"(50, 150)",0.004752844981145044,0.1971939693382306,0.017310702922480898,0.2029002532134279,0.057987448027739384,0.3681679984483884
sequences,0.75,22,9,-8.5,14.44,q4,"(50, 50)",0.05054978234341173,0.21570118097287988,0.017310702922480898,0.2029002532134279,0.057987448027739384,0.3681679984483884
sequences,0.75,23,9,-8.5,14.44,q1,"(150, 150)",0.006063629394157569,0.1827741414202245,0.016495297540776766,0.20019805497563936,0.055288411398614935,0.36358159727866846
sequences,0.75,23,9,-8.5,14.44,q2,"(150, 50)",0.04947724142319253,0.242179345304699,0.016495297540776766,0.20019805497563936,0.055288411398614935,0.36358159727866846
sequences,0.75,23,9,-8.5,14.44,q3,"(50, 150)",0.0005863501442748198,0.18004177252761452,0.016495297540776766,0.20019805497563936,0.055288411398614935,0.36358159727866846
sequences,0.75,23,9,-8.5,14.44,q4,"(50, 50)",0.05916132140260811,0.24615157217539438,0.016495297540776766,0.20019805497563936,0.055288411398614935,0.36358159727866846
sequences,0.75,24,9,-8.5,14.44,q1,"(150, 150)",0.008621040500727976,0.19095705838167815,0.017260128007412185,0.19873479018936524,0.057798670598282746,0.36043699999600987
sequences,0.75,24,9,-8.5,14.44,q2,"(150, 50)",0.0444104661696951,0.21719337514166231,0.017260128007412185,0.19873479018936524,0.057798670598282746,0.36043699999600987
sequences,0.75,24,9,-8.5,14.44,q3,"(50, 150)",0.004816439408445698,0.19110605340460596,0.017260128007412185,0.19873479018936524,0.057798670598282746,0.36043699999600987
sequences,0.75,24,9,-8.5,14.44,q4,"(50, 50)",0.05089196687762077,0.2195100558212369,0.017260128007412185,0.19873479018936524,0.057798670598282746,0.36043699999600987
sequences,0.75,25,9,-8.5,14.44,q1,"(150, 150)",0.006910916596656259,0.18979731676822648,0.016841410307596297,0.19895896347031267,0.05641068600769149,0.3610507133495994
sequences,0.75,25,9,-8.5,14.44,q2,"(150, 50)",0.04773460059681887,0.22225430089987924,0.016841410307596297,0.19895896347031267,0.05641068600769149,0.3610507133495994
sequences,0.75,25,9,-8.5,14.44,q3,"(50, 150)",0.003914707171323481,0.19057444265032467,0.016841410307596297,0.19895896347031267,0.05641068600769149,0.3610507133495994
sequences,0.75,25,9,-8.5,14.44,q4,"(50, 50)",0.05231639224720739,0.21561600728805766,0.016841410307596297,0.19895896347031267,0.05641068600769149,0.3610507133495994
sequences,0.75,26,9,-8.5,14.44,q1,"(150, 150)",0.010666962997569546,0.18777248294130605,0.01794749822009722,0.1920445357670069,0.060160892382794665,0.34797653535453826
sequences,0.75,26,9,-8.5,14.44,q2,"(150, 50)",0.040540164868926434,0.2050554815215808,0.01794749822009722,0.1920445357670069,0.060160892382794665,0.34797653535453826
sequences,0.75,26,9,-8.5,14.44,q3,"(50, 150)",0.008851606104947634,0.18503341658267544,0.01794749822009722,0.1920445357670069,0.060160892382794665,0.34797653535453826
sequences,0.75,26,9,-8.5,14.44,q4,"(50, 50)",0.042981991621807415,0.20256478212659346,0.01794749822009722,0.1920445357670069,0.060160892382794665,0.34797653535453826
sequences,0.75,27,9,-8.5,14.44,q1,"(150, 150)",0.00908364783088829,0.18687110875516394,0.01729058785385996,0.19641977278614076,0.057920066506523614,0.356208620185668
sequences,0.75,27,9,-8.5,14.44,q2,"(150, 50)",0.04325147022081596,0.22025832519005542,0.01729058785385996,0.19641977278614076,0.057920066506523614,0.356208620185668
sequences,0.75,27,9,-8.5,14.44,q3,"(50, 150)",0.005279789679443703,0.19104237196636228,0.01729058785385996,0.19641977278614076,0.057920066506523614,0.356208620185668
sequences,0.75,27,9,-8.5,14.44,q4,"(50, 50)",0.04930279548298579,0.20948969734278705,0.01729058785385996,0.19641977278614076,0.057920066506523614,0.356208620185668
sequences,0.75,28,9,-8.5,14.44,q1,"(150, 150)",0.010975632938584579,0.19032571534652445,0.01791464542836757,0.19412346761664856,0.060005511399656895,0.3517065019870801
sequences,0.75,28,9,-8.5,14.44,q2,"(150, 50)",0.03970156612283787,0.2028366524124975,0.01791464542836757,0.19412346761664856,0.060005511399656895,0.3517065019870801
sequences,0.75,28,9,-8.5,14.44,q3,"(50, 150)",0.008438515721534789,0.19118273335790226,0.01791464542836757,0.19412346761664856,0.060005511399656895,0.3517065019870801
sequences,0.75,28,9,-8.5,14.44,q4,"(50, 50)",0.043433384873501873,0.20265546706122192,0.01791464542836757,0.19412346761664856,0.060005511399656895,0.3517065019870801
sequences,0.75,29,9,-8.5,14.44,q1,"(150, 150)",0.011089028254853871,0.19141938083474913,0.018166250596563606,0.19217868859911275,0.060878855886607255,0.34809285291496805
sequences,0.75,29,9,-8.5,14.44,q2,"(150, 50)",0.039879649189549636,0.19476884199540706,0.018166250596563606,0.19217868859911275,0.060878855886607255,0.34809285291496805
sequences,0.75,29,9,-8.5,14.44,q3,"(50, 150)",0.01086621712284154,0.1888178489446423,0.018166250596563606,0.19217868859911275,0.060878855886607255,0.34809285291496805
sequences,0.75,29,9,-8.5,14.44,q4,"(50, 50)",0.03862115631415931,0.19479538075457267,0.018166250596563606,0.19217868859911275,0.060878855886607255,0.34809285291496805
sequences,0.75,30,9,-8.5,14.44,q1,"(150, 150)",0.009959693049362579,0.18805849582107906,0.017534392141451586,0.19363714285189101,0.05876136776625868,0.35104427291967855
sequences,0.75,30,9,-8.5,14.44,q2,"(150, 50)",0.041879461078303454,0.20972661942560844,0.017534392141451586,0.19363714285189101,0.05876136776625868,0.35104427291967855
sequences,0.75,30,9,-8.5,14.44,q3,"(50, 150)",0.0045429147407546845,0.18359745888237097,0.017534392141451586,0.19363714285189101,0.05876136776625868,0.35104427291967855
sequences,0.75,30,9,-8.5,14.44,q4,"(50, 50)",0.05164590936178779,0.2111570519778348,0.017534392141451586,0.19363714285189101,0.05876136776625868,0.35104427291967855
sequences,0.75,31,9,-8.5,14.44,q1,"(150, 150)",0.005382512482535297,0.19258177633225096,0.016301922238689467,0.20201623698059024,0.054603658478276564,0.366884834686133
sequences,0.75,31,9,-8.5,14.44,q2,"(150, 50)",0.050937881757059114,0.22428967750014578,0.016301922238689467,0.20201623698059024,0.054603658478276564,0.366884834686133
sequences,0.75,31,9,-8.5,14.44,q3,"(50, 150)",-0.0011382480494277927,0.19117171138586575,0.016301922238689467,0.20201623698059024,0.054603658478276564,0.366884834686133
sequences,0.75,31,9,-8.5,14.44,q4,"(50, 50)",0.06298924235331986,0.22551632256366763,0.016301922238689467,0.20201623698059024,0.054603658478276564,0.366884834686133
sequences,0.75,32,9,-8.5,14.44,q1,"(150, 150)",0.008304239288345809,0.19039696774652445,0.017342449983400673,0.197915954933521,0.058059758899901816,0.3588499808428801
sequences,0.75,32,9,-8.5,14.44,q2,"(150, 50)",0.04570171865823309,0.21972374144695705,0.017342449983400673,0.197915954933521,0.058059758899901816,0.3588499808428801
sequences,0.75,32,9,-8.5,14.44,q3,"(50, 150)",0.004505344717793046,0.18773888223429883,0.017342449983400673,0.197915954933521,0.058059758899901816,0.3588499808428801
sequences,0.75,32,9,-8.5,14.44,q4,"(50, 50)",0.05211985601122012,0.21224404524266044,0.017342449983400673,0.197915954933521,0.058059758899901816,0.3588499808428801
sequences,0.75,33,9,-8.5,14.44,q1,"(150, 150)",0.009747416663084187,0.19384147458357243,0.01754160814697844,0.19838828407396208,0.058716679989885986,0.3596168778746091
sequences,0.75,33,9,-8.5,14.44,q2,"(150, 50)",0.042311095101225826,0.21167260737235286,0.01754160814697844,0.19838828407396208,0.058716679989885986,0.3596168778746091
sequences,0.75,33,9,-8.5,14.44,q3,"(50, 150)",0.0050327323390394136,0.19015544790330802,0.01754160814697844,0.19838828407396208,0.058716679989885986,0.3596168778746091
sequences,0.75,33,9,-8.5,14.44,q4,"(50, 50)",0.05090749806310163,0.211406569664405,0.01754160814697844,0.19838828407396208,0.058716679989885986,0.3596168778746091
sequences,0.75,34,9,-8.5,14.44,q1,"(150, 150)",0.010755318927811576,0.18612671894063304,0.01779656022483352,0.1911666094022101,0.059659940411778474,0.3464278143934187
sequences,0.75,34,9,-8.5,14.44,q2,"(150, 50)",0.04033365225402345,0.20363231457119077,0.01779656022483352,0.1911666094022101,0.059659940411778474,0.3464278143934187
sequences,0.75,34,9,-8.5,14.44,q3,"(50, 150)",0.006180225769755938,0.1863124874343594,0.01779656022483352,0.1911666094022101,0.059659940411778474,0.3464278143934187
sequences,0.75,34,9,-8.5,14.44,q4,"(50, 50)",0.04840545917569394,0.20268023609179733,0.01779656022483352,0.1911666094022101,0.059659940411778474,0.3464278143934187
sequences,0.75,35,9,-8.5,14.44,q1,"(150, 150)",0.009044064271487094,0.18120905713355306,0.017316469677875673,0.19062644552374386,0.05802620315950631,0.3455505560540596
sequences,0.75,35,9,-8.5,14.44,q2,"(150, 50)",0.043351379128083706,0.21425106780813621,0.017316469677875673,0.19062644552374386,0.05802620315950631,0.3455505560540596
sequences,0.75,35,9,-8.5,14.44,q3,"(50, 150)",0.0051251964365547215,0.1791796704180532,0.017316469677875673,0.19062644552374386,0.05802620315950631,0.3455505560540596
sequences,0.75,35,9,-8.5,14.44,q4,"(50, 50)",0.05023720970871162,0.2183550844244766,0.017316469677875673,0.19062644552374386,0.05802620315950631,0.3455505560540596
sequences,0.75,36,9,-8.5,14.44,q1,"(150, 150)",0.006220891547338556,0.18781493864577448,0.0165858781458861,0.19850077046835696,0.05552222996363244,0.3601952320685413
sequences,0.75,36,9,-8.5,14.44,q2,"(150, 50)",0.04918529791339203,0.2247517459624962,0.0165858781458861,0.19850077046835696,0.05552222996363244,0.3601952320685413
sequences,0.75,36,9,-8.5,14.44,q3,"(50, 150)",0.001551258946564239,0.18669495772697178,0.0165858781458861,0.19850077046835696,0.05552222996363244,0.3601952320685413
sequences,0.75,36,9,-8.5,14.44,q4,"(50, 50)",0.05717635582826176,0.22446603422821523,0.0165858781458861,0.19850077046835696,0.05552222996363244,0.3601952320685413
sequences,0.75,37,9,-8.5,14.44,q1,"(150, 150)",0.008664346663377955,0.18241186264822243,0.017394548458965306,0.1918504235470661,0.058243925862934226,0.34765497703683995
sequences,0.75,37,9,-8.5,14.44,q2,"(150, 50)",0.04478635145071589,0.21710668032411023,0.017394548458965306,0.1918504235470661,0.058243925862934226,0.34765497703683995
sequences,0.75,37,9,-8.5,14.44,q3,"(50, 150)",0.005087094615512916,0.1791186595675133,0.017394548458965306,0.1918504235470661,0.058243925862934226,0.34765497703683995
sequences,0.75,37,9,-8.5,14.44,q4,"(50, 50)",0.05071331717435687,0.21744129312768773,0.017394548458965306,0.1918504235470661,0.058243925862934226,0.34765497703683995
sequences,0.75,38,9,-8.5,14.44,q1,"(150, 150)",0.012293566168272919,0.19918000340696657,0.018206783898267093,0.20090377378877222,0.06105561334093593,0.3643309558920845
sequences,0.75,38,9,-8.5,14.44,q2,"(150, 50)",0.03674151566007099,0.20704222473293696,0.018206783898267093,0.20090377378877222,0.06105561334093593,0.3643309558920845
sequences,0.75,38,9,-8.5,14.44,q3,"(50, 150)",0.01049487497148399,0.19577832322468464,0.018206783898267093,0.20090377378877222,0.06105561334093593,0.3643309558920845
sequences,0.75,38,9,-8.5,14.44,q4,"(50, 50)",0.03895727496315231,0.20785077750194855,0.018206783898267093,0.20090377378877222,0.06105561334093593,0.3643309558920845
sequences,0.75,39,9,-8.5,14.44,q1,"(150, 150)",0.005661984563522027,0.18513198416553397,0.016387182699053426,0.20022575049905486,0.05493984644724978,0.3637159175649007
sequences,0.75,39,9,-8.5,14.44,q2,"(150, 50)",0.05005510025338183,0.23630805003231203,0.016387182699053426,0.20022575049905486,0.05493984644724978,0.3637159175649007
sequences,0.75,39,9,-8.5,14.44,q3,"(50, 150)",0.0007084827309121406,0.18321678266552435,0.016387182699053426,0.20022575049905486,0.05493984644724978,0.3637159175649007
sequences,0.75,39,9,-8.5,14.44,q4,"(50, 50)",0.05894631316027467,0.24034704761941317,0.016387182699053426,0.20022575049905486,0.05493984644724978,0.3637159175649007
sequences,0.75,40,9,-8.5,14.44,q1,"(150, 150)",0.010815580175080388,0.17962866137417677,0.017984465110812812,0.18583915931562178,0.06018897292775372,0.336218276879936
sequences,0.75,40,9,-8.5,14.44,q2,"(150, 50)",0.04022513275639265,0.20113606980170978,0.017984465110812812,0.18583915931562178,0.06018897292775372,0.336218276879936
sequences,0.75,40,9,-8.5,14.44,q3,"(50, 150)",0.009221784948730381,0.18068357270815646,0.017984465110812812,0.18583915931562178,0.06018897292775372,0.336218276879936
sequences,0.75,40,9,-8.5,14.44,q4,"(50, 50)",0.042070467081912456,0.20029279302590797,0.017984465110812812,0.18583915931562178,0.06018897292775372,0.336218276879936
sequences,0.75,41,9,-8.5,14.44,q1,"(150, 150)",0.008942228068885262,0.1950496009329218,0.017353453943848535,0.20025308012489812,0.05815500651423772,0.36333855693770983
sequences,0.75,41,9,-8.5,14.44,q2,"(150, 50)",0.04379299158621023,0.21284220674921353,0.017353453943848535,0.20025308012489812,0.05815500651423772,0.36333855693770983
sequences,0.75,41,9,-8.5,14.44,q3,"(50, 150)",0.0051799368886526215,0.19522593844788555,0.017353453943848535,0.20025308012489812,0.05815500651423772,0.36333855693770983
sequences,0.75,41,9,-8.5,14.44,q4,"(50, 50)",0.05025642505702064,0.21146069404468443,0.017353453943848535,0.20025308012489812,0.05815500651423772,0.36333855693770983
sequences,0.75,42,9,-8.5,14.44,q1,"(150, 150)",0.009648962824798341,0.18952321127469057,0.017571519840241294,0.1951502601777736,0.05889072422368259,0.3538410116271561
sequences,0.75,42,9,-8.5,14.44,q2,"(150, 50)",0.04259125236699624,0.20941977486466726,0.017571519840241294,0.1951502601777736,0.05889072422368259,0.3538410116271561
sequences,0.75,42,9,-8.5,14.44,q3,"(50, 150)",0.005900952661551847,0.18881430921060147,0.017571519840241294,0.1951502601777736,0.05889072422368259,0.3538410116271561
sequences,0.75,42,9,-8.5,14.44,q4,"(50, 50)",0.04882703693503137,0.20908305252576986,0.017571519840241294,0.1951502601777736,0.05889072422368259,0.3538410116271561
sequences,0.75,43,9,-8.5,14.44,q1,"(150, 150)",0.010055169942815193,0.182647471703895,0.017740206006929125,0.1902960770746373,0.05942122259899221,0.34470012807075395
sequences,0.75,43,9,-8.5,14.44,q2,"(150, 50)",0.04171827835688489,0.2110981178620922,0.017740206006929125,0.1902960770746373,0.05942122259899221,0.34470012807075395
sequences,0.75,43,9,-8.5,14.44,q3,"(50, 150)",0.007730545487182019,0.18127188778802408,0.017740206006929125,0.1902960770746373,0.05942122259899221,0.34470012807075395
sequences,0.75,43,9,-8.5,14.44,q4,"(50, 50)",0.04500029509332855,0.20879379463307657,0.017740206006929125,0.1902960770746373,0.05942122259899221,0.34470012807075395
sequences,0.75,44,9,-8.5,14.44,q1,"(150, 150)",0.008840186139488426,0.18979349213756402,0.01732900594857636,0.1940679063823442,0.0580828086092722,0.35194939132437986
sequences,0.75,44,9,-8.5,14.44,q2,"(150, 50)",0.043992107432222365,0.2059941010296918,0.01732900594857636,0.1940679063823442,0.0580828086092722,0.35194939132437986
sequences,0.75,44,9,-8.5,14.44,q3,"(50, 150)",0.005118365219628255,0.18617394195198742,0.01732900594857636,0.1940679063823442,0.0580828086092722,0.35194939132437986
sequences,0.75,44,9,-8.5,14.44,q4,"(50, 50)",0.050371001966274094,0.20688212701765252,0.01732900594857636,0.1940679063823442,0.0580828086092722,0.35194939132437986
sequences,0.75,45,9,-8.5,14.44,q1,"(150, 150)",0.008293616099565538,0.19406021692883274,0.01732598703614703,0.19681730149159313,0.05800949873992477,0.35684211617138045
sequences,0.75,45,9,-8.5,14.44,q2,"(150, 50)",0.04552559480873215,0.2034448599080786,0.01732598703614703,0.19681730149159313,0.05800949873992477,0.35684211617138045
sequences,0.75,45,9,-8.5,14.44,q3,"(50, 150)",0.004967483597920556,0.1921373666715587,0.01732598703614703,0.19681730149159313,0.05800949873992477,0.35684211617138045
sequences,0.75,45,9,-8.5,14.44,q4,"(50, 50)",0.051094012462304494,0.20302800769388776,0.01732598703614703,0.19681730149159313,0.05800949873992477,0.35684211617138045
sequences,0.75,46,9,-8.5,14.44,q1,"(150, 150)",0.00803091619574435,0.1909916168707586,0.017257838003712157,0.1990302806480312,0.057781327542352566,0.3609539957523293
sequences,0.75,46,9,-8.5,14.44,q2,"(150, 50)",0.046003884702173016,0.21966837067024766,0.017257838003712157,0.1990302806480312,0.057781327542352566,0.3609539957523293
sequences,0.75,46,9,-8.5,14.44,q3,"(50, 150)",0.004719613211331044,0.19187854590306785,0.017257838003712157,0.1990302806480312,0.057781327542352566,0.3609539957523293
sequences,0.75,46,9,-8.5,14.44,q4,"(50, 50)",0.05167666855718314,0.21305503170417991,0.017257838003712157,0.1990302806480312,0.057781327542352566,0.3609539957523293
sequences,0.75,47,9,-8.5,14.44,q1,"(150, 150)",0.007482182938731613,0.1948948568573107,0.017066693494994546,0.19933292808470768,0.057217981711489556,0.3618203656499846
sequences,0.75,47,9,-8.5,14.44,q2,"(150, 50)",0.04671210459804129,0.21261825419854732,0.017066693494994546,0.19933292808470768,0.057217981711489556,0.3618203656499846
sequences,0.75,47,9,-8.5,14.44,q3,"(50, 150)",0.004922373049358049,0.1907336114589938,0.017066693494994546,0.19933292808470768,0.057217981711489556,0.3618203656499846
sequences,0.75,47,9,-8.5,14.44,q4,"(50, 50)",0.05082401652913019,0.2099499644269506,0.017066693494994546,0.19933292808470768,0.057217981711489556,0.3618203656499846
sequences,0.75,48,9,-8.5,14.44,q1,"(150, 150)",0.007039148649028448,0.18647015548228976,0.016913020917860705,0.19813712119687457,0.05666003657574776,0.3595366303628397
sequences,0.75,48,9,-8.5,14.44,q2,"(150, 50)",0.047464376420486766,0.22650456919583734,0.016913020917860705,0.19813712119687457,0.05666003657574776,0.3595366303628397
sequences,0.75,48,9,-8.5,14.44,q3,"(50, 150)",0.004618299402211255,0.1879635313426265,0.016913020917860705,0.19813712119687457,0.05666003657574776,0.3595366303628397
sequences,0.75,48,9,-8.5,14.44,q4,"(50, 50)",0.05100796937642119,0.2235970966522146,0.016913020917860705,0.19813712119687457,0.05666003657574776,0.3595366303628397
sequences,0.75,49,9,-8.5,14.44,q1,"(150, 150)",0.008804193308894042,0.18551086214614443,0.017201524733973805,0.1929625789347796,0.05763620282785661,0.349898957503137
sequences,0.75,49,9,-8.5,14.44,q2,"(150, 50)",0.0439000600042426,0.2140843824186281,0.017201524733973805,0.1929625789347796,0.05763620282785661,0.349898957503137
sequences,0.75,49,9,-8.5,14.44,q3,"(50, 150)",0.003867832722820751,0.1791097152993995,0.017201524733973805,0.1929625789347796,0.05763620282785661,0.349898957503137
sequences,0.75,49,9,-8.5,14.44,q4,"(50, 50)",0.05268297778234445,0.21845316188480032,0.017201524733973805,0.1929625789347796,0.05763620282785661,0.349898957503137
sequences,0.75,0,10,-12.3,10.68,q1,"(150, 150)",0.010901519389213606,0.1977217558144769,0.019528048421696708,0.1968113699458133,0.06538773956704072,0.3559504226726365
sequences,0.75,0,10,-12.3,10.68,q2,"(150, 50)",0.04643555323329301,0.19292098283334982,0.019528048421696708,0.1968113699458133,0.06538773956704072,0.3559504226726365
sequences,0.75,0,10,-12.3,10.68,q3,"(50, 150)",0.006350006749267139,0.19426214881525436,0.019528048421696708,0.1968113699458133,0.06538773956704072,0.3559504226726365
sequences,0.75,0,10,-12.3,10.68,q4,"(50, 50)",0.05597842029654447,0.19583191841000416,0.019528048421696708,0.1968113699458133,0.06538773956704072,0.3559504226726365
sequences,0.75,1,10,-12.3,10.68,q1,"(150, 150)",0.00929699028928245,0.20873017432382346,0.019059072598015384,0.20752708282253088,0.06382810649033953,0.37599715086765223
sequences,0.75,1,10,-12.3,10.68,q2,"(150, 50)",0.04966667561452142,0.1994280260686502,0.019059072598015384,0.20752708282253088,0.06382810649033953,0.37599715086765223
sequences,0.75,1,10,-12.3,10.68,q3,"(50, 150)",0.00449162879390426,0.20503414140290416,0.019059072598015384,0.20752708282253088,0.06382810649033953,0.37599715086765223
sequences,0.75,1,10,-12.3,10.68,q4,"(50, 50)",0.058797335739427,0.2136579960822265,0.019059072598015384,0.20752708282253088,0.06382810649033953,0.37599715086765223
sequences,0.75,2,10,-12.3,10.68,q1,"(150, 150)",0.009848407321373487,0.20049664841026646,0.01937800151349721,0.2024442335059928,0.06492880386495965,0.3665571743220699
sequences,0.75,2,10,-12.3,10.68,q2,"(150, 50)",0.04915352052741918,0.20247849634684556,0.01937800151349721,0.2024442335059928,0.06492880386495965,0.3665571743220699
sequences,0.75,2,10,-12.3,10.68,q3,"(50, 150)",0.004872287750369391,0.20288710209916183,0.01937800151349721,0.2024442335059928,0.06492880386495965,0.3665571743220699
sequences,0.75,2,10,-12.3,10.68,q4,"(50, 50)",0.059334933490228274,0.20435632832167516,0.01937800151349721,0.2024442335059928,0.06492880386495965,0.3665571743220699
sequences,0.75,3,10,-12.3,10.68,q1,"(150, 150)",0.01080592528464829,0.2037300420514845,0.019514984446677215,0.2030612399134732,0.06540422101944605,0.36768659090566463
sequences,0.75,3,10,-12.3,10.68,q2,"(150, 50)",0.04668024731931322,0.19824001636157315,0.019514984446677215,0.2030612399134732,0.06540422101944605,0.36768659090566463
sequences,0.75,3,10,-12.3,10.68,q3,"(50, 150)",0.006500672480470661,0.20128182310281864,0.019514984446677215,0.2030612399134732,0.06540422101944605,0.36768659090566463
sequences,0.75,3,10,-12.3,10.68,q4,"(50, 50)",0.05544366418564917,0.2050673159689494,0.019514984446677215,0.2030612399134732,0.06540422101944605,0.36768659090566463
sequences,0.75,4,10,-12.3,10.68,q1,"(150, 150)",0.011190886777382064,0.20357527591721633,0.01964622479870378,0.1999260125253018,0.06582201121937778,0.36176795780496995
sequences,0.75,4,10,-12.3,10.68,q2,"(150, 50)",0.04559942180462177,0.18530519899051862,0.01964622479870378,0.1999260125253018,0.06582201121937778,0.36176795780496995
sequences,0.75,4,10,-12.3,10.68,q3,"(50, 150)",0.009805013790453072,0.2039704797316512,0.01964622479870378,0.1999260125253018,0.06582201121937778,0.36176795780496995
sequences,0.75,4,10,-12.3,10.68,q4,"(50, 50)",0.047408308997597376,0.18705397441738536,0.01964622479870378,0.1999260125253018,0.06582201121937778,0.36176795780496995
sequences,0.75,5,10,-12.3,10.68,q1,"(150, 150)",0.00800330591962904,0.2042290275279306,0.01880737082005253,0.20702562398538193,0.06294300809923872,0.3750481169034142
sequences,0.75,5,10,-12.3,10.68,q2,"(150, 50)",0.052399097848845305,0.21327275745389448,0.01880737082005253,0.20702562398538193,0.06294300809923872,0.3750481169034142
sequences,0.75,5,10,-12.3,10.68,q3,"(50, 150)",0.0033521432206189334,0.19985875007960216,0.01880737082005253,0.20702562398538193,0.06294300809923872,0.3750481169034142
sequences,0.75,5,10,-12.3,10.68,q4,"(50, 50)",0.06163445663578644,0.21701474893159037,0.01880737082005253,0.20702562398538193,0.06294300809923872,0.3750481169034142
sequences,0.75,6,10,-12.3,10.68,q1,"(150, 150)",0.009217143110165837,0.1982363368388482,0.019200178361692397,0.19838000022895788,0.06431681889855922,0.35906613348878386
sequences,0.75,6,10,-12.3,10.68,q2,"(150, 50)",0.0503116440476749,0.19320207493395206,0.019200178361692397,0.19838000022895788,0.06431681889855922,0.35906613348878386
sequences,0.75,6,10,-12.3,10.68,q3,"(50, 150)",0.0051393125503866825,0.1977279869542452,0.019200178361692397,0.19838000022895788,0.06431681889855922,0.35906613348878386
sequences,0.75,6,10,-12.3,10.68,q4,"(50, 50)",0.05789569600140105,0.2020737567281343,0.019200178361692397,0.19838000022895788,0.06431681889855922,0.35906613348878386
sequences,0.75,7,10,-12.3,10.68,q1,"(150, 150)",0.00920723550391623,0.20217805035425065,0.019324156855538125,0.20292423235613588,0.06477551950234853,0.3675423156310151
sequences,0.75,7,10,-12.3,10.68,q2,"(150, 50)",0.05076958147065876,0.20034696990190398,0.019324156855538125,0.20292423235613588,0.06477551950234853,0.3675423156310151
sequences,0.75,7,10,-12.3,10.68,q3,"(50, 150)",0.005363588251054607,0.20268956018293816,0.019324156855538125,0.20292423235613588,0.06477551950234853,0.3675423156310151
sequences,0.75,7,10,-12.3,10.68,q4,"(50, 50)",0.05792188098822381,0.20332299565431075,0.019324156855538125,0.20292423235613588,0.06477551950234853,0.3675423156310151
sequences,0.75,8,10,-12.3,10.68,q1,"(150, 150)",0.011253172878925202,0.1935968522354053,0.01978586256548224,0.19655878973547292,0.06631762214004437,0.35554308120903466
sequences,0.75,8,10,-12.3,10.68,q2,"(150, 50)",0.04617059898181963,0.20235224721067593,0.01978586256548224,0.19655878973547292,0.06631762214004437,0.35554308120903466
sequences,0.75,8,10,-12.3,10.68,q3,"(50, 150)",0.00894641615180011,0.1935184703527208,0.01978586256548224,0.19655878973547292,0.06631762214004437,0.35554308120903466
sequences,0.75,8,10,-12.3,10.68,q4,"(50, 50)",0.04994419973652976,0.2040951573585545,0.01978586256548224,0.19655878973547292,0.06631762214004437,0.35554308120903466
sequences,0.75,9,10,-12.3,10.68,q1,"(150, 150)",0.011622995764802772,0.19776285292253945,0.019785489982046333,0.1961946916708463,0.06627194768730978,0.35475382354436147
sequences,0.75,9,10,-12.3,10.68,q2,"(150, 50)",0.04524736219548088,0.191384903832927,0.019785489982046333,0.1961946916708463,0.06627194768730978,0.35475382354436147
sequences,0.75,9,10,-12.3,10.68,q3,"(50, 150)",0.007941195995775628,0.19203680914285362,0.019785489982046333,0.1961946916708463,0.06627194768730978,0.35475382354436147
sequences,0.75,9,10,-12.3,10.68,q4,"(50, 50)",0.05239520325574682,0.1983396917247371,0.019785489982046333,0.1961946916708463,0.06627194768730978,0.35475382354436147
sequences,0.75,10,10,-12.3,10.68,q1,"(150, 150)",0.009207504169736907,0.19975368973288904,0.019258566329753306,0.20568017896582436,0.0645124071007564,0.3725476693435832
sequences,0.75,10,10,-12.3,10.68,q2,"(150, 50)",0.05048977039485002,0.2205428841368568,0.019258566329753306,0.20568017896582436,0.0645124071007564,0.3725476693435832
sequences,0.75,10,10,-12.3,10.68,q3,"(50, 150)",0.00505207731730881,0.19624590509500564,0.019258566329753306,0.20568017896582436,0.0645124071007564,0.3725476693435832
sequences,0.75,10,10,-12.3,10.68,q4,"(50, 50)",0.058643980611944244,0.22429584792918933,0.019258566329753306,0.20568017896582436,0.0645124071007564,0.3725476693435832
sequences,0.75,11,10,-12.3,10.68,q1,"(150, 150)",0.011500094124462765,0.19331770278016883,0.01964583441832562,0.19610497132780946,0.06580416820742127,0.35464872568429057
sequences,0.75,11,10,-12.3,10.68,q2,"(150, 50)",0.045072864226454,0.20400970773547367,0.01964583441832562,0.19610497132780946,0.06580416820742127,0.35464872568429057
sequences,0.75,11,10,-12.3,10.68,q3,"(50, 150)",0.007823558181586861,0.18921411467371452,0.01964583441832562,0.19610497132780946,0.06580416820742127,0.35464872568429057
sequences,0.75,11,10,-12.3,10.68,q4,"(50, 50)",0.05214323634892246,0.20661791644039346,0.01964583441832562,0.19610497132780946,0.06580416820742127,0.35464872568429057
sequences,0.75,12,10,-12.3,10.68,q1,"(150, 150)",0.011272481097713234,0.19999839722912635,0.019592507387091843,0.20021040974408402,0.0656145592333953,0.3622440698928821
sequences,0.75,12,10,-12.3,10.68,q2,"(150, 50)",0.045636196134828215,0.19933352856700795,0.019592507387091843,0.20021040974408402,0.0656145592333953,0.3622440698928821
sequences,0.75,12,10,-12.3,10.68,q3,"(50, 150)",0.006324426132755849,0.19785012586496534,0.019592507387091843,0.20021040974408402,0.0656145592333953,0.3622440698928821
sequences,0.75,12,10,-12.3,10.68,q4,"(50, 50)",0.05614592151129815,0.20048793527426514,0.019592507387091843,0.20021040974408402,0.0656145592333953,0.3622440698928821
sequences,0.75,13,10,-12.3,10.68,q1,"(150, 150)",0.010454098982567618,0.20380801223945272,0.01946334993986915,0.20265947996829856,0.06520385239487152,0.3668901469797204
sequences,0.75,13,10,-12.3,10.68,q2,"(150, 50)",0.047314318353715516,0.1945211256742742,0.01946334993986915,0.20265947996829856,0.06520385239487152,0.3668901469797204
sequences,0.75,13,10,-12.3,10.68,q3,"(50, 150)",0.008002080739851685,0.2016920927531376,0.01946334993986915,0.20265947996829856,0.06520385239487152,0.3668901469797204
sequences,0.75,13,10,-12.3,10.68,q4,"(50, 50)",0.05137751091409623,0.20801407194081692,0.01946334993986915,0.20265947996829856,0.06520385239487152,0.3668901469797204
sequences,0.75,14,10,-12.3,10.68,q1,"(150, 150)",0.01202622007465184,0.20388690181292207,0.01964243422643591,0.19877304441605473,0.06578727028865748,0.35957647307245044
sequences,0.75,14,10,-12.3,10.68,q2,"(150, 50)",0.04346650960712246,0.17912959488632949,0.01964243422643591,0.19877304441605473,0.06578727028865748,0.35957647307245044
sequences,0.75,14,10,-12.3,10.68,q3,"(50, 150)",0.008068581248918976,0.2024254336879032,0.01964243422643591,0.19877304441605473,0.06578727028865748,0.35957647307245044
sequences,0.75,14,10,-12.3,10.68,q4,"(50, 50)",0.05143769438298366,0.18765587533942987,0.01964243422643591,0.19877304441605473,0.06578727028865748,0.35957647307245044
sequences,0.75,15,10,-12.3,10.68,q1,"(150, 150)",0.012958587443340417,0.19528333511197127,0.01993657656511101,0.19223925467723812,0.0667612442531972,0.3473147965570204
sequences,0.75,15,10,-12.3,10.68,q2,"(150, 50)",0.04170020481020491,0.18131087996103212,0.01993657656511101,0.19223925467723812,0.0667612442531972,0.3473147965570204
sequences,0.75,15,10,-12.3,10.68,q3,"(50, 150)",0.010260568685458885,0.1944592077074385,0.01993657656511101,0.19223925467723812,0.0667612442531972,0.3473147965570204
sequences,0.75,15,10,-12.3,10.68,q4,"(50, 50)",0.04647561756472105,0.18211594738204678,0.01993657656511101,0.19223925467723812,0.0667612442531972,0.3473147965570204
sequences,0.75,16,10,-12.3,10.68,q1,"(150, 150)",0.009328251678857886,0.20697576486898014,0.019251630599653877,0.2046884452453063,0.06453781629116286,0.3708518552660562
sequences,0.75,16,10,-12.3,10.68,q2,"(150, 50)",0.05007722088038719,0.19388469174839323,0.019251630599653877,0.2046884452453063,0.06453781629116286,0.3708518552660562
sequences,0.75,16,10,-12.3,10.68,q3,"(50, 150)",0.005225518320589816,0.20678867962756045,0.019251630599653877,0.2046884452453063,0.06453781629116286,0.3708518552660562
sequences,0.75,16,10,-12.3,10.68,q4,"(50, 50)",0.05816360688181002,0.1946979816721886,0.019251630599653877,0.2046884452453063,0.06453781629116286,0.3708518552660562
sequences,0.75,17,10,-12.3,10.68,q1,"(150, 150)",0.010589590767197066,0.19401178257524568,0.01962392591244851,0.1956922040965081,0.06574730182577607,0.35393669674098793
sequences,0.75,17,10,-12.3,10.68,q2,"(150, 50)",0.04754444342950358,0.19790289041251147,0.01962392591244851,0.1956922040965081,0.06574730182577607,0.35393669674098793
sequences,0.75,17,10,-12.3,10.68,q3,"(50, 150)",0.008104245081906776,0.1952274954638455,0.01962392591244851,0.1956922040965081,0.06574730182577607,0.35393669674098793
sequences,0.75,17,10,-12.3,10.68,q4,"(50, 50)",0.05173043216017156,0.1939631696131374,0.01962392591244851,0.1956922040965081,0.06574730182577607,0.35393669674098793
sequences,0.75,18,10,-12.3,10.68,q1,"(150, 150)",0.007788082020178252,0.20082157253832483,0.0190279492772482,0.20694811643595534,0.06375590309012633,0.37503087117007483
sequences,0.75,18,10,-12.3,10.68,q2,"(150, 50)",0.05397456323388965,0.21742281246382436,0.0190279492772482,0.20694811643595534,0.06375590309012633,0.37503087117007483
sequences,0.75,18,10,-12.3,10.68,q3,"(50, 150)",0.002172250971295698,0.20345869320118118,0.0190279492772482,0.20694811643595534,0.06375590309012633,0.37503087117007483
sequences,0.75,18,10,-12.3,10.68,q4,"(50, 50)",0.0659140076388109,0.22004730747130102,0.0190279492772482,0.20694811643595534,0.06375590309012633,0.37503087117007483
sequences,0.75,19,10,-12.3,10.68,q1,"(150, 150)",0.009747631124492525,0.19689360517396542,0.01921580555283562,0.2008152805273741,0.06436377676381048,0.36355131742287644
sequences,0.75,19,10,-12.3,10.68,q2,"(150, 50)",0.048763671534170876,0.20972771218342476,0.01921580555283562,0.2008152805273741,0.06436377676381048,0.36355131742287644
sequences,0.75,19,10,-12.3,10.68,q3,"(50, 150)",0.0051122722557053035,0.1940964668444925,0.01921580555283562,0.2008152805273741,0.06436377676381048,0.36355131742287644
sequences,0.75,19,10,-12.3,10.68,q4,"(50, 50)",0.05809637735530871,0.21403895779995152,0.01921580555283562,0.2008152805273741,0.06436377676381048,0.36355131742287644
sequences,0.75,20,10,-12.3,10.68,q1,"(150, 150)",0.010456285056358563,0.2021294296535542,0.01953767074457478,0.20023299284804463,0.06546928288372213,0.362411915665095
sequences,0.75,20,10,-12.3,10.68,q2,"(150, 50)",0.04787082527315869,0.19192703113853898,0.01953767074457478,0.20023299284804463,0.06546928288372213,0.362411915665095
sequences,0.75,20,10,-12.3,10.68,q3,"(50, 150)",0.006261119794872029,0.19939230459157706,0.01953767074457478,0.20023299284804463,0.06546928288372213,0.362411915665095
sequences,0.75,20,10,-12.3,10.68,q4,"(50, 50)",0.05610033120187727,0.19745698515797863,0.01953767074457478,0.20023299284804463,0.06546928288372213,0.362411915665095
sequences,0.75,21,10,-12.3,10.68,q1,"(150, 150)",0.01628262250441221,0.19156987919708898,0.02039415691854797,0.18532042191910555,0.06835648372229922,0.334415075125401
sequences,0.75,21,10,-12.3,10.68,q2,"(150, 50)",0.03353681818577951,0.1705861056358384,0.02039415691854797,0.18532042191910555,0.06835648372229922,0.334415075125401
sequences,0.75,21,10,-12.3,10.68,q3,"(50, 150)",0.013461443436562259,0.1849060907903593,0.02039415691854797,0.18532042191910555,0.06835648372229922,0.334415075125401
sequences,0.75,21,10,-12.3,10.68,q4,"(50, 50)",0.038768123290032305,0.1678856936740109,0.02039415691854797,0.18532042191910555,0.06835648372229922,0.334415075125401
sequences,0.75,22,10,-12.3,10.68,q1,"(150, 150)",0.010752600993084298,0.19598883030690845,0.019544619340280355,0.1963455808513808,0.0655255027752254,0.35529642355607366
sequences,0.75,22,10,-12.3,10.68,q2,"(150, 50)",0.047102027220871,0.19455717399820363,0.019544619340280355,0.1963455808513808,0.0655255027752254,0.35529642355607366
sequences,0.75,22,10,-12.3,10.68,q3,"(50, 150)",0.005538051580529028,0.19509285484098624,0.019544619340280355,0.1963455808513808,0.0655255027752254,0.35529642355607366
sequences,0.75,22,10,-12.3,10.68,q4,"(50, 50)",0.05802026410252694,0.19579784485984916,0.019544619340280355,0.1963455808513808,0.0655255027752254,0.35529642355607366
sequences,0.75,23,10,-12.3,10.68,q1,"(150, 150)",0.009624834453937638,0.2002144704607607,0.019202665536774882,0.20050660613136964,0.06432515044560717,0.3630003986144932
sequences,0.75,23,10,-12.3,10.68,q2,"(150, 50)",0.04900605445172626,0.1986057483126416,0.019202665536774882,0.20050660613136964,0.06432515044560717,0.3630003986144932
sequences,0.75,23,10,-12.3,10.68,q3,"(50, 150)",0.00577770350569447,0.1980147168721285,0.019202665536774882,0.20050660613136964,0.06432515044560717,0.3630003986144932
sequences,0.75,23,10,-12.3,10.68,q4,"(50, 50)",0.056267864630697134,0.2027481356527532,0.019202665536774882,0.20050660613136964,0.06432515044560717,0.3630003986144932
sequences,0.75,24,10,-12.3,10.68,q1,"(150, 150)",0.013743875663137834,0.20453811627594667,0.019886141425933975,0.20245999265073955,0.06663698224322351,0.36638677944444836
sequences,0.75,24,10,-12.3,10.68,q2,"(150, 50)",0.0395594585198787,0.19226397809446802,0.019886141425933975,0.20245999265073955,0.06663698224322351,0.36638677944444836
sequences,0.75,24,10,-12.3,10.68,q3,"(50, 150)",0.008068540838651585,0.20518058252075902,0.019886141425933975,0.20245999265073955,0.06663698224322351,0.36638677944444836
sequences,0.75,24,10,-12.3,10.68,q4,"(50, 50)",0.05159938377111223,0.1979881836986039,0.019886141425933975,0.20245999265073955,0.06663698224322351,0.36638677944444836
sequences,0.75,25,10,-12.3,10.68,q1,"(150, 150)",0.015446534773031418,0.19386145799907045,0.020297891626214048,0.18676934478391397,0.06798255589454592,0.3370299422294373
sequences,0.75,25,10,-12.3,10.68,q2,"(150, 50)",0.036038789590415204,0.1648613725668544,0.020297891626214048,0.18676934478391397,0.06798255589454592,0.3370299422294373
sequences,0.75,25,10,-12.3,10.68,q3,"(50, 150)",0.010548237927264033,0.18914465825812612,0.020297891626214048,0.18676934478391397,0.06798255589454592,0.3370299422294373
sequences,0.75,25,10,-12.3,10.68,q4,"(50, 50)",0.04598637050910427,0.17064316815145344,0.020297891626214048,0.18676934478391397,0.06798255589454592,0.3370299422294373
sequences,0.75,26,10,-12.3,10.68,q1,"(150, 150)",0.009601751907116296,0.20146810937140938,0.01921661099318376,0.20350742990993437,0.06439343551372627,0.3686060429478064
sequences,0.75,26,10,-12.3,10.68,q2,"(150, 50)",0.04889876630828016,0.2043273665525502,0.01921661099318376,0.20350742990993437,0.06439343551372627,0.3686060429478064
sequences,0.75,26,10,-12.3,10.68,q3,"(50, 150)",0.007244673209116432,0.2041585740271521,0.01921661099318376,0.20350742990993437,0.06439343551372627,0.3686060429478064
sequences,0.75,26,10,-12.3,10.68,q4,"(50, 50)",0.05261969017470375,0.20500672220407917,0.01921661099318376,0.20350742990993437,0.06439343551372627,0.3686060429478064
sequences,0.75,27,10,-12.3,10.68,q1,"(150, 150)",0.00980983521627599,0.20438048181074847,0.018993304276975185,0.20832375227250421,0.06362383142777048,0.37754182051963786
sequences,0.75,27,10,-12.3,10.68,q2,"(150, 50)",0.04789230101462016,0.21869785611926595,0.018993304276975185,0.20832375227250421,0.06362383142777048,0.37754182051963786
sequences,0.75,27,10,-12.3,10.68,q3,"(50, 150)",0.004122099587535721,0.20102963683352398,0.018993304276975185,0.20832375227250421,0.06362383142777048,0.37754182051963786
sequences,0.75,27,10,-12.3,10.68,q4,"(50, 50)",0.05956114967865144,0.21940704035499037,0.018993304276975185,0.20832375227250421,0.06362383142777048,0.37754182051963786
sequences,0.75,28,10,-12.3,10.68,q1,"(150, 150)",0.010660463500897282,0.20396008971442212,0.019355238908725887,0.2052485389686587,0.06489058388643328,0.3718608571558512
sequences,0.75,28,10,-12.3,10.68,q2,"(150, 50)",0.046580674765614914,0.20575191095926645,0.019355238908725887,0.2052485389686587,0.06489058388643328,0.3718608571558512
sequences,0.75,28,10,-12.3,10.68,q3,"(50, 150)",0.005860816623190883,0.20022801909148255,0.019355238908725887,0.2052485389686587,0.06489058388643328,0.3718608571558512
sequences,0.75,28,10,-12.3,10.68,q4,"(50, 50)",0.05641517686512125,0.21802479741598707,0.019355238908725887,0.2052485389686587,0.06489058388643328,0.3718608571558512
sequences,0.75,29,10,-12.3,10.68,q1,"(150, 150)",0.01080057994937043,0.19494317846206685,0.019560465062959196,0.19824339772761682,0.06555664872378449,0.35874724073740355
sequences,0.75,29,10,-12.3,10.68,q2,"(150, 50)",0.04688912552522021,0.20586730057795335,0.019560465062959196,0.19824339772761682,0.06555664872378449,0.35874724073740355
sequences,0.75,29,10,-12.3,10.68,q3,"(50, 150)",0.007125895659102557,0.1943780265881743,0.019560465062959196,0.19824339772761682,0.06555664872378449,0.35874724073740355
sequences,0.75,29,10,-12.3,10.68,q4,"(50, 50)",0.05371715791004493,0.20427266060552618,0.019560465062959196,0.19824339772761682,0.06555664872378449,0.35874724073740355
sequences,0.75,30,10,-12.3,10.68,q1,"(150, 150)",0.011424373661352604,0.2027388815852093,0.019607708185509956,0.20318024902018228,0.06563249601844337,0.36764442063769376
sequences,0.75,30,10,-12.3,10.68,q2,"(150, 50)",0.045142090616317423,0.20381663962907914,0.019607708185509956,0.20318024902018228,0.06563249601844337,0.36764442063769376
sequences,0.75,30,10,-12.3,10.68,q3,"(50, 150)",0.007179632825950329,0.1958306733694128,0.019607708185509956,0.20318024902018228,0.06563249601844337,0.36764442063769376
sequences,0.75,30,10,-12.3,10.68,q4,"(50, 50)",0.05393879768918255,0.2161355899312317,0.019607708185509956,0.20318024902018228,0.06563249601844337,0.36764442063769376
sequences,0.75,31,10,-12.3,10.68,q1,"(150, 150)",0.009392953760671726,0.20716458149036174,0.019181465552565502,0.20718670472253423,0.06425413467068251,0.3753646950134785
sequences,0.75,31,10,-12.3,10.68,q2,"(150, 50)",0.04964960989529853,0.20260408314831255,0.019181465552565502,0.20718670472253423,0.06425413467068251,0.3753646950134785
sequences,0.75,31,10,-12.3,10.68,q3,"(50, 150)",0.0050895412120340565,0.20789962219885924,0.019181465552565502,0.20718670472253423,0.06425413467068251,0.3753646950134785
sequences,0.75,31,10,-12.3,10.68,q4,"(50, 50)",0.05814941167300471,0.20492268591048668,0.019181465552565502,0.20718670472253423,0.06425413467068251,0.3753646950134785
sequences,0.75,32,10,-12.3,10.68,q1,"(150, 150)",0.012461183270009332,0.20287445039837598,0.019753792186652935,0.2030953835081946,0.06615469586956776,0.367515239709875
sequences,0.75,32,10,-12.3,10.68,q2,"(150, 50)",0.04282202324442617,0.20105890071249038,0.019753792186652935,0.2030953835081946,0.06615469586956776,0.367515239709875
sequences,0.75,32,10,-12.3,10.68,q3,"(50, 150)",0.006973487620161558,0.20174193445628497,0.019753792186652935,0.2030953835081946,0.06615469586956776,0.367515239709875
sequences,0.75,32,10,-12.3,10.68,q4,"(50, 50)",0.0545234929625998,0.20589777656311647,0.019753792186652935,0.2030953835081946,0.06615469586956776,0.367515239709875
sequences,0.75,33,10,-12.3,10.68,q1,"(150, 150)",0.01151408455029185,0.19527321701531397,0.01986113809075211,0.1911672399003295,0.06651976250775221,0.3453897037941759
sequences,0.75,33,10,-12.3,10.68,q2,"(150, 50)",0.045380838133255004,0.17817327206217257,0.01986113809075211,0.1911672399003295,0.06651976250775221,0.3453897037941759
sequences,0.75,33,10,-12.3,10.68,q3,"(50, 150)",0.011467427564439244,0.1945927826307891,0.01986113809075211,0.1911672399003295,0.06651976250775221,0.3453897037941759
sequences,0.75,33,10,-12.3,10.68,q4,"(50, 50)",0.04360665140632443,0.17129424657678094,0.01986113809075211,0.1911672399003295,0.06651976250775221,0.3453897037941759
sequences,0.75,34,10,-12.3,10.68,q1,"(150, 150)",0.01032429704034674,0.20425926658568672,0.019519742731148135,0.20289548751004735,0.06543113292934931,0.36740761114261444
sequences,0.75,34,10,-12.3,10.68,q2,"(150, 50)",0.04812643422437592,0.19714595469212434,0.019519742731148135,0.20289548751004735,0.06543113292934931,0.36740761114261444
sequences,0.75,34,10,-12.3,10.68,q3,"(50, 150)",0.0061742211999190584,0.1986285740448627,0.019519742731148135,0.20289548751004735,0.06543113292934931,0.36740761114261444
sequences,0.75,34,10,-12.3,10.68,q4,"(50, 50)",0.05649524406236453,0.20758512759608785,0.019519742731148135,0.20289548751004735,0.06543113292934931,0.36740761114261444
sequences,0.75,35,10,-12.3,10.68,q1,"(150, 150)",0.007736657452312968,0.20441190167047746,0.01897941622791135,0.20680560187626512,0.06363059669067589,0.3748935137981207
sequences,0.75,35,10,-12.3,10.68,q2,"(150, 50)",0.05383502580884123,0.21021093570730678,0.01897941622791135,0.20680560187626512,0.06363059669067589,0.3748935137981207
sequences,0.75,35,10,-12.3,10.68,q3,"(50, 150)",0.003099959270008775,0.2031942036366861,0.01897941622791135,0.20680560187626512,0.06363059669067589,0.3748935137981207
sequences,0.75,35,10,-12.3,10.68,q4,"(50, 50)",0.06323578733921488,0.21050387384703373,0.01897941622791135,0.20680560187626512,0.06363059669067589,0.3748935137981207
sequences,0.75,36,10,-12.3,10.68,q1,"(150, 150)",0.010450866010082235,0.2013535189048731,0.019517013997033154,0.20113442711080914,0.06539458534774051,0.3640747069626377
sequences,0.75,36,10,-12.3,10.68,q2,"(150, 50)",0.04766532629027021,0.2009294586650738,0.019517013997033154,0.20113442711080914,0.06539458534774051,0.3640747069626377
sequences,0.75,36,10,-12.3,10.68,q3,"(50, 150)",0.006636407339215854,0.19730452172236446,0.019517013997033154,0.20113442711080914,0.06539458534774051,0.3640747069626377
sequences,0.75,36,10,-12.3,10.68,q4,"(50, 50)",0.05530922897333212,0.19897500503538765,0.019517013997033154,0.20113442711080914,0.06539458534774051,0.3640747069626377
sequences,0.75,37,10,-12.3,10.68,q1,"(150, 150)",0.009293844469262912,0.19538865317719417,0.01941489531323375,0.19681124518269794,0.0650687735676037,0.35615740490758624
sequences,0.75,37,10,-12.3,10.68,q2,"(150, 50)",0.050683699737321224,0.1974496728996366,0.01941489531323375,0.19681124518269794,0.0650687735676037,0.35615740490758624
sequences,0.75,37,10,-12.3,10.68,q3,"(50, 150)",0.006286824019211362,0.19403442008290941,0.01941489531323375,0.19681124518269794,0.0650687735676037,0.35615740490758624
sequences,0.75,37,10,-12.3,10.68,q4,"(50, 50)",0.056082153518776066,0.20134616222556637,0.01941489531323375,0.19681124518269794,0.0650687735676037,0.35615740490758624
sequences,0.75,38,10,-12.3,10.68,q1,"(150, 150)",0.009697362857283663,0.195405050809786,0.019209720298147097,0.20035429852391198,0.06433261988662792,0.36267152053154694
sequences,0.75,38,10,-12.3,10.68,q2,"(150, 50)",0.04887255134726618,0.21259655969598804,0.019209720298147097,0.20035429852391198,0.06433261988662792,0.36267152053154694
sequences,0.75,38,10,-12.3,10.68,q3,"(50, 150)",0.005401104691951756,0.19591150065070762,0.019209720298147097,0.20035429852391198,0.06433261988662792,0.36267152053154694
sequences,0.75,38,10,-12.3,10.68,q4,"(50, 50)",0.05725829093714677,0.2059410880620464,0.019209720298147097,0.20035429852391198,0.06433261988662792,0.36267152053154694
sequences,0.75,39,10,-12.3,10.68,q1,"(150, 150)",0.009633674221395027,0.19032700450533274,0.01935909507256695,0.19407538643838007,0.06485458985784572,0.3510429734667607
sequences,0.75,39,10,-12.3,10.68,q2,"(150, 50)",0.04970367723750687,0.20127499941564883,0.01935909507256695,0.19407538643838007,0.06485458985784572,0.3510429734667607
sequences,0.75,39,10,-12.3,10.68,q3,"(50, 150)",0.00500109460351765,0.18907836747126344,0.01935909507256695,0.19407538643838007,0.06485458985784572,0.3510429734667607
sequences,0.75,39,10,-12.3,10.68,q4,"(50, 50)",0.058928137645442316,0.20503708903029733,0.01935909507256695,0.19407538643838007,0.06485458985784572,0.3510429734667607
sequences,0.75,40,10,-12.3,10.68,q1,"(150, 150)",0.0104010441747387,0.1983734898599851,0.019298596439440593,0.19834070034030332,0.06466274565066375,0.3589954945816984
sequences,0.75,40,10,-12.3,10.68,q2,"(150, 50)",0.047081695463912,0.19580549497071012,0.019298596439440593,0.19834070034030332,0.06466274565066375,0.3589954945816984
sequences,0.75,40,10,-12.3,10.68,q3,"(50, 150)",0.006009725929400028,0.19575686190106198,0.019298596439440593,0.19834070034030332,0.06466274565066375,0.3589954945816984
sequences,0.75,40,10,-12.3,10.68,q4,"(50, 50)",0.05589388127846512,0.20094114046837463,0.019298596439440593,0.19834070034030332,0.06466274565066375,0.3589954945816984
sequences,0.75,41,10,-12.3,10.68,q1,"(150, 150)",0.00997286375792356,0.19201378776731665,0.01919121741194033,0.19573175241716492,0.06424913763622474,0.35406767552568275
sequences,0.75,41,10,-12.3,10.68,q2,"(150, 50)",0.047932386352415604,0.20520498147485305,0.01919121741194033,0.19573175241716492,0.06424913763622474,0.35406767552568275
sequences,0.75,41,10,-12.3,10.68,q3,"(50, 150)",0.0063642657980157915,0.18988122008811884,0.01919121741194033,0.19573175241716492,0.06424913763622474,0.35406767552568275
sequences,0.75,41,10,-12.3,10.68,q4,"(50, 50)",0.054413748318439,0.2041616472837431,0.01919121741194033,0.19573175241716492,0.06424913763622474,0.35406767552568275
sequences,0.75,42,10,-12.3,10.68,q1,"(150, 150)",0.011055177648586465,0.20079155230112908,0.01962651176507377,0.1988874917709402,0.06577249251030086,0.35989716726931087
sequences,0.75,42,10,-12.3,10.68,q2,"(150, 50)",0.04631412021608488,0.19295635324604068,0.01962651176507377,0.1988874917709402,0.06577249251030086,0.35989716726931087
sequences,0.75,42,10,-12.3,10.68,q3,"(50, 150)",0.0072315815863193975,0.19749075396039678,0.01962651176507377,0.1988874917709402,0.06577249251030086,0.35989716726931087
sequences,0.75,42,10,-12.3,10.68,q4,"(50, 50)",0.053890483996689366,0.19211311367811387,0.01962651176507377,0.1988874917709402,0.06577249251030086,0.35989716726931087
sequences,0.75,43,10,-12.3,10.68,q1,"(150, 150)",0.012066342497301654,0.19635183611768156,0.01972228592621096,0.19658221032200454,0.06608237871070853,0.3555567952443141
sequences,0.75,43,10,-12.3,10.68,q2,"(150, 50)",0.04350987131527624,0.19633011426722402,0.01972228592621096,0.19658221032200454,0.06608237871070853,0.3555567952443141
sequences,0.75,43,10,-12.3,10.68,q3,"(50, 150)",0.008832420009057448,0.19609182340968245,0.01972228592621096,0.19658221032200454,0.06608237871070853,0.3555567952443141
sequences,0.75,43,10,-12.3,10.68,q4,"(50, 50)",0.04993261837065941,0.19193906111538747,0.01972228592621096,0.19658221032200454,0.06608237871070853,0.3555567952443141
sequences,0.75,44,10,-12.3,10.68,q1,"(150, 150)",0.010605249477281125,0.19896681407900202,0.019581949891358415,0.19661707662826666,0.06555724771127691,0.35553864718306294
sequences,0.75,44,10,-12.3,10.68,q2,"(150, 50)",0.047312334403512304,0.18854422293058165,0.019581949891358415,0.19661707662826666,0.06555724771127691,0.35553864718306294
sequences,0.75,44,10,-12.3,10.68,q3,"(50, 150)",0.007969654766053795,0.19441594413838675,0.019581949891358415,0.19661707662826666,0.06555724771127691,0.35553864718306294
sequences,0.75,44,10,-12.3,10.68,q4,"(50, 50)",0.05201798545750619,0.19420098757131393,0.019581949891358415,0.19661707662826666,0.06555724771127691,0.35553864718306294
sequences,0.75,45,10,-12.3,10.68,q1,"(150, 150)",0.012658245856733617,0.1937838157940815,0.01991445871043607,0.19137978799841635,0.06674305391013345,0.34587112598435144
sequences,0.75,45,10,-12.3,10.68,q2,"(150, 50)",0.04251890201991943,0.183692373343728,0.01991445871043607,0.19137978799841635,0.06674305391013345,0.34587112598435144
sequences,0.75,45,10,-12.3,10.68,q3,"(50, 150)",0.009665148061771201,0.18943758180138387,0.01991445871043607,0.19137978799841635,0.06674305391013345,0.34587112598435144
sequences,0.75,45,10,-12.3,10.68,q4,"(50, 50)",0.04815497641130266,0.1898477871409534,0.01991445871043607,0.19137978799841635,0.06674305391013345,0.34587112598435144
sequences,0.75,46,10,-12.3,10.68,q1,"(150, 150)",0.011025813980613948,0.1989625763928731,0.0196261775853006,0.197547172033218,0.06576586273033629,0.3574004395904362
sequences,0.75,46,10,-12.3,10.68,q2,"(150, 50)",0.046470404072052544,0.19109264048277158,0.0196261775853006,0.197547172033218,0.06576586273033629,0.3574004395904362
sequences,0.75,46,10,-12.3,10.68,q3,"(50, 150)",0.007439951178654429,0.19759049315087238,0.0196261775853006,0.197547172033218,0.06576586273033629,0.3574004395904362
sequences,0.75,46,10,-12.3,10.68,q4,"(50, 50)",0.05305544978716316,0.19250308714935543,0.0196261775853006,0.197547172033218,0.06576586273033629,0.3574004395904362
sequences,0.75,47,10,-12.3,10.68,q1,"(150, 150)",0.007790467310113013,0.19375368474590676,0.01887572405209354,0.2030397478690018,0.06319291614360074,0.36771546603852107
sequences,0.75,47,10,-12.3,10.68,q2,"(150, 50)",0.053191182825686675,0.22647752718831948,0.01887572405209354,0.2030397478690018,0.06319291614360074,0.36771546603852107
sequences,0.75,47,10,-12.3,10.68,q3,"(50, 150)",0.004091561452380645,0.1899268368807708,0.01887572405209354,0.2030397478690018,0.06319291614360074,0.36771546603852107
sequences,0.75,47,10,-12.3,10.68,q4,"(50, 50)",0.06004914620827758,0.2294677095496089,0.01887572405209354,0.2030397478690018,0.06319291614360074,0.36771546603852107
sequences,0.75,48,10,-12.3,10.68,q1,"(150, 150)",0.010101760708398681,0.20605780468380752,0.019309493714747883,0.2065716217805926,0.06472094424249333,0.37428200772356723
sequences,0.75,48,10,-12.3,10.68,q2,"(150, 50)",0.04823653657978375,0.20497672931073033,0.019309493714747883,0.2065716217805926,0.06472094424249333,0.37428200772356723
sequences,0.75,48,10,-12.3,10.68,q3,"(50, 150)",0.003981428780484282,0.20414013805121414,0.019309493714747883,0.2065716217805926,0.06472094424249333,0.37428200772356723
sequences,0.75,48,10,-12.3,10.68,q4,"(50, 50)",0.061382156979573915,0.2092766162873458,0.019309493714747883,0.2065716217805926,0.06472094424249333,0.37428200772356723
sequences,0.75,49,10,-12.3,10.68,q1,"(150, 150)",0.011448660435133451,0.20449288822469427,0.01965167529215553,0.20229449778261954,0.06584578754282303,0.3661652242934404
sequences,0.75,49,10,-12.3,10.68,q2,"(150, 50)",0.045319884081705564,0.1947333350009638,0.01965167529215553,0.20229449778261954,0.06584578754282303,0.3661652242934404
sequences,0.75,49,10,-12.3,10.68,q3,"(50, 150)",0.007089076657119558,0.1991888888153069,0.01965167529215553,0.20229449778261954,0.06584578754282303,0.3661652242934404
sequences,0.75,49,10,-12.3,10.68,q4,"(50, 50)",0.054161978541812025,0.2034072274270675,0.01965167529215553,0.20229449778261954,0.06584578754282303,0.3661652242934404
sequences,0.75,0,11,-17.0,8.65,q1,"(150, 150)",0.009374682530171858,0.20737839227807725,0.021051021638737163,0.2063349421573268,0.07052268555690841,0.3730120025705796
sequences,0.75,0,11,-17.0,8.65,q2,"(150, 50)",0.056974811770242086,0.1973651175179783,0.021051021638737163,0.2063349421573268,0.07052268555690841,0.3730120025705796
sequences,0.75,0,11,-17.0,8.65,q3,"(50, 150)",0.005002691302970912,0.2046926209712468,0.021051021638737163,0.2063349421573268,0.07052268555690841,0.3730120025705796
sequences,0.75,0,11,-17.0,8.65,q4,"(50, 50)",0.06651169422860888,0.2089006264436842,0.021051021638737163,0.2063349421573268,0.07052268555690841,0.3730120025705796
sequences,0.75,1,11,-17.0,8.65,q1,"(150, 150)",0.013271599052580157,0.20563362762385903,0.021303794425453902,0.20058533700563727,0.07136949556265963,0.36223708430964363
sequences,0.75,1,11,-17.0,8.65,q2,"(150, 50)",0.04622445239336165,0.1843564427865127,0.021303794425453902,0.20058533700563727,0.07136949556265963,0.36223708430964363
sequences,0.75,1,11,-17.0,8.65,q3,"(50, 150)",0.00921121650542658,0.20316801122478872,0.021303794425453902,0.20058533700563727,0.07136949556265963,0.36223708430964363
sequences,0.75,1,11,-17.0,8.65,q4,"(50, 50)",0.055109312637676384,0.1826637777065473,0.021303794425453902,0.20058533700563727,0.07136949556265963,0.36223708430964363
sequences,0.75,2,11,-17.0,8.65,q1,"(150, 150)",0.00772903417448909,0.21816265656262476,0.02073388085466358,0.2190138777927719,0.06941953914677687,0.39650957246480684
sequences,0.75,2,11,-17.0,8.65,q2,"(150, 50)",0.06059818996069095,0.21681145067404473,0.02073388085466358,0.2190138777927719,0.06941953914677687,0.39650957246480684
sequences,0.75,2,11,-17.0,8.65,q3,"(50, 150)",0.002131341673052653,0.21346419377371859,0.02073388085466358,0.2190138777927719,0.06941953914677687,0.39650957246480684
sequences,0.75,2,11,-17.0,8.65,q4,"(50, 50)",0.07399219120298467,0.22634491361038597,0.02073388085466358,0.2190138777927719,0.06941953914677687,0.39650957246480684
sequences,0.75,3,11,-17.0,8.65,q1,"(150, 150)",0.01763069584774334,0.20017066007714074,0.021751196091019283,0.19016102685407776,0.07287443199939453,0.34267721355037073
sequences,0.75,3,11,-17.0,8.65,q2,"(150, 50)",0.03474599773517784,0.1569351542763462,0.021751196091019283,0.19016102685407776,0.07287443199939453,0.34267721355037073
sequences,0.75,3,11,-17.0,8.65,q3,"(50, 150)",0.014795660487523909,0.19792848860413606,0.021751196091019283,0.19016102685407776,0.07287443199939453,0.34267721355037073
sequences,0.75,3,11,-17.0,8.65,q4,"(50, 50)",0.04071790015851327,0.15933473067643783,0.021751196091019283,0.19016102685407776,0.07287443199939453,0.34267721355037073
sequences,0.75,4,11,-17.0,8.65,q1,"(150, 150)",0.014867923450882265,0.20362559664085736,0.021228381683579628,0.1969106321968602,0.07109899249294023,0.35541115421571323
sequences,0.75,4,11,-17.0,8.65,q2,"(150, 50)",0.04106485678035058,0.17521840865591687,0.021228381683579628,0.1969106321968602,0.07109899249294023,0.35541115421571323
sequences,0.75,4,11,-17.0,8.65,q3,"(50, 150)",0.01182985874358177,0.19893028387342365,0.021228381683579628,0.1969106321968602,0.07109899249294023,0.35541115421571323
sequences,0.75,4,11,-17.0,8.65,q4,"(50, 50)",0.04715864930753662,0.18413072365679622,0.021228381683579628,0.1969106321968602,0.07109899249294023,0.35541115421571323
sequences,0.75,5,11,-17.0,8.65,q1,"(150, 150)",0.013159282227378525,0.2025670636004803,0.02124996051032786,0.19683121700528886,0.07113552769379147,0.35516801499037637
sequences,0.75,5,11,-17.0,8.65,q2,"(150, 50)",0.04619614765806095,0.17727177377166198,0.02124996051032786,0.19683121700528886,0.07113552769379147,0.35516801499037637
sequences,0.75,5,11,-17.0,8.65,q3,"(50, 150)",0.011087844316732933,0.20098697433591423,0.02124996051032786,0.19683121700528886,0.07113552769379147,0.35516801499037637
sequences,0.75,5,11,-17.0,8.65,q4,"(50, 50)",0.04971385219445734,0.17759647022037167,0.02124996051032786,0.19683121700528886,0.07113552769379147,0.35516801499037637
sequences,0.75,6,11,-17.0,8.65,q1,"(150, 150)",0.01104604955544206,0.21146866253101662,0.02106651582039014,0.20978088446365786,0.07052143550218475,0.3792517294100939
sequences,0.75,6,11,-17.0,8.65,q2,"(150, 50)",0.05193738836283092,0.1998840855492798,0.02106651582039014,0.20978088446365786,0.07052143550218475,0.3792517294100939
sequences,0.75,6,11,-17.0,8.65,q3,"(50, 150)",0.0064054324097093515,0.20859638195319774,0.02106651582039014,0.20978088446365786,0.07052143550218475,0.3792517294100939
sequences,0.75,6,11,-17.0,8.65,q4,"(50, 50)",0.06262134480964288,0.2124257378556169,0.02106651582039014,0.20978088446365786,0.07052143550218475,0.3792517294100939
sequences,0.75,7,11,-17.0,8.65,q1,"(150, 150)",0.011046407348426622,0.20180524878179762,0.021068222108493108,0.20121783237994292,0.07058030857116619,0.36351846788377956
sequences,0.75,7,11,-17.0,8.65,q2,"(150, 50)",0.05201092403058374,0.19705144637171432,0.021068222108493108,0.20121783237994292,0.07058030857116619,0.36351846788377956
sequences,0.75,7,11,-17.0,8.65,q3,"(50, 150)",0.006829728506423444,0.1990127926380088,0.021068222108493108,0.20121783237994292,0.07058030857116619,0.36351846788377956
sequences,0.75,7,11,-17.0,8.65,q4,"(50, 50)",0.06115192998902861,0.19998086814388089,0.021068222108493108,0.20121783237994292,0.07058030857116619,0.36351846788377956
sequences,0.75,8,11,-17.0,8.65,q1,"(150, 150)",0.0120086465179665,0.21999385597737414,0.02121925006790146,0.21541354811026373,0.07102677846996304,0.38959744618266134
sequences,0.75,8,11,-17.0,8.65,q2,"(150, 50)",0.04956093110804251,0.20120752042805115,0.02121925006790146,0.21541354811026373,0.07102677846996304,0.38959744618266134
sequences,0.75,8,11,-17.0,8.65,q3,"(50, 150)",0.009216243399020883,0.21608023087393813,0.02121925006790146,0.21541354811026373,0.07102677846996304,0.38959744618266134
sequences,0.75,8,11,-17.0,8.65,q4,"(50, 50)",0.05509865890353467,0.2014784840235434,0.02121925006790146,0.21541354811026373,0.07102677846996304,0.38959744618266134
sequences,0.75,9,11,-17.0,8.65,q1,"(150, 150)",0.015728748143640472,0.20778447441056247,0.021374174053763673,0.201963460184227,0.07159927662260672,0.36474627224050526
sequences,0.75,9,11,-17.0,8.65,q2,"(150, 50)",0.03912725458667201,0.1797129228070449,0.021374174053763673,0.201963460184227,0.07159927662260672,0.36474627224050526
sequences,0.75,9,11,-17.0,8.65,q3,"(50, 150)",0.011502996691600962,0.20663719709434306,0.021374174053763673,0.201963460184227,0.07159927662260672,0.36474627224050526
sequences,0.75,9,11,-17.0,8.65,q4,"(50, 50)",0.04853729773263563,0.19185627791139645,0.021374174053763673,0.201963460184227,0.07159927662260672,0.36474627224050526
sequences,0.75,10,11,-17.0,8.65,q1,"(150, 150)",0.013961979627119625,0.2098315730702165,0.0212664316143936,0.2013489238716074,0.07117279656758232,0.36349513201717304
sequences,0.75,10,11,-17.0,8.65,q2,"(150, 50)",0.04399474378316019,0.17578696392942855,0.0212664316143936,0.2013489238716074,0.07117279656758232,0.36349513201717304
sequences,0.75,10,11,-17.0,8.65,q3,"(50, 150)",0.009564568437107814,0.20361573488060725,0.0212664316143936,0.2013489238716074,0.07117279656758232,0.36349513201717304
sequences,0.75,10,11,-17.0,8.65,q4,"(50, 50)",0.053927152525416966,0.17835331527888026,0.0212664316143936,0.2013489238716074,0.07117279656758232,0.36349513201717304
sequences,0.75,11,11,-17.0,8.65,q1,"(150, 150)",0.009764970695598004,0.21601299689071413,0.020941103764712306,0.21381128942841401,0.0702073716024216,0.3870486357260608
sequences,0.75,11,11,-17.0,8.65,q2,"(150, 50)",0.055340944971463,0.2036366343485951,0.020941103764712306,0.21381128942841401,0.0702073716024216,0.3870486357260608
sequences,0.75,11,11,-17.0,8.65,q3,"(50, 150)",0.005652113655206977,0.21108156718198973,0.020941103764712306,0.21381128942841401,0.0702073716024216,0.3870486357260608
sequences,0.75,11,11,-17.0,8.65,q4,"(50, 50)",0.0641937480950049,0.2148803716652085,0.020941103764712306,0.21381128942841401,0.0702073716024216,0.3870486357260608
sequences,0.75,12,11,-17.0,8.65,q1,"(150, 150)",0.01295202514835839,0.21600033054095147,0.02119467834918818,0.21055498171526424,0.07099800133720183,0.3807521895436319
sequences,0.75,12,11,-17.0,8.65,q2,"(150, 50)",0.046746113664311036,0.1916641059816451,0.02119467834918818,0.21055498171526424,0.07099800133720183,0.3807521895436319
sequences,0.75,12,11,-17.0,8.65,q3,"(50, 150)",0.008301753661412796,0.21338960323798012,0.02119467834918818,0.21055498171526424,0.07099800133720183,0.3807521895436319
sequences,0.75,12,11,-17.0,8.65,q4,"(50, 50)",0.057403025274613856,0.19554676358366765,0.02119467834918818,0.21055498171526424,0.07099800133720183,0.3807521895436319
sequences,0.75,13,11,-17.0,8.65,q1,"(150, 150)",0.013569598329952927,0.20899079663543954,0.02117594228114857,0.2026541870342016,0.07088774719607857,0.3660000873974894
sequences,0.75,13,11,-17.0,8.65,q2,"(150, 50)",0.04483562760700075,0.18045320452995572,0.02117594228114857,0.2026541870342016,0.07088774719607857,0.3660000873974894
sequences,0.75,13,11,-17.0,8.65,q3,"(50, 150)",0.008213819708867538,0.20673764829654995,0.02117594228114857,0.2026541870342016,0.07088774719607857,0.3660000873974894
sequences,0.75,13,11,-17.0,8.65,q4,"(50, 50)",0.05754034958119596,0.1845730792482624,0.02117594228114857,0.2026541870342016,0.07088774719607857,0.3660000873974894
sequences,0.75,14,11,-17.0,8.65,q1,"(150, 150)",0.00955936375561918,0.2075253843711076,0.02102214852752966,0.20589561145263963,0.07039647895363636,0.372135571275119
sequences,0.75,14,11,-17.0,8.65,q2,"(150, 50)",0.05618152406299498,0.19801706349352902,0.02102214852752966,0.20589561145263963,0.07039647895363636,0.372135571275119
sequences,0.75,14,11,-17.0,8.65,q3,"(50, 150)",0.0059586972636855315,0.2038228360346926,0.02102214852752966,0.20589561145263963,0.07039647895363636,0.372135571275119
sequences,0.75,14,11,-17.0,8.65,q4,"(50, 50)",0.06389943865986038,0.20251709106329477,0.02102214852752966,0.20589561145263963,0.07039647895363636,0.372135571275119
sequences,0.75,15,11,-17.0,8.65,q1,"(150, 150)",0.00963472173349914,0.20968222959173763,0.020966890265830925,0.2074817185531262,0.07025260601719191,0.3752043965881196
sequences,0.75,15,11,-17.0,8.65,q2,"(150, 50)",0.05573295141173191,0.19489553380642552,0.020966890265830925,0.2074817185531262,0.07025260601719191,0.3752043965881196
sequences,0.75,15,11,-17.0,8.65,q3,"(50, 150)",0.005382375644293577,0.21151724910223935,0.020966890265830925,0.2074817185531262,0.07025260601719191,0.3752043965881196
sequences,0.75,15,11,-17.0,8.65,q4,"(50, 50)",0.06541176748372608,0.19344677503173724,0.020966890265830925,0.2074817185531262,0.07025260601719191,0.3752043965881196
sequences,0.75,16,11,-17.0,8.65,q1,"(150, 150)",0.011890034373655342,0.20266476986950796,0.021294771430777484,0.1996438585510789,0.07130940621440765,0.36042215163337993
sequences,0.75,16,11,-17.0,8.65,q2,"(150, 50)",0.05026969045075838,0.18688326775349678,0.021294771430777484,0.1996438585510789,0.07130940621440765,0.36042215163337993
sequences,0.75,16,11,-17.0,8.65,q3,"(50, 150)",0.008882261252819103,0.20165413576218674,0.021294771430777484,0.1996438585510789,0.07130940621440765,0.36042215163337993
sequences,0.75,16,11,-17.0,8.65,q4,"(50, 50)",0.05625017841880922,0.1905193787426577,0.021294771430777484,0.1996438585510789,0.07130940621440765,0.36042215163337993
sequences,0.75,17,11,-17.0,8.65,q1,"(150, 150)",0.01194518594494729,0.2042078502608068,0.021160618258580986,0.20234712865706841,0.07086610267441722,0.36551151293862966
sequences,0.75,17,11,-17.0,8.65,q2,"(150, 50)",0.0495875771198875,0.1911808447111123,0.021160618258580986,0.20234712865706841,0.07086610267441722,0.36551151293862966
sequences,0.75,17,11,-17.0,8.65,q3,"(50, 150)",0.007750425234636372,0.20374751720082032,0.021160618258580986,0.20234712865706841,0.07086610267441722,0.36551151293862966
sequences,0.75,17,11,-17.0,8.65,q4,"(50, 50)",0.059049211569198484,0.20111940520575317,0.021160618258580986,0.20234712865706841,0.07086610267441722,0.36551151293862966
sequences,0.75,18,11,-17.0,8.65,q1,"(150, 150)",0.01767621467160791,0.19869484955530256,0.021711228488218357,0.19114877607804737,0.0727893001029867,0.3446436863109801
sequences,0.75,18,11,-17.0,8.65,q2,"(150, 50)",0.03447890015555162,0.16800528111086996,0.021711228488218357,0.19114877607804737,0.0727893001029867,0.3446436863109801
sequences,0.75,18,11,-17.0,8.65,q3,"(50, 150)",0.014687290032292038,0.19618482549175462,0.021711228488218357,0.19114877607804737,0.0727893001029867,0.3446436863109801
sequences,0.75,18,11,-17.0,8.65,q4,"(50, 50)",0.04079515320349156,0.16732700921267435,0.021711228488218357,0.19114877607804737,0.0727893001029867,0.3446436863109801
sequences,0.75,19,11,-17.0,8.65,q1,"(150, 150)",0.01691357164625641,0.20774762725695667,0.02164971563183051,0.19895266406329218,0.07254051141507963,0.3590739904408912
sequences,0.75,19,11,-17.0,8.65,q2,"(150, 50)",0.03640628233433759,0.17262867574663418,0.02164971563183051,0.19895266406329218,0.07254051141507963,0.3590739904408912
sequences,0.75,19,11,-17.0,8.65,q3,"(50, 150)",0.015002019229092492,0.20214596293394915,0.02164971563183051,0.19895266406329218,0.07254051141507963,0.3590739904408912
sequences,0.75,19,11,-17.0,8.65,q4,"(50, 50)",0.039948400602690295,0.17767778440534704,0.02164971563183051,0.19895266406329218,0.07254051141507963,0.3590739904408912
sequences,0.75,20,11,-17.0,8.65,q1,"(150, 150)",0.012418563192149795,0.204905086761569,0.021339842902371634,0.20261475632154663,0.07145435426878162,0.3658963508424994
sequences,0.75,20,11,-17.0,8.65,q2,"(150, 50)",0.04878373052999144,0.1915738202543255,0.021339842902371634,0.20261475632154663,0.07145435426878162,0.3658963508424994
sequences,0.75,20,11,-17.0,8.65,q3,"(50, 150)",0.009444665512092902,0.20386476955353483,0.021339842902371634,0.20261475632154663,0.07145435426878162,0.3658963508424994
sequences,0.75,20,11,-17.0,8.65,q4,"(50, 50)",0.05498522958234496,0.19912950573793708,0.021339842902371634,0.20261475632154663,0.07145435426878162,0.3658963508424994
sequences,0.75,21,11,-17.0,8.65,q1,"(150, 150)",0.009506510764966383,0.21123437422203795,0.02085926214430579,0.210266140963584,0.06986857191192695,0.3803477152698762
sequences,0.75,21,11,-17.0,8.65,q2,"(150, 50)",0.05584659544022532,0.20318097568333482,0.02085926214430579,0.210266140963584,0.06986857191192695,0.3803477152698762
sequences,0.75,21,11,-17.0,8.65,q3,"(50, 150)",0.004626112246193772,0.20746308178978848,0.02085926214430579,0.210266140963584,0.06986857191192695,0.3803477152698762
sequences,0.75,21,11,-17.0,8.65,q4,"(50, 50)",0.06677147436493792,0.21238844952682928,0.02085926214430579,0.210266140963584,0.06986857191192695,0.3803477152698762
sequences,0.75,22,11,-17.0,8.65,q1,"(150, 150)",0.009512197438133863,0.21016942929503732,0.020840521574112907,0.21112406951669255,0.0698584482497709,0.38208351248339195
sequences,0.75,22,11,-17.0,8.65,q2,"(150, 50)",0.05580854233265556,0.2119114923564784,0.020840521574112907,0.21112406951669255,0.0698584482497709,0.38208351248339195
sequences,0.75,22,11,-17.0,8.65,q3,"(50, 150)",0.002472911579261819,0.20099961131471442,0.020840521574112907,0.21112406951669255,0.0698584482497709,0.38208351248339195
sequences,0.75,22,11,-17.0,8.65,q4,"(50, 50)",0.07299420650684961,0.22617672212863635,0.020840521574112907,0.21112406951669255,0.0698584482497709,0.38208351248339195
sequences,0.75,23,11,-17.0,8.65,q1,"(150, 150)",0.009136921232008904,0.20404841132489815,0.0207977840668961,0.20980613341970766,0.06971519003401022,0.37966071810266366
sequences,0.75,23,11,-17.0,8.65,q2,"(150, 50)",0.056631927827103135,0.2224746335427073,0.0207977840668961,0.20980613341970766,0.06971519003401022,0.37966071810266366
sequences,0.75,23,11,-17.0,8.65,q3,"(50, 150)",0.0036410342517916,0.20097037458978437,0.0207977840668961,0.20980613341970766,0.06971519003401022,0.37966071810266366
sequences,0.75,23,11,-17.0,8.65,q4,"(50, 50)",0.06971336774557325,0.22709476602843362,0.0207977840668961,0.20980613341970766,0.06971519003401022,0.37966071810266366
sequences,0.75,24,11,-17.0,8.65,q1,"(150, 150)",0.010840349114220087,0.20311117108677657,0.021157082645984586,0.19969183807493465,0.07091363380588096,0.36073462245167226
sequences,0.75,24,11,-17.0,8.65,q2,"(150, 50)",0.05281146422431944,0.18671833299756005,0.021157082645984586,0.19969183807493465,0.07091363380588096,0.36073462245167226
sequences,0.75,24,11,-17.0,8.65,q3,"(50, 150)",0.007538379192136997,0.20004526646140067,0.021157082645984586,0.19969183807493465,0.07091363380588096,0.36073462245167226
sequences,0.75,24,11,-17.0,8.65,q4,"(50, 50)",0.05990065005840327,0.18993428700846862,0.021157082645984586,0.19969183807493465,0.07091363380588096,0.36073462245167226
sequences,0.75,25,11,-17.0,8.65,q1,"(150, 150)",0.008823318803918278,0.2128855678877135,0.02091290554119543,0.21058634178543817,0.07009520878563913,0.38104080904140936
sequences,0.75,25,11,-17.0,8.65,q2,"(150, 50)",0.058028611343638875,0.1980847365003811,0.02091290554119543,0.21058634178543817,0.07009520878563913,0.38104080904140936
sequences,0.75,25,11,-17.0,8.65,q3,"(50, 150)",0.003872222307955737,0.21216795885314182,0.02091290554119543,0.21058634178543817,0.07009520878563913,0.38104080904140936
sequences,0.75,25,11,-17.0,8.65,q4,"(50, 50)",0.06949411846907859,0.20056290009034292,0.02091290554119543,0.21058634178543817,0.07009520878563913,0.38104080904140936
sequences,0.75,26,11,-17.0,8.65,q1,"(150, 150)",0.011375296924208992,0.20722442015802697,0.021073893563111006,0.20347317283633334,0.0705579427910304,0.36759375824084123
sequences,0.75,26,11,-17.0,8.65,q2,"(150, 50)",0.05084056493001848,0.19160588902326442,0.021073893563111006,0.20347317283633334,0.0705579427910304,0.36759375824084123
sequences,0.75,26,11,-17.0,8.65,q3,"(50, 150)",0.008658415809701727,0.20375720601890998,0.021073893563111006,0.20347317283633334,0.0705579427910304,0.36759375824084123
sequences,0.75,26,11,-17.0,8.65,q4,"(50, 50)",0.056307682472734544,0.18985689818822468,0.021073893563111006,0.20347317283633334,0.0705579427910304,0.36759375824084123
sequences,0.75,27,11,-17.0,8.65,q1,"(150, 150)",0.008023465967980089,0.2068663296835821,0.02067684405941565,0.20713440222418153,0.06922277890664763,0.3745363559867803
sequences,0.75,27,11,-17.0,8.65,q2,"(150, 50)",0.059669543430605605,0.20340277218404038,0.02067684405941565,0.20713440222418153,0.06922277890664763,0.3745363559867803
sequences,0.75,27,11,-17.0,8.65,q3,"(50, 150)",0.0024026441538783335,0.20212186405476626,0.02067684405941565,0.20713440222418153,0.06922277890664763,0.3745363559867803
sequences,0.75,27,11,-17.0,8.65,q4,"(50, 50)",0.07240174848537774,0.21207095197315703,0.02067684405941565,0.20713440222418153,0.06922277890664763,0.3745363559867803
sequences,0.75,28,11,-17.0,8.65,q1,"(150, 150)",0.010001007545790057,0.20930935161247013,0.020989418185341866,0.20800798956640454,0.070398853548019,0.3763521585551645
sequences,0.75,28,11,-17.0,8.65,q2,"(150, 50)",0.05483935676623059,0.19927101670074207,0.020989418185341866,0.20800798956640454,0.070398853548019,0.3763521585551645
sequences,0.75,28,11,-17.0,8.65,q3,"(50, 150)",0.004240528765724081,0.20574924909058084,0.020989418185341866,0.20800798956640454,0.070398853548019,0.3763521585551645
sequences,0.75,28,11,-17.0,8.65,q4,"(50, 50)",0.06858196645749538,0.21030376755046504,0.020989418185341866,0.20800798956640454,0.070398853548019,0.3763521585551645
sequences,0.75,29,11,-17.0,8.65,q1,"(150, 150)",0.01339363230047731,0.20581682716836747,0.02138205904332992,0.1977742435096399,0.071613695196617,0.35694140883366005
sequences,0.75,29,11,-17.0,8.65,q2,"(150, 50)",0.04600551518092115,0.16818446887045596,0.02138205904332992,0.1977742435096399,0.071613695196617,0.35694140883366005
sequences,0.75,29,11,-17.0,8.65,q3,"(50, 150)",0.011139555478822049,0.20532677678970915,0.02138205904332992,0.1977742435096399,0.071613695196617,0.35694140883366005
sequences,0.75,29,11,-17.0,8.65,q4,"(50, 50)",0.050135042009753425,0.1723928177553521,0.02138205904332992,0.1977742435096399,0.071613695196617,0.35694140883366005
sequences,0.75,30,11,-17.0,8.65,q1,"(150, 150)",0.009297023100684648,0.20938548607976867,0.02090293698751739,0.20982596400777762,0.07010879418922486,0.3797595302548044
sequences,0.75,30,11,-17.0,8.65,q2,"(150, 50)",0.056610775039897906,0.20804871761080226,0.02090293698751739,0.20982596400777762,0.07010879418922486,0.3797595302548044
sequences,0.75,30,11,-17.0,8.65,q3,"(50, 150)",0.004398045381116371,0.20547076294413286,0.02090293698751739,0.20982596400777762,0.07010879418922486,0.3797595302548044
sequences,0.75,30,11,-17.0,8.65,q4,"(50, 50)",0.06774732263107358,0.21282354595135863,0.02090293698751739,0.20982596400777762,0.07010879418922486,0.3797595302548044
sequences,0.75,31,11,-17.0,8.65,q1,"(150, 150)",0.01277200027298891,0.2026263351072492,0.02107315771268334,0.19914456706920972,0.07065601915400954,0.35981596830191126
sequences,0.75,31,11,-17.0,8.65,q2,"(150, 50)",0.04693298562985454,0.1868108868313156,0.02107315771268334,0.19914456706920972,0.07065601915400954,0.35981596830191126
sequences,0.75,31,11,-17.0,8.65,q3,"(50, 150)",0.007079461986952638,0.19884111858841486,0.02107315771268334,0.19914456706920972,0.07065601915400954,0.35981596830191126
sequences,0.75,31,11,-17.0,8.65,q4,"(50, 50)",0.060185178095611774,0.19227106648555822,0.02107315771268334,0.19914456706920972,0.07065601915400954,0.35981596830191126
sequences,0.75,32,11,-17.0,8.65,q1,"(150, 150)",0.014569475208297844,0.20194676016162333,0.02148123744715044,0.19706910150514392,0.07202426637770475,0.3557714966024781
sequences,0.75,32,11,-17.0,8.65,q2,"(150, 50)",0.04284770320975084,0.18183800338587375,0.02148123744715044,0.19706910150514392,0.07202426637770475,0.3557714966024781
sequences,0.75,32,11,-17.0,8.65,q3,"(50, 150)",0.011483462740843374,0.2009982988913315,0.02148123744715044,0.19706910150514392,0.07202426637770475,0.3557714966024781
sequences,0.75,32,11,-17.0,8.65,q4,"(50, 50)",0.04958102442794373,0.17621613352541848,0.02148123744715044,0.19706910150514392,0.07202426637770475,0.3557714966024781
sequences,0.75,33,11,-17.0,8.65,q1,"(150, 150)",0.016792726668310574,0.19526862989498014,0.021709072118626698,0.18796568239386718,0.07266635018787179,0.33846744203277646
sequences,0.75,33,11,-17.0,8.65,q2,"(150, 50)",0.03693094189895977,0.16688107464371427,0.021709072118626698,0.18796568239386718,0.07266635018787179,0.33846744203277646
sequences,0.75,33,11,-17.0,8.65,q3,"(50, 150)",0.01715029611283507,0.19213625980553806,0.021709072118626698,0.18796568239386718,0.07266635018787179,0.33846744203277646
sequences,0.75,33,11,-17.0,8.65,q4,"(50, 50)",0.033966899847847495,0.16342235412403477,0.021709072118626698,0.18796568239386718,0.07266635018787179,0.33846744203277646
sequences,0.75,34,11,-17.0,8.65,q1,"(150, 150)",0.013200221754806415,0.20498541046534896,0.0213940697241151,0.20100488735388297,0.07165992203689531,0.36294434863268815
sequences,0.75,34,11,-17.0,8.65,q2,"(150, 50)",0.046706058612221456,0.18275513939086774,0.0213940697241151,0.20100488735388297,0.07165992203689531,0.36294434863268815
sequences,0.75,34,11,-17.0,8.65,q3,"(50, 150)",0.011308485180476979,0.20804468178235808,0.0213940697241151,0.20100488735388297,0.07165992203689531,0.36294434863268815
sequences,0.75,34,11,-17.0,8.65,q4,"(50, 50)",0.04945948841448851,0.1860403453987697,0.0213940697241151,0.20100488735388297,0.07165992203689531,0.36294434863268815
sequences,0.75,35,11,-17.0,8.65,q1,"(150, 150)",0.013479645039908453,0.2073377805841066,0.02130769992819218,0.20259848811515957,0.07134672669744577,0.36588091761016367
sequences,0.75,35,11,-17.0,8.65,q2,"(150, 50)",0.04548130072107496,0.1865803813278236,0.02130769992819218,0.20259848811515957,0.07134672669744577,0.36588091761016367
sequences,0.75,35,11,-17.0,8.65,q3,"(50, 150)",0.010662349290935368,0.20556027176745545,0.02130769992819218,0.20259848811515957,0.07134672669744577,0.36588091761016367
sequences,0.75,35,11,-17.0,8.65,q4,"(50, 50)",0.051175443455867775,0.1873481286278464,0.02130769992819218,0.20259848811515957,0.07134672669744577,0.36588091761016367
sequences,0.75,36,11,-17.0,8.65,q1,"(150, 150)",0.01087510744701438,0.20797366814578624,0.021126172831888702,0.20361909672326092,0.070756670290174,0.3678999336233219
sequences,0.75,36,11,-17.0,8.65,q2,"(150, 50)",0.05261177771590029,0.1855689510003923,0.021126172831888702,0.20361909672326092,0.070756670290174,0.3678999336233219
sequences,0.75,36,11,-17.0,8.65,q3,"(50, 150)",0.006845608770358828,0.20617746447828894,0.021126172831888702,0.20361909672326092,0.070756670290174,0.3678999336233219
sequences,0.75,36,11,-17.0,8.65,q4,"(50, 50)",0.0617706388283125,0.1925509090127498,0.021126172831888702,0.20361909672326092,0.070756670290174,0.3678999336233219
sequences,0.75,37,11,-17.0,8.65,q1,"(150, 150)",0.010352160611767204,0.21329714177966907,0.020905944776389473,0.2102578729260694,0.0700190731855965,0.38029685068350766
sequences,0.75,37,11,-17.0,8.65,q2,"(150, 50)",0.05338221355850583,0.1996202803932316,0.020905944776389473,0.2102578729260694,0.0700190731855965,0.38029685068350766
sequences,0.75,37,11,-17.0,8.65,q3,"(50, 150)",0.0062787745706012685,0.20805486914139637,0.020905944776389473,0.2102578729260694,0.0700190731855965,0.38029685068350766
sequences,0.75,37,11,-17.0,8.65,q4,"(50, 50)",0.062342706529005434,0.20479806192879857,0.020905944776389473,0.2102578729260694,0.0700190731855965,0.38029685068350766
sequences,0.75,38,11,-17.0,8.65,q1,"(150, 150)",0.008416425930076165,0.20839381019549708,0.02067714885846745,0.2097396097778288,0.06926437939357659,0.3794665154087051
sequences,0.75,38,11,-17.0,8.65,q2,"(150, 50)",0.05831819784389857,0.21048371766124668,0.02067714885846745,0.2097396097778288,0.06926437939357659,0.3794665154087051
sequences,0.75,38,11,-17.0,8.65,q3,"(50, 150)",0.004075965120149115,0.2024684256694176,0.02067714885846745,0.2097396097778288,0.06926437939357659,0.3794665154087051
sequences,0.75,38,11,-17.0,8.65,q4,"(50, 50)",0.06790405947265064,0.2201095463351257,0.02067714885846745,0.2097396097778288,0.06926437939357659,0.3794665154087051
sequences,0.75,39,11,-17.0,8.65,q1,"(150, 150)",0.011726355999179575,0.20700148405677782,0.021200882376097296,0.20378557681629206,0.07107235124404054,0.36833809738122636
sequences,0.75,39,11,-17.0,8.65,q2,"(150, 50)",0.05055177189622908,0.18985582486982264,0.021200882376097296,0.20378557681629206,0.07107235124404054,0.36833809738122636
sequences,0.75,39,11,-17.0,8.65,q3,"(50, 150)",0.005659402945918136,0.2047052086506057,0.021200882376097296,0.20378557681629206,0.07107235124404054,0.36833809738122636
sequences,0.75,39,11,-17.0,8.65,q4,"(50, 50)",0.0650433894984989,0.1972890753292098,0.021200882376097296,0.20378557681629206,0.07107235124404054,0.36833809738122636
sequences,0.75,40,11,-17.0,8.65,q1,"(150, 150)",0.011119762180833517,0.21000393608253398,0.021087877256173216,0.2058386855858625,0.07062840913061447,0.37203086679591746
sequences,0.75,40,11,-17.0,8.65,q2,"(150, 50)",0.05174614664846775,0.1911193897202064,0.021087877256173216,0.2058386855858625,0.07062840913061447,0.37203086679591746
sequences,0.75,40,11,-17.0,8.65,q3,"(50, 150)",0.007405076535091998,0.2062513766736558,0.021087877256173216,0.2058386855858625,0.07062840913061447,0.37203086679591746
sequences,0.75,40,11,-17.0,8.65,q4,"(50, 50)",0.05987450692059052,0.19498533439824878,0.021087877256173216,0.2058386855858625,0.07062840913061447,0.37203086679591746
sequences,0.75,41,11,-17.0,8.65,q1,"(150, 150)",0.015651560446429354,0.20543788098333288,0.021599387395733215,0.19664813336435866,0.0723840060178727,0.3548475662249528
sequences,0.75,41,11,-17.0,8.65,q2,"(150, 50)",0.040017225091579955,0.16968114686330216,0.021599387395733215,0.19664813336435866,0.0723840060178727,0.3548475662249528
sequences,0.75,41,11,-17.0,8.65,q3,"(50, 150)",0.013687312854492425,0.20196470068279618,0.021599387395733215,0.19664813336435866,0.0723840060178727,0.3548475662249528
sequences,0.75,41,11,-17.0,8.65,q4,"(50, 50)",0.04361254047565012,0.1677277249365062,0.021599387395733215,0.19664813336435866,0.0723840060178727,0.3548475662249528
sequences,0.75,42,11,-17.0,8.65,q1,"(150, 150)",0.009408644968129916,0.20498738136725647,0.02109585239356439,0.2023961710910602,0.07068471232556339,0.3657203184465067
sequences,0.75,42,11,-17.0,8.65,q2,"(150, 50)",0.05700715039419727,0.18978685455905425,0.02109585239356439,0.2023961710910602,0.07068471232556339,0.3657203184465067
sequences,0.75,42,11,-17.0,8.65,q3,"(50, 150)",0.005073376044803922,0.20157215696525774,0.02109585239356439,0.2023961710910602,0.07068471232556339,0.3657203184465067
sequences,0.75,42,11,-17.0,8.65,q4,"(50, 50)",0.06661425426685742,0.19838725542410335,0.02109585239356439,0.2023961710910602,0.07068471232556339,0.3657203184465067
sequences,0.75,43,11,-17.0,8.65,q1,"(150, 150)",0.008851004096949246,0.20404775554972615,0.020946524104691572,0.20601592075558695,0.07019024580612071,0.37251232803108414
sequences,0.75,43,11,-17.0,8.65,q2,"(150, 50)",0.05797587973195218,0.20835846455103174,0.020946524104691572,0.20601592075558695,0.07019024580612071,0.37251232803108414
sequences,0.75,43,11,-17.0,8.65,q3,"(50, 150)",0.004412691517503708,0.20131415895539664,0.020946524104691572,0.20601592075558695,0.07019024580612071,0.37251232803108414
sequences,0.75,43,11,-17.0,8.65,q4,"(50, 50)",0.06831963505415428,0.20986925754040112,0.020946524104691572,0.20601592075558695,0.07019024580612071,0.37251232803108414
sequences,0.75,44,11,-17.0,8.65,q1,"(150, 150)",0.011947954785353411,0.2125501999788837,0.021005048144511283,0.2080529517500329,0.07029801922527204,0.37603329083181236
sequences,0.75,44,11,-17.0,8.65,q2,"(150, 50)",0.04893331971176269,0.18925967956170592,0.021005048144511283,0.2080529517500329,0.07029801922527204,0.37603329083181236
sequences,0.75,44,11,-17.0,8.65,q3,"(50, 150)",0.009076465197633388,0.21490413411104506,0.021005048144511283,0.2080529517500329,0.07029801922527204,0.37603329083181236
sequences,0.75,44,11,-17.0,8.65,q4,"(50, 50)",0.054519822515811577,0.18799150970091344,0.021005048144511283,0.2080529517500329,0.07029801922527204,0.37603329083181236
sequences,0.75,45,11,-17.0,8.65,q1,"(150, 150)",0.013214330820962308,0.2091263421352226,0.021271378757443334,0.20208671731818997,0.07130867836890156,0.36515454855796975
sequences,0.75,45,11,-17.0,8.65,q2,"(150, 50)",0.04606462104835405,0.18042440484316777,0.021271378757443334,0.20208671731818997,0.07130867836890156,0.36515454855796975
sequences,0.75,45,11,-17.0,8.65,q3,"(50, 150)",0.011452388664434396,0.20461189715921624,0.021271378757443334,0.20208671731818997,0.07130867836890156,0.36515454855796975
sequences,0.75,45,11,-17.0,8.65,q4,"(50, 50)",0.04886205359206729,0.1818911583967727,0.021271378757443334,0.20208671731818997,0.07130867836890156,0.36515454855796975
sequences,0.75,46,11,-17.0,8.65,q1,"(150, 150)",0.015096496965709852,0.20565467709943358,0.021351498838047513,0.1991661385350644,0.07159526812992711,0.3597410184095079
sequences,0.75,46,11,-17.0,8.65,q2,"(150, 50)",0.04090739529537415,0.17739899078688984,0.021351498838047513,0.1991661385350644,0.07159526812992711,0.3597410184095079
sequences,0.75,46,11,-17.0,8.65,q3,"(50, 150)",0.01057141599822603,0.20343357413051869,0.021351498838047513,0.1991661385350644,0.07159526812992711,0.3597410184095079
sequences,0.75,46,11,-17.0,8.65,q4,"(50, 50)",0.051319074836571,0.18087792014668022,0.021351498838047513,0.1991661385350644,0.07159526812992711,0.3597410184095079
sequences,0.75,47,11,-17.0,8.65,q1,"(150, 150)",0.01337145969437986,0.20258187025217692,0.021374532298482848,0.1956645036605612,0.07159448098637697,0.35304342311986736
sequences,0.75,47,11,-17.0,8.65,q2,"(150, 50)",0.046080688355570554,0.17204670470061062,0.021374532298482848,0.1956645036605612,0.07159448098637697,0.35304342311986736
sequences,0.75,47,11,-17.0,8.65,q3,"(50, 150)",0.010640227334269907,0.1999200697013701,0.021374532298482848,0.1956645036605612,0.07159448098637697,0.35304342311986736
sequences,0.75,47,11,-17.0,8.65,q4,"(50, 50)",0.051486632456785426,0.17559752965302283,0.021374532298482848,0.1956645036605612,0.07159448098637697,0.35304342311986736
sequences,0.75,48,11,-17.0,8.65,q1,"(150, 150)",0.010156641888604642,0.20424687022528845,0.02107069613085707,0.20353385670611315,0.07058859675329003,0.36781146483448496
sequences,0.75,48,11,-17.0,8.65,q2,"(150, 50)",0.0545961973695262,0.19736343251398603,0.02107069613085707,0.20353385670611315,0.07058859675329003,0.36781146483448496
sequences,0.75,48,11,-17.0,8.65,q3,"(50, 150)",0.007283915842046542,0.20335253868569242,0.02107069613085707,0.20353385670611315,0.07058859675329003,0.36781146483448496
sequences,0.75,48,11,-17.0,8.65,q4,"(50, 50)",0.060081021461553134,0.1997892400851581,0.02107069613085707,0.20353385670611315,0.07058859675329003,0.36781146483448496
sequences,0.75,49,11,-17.0,8.65,q1,"(150, 150)",0.012829259451714604,0.21076738110380916,0.02124057105042872,0.2041874521086955,0.07116961316947133,0.36897613510842286
sequences,0.75,49,11,-17.0,8.65,q2,"(150, 50)",0.047218516339925985,0.17833443888652323,0.02124057105042872,0.2041874521086955,0.07116961316947133,0.36897613510842286
sequences,0.75,49,11,-17.0,8.65,q3,"(50, 150)",0.009675516982879185,0.21056529561537984,0.02124057105042872,0.2041874521086955,0.07116961316947133,0.36897613510842286
sequences,0.75,49,11,-17.0,8.65,q4,"(50, 50)",0.05370370177301254,0.18637350411896483,0.02124057105042872,0.2041874521086955,0.07116961316947133,0.36897613510842286
sequences,0.75,0,12,-22.0,7.18,q1,"(150, 150)",0.012886804797523483,0.22150576847750345,0.022334747938063983,0.21690111132136328,0.07479195625973707,0.39194259652243885
sequences,0.75,0,12,-22.0,7.18,q2,"(150, 50)",0.05125701210447555,0.1985146386850206,0.022334747938063983,0.21690111132136328,0.07479195625973707,0.39194259652243885
sequences,0.75,0,12,-22.0,7.18,q3,"(50, 150)",0.009313783487095603,0.21960191855295283,0.022334747938063983,0.21690111132136328,0.07479195625973707,0.39194259652243885
sequences,0.75,0,12,-22.0,7.18,q4,"(50, 50)",0.0596623370565989,0.2074612754991381,0.022334747938063983,0.21690111132136328,0.07479195625973707,0.39194259652243885
sequences,0.75,1,12,-22.0,7.18,q1,"(150, 150)",0.012328493273767614,0.22002048721254178,0.021946630018602375,0.2139261914945902,0.07355385008329242,0.38675954254950423
sequences,0.75,1,12,-22.0,7.18,q2,"(150, 50)",0.05143691606931407,0.1909819100311857,0.021946630018602375,0.2139261914945902,0.07355385008329242,0.38675954254950423
sequences,0.75,1,12,-22.0,7.18,q3,"(50, 150)",0.006953771198479349,0.2140626425180619,0.021946630018602375,0.2139261914945902,0.07355385008329242,0.38675954254950423
sequences,0.75,1,12,-22.0,7.18,q4,"(50, 50)",0.06501757903034923,0.20901609205117222,0.021946630018602375,0.2139261914945902,0.07355385008329242,0.38675954254950423
sequences,0.75,2,12,-22.0,7.18,q1,"(150, 150)",0.011877274648962106,0.2151220654806461,0.022259058438168642,0.21014195944853375,0.07458220284191203,0.3795535693660216
sequences,0.75,2,12,-22.0,7.18,q2,"(150, 50)",0.054005377039335445,0.18938281652513392,0.022259058438168642,0.21014195944853375,0.07458220284191203,0.3795535693660216
sequences,0.75,2,12,-22.0,7.18,q3,"(50, 150)",0.007906885870721683,0.21488224475021553,0.022259058438168642,0.21014195944853375,0.07458220284191203,0.3795535693660216
sequences,0.75,2,12,-22.0,7.18,q4,"(50, 50)",0.06351267443986794,0.1939658138974359,0.022259058438168642,0.21014195944853375,0.07458220284191203,0.3795535693660216
sequences,0.75,3,12,-22.0,7.18,q1,"(150, 150)",0.01564596557470387,0.21296466848313303,0.022318975836164365,0.2094554039547471,0.07476417665577208,0.3782064128215889
sequences,0.75,3,12,-22.0,7.18,q2,"(150, 50)",0.04279775763710567,0.1956829771419447,0.022318975836164365,0.2094554039547471,0.07476417665577208,0.3782064128215889
sequences,0.75,3,12,-22.0,7.18,q3,"(50, 150)",0.009461652767982331,0.20906282472121893,0.022318975836164365,0.2094554039547471,0.07476417665577208,0.3782064128215889
sequences,0.75,3,12,-22.0,7.18,q4,"(50, 50)",0.05951169199103094,0.21029526754922645,0.022318975836164365,0.2094554039547471,0.07476417665577208,0.3782064128215889
sequences,0.75,4,12,-22.0,7.18,q1,"(150, 150)",0.01037549418413699,0.2170834579306085,0.02235938223406568,0.21549291401752316,0.0748807174617069,0.3893373360282877
sequences,0.75,4,12,-22.0,7.18,q2,"(150, 50)",0.05888593245316383,0.20536307196331055,0.02235938223406568,0.21549291401752316,0.0748807174617069,0.3893373360282877
sequences,0.75,4,12,-22.0,7.18,q3,"(50, 150)",0.0075188021387994014,0.21884468951356809,0.02235938223406568,0.21549291401752316,0.0748807174617069,0.3893373360282877
sequences,0.75,4,12,-22.0,7.18,q4,"(50, 50)",0.06515646431192829,0.20218731583805333,0.02235938223406568,0.21549291401752316,0.0748807174617069,0.3893373360282877
sequences,0.75,5,12,-22.0,7.18,q1,"(150, 150)",0.013004160560612283,0.20990652560466944,0.022334827929304173,0.20571346981178754,0.07484861906603275,0.3713298738922158
sequences,0.75,5,12,-22.0,7.18,q2,"(150, 50)",0.05090799499617681,0.1900015880469248,0.022334827929304173,0.20571346981178754,0.07484861906603275,0.3713298738922158
sequences,0.75,5,12,-22.0,7.18,q3,"(50, 150)",0.007378110003553222,0.20558395306610333,0.022334827929304173,0.20571346981178754,0.07484861906603275,0.3713298738922158
sequences,0.75,5,12,-22.0,7.18,q4,"(50, 50)",0.06546148682416617,0.19920295369794766,0.022334827929304173,0.20571346981178754,0.07484861906603275,0.3713298738922158
sequences,0.75,6,12,-22.0,7.18,q1,"(150, 150)",0.010435813579417572,0.21484232125366995,0.022275842064998233,0.21701080378893634,0.07465720005026638,0.3923305383085187
sequences,0.75,6,12,-22.0,7.18,q2,"(150, 50)",0.05838374833620591,0.21778931549281316,0.022275842064998233,0.21701080378893634,0.07465720005026638,0.3923305383085187
sequences,0.75,6,12,-22.0,7.18,q3,"(50, 150)",0.0048263831756381595,0.21141692302406379,0.022275842064998233,0.21701080378893634,0.07465720005026638,0.3923305383085187
sequences,0.75,6,12,-22.0,7.18,q4,"(50, 50)",0.07286075628968139,0.23032761224205486,0.022275842064998233,0.21701080378893634,0.07465720005026638,0.3923305383085187
sequences,0.75,7,12,-22.0,7.18,q1,"(150, 150)",0.010553307208842342,0.21334569358945518,0.02228320451987027,0.21388988171122889,0.07461935377101807,0.38638470660928215
sequences,0.75,7,12,-22.0,7.18,q2,"(150, 50)",0.058046648293859957,0.21148998723988968,0.02228320451987027,0.21388988171122889,0.07461935377101807,0.38638470660928215
sequences,0.75,7,12,-22.0,7.18,q3,"(50, 150)",0.004827837521613865,0.20797171256213465,0.02228320451987027,0.21388988171122889,0.07461935377101807,0.38638470660928215
sequences,0.75,7,12,-22.0,7.18,q4,"(50, 50)",0.07292804999192178,0.22324770860245352,0.02228320451987027,0.21388988171122889,0.07461935377101807,0.38638470660928215
sequences,0.75,8,12,-22.0,7.18,q1,"(150, 150)",0.011314886375783035,0.21155259117206132,0.022353165036684112,0.21026842381431093,0.07489124729603522,0.3797293512477188
sequences,0.75,8,12,-22.0,7.18,q2,"(150, 50)",0.05607320994784918,0.20420565179223807,0.022353165036684112,0.21026842381431093,0.07489124729603522,0.3797293512477188
sequences,0.75,8,12,-22.0,7.18,q3,"(50, 150)",0.006994829943190941,0.20712416655835625,0.022353165036684112,0.21026842381431093,0.07489124729603522,0.3797293512477188
sequences,0.75,8,12,-22.0,7.18,q4,"(50, 50)",0.06661254353177815,0.20889978692209654,0.022353165036684112,0.21026842381431093,0.07489124729603522,0.3797293512477188
sequences,0.75,9,12,-22.0,7.18,q1,"(150, 150)",0.014480105948039692,0.21511386997473264,0.022460066861078525,0.2065667986718447,0.07525571070892453,0.37282478466805924
sequences,0.75,9,12,-22.0,7.18,q2,"(150, 50)",0.04696506229727437,0.17845194377922016,0.022460066861078525,0.2065667986718447,0.07525571070892453,0.37282478466805924
sequences,0.75,9,12,-22.0,7.18,q3,"(50, 150)",0.009865457617342846,0.20722166787517904,0.022460066861078525,0.2065667986718447,0.07525571070892453,0.37282478466805924
sequences,0.75,9,12,-22.0,7.18,q4,"(50, 50)",0.05854855650104755,0.19427064078313125,0.022460066861078525,0.2065667986718447,0.07525571070892453,0.37282478466805924
sequences,0.75,10,12,-22.0,7.18,q1,"(150, 150)",0.010359574315279315,0.2179137339489707,0.022180113792066844,0.21682243299279816,0.07430523883439479,0.39194496863594874
sequences,0.75,10,12,-22.0,7.18,q2,"(150, 50)",0.0583202567687875,0.20894156689532975,0.022180113792066844,0.21682243299279816,0.07430523883439479,0.39194496863594874
sequences,0.75,10,12,-22.0,7.18,q3,"(50, 150)",0.005960094699552738,0.2154391186825456,0.022180113792066844,0.21682243299279816,0.07430523883439479,0.39194496863594874
sequences,0.75,10,12,-22.0,7.18,q4,"(50, 50)",0.068804597430535,0.21555319011042967,0.022180113792066844,0.21682243299279816,0.07430523883439479,0.39194496863594874
sequences,0.75,11,12,-22.0,7.18,q1,"(150, 150)",0.012472800757201346,0.20344136871834081,0.02252723732927518,0.2021455612974231,0.07549342268523854,0.3646109890538692
sequences,0.75,11,12,-22.0,7.18,q2,"(150, 50)",0.05323019662494837,0.19261456649469888,0.02252723732927518,0.2021455612974231,0.07549342268523854,0.3646109890538692
sequences,0.75,11,12,-22.0,7.18,q3,"(50, 150)",0.00802100932324313,0.2023404012017601,0.02252723732927518,0.2021455612974231,0.07549342268523854,0.3646109890538692
sequences,0.75,11,12,-22.0,7.18,q4,"(50, 50)",0.06442697260901624,0.20263016798545405,0.02252723732927518,0.2021455612974231,0.07549342268523854,0.3646109890538692
sequences,0.75,12,12,-22.0,7.18,q1,"(150, 150)",0.01193183089490381,0.21947662933006054,0.022250898288621212,0.21483916247380952,0.07454237282620171,0.3882371508028112
sequences,0.75,12,12,-22.0,7.18,q2,"(150, 50)",0.05379443891944255,0.198126205124351,0.022250898288621212,0.21483916247380952,0.07454237282620171,0.3882371508028112
sequences,0.75,12,12,-22.0,7.18,q3,"(50, 150)",0.00909897008087325,0.214044764877988,0.022250898288621212,0.21483916247380952,0.07454237282620171,0.3882371508028112
sequences,0.75,12,12,-22.0,7.18,q4,"(50, 50)",0.059947667562857736,0.20945923574892839,0.022250898288621212,0.21483916247380952,0.07454237282620171,0.3882371508028112
sequences,0.75,13,12,-22.0,7.18,q1,"(150, 150)",0.014394498010708266,0.2176946789485675,0.022230307332396684,0.2149100487341439,0.0744921080083662,0.3884248511337452
sequences,0.75,13,12,-22.0,7.18,q2,"(150, 50)",0.04630520720141402,0.2042139962843503,0.022230307332396684,0.2149100487341439,0.0744921080083662,0.3884248511337452
sequences,0.75,13,12,-22.0,7.18,q3,"(50, 150)",0.0103012918210349,0.21608665525198054,0.022230307332396684,0.2149100487341439,0.0744921080083662,0.3884248511337452
sequences,0.75,13,12,-22.0,7.18,q4,"(50, 50)",0.05631493815462579,0.2083075637765828,0.022230307332396684,0.2149100487341439,0.0744921080083662,0.3884248511337452
sequences,0.75,14,12,-22.0,7.18,q1,"(150, 150)",0.014754035662234901,0.2076619467575491,0.022474510919160313,0.20061531248236114,0.07528518857435831,0.3617208933588927
sequences,0.75,14,12,-22.0,7.18,q2,"(150, 50)",0.04620279317517824,0.173732514467609,0.022474510919160313,0.20061531248236114,0.07528518857435831,0.3617208933588927
sequences,0.75,14,12,-22.0,7.18,q3,"(50, 150)",0.01078627258013797,0.2054951840308744,0.022474510919160313,0.20061531248236114,0.07528518857435831,0.3617208933588927
sequences,0.75,14,12,-22.0,7.18,q4,"(50, 50)",0.05583865648050228,0.18668254335395318,0.022474510919160313,0.20061531248236114,0.07528518857435831,0.3617208933588927
sequences,0.75,15,12,-22.0,7.18,q1,"(150, 150)",0.010771440659144866,0.21020122627051824,0.02220890785205915,0.21088654472649854,0.07445158515608162,0.381049954537203
sequences,0.75,15,12,-22.0,7.18,q2,"(150, 50)",0.05716953111570462,0.20692039403743132,0.02220890785205915,0.21088654472649854,0.07445158515608162,0.381049954537203
sequences,0.75,15,12,-22.0,7.18,q3,"(50, 150)",0.00421390855481126,0.2068885717380897,0.02220890785205915,0.21088654472649854,0.07445158515608162,0.381049954537203
sequences,0.75,15,12,-22.0,7.18,q4,"(50, 50)",0.07424924068909496,0.22029215097905236,0.02220890785205915,0.21088654472649854,0.07445158515608162,0.381049954537203
sequences,0.75,16,12,-22.0,7.18,q1,"(150, 150)",0.014745989927688096,0.20409924005051847,0.02259125757267757,0.19936735670497838,0.07565092531662643,0.3592870401572638
sequences,0.75,16,12,-22.0,7.18,q2,"(150, 50)",0.04674722648558615,0.18298352333916768,0.02259125757267757,0.19936735670497838,0.07565092531662643,0.3592870401572638
sequences,0.75,16,12,-22.0,7.18,q3,"(50, 150)",0.011330903125451848,0.19996680412810397,0.02259125757267757,0.19936735670497838,0.07565092531662643,0.3592870401572638
sequences,0.75,16,12,-22.0,7.18,q4,"(50, 50)",0.05451182298053421,0.19218776013126562,0.02259125757267757,0.19936735670497838,0.07565092531662643,0.3592870401572638
sequences,0.75,17,12,-22.0,7.18,q1,"(150, 150)",0.012117841583956561,0.2242222381888809,0.022104460137617778,0.21713511892499746,0.07407660904027406,0.39262147236998834
sequences,0.75,17,12,-22.0,7.18,q2,"(150, 50)",0.05265369635458179,0.1941109159913705,0.022104460137617778,0.21713511892499746,0.07407660904027406,0.39262147236998834
sequences,0.75,17,12,-22.0,7.18,q3,"(50, 150)",0.007681979027230607,0.2180316181374726,0.022104460137617778,0.21713511892499746,0.07407660904027406,0.39262147236998834
sequences,0.75,17,12,-22.0,7.18,q4,"(50, 50)",0.06360376180083824,0.20046937428221473,0.022104460137617778,0.21713511892499746,0.07407660904027406,0.39262147236998834
sequences,0.75,18,12,-22.0,7.18,q1,"(150, 150)",0.014612664493107769,0.2040402337630088,0.02246391264582009,0.1998504737877425,0.075243385181109,0.36029063247811766
sequences,0.75,18,12,-22.0,7.18,q2,"(150, 50)",0.046523284349424446,0.18322960158164356,0.02246391264582009,0.1998504737877425,0.075243385181109,0.36029063247811766
sequences,0.75,18,12,-22.0,7.18,q3,"(50, 150)",0.010724706339571758,0.1992696182842739,0.02246391264582009,0.1998504737877425,0.075243385181109,0.36029063247811766
sequences,0.75,18,12,-22.0,7.18,q4,"(50, 50)",0.056164649828162945,0.20165993271980837,0.02246391264582009,0.1998504737877425,0.075243385181109,0.36029063247811766
sequences,0.75,19,12,-22.0,7.18,q1,"(150, 150)",0.012624971325255046,0.21170531748568994,0.022346446711673976,0.2090661124632757,0.07484993036903023,0.37745621916983596
sequences,0.75,19,12,-22.0,7.18,q2,"(150, 50)",0.052122932511643086,0.20074354807548112,0.022346446711673976,0.2090661124632757,0.07484993036903023,0.37745621916983596
sequences,0.75,19,12,-22.0,7.18,q3,"(50, 150)",0.008849665553773079,0.20590496494897093,0.022346446711673976,0.2090661124632757,0.07484993036903023,0.37745621916983596
sequences,0.75,19,12,-22.0,7.18,q4,"(50, 50)",0.06100061126323967,0.2057434376934382,0.022346446711673976,0.2090661124632757,0.07484993036903023,0.37745621916983596
sequences,0.75,20,12,-22.0,7.18,q1,"(150, 150)",0.012312762715094787,0.2116732099647452,0.022354335555126652,0.21149176981975706,0.0748951689592986,0.3819981905412417
sequences,0.75,20,12,-22.0,7.18,q2,"(150, 50)",0.05299744862865984,0.20785301017689317,0.022354335555126652,0.21149176981975706,0.0748951689592986,0.3819981905412417
sequences,0.75,20,12,-22.0,7.18,q3,"(50, 150)",0.008372845844111023,0.21110423939578554,0.022354335555126652,0.21149176981975706,0.0748951689592986,0.3819981905412417
sequences,0.75,20,12,-22.0,7.18,q4,"(50, 50)",0.06274362102786071,0.20776069728037755,0.022354335555126652,0.21149176981975706,0.0748951689592986,0.3819981905412417
sequences,0.75,21,12,-22.0,7.18,q1,"(150, 150)",0.012317554815942667,0.21719477183698027,0.022311111699270882,0.21262926921609057,0.07473783334484846,0.3840968410879603
sequences,0.75,21,12,-22.0,7.18,q2,"(150, 50)",0.05291087596248241,0.1949014715407213,0.022311111699270882,0.21262926921609057,0.07473783334484846,0.3840968410879603
sequences,0.75,21,12,-22.0,7.18,q3,"(50, 150)",0.007534115124577643,0.213472693691262,0.022311111699270882,0.21262926921609057,0.07473783334484846,0.3840968410879603
sequences,0.75,21,12,-22.0,7.18,q4,"(50, 50)",0.06478482058366997,0.2048869980628224,0.022311111699270882,0.21262926921609057,0.07473783334484846,0.3840968410879603
sequences,0.75,22,12,-22.0,7.18,q1,"(150, 150)",0.01389344131361175,0.22013419439433304,0.022250537908612533,0.21491512348172068,0.07455989916599659,0.388425134612918
sequences,0.75,22,12,-22.0,7.18,q2,"(150, 50)",0.047943003240622735,0.19489201917077517,0.022250537908612533,0.21491512348172068,0.07455989916599659,0.388425134612918
sequences,0.75,22,12,-22.0,7.18,q3,"(50, 150)",0.00930747198240125,0.21584815234761173,0.022250537908612533,0.21491512348172068,0.07455989916599659,0.388425134612918
sequences,0.75,22,12,-22.0,7.18,q4,"(50, 50)",0.059216209046222795,0.21139232084788967,0.022250537908612533,0.21491512348172068,0.07455989916599659,0.388425134612918
sequences,0.75,23,12,-22.0,7.18,q1,"(150, 150)",0.01406351428165516,0.21046182684743045,0.02245186536391867,0.20545924999109372,0.07519043993274839,0.3706831189201531
sequences,0.75,23,12,-22.0,7.18,q2,"(150, 50)",0.048139364810288784,0.18616884652837923,0.02245186536391867,0.20545924999109372,0.07519043993274839,0.3706831189201531
sequences,0.75,23,12,-22.0,7.18,q3,"(50, 150)",0.009877855946884957,0.2071793811386424,0.02245186536391867,0.20545924999109372,0.07519043993274839,0.3706831189201531
sequences,0.75,23,12,-22.0,7.18,q4,"(50, 50)",0.05860655501628103,0.19906712887886885,0.02245186536391867,0.20545924999109372,0.07519043993274839,0.3706831189201531
sequences,0.75,24,12,-22.0,7.18,q1,"(150, 150)",0.0092365866380663,0.20933292344839252,0.022307025773784402,0.2122184186049743,0.07475544830356703,0.3834140451699863
sequences,0.75,24,12,-22.0,7.18,q2,"(150, 50)",0.06211742474450738,0.213343231336673,0.022307025773784402,0.2122184186049743,0.07475544830356703,0.3834140451699863
sequences,0.75,24,12,-22.0,7.18,q3,"(50, 150)",0.003471016786009887,0.2078167050467374,0.022307025773784402,0.2122184186049743,0.07475544830356703,0.3834140451699863
sequences,0.75,24,12,-22.0,7.18,q4,"(50, 50)",0.07701780804640199,0.2230356953383063,0.022307025773784402,0.2122184186049743,0.07475544830356703,0.3834140451699863
sequences,0.75,25,12,-22.0,7.18,q1,"(150, 150)",0.01327699441552393,0.2084229783916145,0.022353381893303312,0.2024162626611216,0.07492963007895184,0.3652420860165967
sequences,0.75,25,12,-22.0,7.18,q2,"(150, 50)",0.050240412011233186,0.17988935467665187,0.022353381893303312,0.2024162626611216,0.07492963007895184,0.3652420860165967
sequences,0.75,25,12,-22.0,7.18,q3,"(50, 150)",0.009130209930054273,0.20506583535156106,0.022353381893303312,0.2024162626611216,0.07492963007895184,0.3652420860165967
sequences,0.75,25,12,-22.0,7.18,q4,"(50, 50)",0.06004929472927524,0.1906297389421345,0.022353381893303312,0.2024162626611216,0.07492963007895184,0.3652420860165967
sequences,0.75,26,12,-22.0,7.18,q1,"(150, 150)",0.010109206754416619,0.21878070672574454,0.022179511284299593,0.21626534514381024,0.07427833651808302,0.39084968078172955
sequences,0.75,26,12,-22.0,7.18,q2,"(150, 50)",0.058964212563127893,0.2035316138575217,0.022179511284299593,0.21626534514381024,0.07427833651808302,0.39084968078172955
sequences,0.75,26,12,-22.0,7.18,q3,"(50, 150)",0.00464224059259321,0.21471401400983364,0.022179511284299593,0.21626534514381024,0.07427833651808302,0.39084968078172955
sequences,0.75,26,12,-22.0,7.18,q4,"(50, 50)",0.07306996029188058,0.21466592205414864,0.022179511284299593,0.21626534514381024,0.07427833651808302,0.39084968078172955
sequences,0.75,27,12,-22.0,7.18,q1,"(150, 150)",0.013964191422818021,0.21208310045872003,0.022411216863354167,0.20702695177508348,0.07511090695719873,0.37374717781077404
sequences,0.75,27,12,-22.0,7.18,q2,"(150, 50)",0.048271941773632886,0.1894025696183262,0.022411216863354167,0.20702695177508348,0.07511090695719873,0.37374717781077404
sequences,0.75,27,12,-22.0,7.18,q3,"(50, 150)",0.01035739458822372,0.20667143639166322,0.022411216863354167,0.20702695177508348,0.07511090695719873,0.37374717781077404
sequences,0.75,27,12,-22.0,7.18,q4,"(50, 50)",0.05701373792273468,0.20225824803562026,0.022411216863354167,0.20702695177508348,0.07511090695719873,0.37374717781077404
sequences,0.75,28,12,-22.0,7.18,q1,"(150, 150)",0.015568880787284241,0.21215452464656803,0.022290637053163465,0.2015954683729128,0.07473183154191088,0.36377676572255274
sequences,0.75,28,12,-22.0,7.18,q2,"(150, 50)",0.04309241842968184,0.16583581893789048,0.022290637053163465,0.2015954683729128,0.07473183154191088,0.36377676572255274
sequences,0.75,28,12,-22.0,7.18,q3,"(50, 150)",0.011959546214136993,0.20883685303338054,0.022290637053163465,0.2015954683729128,0.07473183154191088,0.36377676572255274
sequences,0.75,28,12,-22.0,7.18,q4,"(50, 50)",0.05137437183360075,0.17015274469488492,0.022290637053163465,0.2015954683729128,0.07473183154191088,0.36377676572255274
sequences,0.75,29,12,-22.0,7.18,q1,"(150, 150)",0.01313812427544556,0.20951211958760343,0.022365585432781172,0.2042635363402712,0.07494541487067495,0.3686082476663133
sequences,0.75,29,12,-22.0,7.18,q2,"(150, 50)",0.05066137748234214,0.1855919689190047,0.022365585432781172,0.2042635363402712,0.07494541487067495,0.3686082476663133
sequences,0.75,29,12,-22.0,7.18,q3,"(50, 150)",0.009922440250172167,0.20545382234582915,0.022365585432781172,0.2042635363402712,0.07494541487067495,0.3686082476663133
sequences,0.75,29,12,-22.0,7.18,q4,"(50, 50)",0.057854795247945824,0.1940626613659849,0.022365585432781172,0.2042635363402712,0.07494541487067495,0.3686082476663133
sequences,0.75,30,12,-22.0,7.18,q1,"(150, 150)",0.011416896238709402,0.21148003674380933,0.02223887746442722,0.21252902867154663,0.07451458356316709,0.3839903659274047
sequences,0.75,30,12,-22.0,7.18,q2,"(150, 50)",0.0553438262954583,0.21128529558425593,0.02223887746442722,0.21252902867154663,0.07451458356316709,0.3839903659274047
sequences,0.75,30,12,-22.0,7.18,q3,"(50, 150)",0.007318247470732414,0.21066422643722507,0.02223887746442722,0.21252902867154663,0.07451458356316709,0.3839903659274047
sequences,0.75,30,12,-22.0,7.18,q4,"(50, 50)",0.06508375198387874,0.21511640664098824,0.02223887746442722,0.21252902867154663,0.07451458356316709,0.3839903659274047
sequences,0.75,31,12,-22.0,7.18,q1,"(150, 150)",0.01367712897033415,0.21121744794358396,0.022431198587570228,0.20739729255070147,0.07513380870062043,0.37431992369039946
sequences,0.75,31,12,-22.0,7.18,q2,"(150, 50)",0.049248792747055126,0.193208780930047,0.022431198587570228,0.20739729255070147,0.07513380870062043,0.37431992369039946
sequences,0.75,31,12,-22.0,7.18,q3,"(50, 150)",0.010793485631658996,0.2103619643220991,0.022431198587570228,0.20739729255070147,0.07513380870062043,0.37431992369039946
sequences,0.75,31,12,-22.0,7.18,q4,"(50, 50)",0.05567818153197395,0.19390360141853052,0.022431198587570228,0.20739729255070147,0.07513380870062043,0.37431992369039946
sequences,0.75,32,12,-22.0,7.18,q1,"(150, 150)",0.01576972990345066,0.21879753875885527,0.022405005566582314,0.20949141921200534,0.07507750880985949,0.37829406362795837
sequences,0.75,32,12,-22.0,7.18,q2,"(150, 50)",0.04289003891477264,0.18060492620067847,0.022405005566582314,0.20949141921200534,0.07507750880985949,0.37829406362795837
sequences,0.75,32,12,-22.0,7.18,q3,"(50, 150)",0.013999287861140092,0.2142029186415424,0.022405005566582314,0.20949141921200534,0.07507750880985949,0.37829406362795837
sequences,0.75,32,12,-22.0,7.18,q4,"(50, 50)",0.04588453960652287,0.18279417713461138,0.022405005566582314,0.20949141921200534,0.07507750880985949,0.37829406362795837
sequences,0.75,33,12,-22.0,7.18,q1,"(150, 150)",0.013514980270732542,0.20586537402695934,0.022499115757529695,0.20256050734152198,0.07543077950726576,0.3654688651910826
sequences,0.75,33,12,-22.0,7.18,q2,"(150, 50)",0.05006339464864142,0.18746508846976417,0.022499115757529695,0.20256050734152198,0.07543077950726576,0.3654688651910826
sequences,0.75,33,12,-22.0,7.18,q3,"(50, 150)",0.009191797719017958,0.20666305985013933,0.022499115757529695,0.20256050734152198,0.07543077950726576,0.3654688651910826
sequences,0.75,33,12,-22.0,7.18,q4,"(50, 50)",0.06058545258090414,0.1911052412102197,0.022499115757529695,0.20256050734152198,0.07543077950726576,0.3654688651910826
sequences,0.75,34,12,-22.0,7.18,q1,"(150, 150)",0.014577733731843965,0.2124512802022657,0.02226253120659373,0.20479331893177474,0.07454388483707929,0.369507381133908
sequences,0.75,34,12,-22.0,7.18,q2,"(150, 50)",0.04597542587680233,0.17838551962530425,0.02226253120659373,0.20479331893177474,0.07454388483707929,0.369507381133908
sequences,0.75,34,12,-22.0,7.18,q3,"(50, 150)",0.009756987324675564,0.20808629196435952,0.02226253120659373,0.20479331893177474,0.07454388483707929,0.369507381133908
sequences,0.75,34,12,-22.0,7.18,q4,"(50, 50)",0.05780365611447031,0.18844175601175633,0.02226253120659373,0.20479331893177474,0.07454388483707929,0.369507381133908
sequences,0.75,35,12,-22.0,7.18,q1,"(150, 150)",0.01659105651521303,0.20770701550047704,0.022425445384881823,0.19936614907811956,0.07513341279799589,0.359452831487043
sequences,0.75,35,12,-22.0,7.18,q2,"(150, 50)",0.04054305177850045,0.1718845577358714,0.022425445384881823,0.19936614907811956,0.07513341279799589,0.359452831487043
sequences,0.75,35,12,-22.0,7.18,q3,"(50, 150)",0.012573886782184652,0.2048474313550029,0.022425445384881823,0.19936614907811956,0.07513341279799589,0.359452831487043
sequences,0.75,35,12,-22.0,7.18,q4,"(50, 50)",0.050136801839136595,0.17549771250219234,0.022425445384881823,0.19936614907811956,0.07513341279799589,0.359452831487043
sequences,0.75,36,12,-22.0,7.18,q1,"(150, 150)",0.012794134585165165,0.2188333987474987,0.022373273783737102,0.21344751237787069,0.07492723973120263,0.38553915880620826
sequences,0.75,36,12,-22.0,7.18,q2,"(150, 50)",0.051596741913682215,0.19448308802481612,0.022373273783737102,0.21344751237787069,0.07492723973120263,0.38553915880620826
sequences,0.75,36,12,-22.0,7.18,q3,"(50, 150)",0.009731330550523682,0.21549393025497554,0.022373273783737102,0.21344751237787069,0.07492723973120263,0.38553915880620826
sequences,0.75,36,12,-22.0,7.18,q4,"(50, 50)",0.05884095188068944,0.19995950663710843,0.022373273783737102,0.21344751237787069,0.07492723973120263,0.38553915880620826
sequences,0.75,37,12,-22.0,7.18,q1,"(150, 150)",0.016992204142655305,0.20329883820768868,0.022550852158290138,0.19432024456369656,0.0755219429279643,0.3499393029882507
sequences,0.75,37,12,-22.0,7.18,q2,"(150, 50)",0.03975136948068205,0.16422711300831078,0.022550852158290138,0.19432024456369656,0.0755219429279643,0.3499393029882507
sequences,0.75,37,12,-22.0,7.18,q3,"(50, 150)",0.012206019384426437,0.19926011438012795,0.022550852158290138,0.19432024456369656,0.0755219429279643,0.3499393029882507
sequences,0.75,37,12,-22.0,7.18,q4,"(50, 50)",0.052011630653419016,0.17266123610888837,0.022550852158290138,0.19432024456369656,0.0755219429279643,0.3499393029882507
sequences,0.75,38,12,-22.0,7.18,q1,"(150, 150)",0.009976339180457448,0.22033512031239488,0.02208129789956068,0.21946684061604163,0.07395561550552014,0.39684024483402763
sequences,0.75,38,12,-22.0,7.18,q2,"(150, 50)",0.05899253522555705,0.21495907911362994,0.02208129789956068,0.21946684061604163,0.07395561550552014,0.39684024483402763
sequences,0.75,38,12,-22.0,7.18,q3,"(50, 150)",0.004831618639459123,0.21492141494969857,0.02208129789956068,0.21946684061604163,0.07395561550552014,0.39684024483402763
sequences,0.75,38,12,-22.0,7.18,q4,"(50, 50)",0.0720412521738053,0.218477500242178,0.02208129789956068,0.21946684061604163,0.07395561550552014,0.39684024483402763
sequences,0.75,39,12,-22.0,7.18,q1,"(150, 150)",0.012218109648317878,0.2197130957627394,0.022327647966580065,0.2153227830877139,0.07484336869715935,0.3892089560491702
sequences,0.75,39,12,-22.0,7.18,q2,"(150, 50)",0.05335194771072872,0.19813053602277464,0.022327647966580065,0.2153227830877139,0.07484336869715935,0.3892089560491702
sequences,0.75,39,12,-22.0,7.18,q3,"(50, 150)",0.009025521915733253,0.21595518855732784,0.022327647966580065,0.2153227830877139,0.07484336869715935,0.3892089560491702
sequences,0.75,39,12,-22.0,7.18,q4,"(50, 50)",0.06014697175103417,0.20955254467087409,0.022327647966580065,0.2153227830877139,0.07484336869715935,0.3892089560491702
sequences,0.75,40,12,-22.0,7.18,q1,"(150, 150)",0.010317754496807205,0.21138535052907337,0.02213779730476494,0.21203567711162458,0.07420076187285049,0.38318332261200533
sequences,0.75,40,12,-22.0,7.18,q2,"(150, 50)",0.058280643021678055,0.2077803896839312,0.02213779730476494,0.21203567711162458,0.07420076187285049,0.38318332261200533
sequences,0.75,40,12,-22.0,7.18,q3,"(50, 150)",0.005049786212892971,0.20908462536546796,0.02213779730476494,0.21203567711162458,0.07420076187285049,0.38318332261200533
sequences,0.75,40,12,-22.0,7.18,q4,"(50, 50)",0.07135367870126114,0.2192040224853246,0.02213779730476494,0.21203567711162458,0.07420076187285049,0.38318332261200533
sequences,0.75,41,12,-22.0,7.18,q1,"(150, 150)",0.010855027800266499,0.21321121797472914,0.02229079206445791,0.2093269113330753,0.07465101160233727,0.3779355076783456
sequences,0.75,41,12,-22.0,7.18,q2,"(150, 50)",0.05728667184691685,0.1927261675291525,0.02229079206445791,0.2093269113330753,0.07465101160233727,0.3779355076783456
sequences,0.75,41,12,-22.0,7.18,q3,"(50, 150)",0.007237189087155734,0.21045900844248522,0.02229079206445791,0.2093269113330753,0.07465101160233727,0.3779355076783456
sequences,0.75,41,12,-22.0,7.18,q4,"(50, 50)",0.06538584002671032,0.20063805933482437,0.02229079206445791,0.2093269113330753,0.07465101160233727,0.3779355076783456
sequences,0.75,42,12,-22.0,7.18,q1,"(150, 150)",0.015144397239969331,0.2013008802441364,0.0225874390750691,0.19495986028411208,0.07566981264679766,0.35116628960947716
sequences,0.75,42,12,-22.0,7.18,q2,"(150, 50)",0.0454789290865031,0.17322262186644588,0.0225874390750691,0.19495986028411208,0.07566981264679766,0.35116628960947716
sequences,0.75,42,12,-22.0,7.18,q3,"(50, 150)",0.013421606885950867,0.20006802227612855,0.0225874390750691,0.19495986028411208,0.07566981264679766,0.35116628960947716
sequences,0.75,42,12,-22.0,7.18,q4,"(50, 50)",0.04839784212401977,0.17424815219037676,0.0225874390750691,0.19495986028411208,0.07566981264679766,0.35116628960947716
sequences,0.75,43,12,-22.0,7.18,q1,"(150, 150)",0.013394875344440492,0.20587463895412203,0.02238386178284465,0.20234523221829653,0.075006657561681,0.3650368169631399
sequences,0.75,43,12,-22.0,7.18,q2,"(150, 50)",0.04993211246364545,0.18844207044027206,0.02238386178284465,0.20234523221829653,0.075006657561681,0.3650368169631399
sequences,0.75,43,12,-22.0,7.18,q3,"(50, 150)",0.009693268448880903,0.20271618200165387,0.02238386178284465,0.20234523221829653,0.075006657561681,0.3650368169631399
sequences,0.75,43,12,-22.0,7.18,q4,"(50, 50)",0.05871176768797093,0.19753122994958863,0.02238386178284465,0.20234523221829653,0.075006657561681,0.3650368169631399
sequences,0.75,44,12,-22.0,7.18,q1,"(150, 150)",0.01435768145934776,0.21250829509743135,0.022445224365325932,0.2082220928622276,0.07516190662310902,0.3757986431036911
sequences,0.75,44,12,-22.0,7.18,q2,"(150, 50)",0.047287643736227514,0.1947369877467303,0.022445224365325932,0.2082220928622276,0.07516190662310902,0.3757986431036911
sequences,0.75,44,12,-22.0,7.18,q3,"(50, 150)",0.008962660552510937,0.20466766105957457,0.022445224365325932,0.2082220928622276,0.07516190662310902,0.3757986431036911
sequences,0.75,44,12,-22.0,7.18,q4,"(50, 50)",0.0611535438448698,0.2081999931708218,0.022445224365325932,0.2082220928622276,0.07516190662310902,0.3757986431036911
sequences,0.75,45,12,-22.0,7.18,q1,"(150, 150)",0.010199777312776185,0.21468796023461498,0.022351871726850114,0.21473910735333424,0.07492456792709332,0.38811552164483
sequences,0.75,45,12,-22.0,7.18,q2,"(150, 50)",0.05937549230507092,0.208160730593418,0.022351871726850114,0.21473910735333424,0.07492456792709332,0.38811552164483
sequences,0.75,45,12,-22.0,7.18,q3,"(50, 150)",0.004854094510124444,0.21377250354122931,0.022351871726850114,0.21473910735333424,0.07492456792709332,0.38811552164483
sequences,0.75,45,12,-22.0,7.18,q4,"(50, 50)",0.07314319136903003,0.21670155815136868,0.022351871726850114,0.21473910735333424,0.07492456792709332,0.38811552164483
sequences,0.75,46,12,-22.0,7.18,q1,"(150, 150)",0.017312299191486556,0.20241269068947737,0.022430126034642738,0.1948972247683875,0.07516798268982151,0.3511853322248266
sequences,0.75,46,12,-22.0,7.18,q2,"(150, 50)",0.03837348840032414,0.16822513565324435,0.022430126034642738,0.1948972247683875,0.07516798268982151,0.3511853322248266
sequences,0.75,46,12,-22.0,7.18,q3,"(50, 150)",0.015564600438315585,0.20272612265142945,0.022430126034642738,0.1948972247683875,0.07516798268982151,0.3511853322248266
sequences,0.75,46,12,-22.0,7.18,q4,"(50, 50)",0.04125705731498564,0.171271371616226,0.022430126034642738,0.1948972247683875,0.07516798268982151,0.3511853322248266
sequences,0.75,47,12,-22.0,7.18,q1,"(150, 150)",0.009848102285522665,0.21943776006444815,0.02221970225183694,0.21856082931658954,0.07440670490359796,0.39506904812661325
sequences,0.75,47,12,-22.0,7.18,q2,"(150, 50)",0.059882857352536206,0.21024816119026477,0.02221970225183694,0.21856082931658954,0.07440670490359796,0.39506904812661325
sequences,0.75,47,12,-22.0,7.18,q3,"(50, 150)",0.004418753983025297,0.21422195199144167,0.02221970225183694,0.21856082931658954,0.07440670490359796,0.39506904812661325
sequences,0.75,47,12,-22.0,7.18,q4,"(50, 50)",0.07397748145300259,0.2266637681581073,0.02221970225183694,0.21856082931658954,0.07440670490359796,0.39506904812661325
sequences,0.75,48,12,-22.0,7.18,q1,"(150, 150)",0.010017186647526318,0.21083291608026997,0.022382850019267108,0.20913388451839515,0.07502840867935005,0.3777017215968491
sequences,0.75,48,12,-22.0,7.18,q2,"(150, 50)",0.060041729574109644,0.19948356628288644,0.022382850019267108,0.20913388451839515,0.07502840867935005,0.3777017215968491
sequences,0.75,48,12,-22.0,7.18,q3,"(50, 150)",0.00666385108612151,0.2100746838224369,0.022382850019267108,0.20913388451839515,0.07502840867935005,0.3777017215968491
sequences,0.75,48,12,-22.0,7.18,q4,"(50, 50)",0.06785417849984338,0.19880185898024294,0.022382850019267108,0.20913388451839515,0.07502840867935005,0.3777017215968491
sequences,0.75,49,12,-22.0,7.18,q1,"(150, 150)",0.009441536073580448,0.2125709911781911,0.022152174451556015,0.21422207410023356,0.07424895073422495,0.3872314323322926
sequences,0.75,49,12,-22.0,7.18,q2,"(150, 50)",0.06095092406191505,0.21258996235638292,0.022152174451556015,0.21422207410023356,0.07424895073422495,0.3872314323322926
sequences,0.75,49,12,-22.0,7.18,q3,"(50, 150)",0.006014438927919885,0.21036446511285323,0.022152174451556015,0.21422207410023356,0.07424895073422495,0.3872314323322926
sequences,0.75,49,12,-22.0,7.18,q4,"(50, 50)",0.06856487759316741,0.2243459931928932,0.022152174451556015,0.21422207410023356,0.07424895073422495,0.3872314323322926
