dyn,pqif,seed,sim,vr,f,quadrant,shape,mean_q,std_q,mean_all,std_all
oscillations,0.25,0,1,-8.5,14.44,q1,"(50, 50)",9.136675657131916e-05,0.061775965980982596,6.974931047653438e-20,0.06394486769145635
oscillations,0.25,0,1,-8.5,14.44,q2,"(50, 150)",-2.888528396352454e-05,0.06494420941323957,6.974931047653438e-20,0.06394486769145635
oscillations,0.25,0,1,-8.5,14.44,q3,"(150, 50)",-0.001354703562725912,0.06412479362883935,6.974931047653438e-20,0.06394486769145635
oscillations,0.25,0,1,-8.5,14.44,q4,"(150, 150)",0.00043177960471340053,0.06377359517043701,6.974931047653438e-20,0.06394486769145635
oscillations,0.25,1,1,-8.5,14.44,q1,"(50, 50)",0.0004223224296061512,0.06444564082383879,-1.6049063248792382e-19,0.06379764057971682
oscillations,0.25,1,1,-8.5,14.44,q2,"(50, 150)",-0.0001423979798139645,0.0637640269016219,-1.6049063248792382e-19,0.06379764057971682
oscillations,0.25,1,1,-8.5,14.44,q3,"(150, 50)",-0.0006200929764262926,0.0641800855872634,-1.6049063248792382e-19,0.06379764057971682
oscillations,0.25,1,1,-8.5,14.44,q4,"(150, 150)",0.00021333216774882852,0.06360058483253828,-1.6049063248792382e-19,0.06379764057971682
oscillations,0.25,2,1,-8.5,14.44,q1,"(50, 50)",-0.0003081144013515954,0.06361279062894237,-1.9063214678629458e-19,0.06395588914487975
oscillations,0.25,2,1,-8.5,14.44,q2,"(50, 150)",0.00010498196570938854,0.06398431925894052,-1.9063214678629458e-19,0.06395588914487975
oscillations,0.25,2,1,-8.5,14.44,q3,"(150, 50)",0.0004640613624878433,0.06391651677150456,-1.9063214678629458e-19,0.06395588914487975
oscillations,0.25,2,1,-8.5,14.44,q4,"(150, 150)",-0.00015671580438114086,0.06399732926961438,-1.9063214678629458e-19,0.06395588914487975
oscillations,0.25,3,1,-8.5,14.44,q1,"(50, 50)",0.00010068730144680966,0.06643879339776197,3.484838321205606e-20,0.0643479411819463
oscillations,0.25,3,1,-8.5,14.44,q2,"(50, 150)",-3.260266338092903e-05,0.06449915721427182,3.484838321205606e-20,0.0643479411819463
oscillations,0.25,3,1,-8.5,14.44,q3,"(150, 50)",0.0014870981511641353,0.06263589165155677,3.484838321205606e-20,0.0643479411819463
oscillations,0.25,3,1,-8.5,14.44,q4,"(150, 150)",-0.0004902424134156087,0.06461290238266239,3.484838321205606e-20,0.0643479411819463
oscillations,0.25,4,1,-8.5,14.44,q1,"(50, 50)",0.0024440089305567477,0.06155116051449851,3.719963225415167e-20,0.06432411953255661
oscillations,0.25,4,1,-8.5,14.44,q2,"(50, 150)",-0.0008176120169492323,0.06398303555544077,3.719963225415167e-20,0.06432411953255661
oscillations,0.25,4,1,-8.5,14.44,q3,"(150, 50)",-0.00015533714156760285,0.0637266742127607,3.719963225415167e-20,0.06432411953255661
oscillations,0.25,4,1,-8.5,14.44,q4,"(150, 150)",5.2969547826277364e-05,0.06492976486754642,3.719963225415167e-20,0.06432411953255661
oscillations,0.25,5,1,-8.5,14.44,q1,"(50, 50)",0.0008367763849341826,0.06536674924561824,-1.4182359796895324e-19,0.06406545485499637
oscillations,0.25,5,1,-8.5,14.44,q2,"(50, 150)",-0.0002698327373444153,0.0644359701437912,-1.4182359796895324e-19,0.06406545485499637
oscillations,0.25,5,1,-8.5,14.44,q3,"(150, 50)",0.0012564545368953502,0.06287238895271507,-1.4182359796895324e-19,0.06406545485499637
oscillations,0.25,5,1,-8.5,14.44,q4,"(150, 150)",-0.00042332968538125827,0.0641870717026894,-1.4182359796895324e-19,0.06406545485499637
oscillations,0.25,6,1,-8.5,14.44,q1,"(50, 50)",-0.001818680539900251,0.06265383890926489,-1.4417272856643705e-19,0.06458220020966875
oscillations,0.25,6,1,-8.5,14.44,q2,"(50, 150)",0.0005650956388021958,0.06511957334061773,-1.4417272856643705e-19,0.06458220020966875
oscillations,0.25,6,1,-8.5,14.44,q3,"(150, 50)",0.0007515000479326134,0.06479574524738115,-1.4417272856643705e-19,0.06458220020966875
oscillations,0.25,6,1,-8.5,14.44,q4,"(150, 150)",-0.0002530952864133413,0.06452213038250822,-1.4417272856643705e-19,0.06458220020966875
oscillations,0.25,7,1,-8.5,14.44,q1,"(50, 50)",-4.142339742886132e-05,0.06748434078393743,-1.3966240665361746e-20,0.06388847927861459
oscillations,0.25,7,1,-8.5,14.44,q2,"(50, 150)",1.3832892826084565e-05,0.06424372442162854,-1.3966240665361746e-20,0.06388847927861459
oscillations,0.25,7,1,-8.5,14.44,q3,"(150, 50)",0.0012814809594233812,0.06325548946145731,-1.3966240665361746e-20,0.06388847927861459
oscillations,0.25,7,1,-8.5,14.44,q4,"(150, 150)",-0.0004299530470101032,0.0635729955831966,-1.3966240665361746e-20,0.06388847927861459
oscillations,0.25,8,1,-8.5,14.44,q1,"(50, 50)",-0.0014826670739652738,0.06352246823168989,-8.599533560360659e-20,0.06375579008626393
oscillations,0.25,8,1,-8.5,14.44,q2,"(50, 150)",0.0004842849111119816,0.06360033479856912,-8.599533560360659e-20,0.06375579008626393
oscillations,0.25,8,1,-8.5,14.44,q3,"(150, 50)",-0.000957738768322968,0.06322177691603818,-8.599533560360659e-20,0.06375579008626393
oscillations,0.25,8,1,-8.5,14.44,q4,"(150, 150)",0.00031711510620039546,0.06400254082675551,-8.599533560360659e-20,0.06375579008626393
oscillations,0.25,9,1,-8.5,14.44,q1,"(50, 50)",0.00011757694685114416,0.06444580049291943,-3.6734636850974773e-19,0.06481575756004147
oscillations,0.25,9,1,-8.5,14.44,q2,"(50, 150)",-3.834850488227886e-05,0.06704844931721818,-3.6734636850974773e-19,0.06481575756004147
oscillations,0.25,9,1,-8.5,14.44,q3,"(150, 50)",-0.001031272884392556,0.06454539906258697,-3.6734636850974773e-19,0.06481575756004147
oscillations,0.25,9,1,-8.5,14.44,q4,"(150, 150)",0.00035094153587747246,0.0642050317883403,-3.6734636850974773e-19,0.06481575756004147
oscillations,0.25,10,1,-8.5,14.44,q1,"(50, 50)",-0.004634535682711344,0.06425121441534172,-1.6292581074163723e-19,0.06382304069302829
oscillations,0.25,10,1,-8.5,14.44,q2,"(50, 150)",0.0015046928626247845,0.0642956241940791,-1.6292581074163723e-19,0.06382304069302829
oscillations,0.25,10,1,-8.5,14.44,q3,"(150, 50)",0.0021288573904445374,0.06509951906826981,-1.6292581074163723e-19,0.06382304069302829
oscillations,0.25,10,1,-8.5,14.44,q4,"(150, 150)",-0.0006937935474062485,0.06315242736427801,-1.6292581074163723e-19,0.06382304069302829
oscillations,0.25,11,1,-8.5,14.44,q1,"(50, 50)",-0.0022937945600827016,0.06446961493736626,1.5811168148301634e-19,0.06354163137995304
oscillations,0.25,11,1,-8.5,14.44,q2,"(50, 150)",0.0007517061290716341,0.06302114200939521,1.5811168148301634e-19,0.06354163137995304
oscillations,0.25,11,1,-8.5,14.44,q3,"(150, 50)",-0.00012692242188665524,0.06327706344013094,1.5811168148301634e-19,0.06354163137995304
oscillations,0.25,11,1,-8.5,14.44,q4,"(150, 150)",4.319007886120377e-05,0.0636990578632506,1.5811168148301634e-19,0.06354163137995304
oscillations,0.25,12,1,-8.5,14.44,q1,"(50, 50)",-0.001959747578869497,0.06199017826802346,2.0917784336012413e-19,0.06431669980294982
oscillations,0.25,12,1,-8.5,14.44,q2,"(50, 150)",0.0006115705335100565,0.06414102476273847,2.0917784336012413e-19,0.06431669980294982
oscillations,0.25,12,1,-8.5,14.44,q3,"(150, 50)",-0.0005088418167315962,0.06572297013424407,2.0917784336012413e-19,0.06431669980294982
oscillations,0.25,12,1,-8.5,14.44,q4,"(150, 150)",0.00017024843666195563,0.06414195209683082,2.0917784336012413e-19,0.06431669980294982
oscillations,0.25,13,1,-8.5,14.44,q1,"(50, 50)",0.001069661846875582,0.06201453849763862,5.1123799693891164e-20,0.06381389134910603
oscillations,0.25,13,1,-8.5,14.44,q2,"(50, 150)",-0.00034392397256490084,0.06338920442044989,5.1123799693891164e-20,0.06381389134910603
oscillations,0.25,13,1,-8.5,14.44,q3,"(150, 50)",-0.0019425953914921532,0.06537605280595449,5.1123799693891164e-20,0.06381389134910603
oscillations,0.25,13,1,-8.5,14.44,q4,"(150, 150)",0.0006223573659969015,0.06361303363726357,5.1123799693891164e-20,0.06381389134910603
oscillations,0.25,14,1,-8.5,14.44,q1,"(50, 50)",0.001707050674744765,0.06225988408277482,-1.439676807637407e-19,0.06342989195885801
oscillations,0.25,14,1,-8.5,14.44,q2,"(50, 150)",-0.0005544524698200119,0.0645312151321946,-1.439676807637407e-19,0.06342989195885801
oscillations,0.25,14,1,-8.5,14.44,q3,"(150, 50)",0.00019995287179279297,0.06182185958859968,-1.439676807637407e-19,0.06342989195885801
oscillations,0.25,14,1,-8.5,14.44,q4,"(150, 150)",-6.785771558073561e-05,0.06371555044459354,-1.439676807637407e-19,0.06342989195885801
oscillations,0.25,15,1,-8.5,14.44,q1,"(50, 50)",0.001955898989351975,0.0639998329223332,6.977268882762421e-21,0.06424657290139597
oscillations,0.25,15,1,-8.5,14.44,q2,"(50, 150)",-0.0006560926989598395,0.06354335406597383,6.977268882762421e-21,0.06424657290139597
oscillations,0.25,15,1,-8.5,14.44,q3,"(150, 50)",-4.902164937099867e-05,0.06570183444836561,6.977268882762421e-21,0.06424657290139597
oscillations,0.25,15,1,-8.5,14.44,q4,"(150, 150)",1.6340549790332987e-05,0.06400798818410337,6.977268882762421e-21,0.06424657290139597
oscillations,0.25,16,1,-8.5,14.44,q1,"(50, 50)",-0.0020706979521610213,0.06210490889486535,5.1140926594961144e-20,0.06403729662715743
oscillations,0.25,16,1,-8.5,14.44,q2,"(50, 150)",0.0006817486673049892,0.06309816494204626,5.1140926594961144e-20,0.06403729662715743
oscillations,0.25,16,1,-8.5,14.44,q3,"(150, 50)",2.181655752760886e-05,0.06483767446259565,5.1140926594961144e-20,0.06403729662715743
oscillations,0.25,16,1,-8.5,14.44,q4,"(150, 150)",-7.228730892774904e-06,0.06429541992758307,5.1140926594961144e-20,0.06403729662715743
oscillations,0.25,17,1,-8.5,14.44,q1,"(50, 50)",0.00010438786090756625,0.061271578173313676,-6.977268882762422e-20,0.0638552878168016
oscillations,0.25,17,1,-8.5,14.44,q2,"(50, 150)",-3.029726833728848e-05,0.0640735568840104,-6.977268882762422e-20,0.0638552878168016
oscillations,0.25,17,1,-8.5,14.44,q3,"(150, 50)",-0.002452171667899334,0.06431791511038486,-6.977268882762422e-20,0.0638552878168016
oscillations,0.25,17,1,-8.5,14.44,q4,"(150, 150)",0.0008207847329747582,0.06385287244709605,-6.977268882762422e-20,0.0638552878168016
oscillations,0.25,18,1,-8.5,14.44,q1,"(50, 50)",0.002107170320271124,0.06409475917442994,7.897644747940271e-20,0.06342351658522172
oscillations,0.25,18,1,-8.5,14.44,q2,"(50, 150)",-0.0007088637482939721,0.06254916248813941,7.897644747940271e-20,0.06342351658522172
oscillations,0.25,18,1,-8.5,14.44,q3,"(150, 50)",-0.0010003370419581989,0.06390191175343483,7.897644747940271e-20,0.06342351658522172
oscillations,0.25,18,1,-8.5,14.44,q4,"(150, 150)",0.0003343798398878262,0.0634596382239431,7.897644747940271e-20,0.06342351658522172
oscillations,0.25,19,1,-8.5,14.44,q1,"(50, 50)",0.0003068258388160957,0.06754080171951611,7.902274082493578e-20,0.06424706057713968
oscillations,0.25,19,1,-8.5,14.44,q2,"(50, 150)",-0.00010077323945094686,0.06454850405989775,7.902274082493578e-20,0.06424706057713968
oscillations,0.25,19,1,-8.5,14.44,q3,"(150, 50)",0.0007404610266019244,0.06441572615373621,7.902274082493578e-20,0.06424706057713968
oscillations,0.25,19,1,-8.5,14.44,q4,"(150, 150)",-0.00024312334463838915,0.06371703717273118,7.902274082493578e-20,0.06424706057713968
oscillations,0.25,20,1,-8.5,14.44,q1,"(50, 50)",-0.0016304410907404107,0.06158173885202864,1.0702963184834689e-19,0.06368479752656096
oscillations,0.25,20,1,-8.5,14.44,q2,"(50, 150)",0.0005157517736015585,0.064241839322429,1.0702963184834689e-19,0.06368479752656096
oscillations,0.25,20,1,-8.5,14.44,q3,"(150, 50)",-0.000659801067760941,0.06346179199616712,1.0702963184834689e-19,0.06368479752656096
oscillations,0.25,20,1,-8.5,14.44,q4,"(150, 150)",0.00022249334723063662,0.0637871997287352,1.0702963184834689e-19,0.06368479752656096
oscillations,0.25,21,1,-8.5,14.44,q1,"(50, 50)",0.000549959035784271,0.06281530105911369,-1.4400382327773997e-19,0.06363664087587032
oscillations,0.25,21,1,-8.5,14.44,q2,"(50, 150)",-0.0001807182463486236,0.06394479709355094,-1.4400382327773997e-19,0.06363664087587032
oscillations,0.25,21,1,-8.5,14.44,q3,"(150, 50)",0.0011887279275438383,0.06368733173660837,-1.4400382327773997e-19,0.06363664087587032
oscillations,0.25,21,1,-8.5,14.44,q4,"(150, 150)",-0.00040897094114837563,0.06359990539956963,-1.4400382327773997e-19,0.06363664087587032
oscillations,0.25,22,1,-8.5,14.44,q1,"(50, 50)",-0.0012630502786297978,0.06550308837336966,1.5351277890149237e-19,0.06411683192648968
oscillations,0.25,22,1,-8.5,14.44,q2,"(50, 150)",0.00040907575355438963,0.06344076242053019,1.5351277890149237e-19,0.06411683192648968
oscillations,0.25,22,1,-8.5,14.44,q3,"(150, 50)",-0.0007337909083189071,0.06512049940417292,1.5351277890149237e-19,0.06411683192648968
oscillations,0.25,22,1,-8.5,14.44,q4,"(150, 150)",0.00024825469729178334,0.06384117052173978,1.5351277890149237e-19,0.06411683192648968
oscillations,0.25,23,1,-8.5,14.44,q1,"(50, 50)",0.00022676317604709143,0.06681588008719755,7.905584074150817e-20,0.06344120103142065
oscillations,0.25,23,1,-8.5,14.44,q2,"(50, 150)",-6.890648841184753e-05,0.06361611890905343,7.905584074150817e-20,0.06344120103142065
oscillations,0.25,23,1,-8.5,14.44,q3,"(150, 50)",0.0002597987628975044,0.0627225770199571,7.905584074150817e-20,0.06344120103142065
oscillations,0.25,23,1,-8.5,14.44,q4,"(150, 150)",-9.003081847971445e-05,0.06326922092573352,7.905584074150817e-20,0.06344120103142065
oscillations,0.25,24,1,-8.5,14.44,q1,"(50, 50)",0.00046923710934500837,0.06465982450485205,4.349893261919718e-19,0.06401522515845867
oscillations,0.25,24,1,-8.5,14.44,q2,"(50, 150)",-0.00015295803299320427,0.06407377355729676,4.349893261919718e-19,0.06401522515845867
oscillations,0.25,24,1,-8.5,14.44,q3,"(150, 50)",-0.0005313896811471898,0.06443978064904697,4.349893261919718e-19,0.06401522515845867
oscillations,0.25,24,1,-8.5,14.44,q4,"(150, 150)",0.00018186897699867048,0.06377592838405383,4.349893261919718e-19,0.06401522515845867
oscillations,0.25,25,1,-8.5,14.44,q1,"(50, 50)",0.00047868129185333193,0.0656008187063895,-2.533800454023075e-19,0.06349798133866025
oscillations,0.25,25,1,-8.5,14.44,q2,"(50, 150)",-0.00016499505018922834,0.06376113424821887,-2.533800454023075e-19,0.06349798133866025
oscillations,0.25,25,1,-8.5,14.44,q3,"(150, 50)",-0.0008403158675617123,0.06272672333224212,-2.533800454023075e-19,0.06349798133866025
oscillations,0.25,25,1,-8.5,14.44,q4,"(150, 150)",0.00029123724804065905,0.06343034829910368,-2.533800454023075e-19,0.06349798133866025
oscillations,0.25,26,1,-8.5,14.44,q1,"(50, 50)",0.0006200054728600646,0.06405708759965684,-9.311608023359528e-20,0.0643629015057479
oscillations,0.25,26,1,-8.5,14.44,q2,"(50, 150)",-0.00020203050866086518,0.06573383813172347,-9.311608023359528e-20,0.0643629015057479
oscillations,0.25,26,1,-8.5,14.44,q3,"(150, 50)",0.0008384266971273049,0.06304602993327453,-9.311608023359528e-20,0.0643629015057479
oscillations,0.25,26,1,-8.5,14.44,q4,"(150, 150)",-0.0002680843456235483,0.06435528912431461,-9.311608023359528e-20,0.0643629015057479
oscillations,0.25,27,1,-8.5,14.44,q1,"(50, 50)",-0.002632857242382555,0.06402004216869822,-1.465349253150609e-19,0.06395960250637797
oscillations,0.25,27,1,-8.5,14.44,q2,"(50, 150)",0.000850919029394362,0.06390166905065091,-1.465349253150609e-19,0.06395960250637797
oscillations,0.25,27,1,-8.5,14.44,q3,"(150, 50)",0.0007589538565525818,0.06432727299400592,-1.465349253150609e-19,0.06395960250637797
oscillations,0.25,27,1,-8.5,14.44,q4,"(150, 150)",-0.00024727678716534327,0.06384252800540766,-1.465349253150609e-19,0.06395960250637797
oscillations,0.25,28,1,-8.5,14.44,q1,"(50, 50)",-0.0020352915809458334,0.06278011102277747,4.653072190382048e-21,0.06383308444245436
oscillations,0.25,28,1,-8.5,14.44,q2,"(50, 150)",0.0006918527136668392,0.06441705928638868,4.653072190382048e-21,0.06383308444245436
oscillations,0.25,28,1,-8.5,14.44,q3,"(150, 50)",-0.0010565060049857564,0.06270873471919995,4.653072190382048e-21,0.06383308444245436
oscillations,0.25,28,1,-8.5,14.44,q4,"(150, 150)",0.00035395472661068164,0.06412013979513875,4.653072190382048e-21,0.06383308444245436
oscillations,0.25,29,1,-8.5,14.44,q1,"(50, 50)",-0.0009032650962265955,0.06429856259021566,1.533713990816735e-19,0.06418507278420327
oscillations,0.25,29,1,-8.5,14.44,q2,"(50, 150)",0.0002988394628552839,0.06414918137858844,1.533713990816735e-19,0.06418507278420327
oscillations,0.25,29,1,-8.5,14.44,q3,"(150, 50)",0.0006174116293007282,0.0647079557949782,1.533713990816735e-19,0.06418507278420327
oscillations,0.25,29,1,-8.5,14.44,q4,"(150, 150)",-0.00021166273057515562,0.06400191622215122,1.533713990816735e-19,0.06418507278420327
oscillations,0.25,30,1,-8.5,14.44,q1,"(50, 50)",1.051417716797123e-05,0.06657411952970335,-1.7660948985162404e-19,0.06437346916364868
oscillations,0.25,30,1,-8.5,14.44,q2,"(50, 150)",-3.2100806397793183e-06,0.0644993183635134,-1.7660948985162404e-19,0.06437346916364868
oscillations,0.25,30,1,-8.5,14.44,q3,"(150, 50)",-0.0004449393678715352,0.0641491938491151,-1.7660948985162404e-19,0.06437346916364868
oscillations,0.25,30,1,-8.5,14.44,q4,"(150, 150)",0.00015065293375617563,0.06417604685074048,-1.7660948985162404e-19,0.06437346916364868
oscillations,0.25,31,1,-8.5,14.44,q1,"(50, 50)",-0.003299917582439378,0.06220018086876379,1.8829159337235694e-19,0.06394705032924314
oscillations,0.25,31,1,-8.5,14.44,q2,"(50, 150)",0.001058765976207963,0.0625702539994496,1.8829159337235694e-19,0.06394705032924314
oscillations,0.25,31,1,-8.5,14.44,q3,"(150, 50)",0.0012090394463468701,0.06331187508651359,1.8829159337235694e-19,0.06394705032924314
oscillations,0.25,31,1,-8.5,14.44,q4,"(150, 150)",-0.00041250221062374493,0.06479117489815953,1.8829159337235694e-19,0.06394705032924314
oscillations,0.25,32,1,-8.5,14.44,q1,"(50, 50)",0.0009222514990796878,0.06261389303136373,-6.508300119232975e-20,0.06436460997006692
oscillations,0.25,32,1,-8.5,14.44,q2,"(50, 150)",-0.0003168572128569288,0.06471220173027534,-6.508300119232975e-20,0.06436460997006692
oscillations,0.25,32,1,-8.5,14.44,q3,"(150, 50)",0.0007497329737434966,0.06505656972024099,-6.508300119232975e-20,0.06436460997006692
oscillations,0.25,32,1,-8.5,14.44,q4,"(150, 150)",-0.00025751256032358305,0.06420524176577554,-6.508300119232975e-20,0.06436460997006692
oscillations,0.25,33,1,-8.5,14.44,q1,"(50, 50)",-0.000997456526893198,0.06303957704991817,3.7187172152910955e-20,0.06461748405919485
oscillations,0.25,33,1,-8.5,14.44,q2,"(50, 150)",0.00034518720256528616,0.06502613918455744,3.7187172152910955e-20,0.06461748405919485
oscillations,0.25,33,1,-8.5,14.44,q3,"(150, 50)",0.0015263245871451692,0.06405477706543147,3.7187172152910955e-20,0.06461748405919485
oscillations,0.25,33,1,-8.5,14.44,q4,"(150, 150)",-0.0005031041661893275,0.06483550374787525,3.7187172152910955e-20,0.06461748405919485
oscillations,0.25,34,1,-8.5,14.44,q1,"(50, 50)",0.0023953433594943543,0.06139614706028257,1.4526239122230842e-19,0.06318298809404227
oscillations,0.25,34,1,-8.5,14.44,q2,"(50, 150)",-0.0007875534725098078,0.06194112308960642,1.4526239122230842e-19,0.06318298809404227
oscillations,0.25,34,1,-8.5,14.44,q3,"(150, 50)",0.000402059924899584,0.06409372748397811,1.4526239122230842e-19,0.06318298809404227
oscillations,0.25,34,1,-8.5,14.44,q4,"(150, 150)",-0.0001324425646533043,0.06348511114811421,1.4526239122230842e-19,0.06318298809404227
oscillations,0.25,35,1,-8.5,14.44,q1,"(50, 50)",0.0031658336811937918,0.0625534268863548,-5.3469992391277743e-20,0.0641968347408365
oscillations,0.25,35,1,-8.5,14.44,q2,"(50, 150)",-0.001030284469932366,0.06412076557807272,-5.3469992391277743e-20,0.0641968347408365
oscillations,0.25,35,1,-8.5,14.44,q3,"(150, 50)",-0.00040087017697433845,0.06325238204744449,-5.3469992391277743e-20,0.0641968347408365
oscillations,0.25,35,1,-8.5,14.44,q4,"(150, 150)",0.0001345641202216137,0.06470375600787401,-5.3469992391277743e-20,0.0641968347408365
oscillations,0.25,36,1,-8.5,14.44,q1,"(50, 50)",-0.0013878925696209764,0.0639977414166513,1.5572128339031462e-19,0.06438389708894654
oscillations,0.25,36,1,-8.5,14.44,q2,"(50, 150)",0.0004575268091380714,0.06537231526902136,1.5572128339031462e-19,0.06438389708894654
oscillations,0.25,36,1,-8.5,14.44,q3,"(150, 50)",-0.0020395851877732948,0.06357754626010907,1.5572128339031462e-19,0.06438389708894654
oscillations,0.25,36,1,-8.5,14.44,q4,"(150, 150)",0.0006580086711554196,0.06433469452486008,1.5572128339031462e-19,0.06438389708894654
oscillations,0.25,37,1,-8.5,14.44,q1,"(50, 50)",0.002514656424889977,0.06400062424896469,0.0,0.06427112217807932
oscillations,0.25,37,1,-8.5,14.44,q2,"(50, 150)",-0.0008604257726835038,0.06475551599560837,0.0,0.06427112217807932
oscillations,0.25,37,1,-8.5,14.44,q3,"(150, 50)",0.0014402157548415655,0.06484396441600336,0.0,0.06427112217807932
oscillations,0.25,37,1,-8.5,14.44,q4,"(150, 150)",-0.0004988529442740424,0.06392380869222963,0.0,0.06427112217807932
oscillations,0.25,38,1,-8.5,14.44,q1,"(50, 50)",-4.282772265116162e-05,0.061339802015246636,-1.438954501353786e-19,0.0642510352890208
oscillations,0.25,38,1,-8.5,14.44,q2,"(50, 150)",1.3708738311365229e-05,0.06525620013030489,-1.438954501353786e-19,0.0642510352890208
oscillations,0.25,38,1,-8.5,14.44,q3,"(150, 50)",-0.0017725241971524956,0.06490118685410369,-1.438954501353786e-19,0.0642510352890208
oscillations,0.25,38,1,-8.5,14.44,q4,"(150, 150)",0.0005979251991282621,0.06398549609765679,-1.438954501353786e-19,0.0642510352890208
oscillations,0.25,39,1,-8.5,14.44,q1,"(50, 50)",0.0019567695836475545,0.06432271267778077,5.3469992391277743e-20,0.06431176961110661
oscillations,0.25,39,1,-8.5,14.44,q2,"(50, 150)",-0.0006484490133506494,0.06360690181419963,5.3469992391277743e-20,0.06431176961110661
oscillations,0.25,39,1,-8.5,14.44,q3,"(150, 50)",-0.0030002161885726766,0.06448705450119539,5.3469992391277743e-20,0.06431176961110661
oscillations,0.25,39,1,-8.5,14.44,q4,"(150, 150)",0.0009908807690690669,0.06444879090668823,5.3469992391277743e-20,0.06431176961110661
oscillations,0.25,40,1,-8.5,14.44,q1,"(50, 50)",0.001280850902447236,0.061886386681645894,-8.600253728986432e-20,0.06349569349586098
oscillations,0.25,40,1,-8.5,14.44,q2,"(50, 150)",-0.0004334307964531273,0.06278937593750555,-8.600253728986432e-20,0.06349569349586098
oscillations,0.25,40,1,-8.5,14.44,q3,"(150, 50)",-1.150761995312985e-05,0.0632550813084664,-8.600253728986432e-20,0.06349569349586098
oscillations,0.25,40,1,-8.5,14.44,q4,"(150, 150)",3.882337462877565e-06,0.06398823962634773,-8.600253728986432e-20,0.06349569349586098
oscillations,0.25,41,1,-8.5,14.44,q1,"(50, 50)",0.0030457124283897615,0.06585480093535677,3.161703897919032e-19,0.06386889976977297
oscillations,0.25,41,1,-8.5,14.44,q2,"(50, 150)",-0.0009924231508236302,0.062456302850634964,3.161703897919032e-19,0.06386889976977297
oscillations,0.25,41,1,-8.5,14.44,q3,"(150, 50)",-0.0008755167495745745,0.06403503590362078,3.161703897919032e-19,0.06386889976977297
oscillations,0.25,41,1,-8.5,14.44,q4,"(150, 150)",0.0003042194311968016,0.06404433798372669,3.161703897919032e-19,0.06386889976977297
oscillations,0.25,42,1,-8.5,14.44,q1,"(50, 50)",-0.0003367575010870828,0.06485726077685756,2.2773328954551518e-19,0.06471052173493423
oscillations,0.25,42,1,-8.5,14.44,q2,"(50, 150)",0.00011424632807750073,0.0651515111061766,2.2773328954551518e-19,0.06471052173493423
oscillations,0.25,42,1,-8.5,14.44,q3,"(150, 50)",-0.0025220899988153103,0.06613339082417179,2.2773328954551518e-19,0.06471052173493423
oscillations,0.25,42,1,-8.5,14.44,q4,"(150, 150)",0.0008251999535294337,0.06405019387345975,2.2773328954551518e-19,0.06471052173493423
oscillations,0.25,43,1,-8.5,14.44,q1,"(50, 50)",0.0018092948705958182,0.06164218714348437,3.953785700232039e-20,0.0638983076240446
oscillations,0.25,43,1,-8.5,14.44,q2,"(50, 150)",-0.0005748862783887859,0.06572209132705761,3.953785700232039e-20,0.0638983076240446
oscillations,0.25,43,1,-8.5,14.44,q3,"(150, 50)",-0.0012997875701499962,0.06218451922039053,3.953785700232039e-20,0.0638983076240446
oscillations,0.25,43,1,-8.5,14.44,q4,"(150, 150)",0.000428113065372536,0.06405993802287277,3.953785700232039e-20,0.0638983076240446
oscillations,0.25,44,1,-8.5,14.44,q1,"(50, 50)",0.0012034847495489497,0.06308428812370469,-5.579477466915939e-20,0.06354497518772066
oscillations,0.25,44,1,-8.5,14.44,q2,"(50, 150)",-0.00037380965705687057,0.06342533083662301,-5.579477466915939e-20,0.06354497518772066
oscillations,0.25,44,1,-8.5,14.44,q3,"(150, 50)",-0.0015202849972473693,0.06451696560120415,-5.579477466915939e-20,0.06354497518772066
oscillations,0.25,44,1,-8.5,14.44,q4,"(150, 150)",0.0005241813613286026,0.06328466030240688,-5.579477466915939e-20,0.06354497518772066
oscillations,0.25,45,1,-8.5,14.44,q1,"(50, 50)",-0.0017543403079643444,0.06317683930911706,-1.7674266835255948e-19,0.06381403231632961
oscillations,0.25,45,1,-8.5,14.44,q2,"(50, 150)",0.0005924571614945233,0.06306719649476979,-1.7674266835255948e-19,0.06381403231632961
oscillations,0.25,45,1,-8.5,14.44,q3,"(150, 50)",0.0010885246238251827,0.06350939546336423,-1.7674266835255948e-19,0.06381403231632961
oscillations,0.25,45,1,-8.5,14.44,q4,"(150, 150)",-0.0003617648601436812,0.06421957822512374,-1.7674266835255948e-19,0.06381403231632961
oscillations,0.25,46,1,-8.5,14.44,q1,"(50, 50)",0.0021178693485714188,0.0658590464079954,-1.1396205841845288e-19,0.06356620674865063
oscillations,0.25,46,1,-8.5,14.44,q2,"(50, 150)",-0.0007068989814991388,0.06344311213488599,-1.1396205841845288e-19,0.06356620674865063
oscillations,0.25,46,1,-8.5,14.44,q3,"(150, 50)",0.000710012469320543,0.06426166902787639,-1.1396205841845288e-19,0.06356620674865063
oscillations,0.25,46,1,-8.5,14.44,q4,"(150, 150)",-0.0002391844548855443,0.06310133605313847,-1.1396205841845288e-19,0.06356620674865063
oscillations,0.25,47,1,-8.5,14.44,q1,"(50, 50)",0.000915376266220185,0.06641338365507413,-4.651902390954314e-20,0.06400000084249469
oscillations,0.25,47,1,-8.5,14.44,q2,"(50, 150)",-0.00029673378512728207,0.06412345680707932,-4.651902390954314e-20,0.06400000084249469
oscillations,0.25,47,1,-8.5,14.44,q3,"(150, 50)",-0.0006143663105809392,0.06350170669645397,-4.651902390954314e-20,0.06400000084249469
oscillations,0.25,47,1,-8.5,14.44,q4,"(150, 150)",0.00020224706559904412,0.06385931485001026,-4.651902390954314e-20,0.06400000084249469
oscillations,0.25,48,1,-8.5,14.44,q1,"(50, 50)",-0.001094095353240844,0.06498127190477639,3.323046980102926e-19,0.0647424873691001
oscillations,0.25,48,1,-8.5,14.44,q2,"(50, 150)",0.0003489197937409476,0.06446678695902817,3.323046980102926e-19,0.0647424873691001
oscillations,0.25,48,1,-8.5,14.44,q3,"(150, 50)",6.420423508087738e-05,0.06498413059053318,3.323046980102926e-19,0.0647424873691001
oscillations,0.25,48,1,-8.5,14.44,q4,"(150, 150)",-2.203152350107498e-05,0.06472471391011035,3.323046980102926e-19,0.0647424873691001
oscillations,0.25,49,1,-8.5,14.44,q1,"(50, 50)",-0.002462838509216463,0.06132594676280264,1.9544541467958996e-19,0.06409693683055716
oscillations,0.25,49,1,-8.5,14.44,q2,"(50, 150)",0.0007419109794844631,0.0659644204551615,1.9544541467958996e-19,0.06409693683055716
oscillations,0.25,49,1,-8.5,14.44,q3,"(150, 50)",-0.0012009998879120192,0.06466028662456898,1.9544541467958996e-19,0.06409693683055716
oscillations,0.25,49,1,-8.5,14.44,q4,"(150, 150)",0.0004163945719168018,0.06352293760828884,1.9544541467958996e-19,0.06409693683055716
oscillations,0.25,0,2,-12.3,10.68,q1,"(50, 50)",-0.00030458562354172944,0.06497112025156519,-1.371506667773958e-19,0.06352410375497644
oscillations,0.25,0,2,-12.3,10.68,q2,"(50, 150)",9.476295878063479e-05,0.06432636783395672,-1.371506667773958e-19,0.06352410375497644
oscillations,0.25,0,2,-12.3,10.68,q3,"(150, 50)",-0.001009395883461722,0.06329695813898026,-1.371506667773958e-19,0.06352410375497644
oscillations,0.25,0,2,-12.3,10.68,q4,"(150, 150)",0.0003466963392417208,0.06316860905202991,-1.371506667773958e-19,0.06352410375497644
oscillations,0.25,1,2,-12.3,10.68,q1,"(50, 50)",8.821291982595117e-05,0.06515425610839139,-4.1022099281179894e-19,0.06430390360959624
oscillations,0.25,1,2,-12.3,10.68,q2,"(50, 150)",-2.9284938652187867e-05,0.06237469725178287,-4.1022099281179894e-19,0.06430390360959624
oscillations,0.25,1,2,-12.3,10.68,q3,"(150, 50)",-0.001808079819338046,0.06453652854637344,-4.1022099281179894e-19,0.06430390360959624
oscillations,0.25,1,2,-12.3,10.68,q4,"(150, 150)",0.0006094167589796235,0.06474530670557724,-4.1022099281179894e-19,0.06430390360959624
oscillations,0.25,2,2,-12.3,10.68,q1,"(50, 50)",-0.0007554897798773048,0.06354610461547479,1.022048143851094e-19,0.06455354855517048
oscillations,0.25,2,2,-12.3,10.68,q2,"(50, 150)",0.00024195641848933947,0.06433192665406225,1.022048143851094e-19,0.06455354855517048
oscillations,0.25,2,2,-12.3,10.68,q3,"(150, 50)",0.0008100123253488388,0.06643526596708216,1.022048143851094e-19,0.06455354855517048
oscillations,0.25,2,2,-12.3,10.68,q4,"(150, 150)",-0.00026968248354377635,0.06409640289608283,1.022048143851094e-19,0.06455354855517048
oscillations,0.25,3,2,-12.3,10.68,q1,"(50, 50)",-5.474289119660695e-06,0.0654532948840411,-4.1800565686188125e-20,0.06424775347154399
oscillations,0.25,3,2,-12.3,10.68,q2,"(50, 150)",1.7582736983529077e-06,0.06434992455262034,-4.1800565686188125e-20,0.06424775347154399
oscillations,0.25,3,2,-12.3,10.68,q3,"(150, 50)",0.0020935059534185623,0.06354390801670994,-4.1800565686188125e-20,0.06424775347154399
oscillations,0.25,3,2,-12.3,10.68,q4,"(150, 150)",-0.0007103799729026887,0.06430690021777406,-4.1800565686188125e-20,0.06424775347154399
oscillations,0.25,4,2,-12.3,10.68,q1,"(50, 50)",-0.0006671487207556937,0.06425801316367892,5.578542959342551e-20,0.06438936335229785
oscillations,0.25,4,2,-12.3,10.68,q2,"(50, 150)",0.00022425913925935118,0.0635308733679816,5.578542959342551e-20,0.06438936335229785
oscillations,0.25,4,2,-12.3,10.68,q3,"(150, 50)",-7.141784466180059e-07,0.06354759581953374,5.578542959342551e-20,0.06438936335229785
oscillations,0.25,4,2,-12.3,10.68,q4,"(150, 150)",2.3282895914102107e-07,0.06495880270915441,5.578542959342551e-20,0.06438936335229785
oscillations,0.25,5,2,-12.3,10.68,q1,"(50, 50)",-0.002311905573945897,0.061785929926729,-4.643730235172982e-21,0.06400154521129088
oscillations,0.25,5,2,-12.3,10.68,q2,"(50, 150)",0.0007713217260068947,0.06443962727002045,-4.643730235172982e-21,0.06400154521129088
oscillations,0.25,5,2,-12.3,10.68,q3,"(150, 50)",0.00048796209130360545,0.06323047428120313,-4.643730235172982e-21,0.06400154521129088
oscillations,0.25,5,2,-12.3,10.68,q4,"(150, 150)",-0.0001637207732187235,0.0643466921717599,-4.643730235172982e-21,0.06400154521129088
oscillations,0.25,6,2,-12.3,10.68,q1,"(50, 50)",0.0007162887907202868,0.06357662023140835,8.366413147137578e-20,0.06386795787106776
oscillations,0.25,6,2,-12.3,10.68,q2,"(50, 150)",-0.00023514692149703755,0.06219305304597711,8.366413147137578e-20,0.06386795787106776
oscillations,0.25,6,2,-12.3,10.68,q3,"(150, 50)",-0.00019484982512756843,0.06597498252832795,8.366413147137578e-20,0.06386795787106776
oscillations,0.25,6,2,-12.3,10.68,q4,"(150, 150)",6.447726279284446e-05,0.06374134837288947,8.366413147137578e-20,0.06386795787106776
oscillations,0.25,7,2,-12.3,10.68,q1,"(50, 50)",-0.0033842935737835055,0.06448595941000439,-2.789972419061375e-20,0.0639458132232492
oscillations,0.25,7,2,-12.3,10.68,q2,"(50, 150)",0.0011530085361786072,0.0647566370896069,-2.789972419061375e-20,0.0639458132232492
oscillations,0.25,7,2,-12.3,10.68,q3,"(150, 50)",-0.0014042657331661704,0.06380527978776095,-2.789972419061375e-20,0.0639458132232492
oscillations,0.25,7,2,-12.3,10.68,q4,"(150, 150)",0.00048473828399852773,0.06363946562930864,-2.789972419061375e-20,0.0639458132232492
oscillations,0.25,8,2,-12.3,10.68,q1,"(50, 50)",-0.005032038218625887,0.06510832114075664,-3.4578434504420635e-19,0.0642387034252861
oscillations,0.25,8,2,-12.3,10.68,q2,"(50, 150)",0.0016819352550172255,0.06460208069186159,-3.4578434504420635e-19,0.0642387034252861
oscillations,0.25,8,2,-12.3,10.68,q3,"(150, 50)",-0.0006418594271084187,0.06445965908741252,-3.4578434504420635e-19,0.0642387034252861
oscillations,0.25,8,2,-12.3,10.68,q4,"(150, 150)",0.00022308061831184572,0.06391578293397734,-3.4578434504420635e-19,0.0642387034252861
oscillations,0.25,9,2,-12.3,10.68,q1,"(50, 50)",-0.0007569930202005282,0.06394935602643996,4.648007303965321e-20,0.06403071291639015
oscillations,0.25,9,2,-12.3,10.68,q2,"(50, 150)",0.00023279283815229624,0.0639238625661514,4.648007303965321e-20,0.06403071291639015
oscillations,0.25,9,2,-12.3,10.68,q3,"(150, 50)",-0.0007450530444318234,0.06510214989760763,4.648007303965321e-20,0.06403071291639015
oscillations,0.25,9,2,-12.3,10.68,q4,"(150, 150)",0.00025657603718032816,0.06370006109353352,4.648007303965321e-20,0.06403071291639015
oscillations,0.25,10,2,-12.3,10.68,q1,"(50, 50)",0.0018975675660915536,0.06713156240014506,-5.80806386867601e-20,0.06429675141842822
oscillations,0.25,10,2,-12.3,10.68,q2,"(50, 150)",-0.0006716594933663467,0.06427353417097938,-5.80806386867601e-20,0.06429675141842822
oscillations,0.25,10,2,-12.3,10.68,q3,"(150, 50)",-0.0004004906719132249,0.06441505958824614,-5.80806386867601e-20,0.06429675141842822
oscillations,0.25,10,2,-12.3,10.68,q4,"(150, 150)",0.0001318551300920412,0.06392534499079375,-5.80806386867601e-20,0.06429675141842822
oscillations,0.25,11,2,-12.3,10.68,q1,"(50, 50)",-0.0002319756658891722,0.06228514304856275,1.3237953393781675e-19,0.06392520134709252
oscillations,0.25,11,2,-12.3,10.68,q2,"(50, 150)",7.322308817191465e-05,0.06369714400021557,1.3237953393781675e-19,0.06392520134709252
oscillations,0.25,11,2,-12.3,10.68,q3,"(150, 50)",0.0028957271908703554,0.06419153982711583,1.3237953393781675e-19,0.06392520134709252
oscillations,0.25,11,2,-12.3,10.68,q4,"(150, 150)",-0.0009815145722299637,0.06405406273255927,1.3237953393781675e-19,0.06392520134709252
oscillations,0.25,12,2,-12.3,10.68,q1,"(50, 50)",-0.0010986568951895821,0.06258749542554848,9.299908063537917e-21,0.06383962496046176
oscillations,0.25,12,2,-12.3,10.68,q2,"(50, 150)",0.0003541044351505094,0.062190337364973834,9.299908063537917e-21,0.06383962496046176
oscillations,0.25,12,2,-12.3,10.68,q3,"(150, 50)",-0.0013711141249889874,0.06535426499327435,9.299908063537917e-21,0.06383962496046176
oscillations,0.25,12,2,-12.3,10.68,q4,"(150, 150)",0.0004608461253310698,0.06399122510008731,9.299908063537917e-21,0.06383962496046176
oscillations,0.25,13,2,-12.3,10.68,q1,"(50, 50)",-7.071755143175587e-05,0.06378829753088874,-1.1971625998365906e-19,0.06291396612379342
oscillations,0.25,13,2,-12.3,10.68,q2,"(50, 150)",2.2851014651538323e-05,0.06373945146911394,-1.1971625998365906e-19,0.06291396612379342
oscillations,0.25,13,2,-12.3,10.68,q3,"(150, 50)",-0.0002950273134279761,0.06265445330651194,-1.1971625998365906e-19,0.06291396612379342
oscillations,0.25,13,2,-12.3,10.68,q4,"(150, 150)",9.878422773659096e-05,0.06261768288352969,-1.1971625998365906e-19,0.06291396612379342
oscillations,0.25,14,2,-12.3,10.68,q1,"(50, 50)",-0.002243985529094081,0.06783988057908993,5.112808034361853e-20,0.06489323632470333
oscillations,0.25,14,2,-12.3,10.68,q2,"(50, 150)",0.0007093057706906579,0.0654064590100124,5.112808034361853e-20,0.06489323632470333
oscillations,0.25,14,2,-12.3,10.68,q3,"(150, 50)",-0.0006065290902740416,0.06328312283448644,5.112808034361853e-20,0.06489323632470333
oscillations,0.25,14,2,-12.3,10.68,q4,"(150, 150)",0.00020187581880832162,0.06492224246730141,5.112808034361853e-20,0.06489323632470333
oscillations,0.25,15,2,-12.3,10.68,q1,"(50, 50)",-0.00012705529122064696,0.06710132389257754,-2.0446096217774523e-19,0.06330943391566493
oscillations,0.25,15,2,-12.3,10.68,q2,"(50, 150)",3.975954371818538e-05,0.06288218665443725,-2.0446096217774523e-19,0.06330943391566493
oscillations,0.25,15,2,-12.3,10.68,q3,"(150, 50)",-0.001215177179136899,0.06179920409097533,-2.0446096217774523e-19,0.06330943391566493
oscillations,0.25,15,2,-12.3,10.68,q4,"(150, 150)",0.0003973286944755056,0.06351647377229755,-2.0446096217774523e-19,0.06330943391566493
oscillations,0.25,16,2,-12.3,10.68,q1,"(50, 50)",-0.0017652077144723922,0.06311296106681763,8.608905170410511e-20,0.0649395956492218
oscillations,0.25,16,2,-12.3,10.68,q2,"(50, 150)",0.0005684031996512171,0.06547434026219355,8.608905170410511e-20,0.0649395956492218
oscillations,0.25,16,2,-12.3,10.68,q3,"(150, 50)",-0.002685931590881854,0.06458474338152596,8.608905170410511e-20,0.0649395956492218
oscillations,0.25,16,2,-12.3,10.68,q4,"(150, 150)",0.0009015742389756747,0.06504429518747906,8.608905170410511e-20,0.0649395956492218
oscillations,0.25,17,2,-12.3,10.68,q1,"(50, 50)",-0.0005341068538962781,0.06211064903789123,-1.161807267292964e-19,0.06463057553371279
oscillations,0.25,17,2,-12.3,10.68,q2,"(50, 150)",0.00017740316461563836,0.0654017608894055,-1.161807267292964e-19,0.06463057553371279
oscillations,0.25,17,2,-12.3,10.68,q3,"(150, 50)",0.0003506208092693343,0.0641118204432138,-1.161807267292964e-19,0.06463057553371279
oscillations,0.25,17,2,-12.3,10.68,q4,"(150, 150)",-0.00011546674295450226,0.06481474401618059,-1.161807267292964e-19,0.06463057553371279
oscillations,0.25,18,2,-12.3,10.68,q1,"(50, 50)",0.0004729771872772268,0.06386078644959178,3.7196516446106256e-20,0.06414126611738014
oscillations,0.25,18,2,-12.3,10.68,q2,"(50, 150)",-0.00015612228822398517,0.0630145639002254,3.7196516446106256e-20,0.06414126611738014
oscillations,0.25,18,2,-12.3,10.68,q3,"(150, 50)",-0.000847594888023942,0.06515230623430593,3.7196516446106256e-20,0.06414126611738014
oscillations,0.25,18,2,-12.3,10.68,q4,"(150, 150)",0.00028265809828909434,0.06420587546282362,3.7196516446106256e-20,0.06414126611738014
oscillations,0.25,19,2,-12.3,10.68,q1,"(50, 50)",-0.0011155917594664144,0.0662157438696144,-7.555542403115334e-20,0.06380782739520931
oscillations,0.25,19,2,-12.3,10.68,q2,"(50, 150)",0.0003503670409368201,0.0637404771556286,-7.555542403115334e-20,0.06380782739520931
oscillations,0.25,19,2,-12.3,10.68,q3,"(150, 50)",4.0181588874211736e-05,0.06305460104632339,-7.555542403115334e-20,0.06380782739520931
oscillations,0.25,19,2,-12.3,10.68,q4,"(150, 150)",-1.3096310314451811e-05,0.06380744939099865,-7.555542403115334e-20,0.06380782739520931
oscillations,0.25,20,2,-12.3,10.68,q1,"(50, 50)",-0.0013476961889214766,0.06480973818022841,-3.1374049301765917e-19,0.06423013143947388
oscillations,0.25,20,2,-12.3,10.68,q2,"(50, 150)",0.00045385917334032693,0.06438787020516855,-3.1374049301765917e-19,0.06423013143947388
oscillations,0.25,20,2,-12.3,10.68,q3,"(150, 50)",-0.002040332881115108,0.06386510543553182,-3.1374049301765917e-19,0.06423013143947388
oscillations,0.25,20,2,-12.3,10.68,q4,"(150, 150)",0.000657423864129045,0.06421482957149184,-3.1374049301765917e-19,0.06423013143947388
oscillations,0.25,21,2,-12.3,10.68,q1,"(50, 50)",0.0009398320490896914,0.061781442090504145,-9.065891532743112e-20,0.06332887747199162
oscillations,0.25,21,2,-12.3,10.68,q2,"(50, 150)",-0.0002962149226148766,0.06371947781216362,-9.065891532743112e-20,0.06332887747199162
oscillations,0.25,21,2,-12.3,10.68,q3,"(150, 50)",-0.0014284665171283382,0.06390692932732588,-9.065891532743112e-20,0.06332887747199162
oscillations,0.25,21,2,-12.3,10.68,q4,"(150, 150)",0.0004916691658864985,0.06315044971257636,-9.065891532743112e-20,0.06332887747199162
oscillations,0.25,22,2,-12.3,10.68,q1,"(50, 50)",0.002447671600304172,0.06486286705027942,2.556618085512628e-20,0.06366397577471217
oscillations,0.25,22,2,-12.3,10.68,q2,"(50, 150)",-0.0007840526095313959,0.06345866788060117,2.556618085512628e-20,0.06366397577471217
oscillations,0.25,22,2,-12.3,10.68,q3,"(150, 50)",0.0010124848967380075,0.06456254667112064,2.556618085512628e-20,0.06366397577471217
oscillations,0.25,22,2,-12.3,10.68,q4,"(150, 150)",-0.0003379520693701882,0.06328613241833281,2.556618085512628e-20,0.06366397577471217
oscillations,0.25,23,2,-12.3,10.68,q1,"(50, 50)",0.0010169968001299298,0.06419597604072434,-1.0573331300327492e-19,0.06370140165261298
oscillations,0.25,23,2,-12.3,10.68,q2,"(50, 150)",-0.0003256901971302731,0.06495123519383761,-1.0573331300327492e-19,0.06370140165261298
oscillations,0.25,23,2,-12.3,10.68,q3,"(150, 50)",-0.0005241282248877766,0.06165977761465586,-1.0573331300327492e-19,0.06370140165261298
oscillations,0.25,23,2,-12.3,10.68,q4,"(150, 150)",0.0001811441354505407,0.06390888134480369,-1.0573331300327492e-19,0.06370140165261298
oscillations,0.25,24,2,-12.3,10.68,q1,"(50, 50)",0.0013111990293409761,0.06422276490650132,-8.480483090326932e-20,0.0644386079867527
oscillations,0.25,24,2,-12.3,10.68,q2,"(50, 150)",-0.00043764447319714255,0.0647460548783936,-8.480483090326932e-20,0.0644386079867527
oscillations,0.25,24,2,-12.3,10.68,q3,"(150, 50)",0.00028388912535765216,0.06346481513719451,-8.480483090326932e-20,0.0644386079867527
oscillations,0.25,24,2,-12.3,10.68,q4,"(150, 150)",-9.292606394685848e-05,0.06467252772120761,-8.480483090326932e-20,0.0644386079867527
oscillations,0.25,25,2,-12.3,10.68,q1,"(50, 50)",0.006537905670343725,0.062247793206445086,9.29757159890425e-21,0.06404318132011647
oscillations,0.25,25,2,-12.3,10.68,q2,"(50, 150)",-0.0022668675191078913,0.06417674679256746,9.29757159890425e-21,0.06404318132011647
oscillations,0.25,25,2,-12.3,10.68,q3,"(150, 50)",0.0011711889843660712,0.06542567180416725,9.29757159890425e-21,0.06404318132011647
oscillations,0.25,25,2,-12.3,10.68,q4,"(150, 150)",-0.0003951757397233983,0.06367300103332883,9.29757159890425e-21,0.06404318132011647
oscillations,0.25,26,2,-12.3,10.68,q1,"(50, 50)",-0.0004999424787877615,0.06462638153386586,8.835652788756796e-20,0.06423686946726975
oscillations,0.25,26,2,-12.3,10.68,q2,"(50, 150)",0.00017328592327945714,0.06415084113327311,8.835652788756796e-20,0.06423686946726975
oscillations,0.25,26,2,-12.3,10.68,q3,"(150, 50)",0.00015369525996345162,0.06261982629344447,8.835652788756796e-20,0.06423686946726975
oscillations,0.25,26,2,-12.3,10.68,q4,"(150, 150)",-5.129251744666103e-05,0.06475128412330294,8.835652788756796e-20,0.06423686946726975
oscillations,0.25,27,2,-12.3,10.68,q1,"(50, 50)",0.006717875840538185,0.06575652636745768,1.8598258223053128e-20,0.06491748793585231
oscillations,0.25,27,2,-12.3,10.68,q2,"(50, 150)",-0.002028254198337328,0.06596890457077968,1.8598258223053128e-20,0.06491748793585231
oscillations,0.25,27,2,-12.3,10.68,q3,"(150, 50)",-0.0005948405395118356,0.06471230904442218,1.8598258223053128e-20,0.06491748793585231
oscillations,0.25,27,2,-12.3,10.68,q4,"(150, 150)",0.00019774501066092897,0.06447246247880746,1.8598258223053128e-20,0.06491748793585231
oscillations,0.25,28,2,-12.3,10.68,q1,"(50, 50)",0.0034009961710367406,0.0653942542229251,-2.0931806648287266e-20,0.06387192590740333
oscillations,0.25,28,2,-12.3,10.68,q2,"(50, 150)",-0.0010847741605732643,0.06280459393528028,-2.0931806648287266e-20,0.06387192590740333
oscillations,0.25,28,2,-12.3,10.68,q3,"(150, 50)",0.0014110722285146328,0.06329402314844784,-2.0931806648287266e-20,0.06387192590740333
oscillations,0.25,28,2,-12.3,10.68,q4,"(150, 150)",-0.00047580961309253984,0.06423285296622183,-2.0931806648287266e-20,0.06387192590740333
oscillations,0.25,29,2,-12.3,10.68,q1,"(50, 50)",0.004163631044822991,0.06594794666651965,0.0,0.06410306664252713
oscillations,0.25,29,2,-12.3,10.68,q2,"(50, 150)",-0.0013654012738083493,0.06400854091396099,0.0,0.06410306664252713
oscillations,0.25,29,2,-12.3,10.68,q3,"(150, 50)",0.0007548299045523312,0.06390857348114991,0.0,0.06410306664252713
oscillations,0.25,29,2,-12.3,10.68,q4,"(150, 150)",-0.00025917294165577273,0.06397537499061937,0.0,0.06410306664252713
oscillations,0.25,30,2,-12.3,10.68,q1,"(50, 50)",0.00037231894100256147,0.06756867139838817,7.441173087299977e-20,0.0645030564156808
oscillations,0.25,30,2,-12.3,10.68,q2,"(50, 150)",-0.00011873422058473874,0.06354180150770715,7.441173087299977e-20,0.0645030564156808
oscillations,0.25,30,2,-12.3,10.68,q3,"(150, 50)",-0.0011266692951698324,0.06393255132542544,7.441173087299977e-20,0.0645030564156808
oscillations,0.25,30,2,-12.3,10.68,q4,"(150, 150)",0.000375220813821827,0.06467169950923352,7.441173087299977e-20,0.0645030564156808
oscillations,0.25,31,2,-12.3,10.68,q1,"(50, 50)",-0.0028954261581898614,0.0631432617469061,4.417826394378398e-20,0.06372947040275237
oscillations,0.25,31,2,-12.3,10.68,q2,"(50, 150)",0.0009748954404929575,0.06494760706886529,4.417826394378398e-20,0.06372947040275237
oscillations,0.25,31,2,-12.3,10.68,q3,"(150, 50)",-0.0011079418038236445,0.06282229698727083,4.417826394378398e-20,0.06372947040275237
oscillations,0.25,31,2,-12.3,10.68,q4,"(150, 150)",0.00038102509555346434,0.06369027401426755,4.417826394378398e-20,0.06372947040275237
oscillations,0.25,32,2,-12.3,10.68,q1,"(50, 50)",0.0015283585024584835,0.06375888566676491,-9.764903466714813e-20,0.06391078533280725
oscillations,0.25,32,2,-12.3,10.68,q2,"(50, 150)",-0.0005131613170220022,0.06503676388387519,-9.764903466714813e-20,0.06391078533280725
oscillations,0.25,32,2,-12.3,10.68,q3,"(150, 50)",0.00037042414646000775,0.06237880102953847,-9.764903466714813e-20,0.06391078533280725
oscillations,0.25,32,2,-12.3,10.68,q4,"(150, 150)",-0.00012380412780010672,0.06405989871790124,-9.764903466714813e-20,0.06391078533280725
oscillations,0.25,33,2,-12.3,10.68,q1,"(50, 50)",0.0006744056320941787,0.06347054744234547,2.0456370637984458e-19,0.06400000944516997
oscillations,0.25,33,2,-12.3,10.68,q2,"(50, 150)",-0.00023004859981668504,0.06415329388262438,2.0456370637984458e-19,0.06400000944516997
oscillations,0.25,33,2,-12.3,10.68,q3,"(150, 50)",-0.0020511718994269553,0.06242649802550854,2.0456370637984458e-19,0.06400000944516997
oscillations,0.25,33,2,-12.3,10.68,q4,"(150, 150)",0.0006923049933969062,0.06451589384690494,2.0456370637984458e-19,0.06400000944516997
oscillations,0.25,34,2,-12.3,10.68,q1,"(50, 50)",0.0027937590748911855,0.06229061674038179,-2.835284455418846e-19,0.06286238832088066
oscillations,0.25,34,2,-12.3,10.68,q2,"(50, 150)",-0.0009279448437027565,0.06273754105662738,-2.835284455418846e-19,0.06286238832088066
oscillations,0.25,34,2,-12.3,10.68,q3,"(150, 50)",0.002181224898172746,0.062048434086690335,-2.835284455418846e-19,0.06286238832088066
oscillations,0.25,34,2,-12.3,10.68,q4,"(150, 150)",-0.0007289189574678436,0.06321098400366429,-2.835284455418846e-19,0.06286238832088066
oscillations,0.25,35,2,-12.3,10.68,q1,"(50, 50)",-0.0010842075733777717,0.0625235745592555,1.6732826294275155e-19,0.06375237363393921
oscillations,0.25,35,2,-12.3,10.68,q2,"(50, 150)",0.0003921283824670533,0.06357407997768437,1.6732826294275155e-19,0.06375237363393921
oscillations,0.25,35,2,-12.3,10.68,q3,"(150, 50)",0.0018411661456459048,0.06320547044880932,1.6732826294275155e-19,0.06375237363393921
oscillations,0.25,35,2,-12.3,10.68,q4,"(150, 150)",-0.0006104459522040693,0.06411813385179153,1.6732826294275155e-19,0.06375237363393921
oscillations,0.25,36,2,-12.3,10.68,q1,"(50, 50)",-0.00042070042423889253,0.06219067697641977,-1.8137859400293694e-19,0.06361304430661646
oscillations,0.25,36,2,-12.3,10.68,q2,"(50, 150)",0.0001459032917845576,0.06430292105705537,-1.8137859400293694e-19,0.06361304430661646
oscillations,0.25,36,2,-12.3,10.68,q3,"(150, 50)",0.0004993718040040516,0.06393690223638104,-1.8137859400293694e-19,0.06361304430661646
oscillations,0.25,36,2,-12.3,10.68,q4,"(150, 150)",-0.0001737371062942768,0.06342958189453626,-1.8137859400293694e-19,0.06361304430661646
oscillations,0.25,37,2,-12.3,10.68,q1,"(50, 50)",-0.006251175760621932,0.06430047043883341,-6.512663347336039e-20,0.06414152300566475
oscillations,0.25,37,2,-12.3,10.68,q2,"(50, 150)",0.002014048042170555,0.06401245323173615,-6.512663347336039e-20,0.06414152300566475
oscillations,0.25,37,2,-12.3,10.68,q3,"(150, 50)",-0.0002173231372414219,0.06459977602800843,-6.512663347336039e-20,0.06414152300566475
oscillations,0.25,37,2,-12.3,10.68,q4,"(150, 150)",7.176702626965275e-05,0.0639722398969708,-6.512663347336039e-20,0.06414152300566475
oscillations,0.25,38,2,-12.3,10.68,q1,"(50, 50)",4.826142815218533e-05,0.06451183669510276,-3.7246432093438113e-20,0.06347144498300203
oscillations,0.25,38,2,-12.3,10.68,q2,"(50, 150)",-1.5981027000261552e-05,0.0635788671145147,-3.7246432093438113e-20,0.06347144498300203
oscillations,0.25,38,2,-12.3,10.68,q3,"(150, 50)",-0.002946740544843652,0.06247406461928228,-3.7246432093438113e-20,0.06347144498300203
oscillations,0.25,38,2,-12.3,10.68,q4,"(150, 150)",0.0010041568005865105,0.06362132951269119,-3.7246432093438113e-20,0.06347144498300203
oscillations,0.25,39,2,-12.3,10.68,q1,"(50, 50)",0.0004463239907194796,0.06500073098789458,1.1384758121260813e-19,0.0640867129640164
oscillations,0.25,39,2,-12.3,10.68,q2,"(50, 150)",-0.00015121692891225354,0.06548970389925242,1.1384758121260813e-19,0.0640867129640164
oscillations,0.25,39,2,-12.3,10.68,q3,"(150, 50)",0.0008063442033735245,0.06432052356912342,1.1384758121260813e-19,0.0640867129640164
oscillations,0.25,39,2,-12.3,10.68,q4,"(150, 150)",-0.00026600432391731774,0.06344370275533724,1.1384758121260813e-19,0.0640867129640164
oscillations,0.25,40,2,-12.3,10.68,q1,"(50, 50)",0.0010201086554590616,0.0669152269861035,5.818778955058473e-20,0.06367021767086216
oscillations,0.25,40,2,-12.3,10.68,q2,"(50, 150)",-0.000335075477898356,0.06429399664208611,5.818778955058473e-20,0.06367021767086216
oscillations,0.25,40,2,-12.3,10.68,q3,"(150, 50)",0.0012436939621618536,0.06334145499134917,5.818778955058473e-20,0.06367021767086216
oscillations,0.25,40,2,-12.3,10.68,q4,"(150, 150)",-0.0004083909436436172,0.06319022872515782,5.818778955058473e-20,0.06367021767086216
oscillations,0.25,41,2,-12.3,10.68,q1,"(50, 50)",0.000584145175549318,0.06552867248095778,2.857089129401922e-19,0.06506798734750724
oscillations,0.25,41,2,-12.3,10.68,q2,"(50, 150)",-0.0001892919600696947,0.06542250792540485,2.857089129401922e-19,0.06506798734750724
oscillations,0.25,41,2,-12.3,10.68,q3,"(150, 50)",0.0007503991226855266,0.06489529383869834,2.857089129401922e-19,0.06506798734750724
oscillations,0.25,41,2,-12.3,10.68,q4,"(150, 150)",-0.0002584708089250145,0.06495328496693713,2.857089129401922e-19,0.06506798734750724
oscillations,0.25,42,2,-12.3,10.68,q1,"(50, 50)",0.0013008299977071058,0.06233820089449083,1.8607609563817256e-20,0.06340071410325904
oscillations,0.25,42,2,-12.3,10.68,q2,"(50, 150)",-0.00041449406299702525,0.06318070084750296,1.8607609563817256e-20,0.06340071410325904
oscillations,0.25,42,2,-12.3,10.68,q3,"(150, 50)",0.0001753479169579167,0.06493532064580253,1.8607609563817256e-20,0.06340071410325904
oscillations,0.25,42,2,-12.3,10.68,q4,"(150, 150)",-5.667890352151243e-05,0.06308478157260368,1.8607609563817256e-20,0.06340071410325904
oscillations,0.25,43,2,-12.3,10.68,q1,"(50, 50)",-0.0019102100949548741,0.06395655177715721,2.3245875724982338e-19,0.0637225492376461
oscillations,0.25,43,2,-12.3,10.68,q2,"(50, 150)",0.0006059179817186166,0.0640440598488765,2.3245875724982338e-19,0.0637225492376461
oscillations,0.25,43,2,-12.3,10.68,q3,"(150, 50)",-0.0004560124422992631,0.06366877845246613,2.3245875724982338e-19,0.0637225492376461
oscillations,0.25,43,2,-12.3,10.68,q4,"(150, 150)",0.00015045818841043609,0.06359801448756618,2.3245875724982338e-19,0.0637225492376461
oscillations,0.25,44,2,-12.3,10.68,q1,"(50, 50)",-0.001919831834978159,0.06479467284730306,6.276912150280432e-20,0.06405513871913476
oscillations,0.25,44,2,-12.3,10.68,q2,"(50, 150)",0.000607346264148587,0.06541672292075901,6.276912150280432e-20,0.06405513871913476
oscillations,0.25,44,2,-12.3,10.68,q3,"(150, 50)",-8.883277247483585e-05,0.06297921756029526,6.276912150280432e-20,0.06405513871913476
oscillations,0.25,44,2,-12.3,10.68,q4,"(150, 150)",2.7688978234936635e-05,0.0638574478666434,6.276912150280432e-20,0.06405513871913476
oscillations,0.25,45,2,-12.3,10.68,q1,"(50, 50)",0.0013248716434763625,0.06522553835995054,1.255592764718071e-19,0.06386125381826964
oscillations,0.25,45,2,-12.3,10.68,q2,"(50, 150)",-0.00042787224784868324,0.06266231507188985,1.255592764718071e-19,0.06386125381826964
oscillations,0.25,45,2,-12.3,10.68,q3,"(150, 50)",-0.0015915765169974491,0.06289854128425199,1.255592764718071e-19,0.06386125381826964
oscillations,0.25,45,2,-12.3,10.68,q4,"(150, 150)",0.0005252509532278272,0.06441118356338833,1.255592764718071e-19,0.06386125381826964
oscillations,0.25,46,2,-12.3,10.68,q1,"(50, 50)",-0.0022111151162070197,0.06435427001714984,-4.654632838441877e-20,0.06372031861160622
oscillations,0.25,46,2,-12.3,10.68,q2,"(50, 150)",0.000731181113483027,0.06273359285181153,-4.654632838441877e-20,0.06372031861160622
oscillations,0.25,46,2,-12.3,10.68,q3,"(150, 50)",6.64147448554778e-05,0.06465681908733038,-4.654632838441877e-20,0.06372031861160622
oscillations,0.25,46,2,-12.3,10.68,q4,"(150, 150)",-2.2098520607662246e-05,0.06366093302122211,-4.654632838441877e-20,0.06372031861160622
oscillations,0.25,47,2,-12.3,10.68,q1,"(50, 50)",0.0029235420005136585,0.06315063703923986,-8.828996094038999e-20,0.06444652500682554
oscillations,0.25,47,2,-12.3,10.68,q2,"(50, 150)",-0.0009448032074830724,0.06592271833457841,-8.828996094038999e-20,0.06444652500682554
oscillations,0.25,47,2,-12.3,10.68,q3,"(150, 50)",0.001673958805271227,0.06427590404367571,-8.828996094038999e-20,0.06444652500682554
oscillations,0.25,47,2,-12.3,10.68,q4,"(150, 150)",-0.0005586546155037528,0.06411234517844532,-8.828996094038999e-20,0.06444652500682554
oscillations,0.25,48,2,-12.3,10.68,q1,"(50, 50)",0.001467114924217076,0.06610111010383701,1.0914592151393566e-19,0.06341888763402664
oscillations,0.25,48,2,-12.3,10.68,q2,"(50, 150)",-0.00048706637941077697,0.06314404843261674,1.0914592151393566e-19,0.06341888763402664
oscillations,0.25,48,2,-12.3,10.68,q3,"(150, 50)",-0.0015972613521604145,0.06373136013631754,1.0914592151393566e-19,0.06341888763402664
oscillations,0.25,48,2,-12.3,10.68,q4,"(150, 150)",0.0005312351870275287,0.06309209759404846,1.0914592151393566e-19,0.06341888763402664
oscillations,0.25,49,2,-12.3,10.68,q1,"(50, 50)",0.0011683925675194794,0.06316201617700595,1.3945189557341608e-20,0.06382000656885338
oscillations,0.25,49,2,-12.3,10.68,q2,"(50, 150)",-0.00039349192134536387,0.06527859091814496,1.3945189557341608e-20,0.06382000656885338
oscillations,0.25,49,2,-12.3,10.68,q3,"(150, 50)",-0.0005281139299704462,0.06277279354147815,1.3945189557341608e-20,0.06382000656885338
oscillations,0.25,49,2,-12.3,10.68,q4,"(150, 150)",0.00017884932941834977,0.0637526007650649,1.3945189557341608e-20,0.06382000656885338
oscillations,0.25,0,3,-17.0,8.65,q1,"(50, 50)",0.0022093160878491687,0.06399102163262053,1.5557797759952624e-19,0.06295244426681154
oscillations,0.25,0,3,-17.0,8.65,q2,"(50, 150)",-0.0006963936209710239,0.061808649269291596,1.5557797759952624e-19,0.06295244426681154
oscillations,0.25,0,3,-17.0,8.65,q3,"(150, 50)",-0.001543742054507224,0.06406495981163324,1.5557797759952624e-19,0.06295244426681154
oscillations,0.25,0,3,-17.0,8.65,q4,"(150, 150)",0.0005104622089233167,0.06283682687327066,1.5557797759952624e-19,0.06295244426681154
oscillations,0.25,1,3,-17.0,8.65,q1,"(50, 50)",0.0007683937656031363,0.060367407834970854,-1.325570012644196e-19,0.06400866926920465
oscillations,0.25,1,3,-17.0,8.65,q2,"(50, 150)",-0.0002520111813908405,0.06401867630567679,-1.325570012644196e-19,0.06400866926920465
oscillations,0.25,1,3,-17.0,8.65,q3,"(150, 50)",-0.0026974535944985405,0.06480583902077415,-1.325570012644196e-19,0.06400866926920465
oscillations,0.25,1,3,-17.0,8.65,q4,"(150, 150)",0.0009262389366001433,0.06409212130060454,-1.325570012644196e-19,0.06400866926920465
oscillations,0.25,2,3,-17.0,8.65,q1,"(50, 50)",-0.0005681896387215876,0.06726442459969115,6.273234066817183e-20,0.06418619073708269
oscillations,0.25,2,3,-17.0,8.65,q2,"(50, 150)",0.00018109824395679515,0.06379946452844917,6.273234066817183e-20,0.06418619073708269
oscillations,0.25,2,3,-17.0,8.65,q3,"(150, 50)",-0.0002804496409219481,0.06440001347567108,6.273234066817183e-20,0.06418619073708269
oscillations,0.25,2,3,-17.0,8.65,q4,"(150, 150)",9.163870180199943e-05,0.06389950190717371,6.273234066817183e-20,0.06418619073708269
oscillations,0.25,3,3,-17.0,8.65,q1,"(50, 50)",-0.0042735888651696755,0.06354621456792159,1.1166437260499437e-19,0.06444477138795177
oscillations,0.25,3,3,-17.0,8.65,q2,"(50, 150)",0.0013093469381485765,0.0642553233591077,1.1166437260499437e-19,0.06444477138795177
oscillations,0.25,3,3,-17.0,8.65,q3,"(150, 50)",-0.0004778999108690079,0.06457181763115612,1.1166437260499437e-19,0.06444477138795177
oscillations,0.25,3,3,-17.0,8.65,q4,"(150, 150)",0.00015660357881037835,0.06454012666068255,1.1166437260499437e-19,0.06444477138795177
oscillations,0.25,4,3,-17.0,8.65,q1,"(50, 50)",0.0002210595185520846,0.06383732290060594,-1.3493909352107937e-19,0.06466644859495842
oscillations,0.25,4,3,-17.0,8.65,q2,"(50, 150)",-6.975317567743364e-05,0.06470709046310064,-1.3493909352107937e-19,0.06466644859495842
oscillations,0.25,4,3,-17.0,8.65,q3,"(150, 50)",-0.0016043088434206086,0.06484141908000998,-1.3493909352107937e-19,0.06466644859495842
oscillations,0.25,4,3,-17.0,8.65,q4,"(150, 150)",0.0005511244157034612,0.06467414479121318,-1.3493909352107937e-19,0.06466644859495842
oscillations,0.25,5,3,-17.0,8.65,q1,"(50, 50)",0.0025752079689288967,0.06269150275896804,-1.5807195492987992e-19,0.06362703788194331
oscillations,0.25,5,3,-17.0,8.65,q2,"(50, 150)",-0.0008509992743441837,0.06319116111976716,-1.5807195492987992e-19,0.06362703788194331
oscillations,0.25,5,3,-17.0,8.65,q3,"(150, 50)",0.0015818789822788725,0.06427075251464477,-1.5807195492987992e-19,0.06362703788194331
oscillations,0.25,5,3,-17.0,8.65,q4,"(150, 150)",-0.0005547248784932957,0.06362810917633689,-1.5807195492987992e-19,0.06362703788194331
oscillations,0.25,6,3,-17.0,8.65,q1,"(50, 50)",0.0010411787629997055,0.06501581464688767,-1.5574736735738167e-19,0.0644871593753283
oscillations,0.25,6,3,-17.0,8.65,q2,"(50, 150)",-0.00034456947403308636,0.06498614337888957,-1.5574736735738167e-19,0.0644871593753283
oscillations,0.25,6,3,-17.0,8.65,q3,"(150, 50)",0.0006550268992421464,0.06557213515160341,-1.5574736735738167e-19,0.0644871593753283
oscillations,0.25,6,3,-17.0,8.65,q4,"(150, 150)",-0.00022251548391457124,0.06388463343692405,-1.5574736735738167e-19,0.0644871593753283
oscillations,0.25,7,3,-17.0,8.65,q1,"(50, 50)",5.0408507771913637e-05,0.06572427807519787,-2.6267839569230045e-19,0.06454685204466531
oscillations,0.25,7,3,-17.0,8.65,q2,"(50, 150)",-1.6653410971335086e-05,0.0642559083271641,-2.6267839569230045e-19,0.06454685204466531
oscillations,0.25,7,3,-17.0,8.65,q3,"(150, 50)",0.001969835272321426,0.06358927986682172,-2.6267839569230045e-19,0.06454685204466531
oscillations,0.25,7,3,-17.0,8.65,q4,"(150, 150)",-0.0006550472320318313,0.06481479794073147,-2.6267839569230045e-19,0.06454685204466531
oscillations,0.25,8,3,-17.0,8.65,q1,"(50, 50)",0.00011818096228058567,0.06582296794396947,1.628302290558183e-19,0.06411049792673418
oscillations,0.25,8,3,-17.0,8.65,q2,"(50, 150)",-4.064822906465903e-05,0.06432395479454998,1.628302290558183e-19,0.06411049792673418
oscillations,0.25,8,3,-17.0,8.65,q3,"(150, 50)",-0.0010121078261913032,0.06279669295740047,1.628302290558183e-19,0.06411049792673418
oscillations,0.25,8,3,-17.0,8.65,q4,"(150, 150)",0.0003494001245946604,0.06428844123494938,1.628302290558183e-19,0.06411049792673418
oscillations,0.25,9,3,-17.0,8.65,q1,"(50, 50)",-0.0005648386641377734,0.06148538554138534,6.733408841000824e-20,0.06345127906872615
oscillations,0.25,9,3,-17.0,8.65,q2,"(50, 150)",0.00018954487430071238,0.06518403643378429,6.733408841000824e-20,0.06345127906872615
oscillations,0.25,9,3,-17.0,8.65,q3,"(150, 50)",-0.0017758753070194662,0.0634291638690521,6.733408841000824e-20,0.06345127906872615
oscillations,0.25,9,3,-17.0,8.65,q4,"(150, 150)",0.0006095931255981494,0.06307606222568853,6.733408841000824e-20,0.06345127906872615
oscillations,0.25,10,3,-17.0,8.65,q1,"(50, 50)",0.0009307072743829095,0.06140559919506632,-8.131289416146413e-20,0.0647627379043163
oscillations,0.25,10,3,-17.0,8.65,q2,"(50, 150)",-0.000295799853666913,0.06457557675905441,-8.131289416146413e-20,0.0647627379043163
oscillations,0.25,10,3,-17.0,8.65,q3,"(150, 50)",-0.0009329720172412716,0.06526242122147857,-8.131289416146413e-20,0.0647627379043163
oscillations,0.25,10,3,-17.0,8.65,q4,"(150, 150)",0.00030946280399189437,0.06500783006973035,-8.131289416146413e-20,0.0647627379043163
oscillations,0.25,11,3,-17.0,8.65,q1,"(50, 50)",0.00026715582075840556,0.06296230569400954,-4.6530721903820476e-20,0.0637778454893064
oscillations,0.25,11,3,-17.0,8.65,q2,"(50, 150)",-8.721251984344871e-05,0.06289987094322032,-4.6530721903820476e-20,0.0637778454893064
oscillations,0.25,11,3,-17.0,8.65,q3,"(150, 50)",0.0023048782172412695,0.06355089585360478,-4.6530721903820476e-20,0.0637778454893064
oscillations,0.25,11,3,-17.0,8.65,q4,"(150, 150)",-0.0007973240436610599,0.06421474750667146,-4.6530721903820476e-20,0.0637778454893064
oscillations,0.25,12,3,-17.0,8.65,q1,"(50, 50)",0.0020019126305093706,0.06163025007744343,-6.740739409205581e-20,0.06431282922880578
oscillations,0.25,12,3,-17.0,8.65,q2,"(50, 150)",-0.0006646907472056784,0.06424687144592578,-6.740739409205581e-20,0.06431282922880578
oscillations,0.25,12,3,-17.0,8.65,q3,"(150, 50)",-0.0005829062953620433,0.06573636152467072,-6.740739409205581e-20,0.06431282922880578
oscillations,0.25,12,3,-17.0,8.65,q4,"(150, 150)",0.00019035452071428566,0.06415877641378054,-6.740739409205581e-20,0.06431282922880578
oscillations,0.25,13,3,-17.0,8.65,q1,"(50, 50)",0.0006335970858719767,0.062202944262222684,-4.649954031768959e-19,0.06366199342799297
oscillations,0.25,13,3,-17.0,8.65,q2,"(50, 150)",-0.00020632664641971225,0.06555611090743911,-4.649954031768959e-19,0.06366199342799297
oscillations,0.25,13,3,-17.0,8.65,q3,"(150, 50)",0.0022503229435144345,0.06316513749180537,-4.649954031768959e-19,0.06366199342799297
oscillations,0.25,13,3,-17.0,8.65,q4,"(150, 150)",-0.0007391961813859948,0.06331983490812343,-4.649954031768959e-19,0.06366199342799297
oscillations,0.25,14,3,-17.0,8.65,q1,"(50, 50)",0.0004029735422405047,0.06200386391180548,-1.5108553848219408e-19,0.06356612457310483
oscillations,0.25,14,3,-17.0,8.65,q2,"(50, 150)",-0.0001368791156305653,0.0638635925326921,-1.5108553848219408e-19,0.06356612457310483
oscillations,0.25,14,3,-17.0,8.65,q3,"(150, 50)",-0.0004232715344685668,0.06329759788598864,-1.5108553848219408e-19,0.06356612457310483
oscillations,0.25,14,3,-17.0,8.65,q4,"(150, 150)",0.0001425295627541521,0.06373194240181063,-1.5108553848219408e-19,0.06356612457310483
oscillations,0.25,15,3,-17.0,8.65,q1,"(50, 50)",0.0036405366247413916,0.06523082974881676,1.7207712764381196e-19,0.06456942175910119
oscillations,0.25,15,3,-17.0,8.65,q2,"(50, 150)",-0.0012037126480190245,0.06539465979136892,1.7207712764381196e-19,0.06456942175910119
oscillations,0.25,15,3,-17.0,8.65,q3,"(150, 50)",8.340781236981386e-05,0.0630284508696071,1.7207712764381196e-19,0.06456942175910119
oscillations,0.25,15,3,-17.0,8.65,q4,"(150, 150)",-2.8192437772970957e-05,0.06471963453132018,1.7207712764381196e-19,0.06456942175910119
oscillations,0.25,16,3,-17.0,8.65,q1,"(50, 50)",0.0015606322191605141,0.06632513237509595,3.023989968179483e-20,0.06424337023930551
oscillations,0.25,16,3,-17.0,8.65,q2,"(50, 150)",-0.0004952946478893484,0.0626964777682411,3.023989968179483e-20,0.06424337023930551
oscillations,0.25,16,3,-17.0,8.65,q3,"(150, 50)",-0.001661309993806858,0.06427527971692774,3.023989968179483e-20,0.06424337023930551
oscillations,0.25,16,3,-17.0,8.65,q4,"(150, 150)",0.0005652466685354482,0.06450495674902192,3.023989968179483e-20,0.06424337023930551
oscillations,0.25,17,3,-17.0,8.65,q1,"(50, 50)",0.0010265554106534582,0.06501050750976937,-1.3938186616485895e-20,0.0643554088215516
oscillations,0.25,17,3,-17.0,8.65,q2,"(50, 150)",-0.00033439458210427847,0.06452790166886485,-1.3938186616485895e-20,0.0643554088215516
oscillations,0.25,17,3,-17.0,8.65,q3,"(150, 50)",-0.00016498052548918996,0.06433905521154987,-1.3938186616485895e-20,0.0643554088215516
oscillations,0.25,17,3,-17.0,8.65,q4,"(150, 150)",5.4239836102285646e-05,0.06422762161699778,-1.3938186616485895e-20,0.0643554088215516
oscillations,0.25,18,3,-17.0,8.65,q1,"(50, 50)",0.004184776702749017,0.06396368629075115,-4.183206573568789e-20,0.06421109887086358
oscillations,0.25,18,3,-17.0,8.65,q2,"(50, 150)",-0.0013341709696917598,0.06447608199705329,-4.183206573568789e-20,0.06421109887086358
oscillations,0.25,18,3,-17.0,8.65,q3,"(150, 50)",-0.0011452120526982857,0.06278341056893322,-4.183206573568789e-20,0.06421109887086358
oscillations,0.25,18,3,-17.0,8.65,q4,"(150, 150)",0.0003756527543634176,0.06458516384572853,-4.183206573568789e-20,0.06421109887086358
oscillations,0.25,19,3,-17.0,8.65,q1,"(50, 50)",0.0012597624017581463,0.06390925321568873,-1.628711788996583e-19,0.06369061349313498
oscillations,0.25,19,3,-17.0,8.65,q2,"(50, 150)",-0.000424946448465404,0.06302951392465991,-1.628711788996583e-19,0.06369061349313498
oscillations,0.25,19,3,-17.0,8.65,q3,"(150, 50)",0.0012540459135724454,0.06403832105368408,-1.628711788996583e-19,0.06369061349313498
oscillations,0.25,19,3,-17.0,8.65,q4,"(150, 150)",-0.0004362228676976137,0.06376077557637452,-1.628711788996583e-19,0.06369061349313498
oscillations,0.25,20,3,-17.0,8.65,q1,"(50, 50)",-0.0008096397117335235,0.06232635965472615,-1.0690416799120237e-19,0.06400975769722908
oscillations,0.25,20,3,-17.0,8.65,q2,"(50, 150)",0.0002789974682324981,0.06537674375170578,-1.0690416799120237e-19,0.06400975769722908
oscillations,0.25,20,3,-17.0,8.65,q3,"(150, 50)",0.0010998523003938796,0.06311978256822899,-1.0690416799120237e-19,0.06400975769722908
oscillations,0.25,20,3,-17.0,8.65,q4,"(150, 150)",-0.000364329139185311,0.06403062066197122,-1.0690416799120237e-19,0.06400975769722908
oscillations,0.25,21,3,-17.0,8.65,q1,"(50, 50)",-0.0014437581322367873,0.06457591026745227,1.0461520250467385e-19,0.0639608343840569
oscillations,0.25,21,3,-17.0,8.65,q2,"(50, 150)",0.00045865067825156256,0.06499279476494968,1.0461520250467385e-19,0.0639608343840569
oscillations,0.25,21,3,-17.0,8.65,q3,"(150, 50)",-0.0005118150930869226,0.06442380792055978,1.0461520250467385e-19,0.0639608343840569
oscillations,0.25,21,3,-17.0,8.65,q4,"(150, 150)",0.00017343316102363013,0.0633807006885794,1.0461520250467385e-19,0.0639608343840569
oscillations,0.25,22,3,-17.0,8.65,q1,"(50, 50)",7.96621956377221e-05,0.062154485257892494,-2.0909029927233633e-19,0.0632596286499383
oscillations,0.25,22,3,-17.0,8.65,q2,"(50, 150)",-2.5745133424641166e-05,0.06412108594075538,-2.0909029927233633e-19,0.0632596286499383
oscillations,0.25,22,3,-17.0,8.65,q3,"(150, 50)",-0.0005405915639919214,0.0640189063533585,-2.0909029927233633e-19,0.0632596286499383
oscillations,0.25,22,3,-17.0,8.65,q4,"(150, 150)",0.0001808958350131032,0.06282815445781993,-2.0909029927233633e-19,0.0632596286499383
oscillations,0.25,23,3,-17.0,8.65,q1,"(50, 50)",-0.0010891350098039885,0.06578293754981994,-2.5107648601121727e-19,0.06365728636009099
oscillations,0.25,23,3,-17.0,8.65,q2,"(50, 150)",0.0003605549826694499,0.06304839917976926,-2.5107648601121727e-19,0.06365728636009099
oscillations,0.25,23,3,-17.0,8.65,q3,"(150, 50)",0.00018083705422837593,0.06289192828072471,-2.5107648601121727e-19,0.06365728636009099
oscillations,0.25,23,3,-17.0,8.65,q4,"(150, 150)",-6.178397795675967e-05,0.06387978515568155,-2.5107648601121727e-19,0.06365728636009099
oscillations,0.25,24,3,-17.0,8.65,q1,"(50, 50)",0.0010075250365542403,0.06681108020884374,2.3241982595569347e-21,0.06439363363797601
oscillations,0.25,24,3,-17.0,8.65,q2,"(50, 150)",-0.00033060117115645156,0.06456517133398912,2.3241982595569347e-21,0.06439363363797601
oscillations,0.25,24,3,-17.0,8.65,q3,"(150, 50)",0.00028884078203679915,0.06447370525619639,2.3241982595569347e-21,0.06439363363797601
oscillations,0.25,24,3,-17.0,8.65,q4,"(150, 150)",-9.566537114838294e-05,0.06403824799932445,2.3241982595569347e-21,0.06439363363797601
oscillations,0.25,25,3,-17.0,8.65,q1,"(50, 50)",0.0017527892784876128,0.06250744546654366,-1.4874868861164382e-19,0.06436770229682744
oscillations,0.25,25,3,-17.0,8.65,q2,"(50, 150)",-0.0005926924972343138,0.06352339475382071,-1.4874868861164382e-19,0.06436770229682744
oscillations,0.25,25,3,-17.0,8.65,q3,"(150, 50)",0.0023328874273208728,0.06472601941848621,-1.4874868861164382e-19,0.06436770229682744
oscillations,0.25,25,3,-17.0,8.65,q4,"(150, 150)",-0.0007778602357961423,0.06470540090160382,-1.4874868861164382e-19,0.06436770229682744
oscillations,0.25,26,3,-17.0,8.65,q1,"(50, 50)",0.0007293014643791258,0.06600902456351986,0.0,0.06447189442200212
oscillations,0.25,26,3,-17.0,8.65,q2,"(50, 150)",-0.0002421176020557837,0.0643381417715733,0.0,0.06447189442200212
oscillations,0.25,26,3,-17.0,8.65,q3,"(150, 50)",-0.0001572412249588884,0.0640948116465169,0.0,0.06447189442200212
oscillations,0.25,26,3,-17.0,8.65,q4,"(150, 150)",5.396109773053443e-05,0.06447253702732542,0.0,0.06447189442200212
oscillations,0.25,27,3,-17.0,8.65,q1,"(50, 50)",-0.0014807825282854591,0.06188927511725955,2.6283248508891875e-19,0.06335263425606796
oscillations,0.25,27,3,-17.0,8.65,q2,"(50, 150)",0.0004843681167288882,0.06255388604070501,2.6283248508891875e-19,0.06335263425606796
oscillations,0.25,27,3,-17.0,8.65,q3,"(150, 50)",-5.9772596710719244e-05,0.06371144802899589,2.6283248508891875e-19,0.06335263425606796
oscillations,0.25,27,3,-17.0,8.65,q4,"(150, 150)",1.9879705382127373e-05,0.06365351210198217,2.6283248508891875e-19,0.06335263425606796
oscillations,0.25,28,3,-17.0,8.65,q1,"(50, 50)",0.0020931343641777097,0.06270181260781141,1.3942854461970317e-20,0.0649675961064207
oscillations,0.25,28,3,-17.0,8.65,q2,"(50, 150)",-0.0006895694000477733,0.06556345018546568,1.3942854461970317e-20,0.0649675961064207
oscillations,0.25,28,3,-17.0,8.65,q3,"(150, 50)",0.0002786137554910139,0.06535743424333308,1.3942854461970317e-20,0.0649675961064207
oscillations,0.25,28,3,-17.0,8.65,q4,"(150, 150)",-9.223816386587506e-05,0.06487746884978329,1.3942854461970317e-20,0.0649675961064207
oscillations,0.25,29,3,-17.0,8.65,q1,"(50, 50)",-0.0013711280730436257,0.06160856582179575,1.4179984192239226e-19,0.06398770989425026
oscillations,0.25,29,3,-17.0,8.65,q2,"(50, 150)",0.00044200839196801124,0.06377784701744178,1.4179984192239226e-19,0.06398770989425026
oscillations,0.25,29,3,-17.0,8.65,q3,"(150, 50)",-0.0002835646932187788,0.06404157669881398,1.4179984192239226e-19,0.06398770989425026
oscillations,0.25,29,3,-17.0,8.65,q4,"(150, 150)",9.700897399589811e-05,0.0642960002575982,1.4179984192239226e-19,0.06398770989425026
oscillations,0.25,30,3,-17.0,8.65,q1,"(50, 50)",-0.0005174870039876341,0.06453413920903806,-9.300687146059785e-20,0.06399275884020374
oscillations,0.25,30,3,-17.0,8.65,q2,"(50, 150)",0.00016354974904396396,0.06329161170597732,-9.300687146059785e-20,0.06399275884020374
oscillations,0.25,30,3,-17.0,8.65,q3,"(150, 50)",-0.0010199153894085195,0.062060657232003186,-9.300687146059785e-20,0.06399275884020374
oscillations,0.25,30,3,-17.0,8.65,q4,"(150, 150)",0.00035303585829721495,0.06481996388488041,-9.300687146059785e-20,0.06399275884020374
oscillations,0.25,31,3,-17.0,8.65,q1,"(50, 50)",0.0003856588588530801,0.06752905397759607,-3.183885003216245e-19,0.06427557305567151
oscillations,0.25,31,3,-17.0,8.65,q2,"(50, 150)",-0.00012123066483861296,0.06438841288907422,-3.183885003216245e-19,0.06427557305567151
oscillations,0.25,31,3,-17.0,8.65,q3,"(150, 50)",-0.00022169226776057581,0.06490187818969474,-3.183885003216245e-19,0.06427557305567151
oscillations,0.25,31,3,-17.0,8.65,q4,"(150, 150)",7.656382443277588e-05,0.06364357446525282,-3.183885003216245e-19,0.06427557305567151
oscillations,0.25,32,3,-17.0,8.65,q1,"(50, 50)",-0.0022517731622392276,0.06369325524536504,-1.301878075613719e-19,0.06435149918376927
oscillations,0.25,32,3,-17.0,8.65,q2,"(50, 150)",0.0007439779170393925,0.06405802979101961,-1.301878075613719e-19,0.06435149918376927
oscillations,0.25,32,3,-17.0,8.65,q3,"(150, 50)",0.001802715198888742,0.0642651904826822,-1.301878075613719e-19,0.06435149918376927
oscillations,0.25,32,3,-17.0,8.65,q4,"(150, 150)",-0.0006234832104803074,0.06453778483449214,-1.301878075613719e-19,0.06435149918376927
oscillations,0.25,33,3,-17.0,8.65,q1,"(50, 50)",0.0004798721168968938,0.06459225030037812,-3.9521298723987897e-19,0.06459529616745245
oscillations,0.25,33,3,-17.0,8.65,q2,"(50, 150)",-0.00014811130525952952,0.0640946661136563,-3.9521298723987897e-19,0.06459529616745245
oscillations,0.25,33,3,-17.0,8.65,q3,"(150, 50)",-0.000293257033476209,0.06510069607422989,-3.9521298723987897e-19,0.06459529616745245
oscillations,0.25,33,3,-17.0,8.65,q4,"(150, 150)",9.671104122184755e-05,0.06459413116826376,-3.9521298723987897e-19,0.06459529616745245
oscillations,0.25,34,3,-17.0,8.65,q1,"(50, 50)",-0.0020900252750810752,0.06247775995564493,2.90817011898878e-19,0.06362963548876804
oscillations,0.25,34,3,-17.0,8.65,q2,"(50, 150)",0.0006632621670808615,0.0638606615896648,2.90817011898878e-19,0.06362963548876804
oscillations,0.25,34,3,-17.0,8.65,q3,"(150, 50)",-0.0007997316031309559,0.06462647957788879,2.90817011898878e-19,0.06362963548876804
oscillations,0.25,34,3,-17.0,8.65,q4,"(150, 150)",0.0002644073407421278,0.06333302042806044,2.90817011898878e-19,0.06362963548876804
oscillations,0.25,35,3,-17.0,8.65,q1,"(50, 50)",-0.0027105711359199105,0.06699384425447912,1.5339708513075768e-19,0.06431559324712356
oscillations,0.25,35,3,-17.0,8.65,q2,"(50, 150)",0.0009257979406414035,0.06493151042699108,1.5339708513075768e-19,0.06431559324712356
oscillations,0.25,35,3,-17.0,8.65,q3,"(150, 50)",-0.0004384825679528606,0.06366307639593749,1.5339708513075768e-19,0.06431559324712356
oscillations,0.25,35,3,-17.0,8.65,q4,"(150, 150)",0.00014518253700179524,0.06400520648439643,1.5339708513075768e-19,0.06431559324712356
oscillations,0.25,36,3,-17.0,8.65,q1,"(50, 50)",0.003429537684679513,0.060381865109769096,-2.325951195477157e-20,0.06425526747016391
oscillations,0.25,36,3,-17.0,8.65,q2,"(50, 150)",-0.0011539205095655455,0.06514358364965547,-2.325951195477157e-20,0.06425526747016391
oscillations,0.25,36,3,-17.0,8.65,q3,"(150, 50)",8.790513852851697e-05,0.06592077646614916,-2.325951195477157e-20,0.06425526747016391
oscillations,0.25,36,3,-17.0,8.65,q4,"(150, 150)",-2.948542264122683e-05,0.06379727311841221,-2.325951195477157e-20,0.06425526747016391
oscillations,0.25,37,3,-17.0,8.65,q1,"(50, 50)",-0.0014885780366879716,0.0613291318679384,1.1851426292674772e-19,0.06389946517907952
oscillations,0.25,37,3,-17.0,8.65,q2,"(50, 150)",0.0004952830681189124,0.06531373085864042,1.1851426292674772e-19,0.06389946517907952
oscillations,0.25,37,3,-17.0,8.65,q3,"(150, 50)",-0.002132844378482682,0.06350657115570378,1.1851426292674772e-19,0.06389946517907952
oscillations,0.25,37,3,-17.0,8.65,q4,"(150, 150)",0.0007109481261608938,0.06382110574320674,1.1851426292674772e-19,0.06389946517907952
oscillations,0.25,38,3,-17.0,8.65,q1,"(50, 50)",0.0014096215461823476,0.06415221567239617,8.377636640920944e-20,0.0633634371623139
oscillations,0.25,38,3,-17.0,8.65,q2,"(50, 150)",-0.0004909129762824095,0.062974059149089,8.377636640920944e-20,0.0633634371623139
oscillations,0.25,38,3,-17.0,8.65,q3,"(150, 50)",6.286948227257322e-05,0.06343074857792745,8.377636640920944e-20,0.0633634371623139
oscillations,0.25,38,3,-17.0,8.65,q4,"(150, 150)",-2.0626715531826883e-05,0.06337559796075311,8.377636640920944e-20,0.0633634371623139
oscillations,0.25,39,3,-17.0,8.65,q1,"(50, 50)",0.0010708630281751326,0.06528855452893992,-3.2585162148327446e-19,0.06362566135574071
oscillations,0.25,39,3,-17.0,8.65,q2,"(50, 150)",-0.00035967551932877795,0.062438221810322055,-3.2585162148327446e-19,0.06362566135574071
oscillations,0.25,39,3,-17.0,8.65,q3,"(150, 50)",0.0012232408874755176,0.064209771580642,-3.2585162148327446e-19,0.06362566135574071
oscillations,0.25,39,3,-17.0,8.65,q4,"(150, 150)",-0.00041962249330154043,0.06362199461049696,-3.2585162148327446e-19,0.06362566135574071
oscillations,0.25,40,3,-17.0,8.65,q1,"(50, 50)",-0.0005962402573849117,0.06360891266477821,1.7438788398862097e-19,0.06375889789129459
oscillations,0.25,40,3,-17.0,8.65,q2,"(50, 150)",0.00018532512472384336,0.062234186559663854,1.7438788398862097e-19,0.06375889789129459
oscillations,0.25,40,3,-17.0,8.65,q3,"(150, 50)",-0.0011528397831289793,0.0631468041276847,1.7438788398862097e-19,0.06375889789129459
oscillations,0.25,40,3,-17.0,8.65,q4,"(150, 150)",0.00036862491306967083,0.06445399988148931,1.7438788398862097e-19,0.06375889789129459
oscillations,0.25,41,3,-17.0,8.65,q1,"(50, 50)",0.0008858552811818355,0.06399113724619657,1.2551721658520739e-19,0.06388228402624696
oscillations,0.25,41,3,-17.0,8.65,q2,"(50, 150)",-0.00028767668171653533,0.06440936733396109,1.2551721658520739e-19,0.06388228402624696
oscillations,0.25,41,3,-17.0,8.65,q3,"(150, 50)",-0.0019963644528143663,0.06511490325694264,1.2551721658520739e-19,0.06388228402624696
oscillations,0.25,41,3,-17.0,8.65,q4,"(150, 150)",0.0006576538188526331,0.0632661918910319,1.2551721658520739e-19,0.06388228402624696
oscillations,0.25,42,3,-17.0,8.65,q1,"(50, 50)",0.002271841846445575,0.06579211151378606,6.508845202995055e-20,0.06444492475225469
oscillations,0.25,42,3,-17.0,8.65,q2,"(50, 150)",-0.0007552449149026064,0.06513639731292004,6.508845202995055e-20,0.06444492475225469
oscillations,0.25,42,3,-17.0,8.65,q3,"(150, 50)",-0.00020146065889449247,0.06428877426605613,6.508845202995055e-20,0.06444492475225469
oscillations,0.25,42,3,-17.0,8.65,q4,"(150, 150)",6.753357307096113e-05,0.06410880245710253,6.508845202995055e-20,0.06444492475225469
oscillations,0.25,43,3,-17.0,8.65,q1,"(50, 50)",0.00023513792344042282,0.0640639608287276,-1.8607609563817256e-20,0.06387917940277876
oscillations,0.25,43,3,-17.0,8.65,q2,"(50, 150)",-7.539636827726622e-05,0.06369038693261271,-1.8607609563817256e-20,0.06387917940277876
oscillations,0.25,43,3,-17.0,8.65,q3,"(150, 50)",-0.0002075148150601808,0.06356938494401505,-1.8607609563817256e-20,0.06387917940277876
oscillations,0.25,43,3,-17.0,8.65,q4,"(150, 150)",6.832578461868176e-05,0.06402459403499723,-1.8607609563817256e-20,0.06387917940277876
oscillations,0.25,44,3,-17.0,8.65,q1,"(50, 50)",0.001603737813294534,0.06273072358121895,2.7892714796712753e-20,0.06326278202742076
oscillations,0.25,44,3,-17.0,8.65,q2,"(50, 150)",-0.0004873623875118944,0.06438851276697291,2.7892714796712753e-20,0.06326278202742076
oscillations,0.25,44,3,-17.0,8.65,q3,"(150, 50)",-0.0010553336296759523,0.06339938000239222,2.7892714796712753e-20,0.06326278202742076
oscillations,0.25,44,3,-17.0,8.65,q4,"(150, 150)",0.00035666368039974345,0.06287573257940304,2.7892714796712753e-20,0.06326278202742076
oscillations,0.25,45,3,-17.0,8.65,q1,"(50, 50)",-0.001479407567117678,0.06630726313374624,4.414128540193767e-20,0.06488597370452558
oscillations,0.25,45,3,-17.0,8.65,q2,"(50, 150)",0.00047236073096440273,0.0642936871321779,4.414128540193767e-20,0.06488597370452558
oscillations,0.25,45,3,-17.0,8.65,q3,"(150, 50)",-0.00044599409111313175,0.06438597653545626,4.414128540193767e-20,0.06488597370452558
oscillations,0.25,45,3,-17.0,8.65,q4,"(150, 150)",0.00015302671509450592,0.06509757683746635,4.414128540193767e-20,0.06488597370452558
oscillations,0.25,46,3,-17.0,8.65,q1,"(50, 50)",-0.0012521713592575272,0.06475415637462147,-9.997401168303261e-20,0.06397131894885733
oscillations,0.25,46,3,-17.0,8.65,q2,"(50, 150)",0.0004172079474220531,0.06444436805980783,-9.997401168303261e-20,0.06397131894885733
oscillations,0.25,46,3,-17.0,8.65,q3,"(150, 50)",9.353846995100348e-05,0.06423421912229377,-9.997401168303261e-20,0.06397131894885733
oscillations,0.25,46,3,-17.0,8.65,q4,"(150, 150)",-3.173853161513624e-05,0.06362505121602396,-9.997401168303261e-20,0.06397131894885733
oscillations,0.25,47,3,-17.0,8.65,q1,"(50, 50)",-0.0015991576741909096,0.0675135867293026,1.2324442925840588e-19,0.06435629136487188
oscillations,0.25,47,3,-17.0,8.65,q2,"(50, 150)",0.0005424169948944843,0.0639599673628572,1.2324442925840588e-19,0.06435629136487188
oscillations,0.25,47,3,-17.0,8.65,q3,"(150, 50)",0.0012734985628959387,0.06403744152955332,1.2324442925840588e-19,0.06435629136487188
oscillations,0.25,47,3,-17.0,8.65,q4,"(150, 150)",-0.0004263328025897345,0.06422190298552767,1.2324442925840588e-19,0.06435629136487188
oscillations,0.25,48,3,-17.0,8.65,q1,"(50, 50)",-0.001281638755959463,0.06485285552652716,1.9765616013140565e-20,0.06445399350895474
oscillations,0.25,48,3,-17.0,8.65,q2,"(50, 150)",0.0004200041749103396,0.06421917596968157,1.9765616013140565e-20,0.06445399350895474
oscillations,0.25,48,3,-17.0,8.65,q3,"(150, 50)",-0.00035967872875981117,0.06494637697930143,1.9765616013140565e-20,0.06445399350895474
oscillations,0.25,48,3,-17.0,8.65,q4,"(150, 150)",0.0001224438225565314,0.06431810927925409,1.9765616013140565e-20,0.06445399350895474
oscillations,0.25,49,3,-17.0,8.65,q1,"(50, 50)",-0.003256664928110395,0.061928585716780477,2.092304050093477e-20,0.06317405915797393
oscillations,0.25,49,3,-17.0,8.65,q2,"(50, 150)",0.0010894598500513196,0.06455505562572314,2.092304050093477e-20,0.06317405915797393
oscillations,0.25,49,3,-17.0,8.65,q3,"(150, 50)",0.0014787036522101338,0.06458833118360376,2.092304050093477e-20,0.06317405915797393
oscillations,0.25,49,3,-17.0,8.65,q4,"(150, 150)",-0.0004578584593193714,0.0623878424610584,2.092304050093477e-20,0.06317405915797393
oscillations,0.25,0,4,-22.0,7.18,q1,"(50, 50)",0.00213361696062389,0.062341410028917466,1.1626832948906214e-20,0.06368470897052883
oscillations,0.25,0,4,-22.0,7.18,q2,"(50, 150)",-0.0007000482362961389,0.0626643686356817,1.1626832948906214e-20,0.06368470897052883
oscillations,0.25,0,4,-22.0,7.18,q3,"(150, 50)",-3.666358217643739e-05,0.06456299249630754,1.1626832948906214e-20,0.06368470897052883
oscillations,0.25,0,4,-22.0,7.18,q4,"(150, 150)",1.2710922231362973e-05,0.06385758910265964,1.1626832948906214e-20,0.06368470897052883
oscillations,0.25,1,4,-22.0,7.18,q1,"(50, 50)",-0.0006530738345419421,0.06476788700012774,1.2546468133634365e-19,0.06342931423146088
oscillations,0.25,1,4,-22.0,7.18,q2,"(50, 150)",0.00022486684815185818,0.06229198740311162,1.2546468133634365e-19,0.06342931423146088
oscillations,0.25,1,4,-22.0,7.18,q3,"(150, 50)",-0.000731272863051307,0.06262836378883394,1.2546468133634365e-19,0.06342931423146088
oscillations,0.25,1,4,-22.0,7.18,q4,"(150, 150)",0.0002449239254238829,0.06391363081080385,1.2546468133634365e-19,0.06342931423146088
oscillations,0.25,2,4,-22.0,7.18,q1,"(50, 50)",-0.0012203846513490447,0.06356505700712159,3.7205865436499885e-20,0.0643101002697535
oscillations,0.25,2,4,-22.0,7.18,q2,"(50, 150)",0.0003995371695317572,0.06298262888075323,3.7205865436499885e-20,0.0643101002697535
oscillations,0.25,2,4,-22.0,7.18,q3,"(150, 50)",7.639493736494794e-05,0.06462432484294528,3.7205865436499885e-20,0.0643101002697535
oscillations,0.25,2,4,-22.0,7.18,q4,"(150, 150)",-2.6105607527225696e-05,0.06472191961397941,3.7205865436499885e-20,0.0643101002697535
oscillations,0.25,3,4,-22.0,7.18,q1,"(50, 50)",0.0017115059021874173,0.06504978172416283,-1.974741715349843e-20,0.06355356565108385
oscillations,0.25,3,4,-22.0,7.18,q2,"(50, 150)",-0.0005710115716543101,0.06308196331422287,-1.974741715349843e-20,0.06355356565108385
oscillations,0.25,3,4,-22.0,7.18,q3,"(150, 50)",-0.00013536635291190138,0.06170616166005019,-1.974741715349843e-20,0.06355356565108385
oscillations,0.25,3,4,-22.0,7.18,q4,"(150, 150)",4.490083217407708e-05,0.06413954871326673,-1.974741715349843e-20,0.06355356565108385
oscillations,0.25,4,4,-22.0,7.18,q1,"(50, 50)",0.0006075259051084547,0.06113982635763978,-8.367113734404964e-20,0.06383865998043535
oscillations,0.25,4,4,-22.0,7.18,q2,"(50, 150)",-0.00019262387568591509,0.06501438282868183,-8.367113734404964e-20,0.06383865998043535
oscillations,0.25,4,4,-22.0,7.18,q3,"(150, 50)",-0.0008331330031712306,0.06369314445228304,-8.367113734404964e-20,0.06383865998043535
oscillations,0.25,4,4,-22.0,7.18,q4,"(150, 150)",0.00027241610582599346,0.06375993235646153,-8.367113734404964e-20,0.06383865998043535
oscillations,0.25,5,4,-22.0,7.18,q1,"(50, 50)",0.0007237170961895357,0.0671205188568264,7.439926450830334e-20,0.06404669463982797
oscillations,0.25,5,4,-22.0,7.18,q2,"(50, 150)",-0.00024306091724535304,0.06388188166979576,7.439926450830334e-20,0.06404669463982797
oscillations,0.25,5,4,-22.0,7.18,q3,"(150, 50)",0.0004021972035931537,0.062278810102679,7.439926450830334e-20,0.06404669463982797
oscillations,0.25,5,4,-22.0,7.18,q4,"(150, 150)",-0.0001387701496132398,0.0643437834568701,7.439926450830334e-20,0.06404669463982797
oscillations,0.25,6,4,-22.0,7.18,q1,"(50, 50)",0.0029553055826593475,0.06389174271852219,8.131289416146413e-20,0.06305500033390164
oscillations,0.25,6,4,-22.0,7.18,q2,"(50, 150)",-0.0009610322907626136,0.06330236799401194,8.131289416146413e-20,0.06305500033390164
oscillations,0.25,6,4,-22.0,7.18,q3,"(150, 50)",0.0012829888268961307,0.06361870383756575,8.131289416146413e-20,0.06305500033390164
oscillations,0.25,6,4,-22.0,7.18,q4,"(150, 150)",-0.00041203134175485167,0.06268352544384909,8.131289416146413e-20,0.06305500033390164
oscillations,0.25,7,4,-22.0,7.18,q1,"(50, 50)",0.0011730941491005723,0.06331518026598869,-2.281918129472847e-19,0.06502004909204932
oscillations,0.25,7,4,-22.0,7.18,q2,"(50, 150)",-0.00034884115486411764,0.06544067545870415,-2.281918129472847e-19,0.06502004909204932
oscillations,0.25,7,4,-22.0,7.18,q3,"(150, 50)",-0.0003068376401121608,0.06501920924804509,-2.281918129472847e-19,0.06502004909204932
oscillations,0.25,7,4,-22.0,7.18,q4,"(150, 150)",0.00010457452785390519,0.06504532991629357,-2.281918129472847e-19,0.06502004909204932
oscillations,0.25,8,4,-22.0,7.18,q1,"(50, 50)",-0.0007766576525782353,0.06527924910597022,1.1509600343248984e-19,0.06422224727585506
oscillations,0.25,8,4,-22.0,7.18,q2,"(50, 150)",0.00024334365538713362,0.06455636346227925,1.1509600343248984e-19,0.06422224727585506
oscillations,0.25,8,4,-22.0,7.18,q3,"(150, 50)",0.00026019224808831705,0.06411496505035727,1.1509600343248984e-19,0.06422224727585506
oscillations,0.25,8,4,-22.0,7.18,q4,"(150, 150)",-8.642058128279821e-05,0.06402922069896075,1.1509600343248984e-19,0.06422224727585506
oscillations,0.25,9,4,-22.0,7.18,q1,"(50, 50)",-0.00017402244786873135,0.06526619738376502,-3.022470120649823e-20,0.0641778089355721
oscillations,0.25,9,4,-22.0,7.18,q2,"(50, 150)",5.638891200066903e-05,0.06469998848070255,-3.022470120649823e-20,0.0641778089355721
oscillations,0.25,9,4,-22.0,7.18,q3,"(150, 50)",-0.00024269621035793898,0.06449126951394545,-3.022470120649823e-20,0.0641778089355721
oscillations,0.25,9,4,-22.0,7.18,q4,"(150, 150)",7.903899571043985e-05,0.06378591141699547,-3.022470120649823e-20,0.0641778089355721
oscillations,0.25,10,4,-22.0,7.18,q1,"(50, 50)",-0.0010892135564262888,0.06314434640163798,-3.7205865436499885e-20,0.06434547483738369
oscillations,0.25,10,4,-22.0,7.18,q2,"(50, 150)",0.0003500158265074924,0.0647813751144597,-3.7205865436499885e-20,0.06434547483738369
oscillations,0.25,10,4,-22.0,7.18,q3,"(150, 50)",2.467765966412953e-05,0.0642183404897932,-3.7205865436499885e-20,0.06434547483738369
oscillations,0.25,10,4,-22.0,7.18,q4,"(150, 150)",-8.026756378429683e-06,0.06436779046611968,-3.7205865436499885e-20,0.06434547483738369
oscillations,0.25,11,4,-22.0,7.18,q1,"(50, 50)",-0.0027991745982046774,0.06292318090117911,2.788337441503114e-19,0.06393568453390702
oscillations,0.25,11,4,-22.0,7.18,q2,"(50, 150)",0.0008575720586011678,0.06440775442658912,2.788337441503114e-19,0.06393568453390702
oscillations,0.25,11,4,-22.0,7.18,q3,"(150, 50)",0.0023014653928412803,0.06431501108463884,2.788337441503114e-19,0.06393568453390702
oscillations,0.25,11,4,-22.0,7.18,q4,"(150, 150)",-0.0007655630509243743,0.0637265173076516,2.788337441503114e-19,0.06393568453390702
oscillations,0.25,12,4,-22.0,7.18,q1,"(50, 50)",-0.0015913014322572587,0.06180508156169919,-4.6515125885082814e-21,0.06388595216623198
oscillations,0.25,12,4,-22.0,7.18,q2,"(50, 150)",0.0005339842378658894,0.06493019455633886,-4.6515125885082814e-21,0.06388595216623198
oscillations,0.25,12,4,-22.0,7.18,q3,"(150, 50)",-0.00046524881565474267,0.06314427983724619,-4.6515125885082814e-21,0.06388595216623198
oscillations,0.25,12,4,-22.0,7.18,q4,"(150, 150)",0.00015358332667924325,0.06400357238918876,-4.6515125885082814e-21,0.06388595216623198
oscillations,0.25,13,4,-22.0,7.18,q1,"(50, 50)",-4.7385708693419014e-05,0.06615384824006419,1.9072799802912687e-19,0.06466360410788756
oscillations,0.25,13,4,-22.0,7.18,q2,"(50, 150)",1.558598001793641e-05,0.06400565707542147,1.9072799802912687e-19,0.06466360410788756
oscillations,0.25,13,4,-22.0,7.18,q3,"(150, 50)",-0.0017216536719999464,0.06472727868831377,1.9072799802912687e-19,0.06466360410788756
oscillations,0.25,13,4,-22.0,7.18,q4,"(150, 150)",0.0005650997480953608,0.06468385591315391,1.9072799802912687e-19,0.06466360410788756
oscillations,0.25,14,4,-22.0,7.18,q1,"(50, 50)",0.002942415094181396,0.06373585807329579,-9.757547299375696e-20,0.06372773613829955
oscillations,0.25,14,4,-22.0,7.18,q2,"(50, 150)",-0.0010024468017246415,0.06359127202628763,-9.757547299375696e-20,0.06372773613829955
oscillations,0.25,14,4,-22.0,7.18,q3,"(150, 50)",-0.00015910508721676068,0.06328415395920085,-9.757547299375696e-20,0.06372773613829955
oscillations,0.25,14,4,-22.0,7.18,q4,"(150, 150)",5.173341077730725e-05,0.06390568793331713,-9.757547299375696e-20,0.06372773613829955
oscillations,0.25,15,4,-22.0,7.18,q1,"(50, 50)",-0.0003903287690105052,0.06582718832049919,-1.0697582558181232e-19,0.06430733444698361
oscillations,0.25,15,4,-22.0,7.18,q2,"(50, 150)",0.00012661233874053737,0.0658241377800829,-1.0697582558181232e-19,0.06430733444698361
oscillations,0.25,15,4,-22.0,7.18,q3,"(150, 50)",-0.00044614154618277164,0.06391323390172794,-1.0697582558181232e-19,0.06430733444698361
oscillations,0.25,15,4,-22.0,7.18,q4,"(150, 150)",0.0001475739430474854,0.06377630070823763,-1.0697582558181232e-19,0.06430733444698361
oscillations,0.25,16,4,-22.0,7.18,q1,"(50, 50)",0.0007286793717779966,0.06733409920918182,-2.231043505903354e-19,0.06427445075518322
oscillations,0.25,16,4,-22.0,7.18,q2,"(50, 150)",-0.00023140277903593861,0.06473601783704315,-2.231043505903354e-19,0.06427445075518322
oscillations,0.25,16,4,-22.0,7.18,q3,"(150, 50)",0.00029785978518930185,0.06339036214450758,-2.231043505903354e-19,0.06427445075518322
oscillations,0.25,16,4,-22.0,7.18,q4,"(150, 150)",-9.682762110854968e-05,0.06406501271725268,-2.231043505903354e-19,0.06427445075518322
oscillations,0.25,17,4,-22.0,7.18,q1,"(50, 50)",0.004865755640041613,0.06576659055134171,3.9534544236756726e-20,0.0638566824297426
oscillations,0.25,17,4,-22.0,7.18,q2,"(50, 150)",-0.0017436931773156953,0.06320766345128795,3.9534544236756726e-20,0.0638566824297426
oscillations,0.25,17,4,-22.0,7.18,q3,"(150, 50)",0.0006254263912654347,0.06395773757043115,3.9534544236756726e-20,0.0638566824297426
oscillations,0.25,17,4,-22.0,7.18,q4,"(150, 150)",-0.0002112687928809395,0.0637760965989474,3.9534544236756726e-20,0.0638566824297426
oscillations,0.25,18,4,-22.0,7.18,q1,"(50, 50)",0.001870716489243587,0.06473318368797104,-1.5816468129244668e-19,0.06413699693424564
oscillations,0.25,18,4,-22.0,7.18,q2,"(50, 150)",-0.0006148164328404771,0.06456327661749622,-1.5816468129244668e-19,0.06413699693424564
oscillations,0.25,18,4,-22.0,7.18,q3,"(150, 50)",-0.00247588446885976,0.06459865469338223,-1.5816468129244668e-19,0.06413699693424564
oscillations,0.25,18,4,-22.0,7.18,q4,"(150, 150)",0.0008440599966117293,0.06373754170977751,-1.5816468129244668e-19,0.06413699693424564
oscillations,0.25,19,4,-22.0,7.18,q1,"(50, 50)",-0.0017119929312541134,0.06535326489473939,-1.5797933722798745e-19,0.0645001454524517
oscillations,0.25,19,4,-22.0,7.18,q2,"(50, 150)",0.0005487652285284059,0.06455165394096239,-1.5797933722798745e-19,0.0645001454524517
oscillations,0.25,19,4,-22.0,7.18,q3,"(150, 50)",0.0007108773542308231,0.06360097114824335,-1.5797933722798745e-19,0.0645001454524517
oscillations,0.25,19,4,-22.0,7.18,q4,"(150, 150)",-0.00023563024462845748,0.06468415012484463,-1.5797933722798745e-19,0.0645001454524517
oscillations,0.25,20,4,-22.0,7.18,q1,"(50, 50)",-0.0015460642865056109,0.06446679467775022,-2.1146662600654984e-19,0.06398176451263865
oscillations,0.25,20,4,-22.0,7.18,q2,"(50, 150)",0.000496114851047578,0.06633648566358304,-2.1146662600654984e-19,0.06398176451263865
oscillations,0.25,20,4,-22.0,7.18,q3,"(150, 50)",0.0014016667962480146,0.06256891746523974,-2.1146662600654984e-19,0.06398176451263865
oscillations,0.25,20,4,-22.0,7.18,q4,"(150, 150)",-0.0004758719460537453,0.06358724045857601,-2.1146662600654984e-19,0.06398176451263865
oscillations,0.25,21,4,-22.0,7.18,q1,"(50, 50)",0.0007641680259427139,0.06342169916894318,2.1856614793240492e-19,0.06401648291509225
oscillations,0.25,21,4,-22.0,7.18,q2,"(50, 150)",-0.0002426409673941943,0.06275517621210851,2.1856614793240492e-19,0.06401648291509225
oscillations,0.25,21,4,-22.0,7.18,q3,"(150, 50)",-0.00015989830376086938,0.06307916902762412,2.1856614793240492e-19,0.06401648291509225
oscillations,0.25,21,4,-22.0,7.18,q4,"(150, 150)",5.3227891721739015e-05,0.06480853501360911,2.1856614793240492e-19,0.06401648291509225
oscillations,0.25,22,4,-22.0,7.18,q1,"(50, 50)",0.003434150520097278,0.06358175094320785,-2.0928299308031184e-20,0.06462211611941088
oscillations,0.25,22,4,-22.0,7.18,q2,"(50, 150)",-0.00111784793280403,0.06475295345263733,-2.0928299308031184e-20,0.06462211611941088
oscillations,0.25,22,4,-22.0,7.18,q3,"(150, 50)",0.0019371434935744403,0.06572891376241996,-2.0928299308031184e-20,0.06462211611941088
oscillations,0.25,22,4,-22.0,7.18,q4,"(150, 150)",-0.0006442712379165774,0.06429286107896262,-2.0928299308031184e-20,0.06462211611941088
oscillations,0.25,23,4,-22.0,7.18,q1,"(50, 50)",-0.001847606021072025,0.06205903676582829,-6.737354087664171e-20,0.06438347916467145
oscillations,0.25,23,4,-22.0,7.18,q2,"(50, 150)",0.0006081977115628556,0.06423626795636188,-6.737354087664171e-20,0.06438347916467145
oscillations,0.25,23,4,-22.0,7.18,q3,"(150, 50)",0.0013022182753525313,0.0651199583743146,-6.737354087664171e-20,0.06438347916467145
oscillations,0.25,23,4,-22.0,7.18,q4,"(150, 150)",-0.00042924113825437417,0.06442940345952712,-6.737354087664171e-20,0.06438347916467145
oscillations,0.25,24,4,-22.0,7.18,q1,"(50, 50)",-0.005465267243613535,0.06345305490682995,1.8849682442072122e-19,0.06438471516145942
oscillations,0.25,24,4,-22.0,7.18,q2,"(50, 150)",0.0018275338585350197,0.06392172796887186,1.8849682442072122e-19,0.06438471516145942
oscillations,0.25,24,4,-22.0,7.18,q3,"(150, 50)",0.0007649999035844414,0.0640235866754852,1.8849682442072122e-19,0.06438471516145942
oscillations,0.25,24,4,-22.0,7.18,q4,"(150, 150)",-0.000253412595896135,0.06471934841467396,1.8849682442072122e-19,0.06438471516145942
oscillations,0.25,25,4,-22.0,7.18,q1,"(50, 50)",0.0019180988981418665,0.06617892709116273,6.27270897817009e-20,0.06428591148307006
oscillations,0.25,25,4,-22.0,7.18,q2,"(50, 150)",-0.0006339767875402354,0.06413765405227068,6.27270897817009e-20,0.06428591148307006
oscillations,0.25,25,4,-22.0,7.18,q3,"(150, 50)",0.0010721052344110193,0.06412606469405614,6.27270897817009e-20,0.06428591148307006
oscillations,0.25,25,4,-22.0,7.18,q4,"(150, 150)",-0.0003495304557949384,0.06416717519183529,6.27270897817009e-20,0.06428591148307006
oscillations,0.25,26,4,-22.0,7.18,q1,"(50, 50)",-0.002833299305820708,0.06418340336238144,1.7419817331984673e-19,0.06312111191355829
oscillations,0.25,26,4,-22.0,7.18,q2,"(50, 150)",0.0009538602926129605,0.06079145885415599,1.7419817331984673e-19,0.06312111191355829
oscillations,0.25,26,4,-22.0,7.18,q3,"(150, 50)",0.0012674126432515042,0.06509581705997572,1.7419817331984673e-19,0.06312111191355829
oscillations,0.25,26,4,-22.0,7.18,q4,"(150, 150)",-0.000432540200460181,0.06305373904997938,1.7419817331984673e-19,0.06312111191355829
oscillations,0.25,27,4,-22.0,7.18,q1,"(50, 50)",-0.004119493762597343,0.06346634802539569,-9.070449547591148e-20,0.06405733160904212
oscillations,0.25,27,4,-22.0,7.18,q2,"(50, 150)",0.001406252890846482,0.06388090137035637,-9.070449547591148e-20,0.06405733160904212
oscillations,0.25,27,4,-22.0,7.18,q3,"(150, 50)",-0.0006962155031955266,0.06359841782254878,-9.070449547591148e-20,0.06405733160904212
oscillations,0.25,27,4,-22.0,7.18,q4,"(150, 150)",0.0002320718343985093,0.06431343481781412,-9.070449547591148e-20,0.06405733160904212
oscillations,0.25,28,4,-22.0,7.18,q1,"(50, 50)",-0.002264361537532924,0.06818562209037728,1.0690416799120237e-19,0.06421961361442147
oscillations,0.25,28,4,-22.0,7.18,q2,"(50, 150)",0.0007564863848939349,0.06359319368941088,1.0690416799120237e-19,0.06421961361442147
oscillations,0.25,28,4,-22.0,7.18,q3,"(150, 50)",-0.0009063557386038456,0.06234334637522781,1.0690416799120237e-19,0.06421961361442147
oscillations,0.25,28,4,-22.0,7.18,q4,"(150, 150)",0.00030158052329323597,0.06458033385694917,1.0690416799120237e-19,0.06421961361442147
oscillations,0.25,29,4,-22.0,7.18,q1,"(50, 50)",0.002393426024565364,0.06447045941261331,4.6507331795624856e-21,0.06470661733057419
oscillations,0.25,29,4,-22.0,7.18,q2,"(50, 150)",-0.0007493629284491903,0.06431846759956163,4.6507331795624856e-21,0.06470661733057419
oscillations,0.25,29,4,-22.0,7.18,q3,"(150, 50)",-0.0007358654670659867,0.0653447055259534,4.6507331795624856e-21,0.06470661733057419
oscillations,0.25,29,4,-22.0,7.18,q4,"(150, 150)",0.00025199501719616195,0.06464031226140819,4.6507331795624856e-21,0.06470661733057419
oscillations,0.25,30,4,-22.0,7.18,q1,"(50, 50)",-0.0013892983551277726,0.06278834728756368,-4.651122851383144e-20,0.06405516122168248
oscillations,0.25,30,4,-22.0,7.18,q2,"(50, 150)",0.0004195160510354601,0.06335273477750626,-4.651122851383144e-20,0.06405516122168248
oscillations,0.25,30,4,-22.0,7.18,q3,"(150, 50)",0.001029943254805308,0.06467136885908463,-4.651122851383144e-20,0.06405516122168248
oscillations,0.25,30,4,-22.0,7.18,q4,"(150, 150)",-0.0003471838971040288,0.06419878419378573,-4.651122851383144e-20,0.06405516122168248
oscillations,0.25,31,4,-22.0,7.18,q1,"(50, 50)",-0.0017251850360854575,0.06381301666824639,-1.4406410114432755e-19,0.06334476272068758
oscillations,0.25,31,4,-22.0,7.18,q2,"(50, 150)",0.0005809296550083683,0.06352566028079346,-1.4406410114432755e-19,0.06334476272068758
oscillations,0.25,31,4,-22.0,7.18,q3,"(150, 50)",0.0015662841201455127,0.06116490214146496,-1.4406410114432755e-19,0.06334476272068758
oscillations,0.25,31,4,-22.0,7.18,q4,"(150, 150)",-0.0005026377611233013,0.0639049187181445,-1.4406410114432755e-19,0.06334476272068758
oscillations,0.25,32,4,-22.0,7.18,q1,"(50, 50)",-0.0005441417645423082,0.06197273673764377,-1.3948693667289847e-20,0.06379355111379628
oscillations,0.25,32,4,-22.0,7.18,q2,"(50, 150)",0.00018451199275759534,0.06250140141185474,-1.3948693667289847e-20,0.06379355111379628
oscillations,0.25,32,4,-22.0,7.18,q3,"(150, 50)",0.0031610457640679126,0.06225947365156589,-1.3948693667289847e-20,0.06379355111379628
oscillations,0.25,32,4,-22.0,7.18,q4,"(150, 150)",-0.0010672798573158472,0.06489985377088624,-1.3948693667289847e-20,0.06379355111379628
oscillations,0.25,33,4,-22.0,7.18,q1,"(50, 50)",-0.0020605401358378904,0.06450502477629828,-9.071969904538448e-20,0.06395689818986006
oscillations,0.25,33,4,-22.0,7.18,q2,"(50, 150)",0.0006856532337323301,0.0632448833775095,-9.071969904538448e-20,0.06395689818986006
oscillations,0.25,33,4,-22.0,7.18,q3,"(150, 50)",0.00014557342601620796,0.06358918892012529,-9.071969904538448e-20,0.06395689818986006
oscillations,0.25,33,4,-22.0,7.18,q4,"(150, 150)",-4.858288578151492e-05,0.06425519872733867,-9.071969904538448e-20,0.06395689818986006
oscillations,0.25,34,4,-22.0,7.18,q1,"(50, 50)",0.0020534168904324528,0.0641869349621494,3.2317180520794263e-19,0.06377270893805129
oscillations,0.25,34,4,-22.0,7.18,q2,"(50, 150)",-0.0006853910515716371,0.06263432557807534,3.2317180520794263e-19,0.06377270893805129
oscillations,0.25,34,4,-22.0,7.18,q3,"(150, 50)",-0.0008703715941785463,0.06506348200869157,3.2317180520794263e-19,0.06377270893805129
oscillations,0.25,34,4,-22.0,7.18,q4,"(150, 150)",0.00028014764564690244,0.06367196215697556,3.2317180520794263e-19,0.06377270893805129
oscillations,0.25,35,4,-22.0,7.18,q1,"(50, 50)",0.00011551744235704365,0.0643639695802411,2.3257562942541406e-20,0.06444370961202465
oscillations,0.25,35,4,-22.0,7.18,q2,"(50, 150)",-3.800053420523543e-05,0.06535042652478723,2.3257562942541406e-20,0.06444370961202465
oscillations,0.25,35,4,-22.0,7.18,q3,"(150, 50)",-8.853061722610431e-05,0.06388623581258264,2.3257562942541406e-20,0.06444370961202465
oscillations,0.25,35,4,-22.0,7.18,q4,"(150, 150)",2.9296300404555627e-05,0.06433731819588011,2.3257562942541406e-20,0.06444370961202465
oscillations,0.25,36,4,-22.0,7.18,q1,"(50, 50)",-0.0009928718459859007,0.06374739549939026,1.6508719684256118e-19,0.06376893444863638
oscillations,0.25,36,4,-22.0,7.18,q2,"(50, 150)",0.000336529447133015,0.063607009639199,1.6508719684256118e-19,0.06376893444863638
oscillations,0.25,36,4,-22.0,7.18,q3,"(150, 50)",-0.0020993387201709126,0.06390158497161826,1.6508719684256118e-19,0.06376893444863638
oscillations,0.25,36,4,-22.0,7.18,q4,"(150, 150)",0.0006828234160448875,0.06376637978846189,1.6508719684256118e-19,0.06376893444863638
oscillations,0.25,37,4,-22.0,7.18,q1,"(50, 50)",0.0015865945354967916,0.06260670739899542,9.068929700146847e-20,0.06412430422178307
oscillations,0.25,37,4,-22.0,7.18,q2,"(50, 150)",-0.0004963336156738643,0.06513931986612574,9.068929700146847e-20,0.06412430422178307
oscillations,0.25,37,4,-22.0,7.18,q3,"(150, 50)",0.0009810661017645797,0.06297302496140154,9.068929700146847e-20,0.06412430422178307
oscillations,0.25,37,4,-22.0,7.18,q4,"(150, 150)",-0.00032897411291822257,0.06431237642664711,9.068929700146847e-20,0.06412430422178307
oscillations,0.25,38,4,-22.0,7.18,q1,"(50, 50)",-0.0014484642652768057,0.06542344626524793,-8.610348769835414e-20,0.06501491274276767
oscillations,0.25,38,4,-22.0,7.18,q2,"(50, 150)",0.00045458132114099635,0.06640584193094151,-8.610348769835414e-20,0.06501491274276767
oscillations,0.25,38,4,-22.0,7.18,q3,"(150, 50)",0.0001892441282306688,0.06585046322470366,-8.610348769835414e-20,0.06501491274276767
oscillations,0.25,38,4,-22.0,7.18,q4,"(150, 150)",-6.39046703641216e-05,0.06419602235121569,-8.610348769835414e-20,0.06501491274276767
oscillations,0.25,39,4,-22.0,7.18,q1,"(50, 50)",-0.0008124119806247937,0.06685587418860905,1.859825822305313e-19,0.0639037147826999
oscillations,0.25,39,4,-22.0,7.18,q2,"(50, 150)",0.0002671739131992181,0.06337812270444554,1.859825822305313e-19,0.0639037147826999
oscillations,0.25,39,4,-22.0,7.18,q3,"(150, 50)",-0.000491707876901062,0.06350684543202383,1.859825822305313e-19,0.0639037147826999
oscillations,0.25,39,4,-22.0,7.18,q4,"(150, 150)",0.0001640733067374417,0.06387770001445403,1.859825822305313e-19,0.0639037147826999
oscillations,0.25,40,4,-22.0,7.18,q1,"(50, 50)",0.0016057323986045056,0.061686008539571034,-9.298350289992936e-21,0.06431031008124732
oscillations,0.25,40,4,-22.0,7.18,q2,"(50, 150)",-0.0005483700107859167,0.06518072914305288,-9.298350289992936e-21,0.06431031008124732
oscillations,0.25,40,4,-22.0,7.18,q3,"(150, 50)",0.0005021052371338029,0.0644564448507519,-9.298350289992936e-21,0.06431031008124732
oscillations,0.25,40,4,-22.0,7.18,q4,"(150, 150)",-0.00017262448634224774,0.0642565941365176,-9.298350289992936e-21,0.06431031008124732
oscillations,0.25,41,4,-22.0,7.18,q1,"(50, 50)",-0.00023909443492329106,0.06298582138026596,-6.506665415586149e-20,0.06346123247395655
oscillations,0.25,41,4,-22.0,7.18,q2,"(50, 150)",7.812100490237714e-05,0.06369954950048379,-6.506665415586149e-20,0.06346123247395655
oscillations,0.25,41,4,-22.0,7.18,q3,"(150, 50)",0.0012696908657302806,0.06296193449493644,-6.506665415586149e-20,0.06346123247395655
oscillations,0.25,41,4,-22.0,7.18,q4,"(150, 150)",-0.00043219056946104326,0.06359583039405287,-6.506665415586149e-20,0.06346123247395655
oscillations,0.25,42,4,-22.0,7.18,q1,"(50, 50)",0.0023976829635277874,0.06336191585839943,2.0435832113247526e-19,0.06391127277675958
oscillations,0.25,42,4,-22.0,7.18,q2,"(50, 150)",-0.0007945495998002932,0.06385157123207176,2.0435832113247526e-19,0.06391127277675958
oscillations,0.25,42,4,-22.0,7.18,q3,"(150, 50)",0.0003965659432643008,0.06491922926192056,2.0435832113247526e-19,0.06391127277675958
oscillations,0.25,42,4,-22.0,7.18,q4,"(150, 150)",-0.00013472846538365658,0.06363812639063067,2.0435832113247526e-19,0.06391127277675958
oscillations,0.25,43,4,-22.0,7.18,q1,"(50, 50)",0.0012797596723022348,0.06242036376606363,-3.5077769651489506e-19,0.06340916492444176
oscillations,0.25,43,4,-22.0,7.18,q2,"(50, 150)",-0.0004175223012336204,0.06355336303421016,-3.5077769651489506e-19,0.06340916492444176
oscillations,0.25,43,4,-22.0,7.18,q3,"(150, 50)",-0.0002478342281169054,0.06278788064297268,-3.5077769651489506e-19,0.06340916492444176
oscillations,0.25,43,4,-22.0,7.18,q4,"(150, 150)",8.187479404129566e-05,0.06366977425252031,-3.5077769651489506e-19,0.06340916492444176
oscillations,0.25,44,4,-22.0,7.18,q1,"(50, 50)",0.0008007230772664464,0.0641065244625429,2.3226423109312896e-19,0.06397057181112976
oscillations,0.25,44,4,-22.0,7.18,q2,"(50, 150)",-0.00026250288215470054,0.06279529243867564,2.3226423109312896e-19,0.06397057181112976
oscillations,0.25,44,4,-22.0,7.18,q3,"(150, 50)",0.0016178891755248789,0.06541889471248738,2.3226423109312896e-19,0.06397057181112976
oscillations,0.25,44,4,-22.0,7.18,q4,"(150, 150)",-0.0005366551361380382,0.06384746584107155,2.3226423109312896e-19,0.06397057181112976
oscillations,0.25,45,4,-22.0,7.18,q1,"(50, 50)",-0.0019414953343770357,0.06614039209032613,3.2544226014975275e-20,0.06402282794127034
oscillations,0.25,45,4,-22.0,7.18,q2,"(50, 150)",0.0006849113362101489,0.06325453081583937,3.2544226014975275e-20,0.06402282794127034
oscillations,0.25,45,4,-22.0,7.18,q3,"(150, 50)",-0.00047838222517991455,0.06313172373343945,3.2544226014975275e-20,0.06402282794127034
oscillations,0.25,45,4,-22.0,7.18,q4,"(150, 150)",0.0001587109997731774,0.06431192400058341,3.2544226014975275e-20,0.06402282794127034
oscillations,0.25,46,4,-22.0,7.18,q1,"(50, 50)",0.004739472270730112,0.06214398957796309,-7.906908847351345e-20,0.0633720237082524
oscillations,0.25,46,4,-22.0,7.18,q2,"(50, 150)",-0.0015158050748217441,0.06377912560591532,-7.906908847351345e-20,0.0633720237082524
oscillations,0.25,46,4,-22.0,7.18,q3,"(150, 50)",-0.0001268842421154452,0.06407522669838514,-7.906908847351345e-20,0.0633720237082524
oscillations,0.25,46,4,-22.0,7.18,q4,"(150, 150)",4.309636261983696e-05,0.0630986644969764,-7.906908847351345e-20,0.0633720237082524
oscillations,0.25,47,4,-22.0,7.18,q1,"(50, 50)",-0.0036565775983113257,0.06899660523563343,1.557865096965014e-19,0.06385928816060227
oscillations,0.25,47,4,-22.0,7.18,q2,"(50, 150)",0.0011713850336822274,0.06319589601982246,1.557865096965014e-19,0.06385928816060227
oscillations,0.25,47,4,-22.0,7.18,q3,"(150, 50)",-0.0007945756982571943,0.06247120793796769,1.557865096965014e-19,0.06385928816060227
oscillations,0.25,47,4,-22.0,7.18,q4,"(150, 150)",0.00027541452342972814,0.06395464720771056,1.557865096965014e-19,0.06385928816060227
oscillations,0.25,48,4,-22.0,7.18,q1,"(50, 50)",0.00201724834414585,0.06269858698409288,4.652292258737666e-21,0.06451526559747382
oscillations,0.25,48,4,-22.0,7.18,q2,"(50, 150)",-0.0006461567754394342,0.06343306173080746,4.652292258737666e-21,0.06451526559747382
oscillations,0.25,48,4,-22.0,7.18,q3,"(150, 50)",-0.0011070181276408065,0.06458552049890519,4.652292258737666e-21,0.06451526559747382
oscillations,0.25,48,4,-22.0,7.18,q4,"(150, 150)",0.00037682185327235506,0.06504406314418376,4.652292258737666e-21,0.06451526559747382
oscillations,0.25,49,4,-22.0,7.18,q1,"(50, 50)",-0.005110912958490132,0.06436585117979095,4.651902390954314e-20,0.06385172014914642
oscillations,0.25,49,4,-22.0,7.18,q2,"(50, 150)",0.0017097990909957952,0.06340846142803087,4.651902390954314e-20,0.06385172014914642
oscillations,0.25,49,4,-22.0,7.18,q3,"(150, 50)",-0.0012317458967771348,0.06375094661265537,4.651902390954314e-20,0.06385172014914642
oscillations,0.25,49,4,-22.0,7.18,q4,"(150, 150)",0.00041688449054856554,0.06393894180789506,4.651902390954314e-20,0.06385172014914642
oscillations,0.5,0,1,-8.5,14.44,q1,"(100, 100)",-0.0020361414227407417,0.06037035751628014,5.580879815474983e-20,0.06290762911540591
oscillations,0.5,0,1,-8.5,14.44,q2,"(100, 100)",0.0019780816872116617,0.06352018388439501,5.580879815474983e-20,0.06290762911540591
oscillations,0.5,0,1,-8.5,14.44,q3,"(100, 100)",0.00026836573372411907,0.06422446502270741,5.580879815474983e-20,0.06290762911540591
oscillations,0.5,0,1,-8.5,14.44,q4,"(100, 100)",-0.000282151644703097,0.0632998560817483,5.580879815474983e-20,0.06290762911540591
oscillations,0.5,1,1,-8.5,14.44,q1,"(100, 100)",-0.0004308857080991378,0.06363502313135926,2.325561425691572e-20,0.06421923746427818
oscillations,0.5,1,1,-8.5,14.44,q2,"(100, 100)",0.00042328858816259276,0.06401290949063998,2.325561425691572e-20,0.06421923746427818
oscillations,0.5,1,1,-8.5,14.44,q3,"(100, 100)",0.0004729775954843027,0.06402419048284622,2.325561425691572e-20,0.06421923746427818
oscillations,0.5,1,1,-8.5,14.44,q4,"(100, 100)",-0.0004685660789374803,0.06517710994781202,2.325561425691572e-20,0.06421923746427818
oscillations,0.5,2,1,-8.5,14.44,q1,"(100, 100)",8.480172719414141e-05,0.06425910651189815,1.3029694311972664e-19,0.06370615389735926
oscillations,0.5,2,1,-8.5,14.44,q2,"(100, 100)",-8.2878272407883e-05,0.06347604807538806,1.3029694311972664e-19,0.06370615389735926
oscillations,0.5,2,1,-8.5,14.44,q3,"(100, 100)",0.0006545032678771714,0.06279339421862111,1.3029694311972664e-19,0.06370615389735926
oscillations,0.5,2,1,-8.5,14.44,q4,"(100, 100)",-0.0006529781271064856,0.06428835270539848,1.3029694311972664e-19,0.06370615389735926
oscillations,0.5,3,1,-8.5,14.44,q1,"(100, 100)",0.00020657059533988231,0.0638758075808145,6.978438388106499e-21,0.06437910109038586
oscillations,0.5,3,1,-8.5,14.44,q2,"(100, 100)",-0.00020351381244271244,0.0648289239322335,6.978438388106499e-21,0.06437910109038586
oscillations,0.5,3,1,-8.5,14.44,q3,"(100, 100)",-3.2355473998234364e-05,0.06478968967683138,6.978438388106499e-21,0.06437910109038586
oscillations,0.5,3,1,-8.5,14.44,q4,"(100, 100)",3.3551754481237344e-05,0.06399480166226588,6.978438388106499e-21,0.06437910109038586
oscillations,0.5,4,1,-8.5,14.44,q1,"(100, 100)",0.000489522413292632,0.06393499003408842,-7.667286081665445e-20,0.06347731713813477
oscillations,0.5,4,1,-8.5,14.44,q2,"(100, 100)",-0.00046887018227699035,0.06379967059566242,-7.667286081665445e-20,0.06347731713813477
oscillations,0.5,4,1,-8.5,14.44,q3,"(100, 100)",0.0006444272036289226,0.06300344578593081,-7.667286081665445e-20,0.06347731713813477
oscillations,0.5,4,1,-8.5,14.44,q4,"(100, 100)",-0.0006702568266004627,0.06317056692310191,-7.667286081665445e-20,0.06347731713813477
oscillations,0.5,5,1,-8.5,14.44,q1,"(100, 100)",0.0015609477735444187,0.06495902070484033,-1.6253055823105437e-20,0.06383558499036356
oscillations,0.5,5,1,-8.5,14.44,q2,"(100, 100)",-0.0015741270016223013,0.0636257627707564,-1.6253055823105437e-20,0.06383558499036356
oscillations,0.5,5,1,-8.5,14.44,q3,"(100, 100)",-0.0016370440993635868,0.062281105151310176,-1.6253055823105437e-20,0.06383558499036356
oscillations,0.5,5,1,-8.5,14.44,q4,"(100, 100)",0.0016419568692516403,0.06437157558633176,-1.6253055823105437e-20,0.06383558499036356
oscillations,0.5,6,1,-8.5,14.44,q1,"(100, 100)",-0.00012331754084776437,0.06368985322793984,-1.650042592907689e-19,0.06374743091590843
oscillations,0.5,6,1,-8.5,14.44,q2,"(100, 100)",0.00011959304824333515,0.06323763585220298,-1.650042592907689e-19,0.06374743091590843
oscillations,0.5,6,1,-8.5,14.44,q3,"(100, 100)",0.00022923005654095426,0.06383354182305467,-1.650042592907689e-19,0.06374743091590843
oscillations,0.5,6,1,-8.5,14.44,q4,"(100, 100)",-0.0002292300565409542,0.06422368852044426,-1.650042592907689e-19,0.06374743091590843
oscillations,0.5,7,1,-8.5,14.44,q1,"(100, 100)",0.0007726623300437612,0.06384850304599365,6.737354087664171e-20,0.06354199790756218
oscillations,0.5,7,1,-8.5,14.44,q2,"(100, 100)",-0.0007577059397968515,0.06300726621586056,6.737354087664171e-20,0.06354199790756218
oscillations,0.5,7,1,-8.5,14.44,q3,"(100, 100)",0.0003641620128911453,0.06362559729342002,6.737354087664171e-20,0.06354199790756218
oscillations,0.5,7,1,-8.5,14.44,q4,"(100, 100)",-0.0003744095369326942,0.06368592217169278,6.737354087664171e-20,0.06354199790756218
oscillations,0.5,8,1,-8.5,14.44,q1,"(100, 100)",6.983837337879176e-05,0.06379794014109783,-1.3949862095306875e-20,0.06413956328559114
oscillations,0.5,8,1,-8.5,14.44,q2,"(100, 100)",-6.93029458495545e-05,0.06473722532326602,-1.3949862095306875e-20,0.06413956328559114
oscillations,0.5,8,1,-8.5,14.44,q3,"(100, 100)",-6.105053781111581e-06,0.06528318625918342,-1.3949862095306875e-20,0.06413956328559114
oscillations,0.5,8,1,-8.5,14.44,q4,"(100, 100)",5.985386613973144e-06,0.06273135297097265,-1.3949862095306875e-20,0.06413956328559114
oscillations,0.5,9,1,-8.5,14.44,q1,"(100, 100)",-0.0014742008926310725,0.06491224868878802,1.7665386037918075e-19,0.06475958414199691
oscillations,0.5,9,1,-8.5,14.44,q2,"(100, 100)",0.0014478235406754462,0.06356892985398778,1.7665386037918075e-19,0.06475958414199691
oscillations,0.5,9,1,-8.5,14.44,q3,"(100, 100)",0.0010248596498369626,0.06507049666777148,1.7665386037918075e-19,0.06475958414199691
oscillations,0.5,9,1,-8.5,14.44,q4,"(100, 100)",-0.0010404560936119586,0.0654405125170665,1.7665386037918075e-19,0.06475958414199691
oscillations,0.5,10,1,-8.5,14.44,q1,"(100, 100)",-0.0017848377675103407,0.06418990186812071,1.0224759938778233e-19,0.0639516220614601
oscillations,0.5,10,1,-8.5,14.44,q2,"(100, 100)",0.001802172092780871,0.0637937966341058,1.0224759938778233e-19,0.0639516220614601
oscillations,0.5,10,1,-8.5,14.44,q3,"(100, 100)",-0.0002127543428763202,0.063561433081509,1.0224759938778233e-19,0.0639516220614601
oscillations,0.5,10,1,-8.5,14.44,q4,"(100, 100)",0.00021397500566028798,0.0642066374982411,1.0224759938778233e-19,0.0639516220614601
oscillations,0.5,11,1,-8.5,14.44,q1,"(100, 100)",-0.0002626254561887718,0.06265571199376882,8.837873918165734e-20,0.06419322800859109
oscillations,0.5,11,1,-8.5,14.44,q2,"(100, 100)",0.00025849308376129536,0.0651076798583241,8.837873918165734e-20,0.06419322800859109
oscillations,0.5,11,1,-8.5,14.44,q3,"(100, 100)",-0.00023685120729192999,0.06420071285891302,8.837873918165734e-20,0.06419322800859109
oscillations,0.5,11,1,-8.5,14.44,q4,"(100, 100)",0.00025190358563236583,0.0647698687083655,8.837873918165734e-20,0.06419322800859109
oscillations,0.5,12,1,-8.5,14.44,q1,"(100, 100)",0.00016202480664438113,0.06513123138994863,2.788337441503114e-20,0.06421675253855294
oscillations,0.5,12,1,-8.5,14.44,q2,"(100, 100)",-0.00016288435469023911,0.06449049600383407,2.788337441503114e-20,0.06421675253855294
oscillations,0.5,12,1,-8.5,14.44,q3,"(100, 100)",0.001081098621742295,0.06376075664881257,2.788337441503114e-20,0.06421675253855294
oscillations,0.5,12,1,-8.5,14.44,q4,"(100, 100)",-0.0010880876907498158,0.06341865974267272,2.788337441503114e-20,0.06421675253855294
oscillations,0.5,13,1,-8.5,14.44,q1,"(100, 100)",0.0004012681794515003,0.06429290026488241,6.969093308242948e-20,0.06448298017032963
oscillations,0.5,13,1,-8.5,14.44,q2,"(100, 100)",-0.0003918468696826321,0.06393599672340733,6.969093308242948e-20,0.06448298017032963
oscillations,0.5,13,1,-8.5,14.44,q3,"(100, 100)",-1.556781825341288e-05,0.06397583520768202,6.969093308242948e-20,0.06448298017032963
oscillations,0.5,13,1,-8.5,14.44,q4,"(100, 100)",1.5825441723327703e-05,0.06572755382619094,6.969093308242948e-20,0.06448298017032963
oscillations,0.5,14,1,-8.5,14.44,q1,"(100, 100)",-7.592399407712508e-05,0.06387466695338866,1.487113302134994e-19,0.06431531879069927
oscillations,0.5,14,1,-8.5,14.44,q2,"(100, 100)",7.158477168538838e-05,0.06320880983623436,1.487113302134994e-19,0.06431531879069927
oscillations,0.5,14,1,-8.5,14.44,q3,"(100, 100)",0.0005264864205261182,0.0653562685133072,1.487113302134994e-19,0.06431531879069927
oscillations,0.5,14,1,-8.5,14.44,q4,"(100, 100)",-0.0005516599515622026,0.06478949986365608,1.487113302134994e-19,0.06431531879069927
oscillations,0.5,15,1,-8.5,14.44,q1,"(100, 100)",0.0003468091425286532,0.06275550786254527,-2.113781388419308e-19,0.06325176544639674
oscillations,0.5,15,1,-8.5,14.44,q2,"(100, 100)",-0.0003539158872526007,0.06332888562029501,-2.113781388419308e-19,0.06325176544639674
oscillations,0.5,15,1,-8.5,14.44,q3,"(100, 100)",0.00020158063391273936,0.06363580875514026,-2.113781388419308e-19,0.06325176544639674
oscillations,0.5,15,1,-8.5,14.44,q4,"(100, 100)",-0.00019991687826803218,0.06328022548186521,-2.113781388419308e-19,0.06325176544639674
oscillations,0.5,16,1,-8.5,14.44,q1,"(100, 100)",0.0014730164058752817,0.06386922610242377,-1.5815142800928157e-19,0.06398837846226872
oscillations,0.5,16,1,-8.5,14.44,q2,"(100, 100)",-0.0014370179864450403,0.06509042591285369,-1.5815142800928157e-19,0.06398837846226872
oscillations,0.5,16,1,-8.5,14.44,q3,"(100, 100)",-0.0014248169690711072,0.06345351188574525,-1.5815142800928157e-19,0.06398837846226872
oscillations,0.5,16,1,-8.5,14.44,q4,"(100, 100)",0.001450907208586143,0.0634401894122222,-1.5815142800928157e-19,0.06398837846226872
oscillations,0.5,17,1,-8.5,14.44,q1,"(100, 100)",0.0010532267289331927,0.0632748859323652,3.4412542440421204e-19,0.06440041432985551
oscillations,0.5,17,1,-8.5,14.44,q2,"(100, 100)",-0.0010493376742107127,0.06591529706924973,3.4412542440421204e-19,0.06440041432985551
oscillations,0.5,17,1,-8.5,14.44,q3,"(100, 100)",0.0012153082104149288,0.06431361403273046,3.4412542440421204e-19,0.06440041432985551
oscillations,0.5,17,1,-8.5,14.44,q4,"(100, 100)",-0.0012341184990014315,0.06402464449566247,3.4412542440421204e-19,0.06440041432985551
oscillations,0.5,18,1,-8.5,14.44,q1,"(100, 100)",0.0011401468882609599,0.06360268358787588,-1.652671812067807e-19,0.06453559594649554
oscillations,0.5,18,1,-8.5,14.44,q2,"(100, 100)",-0.0011482907946056811,0.06534319009596808,-1.652671812067807e-19,0.06453559594649554
oscillations,0.5,18,1,-8.5,14.44,q3,"(100, 100)",1.2586964281248555e-05,0.06442217763275808,-1.652671812067807e-19,0.06453559594649554
oscillations,0.5,18,1,-8.5,14.44,q4,"(100, 100)",-1.2844530474189235e-05,0.06474928317555555,-1.652671812067807e-19,0.06453559594649554
oscillations,0.5,19,1,-8.5,14.44,q1,"(100, 100)",-0.0010182534273277721,0.06430024070571616,-1.463754615590676e-19,0.06387396636508971
oscillations,0.5,19,1,-8.5,14.44,q2,"(100, 100)",0.0010316786753554197,0.06444923890365323,-1.463754615590676e-19,0.06387396636508971
oscillations,0.5,19,1,-8.5,14.44,q3,"(100, 100)",-0.0009960707532038209,0.0633073723195969,-1.463754615590676e-19,0.06387396636508971
oscillations,0.5,19,1,-8.5,14.44,q4,"(100, 100)",0.0010057608074953031,0.06340623779244813,-1.463754615590676e-19,0.06387396636508971
oscillations,0.5,20,1,-8.5,14.44,q1,"(100, 100)",-0.0006917833503721087,0.06249810405582185,2.3257562942541403e-19,0.06422903580777847
oscillations,0.5,20,1,-8.5,14.44,q2,"(100, 100)",0.000696192569981995,0.06430503997398096,2.3257562942541403e-19,0.06422903580777847
oscillations,0.5,20,1,-8.5,14.44,q3,"(100, 100)",0.0008853370809602639,0.06431718320124499,2.3257562942541403e-19,0.06422903580777847
oscillations,0.5,20,1,-8.5,14.44,q4,"(100, 100)",-0.0009097622524717689,0.06576724089108746,2.3257562942541403e-19,0.06422903580777847
oscillations,0.5,21,1,-8.5,14.44,q1,"(100, 100)",0.0004565083839963567,0.06468841345705532,2.3251717865149463e-20,0.06447955711035093
oscillations,0.5,21,1,-8.5,14.44,q2,"(100, 100)",-0.000450453896144946,0.06447784014187523,2.3251717865149463e-20,0.06447955711035093
oscillations,0.5,21,1,-8.5,14.44,q3,"(100, 100)",0.00026297782119645243,0.06282667440735087,2.3251717865149463e-20,0.06447955711035093
oscillations,0.5,21,1,-8.5,14.44,q4,"(100, 100)",-0.00027316866269000575,0.06594177073893247,2.3251717865149463e-20,0.06447955711035093
oscillations,0.5,22,1,-8.5,14.44,q1,"(100, 100)",-0.00027550468378985496,0.06459944846814618,7.436811686344514e-20,0.06402346076303972
oscillations,0.5,22,1,-8.5,14.44,q2,"(100, 100)",0.0002670936931187777,0.06322851841218308,7.436811686344514e-20,0.06402346076303972
oscillations,0.5,22,1,-8.5,14.44,q3,"(100, 100)",-0.00014589315052466103,0.06429026709851983,7.436811686344514e-20,0.06402346076303972
oscillations,0.5,22,1,-8.5,14.44,q4,"(100, 100)",0.0001446576055507055,0.06399579614236245,7.436811686344514e-20,0.06402346076303972
oscillations,0.5,23,1,-8.5,14.44,q1,"(100, 100)",-0.0007050007745992388,0.06639891831739317,-1.8559395262874567e-19,0.06446298936761198
oscillations,0.5,23,1,-8.5,14.44,q2,"(100, 100)",0.0006863128813030358,0.06398346120025176,-1.8559395262874567e-19,0.06446298936761198
oscillations,0.5,23,1,-8.5,14.44,q3,"(100, 100)",0.0001696810355209615,0.06298634525703406,-1.8559395262874567e-19,0.06446298936761198
oscillations,0.5,23,1,-8.5,14.44,q4,"(100, 100)",-0.00017081450937213668,0.0644778824795466,-1.8559395262874567e-19,0.06446298936761198
oscillations,0.5,24,1,-8.5,14.44,q1,"(100, 100)",0.0003206915027481241,0.06393930145641165,7.90492185400723e-20,0.06434269180278468
oscillations,0.5,24,1,-8.5,14.44,q2,"(100, 100)",-0.00032058396032600913,0.06413296200461059,7.90492185400723e-20,0.06434269180278468
oscillations,0.5,24,1,-8.5,14.44,q3,"(100, 100)",-0.0021218097637254454,0.06472592982688588,7.90492185400723e-20,0.06434269180278468
oscillations,0.5,24,1,-8.5,14.44,q4,"(100, 100)",0.0021013126007847272,0.06449859601792207,7.90492185400723e-20,0.06434269180278468
oscillations,0.5,25,1,-8.5,14.44,q1,"(100, 100)",-7.388724371536638e-05,0.06419936533887105,2.696747442342704e-19,0.06406273479849083
oscillations,0.5,25,1,-8.5,14.44,q2,"(100, 100)",7.33165900533612e-05,0.06401150072809646,2.696747442342704e-19,0.06406273479849083
oscillations,0.5,25,1,-8.5,14.44,q3,"(100, 100)",0.0014097102684860765,0.06326752141694807,2.696747442342704e-19,0.06406273479849083
oscillations,0.5,25,1,-8.5,14.44,q4,"(100, 100)",-0.0013836648131791735,0.06472174423839033,2.696747442342704e-19,0.06406273479849083
oscillations,0.5,26,1,-8.5,14.44,q1,"(100, 100)",-0.001094555309167117,0.06489096473273852,3.0212047475774583e-20,0.0647098043322931
oscillations,0.5,26,1,-8.5,14.44,q2,"(100, 100)",0.0010927425312453423,0.06463489861709924,3.0212047475774583e-20,0.0647098043322931
oscillations,0.5,26,1,-8.5,14.44,q3,"(100, 100)",-0.0009733312343467858,0.06493978960113189,3.0212047475774583e-20,0.0647098043322931
oscillations,0.5,26,1,-8.5,14.44,q4,"(100, 100)",0.0009766306622598256,0.06433519358924364,3.0212047475774583e-20,0.0647098043322931
oscillations,0.5,27,1,-8.5,14.44,q1,"(100, 100)",0.0008771020314233777,0.06362696129321449,-1.3944021911895964e-19,0.06351200054706595
oscillations,0.5,27,1,-8.5,14.44,q2,"(100, 100)",-0.0008631428478993987,0.06292444336082091,-1.3944021911895964e-19,0.06351200054706595
oscillations,0.5,27,1,-8.5,14.44,q3,"(100, 100)",-0.00036661863284895925,0.06328016435893896,-1.3944021911895964e-19,0.06351200054706595
oscillations,0.5,27,1,-8.5,14.44,q4,"(100, 100)",0.0003628239157810737,0.06419823208121689,-1.3944021911895964e-19,0.06351200054706595
oscillations,0.5,28,1,-8.5,14.44,q1,"(100, 100)",-0.00014663859532921874,0.0645815699636337,-1.8592029215861283e-19,0.06388003798063521
oscillations,0.5,28,1,-8.5,14.44,q2,"(100, 100)",0.00014902134840159587,0.06300270619770379,-1.8592029215861283e-19,0.06388003798063521
oscillations,0.5,28,1,-8.5,14.44,q3,"(100, 100)",5.34657034368668e-05,0.06350358829484541,-1.8592029215861283e-19,0.06388003798063521
oscillations,0.5,28,1,-8.5,14.44,q4,"(100, 100)",-5.117606396310803e-05,0.06438608460216752,-1.8592029215861283e-19,0.06388003798063521
oscillations,0.5,29,1,-8.5,14.44,q1,"(100, 100)",0.0007789926820459371,0.06534080293678629,1.5112350603249115e-19,0.0640760006176617
oscillations,0.5,29,1,-8.5,14.44,q2,"(100, 100)",-0.0007981416998360728,0.0642255989839778,1.5112350603249115e-19,0.0640760006176617
oscillations,0.5,29,1,-8.5,14.44,q3,"(100, 100)",-0.0008691084287179305,0.06334991651567407,1.5112350603249115e-19,0.0640760006176617
oscillations,0.5,29,1,-8.5,14.44,q4,"(100, 100)",0.0008825196959842922,0.06335027279437928,1.5112350603249115e-19,0.0640760006176617
oscillations,0.5,30,1,-8.5,14.44,q1,"(100, 100)",0.0010776431331933972,0.06447415081763652,1.8116610025264061e-19,0.06380493594287859
oscillations,0.5,30,1,-8.5,14.44,q2,"(100, 100)",-0.0010520442200987335,0.06381990036514763,1.8116610025264061e-19,0.06380493594287859
oscillations,0.5,30,1,-8.5,14.44,q3,"(100, 100)",0.00030060938347386645,0.063715573850136,1.8116610025264061e-19,0.06380493594287859
oscillations,0.5,30,1,-8.5,14.44,q4,"(100, 100)",-0.0003163437589174016,0.0631748575497777,1.8116610025264061e-19,0.06380493594287859
oscillations,0.5,31,1,-8.5,14.44,q1,"(100, 100)",-0.0007216387235469595,0.06435974852316517,1.115521752951677e-19,0.06397500601842249
oscillations,0.5,31,1,-8.5,14.44,q2,"(100, 100)",0.0006951149161583132,0.06271586601140268,1.115521752951677e-19,0.06397500601842249
oscillations,0.5,31,1,-8.5,14.44,q3,"(100, 100)",0.000723600429171754,0.06391811387603183,1.115521752951677e-19,0.06397500601842249
oscillations,0.5,31,1,-8.5,14.44,q4,"(100, 100)",-0.0007495657797107537,0.06490523524355941,1.115521752951677e-19,0.06397500601842249
oscillations,0.5,32,1,-8.5,14.44,q1,"(100, 100)",0.00011986729580588898,0.0635333404913192,4.651512588508281e-20,0.0636074351084826
oscillations,0.5,32,1,-8.5,14.44,q2,"(100, 100)",-0.00012111591347053325,0.06336392895428872,4.651512588508281e-20,0.0636074351084826
oscillations,0.5,32,1,-8.5,14.44,q3,"(100, 100)",-0.0005412228049069994,0.06354381860398532,4.651512588508281e-20,0.0636074351084826
oscillations,0.5,32,1,-8.5,14.44,q4,"(100, 100)",0.0005417687593167914,0.06398320889421835,4.651512588508281e-20,0.0636074351084826
oscillations,0.5,33,1,-8.5,14.44,q1,"(100, 100)",-0.0012986482454342137,0.0639295558485534,3.7156058387722774e-20,0.06437681262090904
oscillations,0.5,33,1,-8.5,14.44,q2,"(100, 100)",0.0013232838490061366,0.06445323603226207,3.7156058387722774e-20,0.06437681262090904
oscillations,0.5,33,1,-8.5,14.44,q3,"(100, 100)",-0.0002260959353930325,0.06558376216354359,3.7156058387722774e-20,0.06437681262090904
oscillations,0.5,33,1,-8.5,14.44,q4,"(100, 100)",0.00023486590362535839,0.06345616377235712,3.7156058387722774e-20,0.06437681262090904
oscillations,0.5,34,1,-8.5,14.44,q1,"(100, 100)",0.000266828824820486,0.0635190061259803,-4.647618153990106e-21,0.06350947977129653
oscillations,0.5,34,1,-8.5,14.44,q2,"(100, 100)",-0.0002645459852530846,0.06375460642362071,-4.647618153990106e-21,0.06350947977129653
oscillations,0.5,34,1,-8.5,14.44,q3,"(100, 100)",-0.0003953441508957447,0.06412043576163014,-4.647618153990106e-21,0.06350947977129653
oscillations,0.5,34,1,-8.5,14.44,q4,"(100, 100)",0.0003985780498805775,0.06261647496523082,-4.647618153990106e-21,0.06350947977129653
oscillations,0.5,35,1,-8.5,14.44,q1,"(100, 100)",-0.0005434090602919191,0.06469924018294894,-9.292902189881615e-20,0.06414975570509127
oscillations,0.5,35,1,-8.5,14.44,q2,"(100, 100)",0.0005315450186183273,0.06348925344755292,-9.292902189881615e-20,0.06414975570509127
oscillations,0.5,35,1,-8.5,14.44,q3,"(100, 100)",0.0005796873987011036,0.06439415405513195,-9.292902189881615e-20,0.06414975570509127
oscillations,0.5,35,1,-8.5,14.44,q4,"(100, 100)",-0.000587314864473487,0.06401128340638725,-9.292902189881615e-20,0.06414975570509127
oscillations,0.5,36,1,-8.5,14.44,q1,"(100, 100)",0.000578865035270506,0.06513134457738355,-2.3241982595569347e-20,0.0640664327216384
oscillations,0.5,36,1,-8.5,14.44,q2,"(100, 100)",-0.0005963043105542462,0.06336506963789286,-2.3241982595569347e-20,0.0640664327216384
oscillations,0.5,36,1,-8.5,14.44,q3,"(100, 100)",-0.000373859649114024,0.06299422285017618,-2.3241982595569347e-20,0.0640664327216384
oscillations,0.5,36,1,-8.5,14.44,q4,"(100, 100)",0.00037535508771048033,0.0647251890634562,-2.3241982595569347e-20,0.0640664327216384
oscillations,0.5,37,1,-8.5,14.44,q1,"(100, 100)",0.0007567945397323581,0.06343838564613585,1.8143939809076895e-19,0.06436029491919132
oscillations,0.5,37,1,-8.5,14.44,q2,"(100, 100)",-0.0007742511302010828,0.06537785522728472,1.8143939809076895e-19,0.06436029491919132
oscillations,0.5,37,1,-8.5,14.44,q3,"(100, 100)",0.0010484345509050948,0.06501845584775402,1.8143939809076895e-19,0.06436029491919132
oscillations,0.5,37,1,-8.5,14.44,q4,"(100, 100)",-0.0011002802155102912,0.0635428878079832,1.8143939809076895e-19,0.06436029491919132
oscillations,0.5,38,1,-8.5,14.44,q1,"(100, 100)",-0.00021051022617225986,0.06425914361732413,-3.811046886271887e-19,0.06403925573198263
oscillations,0.5,38,1,-8.5,14.44,q2,"(100, 100)",0.00020775430176114213,0.06423742733479462,-3.811046886271887e-19,0.06403925573198263
oscillations,0.5,38,1,-8.5,14.44,q3,"(100, 100)",-0.0006608047371853284,0.06444564818627369,-3.811046886271887e-19,0.06403925573198263
oscillations,0.5,38,1,-8.5,14.44,q4,"(100, 100)",0.0006774636801395801,0.06319150769151609,-3.811046886271887e-19,0.06403925573198263
oscillations,0.5,39,1,-8.5,14.44,q1,"(100, 100)",0.0005410245099627523,0.06347404030174257,-1.3711621546697696e-19,0.06346934851163034
oscillations,0.5,39,1,-8.5,14.44,q2,"(100, 100)",-0.0005363325028716818,0.06289536824895332,-1.3711621546697696e-19,0.06346934851163034
oscillations,0.5,39,1,-8.5,14.44,q3,"(100, 100)",-0.00048309339511736627,0.06374032933260827,-1.3711621546697696e-19,0.06346934851163034
oscillations,0.5,39,1,-8.5,14.44,q4,"(100, 100)",0.0004832551812510293,0.06375780481061169,-1.3711621546697696e-19,0.06346934851163034
oscillations,0.5,40,1,-8.5,14.44,q1,"(100, 100)",-0.0005775425524728307,0.06370000926471985,1.8604491405532577e-19,0.06412538222128228
oscillations,0.5,40,1,-8.5,14.44,q2,"(100, 100)",0.0005673494937711791,0.06352735712827641,1.8604491405532577e-19,0.06412538222128228
oscillations,0.5,40,1,-8.5,14.44,q3,"(100, 100)",0.0009097495469197598,0.06442369930320024,1.8604491405532577e-19,0.06412538222128228
oscillations,0.5,40,1,-8.5,14.44,q4,"(100, 100)",-0.0009331633517168813,0.06482514447090706,1.8604491405532577e-19,0.06412538222128228
oscillations,0.5,41,1,-8.5,14.44,q1,"(100, 100)",-0.00014564518111816462,0.0645974404095409,8.599533560360659e-20,0.06434989522604234
oscillations,0.5,41,1,-8.5,14.44,q2,"(100, 100)",0.00014962805068959316,0.06510759810956632,8.599533560360659e-20,0.06434989522604234
oscillations,0.5,41,1,-8.5,14.44,q3,"(100, 100)",0.00012198933907326508,0.0646893614608043,8.599533560360659e-20,0.06434989522604234
oscillations,0.5,41,1,-8.5,14.44,q4,"(100, 100)",-0.00012129272544738535,0.06298457892376026,8.599533560360659e-20,0.06434989522604234
oscillations,0.5,42,1,-8.5,14.44,q1,"(100, 100)",0.0008746785125138942,0.06343371494179309,-1.417642227709423e-19,0.0635390630762787
oscillations,0.5,42,1,-8.5,14.44,q2,"(100, 100)",-0.0008764437567369295,0.06346386287669517,-1.417642227709423e-19,0.0635390630762787
oscillations,0.5,42,1,-8.5,14.44,q3,"(100, 100)",0.0011404750645579826,0.06360850920527826,-1.417642227709423e-19,0.0635390630762787
oscillations,0.5,42,1,-8.5,14.44,q4,"(100, 100)",-0.0011859076769356759,0.06361567237607207,-1.417642227709423e-19,0.0635390630762787
oscillations,0.5,43,1,-8.5,14.44,q1,"(100, 100)",0.0016085094024218408,0.06471835832408923,1.3019871288953085e-19,0.0636889951185772
oscillations,0.5,43,1,-8.5,14.44,q2,"(100, 100)",-0.0015913347941877737,0.06353688350490257,1.3019871288953085e-19,0.0636889951185772
oscillations,0.5,43,1,-8.5,14.44,q3,"(100, 100)",-0.0007157954812467101,0.0631908884427251,1.3019871288953085e-19,0.0636889951185772
oscillations,0.5,43,1,-8.5,14.44,q4,"(100, 100)",0.0007308037057435977,0.06325878411568321,1.3019871288953085e-19,0.0636889951185772
oscillations,0.5,44,1,-8.5,14.44,q1,"(100, 100)",-0.0004378497804579451,0.06423952697254946,8.832693018959037e-20,0.06450920586731804
oscillations,0.5,44,1,-8.5,14.44,q2,"(100, 100)",0.00044227996373407975,0.06466297671191015,8.832693018959037e-20,0.06450920586731804
oscillations,0.5,44,1,-8.5,14.44,q3,"(100, 100)",0.0009975507129441272,0.06471544348379624,8.832693018959037e-20,0.06450920586731804
oscillations,0.5,44,1,-8.5,14.44,q4,"(100, 100)",-0.0010113216150420088,0.06439861898130884,8.832693018959037e-20,0.06450920586731804
oscillations,0.5,45,1,-8.5,14.44,q1,"(100, 100)",-0.0003811236167865641,0.06467329322639472,-1.208583094969606e-19,0.06373431033928346
oscillations,0.5,45,1,-8.5,14.44,q2,"(100, 100)",0.00039568042159438433,0.06429241835537741,-1.208583094969606e-19,0.06373431033928346
oscillations,0.5,45,1,-8.5,14.44,q3,"(100, 100)",-0.0005431322487351694,0.06148366846836685,-1.208583094969606e-19,0.06373431033928346
oscillations,0.5,45,1,-8.5,14.44,q4,"(100, 100)",0.0005467220190506696,0.06448033856052433,-1.208583094969606e-19,0.06373431033928346
oscillations,0.5,46,1,-8.5,14.44,q1,"(100, 100)",-0.0014527011722753082,0.06362204453214411,1.3945189557341608e-19,0.06428833767041889
oscillations,0.5,46,1,-8.5,14.44,q2,"(100, 100)",0.001468550622501292,0.06389193035777613,1.3945189557341608e-19,0.06428833767041889
oscillations,0.5,46,1,-8.5,14.44,q3,"(100, 100)",0.00044583929946365213,0.06416605673003843,1.3945189557341608e-19,0.06428833767041889
oscillations,0.5,46,1,-8.5,14.44,q4,"(100, 100)",-0.0004611457984691365,0.06542017394955847,1.3945189557341608e-19,0.06428833767041889
oscillations,0.5,47,1,-8.5,14.44,q1,"(100, 100)",0.0002650397389286515,0.06366269166027291,4.6526821918747655e-20,0.06368248279250616
oscillations,0.5,47,1,-8.5,14.44,q2,"(100, 100)",-0.00026735139045905857,0.06418637330170947,4.6526821918747655e-20,0.06368248279250616
oscillations,0.5,47,1,-8.5,14.44,q3,"(100, 100)",-0.0011913122306107325,0.06412304021349333,4.6526821918747655e-20,0.06368248279250616
oscillations,0.5,47,1,-8.5,14.44,q4,"(100, 100)",0.0011997612535228654,0.06271709455935529,4.6526821918747655e-20,0.06368248279250616
oscillations,0.5,48,1,-8.5,14.44,q1,"(100, 100)",-8.279917269267055e-05,0.06442782248196502,-2.0928299308031184e-19,0.0636976321547115
oscillations,0.5,48,1,-8.5,14.44,q2,"(100, 100)",8.183639161484852e-05,0.06378807072249443,-2.0928299308031184e-19,0.0636976321547115
oscillations,0.5,48,1,-8.5,14.44,q3,"(100, 100)",0.0001915417253828948,0.06306479467610805,-2.0928299308031184e-19,0.0636976321547115
oscillations,0.5,48,1,-8.5,14.44,q4,"(100, 100)",-0.00019577217463532027,0.0635053161787642,-2.0928299308031184e-19,0.0636976321547115
oscillations,0.5,49,1,-8.5,14.44,q1,"(100, 100)",0.0013185801670289059,0.06447988478753396,2.603756151227438e-19,0.06408993469243356
oscillations,0.5,49,1,-8.5,14.44,q2,"(100, 100)",-0.0012852695788198422,0.06537863131907613,2.603756151227438e-19,0.06408993469243356
oscillations,0.5,49,1,-8.5,14.44,q3,"(100, 100)",-0.0014863225154245745,0.06412187248029606,2.603756151227438e-19,0.06408993469243356
oscillations,0.5,49,1,-8.5,14.44,q4,"(100, 100)",0.0015055269545902108,0.06222408020669588,2.603756151227438e-19,0.06408993469243356
oscillations,0.5,0,2,-12.3,10.68,q1,"(100, 100)",-6.353841502375622e-05,0.06194388601293091,2.0223911880734635e-19,0.06337433204289566
oscillations,0.5,0,2,-12.3,10.68,q2,"(100, 100)",6.35595592550457e-05,0.06476043112014049,2.0223911880734635e-19,0.06337433204289566
oscillations,0.5,0,2,-12.3,10.68,q3,"(100, 100)",-0.0010547794591696995,0.06317666987748428,2.0223911880734635e-19,0.06337433204289566
oscillations,0.5,0,2,-12.3,10.68,q4,"(100, 100)",0.0010312070029440924,0.0635635054435012,2.0223911880734635e-19,0.06337433204289566
oscillations,0.5,1,2,-12.3,10.68,q1,"(100, 100)",5.790794463422146e-05,0.06339496763182542,-9.296793038227739e-21,0.06366370076976202
oscillations,0.5,1,2,-12.3,10.68,q2,"(100, 100)",-5.5464088085200574e-05,0.06294745926207125,-9.296793038227739e-21,0.06366370076976202
oscillations,0.5,1,2,-12.3,10.68,q3,"(100, 100)",0.00010572473271661704,0.0647929612439276,-9.296793038227739e-21,0.06366370076976202
oscillations,0.5,1,2,-12.3,10.68,q4,"(100, 100)",-0.00010544336283580143,0.06350479928929102,-9.296793038227739e-21,0.06366370076976202
oscillations,0.5,2,2,-12.3,10.68,q1,"(100, 100)",-0.0007421197530430198,0.06296271820108512,-4.649564555763282e-21,0.0631295663075325
oscillations,0.5,2,2,-12.3,10.68,q2,"(100, 100)",0.0007104364795140892,0.06233067850178736,-4.649564555763282e-21,0.0631295663075325
oscillations,0.5,2,2,-12.3,10.68,q3,"(100, 100)",0.000452725733279474,0.06369391154616189,-4.649564555763282e-21,0.0631295663075325
oscillations,0.5,2,2,-12.3,10.68,q4,"(100, 100)",-0.00047048271122188134,0.06351743369833573,-4.649564555763282e-21,0.0631295663075325
oscillations,0.5,3,2,-12.3,10.68,q1,"(100, 100)",-0.00035112406428509436,0.06320585740064938,2.7420947108541626e-19,0.06332645826813037
oscillations,0.5,3,2,-12.3,10.68,q2,"(100, 100)",0.0003539509604752464,0.06320472108214292,2.7420947108541626e-19,0.06332645826813037
oscillations,0.5,3,2,-12.3,10.68,q3,"(100, 100)",0.0008745457015137748,0.06371002266565627,2.7420947108541626e-19,0.06332645826813037
oscillations,0.5,3,2,-12.3,10.68,q4,"(100, 100)",-0.0008941383750711092,0.06316438953615408,2.7420947108541626e-19,0.06332645826813037
oscillations,0.5,4,2,-12.3,10.68,q1,"(100, 100)",0.00025075331343977244,0.06444268333053997,-1.4430571808545012e-19,0.06432465289231225
oscillations,0.5,4,2,-12.3,10.68,q2,"(100, 100)",-0.0002561192980684097,0.06404703441381418,-1.4430571808545012e-19,0.06432465289231225
oscillations,0.5,4,2,-12.3,10.68,q3,"(100, 100)",-0.001322404177656569,0.06453928198263834,-1.4430571808545012e-19,0.06432465289231225
oscillations,0.5,4,2,-12.3,10.68,q4,"(100, 100)",0.001343826857551107,0.06423261392840349,-1.4430571808545012e-19,0.06432465289231225
oscillations,0.5,5,2,-12.3,10.68,q1,"(100, 100)",-0.0008406257709263646,0.06334240497736483,2.3015344551028246e-19,0.06413575364670862
oscillations,0.5,5,2,-12.3,10.68,q2,"(100, 100)",0.0008675578849233246,0.0636624677035947,2.3015344551028246e-19,0.06413575364670862
oscillations,0.5,5,2,-12.3,10.68,q3,"(100, 100)",0.00012691103182121816,0.06492514575458286,2.3015344551028246e-19,0.06413575364670862
oscillations,0.5,5,2,-12.3,10.68,q4,"(100, 100)",-0.0001278915335786541,0.06458880435831697,2.3015344551028246e-19,0.06413575364670862
oscillations,0.5,6,2,-12.3,10.68,q1,"(100, 100)",0.002433824720842971,0.06306274979389055,-6.048993847496662e-20,0.06373852718993794
oscillations,0.5,6,2,-12.3,10.68,q2,"(100, 100)",-0.0023204750618204383,0.06396259672450763,-6.048993847496662e-20,0.06373852718993794
oscillations,0.5,6,2,-12.3,10.68,q3,"(100, 100)",0.000542846018504582,0.0636653489722402,-6.048993847496662e-20,0.06373852718993794
oscillations,0.5,6,2,-12.3,10.68,q4,"(100, 100)",-0.0005572089728612163,0.06414865534372052,-6.048993847496662e-20,0.06373852718993794
oscillations,0.5,7,2,-12.3,10.68,q1,"(100, 100)",2.6278681073178264e-05,0.06425421951585318,1.6749655890749156e-19,0.06361110968349752
oscillations,0.5,7,2,-12.3,10.68,q2,"(100, 100)",-2.509995395380058e-05,0.06347696355225887,1.6749655890749156e-19,0.06361110968349752
oscillations,0.5,7,2,-12.3,10.68,q3,"(100, 100)",0.0005926420244841471,0.06282509078863255,1.6749655890749156e-19,0.06361110968349752
oscillations,0.5,7,2,-12.3,10.68,q4,"(100, 100)",-0.0006088541163393363,0.06391221448912099,1.6749655890749156e-19,0.06361110968349752
oscillations,0.5,8,2,-12.3,10.68,q1,"(100, 100)",0.0007619133749943712,0.06353817757564213,-2.5587607423057162e-20,0.06453831567869696
oscillations,0.5,8,2,-12.3,10.68,q2,"(100, 100)",-0.0007350924348055216,0.06678892176839968,-2.5587607423057162e-20,0.06453831567869696
oscillations,0.5,8,2,-12.3,10.68,q3,"(100, 100)",-0.0015781607689240443,0.0640779089773492,-2.5587607423057162e-20,0.06453831567869696
oscillations,0.5,8,2,-12.3,10.68,q4,"(100, 100)",0.0015813716758801462,0.06355681266105374,-2.5587607423057162e-20,0.06453831567869696
oscillations,0.5,9,2,-12.3,10.68,q1,"(100, 100)",-0.0013438452431379225,0.06388992906425328,-3.2527880346459467e-20,0.06327982810568354
oscillations,0.5,9,2,-12.3,10.68,q2,"(100, 100)",0.001316887464940572,0.06279225003515845,-3.2527880346459467e-20,0.06327982810568354
oscillations,0.5,9,2,-12.3,10.68,q3,"(100, 100)",-0.0006845947591349582,0.06224994850631518,-3.2527880346459467e-20,0.06327982810568354
oscillations,0.5,9,2,-12.3,10.68,q4,"(100, 100)",0.0006891556835795619,0.06415242833176114,-3.2527880346459467e-20,0.06327982810568354
oscillations,0.5,10,2,-12.3,10.68,q1,"(100, 100)",5.988527986473001e-05,0.06489366339275397,-2.5818058269796443e-19,0.06425301824607003
oscillations,0.5,10,2,-12.3,10.68,q2,"(100, 100)",-5.776891526218154e-05,0.06367648412504867,-2.5818058269796443e-19,0.06425301824607003
oscillations,0.5,10,2,-12.3,10.68,q3,"(100, 100)",-0.0005835964940048141,0.06349469697933546,-2.5818058269796443e-19,0.06425301824607003
oscillations,0.5,10,2,-12.3,10.68,q4,"(100, 100)",0.0006013841953631798,0.06497089685171993,-2.5818058269796443e-19,0.06425301824607003
oscillations,0.5,11,2,-12.3,10.68,q1,"(100, 100)",-0.0021394732224771064,0.06377339724788487,-2.8355218766594604e-19,0.06369163609034045
oscillations,0.5,11,2,-12.3,10.68,q2,"(100, 100)",0.002116583505620112,0.0623810701216389,-2.8355218766594604e-19,0.06369163609034045
oscillations,0.5,11,2,-12.3,10.68,q3,"(100, 100)",-0.00020726444002737925,0.06451434905766633,-2.8355218766594604e-19,0.06369163609034045
oscillations,0.5,11,2,-12.3,10.68,q4,"(100, 100)",0.0002153039589668554,0.06399574337697676,-2.8355218766594604e-19,0.06369163609034045
oscillations,0.5,12,2,-12.3,10.68,q1,"(100, 100)",-0.0005587059530200679,0.06372091250509497,1.0223903952178084e-19,0.06370620163732979
oscillations,0.5,12,2,-12.3,10.68,q2,"(100, 100)",0.0005605652074394358,0.06429768210460803,1.0223903952178084e-19,0.06370620163732979
oscillations,0.5,12,2,-12.3,10.68,q3,"(100, 100)",0.00025527746935372043,0.06336893292982511,1.0223903952178084e-19,0.06370620163732979
oscillations,0.5,12,2,-12.3,10.68,q4,"(100, 100)",-0.00025796277697162515,0.06341843232369668,1.0223903952178084e-19,0.06370620163732979
oscillations,0.5,13,2,-12.3,10.68,q1,"(100, 100)",0.0009547594222984061,0.06507735947826176,7.439303289221251e-20,0.06428965606583743
oscillations,0.5,13,2,-12.3,10.68,q2,"(100, 100)",-0.0009509301732784927,0.06551325842254739,7.439303289221251e-20,0.06428965606583743
oscillations,0.5,13,2,-12.3,10.68,q3,"(100, 100)",-0.0003156689429967096,0.06311813538288855,7.439303289221251e-20,0.06428965606583743
oscillations,0.5,13,2,-12.3,10.68,q4,"(100, 100)",0.00031704740999669533,0.06339887752465931,7.439303289221251e-20,0.06428965606583743
oscillations,0.5,14,2,-12.3,10.68,q1,"(100, 100)",0.0009260739000264259,0.06404828678418933,5.35058452065598e-20,0.0649845019139397
oscillations,0.5,14,2,-12.3,10.68,q2,"(100, 100)",-0.0008944683295483865,0.0647255973747299,5.35058452065598e-20,0.0649845019139397
oscillations,0.5,14,2,-12.3,10.68,q3,"(100, 100)",-0.001258897194034257,0.06513194694334455,5.35058452065598e-20,0.0649845019139397
oscillations,0.5,14,2,-12.3,10.68,q4,"(100, 100)",0.0013076783905400034,0.06597101013997292,5.35058452065598e-20,0.0649845019139397
oscillations,0.5,15,2,-12.3,10.68,q1,"(100, 100)",0.00030197524409520147,0.06267891928757212,-1.3954537765524842e-20,0.06371444224563881
oscillations,0.5,15,2,-12.3,10.68,q2,"(100, 100)",-0.0003017742622355708,0.06570393126039559,-1.3954537765524842e-20,0.06371444224563881
oscillations,0.5,15,2,-12.3,10.68,q3,"(100, 100)",-0.000999967668606732,0.06268628596177225,-1.3954537765524842e-20,0.06371444224563881
oscillations,0.5,15,2,-12.3,10.68,q4,"(100, 100)",0.0009972714295272392,0.0637076160388247,-1.3954537765524842e-20,0.06371444224563881
oscillations,0.5,16,2,-12.3,10.68,q1,"(100, 100)",-0.0002745060333671986,0.06448174226786169,-6.038870008421353e-20,0.06453946628816415
oscillations,0.5,16,2,-12.3,10.68,q2,"(100, 100)",0.0002771981791120914,0.06543004573494028,-6.038870008421353e-20,0.06453946628816415
oscillations,0.5,16,2,-12.3,10.68,q3,"(100, 100)",0.0011401519087751192,0.06420148756705024,-6.038870008421353e-20,0.06453946628816415
oscillations,0.5,16,2,-12.3,10.68,q4,"(100, 100)",-0.0011783628224409071,0.06402413680712093,-6.038870008421353e-20,0.06453946628816415
oscillations,0.5,17,2,-12.3,10.68,q1,"(100, 100)",0.0011526131930714343,0.06389657776102121,-1.2311034460024542e-19,0.06369259599355606
oscillations,0.5,17,2,-12.3,10.68,q2,"(100, 100)",-0.001144574376381132,0.06344064491954582,-1.2311034460024542e-19,0.06369259599355606
oscillations,0.5,17,2,-12.3,10.68,q3,"(100, 100)",-0.00041948609898679684,0.06313823961497328,-1.2311034460024542e-19,0.06369259599355606
oscillations,0.5,17,2,-12.3,10.68,q4,"(100, 100)",0.00042260074433870637,0.06427159388845749,-1.2311034460024542e-19,0.06369259599355606
oscillations,0.5,18,2,-12.3,10.68,q1,"(100, 100)",-0.0003003912654492168,0.0627152666712245,-3.486589349589094e-20,0.06387826925826577
oscillations,0.5,18,2,-12.3,10.68,q2,"(100, 100)",0.00029515590304579414,0.0642439625947776,-3.486589349589094e-20,0.06387826925826577
oscillations,0.5,18,2,-12.3,10.68,q3,"(100, 100)",-3.4413962695419974e-05,0.0643842625224432,-3.486589349589094e-20,0.06387826925826577
oscillations,0.5,18,2,-12.3,10.68,q4,"(100, 100)",3.422819231649718e-05,0.06415645772830661,-3.486589349589094e-20,0.06387826925826577
oscillations,0.5,19,2,-12.3,10.68,q1,"(100, 100)",-0.0015963136873743007,0.06411852172348625,3.7208982811065154e-20,0.06428325716070125
oscillations,0.5,19,2,-12.3,10.68,q2,"(100, 100)",0.0015346941883895456,0.06337531250313173,3.7208982811065154e-20,0.06428325716070125
oscillations,0.5,19,2,-12.3,10.68,q3,"(100, 100)",-0.0012945979967128691,0.0646697961602241,3.7208982811065154e-20,0.06428325716070125
oscillations,0.5,19,2,-12.3,10.68,q4,"(100, 100)",0.0013085043867413384,0.06490209605496094,3.7208982811065154e-20,0.06428325716070125
oscillations,0.5,20,2,-12.3,10.68,q1,"(100, 100)",-0.0010651009620758294,0.06398448545571922,-9.296014607930642e-21,0.06424386798730816
oscillations,0.5,20,2,-12.3,10.68,q2,"(100, 100)",0.0010145478885894151,0.06389510924015011,-9.296014607930642e-21,0.06424386798730816
oscillations,0.5,20,2,-12.3,10.68,q3,"(100, 100)",-0.00048753262856225893,0.06494717234908699,-9.296014607930642e-21,0.06424386798730816
oscillations,0.5,20,2,-12.3,10.68,q4,"(100, 100)",0.0004970856327705733,0.064115433134587,-9.296014607930642e-21,0.06424386798730816
oscillations,0.5,21,2,-12.3,10.68,q1,"(100, 100)",0.000608033126499586,0.06397034181646125,-2.5811569146571793e-19,0.06434860599214311
oscillations,0.5,21,2,-12.3,10.68,q2,"(100, 100)",-0.0006029661837787569,0.06362125299377785,-2.5811569146571793e-19,0.06434860599214311
oscillations,0.5,21,2,-12.3,10.68,q3,"(100, 100)",-0.00013297497332504638,0.06574645174456026,-2.5811569146571793e-19,0.06434860599214311
oscillations,0.5,21,2,-12.3,10.68,q4,"(100, 100)",0.00013195277266111666,0.06403992434466084,-2.5811569146571793e-19,0.06434860599214311
oscillations,0.5,22,2,-12.3,10.68,q1,"(100, 100)",0.0008071553723858059,0.06587126150282706,-1.2542268479028965e-19,0.06478304982289608
oscillations,0.5,22,2,-12.3,10.68,q2,"(100, 100)",-0.0007847861703797328,0.06381875768674498,-1.2542268479028965e-19,0.06478304982289608
oscillations,0.5,22,2,-12.3,10.68,q3,"(100, 100)",-0.0004608075583339846,0.06492961108305803,-1.2542268479028965e-19,0.06478304982289608
oscillations,0.5,22,2,-12.3,10.68,q4,"(100, 100)",0.0004611163071167878,0.06451106453593229,-1.2542268479028965e-19,0.06478304982289608
oscillations,0.5,23,2,-12.3,10.68,q1,"(100, 100)",-0.0009561658498520944,0.06449177866049613,-2.786238141103789e-20,0.06370884006763002
oscillations,0.5,23,2,-12.3,10.68,q2,"(100, 100)",0.0009571274648536218,0.06212530473976604,-2.786238141103789e-20,0.06370884006763002
oscillations,0.5,23,2,-12.3,10.68,q3,"(100, 100)",-0.0004547212148370001,0.06480407038682419,-2.786238141103789e-20,0.06370884006763002
oscillations,0.5,23,2,-12.3,10.68,q4,"(100, 100)",0.0004560908570503646,0.06335630079588413,-2.786238141103789e-20,0.06370884006763002
oscillations,0.5,24,2,-12.3,10.68,q1,"(100, 100)",0.00042596484199893426,0.06362332215861466,4.4137590952205337e-20,0.0637996905695313
oscillations,0.5,24,2,-12.3,10.68,q2,"(100, 100)",-0.00041490818387050917,0.06355200708272789,4.4137590952205337e-20,0.0637996905695313
oscillations,0.5,24,2,-12.3,10.68,q3,"(100, 100)",0.00012481949954313215,0.06488835891859247,4.4137590952205337e-20,0.0637996905695313
oscillations,0.5,24,2,-12.3,10.68,q4,"(100, 100)",-0.0001234986582781256,0.063122930247825,4.4137590952205337e-20,0.0637996905695313
oscillations,0.5,25,2,-12.3,10.68,q1,"(100, 100)",-3.885518595405291e-05,0.06374328815448958,3.5313028321550137e-19,0.06437282174089508
oscillations,0.5,25,2,-12.3,10.68,q2,"(100, 100)",3.749608007073073e-05,0.06495790256845042,3.5313028321550137e-19,0.06437282174089508
oscillations,0.5,25,2,-12.3,10.68,q3,"(100, 100)",-0.00012254623448598533,0.06417856174166693,3.5313028321550137e-19,0.06437282174089508
oscillations,0.5,25,2,-12.3,10.68,q4,"(100, 100)",0.00012580967125276876,0.06458887430399267,3.5313028321550137e-19,0.06437282174089508
oscillations,0.5,26,2,-12.3,10.68,q1,"(100, 100)",0.0004909119064167991,0.06395864612830489,0.0,0.06432399506936567
oscillations,0.5,26,2,-12.3,10.68,q2,"(100, 100)",-0.0004730459321176955,0.06446137098100192,0.0,0.06432399506936567
oscillations,0.5,26,2,-12.3,10.68,q3,"(100, 100)",0.002030654343427122,0.06481774030418581,0.0,0.06432399506936567
oscillations,0.5,26,2,-12.3,10.68,q4,"(100, 100)",-0.0020265575290153662,0.06397987398604751,0.0,0.06432399506936567
oscillations,0.5,27,2,-12.3,10.68,q1,"(100, 100)",0.00084004504984619,0.06374533321042175,2.7892714796712753e-20,0.0640645945150076
oscillations,0.5,27,2,-12.3,10.68,q2,"(100, 100)",-0.0008621666192162844,0.06377722618717359,2.7892714796712753e-20,0.0640645945150076
oscillations,0.5,27,2,-12.3,10.68,q3,"(100, 100)",0.0015462923837657745,0.06486194768230046,2.7892714796712753e-20,0.0640645945150076
oscillations,0.5,27,2,-12.3,10.68,q4,"(100, 100)",-0.0015669924156769637,0.06380215171410121,2.7892714796712753e-20,0.0640645945150076
oscillations,0.5,28,2,-12.3,10.68,q1,"(100, 100)",0.0005715882853206619,0.06270234167302727,5.1192376219302155e-20,0.0633162161476778
oscillations,0.5,28,2,-12.3,10.68,q2,"(100, 100)",-0.0005610317521800854,0.06344567901961626,5.1192376219302155e-20,0.0633162161476778
oscillations,0.5,28,2,-12.3,10.68,q3,"(100, 100)",0.00011185266172593948,0.0641085710563683,5.1192376219302155e-20,0.0633162161476778
oscillations,0.5,28,2,-12.3,10.68,q4,"(100, 100)",-0.00011019476654225439,0.0629857852309715,5.1192376219302155e-20,0.0633162161476778
oscillations,0.5,29,2,-12.3,10.68,q1,"(100, 100)",0.0009431439608049697,0.06293100669352585,-3.256604581116366e-20,0.0639109692744408
oscillations,0.5,29,2,-12.3,10.68,q2,"(100, 100)",-0.0009147264996491457,0.06324703560805904,-3.256604581116366e-20,0.0639109692744408
oscillations,0.5,29,2,-12.3,10.68,q3,"(100, 100)",-0.00026456358577042185,0.06514836507276534,-3.256604581116366e-20,0.0639109692744408
oscillations,0.5,29,2,-12.3,10.68,q4,"(100, 100)",0.00026579125902225615,0.06422843089181035,-3.256604581116366e-20,0.0639109692744408
oscillations,0.5,30,2,-12.3,10.68,q1,"(100, 100)",-0.0016215227238203236,0.0640371174905326,-1.4639997185068834e-19,0.06481587553062983
oscillations,0.5,30,2,-12.3,10.68,q2,"(100, 100)",0.0016258831210608491,0.06367765133010005,-1.4639997185068834e-19,0.06481587553062983
oscillations,0.5,30,2,-12.3,10.68,q3,"(100, 100)",0.0016456464134927062,0.06557487171416652,-1.4639997185068834e-19,0.06481587553062983
oscillations,0.5,30,2,-12.3,10.68,q4,"(100, 100)",-0.0016913588138675042,0.06585750143055856,-1.4639997185068834e-19,0.06481587553062983
oscillations,0.5,31,2,-12.3,10.68,q1,"(100, 100)",-0.0005897059208814191,0.06507466600074821,7.90425974479758e-20,0.06460397039345821
oscillations,0.5,31,2,-12.3,10.68,q2,"(100, 100)",0.0005817994647806541,0.06467478359803362,7.90425974479758e-20,0.06460397039345821
oscillations,0.5,31,2,-12.3,10.68,q3,"(100, 100)",0.0013791654069188056,0.06468804603503052,7.90425974479758e-20,0.06460397039345821
oscillations,0.5,31,2,-12.3,10.68,q4,"(100, 100)",-0.001441701682781883,0.06390241557361455,7.90425974479758e-20,0.06460397039345821
oscillations,0.5,32,2,-12.3,10.68,q1,"(100, 100)",-0.000152362342524215,0.06371572340223194,1.2081784128684944e-19,0.06383374285798732
oscillations,0.5,32,2,-12.3,10.68,q2,"(100, 100)",0.00014973714643035896,0.06369292405362617,1.2081784128684944e-19,0.06383374285798732
oscillations,0.5,32,2,-12.3,10.68,q3,"(100, 100)",0.0009911933184434901,0.06381663227694566,1.2081784128684944e-19,0.06383374285798732
oscillations,0.5,32,2,-12.3,10.68,q4,"(100, 100)",-0.0009865491730424829,0.06409371868951279,1.2081784128684944e-19,0.06383374285798732
oscillations,0.5,33,2,-12.3,10.68,q1,"(100, 100)",0.0008890032446473818,0.06425955614820639,1.3944021911895964e-19,0.06380083316716899
oscillations,0.5,33,2,-12.3,10.68,q2,"(100, 100)",-0.000904320530281509,0.06404268457795706,1.3944021911895964e-19,0.06380083316716899
oscillations,0.5,33,2,-12.3,10.68,q3,"(100, 100)",0.00022222238719791512,0.06396431215859492,1.3944021911895964e-19,0.06380083316716899
oscillations,0.5,33,2,-12.3,10.68,q4,"(100, 100)",-0.00022207359416999544,0.06291352588731154,1.3944021911895964e-19,0.06380083316716899
oscillations,0.5,34,2,-12.3,10.68,q1,"(100, 100)",0.0010565797242476957,0.06321112970965298,5.810495648892336e-20,0.06399181579523783
oscillations,0.5,34,2,-12.3,10.68,q2,"(100, 100)",-0.0010380125076080646,0.06444742938753034,5.810495648892336e-20,0.06399181579523783
oscillations,0.5,34,2,-12.3,10.68,q3,"(100, 100)",-0.00036315763873221346,0.06444693348593977,5.810495648892336e-20,0.06399181579523783
oscillations,0.5,34,2,-12.3,10.68,q4,"(100, 100)",0.00037041587067164434,0.06381790194567047,5.810495648892336e-20,0.06399181579523783
oscillations,0.5,35,2,-12.3,10.68,q1,"(100, 100)",0.00045210999263258715,0.0637507768474367,-2.0909029927233633e-20,0.06431133075792357
oscillations,0.5,35,2,-12.3,10.68,q2,"(100, 100)",-0.00044768949708762944,0.06358157250972371,-2.0909029927233633e-20,0.06431133075792357
oscillations,0.5,35,2,-12.3,10.68,q3,"(100, 100)",-0.0002390638199892847,0.06472159974655686,-2.0909029927233633e-20,0.06431133075792357
oscillations,0.5,35,2,-12.3,10.68,q4,"(100, 100)",0.00025678440513605386,0.06516054299674122,-2.0909029927233633e-20,0.06431133075792357
oscillations,0.5,36,2,-12.3,10.68,q1,"(100, 100)",0.0011790391828278755,0.06463356328827892,-9.522036651667521e-20,0.06435104295738847
oscillations,0.5,36,2,-12.3,10.68,q2,"(100, 100)",-0.001158624587372182,0.06338497718082484,-9.522036651667521e-20,0.06435104295738847
oscillations,0.5,36,2,-12.3,10.68,q3,"(100, 100)",-0.0013177933829524111,0.06461114772552332,-9.522036651667521e-20,0.06435104295738847
oscillations,0.5,36,2,-12.3,10.68,q4,"(100, 100)",0.0013458700804586132,0.06474952603428662,-9.522036651667521e-20,0.06435104295738847
oscillations,0.5,37,2,-12.3,10.68,q1,"(100, 100)",-0.00011376150546304548,0.06468581753609512,4.6472290691718567e-20,0.06399719459039746
oscillations,0.5,37,2,-12.3,10.68,q2,"(100, 100)",0.0001145666930649075,0.06397066631608923,4.6472290691718567e-20,0.06399719459039746
oscillations,0.5,37,2,-12.3,10.68,q3,"(100, 100)",0.00033146273802359496,0.0633464003446661,4.6472290691718567e-20,0.06399719459039746
oscillations,0.5,37,2,-12.3,10.68,q4,"(100, 100)",-0.00032315704462109135,0.06397048682191707,4.6472290691718567e-20,0.06399719459039746
oscillations,0.5,38,2,-12.3,10.68,q1,"(100, 100)",0.00032207963831384277,0.06327524288075737,-4.092988109217167e-19,0.06464106381808492
oscillations,0.5,38,2,-12.3,10.68,q2,"(100, 100)",-0.00033006954553316053,0.06448807789262744,-4.092988109217167e-19,0.06464106381808492
oscillations,0.5,38,2,-12.3,10.68,q3,"(100, 100)",-0.0008981662118053844,0.06604515286796131,-4.092988109217167e-19,0.06464106381808492
oscillations,0.5,38,2,-12.3,10.68,q4,"(100, 100)",0.0009076625121348404,0.06475671126170274,-4.092988109217167e-19,0.06464106381808492
oscillations,0.5,39,2,-12.3,10.68,q1,"(100, 100)",0.0013606840089362793,0.06348669841954988,-1.3708178146007917e-19,0.06418265080870644
oscillations,0.5,39,2,-12.3,10.68,q2,"(100, 100)",-0.0013508044550760159,0.06309654856238583,-1.3708178146007917e-19,0.06418265080870644
oscillations,0.5,39,2,-12.3,10.68,q3,"(100, 100)",5.5754087273123395e-05,0.06466226148775468,-1.3708178146007917e-19,0.06418265080870644
oscillations,0.5,39,2,-12.3,10.68,q4,"(100, 100)",-5.63613475837907e-05,0.06547286647313055,-1.3708178146007917e-19,0.06418265080870644
oscillations,0.5,40,2,-12.3,10.68,q1,"(100, 100)",-0.000523874571520217,0.06363644334556269,1.3489386506674016e-19,0.06383486159378735
oscillations,0.5,40,2,-12.3,10.68,q2,"(100, 100)",0.0005119879074508669,0.06328834232983924,1.3489386506674016e-19,0.06383486159378735
oscillations,0.5,40,2,-12.3,10.68,q3,"(100, 100)",-0.0004753298449358552,0.06454467999252417,1.3489386506674016e-19,0.06383486159378735
oscillations,0.5,40,2,-12.3,10.68,q4,"(100, 100)",0.0004691090852202521,0.06387561266113612,1.3489386506674016e-19,0.06383486159378735
oscillations,0.5,41,2,-12.3,10.68,q1,"(100, 100)",-0.0012949464568454045,0.06502347448925143,-1.4873623372689027e-19,0.06431134843499436
oscillations,0.5,41,2,-12.3,10.68,q2,"(100, 100)",0.001270521589856593,0.06470984995775615,-1.4873623372689027e-19,0.06431134843499436
oscillations,0.5,41,2,-12.3,10.68,q3,"(100, 100)",0.0004972646244392584,0.06370664280654854,-1.4873623372689027e-19,0.06431134843499436
oscillations,0.5,41,2,-12.3,10.68,q4,"(100, 100)",-0.000506364010992875,0.06376316637323419,-1.4873623372689027e-19,0.06431134843499436
oscillations,0.5,42,2,-12.3,10.68,q1,"(100, 100)",0.0008281543243895323,0.06328912807947233,4.417086327975118e-20,0.06327003841720263
oscillations,0.5,42,2,-12.3,10.68,q2,"(100, 100)",-0.0007954569691870979,0.06357427438661437,4.417086327975118e-20,0.06327003841720263
oscillations,0.5,42,2,-12.3,10.68,q3,"(100, 100)",0.0007096829069867502,0.06386139840105379,4.417086327975118e-20,0.06327003841720263
oscillations,0.5,42,2,-12.3,10.68,q4,"(100, 100)",-0.0007250524577396425,0.062293019677984215,4.417086327975118e-20,0.06327003841720263
oscillations,0.5,43,2,-12.3,10.68,q1,"(100, 100)",-0.0014529671047204273,0.06271729386532124,1.1147750226342464e-19,0.06379832164320474
oscillations,0.5,43,2,-12.3,10.68,q2,"(100, 100)",0.001437847272479295,0.0632932006083572,1.1147750226342464e-19,0.06379832164320474
oscillations,0.5,43,2,-12.3,10.68,q3,"(100, 100)",0.0003874188407012014,0.06455462383196608,1.1147750226342464e-19,0.06379832164320474
oscillations,0.5,43,2,-12.3,10.68,q4,"(100, 100)",-0.000381800373664005,0.06454539616794011,1.1147750226342464e-19,0.06379832164320474
oscillations,0.5,44,2,-12.3,10.68,q1,"(100, 100)",0.0011248623583334475,0.06322594878252326,1.3015510253518833e-19,0.06432614766270967
oscillations,0.5,44,2,-12.3,10.68,q2,"(100, 100)",-0.0010893009859402102,0.06438685928547253,1.3015510253518833e-19,0.06432614766270967
oscillations,0.5,44,2,-12.3,10.68,q3,"(100, 100)",-0.0002395949023100169,0.06391879766552298,1.3015510253518833e-19,0.06432614766270967
oscillations,0.5,44,2,-12.3,10.68,q4,"(100, 100)",0.00024079048565487765,0.06569525849052012,1.3015510253518833e-19,0.06432614766270967
oscillations,0.5,45,2,-12.3,10.68,q1,"(100, 100)",-0.0005775434158427487,0.0658934295543576,-5.1166638473591093e-20,0.06425530048489506
oscillations,0.5,45,2,-12.3,10.68,q2,"(100, 100)",0.0005508406159028592,0.06443705443664363,-5.1166638473591093e-20,0.06425530048489506
oscillations,0.5,45,2,-12.3,10.68,q3,"(100, 100)",0.00035293464614027546,0.06373713347814691,-5.1166638473591093e-20,0.06425530048489506
oscillations,0.5,45,2,-12.3,10.68,q4,"(100, 100)",-0.0003541095284509959,0.06297510709827754,-5.1166638473591093e-20,0.06425530048489506
oscillations,0.5,46,2,-12.3,10.68,q1,"(100, 100)",0.0001546657480192532,0.06360951325594098,-5.932169794640326e-20,0.06401360541933884
oscillations,0.5,46,2,-12.3,10.68,q2,"(100, 100)",-0.00015148205732297458,0.06451612230715043,-5.932169794640326e-20,0.06401360541933884
oscillations,0.5,46,2,-12.3,10.68,q3,"(100, 100)",0.00031751372753448584,0.06442133987707194,-5.932169794640326e-20,0.06401360541933884
oscillations,0.5,46,2,-12.3,10.68,q4,"(100, 100)",-0.00032039924441211324,0.06348522908588455,-5.932169794640326e-20,0.06401360541933884
oscillations,0.5,47,2,-12.3,10.68,q1,"(100, 100)",0.000983388084620517,0.06366701700399775,1.9185881761955471e-19,0.06317957788652126
oscillations,0.5,47,2,-12.3,10.68,q2,"(100, 100)",-0.0009764628164189638,0.06389960906214034,1.9185881761955471e-19,0.06317957788652126
oscillations,0.5,47,2,-12.3,10.68,q3,"(100, 100)",-0.0015737246983772997,0.06209566672014013,1.9185881761955471e-19,0.06317957788652126
oscillations,0.5,47,2,-12.3,10.68,q4,"(100, 100)",0.0015863820015814066,0.06299856963806603,1.9185881761955471e-19,0.06317957788652126
oscillations,0.5,48,2,-12.3,10.68,q1,"(100, 100)",0.0013624210502119257,0.06474133144903832,2.1150204161968104e-19,0.06498799292543078
oscillations,0.5,48,2,-12.3,10.68,q2,"(100, 100)",-0.001328371724392752,0.06650850577891179,2.1150204161968104e-19,0.06498799292543078
oscillations,0.5,48,2,-12.3,10.68,q3,"(100, 100)",-0.0006272791316002153,0.06318041957288337,2.1150204161968104e-19,0.06498799292543078
oscillations,0.5,48,2,-12.3,10.68,q4,"(100, 100)",0.0006247480792871009,0.0654002828408781,2.1150204161968104e-19,0.06498799292543078
oscillations,0.5,49,2,-12.3,10.68,q1,"(100, 100)",-0.00028289947590420285,0.06307026387600843,-1.209089328987772e-19,0.0641559108529781
oscillations,0.5,49,2,-12.3,10.68,q2,"(100, 100)",0.0002896650937085405,0.06485861626157524,-1.209089328987772e-19,0.0641559108529781
oscillations,0.5,49,2,-12.3,10.68,q3,"(100, 100)",-0.0011049526372252834,0.0640771106550503,-1.209089328987772e-19,0.0641559108529781
oscillations,0.5,49,2,-12.3,10.68,q4,"(100, 100)",0.0011067917727732605,0.06459843986082878,-1.209089328987772e-19,0.0641559108529781
oscillations,0.5,0,3,-17.0,8.65,q1,"(100, 100)",0.0007672807377280506,0.06329420154686638,-1.1156151645873287e-19,0.06428812616064203
oscillations,0.5,0,3,-17.0,8.65,q2,"(100, 100)",-0.000727881200175195,0.06398237439360982,-1.1156151645873287e-19,0.06428812616064203
oscillations,0.5,0,3,-17.0,8.65,q3,"(100, 100)",0.0006633922317968354,0.06509165381598225,-1.1156151645873287e-19,0.06428812616064203
oscillations,0.5,0,3,-17.0,8.65,q4,"(100, 100)",-0.0006490085631704911,0.06471877099309355,-1.1156151645873287e-19,0.06428812616064203
oscillations,0.5,1,3,-17.0,8.65,q1,"(100, 100)",0.0008193090753153673,0.06354357716280373,-1.650042592907689e-19,0.06432490157110152
oscillations,0.5,1,3,-17.0,8.65,q2,"(100, 100)",-0.000820942792314999,0.06438729571989929,-1.650042592907689e-19,0.06432490157110152
oscillations,0.5,1,3,-17.0,8.65,q3,"(100, 100)",0.0007057153538243964,0.06429641591241649,-1.650042592907689e-19,0.06432490157110152
oscillations,0.5,1,3,-17.0,8.65,q4,"(100, 100)",-0.0007088221264622956,0.06506012136647148,-1.650042592907689e-19,0.06432490157110152
oscillations,0.5,2,3,-17.0,8.65,q1,"(100, 100)",-0.00021609259876288273,0.06303363193247717,-2.324782277881641e-21,0.06424370066649467
oscillations,0.5,2,3,-17.0,8.65,q2,"(100, 100)",0.0002127366704903999,0.06466904099378029,-2.324782277881641e-21,0.06424370066649467
oscillations,0.5,2,3,-17.0,8.65,q3,"(100, 100)",-0.0006517893025650134,0.0643997042745979,-2.324782277881641e-21,0.06424370066649467
oscillations,0.5,2,3,-17.0,8.65,q4,"(100, 100)",0.000654159445483432,0.06481467822410229,-2.324782277881641e-21,0.06424370066649467
oscillations,0.5,3,3,-17.0,8.65,q1,"(100, 100)",0.0003079362359800332,0.0647090071385706,6.5061206968406e-20,0.06416128059290069
oscillations,0.5,3,3,-17.0,8.65,q2,"(100, 100)",-0.0003054461855543189,0.06309258284766626,6.5061206968406e-20,0.06416128059290069
oscillations,0.5,3,3,-17.0,8.65,q3,"(100, 100)",-0.0008400031346352091,0.06510770365915686,6.5061206968406e-20,0.06416128059290069
oscillations,0.5,3,3,-17.0,8.65,q4,"(100, 100)",0.0008985007800317605,0.06364931017804713,6.5061206968406e-20,0.06416128059290069
oscillations,0.5,4,3,-17.0,8.65,q1,"(100, 100)",-0.00025820432415877447,0.06475356947175277,-1.673562887802765e-19,0.06436772407565967
oscillations,0.5,4,3,-17.0,8.65,q2,"(100, 100)",0.00025097123885660686,0.0635291598939161,-1.673562887802765e-19,0.06436772407565967
oscillations,0.5,4,3,-17.0,8.65,q3,"(100, 100)",0.0001222564825871482,0.06467688621009007,-1.673562887802765e-19,0.06436772407565967
oscillations,0.5,4,3,-17.0,8.65,q4,"(100, 100)",-0.0001227142161843101,0.06453264797231531,-1.673562887802765e-19,0.06436772407565967
oscillations,0.5,5,3,-17.0,8.65,q1,"(100, 100)",-0.0006804397353978069,0.06247140109689883,-2.348030100660458e-19,0.06322822597626944
oscillations,0.5,5,3,-17.0,8.65,q2,"(100, 100)",0.0006931647219489388,0.06240410738387363,-2.348030100660458e-19,0.06322822597626944
oscillations,0.5,5,3,-17.0,8.65,q3,"(100, 100)",-0.00048053487033875155,0.06379147391212675,-2.348030100660458e-19,0.06322822597626944
oscillations,0.5,5,3,-17.0,8.65,q4,"(100, 100)",0.0004610812876022168,0.06418938131918321,-2.348030100660458e-19,0.06322822597626944
oscillations,0.5,6,3,-17.0,8.65,q1,"(100, 100)",0.0024813835962020237,0.0637794505405063,1.4400382327773997e-19,0.06404621857399616
oscillations,0.5,6,3,-17.0,8.65,q2,"(100, 100)",-0.0024905863000314987,0.06219916337796035,1.4400382327773997e-19,0.06404621857399616
oscillations,0.5,6,3,-17.0,8.65,q3,"(100, 100)",-0.0014577056835421555,0.06543148480911427,1.4400382327773997e-19,0.06404621857399616
oscillations,0.5,6,3,-17.0,8.65,q4,"(100, 100)",0.0015196618924652324,0.06455696948771003,1.4400382327773997e-19,0.06404621857399616
oscillations,0.5,7,3,-17.0,8.65,q1,"(100, 100)",0.00030578908235346297,0.06509333054921752,2.5105545782980926e-19,0.06437311900241952
oscillations,0.5,7,3,-17.0,8.65,q2,"(100, 100)",-0.00029781997162056244,0.06485508455256417,2.5105545782980926e-19,0.06437311900241952
oscillations,0.5,7,3,-17.0,8.65,q3,"(100, 100)",-0.0010352984376709139,0.06390832561965516,2.5105545782980926e-19,0.06437311900241952
oscillations,0.5,7,3,-17.0,8.65,q4,"(100, 100)",0.0010931678799947148,0.06362523113683935,2.5105545782980926e-19,0.06437311900241952
oscillations,0.5,8,3,-17.0,8.65,q1,"(100, 100)",-7.480673849537888e-05,0.06411190750810761,-1.2791659618397773e-20,0.06352435127319965
oscillations,0.5,8,3,-17.0,8.65,q2,"(100, 100)",7.13416431839965e-05,0.06250934509036057,-1.2791659618397773e-20,0.06352435127319965
oscillations,0.5,8,3,-17.0,8.65,q3,"(100, 100)",-0.0018828846060363201,0.0642202705525752,-1.2791659618397773e-20,0.06352435127319965
oscillations,0.5,8,3,-17.0,8.65,q4,"(100, 100)",0.0019410062136174958,0.06320212142374326,-1.2791659618397773e-20,0.06352435127319965
oscillations,0.5,9,3,-17.0,8.65,q1,"(100, 100)",-0.00019939595647873101,0.06345587083764768,-3.207930850047563e-19,0.06291457916607118
oscillations,0.5,9,3,-17.0,8.65,q2,"(100, 100)",0.00020206703426143332,0.061166482228344136,-3.207930850047563e-19,0.06291457916607118
oscillations,0.5,9,3,-17.0,8.65,q3,"(100, 100)",0.0011815642586627568,0.06386074943183641,-3.207930850047563e-19,0.06291457916607118
oscillations,0.5,9,3,-17.0,8.65,q4,"(100, 100)",-0.0012000450325146742,0.06311355647660719,-3.207930850047563e-19,0.06291457916607118
oscillations,0.5,10,3,-17.0,8.65,q1,"(100, 100)",-0.00035627889854126827,0.0635634009007609,2.7892714796712753e-20,0.06385171560412514
oscillations,0.5,10,3,-17.0,8.65,q2,"(100, 100)",0.000368383088985876,0.06481526115917442,2.7892714796712753e-20,0.06385171560412514
oscillations,0.5,10,3,-17.0,8.65,q3,"(100, 100)",0.00015431992257715718,0.06324916739560736,2.7892714796712753e-20,0.06385171560412514
oscillations,0.5,10,3,-17.0,8.65,q4,"(100, 100)",-0.0001543199225771577,0.06379644544579488,2.7892714796712753e-20,0.06385171560412514
oscillations,0.5,11,3,-17.0,8.65,q1,"(100, 100)",-0.000776097120877218,0.06317076550640177,3.022976566715616e-20,0.06384929846522755
oscillations,0.5,11,3,-17.0,8.65,q2,"(100, 100)",0.0008024233461444233,0.06470043308608164,3.022976566715616e-20,0.06384929846522755
oscillations,0.5,11,3,-17.0,8.65,q3,"(100, 100)",-0.0003408030272594372,0.0648738479634319,3.022976566715616e-20,0.06384929846522755
oscillations,0.5,11,3,-17.0,8.65,q4,"(100, 100)",0.0003394288215043591,0.06264011993938189,3.022976566715616e-20,0.06384929846522755
oscillations,0.5,12,3,-17.0,8.65,q1,"(100, 100)",-0.00016858991396252225,0.06328767345544127,-1.7450483453534818e-19,0.06412455966076204
oscillations,0.5,12,3,-17.0,8.65,q2,"(100, 100)",0.0001689293567423124,0.06463437864718385,-1.7450483453534818e-19,0.06412455966076204
oscillations,0.5,12,3,-17.0,8.65,q3,"(100, 100)",0.0009792627179546379,0.0629941069797327,-1.7450483453534818e-19,0.06412455966076204
oscillations,0.5,12,3,-17.0,8.65,q4,"(100, 100)",-0.0009723895504823636,0.06552658140232119,-1.7450483453534818e-19,0.06412455966076204
oscillations,0.5,13,3,-17.0,8.65,q1,"(100, 100)",-0.0014546747595646774,0.06310033208377201,-8.83121387753411e-20,0.06406424677232765
oscillations,0.5,13,3,-17.0,8.65,q2,"(100, 100)",0.0014197625653351253,0.06406333432577246,-8.83121387753411e-20,0.06406424677232765
oscillations,0.5,13,3,-17.0,8.65,q3,"(100, 100)",0.0005322919688892156,0.06382846468955805,-8.83121387753411e-20,0.06406424677232765
oscillations,0.5,13,3,-17.0,8.65,q4,"(100, 100)",-0.0005413955538702186,0.0651972779073313,-8.83121387753411e-20,0.06406424677232765
oscillations,0.5,14,3,-17.0,8.65,q1,"(100, 100)",-0.000799995082731712,0.0640203271506194,-4.0676875745206094e-19,0.06402641852818966
oscillations,0.5,14,3,-17.0,8.65,q2,"(100, 100)",0.0007919683762160086,0.06401682409332946,-4.0676875745206094e-19,0.06402641852818966
oscillations,0.5,14,3,-17.0,8.65,q3,"(100, 100)",-0.0004141861696239714,0.0637855417903223,-4.0676875745206094e-19,0.06402641852818966
oscillations,0.5,14,3,-17.0,8.65,q4,"(100, 100)",0.0004289634539632565,0.06427797148641021,-4.0676875745206094e-19,0.06402641852818966
oscillations,0.5,15,3,-17.0,8.65,q1,"(100, 100)",0.00023943326403639336,0.06363654945041626,1.0223048108887261e-19,0.06471765191023494
oscillations,0.5,15,3,-17.0,8.65,q2,"(100, 100)",-0.00024232671737822303,0.06393192711578992,1.0223048108887261e-19,0.06471765191023494
oscillations,0.5,15,3,-17.0,8.65,q3,"(100, 100)",0.0010213712683916588,0.06617600586480554,1.0223048108887261e-19,0.06471765191023494
oscillations,0.5,15,3,-17.0,8.65,q4,"(100, 100)",-0.0010050293280973914,0.06510161549949411,1.0223048108887261e-19,0.06471765191023494
oscillations,0.5,16,3,-17.0,8.65,q1,"(100, 100)",0.0003185077991220419,0.06247315576074133,9.301466359124971e-21,0.06384980009662117
oscillations,0.5,16,3,-17.0,8.65,q2,"(100, 100)",-0.0003193715490857626,0.06511559011328964,9.301466359124971e-21,0.06384980009662117
oscillations,0.5,16,3,-17.0,8.65,q3,"(100, 100)",-0.00016180389030780187,0.06460446452125702,9.301466359124971e-21,0.06384980009662117
oscillations,0.5,16,3,-17.0,8.65,q4,"(100, 100)",0.0001598827359373926,0.06317901333695317,9.301466359124971e-21,0.06384980009662117
oscillations,0.5,17,3,-17.0,8.65,q1,"(100, 100)",-6.616689824602742e-05,0.06364518045532862,1.2318250775651753e-19,0.0638131038221458
oscillations,0.5,17,3,-17.0,8.65,q2,"(100, 100)",6.610024253926551e-05,0.06367768768273149,1.2318250775651753e-19,0.0638131038221458
oscillations,0.5,17,3,-17.0,8.65,q3,"(100, 100)",-0.0010093031848478942,0.06404578211324381,1.2318250775651753e-19,0.0638131038221458
oscillations,0.5,17,3,-17.0,8.65,q4,"(100, 100)",0.0010082925341287539,0.06386519234478343,1.2318250775651753e-19,0.0638131038221458
oscillations,0.5,18,3,-17.0,8.65,q1,"(100, 100)",0.0003069174824183285,0.06305294436842145,6.276386445745231e-20,0.06354092540910268
oscillations,0.5,18,3,-17.0,8.65,q2,"(100, 100)",-0.000306604514217358,0.06256347613720369,6.276386445745231e-20,0.06354092540910268
oscillations,0.5,18,3,-17.0,8.65,q3,"(100, 100)",0.00020345012380071882,0.06382415597089829,6.276386445745231e-20,0.06354092540910268
oscillations,0.5,18,3,-17.0,8.65,q4,"(100, 100)",-0.0002012459694719523,0.06465416240396021,6.276386445745231e-20,0.06354092540910268
oscillations,0.5,19,3,-17.0,8.65,q1,"(100, 100)",-0.0011452265147459527,0.06569555701086942,-9.639772265868272e-20,0.06475112117538782
oscillations,0.5,19,3,-17.0,8.65,q2,"(100, 100)",0.001129601128022296,0.06479671717202362,-9.639772265868272e-20,0.06475112117538782
oscillations,0.5,19,3,-17.0,8.65,q3,"(100, 100)",-0.002078605778832556,0.06383192858351965,-9.639772265868272e-20,0.06475112117538782
oscillations,0.5,19,3,-17.0,8.65,q4,"(100, 100)",0.0020911569039647215,0.06458988798404866,-9.639772265868272e-20,0.06475112117538782
oscillations,0.5,20,3,-17.0,8.65,q1,"(100, 100)",0.0009715844087717607,0.06564940687531812,-2.1841976625107725e-19,0.06387252305775855
oscillations,0.5,20,3,-17.0,8.65,q2,"(100, 100)",-0.0009667264867279019,0.06395532452149698,-2.1841976625107725e-19,0.06387252305775855
oscillations,0.5,20,3,-17.0,8.65,q3,"(100, 100)",0.0003442050760895252,0.06199778880695027,-2.1841976625107725e-19,0.06387252305775855
oscillations,0.5,20,3,-17.0,8.65,q4,"(100, 100)",-0.00035215006766253483,0.06383569125158367,-2.1841976625107725e-19,0.06387252305775855
oscillations,0.5,21,3,-17.0,8.65,q1,"(100, 100)",0.0009492463615213478,0.0637432807582826,1.0920988312553862e-19,0.06403099709817638
oscillations,0.5,21,3,-17.0,8.65,q2,"(100, 100)",-0.0009371581035663174,0.06397607473876703,1.0920988312553862e-19,0.06403099709817638
oscillations,0.5,21,3,-17.0,8.65,q3,"(100, 100)",0.0018047378460770071,0.06421161419790969,1.0920988312553862e-19,0.06403099709817638
oscillations,0.5,21,3,-17.0,8.65,q4,"(100, 100)",-0.0018601838771347403,0.06411819224165793,1.0920988312553862e-19,0.06403099709817638
oscillations,0.5,22,3,-17.0,8.65,q1,"(100, 100)",-2.76273577048623e-05,0.06428952455992108,-2.4883507254899824e-19,0.06369751832313322
oscillations,0.5,22,3,-17.0,8.65,q2,"(100, 100)",2.8788410973891992e-05,0.06432103601134895,-2.4883507254899824e-19,0.06369751832313322
oscillations,0.5,22,3,-17.0,8.65,q3,"(100, 100)",-0.0011712808808742405,0.06336522981109755,-2.4883507254899824e-19,0.06369751832313322
oscillations,0.5,22,3,-17.0,8.65,q4,"(100, 100)",0.0011669990298640654,0.06279752166517302,-2.4883507254899824e-19,0.06369751832313322
oscillations,0.5,23,3,-17.0,8.65,q1,"(100, 100)",0.0009529902664676531,0.06286869317863622,2.3263410959373828e-20,0.06365591287117235
oscillations,0.5,23,3,-17.0,8.65,q2,"(100, 100)",-0.0009257166681594278,0.06436560290953046,2.3263410959373828e-20,0.06365591287117235
oscillations,0.5,23,3,-17.0,8.65,q3,"(100, 100)",-0.00201795022885127,0.06266254206864823,2.3263410959373828e-20,0.06365591287117235
oscillations,0.5,23,3,-17.0,8.65,q4,"(100, 100)",0.0020566134769334624,0.06462027542012598,2.3263410959373828e-20,0.06365591287117235
oscillations,0.5,24,3,-17.0,8.65,q1,"(100, 100)",-0.0008139577581540185,0.06278317352913665,1.5340993138192013e-19,0.06357622140719855
oscillations,0.5,24,3,-17.0,8.65,q2,"(100, 100)",0.0008115199478966525,0.06401099750761699,1.5340993138192013e-19,0.06357622140719855
oscillations,0.5,24,3,-17.0,8.65,q3,"(100, 100)",0.0005826776678952143,0.06247574897551815,1.5340993138192013e-19,0.06357622140719855
oscillations,0.5,24,3,-17.0,8.65,q4,"(100, 100)",-0.0005945690488726671,0.06501426670811289,1.5340993138192013e-19,0.06357622140719855
oscillations,0.5,25,3,-17.0,8.65,q1,"(100, 100)",0.0007428013017214935,0.06447379303166928,2.3941246867178445e-19,0.06404176207807696
oscillations,0.5,25,3,-17.0,8.65,q2,"(100, 100)",-0.0006913247866410535,0.06340520912150781,2.3941246867178445e-19,0.06404176207807696
oscillations,0.5,25,3,-17.0,8.65,q3,"(100, 100)",-0.000132830083327794,0.06344517964181687,2.3941246867178445e-19,0.06404176207807696
oscillations,0.5,25,3,-17.0,8.65,q4,"(100, 100)",0.00013102076990040615,0.0648500660708369,2.3941246867178445e-19,0.06404176207807696
oscillations,0.5,26,3,-17.0,8.65,q1,"(100, 100)",-2.2862249361802426e-05,0.06457271780431677,-2.0937069863436444e-19,0.06407806530772028
oscillations,0.5,26,3,-17.0,8.65,q2,"(100, 100)",2.3378468471579392e-05,0.064608083139782,-2.0937069863436444e-19,0.06407806530772028
oscillations,0.5,26,3,-17.0,8.65,q3,"(100, 100)",0.00019921610190051203,0.06410039624229037,-2.0937069863436444e-19,0.06407806530772028
oscillations,0.5,26,3,-17.0,8.65,q4,"(100, 100)",-0.00020424342614093588,0.06302299216099383,-2.0937069863436444e-19,0.06407806530772028
oscillations,0.5,27,3,-17.0,8.65,q1,"(100, 100)",-0.0005123477344875529,0.06411319548171876,1.091733244568214e-19,0.06425129050940266
oscillations,0.5,27,3,-17.0,8.65,q2,"(100, 100)",0.0005126885045138176,0.06623945650743737,1.091733244568214e-19,0.06425129050940266
oscillations,0.5,27,3,-17.0,8.65,q3,"(100, 100)",-0.0009228721013669281,0.06217596757528873,1.091733244568214e-19,0.06425129050940266
oscillations,0.5,27,3,-17.0,8.65,q4,"(100, 100)",0.0009256762367188197,0.06437225574471847,1.091733244568214e-19,0.06425129050940266
oscillations,0.5,28,3,-17.0,8.65,q1,"(100, 100)",7.697217530923902e-05,0.06466009447712036,-9.296014607930642e-21,0.06422987704072107
oscillations,0.5,28,3,-17.0,8.65,q2,"(100, 100)",-7.720637056879998e-05,0.06415072809872165,-9.296014607930642e-21,0.06422987704072107
oscillations,0.5,28,3,-17.0,8.65,q3,"(100, 100)",7.938795073259538e-05,0.06460571856071547,-9.296014607930642e-21,0.06422987704072107
oscillations,0.5,28,3,-17.0,8.65,q4,"(100, 100)",-8.196182552838384e-05,0.06348266012119005,-9.296014607930642e-21,0.06422987704072107
oscillations,0.5,29,3,-17.0,8.65,q1,"(100, 100)",0.00010845550774226909,0.06389770891893855,1.6262578832292827e-20,0.06408169409033392
oscillations,0.5,29,3,-17.0,8.65,q2,"(100, 100)",-0.00010658558519498859,0.06405553896407502,1.6262578832292827e-20,0.06408169409033392
oscillations,0.5,29,3,-17.0,8.65,q3,"(100, 100)",-0.0009603423551663712,0.06548998684661671,1.6262578832292827e-20,0.06408169409033392
oscillations,0.5,29,3,-17.0,8.65,q4,"(100, 100)",0.0009690727402133385,0.062827851102072,1.6262578832292827e-20,0.06408169409033392
oscillations,0.5,30,3,-17.0,8.65,q1,"(100, 100)",-0.0011113622195252737,0.06580369767092549,-6.511026451387479e-20,0.06471069848587749
oscillations,0.5,30,3,-17.0,8.65,q2,"(100, 100)",0.0011381374884720987,0.06325374832853395,-6.511026451387479e-20,0.06471069848587749
oscillations,0.5,30,3,-17.0,8.65,q3,"(100, 100)",-0.00019846343607937816,0.06548548459155577,-6.511026451387479e-20,0.06471069848587749
oscillations,0.5,30,3,-17.0,8.65,q4,"(100, 100)",0.0001945797403153044,0.06422954281084997,-6.511026451387479e-20,0.06471069848587749
oscillations,0.5,31,3,-17.0,8.65,q1,"(100, 100)",-0.0017430304945400725,0.0644880065946204,-9.296793038227739e-21,0.06398564884684371
oscillations,0.5,31,3,-17.0,8.65,q2,"(100, 100)",0.001744203462571391,0.0641360889095146,-9.296793038227739e-21,0.06398564884684371
oscillations,0.5,31,3,-17.0,8.65,q3,"(100, 100)",0.001089038894800398,0.06394882327439372,-9.296793038227739e-21,0.06398564884684371
oscillations,0.5,31,3,-17.0,8.65,q4,"(100, 100)",-0.0011044032325839435,0.06329873098145493,-9.296793038227739e-21,0.06398564884684371
oscillations,0.5,32,3,-17.0,8.65,q1,"(100, 100)",5.660962252646128e-05,0.06286695810695567,8.371319723212473e-20,0.06349015712194833
oscillations,0.5,32,3,-17.0,8.65,q2,"(100, 100)",-5.58756546812053e-05,0.06323894926997385,8.371319723212473e-20,0.06349015712194833
oscillations,0.5,32,3,-17.0,8.65,q3,"(100, 100)",-0.0008031549540520086,0.06360239885373158,8.371319723212473e-20,0.06349015712194833
oscillations,0.5,32,3,-17.0,8.65,q4,"(100, 100)",0.0008241828124205928,0.06424227393708029,8.371319723212473e-20,0.06349015712194833
oscillations,0.5,33,3,-17.0,8.65,q1,"(100, 100)",-0.0004569671733340489,0.06342694260606906,-1.9534715975809206e-19,0.06368471930245781
oscillations,0.5,33,3,-17.0,8.65,q2,"(100, 100)",0.00044919409743827737,0.06281036171977734,-1.9534715975809206e-19,0.06368471930245781
oscillations,0.5,33,3,-17.0,8.65,q3,"(100, 100)",-0.0010396995399768352,0.06434347011804235,-1.9534715975809206e-19,0.06368471930245781
oscillations,0.5,33,3,-17.0,8.65,q4,"(100, 100)",0.0010716958259581414,0.0641644387547733,-1.9534715975809206e-19,0.06368471930245781
oscillations,0.5,34,3,-17.0,8.65,q1,"(100, 100)",0.00023027320414361954,0.06501011813528462,4.648785799452125e-21,0.0650135980859961
oscillations,0.5,34,3,-17.0,8.65,q2,"(100, 100)",-0.00022812613464111484,0.06546221814171471,4.648785799452125e-21,0.0650135980859961
oscillations,0.5,34,3,-17.0,8.65,q3,"(100, 100)",-0.0005353617010161682,0.06511902159481116,4.648785799452125e-21,0.0650135980859961
oscillations,0.5,34,3,-17.0,8.65,q4,"(100, 100)",0.0005175280823477534,0.06446182734753444,4.648785799452125e-21,0.0650135980859961
oscillations,0.5,35,3,-17.0,8.65,q1,"(100, 100)",0.00039881265430504153,0.0648832105286182,1.8610728767499062e-20,0.06388935043159952
oscillations,0.5,35,3,-17.0,8.65,q2,"(100, 100)",-0.0003915901663278351,0.06262398354365721,1.8610728767499062e-20,0.06388935043159952
oscillations,0.5,35,3,-17.0,8.65,q3,"(100, 100)",-0.0008587495647669477,0.06397533543727803,1.8610728767499062e-20,0.06388935043159952
oscillations,0.5,35,3,-17.0,8.65,q4,"(100, 100)",0.0008657502405666785,0.06406607321911076,1.8610728767499062e-20,0.06388935043159952
oscillations,0.5,36,3,-17.0,8.65,q1,"(100, 100)",0.0011809165988759922,0.06538764389829833,7.663437042467823e-20,0.06443673869057541
oscillations,0.5,36,3,-17.0,8.65,q2,"(100, 100)",-0.0011840847185242173,0.06455423379274507,7.663437042467823e-20,0.06443673869057541
oscillations,0.5,36,3,-17.0,8.65,q3,"(100, 100)",0.0006202083032246534,0.06392047059083861,7.663437042467823e-20,0.06443673869057541
oscillations,0.5,36,3,-17.0,8.65,q4,"(100, 100)",-0.000618137490859963,0.06384552046508983,7.663437042467823e-20,0.06443673869057541
oscillations,0.5,37,3,-17.0,8.65,q1,"(100, 100)",0.00035779288809432573,0.06398696505591304,5.811955694704102e-20,0.06466114587529737
oscillations,0.5,37,3,-17.0,8.65,q2,"(100, 100)",-0.00033390118058314046,0.06508079685649945,5.811955694704102e-20,0.06466114587529737
oscillations,0.5,37,3,-17.0,8.65,q3,"(100, 100)",0.0001255462854319314,0.06509242651488742,5.811955694704102e-20,0.06466114587529737
oscillations,0.5,37,3,-17.0,8.65,q4,"(100, 100)",-0.00012782510876414193,0.06442947575656985,5.811955694704102e-20,0.06466114587529737
oscillations,0.5,38,3,-17.0,8.65,q1,"(100, 100)",0.00013273084569846133,0.06397762489808011,1.1611268246163367e-20,0.0631823734825201
oscillations,0.5,38,3,-17.0,8.65,q2,"(100, 100)",-0.0001297968415210286,0.06273082678070065,1.1611268246163367e-20,0.0631823734825201
oscillations,0.5,38,3,-17.0,8.65,q3,"(100, 100)",-7.247985540687369e-05,0.06281944954264464,1.1611268246163367e-20,0.0631823734825201
oscillations,0.5,38,3,-17.0,8.65,q4,"(100, 100)",7.226117666109295e-05,0.06320481662847977,1.1611268246163367e-20,0.0631823734825201
oscillations,0.5,39,3,-17.0,8.65,q1,"(100, 100)",0.0006668068462237796,0.06472867475615689,-1.6261217719233545e-19,0.06475650793880837
oscillations,0.5,39,3,-17.0,8.65,q2,"(100, 100)",-0.0006465874015877152,0.06435961814314888,-1.6261217719233545e-19,0.06475650793880837
oscillations,0.5,39,3,-17.0,8.65,q3,"(100, 100)",0.0005363586259951274,0.0651058682056426,-1.6261217719233545e-19,0.06475650793880837
oscillations,0.5,39,3,-17.0,8.65,q4,"(100, 100)",-0.0005505265897006593,0.0648300871538419,-1.6261217719233545e-19,0.06475650793880837
oscillations,0.5,40,3,-17.0,8.65,q1,"(100, 100)",0.0017461532032385253,0.06303387237144571,2.6048470495646376e-19,0.06365600997975354
oscillations,0.5,40,3,-17.0,8.65,q2,"(100, 100)",-0.0016876002571803931,0.06298932045897498,2.6048470495646376e-19,0.06365600997975354
oscillations,0.5,40,3,-17.0,8.65,q3,"(100, 100)",0.00018976621617373523,0.0651776604703047,2.6048470495646376e-19,0.06365600997975354
oscillations,0.5,40,3,-17.0,8.65,q4,"(100, 100)",-0.00019262893146968488,0.06331931539192036,2.6048470495646376e-19,0.06365600997975354
oscillations,0.5,41,3,-17.0,8.65,q1,"(100, 100)",0.0004624892575785027,0.0644809647957922,6.162737778082666e-20,0.06362468355485647
oscillations,0.5,41,3,-17.0,8.65,q2,"(100, 100)",-0.00044503396889404974,0.06292386079727433,6.162737778082666e-20,0.06362468355485647
oscillations,0.5,41,3,-17.0,8.65,q3,"(100, 100)",-0.0007717165298465316,0.06349418593941035,6.162737778082666e-20,0.06362468355485647
oscillations,0.5,41,3,-17.0,8.65,q4,"(100, 100)",0.0007991459622129157,0.06360848221006378,6.162737778082666e-20,0.06362468355485647
oscillations,0.5,42,3,-17.0,8.65,q1,"(100, 100)",0.0014127875272324276,0.06436939316318674,9.534801845335446e-20,0.06403659252923495
oscillations,0.5,42,3,-17.0,8.65,q2,"(100, 100)",-0.0013669748953306878,0.06467502616735585,9.534801845335446e-20,0.06403659252923495
oscillations,0.5,42,3,-17.0,8.65,q3,"(100, 100)",0.0006645336287517277,0.06325300530620519,9.534801845335446e-20,0.06403659252923495
oscillations,0.5,42,3,-17.0,8.65,q4,"(100, 100)",-0.0006735626182728113,0.0637875067759261,9.534801845335446e-20,0.06403659252923495
oscillations,0.5,43,3,-17.0,8.65,q1,"(100, 100)",0.0005641823340492154,0.06367007302478418,0.0,0.0639430635775079
oscillations,0.5,43,3,-17.0,8.65,q2,"(100, 100)",-0.0005785065300728072,0.0644131145703708,0.0,0.0639430635775079
oscillations,0.5,43,3,-17.0,8.65,q3,"(100, 100)",-4.5881080705618895e-05,0.06391661993064016,0.0,0.0639430635775079
oscillations,0.5,43,3,-17.0,8.65,q4,"(100, 100)",4.6877818372000556e-05,0.06377165200142888,0.0,0.0639430635775079
oscillations,0.5,44,3,-17.0,8.65,q1,"(100, 100)",-0.002175506731040407,0.06450217874134144,-8.831953386316352e-20,0.06469845471603432
oscillations,0.5,44,3,-17.0,8.65,q2,"(100, 100)",0.002246455285605748,0.06520749838079962,-8.831953386316352e-20,0.06469845471603432
oscillations,0.5,44,3,-17.0,8.65,q3,"(100, 100)",0.0007211039169798828,0.06500269846531753,-8.831953386316352e-20,0.06469845471603432
oscillations,0.5,44,3,-17.0,8.65,q4,"(100, 100)",-0.0006991665063553719,0.06402429687415746,-8.831953386316352e-20,0.06469845471603432
oscillations,0.5,45,3,-17.0,8.65,q1,"(100, 100)",-7.484665677102803e-05,0.06408447165147706,9.071969904538448e-20,0.06312833402660428
oscillations,0.5,45,3,-17.0,8.65,q2,"(100, 100)",7.504745263091071e-05,0.06155304416753524,9.071969904538448e-20,0.06312833402660428
oscillations,0.5,45,3,-17.0,8.65,q3,"(100, 100)",0.0011524892207011492,0.06365414292772142,9.071969904538448e-20,0.06312833402660428
oscillations,0.5,45,3,-17.0,8.65,q4,"(100, 100)",-0.0012079354375046406,0.06315651489542058,9.071969904538448e-20,0.06312833402660428
oscillations,0.5,46,3,-17.0,8.65,q1,"(100, 100)",-7.594451303435314e-05,0.06334664934988336,-9.767357987904603e-20,0.0642728774477919
oscillations,0.5,46,3,-17.0,8.65,q2,"(100, 100)",7.658205931570214e-05,0.0650162911223411,-9.767357987904603e-20,0.0642728774477919
oscillations,0.5,46,3,-17.0,8.65,q3,"(100, 100)",-0.0007771749413143205,0.06352956058613195,-9.767357987904603e-20,0.0642728774477919
oscillations,0.5,46,3,-17.0,8.65,q4,"(100, 100)",0.0007866302633445051,0.06518546111629328,-9.767357987904603e-20,0.0642728774477919
oscillations,0.5,47,3,-17.0,8.65,q1,"(100, 100)",-0.0010267618674746366,0.06475332091815007,4.8816339022462915e-20,0.06413282758034293
oscillations,0.5,47,3,-17.0,8.65,q2,"(100, 100)",0.0010163122227301472,0.06336399887358159,4.8816339022462915e-20,0.06413282758034293
oscillations,0.5,47,3,-17.0,8.65,q3,"(100, 100)",-0.0008643651440690767,0.06380855493667201,4.8816339022462915e-20,0.06413282758034293
oscillations,0.5,47,3,-17.0,8.65,q4,"(100, 100)",0.000848919644191916,0.06457206983507134,4.8816339022462915e-20,0.06413282758034293
oscillations,0.5,48,3,-17.0,8.65,q1,"(100, 100)",0.00045302010210421305,0.06603986885759318,5.576208059393052e-20,0.06405796159034319
oscillations,0.5,48,3,-17.0,8.65,q2,"(100, 100)",-0.0004464722485275812,0.06315980682984725,5.576208059393052e-20,0.06405796159034319
oscillations,0.5,48,3,-17.0,8.65,q3,"(100, 100)",-0.0001782813424278213,0.06296728574957161,5.576208059393052e-20,0.06405796159034319
oscillations,0.5,48,3,-17.0,8.65,q4,"(100, 100)",0.00017834039553892746,0.06406041550670072,5.576208059393052e-20,0.06405796159034319
oscillations,0.5,49,3,-17.0,8.65,q1,"(100, 100)",-0.0006079617067994428,0.06334801775036378,-6.502854298699771e-20,0.06414911940386714
oscillations,0.5,49,3,-17.0,8.65,q2,"(100, 100)",0.0005997051880916655,0.06464950880823413,-6.502854298699771e-20,0.06414911940386714
oscillations,0.5,49,3,-17.0,8.65,q3,"(100, 100)",-0.0005315032341985093,0.0645190762201971,-6.502854298699771e-20,0.06414911940386714
oscillations,0.5,49,3,-17.0,8.65,q4,"(100, 100)",0.0005368864539912025,0.06405243250337966,-6.502854298699771e-20,0.06414911940386714
oscillations,0.5,0,4,-22.0,7.18,q1,"(100, 100)",0.0003218385393771195,0.06438077085608299,-6.973762717494702e-20,0.0638938146933256
oscillations,0.5,0,4,-22.0,7.18,q2,"(100, 100)",-0.00031815376709115297,0.06442391545692314,-6.973762717494702e-20,0.0638938146933256
oscillations,0.5,0,4,-22.0,7.18,q3,"(100, 100)",-0.00021203355730322154,0.06283492128311463,-6.973762717494702e-20,0.0638938146933256
oscillations,0.5,0,4,-22.0,7.18,q4,"(100, 100)",0.00020653453948161566,0.06386876265671648,-6.973762717494702e-20,0.0638938146933256
oscillations,0.5,1,4,-22.0,7.18,q1,"(100, 100)",0.0005823257470970531,0.0649463159303061,1.768167432345178e-19,0.06424087014615874
oscillations,0.5,1,4,-22.0,7.18,q2,"(100, 100)",-0.0005696288527103972,0.06272571950066234,1.768167432345178e-19,0.06424087014615874
oscillations,0.5,1,4,-22.0,7.18,q3,"(100, 100)",0.001046389475125469,0.06384993569696981,1.768167432345178e-19,0.06424087014615874
oscillations,0.5,1,4,-22.0,7.18,q4,"(100, 100)",-0.001041470249923401,0.0654126301262805,1.768167432345178e-19,0.06424087014615874
oscillations,0.5,2,4,-22.0,7.18,q1,"(100, 100)",0.0010219839069686067,0.06426847165764617,8.369917257184125e-20,0.0638645622405308
oscillations,0.5,2,4,-22.0,7.18,q2,"(100, 100)",-0.0009859985581316827,0.06385445864658626,8.369917257184125e-20,0.0638645622405308
oscillations,0.5,2,4,-22.0,7.18,q3,"(100, 100)",-0.00044625663913520257,0.06370854735022792,8.369917257184125e-20,0.0638645622405308
oscillations,0.5,2,4,-22.0,7.18,q4,"(100, 100)",0.00044994227374979735,0.06362765159575438,8.369917257184125e-20,0.0638645622405308
oscillations,0.5,3,4,-22.0,7.18,q1,"(100, 100)",0.0005329976586953501,0.06517575525649466,2.0449519877556466e-19,0.06413884765189105
oscillations,0.5,3,4,-22.0,7.18,q2,"(100, 100)",-0.0005511056779852743,0.0640543145650884,2.0449519877556466e-19,0.06413884765189105
oscillations,0.5,3,4,-22.0,7.18,q3,"(100, 100)",0.000867631596827924,0.0645305886212153,2.0449519877556466e-19,0.06413884765189105
oscillations,0.5,3,4,-22.0,7.18,q4,"(100, 100)",-0.0008812927978500046,0.06273517534434743,2.0449519877556466e-19,0.06413884765189105
oscillations,0.5,4,4,-22.0,7.18,q1,"(100, 100)",0.0008310165071158801,0.06278125220328877,3.1379304146301843e-19,0.06300312802681017
oscillations,0.5,4,4,-22.0,7.18,q2,"(100, 100)",-0.0008276968672738721,0.06279892822059467,3.1379304146301843e-19,0.06300312802681017
oscillations,0.5,4,4,-22.0,7.18,q3,"(100, 100)",2.5790710344509127e-05,0.06331500907994797,3.1379304146301843e-19,0.06300312802681017
oscillations,0.5,4,4,-22.0,7.18,q4,"(100, 100)",-2.5540315098445172e-05,0.06310933803261208,3.1379304146301843e-19,0.06300312802681017
oscillations,0.5,5,4,-22.0,7.18,q1,"(100, 100)",-0.00021842386064807704,0.06462540720011675,-6.860406205790138e-20,0.06442703445405448
oscillations,0.5,5,4,-22.0,7.18,q2,"(100, 100)",0.0002233363811796043,0.06420540506185342,-6.860406205790138e-20,0.06442703445405448
oscillations,0.5,5,4,-22.0,7.18,q3,"(100, 100)",-0.0015907642705610704,0.06421076362989118,-6.860406205790138e-20,0.06442703445405448
oscillations,0.5,5,4,-22.0,7.18,q4,"(100, 100)",0.001597237370339549,0.06462152206101365,-6.860406205790138e-20,0.06442703445405448
oscillations,0.5,6,4,-22.0,7.18,q1,"(100, 100)",-0.0005901337148599563,0.06485502416234386,-2.2331002841940795e-19,0.06400389859555669
oscillations,0.5,6,4,-22.0,7.18,q2,"(100, 100)",0.0005694927954527961,0.06285341330083526,-2.2331002841940795e-19,0.06400389859555669
oscillations,0.5,6,4,-22.0,7.18,q3,"(100, 100)",-0.0005078063501925883,0.06335359992001222,-2.2331002841940795e-19,0.06400389859555669
oscillations,0.5,6,4,-22.0,7.18,q4,"(100, 100)",0.0004901075620914132,0.06491931948346047,-2.2331002841940795e-19,0.06400389859555669
oscillations,0.5,7,4,-22.0,7.18,q1,"(100, 100)",0.0008048237003990186,0.06249089475636531,5.583218630249719e-20,0.06317131462382437
oscillations,0.5,7,4,-22.0,7.18,q2,"(100, 100)",-0.0008212761956149498,0.06261168801918546,5.583218630249719e-20,0.06317131462382437
oscillations,0.5,7,4,-22.0,7.18,q3,"(100, 100)",0.0015254402807041711,0.06216314568380723,5.583218630249719e-20,0.06317131462382437
oscillations,0.5,7,4,-22.0,7.18,q4,"(100, 100)",-0.0015171918709403097,0.06533989124622985,5.583218630249719e-20,0.06317131462382437
oscillations,0.5,8,4,-22.0,7.18,q1,"(100, 100)",0.00014247978481032221,0.06315710396504907,-2.0454657517589352e-19,0.06371548194852986
oscillations,0.5,8,4,-22.0,7.18,q2,"(100, 100)",-0.00013643177815006168,0.06350714053619101,-2.0454657517589352e-19,0.06371548194852986
oscillations,0.5,8,4,-22.0,7.18,q3,"(100, 100)",-0.0009406022047940061,0.06554883984374353,-2.0454657517589352e-19,0.06371548194852986
oscillations,0.5,8,4,-22.0,7.18,q4,"(100, 100)",0.0009306090870803903,0.06259872245827655,-2.0454657517589352e-19,0.06371548194852986
oscillations,0.5,9,4,-22.0,7.18,q1,"(100, 100)",-0.0012214201138002448,0.06464277726412274,-1.8576474937256865e-20,0.06365428006644244
oscillations,0.5,9,4,-22.0,7.18,q2,"(100, 100)",0.0012321234919461185,0.06393318122253851,-1.8576474937256865e-20,0.06365428006644244
oscillations,0.5,9,4,-22.0,7.18,q3,"(100, 100)",-0.0017259388567956572,0.06349118131681804,-1.8576474937256865e-20,0.06365428006644244
oscillations,0.5,9,4,-22.0,7.18,q4,"(100, 100)",0.001707035444158997,0.062470152183551377,-1.8576474937256865e-20,0.06365428006644244
oscillations,0.5,10,4,-22.0,7.18,q1,"(100, 100)",0.0012256480612332652,0.06325537004327653,4.649564555763282e-21,0.06371108609684104
oscillations,0.5,10,4,-22.0,7.18,q2,"(100, 100)",-0.0012293225557539512,0.06436479384405151,4.649564555763282e-21,0.06371108609684104
oscillations,0.5,10,4,-22.0,7.18,q3,"(100, 100)",0.00041680622359257916,0.06378957072225323,4.649564555763282e-21,0.06371108609684104
oscillations,0.5,10,4,-22.0,7.18,q4,"(100, 100)",-0.00041512159082629025,0.06340160590927497,4.649564555763282e-21,0.06371108609684104
oscillations,0.5,11,4,-22.0,7.18,q1,"(100, 100)",7.983982569261952e-05,0.06398053639074289,-1.6499044446664878e-19,0.06440797344817757
oscillations,0.5,11,4,-22.0,7.18,q2,"(100, 100)",-8.043423387036529e-05,0.06464857681210893,-1.6499044446664878e-19,0.06440797344817757
oscillations,0.5,11,4,-22.0,7.18,q3,"(100, 100)",0.0016463524300225122,0.06402720662198805,-1.6499044446664878e-19,0.06440797344817757
oscillations,0.5,11,4,-22.0,7.18,q4,"(100, 100)",-0.0017491435594441575,0.06495351921286296,-1.6499044446664878e-19,0.06440797344817757
oscillations,0.5,12,4,-22.0,7.18,q1,"(100, 100)",0.0005428380733436981,0.0639802268834806,-2.5553342130224142e-19,0.0645612541520815
oscillations,0.5,12,4,-22.0,7.18,q2,"(100, 100)",-0.0005331284821013802,0.06572415348202676,-2.5553342130224142e-19,0.0645612541520815
oscillations,0.5,12,4,-22.0,7.18,q3,"(100, 100)",-0.000992280254119925,0.06409383807856539,-2.5553342130224142e-19,0.0645612541520815
oscillations,0.5,12,4,-22.0,7.18,q4,"(100, 100)",0.0010063551513414845,0.06439610402504521,-2.5553342130224142e-19,0.0645612541520815
oscillations,0.5,13,4,-22.0,7.18,q1,"(100, 100)",-0.00045672936801164564,0.06291648895122065,-2.371675222245245e-19,0.06414213330997813
oscillations,0.5,13,4,-22.0,7.18,q2,"(100, 100)",0.0004688631863716276,0.06469578706806657,-2.371675222245245e-19,0.06414213330997813
oscillations,0.5,13,4,-22.0,7.18,q3,"(100, 100)",0.0008791087417299268,0.06424255376102772,-2.371675222245245e-19,0.06414213330997813
oscillations,0.5,13,4,-22.0,7.18,q4,"(100, 100)",-0.0008794024633275653,0.06470079261152564,-2.371675222245245e-19,0.06414213330997813
oscillations,0.5,14,4,-22.0,7.18,q1,"(100, 100)",6.467653099629884e-05,0.06589187768077515,-2.7418651508113955e-19,0.06481135477353764
oscillations,0.5,14,4,-22.0,7.18,q2,"(100, 100)",-6.461219757687231e-05,0.06424173166970054,-2.7418651508113955e-19,0.06481135477353764
oscillations,0.5,14,4,-22.0,7.18,q3,"(100, 100)",-0.0009630992851878054,0.06472833054043989,-2.7418651508113955e-19,0.06481135477353764
oscillations,0.5,14,4,-22.0,7.18,q4,"(100, 100)",0.0009380336381258606,0.06435208506876701,-2.7418651508113955e-19,0.06481135477353764
oscillations,0.5,15,4,-22.0,7.18,q1,"(100, 100)",-0.00019811351926944792,0.06315800612055013,1.348373721171352e-19,0.06395142672819748
oscillations,0.5,15,4,-22.0,7.18,q2,"(100, 100)",0.0002012037945784994,0.06457251020693947,1.348373721171352e-19,0.06395142672819748
oscillations,0.5,15,4,-22.0,7.18,q3,"(100, 100)",0.0017020492048093756,0.0646733315294231,1.348373721171352e-19,0.06395142672819748
oscillations,0.5,15,4,-22.0,7.18,q4,"(100, 100)",-0.001733568634528067,0.06333731474656841,1.348373721171352e-19,0.06395142672819748
oscillations,0.5,16,4,-22.0,7.18,q1,"(100, 100)",0.0006189366585833783,0.06300007914937458,-1.0453639962364421e-19,0.06387992854578811
oscillations,0.5,16,4,-22.0,7.18,q2,"(100, 100)",-0.0006030403598117283,0.06422714395708534,-1.0453639962364421e-19,0.06387992854578811
oscillations,0.5,16,4,-22.0,7.18,q3,"(100, 100)",2.3516955169378758e-05,0.06354878764185726,-1.0453639962364421e-19,0.06387992854578811
oscillations,0.5,16,4,-22.0,7.18,q4,"(100, 100)",-2.381916832339873e-05,0.0647198044179736,-1.0453639962364421e-19,0.06387992854578811
oscillations,0.5,17,4,-22.0,7.18,q1,"(100, 100)",2.4168251681681358e-05,0.06521290110329751,1.2094946216481215e-19,0.06401168445416283
oscillations,0.5,17,4,-22.0,7.18,q2,"(100, 100)",-2.3599492692818823e-05,0.06346971704974484,1.2094946216481215e-19,0.06401168445416283
oscillations,0.5,17,4,-22.0,7.18,q3,"(100, 100)",0.00017399542224106942,0.06311845486208993,1.2094946216481215e-19,0.06401168445416283
oscillations,0.5,17,4,-22.0,7.18,q4,"(100, 100)",-0.00017634274665578845,0.06425411767891138,1.2094946216481215e-19,0.06401168445416283
oscillations,0.5,18,4,-22.0,7.18,q1,"(100, 100)",0.00016364084664719704,0.06430220761126286,-2.5564040171809264e-19,0.06413595024885078
oscillations,0.5,18,4,-22.0,7.18,q2,"(100, 100)",-0.00016287718936284365,0.06305932870359994,-2.5564040171809264e-19,0.06413595024885078
oscillations,0.5,18,4,-22.0,7.18,q3,"(100, 100)",-0.0004316076240695487,0.06470441383825955,-2.5564040171809264e-19,0.06413595024885078
oscillations,0.5,18,4,-22.0,7.18,q4,"(100, 100)",0.000448600050214019,0.06446442373485532,-2.5564040171809264e-19,0.06413595024885078
oscillations,0.5,19,4,-22.0,7.18,q1,"(100, 100)",0.0004090105099234656,0.06395896924358715,-9.29757159890425e-21,0.06407821173859325
oscillations,0.5,19,4,-22.0,7.18,q2,"(100, 100)",-0.0004177128611984331,0.06418387451757004,-9.29757159890425e-21,0.06407821173859325
oscillations,0.5,19,4,-22.0,7.18,q3,"(100, 100)",0.0001404853420639501,0.06314831821387196,-9.29757159890425e-21,0.06407821173859325
oscillations,0.5,19,4,-22.0,7.18,q4,"(100, 100)",-0.00014188248709819378,0.06501698834991372,-9.29757159890425e-21,0.06407821173859325
oscillations,0.5,20,4,-22.0,7.18,q1,"(100, 100)",0.0014673159712159294,0.06393737889433576,-6.281120959030934e-20,0.06385281214020658
oscillations,0.5,20,4,-22.0,7.18,q2,"(100, 100)",-0.001436271930833179,0.06499412152114321,-6.281120959030934e-20,0.06385281214020658
oscillations,0.5,20,4,-22.0,7.18,q3,"(100, 100)",-0.00039622802857584166,0.06254452015300394,-6.281120959030934e-20,0.06385281214020658
oscillations,0.5,20,4,-22.0,7.18,q4,"(100, 100)",0.0003937034368444726,0.06385174795093276,-6.281120959030934e-20,0.06385281214020658
oscillations,0.5,21,4,-22.0,7.18,q1,"(100, 100)",0.000825766655398147,0.06269964806766691,-9.294458138343713e-21,0.06358577550208304
oscillations,0.5,21,4,-22.0,7.18,q2,"(100, 100)",-0.0007923588037605053,0.063762990372171,-9.294458138343713e-21,0.06358577550208304
oscillations,0.5,21,4,-22.0,7.18,q3,"(100, 100)",-0.000857574369121017,0.06377920647221426,-9.294458138343713e-21,0.06358577550208304
oscillations,0.5,21,4,-22.0,7.18,q4,"(100, 100)",0.0009078100947298389,0.06406408949365232,-9.294458138343713e-21,0.06358577550208304
oscillations,0.5,22,4,-22.0,7.18,q1,"(100, 100)",0.000257109731867849,0.06519550131607431,1.1623911389408205e-19,0.06368139151078425
oscillations,0.5,22,4,-22.0,7.18,q2,"(100, 100)",-0.0002571953494941786,0.06207250257532612,1.1623911389408205e-19,0.06368139151078425
oscillations,0.5,22,4,-22.0,7.18,q3,"(100, 100)",-0.0005277373409123146,0.06413802378079636,1.1623911389408205e-19,0.06368139151078425
oscillations,0.5,22,4,-22.0,7.18,q4,"(100, 100)",0.0005476793221903476,0.06325640419238433,1.1623911389408205e-19,0.06368139151078425
oscillations,0.5,23,4,-22.0,7.18,q1,"(100, 100)",-0.0008472599463680298,0.06282976954146689,-6.973762717494703e-21,0.0635383439523328
oscillations,0.5,23,4,-22.0,7.18,q2,"(100, 100)",0.0008444413836721947,0.06342617448246189,-6.973762717494703e-21,0.0635383439523328
oscillations,0.5,23,4,-22.0,7.18,q3,"(100, 100)",0.00020476023176628705,0.06407562417015085,-6.973762717494703e-21,0.0635383439523328
oscillations,0.5,23,4,-22.0,7.18,q4,"(100, 100)",-0.00020448455323142785,0.06381084496407415,-6.973762717494703e-21,0.0635383439523328
oscillations,0.5,24,4,-22.0,7.18,q1,"(100, 100)",-0.0005068078677720626,0.06353250683628216,2.8348097321948325e-19,0.06348781589423422
oscillations,0.5,24,4,-22.0,7.18,q2,"(100, 100)",0.0005019136192987397,0.06405991181996884,2.8348097321948325e-19,0.06348781589423422
oscillations,0.5,24,4,-22.0,7.18,q3,"(100, 100)",0.0007390624416747605,0.06307254497745599,2.8348097321948325e-19,0.06348781589423422
oscillations,0.5,24,4,-22.0,7.18,q4,"(100, 100)",-0.000737083693504279,0.06326559969724148,2.8348097321948325e-19,0.06348781589423422
oscillations,0.5,25,4,-22.0,7.18,q1,"(100, 100)",-0.0011404151830389834,0.06575935177640539,-9.06741036194947e-20,0.06379408381798816
oscillations,0.5,25,4,-22.0,7.18,q2,"(100, 100)",0.0011243852507472705,0.06236763493972688,-9.06741036194947e-20,0.06379408381798816
oscillations,0.5,25,4,-22.0,7.18,q3,"(100, 100)",0.0012410967189966688,0.06435323611523688,-9.06741036194947e-20,0.06379408381798816
oscillations,0.5,25,4,-22.0,7.18,q4,"(100, 100)",-0.001236969360436654,0.06262633405040596,-9.06741036194947e-20,0.06379408381798816
oscillations,0.5,26,4,-22.0,7.18,q1,"(100, 100)",-0.0013143825630752258,0.06352341496617456,2.420409075989776e-19,0.06471777020498537
oscillations,0.5,26,4,-22.0,7.18,q2,"(100, 100)",0.0013060219106820461,0.06515749300002639,2.420409075989776e-19,0.06471777020498537
oscillations,0.5,26,4,-22.0,7.18,q3,"(100, 100)",0.0006460839004235425,0.06488172389878559,2.420409075989776e-19,0.06471777020498537
oscillations,0.5,26,4,-22.0,7.18,q4,"(100, 100)",-0.0006701109032028555,0.06526009788433895,2.420409075989776e-19,0.06471777020498537
oscillations,0.5,27,4,-22.0,7.18,q1,"(100, 100)",-4.7687029848807825e-05,0.06427848374697027,-2.6158182598293147e-19,0.06413403061791008
oscillations,0.5,27,4,-22.0,7.18,q2,"(100, 100)",4.941728152524814e-05,0.06350571896887729,-2.6158182598293147e-19,0.06413403061791008
oscillations,0.5,27,4,-22.0,7.18,q3,"(100, 100)",0.0018111618435267807,0.06451436833782444,-2.6158182598293147e-19,0.06413403061791008
oscillations,0.5,27,4,-22.0,7.18,q4,"(100, 100)",-0.0018720099274025517,0.06416653503294253,-2.6158182598293147e-19,0.06413403061791008
oscillations,0.5,28,4,-22.0,7.18,q1,"(100, 100)",0.0012382646621112027,0.06269062768242657,2.742324309339539e-19,0.06440037279741702
oscillations,0.5,28,4,-22.0,7.18,q2,"(100, 100)",-0.0012184127236404816,0.06466858453811603,2.742324309339539e-19,0.06440037279741702
oscillations,0.5,28,4,-22.0,7.18,q3,"(100, 100)",0.0004985518130694025,0.06505744476191141,2.742324309339539e-19,0.06440037279741702
oscillations,0.5,28,4,-22.0,7.18,q4,"(100, 100)",-0.0005003822770025678,0.0650969556108717,2.742324309339539e-19,0.06440037279741702
oscillations,0.5,29,4,-22.0,7.18,q1,"(100, 100)",-0.0022088159581887196,0.0636161571662146,-2.3243928997260627e-20,0.0636645479263817
oscillations,0.5,29,4,-22.0,7.18,q2,"(100, 100)",0.0021822037177286146,0.06437951818398886,-2.3243928997260627e-20,0.0636645479263817
oscillations,0.5,29,4,-22.0,7.18,q3,"(100, 100)",-0.0005373930510580261,0.06307306754064874,-2.3243928997260627e-20,0.0636645479263817
oscillations,0.5,29,4,-22.0,7.18,q4,"(100, 100)",0.0005340008690081578,0.06350387427372842,-2.3243928997260627e-20,0.0636645479263817
oscillations,0.5,30,4,-22.0,7.18,q1,"(100, 100)",-0.000723949954755157,0.06326234112700775,-2.0218831772249146e-19,0.06362769783368603
oscillations,0.5,30,4,-22.0,7.18,q2,"(100, 100)",0.000749169522851136,0.06440557000107851,-2.0218831772249146e-19,0.06362769783368603
oscillations,0.5,30,4,-22.0,7.18,q3,"(100, 100)",-0.0007911766947971356,0.0633769610796268,-2.0218831772249146e-19,0.06362769783368603
oscillations,0.5,30,4,-22.0,7.18,q4,"(100, 100)",0.0008450335741596216,0.06346473306972772,-2.0218831772249146e-19,0.06362769783368603
oscillations,0.5,31,4,-22.0,7.18,q1,"(100, 100)",0.0008166971859145504,0.06453291796375943,-9.299129111526564e-21,0.06384416431301418
oscillations,0.5,31,4,-22.0,7.18,q2,"(100, 100)",-0.0008245044652609511,0.0636930660662305,-9.299129111526564e-21,0.06384416431301418
oscillations,0.5,31,4,-22.0,7.18,q3,"(100, 100)",0.0008244221209925102,0.06400341170508396,-9.299129111526564e-21,0.06384416431301418
oscillations,0.5,31,4,-22.0,7.18,q4,"(100, 100)",-0.0008501507308087195,0.06311522790468406,-9.299129111526564e-21,0.06384416431301418
oscillations,0.5,32,4,-22.0,7.18,q1,"(100, 100)",0.0007495109328724012,0.06440163045778856,-6.275860829260369e-20,0.06490782099245708
oscillations,0.5,32,4,-22.0,7.18,q2,"(100, 100)",-0.000729687911882472,0.065103750506799,-6.275860829260369e-20,0.06490782099245708
oscillations,0.5,32,4,-22.0,7.18,q3,"(100, 100)",-0.0012479513681419036,0.06635299083924176,-6.275860829260369e-20,0.06490782099245708
oscillations,0.5,32,4,-22.0,7.18,q4,"(100, 100)",0.0012520863958693452,0.06368957563072705,-6.275860829260369e-20,0.06490782099245708
oscillations,0.5,33,4,-22.0,7.18,q1,"(100, 100)",-0.0004264446635032882,0.06360158828631102,-3.0227233224694304e-19,0.06407917817096893
oscillations,0.5,33,4,-22.0,7.18,q2,"(100, 100)",0.00044309353050307363,0.06390307332118068,-3.0227233224694304e-19,0.06407917817096893
oscillations,0.5,33,4,-22.0,7.18,q3,"(100, 100)",0.0007762886910093903,0.06468253358414823,-3.0227233224694304e-19,0.06407917817096893
oscillations,0.5,33,4,-22.0,7.18,q4,"(100, 100)",-0.0008192232424530574,0.06409855891454999,-3.0227233224694304e-19,0.06407917817096893
oscillations,0.5,34,4,-22.0,7.18,q1,"(100, 100)",0.00038637793732255993,0.06365369510055187,-8.828996094038999e-20,0.06399866720536483
oscillations,0.5,34,4,-22.0,7.18,q2,"(100, 100)",-0.00037987239925605266,0.06300235878993925,-8.828996094038999e-20,0.06399866720536483
oscillations,0.5,34,4,-22.0,7.18,q3,"(100, 100)",-0.0002112675656505584,0.06493973488007541,-8.828996094038999e-20,0.06399866720536483
oscillations,0.5,34,4,-22.0,7.18,q4,"(100, 100)",0.00020572082663879502,0.06440692980509866,-8.828996094038999e-20,0.06399866720536483
oscillations,0.5,35,4,-22.0,7.18,q1,"(100, 100)",-0.0007190178052789083,0.06360702269875143,5.341630316789097e-20,0.06303870018320416
oscillations,0.5,35,4,-22.0,7.18,q2,"(100, 100)",0.0007224428645759154,0.06238898516686173,5.341630316789097e-20,0.06303870018320416
oscillations,0.5,35,4,-22.0,7.18,q3,"(100, 100)",0.0006441167865491406,0.0626274030263819,5.341630316789097e-20,0.06303870018320416
oscillations,0.5,35,4,-22.0,7.18,q4,"(100, 100)",-0.0006485972279262622,0.06350591950142488,5.341630316789097e-20,0.06303870018320416
oscillations,0.5,36,4,-22.0,7.18,q1,"(100, 100)",0.0007142817070701474,0.06315282757010401,-2.0471801644248968e-19,0.06333975045439783
oscillations,0.5,36,4,-22.0,7.18,q2,"(100, 100)",-0.0006905807525740018,0.06290915115113954,-2.0471801644248968e-19,0.06333975045439783
oscillations,0.5,36,4,-22.0,7.18,q3,"(100, 100)",-0.00018226432993421503,0.06209877315656909,-2.0471801644248968e-19,0.06333975045439783
oscillations,0.5,36,4,-22.0,7.18,q4,"(100, 100)",0.00018232628245968478,0.06517093179479133,-2.0471801644248968e-19,0.06333975045439783
oscillations,0.5,37,4,-22.0,7.18,q1,"(100, 100)",0.000664182435456326,0.06512968906672577,-1.1620991297784673e-19,0.06455884167213494
oscillations,0.5,37,4,-22.0,7.18,q2,"(100, 100)",-0.0006851734296377007,0.06420873268215255,-1.1620991297784673e-19,0.06455884167213494
oscillations,0.5,37,4,-22.0,7.18,q3,"(100, 100)",-0.0011065888741107505,0.06509838096374092,-1.1620991297784673e-19,0.06455884167213494
oscillations,0.5,37,4,-22.0,7.18,q4,"(100, 100)",0.0011161761152726564,0.06374601117052267,-1.1620991297784673e-19,0.06455884167213494
oscillations,0.5,38,4,-22.0,7.18,q1,"(100, 100)",-0.001031038260039848,0.06430676453216778,2.186210916598892e-19,0.06441076526073132
oscillations,0.5,38,4,-22.0,7.18,q2,"(100, 100)",0.0010279202007856957,0.06386462587415408,2.186210916598892e-19,0.06441076526073132
oscillations,0.5,38,4,-22.0,7.18,q3,"(100, 100)",-0.00216025798888903,0.06517801469612862,2.186210916598892e-19,0.06441076526073132
oscillations,0.5,38,4,-22.0,7.18,q4,"(100, 100)",0.0021110639950826463,0.06420595202826347,2.186210916598892e-19,0.06441076526073132
oscillations,0.5,39,4,-22.0,7.18,q1,"(100, 100)",-0.0008317539829014487,0.06433180037057322,-2.2331002841940795e-19,0.06419430678913882
oscillations,0.5,39,4,-22.0,7.18,q2,"(100, 100)",0.0007956383494333595,0.06413741268634243,-2.2331002841940795e-19,0.06419430678913882
oscillations,0.5,39,4,-22.0,7.18,q3,"(100, 100)",0.0015810517636523902,0.06483367697147087,-2.2331002841940795e-19,0.06419430678913882
oscillations,0.5,39,4,-22.0,7.18,q4,"(100, 100)",-0.0016098466355705116,0.06340819898100976,-2.2331002841940795e-19,0.06419430678913882
oscillations,0.5,40,4,-22.0,7.18,q1,"(100, 100)",-0.0008559446679338524,0.06441365886904594,1.6734227468809929e-19,0.06424505404450767
oscillations,0.5,40,4,-22.0,7.18,q2,"(100, 100)",0.0008565117064684232,0.0638993151044733,1.6734227468809929e-19,0.06424505404450767
oscillations,0.5,40,4,-22.0,7.18,q3,"(100, 100)",0.0005163716795670333,0.06532418137256783,1.6734227468809929e-19,0.06424505404450767
oscillations,0.5,40,4,-22.0,7.18,q4,"(100, 100)",-0.0005128838600495244,0.06332113881495467,1.6734227468809929e-19,0.06424505404450767
oscillations,0.5,41,4,-22.0,7.18,q1,"(100, 100)",0.0003551554492331052,0.06255280883473789,-9.303804781908628e-20,0.06349496565083272
oscillations,0.5,41,4,-22.0,7.18,q2,"(100, 100)",-0.00035408749098282173,0.06314538758246592,-9.303804781908628e-20,0.06349496565083272
oscillations,0.5,41,4,-22.0,7.18,q3,"(100, 100)",0.0006994815615415241,0.06411202520332292,-9.303804781908628e-20,0.06349496565083272
oscillations,0.5,41,4,-22.0,7.18,q4,"(100, 100)",-0.0007023058477927015,0.06414931023229858,-9.303804781908628e-20,0.06349496565083272
oscillations,0.5,42,4,-22.0,7.18,q1,"(100, 100)",0.00019843640837694144,0.06500277777347466,7.906908847351345e-20,0.06431483914089806
oscillations,0.5,42,4,-22.0,7.18,q2,"(100, 100)",-0.0001943367558213368,0.06343026098787061,7.906908847351345e-20,0.06431483914089806
oscillations,0.5,42,4,-22.0,7.18,q3,"(100, 100)",-0.0007247309632997946,0.06419598746625083,7.906908847351345e-20,0.06431483914089806
oscillations,0.5,42,4,-22.0,7.18,q4,"(100, 100)",0.0007196713388884602,0.06462403308741761,7.906908847351345e-20,0.06431483914089806
oscillations,0.5,43,4,-22.0,7.18,q1,"(100, 100)",-0.00020775180397034264,0.06262299121435183,2.325561425691572e-20,0.06374037750109139
oscillations,0.5,43,4,-22.0,7.18,q2,"(100, 100)",0.00020497808162093877,0.06463178238227886,2.325561425691572e-20,0.06374037750109139
oscillations,0.5,43,4,-22.0,7.18,q3,"(100, 100)",0.0002941099497348705,0.06431603266026921,2.325561425691572e-20,0.06374037750109139
oscillations,0.5,43,4,-22.0,7.18,q4,"(100, 100)",-0.0002938151519235757,0.06335487968849879,2.325561425691572e-20,0.06374037750109139
oscillations,0.5,44,4,-22.0,7.18,q1,"(100, 100)",-0.0004537886387028038,0.06322514166179541,-1.7191869051280988e-19,0.06361868865769951
oscillations,0.5,44,4,-22.0,7.18,q2,"(100, 100)",0.0004509098460031867,0.06454744551604427,-1.7191869051280988e-19,0.06361868865769951
oscillations,0.5,44,4,-22.0,7.18,q3,"(100, 100)",-0.0003667824445141341,0.06393562284352146,-1.7191869051280988e-19,0.06361868865769951
oscillations,0.5,44,4,-22.0,7.18,q4,"(100, 100)",0.0003653123745962413,0.06274505316810268,-1.7191869051280988e-19,0.06361868865769951
oscillations,0.5,45,4,-22.0,7.18,q1,"(100, 100)",-0.001510051183938911,0.06339134864044363,-3.7221457534998124e-20,0.06353201452832939
oscillations,0.5,45,4,-22.0,7.18,q2,"(100, 100)",0.0014952817119880755,0.06464249415223988,-3.7221457534998124e-20,0.06353201452832939
oscillations,0.5,45,4,-22.0,7.18,q3,"(100, 100)",0.00035389888838888834,0.06260182755949084,-3.7221457534998124e-20,0.06353201452832939
oscillations,0.5,45,4,-22.0,7.18,q4,"(100, 100)",-0.00034623572348283014,0.06344469234007571,-3.7221457534998124e-20,0.06353201452832939
oscillations,0.5,46,4,-22.0,7.18,q1,"(100, 100)",-0.00023614096026440434,0.06282307219176039,-1.0931970618742638e-19,0.06422901749160262
oscillations,0.5,46,4,-22.0,7.18,q2,"(100, 100)",0.00023269364697587307,0.0644949100075066,-1.0931970618742638e-19,0.06422901749160262
oscillations,0.5,46,4,-22.0,7.18,q3,"(100, 100)",0.0014830089368136788,0.06364128107242349,-1.0931970618742638e-19,0.06422901749160262
oscillations,0.5,46,4,-22.0,7.18,q4,"(100, 100)",-0.0015219025635625394,0.06590422896211483,-1.0931970618742638e-19,0.06422901749160262
oscillations,0.5,47,4,-22.0,7.18,q1,"(100, 100)",0.0006874087984886175,0.064710333530556,1.1620018259913303e-19,0.06464879677189328
oscillations,0.5,47,4,-22.0,7.18,q2,"(100, 100)",-0.0006887713530941451,0.06402656025306167,1.1620018259913303e-19,0.06464879677189328
oscillations,0.5,47,4,-22.0,7.18,q3,"(100, 100)",0.0001872784302523824,0.06521461100369674,1.1620018259913303e-19,0.06464879677189328
oscillations,0.5,47,4,-22.0,7.18,q4,"(100, 100)",-0.0001865793930169646,0.06464724771645179,1.1620018259913303e-19,0.06464879677189328
oscillations,0.5,48,4,-22.0,7.18,q1,"(100, 100)",0.0010436598939323966,0.06320342191095095,-1.6745445318629813e-19,0.06385561861574338
oscillations,0.5,48,4,-22.0,7.18,q2,"(100, 100)",-0.000977210921361709,0.06417783050872329,-1.6745445318629813e-19,0.06385561861574338
oscillations,0.5,48,4,-22.0,7.18,q3,"(100, 100)",-0.0006770136320325367,0.06399726609803515,-1.6745445318629813e-19,0.06385561861574338
oscillations,0.5,48,4,-22.0,7.18,q4,"(100, 100)",0.0006761166282140106,0.06397828127990439,-1.6745445318629813e-19,0.06385561861574338
oscillations,0.5,49,4,-22.0,7.18,q1,"(100, 100)",0.0007048849773808858,0.06465934179898028,-1.4179984192239226e-19,0.06430441397701037
oscillations,0.5,49,4,-22.0,7.18,q2,"(100, 100)",-0.0007134376768031008,0.06534298963156697,-1.4179984192239226e-19,0.06430441397701037
oscillations,0.5,49,4,-22.0,7.18,q3,"(100, 100)",0.0012863638608501364,0.0636118527362168,-1.4179984192239226e-19,0.06430441397701037
oscillations,0.5,49,4,-22.0,7.18,q4,"(100, 100)",-0.001262455339042102,0.06355763460594263,-1.4179984192239226e-19,0.06430441397701037
oscillations,0.75,0,1,-8.5,14.44,q1,"(150, 150)",0.0003132289984946126,0.06539124853007346,8.600974018243465e-20,0.06518070244762215
oscillations,0.75,0,1,-8.5,14.44,q2,"(150, 50)",-0.0009104323322882076,0.06460991584239116,8.600974018243465e-20,0.06518070244762215
oscillations,0.75,0,1,-8.5,14.44,q3,"(50, 150)",-0.0005106218410312285,0.0651555518796872,8.600974018243465e-20,0.06518070244762215
oscillations,0.75,0,1,-8.5,14.44,q4,"(50, 50)",0.0015621089654688134,0.06506393460502839,8.600974018243465e-20,0.06518070244762215
oscillations,0.75,1,1,-8.5,14.44,q1,"(150, 150)",0.0005464328138235823,0.06382614709046994,-1.860137429211957e-20,0.06373868725050891
oscillations,0.75,1,1,-8.5,14.44,q2,"(150, 50)",-0.0016308172226309134,0.0647639017308412,-1.860137429211957e-20,0.06373868725050891
oscillations,0.75,1,1,-8.5,14.44,q3,"(50, 150)",-0.0008554615749882968,0.062465130983154954,-1.860137429211957e-20,0.06373868725050891
oscillations,0.75,1,1,-8.5,14.44,q4,"(50, 50)",0.002585032388724855,0.06341504298751324,-1.860137429211957e-20,0.06373868725050891
oscillations,0.75,2,1,-8.5,14.44,q1,"(150, 150)",-0.0008684962427308576,0.06459353691427348,-1.1849442126210235e-19,0.06436396084550414
oscillations,0.75,2,1,-8.5,14.44,q2,"(150, 50)",0.002642873025002464,0.06448869112564713,-1.1849442126210235e-19,0.06436396084550414
oscillations,0.75,2,1,-8.5,14.44,q3,"(50, 150)",0.0004429894151665551,0.06413357404716334,-1.1849442126210235e-19,0.06436396084550414
oscillations,0.75,2,1,-8.5,14.44,q4,"(50, 50)",-0.0013497241083254062,0.062365253227806554,-1.1849442126210235e-19,0.06436396084550414
oscillations,0.75,3,1,-8.5,14.44,q1,"(150, 150)",0.0002203255218170635,0.062445710602298685,6.745258466883755e-20,0.06291280896131111
oscillations,0.75,3,1,-8.5,14.44,q2,"(150, 50)",-0.0006642428467719286,0.06423960437980537,6.745258466883755e-20,0.06291280896131111
oscillations,0.75,3,1,-8.5,14.44,q3,"(50, 150)",0.00029737560858252737,0.06166774957830253,6.745258466883755e-20,0.06291280896131111
oscillations,0.75,3,1,-8.5,14.44,q4,"(50, 50)",-0.0009281227728662358,0.06680686177341276,6.745258466883755e-20,0.06291280896131111
oscillations,0.75,4,1,-8.5,14.44,q1,"(150, 150)",0.00033687684831972464,0.06344881390870284,-1.7655036380882135e-19,0.06355026710369059
oscillations,0.75,4,1,-8.5,14.44,q2,"(150, 50)",-0.0010151788372407195,0.06449462797604322,-1.7655036380882135e-19,0.06355026710369059
oscillations,0.75,4,1,-8.5,14.44,q3,"(50, 150)",0.00033448406273675917,0.06286888888051166,-1.7655036380882135e-19,0.06355026710369059
oscillations,0.75,4,1,-8.5,14.44,q4,"(50, 50)",-0.0010849651110620923,0.06369267397189343,-1.7655036380882135e-19,0.06355026710369059
oscillations,0.75,5,1,-8.5,14.44,q1,"(150, 150)",0.00023516567588285938,0.06366438487803362,1.300026960919387e-19,0.06428400205667391
oscillations,0.75,5,1,-8.5,14.44,q2,"(150, 50)",-0.0006962442667495614,0.06545423491351503,1.300026960919387e-19,0.06428400205667391
oscillations,0.75,5,1,-8.5,14.44,q3,"(50, 150)",0.0005175813304281571,0.06412476590909179,1.300026960919387e-19,0.06428400205667391
oscillations,0.75,5,1,-8.5,14.44,q4,"(50, 50)",-0.0015369766130065275,0.06660633118071675,1.300026960919387e-19,0.06428400205667391
oscillations,0.75,6,1,-8.5,14.44,q1,"(150, 150)",0.00034176551270357524,0.0641759918535126,1.6728624178179155e-19,0.0643899862331772
oscillations,0.75,6,1,-8.5,14.44,q2,"(150, 50)",-0.0009945541378894736,0.06532601308211965,1.6728624178179155e-19,0.0643899862331772
oscillations,0.75,6,1,-8.5,14.44,q3,"(50, 150)",0.0006267189259424363,0.06446319977299309,1.6728624178179155e-19,0.0643899862331772
oscillations,0.75,6,1,-8.5,14.44,q4,"(50, 50)",-0.0019230021735686814,0.06310168034800587,1.6728624178179155e-19,0.0643899862331772
oscillations,0.75,7,1,-8.5,14.44,q1,"(150, 150)",0.0005351251555364229,0.06446443967985817,-3.6480748192999073e-19,0.06388084541317814
oscillations,0.75,7,1,-8.5,14.44,q2,"(150, 50)",-0.0015862722768347215,0.06217985593027553,-3.6480748192999073e-19,0.06388084541317814
oscillations,0.75,7,1,-8.5,14.44,q3,"(50, 150)",0.0010753590721863542,0.06399590706624897,-3.6480748192999073e-19,0.06388084541317814
oscillations,0.75,7,1,-8.5,14.44,q4,"(50, 50)",-0.0030987320632738374,0.06318768842495849,-3.6480748192999073e-19,0.06388084541317814
oscillations,0.75,8,1,-8.5,14.44,q1,"(150, 150)",-0.0004473501552193641,0.0642314077447164,-1.9528171134205785e-19,0.06445999402908448
oscillations,0.75,8,1,-8.5,14.44,q2,"(150, 50)",0.0013362302976449203,0.06456691468898046,-1.9528171134205785e-19,0.06445999402908448
oscillations,0.75,8,1,-8.5,14.44,q3,"(50, 150)",0.0010896543697906892,0.06440519810586348,-1.9528171134205785e-19,0.06445999402908448
oscillations,0.75,8,1,-8.5,14.44,q4,"(50, 50)",-0.0032861681783687645,0.06612310204073422,-1.9528171134205785e-19,0.06445999402908448
oscillations,0.75,9,1,-8.5,14.44,q1,"(150, 150)",-0.0004596212922974073,0.06395233166281096,-2.9052478244461684e-19,0.06442185524573603
oscillations,0.75,9,1,-8.5,14.44,q2,"(150, 50)",0.001333964108259592,0.0639823923971776,-2.9052478244461684e-19,0.06442185524573603
oscillations,0.75,9,1,-8.5,14.44,q3,"(50, 150)",0.0003891551865822503,0.06568536495553536,-2.9052478244461684e-19,0.06442185524573603
oscillations,0.75,9,1,-8.5,14.44,q4,"(50, 50)",-0.0011520228936125368,0.06600179496013131,-2.9052478244461684e-19,0.06442185524573603
oscillations,0.75,10,1,-8.5,14.44,q1,"(150, 150)",6.376755218473243e-05,0.06421582844502943,9.297571598904251e-20,0.06411468236105118
oscillations,0.75,10,1,-8.5,14.44,q2,"(150, 50)",-0.00019210189176510736,0.06344348100615385,9.297571598904251e-20,0.06411468236105118
oscillations,0.75,10,1,-8.5,14.44,q3,"(50, 150)",-0.0004706407360131738,0.06483625479091439,9.297571598904251e-20,0.06411468236105118
oscillations,0.75,10,1,-8.5,14.44,q4,"(50, 50)",0.0014645767655216578,0.06294187712469537,9.297571598904251e-20,0.06411468236105118
oscillations,0.75,11,1,-8.5,14.44,q1,"(150, 150)",-0.0003970866674547743,0.06365885409649885,6.737918071766604e-20,0.06356751799892692
oscillations,0.75,11,1,-8.5,14.44,q2,"(150, 50)",0.0011544417411705088,0.06426095862034417,6.737918071766604e-20,0.06356751799892692
oscillations,0.75,11,1,-8.5,14.44,q3,"(50, 150)",5.121284124910152e-05,0.06250715228569473,6.737918071766604e-20,0.06356751799892692
oscillations,0.75,11,1,-8.5,14.44,q4,"(50, 50)",-0.00015280239572691,0.06363658885969954,6.737918071766604e-20,0.06356751799892692
oscillations,0.75,12,1,-8.5,14.44,q1,"(150, 150)",0.0003336744276505973,0.06440715776814931,-1.1621964498630312e-19,0.06424892108761675
oscillations,0.75,12,1,-8.5,14.44,q2,"(150, 50)",-0.0009784559303570653,0.06426497142520092,-1.1621964498630312e-19,0.06424892108761675
oscillations,0.75,12,1,-8.5,14.44,q3,"(50, 150)",-0.0005458085796297461,0.06385776225041649,-1.1621964498630312e-19,0.06424892108761675
oscillations,0.75,12,1,-8.5,14.44,q4,"(50, 50)",0.0016308672913369474,0.06389401301259585,-1.1621964498630312e-19,0.06424892108761675
oscillations,0.75,13,1,-8.5,14.44,q1,"(150, 150)",5.0204605205165736e-05,0.06284953538933927,6.275860829260369e-20,0.06323106708965076
oscillations,0.75,13,1,-8.5,14.44,q2,"(150, 50)",-0.00015322887363246972,0.06402909465924982,6.275860829260369e-20,0.06323106708965076
oscillations,0.75,13,1,-8.5,14.44,q3,"(50, 150)",0.0005520752703262059,0.06322224610853173,6.275860829260369e-20,0.06323106708965076
oscillations,0.75,13,1,-8.5,14.44,q4,"(50, 50)",-0.0016300433794590834,0.06429919727242579,6.275860829260369e-20,0.06323106708965076
oscillations,0.75,14,1,-8.5,14.44,q1,"(150, 150)",0.0003261197688533085,0.06405919829374587,1.349277835643682e-19,0.06441698951444175
oscillations,0.75,14,1,-8.5,14.44,q2,"(150, 50)",-0.00096034479938083,0.06414030467009645,1.349277835643682e-19,0.06441698951444175
oscillations,0.75,14,1,-8.5,14.44,q3,"(50, 150)",-0.00034053968330751685,0.06570181126374244,1.349277835643682e-19,0.06441698951444175
oscillations,0.75,14,1,-8.5,14.44,q4,"(50, 50)",0.0010524908482698156,0.0645852217590222,1.349277835643682e-19,0.06441698951444175
oscillations,0.75,15,1,-8.5,14.44,q1,"(150, 150)",0.0004311161782193241,0.06446210804399095,-1.5335855928267126e-19,0.06392219017925893
oscillations,0.75,15,1,-8.5,14.44,q2,"(150, 50)",-0.0012436618347418805,0.06325813270482906,-1.5335855928267126e-19,0.06392219017925893
oscillations,0.75,15,1,-8.5,14.44,q3,"(50, 150)",-0.0005127360252056422,0.06295586278005609,-1.5335855928267126e-19,0.06392219017925893
oscillations,0.75,15,1,-8.5,14.44,q4,"(50, 50)",0.001554166030393285,0.06393135088595867,-1.5335855928267126e-19,0.06392219017925893
oscillations,0.75,16,1,-8.5,14.44,q1,"(150, 150)",-0.00021369959050272699,0.06420867075116876,1.3948693667289846e-19,0.064058186262288
oscillations,0.75,16,1,-8.5,14.44,q2,"(150, 50)",0.0006437712094421149,0.06495308999170865,1.3948693667289846e-19,0.064058186262288
oscillations,0.75,16,1,-8.5,14.44,q3,"(50, 150)",-0.0001338575333664525,0.0631253998147686,1.3948693667289846e-19,0.064058186262288
oscillations,0.75,16,1,-8.5,14.44,q4,"(50, 50)",0.0004170463818116363,0.06268784747490971,1.3948693667289846e-19,0.064058186262288
oscillations,0.75,17,1,-8.5,14.44,q1,"(150, 150)",0.00019682109976035652,0.06483649851287188,-2.7432430879003366e-19,0.06433523814970457
oscillations,0.75,17,1,-8.5,14.44,q2,"(150, 50)",-0.0005884441711390152,0.06340400387019972,-2.7432430879003366e-19,0.06433523814970457
oscillations,0.75,17,1,-8.5,14.44,q3,"(50, 150)",-0.00036103511057604984,0.06393335987214013,-2.7432430879003366e-19,0.06433523814970457
oscillations,0.75,17,1,-8.5,14.44,q4,"(50, 50)",0.001084070666248407,0.06377439813630541,-2.7432430879003366e-19,0.06433523814970457
oscillations,0.75,18,1,-8.5,14.44,q1,"(150, 150)",-0.0002774169279854521,0.06440163882341127,8.830474492581202e-20,0.06368903649386712
oscillations,0.75,18,1,-8.5,14.44,q2,"(150, 50)",0.0008186675113465697,0.062142159209399736,8.830474492581202e-20,0.06368903649386712
oscillations,0.75,18,1,-8.5,14.44,q3,"(50, 150)",0.00040114861955716375,0.06262770785454708,8.830474492581202e-20,0.06368903649386712
oscillations,0.75,18,1,-8.5,14.44,q4,"(50, 50)",-0.0011754710207286894,0.06497482386078855,8.830474492581202e-20,0.06368903649386712
oscillations,0.75,19,1,-8.5,14.44,q1,"(150, 150)",-0.0002941110392330843,0.06379427600652758,5.578075822936643e-20,0.06374604680409135
oscillations,0.75,19,1,-8.5,14.44,q2,"(150, 50)",0.0009221549913107568,0.0639603679553141,5.578075822936643e-20,0.06374604680409135
oscillations,0.75,19,1,-8.5,14.44,q3,"(50, 150)",-0.0006087415539300974,0.06318610120872198,5.578075822936643e-20,0.06374604680409135
oscillations,0.75,19,1,-8.5,14.44,q4,"(50, 50)",0.0018939555214995477,0.06432674452031528,5.578075822936643e-20,0.06374604680409135
oscillations,0.75,20,1,-8.5,14.44,q1,"(150, 150)",0.0005330582118475643,0.06389746870300662,1.3949862095306875e-20,0.06379905551394312
oscillations,0.75,20,1,-8.5,14.44,q2,"(150, 50)",-0.0015842821001340911,0.06304227879166077,1.3949862095306875e-20,0.06379905551394312
oscillations,0.75,20,1,-8.5,14.44,q3,"(50, 150)",0.0007345174435306704,0.06377930307972225,1.3949862095306875e-20,0.06379905551394312
oscillations,0.75,20,1,-8.5,14.44,q4,"(50, 50)",-0.0023625073077634287,0.06517242513173939,1.3949862095306875e-20,0.06379905551394312
oscillations,0.75,21,1,-8.5,14.44,q1,"(150, 150)",8.29751634692837e-05,0.06367552868179618,9.293680098988419e-20,0.06348519301828309
oscillations,0.75,21,1,-8.5,14.44,q2,"(150, 50)",-0.00024323680016126678,0.06330367445050922,9.293680098988419e-20,0.06348519301828309
oscillations,0.75,21,1,-8.5,14.44,q3,"(50, 150)",-0.0007020782358529043,0.06319126264372629,9.293680098988419e-20,0.06348519301828309
oscillations,0.75,21,1,-8.5,14.44,q4,"(50, 50)",0.0022538820618797106,0.06313427819818454,9.293680098988419e-20,0.06348519301828309
oscillations,0.75,22,1,-8.5,14.44,q1,"(150, 150)",0.0002713072052069038,0.06369830555757715,3.438661636625715e-19,0.06347988971376867
oscillations,0.75,22,1,-8.5,14.44,q2,"(150, 50)",-0.0008030693274124345,0.06317544173319803,3.438661636625715e-19,0.06347988971376867
oscillations,0.75,22,1,-8.5,14.44,q3,"(50, 150)",7.538918841890592e-06,0.06271763155942908,3.438661636625715e-19,0.06347988971376867
oscillations,0.75,22,1,-8.5,14.44,q4,"(50, 50)",-2.295943465484709e-05,0.06467711932002233,3.438661636625715e-19,0.06347988971376867
oscillations,0.75,23,1,-8.5,14.44,q1,"(150, 150)",-0.0008155862718014125,0.0650229486843312,-1.5590405484969292e-19,0.0643986421155828
oscillations,0.75,23,1,-8.5,14.44,q2,"(150, 50)",0.002367485543801822,0.06351723547918775,-1.5590405484969292e-19,0.0643986421155828
oscillations,0.75,23,1,-8.5,14.44,q3,"(50, 150)",0.0003600476027067608,0.0632664020102757,-1.5590405484969292e-19,0.0643986421155828
oscillations,0.75,23,1,-8.5,14.44,q4,"(50, 50)",-0.00106407769198901,0.06469315071415395,-1.5590405484969292e-19,0.0643986421155828
oscillations,0.75,24,1,-8.5,14.44,q1,"(150, 150)",-7.54144092829557e-05,0.0647137218976407,-3.2541500596164875e-19,0.06418550354321093
oscillations,0.75,24,1,-8.5,14.44,q2,"(150, 50)",0.00022112926086094236,0.06393435958651318,-3.2541500596164875e-19,0.06418550354321093
oscillations,0.75,24,1,-8.5,14.44,q3,"(50, 150)",-0.0007953874032936116,0.06289893975244329,-3.2541500596164875e-19,0.06418550354321093
oscillations,0.75,24,1,-8.5,14.44,q4,"(50, 50)",0.0025262651228049517,0.06405467047590462,-3.2541500596164875e-19,0.06418550354321093
oscillations,0.75,25,1,-8.5,14.44,q1,"(150, 150)",-0.0003194495884539104,0.06432706404572974,-1.673983451436825e-19,0.0643495041044785
oscillations,0.75,25,1,-8.5,14.44,q2,"(150, 50)",0.000991782931612163,0.06525069764245821,-1.673983451436825e-19,0.0643495041044785
oscillations,0.75,25,1,-8.5,14.44,q3,"(50, 150)",-0.00013834349631767118,0.06363040346733928,-1.673983451436825e-19,0.0643495041044785
oscillations,0.75,25,1,-8.5,14.44,q4,"(50, 50)",0.0004159677755134314,0.06398277799377863,-1.673983451436825e-19,0.0643495041044785
oscillations,0.75,26,1,-8.5,14.44,q1,"(150, 150)",-0.00028852304573902975,0.0630704462834933,-6.508845202995055e-20,0.06336729817311891
oscillations,0.75,26,1,-8.5,14.44,q2,"(150, 50)",0.0008516720925924517,0.06330401672231657,-6.508845202995055e-20,0.06336729817311891
oscillations,0.75,26,1,-8.5,14.44,q3,"(50, 150)",0.0012929059525480832,0.06362980349300693,-6.508845202995055e-20,0.06336729817311891
oscillations,0.75,26,1,-8.5,14.44,q4,"(50, 50)",-0.003993368453709222,0.06523139757579781,-6.508845202995055e-20,0.06336729817311891
oscillations,0.75,27,1,-8.5,14.44,q1,"(150, 150)",0.000283491156535628,0.06431153309139379,-1.3237953393781675e-19,0.0642214582016347
oscillations,0.75,27,1,-8.5,14.44,q2,"(150, 50)",-0.0008540123694655555,0.06436155674741519,-1.3237953393781675e-19,0.0642214582016347
oscillations,0.75,27,1,-8.5,14.44,q3,"(50, 150)",-0.0010412287830866645,0.06446373142864432,-1.3237953393781675e-19,0.0642214582016347
oscillations,0.75,27,1,-8.5,14.44,q4,"(50, 50)",0.003162144867923932,0.0620576200103532,-1.3237953393781675e-19,0.0642214582016347
oscillations,0.75,28,1,-8.5,14.44,q1,"(150, 150)",0.00021591260001129725,0.06444180771953494,-1.9297309231841178e-19,0.06418204832865657
oscillations,0.75,28,1,-8.5,14.44,q2,"(150, 50)",-0.0006508514562756063,0.06388809923166444,-1.9297309231841178e-19,0.06418204832865657
oscillations,0.75,28,1,-8.5,14.44,q3,"(50, 150)",0.0005432717346293382,0.06385851935041183,-1.9297309231841178e-19,0.06418204832865657
oscillations,0.75,28,1,-8.5,14.44,q4,"(50, 50)",-0.0016428017792177979,0.06366701035234149,-1.9297309231841178e-19,0.06418204832865657
oscillations,0.75,29,1,-8.5,14.44,q1,"(150, 150)",-0.0002347138554671496,0.0640245485055367,-1.09255615907417e-19,0.06339303812636365
oscillations,0.75,29,1,-8.5,14.44,q2,"(150, 50)",0.0006806292899391473,0.06128805823530126,-1.09255615907417e-19,0.06339303812636365
oscillations,0.75,29,1,-8.5,14.44,q3,"(50, 150)",0.0005040463353605118,0.06334258691948896,-1.09255615907417e-19,0.06339303812636365
oscillations,0.75,29,1,-8.5,14.44,q4,"(50, 50)",-0.0016491473089692266,0.06426223051764371,-1.09255615907417e-19,0.06339303812636365
oscillations,0.75,30,1,-8.5,14.44,q1,"(150, 150)",0.0007436176302416577,0.06324569905423384,9.290569243725159e-20,0.06399923551035493
oscillations,0.75,30,1,-8.5,14.44,q2,"(150, 50)",-0.002160903803748395,0.06552237795035941,9.290569243725159e-20,0.06399923551035493
oscillations,0.75,30,1,-8.5,14.44,q3,"(50, 150)",0.0004491533081428196,0.06445137220018798,9.290569243725159e-20,0.06399923551035493
oscillations,0.75,30,1,-8.5,14.44,q4,"(50, 50)",-0.0013688199232304934,0.06435870626759257,9.290569243725159e-20,0.06399923551035493
oscillations,0.75,31,1,-8.5,14.44,q1,"(150, 150)",-0.0005762106987274229,0.06462937194021948,8.137419555595677e-20,0.06424171718527763
oscillations,0.75,31,1,-8.5,14.44,q2,"(150, 50)",0.0017201659550166387,0.06439068709023739,8.137419555595677e-20,0.06424171718527763
oscillations,0.75,31,1,-8.5,14.44,q3,"(50, 150)",-0.0013598326512176912,0.062147123718208394,8.137419555595677e-20,0.06424171718527763
oscillations,0.75,31,1,-8.5,14.44,q4,"(50, 50)",0.0041815317815070635,0.06625777652442141,8.137419555595677e-20,0.06424171718527763
oscillations,0.75,32,1,-8.5,14.44,q1,"(150, 150)",4.69292834872938e-05,0.06362291639801454,6.977853586431471e-20,0.06414554177768782
oscillations,0.75,32,1,-8.5,14.44,q2,"(150, 50)",-0.0001435145632564228,0.06484550740659258,6.977853586431471e-20,0.06414554177768782
oscillations,0.75,32,1,-8.5,14.44,q3,"(50, 150)",3.7929851167086516e-05,0.06506327700940744,6.977853586431471e-20,0.06414554177768782
oscillations,0.75,32,1,-8.5,14.44,q4,"(50, 50)",-0.00011758253861796722,0.06395880587543072,6.977853586431471e-20,0.06414554177768782
oscillations,0.75,33,1,-8.5,14.44,q1,"(150, 150)",-0.0006820874649507189,0.06445826869316197,-1.2087855376990816e-19,0.0641143871610944
oscillations,0.75,33,1,-8.5,14.44,q2,"(150, 50)",0.0020930996878069353,0.06462906451971873,-1.2087855376990816e-19,0.0641143871610944
oscillations,0.75,33,1,-8.5,14.44,q3,"(50, 150)",0.0007537065372403422,0.06357891847323638,-1.2087855376990816e-19,0.0641143871610944
oscillations,0.75,33,1,-8.5,14.44,q4,"(50, 50)",-0.002270212586030899,0.060805924378402036,-1.2087855376990816e-19,0.0641143871610944
oscillations,0.75,34,1,-8.5,14.44,q1,"(150, 150)",-0.0005697268945124499,0.06351504475933935,-4.6507331795624856e-21,0.06366038999978069
oscillations,0.75,34,1,-8.5,14.44,q2,"(150, 50)",0.0017160787221704606,0.06436652604740316,-4.6507331795624856e-21,0.06366038999978069
oscillations,0.75,34,1,-8.5,14.44,q3,"(50, 150)",-0.000167550620278579,0.06325878742487671,-4.6507331795624856e-21,0.06366038999978069
oscillations,0.75,34,1,-8.5,14.44,q4,"(50, 50)",0.0005251309896974547,0.063975163795106,-4.6507331795624856e-21,0.06366038999978069
oscillations,0.75,35,1,-8.5,14.44,q1,"(150, 150)",0.00018108346832153936,0.06380878681610508,-8.595934525640494e-20,0.06325267936864491
oscillations,0.75,35,1,-8.5,14.44,q2,"(150, 50)",-0.0005420421078005514,0.0634721996418622,-8.595934525640494e-20,0.06325267936864491
oscillations,0.75,35,1,-8.5,14.44,q3,"(50, 150)",9.654923532256379e-05,0.06162166423606808,-8.595934525640494e-20,0.06325267936864491
oscillations,0.75,35,1,-8.5,14.44,q4,"(50, 50)",-0.0003178311532728332,0.062389901206068514,-8.595934525640494e-20,0.06325267936864491
oscillations,0.75,36,1,-8.5,14.44,q1,"(150, 150)",-0.00032456969006443303,0.06410468974701213,-3.721210070806625e-20,0.06434873954443415
oscillations,0.75,36,1,-8.5,14.44,q2,"(150, 50)",0.000990456273379271,0.06465162370849503,-3.721210070806625e-20,0.06434873954443415
oscillations,0.75,36,1,-8.5,14.44,q3,"(50, 150)",0.0007460335551087089,0.06473342255665532,-3.721210070806625e-20,0.06434873954443415
oscillations,0.75,36,1,-8.5,14.44,q4,"(50, 50)",-0.0023069192686717174,0.0643587459911201,-3.721210070806625e-20,0.06434873954443415
oscillations,0.75,37,1,-8.5,14.44,q1,"(150, 150)",-0.0002119784070305212,0.06448250800807348,-3.0179197307057197e-20,0.06444638125900344
oscillations,0.75,37,1,-8.5,14.44,q2,"(150, 50)",0.0006296453392177617,0.06485932107229449,-3.0179197307057197e-20,0.06444638125900344
oscillations,0.75,37,1,-8.5,14.44,q3,"(50, 150)",0.0013474155161200766,0.0641155669288323,-3.0179197307057197e-20,0.06444638125900344
oscillations,0.75,37,1,-8.5,14.44,q4,"(50, 50)",-0.004173296550613005,0.06365869807445605,-3.0179197307057197e-20,0.06444638125900344
oscillations,0.75,38,1,-8.5,14.44,q1,"(150, 150)",-0.000489058151222917,0.063017364213458,2.325366589781243e-19,0.06307300211809015
oscillations,0.75,38,1,-8.5,14.44,q2,"(150, 50)",0.0014526436793308656,0.06329801725286299,2.325366589781243e-19,0.06307300211809015
oscillations,0.75,38,1,-8.5,14.44,q3,"(50, 150)",-0.00012605988525174656,0.06352870255764494,2.325366589781243e-19,0.06307300211809015
oscillations,0.75,38,1,-8.5,14.44,q4,"(50, 50)",0.00038141196050528307,0.061414565171849934,2.325366589781243e-19,0.06307300211809015
oscillations,0.75,39,1,-8.5,14.44,q1,"(150, 150)",-0.0005159356097300396,0.06351291049185567,-1.254541795634018e-19,0.06417495318921371
oscillations,0.75,39,1,-8.5,14.44,q2,"(150, 50)",0.0016005353539242156,0.0653406186548699,-1.254541795634018e-19,0.06417495318921371
oscillations,0.75,39,1,-8.5,14.44,q3,"(50, 150)",-0.0002608206920665008,0.0650976194118277,-1.254541795634018e-19,0.06417495318921371
oscillations,0.75,39,1,-8.5,14.44,q4,"(50, 50)",0.0007687165851815039,0.06384546351222066,-1.254541795634018e-19,0.06417495318921371
oscillations,0.75,40,1,-8.5,14.44,q1,"(150, 150)",0.0004365224502692309,0.06393822906472292,2.883454571328741e-19,0.06353868247543165
oscillations,0.75,40,1,-8.5,14.44,q2,"(150, 50)",-0.0012526214415285093,0.06379966415781822,2.883454571328741e-19,0.06353868247543165
oscillations,0.75,40,1,-8.5,14.44,q3,"(50, 150)",0.0006601670422997584,0.06196168520164037,2.883454571328741e-19,0.06353868247543165
oscillations,0.75,40,1,-8.5,14.44,q4,"(50, 50)",-0.002032952754917612,0.06376178859018461,2.883454571328741e-19,0.06353868247543165
oscillations,0.75,41,1,-8.5,14.44,q1,"(150, 150)",-0.0005360036705546442,0.06414710770875774,-2.3224479638213466e-19,0.06352647901002641
oscillations,0.75,41,1,-8.5,14.44,q2,"(150, 50)",0.0016027466898995552,0.06355325508691193,-2.3224479638213466e-19,0.06352647901002641
oscillations,0.75,41,1,-8.5,14.44,q3,"(50, 150)",0.0005865104522065358,0.06203079043119845,-2.3224479638213466e-19,0.06352647901002641
oscillations,0.75,41,1,-8.5,14.44,q4,"(50, 50)",-0.0017855110142341263,0.062210500199557636,-2.3224479638213466e-19,0.06352647901002641
oscillations,0.75,42,1,-8.5,14.44,q1,"(150, 150)",-0.0003854344321864076,0.06300077766115429,-3.721521912763451e-20,0.06344232730198314
oscillations,0.75,42,1,-8.5,14.44,q2,"(150, 50)",0.0011397749411560035,0.06361762472815359,-3.721521912763451e-20,0.06344232730198314
oscillations,0.75,42,1,-8.5,14.44,q3,"(50, 150)",0.0007284545277732835,0.06390358157488174,-3.721521912763451e-20,0.06344232730198314
oscillations,0.75,42,1,-8.5,14.44,q4,"(50, 50)",-0.002171747610838108,0.06534216038227436,-3.721521912763451e-20,0.06344232730198314
oscillations,0.75,43,1,-8.5,14.44,q1,"(150, 150)",0.0002844075137537338,0.06492927978250097,-1.48848402832265e-19,0.06451312036668616
oscillations,0.75,43,1,-8.5,14.44,q2,"(150, 50)",-0.0008392969858899335,0.06248961315021108,-1.48848402832265e-19,0.06451312036668616
oscillations,0.75,43,1,-8.5,14.44,q3,"(50, 150)",0.0009654466711726075,0.06400767258714479,-1.48848402832265e-19,0.06451312036668616
oscillations,0.75,43,1,-8.5,14.44,q4,"(50, 50)",-0.0030375265044274664,0.06826918571679415,-1.48848402832265e-19,0.06451312036668616
oscillations,0.75,44,1,-8.5,14.44,q1,"(150, 150)",-0.00026150368616166054,0.06364941374569585,-1.8587360197976837e-20,0.06413647380510752
oscillations,0.75,44,1,-8.5,14.44,q2,"(150, 50)",0.0008004061497194809,0.06466374917825271,-1.8587360197976837e-20,0.06413647380510752
oscillations,0.75,44,1,-8.5,14.44,q3,"(50, 150)",0.000418038767357982,0.06489143297566252,-1.8587360197976837e-20,0.06413647380510752
oscillations,0.75,44,1,-8.5,14.44,q4,"(50, 50)",-0.0012627297382145643,0.06471883203678017,-1.8587360197976837e-20,0.06413647380510752
oscillations,0.75,45,1,-8.5,14.44,q1,"(150, 150)",0.0007432385962265481,0.06414291535875903,1.1158954933831878e-19,0.06365391689754757
oscillations,0.75,45,1,-8.5,14.44,q2,"(150, 50)",-0.0021181184018588418,0.06312895954626027,1.1158954933831878e-19,0.06365391689754757
oscillations,0.75,45,1,-8.5,14.44,q3,"(50, 150)",-0.00034889005053358765,0.06286688435250333,1.1158954933831878e-19,0.06365391689754757
oscillations,0.75,45,1,-8.5,14.44,q4,"(50, 50)",0.0010471409883761138,0.0630815668104562,1.1158954933831878e-19,0.06365391689754757
oscillations,0.75,46,1,-8.5,14.44,q1,"(150, 150)",0.00015074268809069896,0.06345190626030961,2.3021129238834304e-19,0.06369422024939961
oscillations,0.75,46,1,-8.5,14.44,q2,"(150, 50)",-0.00045175866978071133,0.06483222552946787,2.3021129238834304e-19,0.06369422024939961
oscillations,0.75,46,1,-8.5,14.44,q3,"(50, 150)",0.0007023973511884567,0.06384939846722193,2.3021129238834304e-19,0.06369422024939961
oscillations,0.75,46,1,-8.5,14.44,q4,"(50, 50)",-0.0021645107862349653,0.061816036113644494,2.3021129238834304e-19,0.06369422024939961
oscillations,0.75,47,1,-8.5,14.44,q1,"(150, 150)",0.0005439282851893278,0.06299934967677244,1.9765616013140565e-19,0.06319156135350366
oscillations,0.75,47,1,-8.5,14.44,q2,"(150, 50)",-0.001637199526280275,0.0629843671263767,1.9765616013140565e-19,0.06319156135350366
oscillations,0.75,47,1,-8.5,14.44,q3,"(50, 150)",0.0004967947879186711,0.06380233342497578,1.9765616013140565e-19,0.06319156135350366
oscillations,0.75,47,1,-8.5,14.44,q4,"(50, 50)",-0.0015020889530001692,0.06349905983146323,1.9765616013140565e-19,0.06319156135350366
oscillations,0.75,48,1,-8.5,14.44,q1,"(150, 150)",-2.3557042373001282e-05,0.06369248464736879,-4.415237246290601e-20,0.063657843662024
oscillations,0.75,48,1,-8.5,14.44,q2,"(150, 50)",7.035492520795644e-05,0.06288950811219926,-4.415237246290601e-20,0.063657843662024
oscillations,0.75,48,1,-8.5,14.44,q3,"(50, 150)",0.0018289999688680246,0.06414053746090499,-4.415237246290601e-20,0.063657843662024
oscillations,0.75,48,1,-8.5,14.44,q4,"(50, 50)",-0.005649687235371312,0.06381759345844132,-4.415237246290601e-20,0.063657843662024
oscillations,0.75,49,1,-8.5,14.44,q1,"(150, 150)",2.931147373657639e-05,0.06399531876195633,1.628438767156168e-19,0.06396744044349634
oscillations,0.75,49,1,-8.5,14.44,q2,"(150, 50)",-8.661501683147237e-05,0.06427561232779189,1.628438767156168e-19,0.06396744044349634
oscillations,0.75,49,1,-8.5,14.44,q3,"(50, 150)",-0.0006488873426254291,0.06404442757799506,1.628438767156168e-19,0.06396744044349634
oscillations,0.75,49,1,-8.5,14.44,q4,"(50, 50)",0.0020305932140573233,0.062431910263943166,1.628438767156168e-19,0.06396744044349634
oscillations,0.75,0,2,-12.3,10.68,q1,"(150, 150)",-9.613036801110705e-06,0.06303458185582447,1.3939353284822422e-20,0.0638556050912212
oscillations,0.75,0,2,-12.3,10.68,q2,"(150, 50)",2.9269739653698513e-05,0.06399477822334762,1.3939353284822422e-20,0.0638556050912212
oscillations,0.75,0,2,-12.3,10.68,q3,"(50, 150)",-8.303689134200531e-05,0.06536383548508987,1.3939353284822422e-20,0.0638556050912212
oscillations,0.75,0,2,-12.3,10.68,q4,"(50, 50)",0.0002460473894969295,0.06611939221155523,1.3939353284822422e-20,0.0638556050912212
oscillations,0.75,1,2,-12.3,10.68,q1,"(150, 150)",-0.000681832070260261,0.0629498182766236,-6.969093308242948e-20,0.06399964143502433
oscillations,0.75,1,2,-12.3,10.68,q2,"(150, 50)",0.0019458234760596845,0.06588867899721186,-6.969093308242948e-20,0.06399964143502433
oscillations,0.75,1,2,-12.3,10.68,q3,"(50, 150)",1.360285984293671e-05,0.0648169715615034,-6.969093308242948e-20,0.06399964143502433
oscillations,0.75,1,2,-12.3,10.68,q4,"(50, 50)",-4.079051464190096e-05,0.06465426826914873,-6.969093308242948e-20,0.06399964143502433
oscillations,0.75,2,2,-12.3,10.68,q1,"(150, 150)",0.00023672134593264937,0.06346780927023281,1.3716215439501683e-19,0.06410967072220368
oscillations,0.75,2,2,-12.3,10.68,q2,"(150, 50)",-0.0007117620666858813,0.06433657102172344,1.3716215439501683e-19,0.06410967072220368
oscillations,0.75,2,2,-12.3,10.68,q3,"(50, 150)",0.0004275776014291192,0.06486243408737852,1.3716215439501683e-19,0.06410967072220368
oscillations,0.75,2,2,-12.3,10.68,q4,"(50, 50)",-0.0012849891504690442,0.06671145870338062,1.3716215439501683e-19,0.06410967072220368
oscillations,0.75,3,2,-12.3,10.68,q1,"(150, 150)",-3.5034851612622574e-05,0.06411759810704118,2.536349549047243e-19,0.06395429817471023
oscillations,0.75,3,2,-12.3,10.68,q2,"(150, 50)",0.00010380927970029597,0.06326041984185043,2.536349549047243e-19,0.06395429817471023
oscillations,0.75,3,2,-12.3,10.68,q3,"(50, 150)",0.0006049300299850185,0.06421988176614674,2.536349549047243e-19,0.06395429817471023
oscillations,0.75,3,2,-12.3,10.68,q4,"(50, 50)",-0.0019171372614655874,0.06370724395420241,2.536349549047243e-19,0.06395429817471023
oscillations,0.75,4,2,-12.3,10.68,q1,"(150, 150)",-0.00021533655152158255,0.0650543157955119,9.298350289992936e-21,0.064740428036478
oscillations,0.75,4,2,-12.3,10.68,q2,"(150, 50)",0.0006472599337830508,0.064831924636489,9.298350289992936e-21,0.064740428036478
oscillations,0.75,4,2,-12.3,10.68,q3,"(50, 150)",-0.00042148337304871416,0.06323566953125577,9.298350289992936e-21,0.064740428036478
oscillations,0.75,4,2,-12.3,10.68,q4,"(50, 50)",0.0012730052620361686,0.06604664392723213,9.298350289992936e-21,0.064740428036478
oscillations,0.75,5,2,-12.3,10.68,q1,"(150, 150)",-0.00024043689121617525,0.0635360360702797,-9.301466359124971e-21,0.06333687890199965
oscillations,0.75,5,2,-12.3,10.68,q2,"(150, 50)",0.0007082571821814478,0.06312554859413191,-9.301466359124971e-21,0.06333687890199965
oscillations,0.75,5,2,-12.3,10.68,q3,"(50, 150)",0.0004823734614309533,0.06362649893019326,-9.301466359124971e-21,0.06333687890199965
oscillations,0.75,5,2,-12.3,10.68,q4,"(50, 50)",-0.0014657757115305212,0.061191111673812984,-9.301466359124971e-21,0.06333687890199965
oscillations,0.75,6,2,-12.3,10.68,q1,"(150, 150)",9.319833395060136e-06,0.06396959734735028,-2.5587607423057162e-20,0.06394125433348304
oscillations,0.75,6,2,-12.3,10.68,q2,"(150, 50)",-2.751296750822993e-05,0.0637334741416561,-2.5587607423057162e-20,0.06394125433348304
oscillations,0.75,6,2,-12.3,10.68,q3,"(50, 150)",0.0005032728389812459,0.06416615145524991,-2.5587607423057162e-20,0.06394125433348304
oscillations,0.75,6,2,-12.3,10.68,q4,"(50, 50)",-0.0015187564225540618,0.06362115026654692,-2.5587607423057162e-20,0.06394125433348304
oscillations,0.75,7,2,-12.3,10.68,q1,"(150, 150)",0.00022042742277664874,0.06246010254209672,3.7187172152910955e-20,0.0635171043322392
oscillations,0.75,7,2,-12.3,10.68,q2,"(150, 50)",-0.0006573635585916949,0.06540822277866518,3.7187172152910955e-20,0.0635171043322392
oscillations,0.75,7,2,-12.3,10.68,q3,"(50, 150)",0.0013662923631757684,0.06468500606638881,3.7187172152910955e-20,0.0635171043322392
oscillations,0.75,7,2,-12.3,10.68,q4,"(50, 50)",-0.004184503041442952,0.06340952182014846,3.7187172152910955e-20,0.0635171043322392
oscillations,0.75,8,2,-12.3,10.68,q1,"(150, 150)",0.0005403771146026725,0.06328655895617602,-5.3478951089843763e-20,0.06349304414453372
oscillations,0.75,8,2,-12.3,10.68,q2,"(150, 50)",-0.0016579863322023283,0.06413674218885534,-5.3478951089843763e-20,0.06349304414453372
oscillations,0.75,8,2,-12.3,10.68,q3,"(50, 150)",-6.772297116479736e-05,0.06285061403732106,-5.3478951089843763e-20,0.06349304414453372
oscillations,0.75,8,2,-12.3,10.68,q4,"(50, 50)",0.0002026153197246532,0.06525043465111482,-5.3478951089843763e-20,0.06349304414453372
oscillations,0.75,9,2,-12.3,10.68,q1,"(150, 150)",-0.00046861592451622505,0.06331463398884318,1.1630730646844165e-21,0.06385936466194309
oscillations,0.75,9,2,-12.3,10.68,q2,"(150, 50)",0.0014227196340173061,0.06378646384878575,1.1630730646844165e-21,0.06385936466194309
oscillations,0.75,9,2,-12.3,10.68,q3,"(50, 150)",-0.0010304630659748039,0.06538119060035354,1.1630730646844165e-21,0.06385936466194309
oscillations,0.75,9,2,-12.3,10.68,q4,"(50, 50)",0.0032774248431215566,0.06417336560425803,1.1630730646844165e-21,0.06385936466194309
oscillations,0.75,10,2,-12.3,10.68,q1,"(150, 150)",-6.751683891956578e-05,0.06380163427369562,-1.0924646628712493e-19,0.06391769640894635
oscillations,0.75,10,2,-12.3,10.68,q2,"(150, 50)",0.00020346044720235689,0.06355964345167929,-1.0924646628712493e-19,0.06391769640894635
oscillations,0.75,10,2,-12.3,10.68,q3,"(50, 150)",-0.0007371866098750202,0.06427177322856428,-1.0924646628712493e-19,0.06391769640894635
oscillations,0.75,10,2,-12.3,10.68,q4,"(50, 50)",0.0021157350579424647,0.06486715092381964,-1.0924646628712493e-19,0.06391769640894635
oscillations,0.75,11,2,-12.3,10.68,q1,"(150, 150)",0.0005286285479547821,0.0630791502690555,-8.60601942326548e-20,0.06359953867202518
oscillations,0.75,11,2,-12.3,10.68,q2,"(150, 50)",-0.001534668235228658,0.06405706203219948,-8.60601942326548e-20,0.06359953867202518
oscillations,0.75,11,2,-12.3,10.68,q3,"(50, 150)",-0.0006328933726882188,0.06467025497735901,-8.60601942326548e-20,0.06359953867202518
oscillations,0.75,11,2,-12.3,10.68,q4,"(50, 50)",0.001948084984304114,0.06336904862207361,-8.60601942326548e-20,0.06359953867202518
oscillations,0.75,12,2,-12.3,10.68,q1,"(150, 150)",-0.0003351521377375994,0.06359160980395245,-1.6289849024012944e-19,0.06381400802427703
oscillations,0.75,12,2,-12.3,10.68,q2,"(150, 50)",0.0010527174980734916,0.06507066563907388,-1.6289849024012944e-19,0.06381400802427703
oscillations,0.75,12,2,-12.3,10.68,q3,"(50, 150)",9.111564994373037e-05,0.06324861444627636,-1.6289849024012944e-19,0.06381400802427703
oscillations,0.75,12,2,-12.3,10.68,q4,"(50, 50)",-0.0002784996969314571,0.06378829702154926,-1.6289849024012944e-19,0.06381400802427703
oscillations,0.75,13,2,-12.3,10.68,q1,"(150, 150)",0.0003856303983657157,0.06331945668527669,3.024496923748331e-20,0.0634667294109706
oscillations,0.75,13,2,-12.3,10.68,q2,"(150, 50)",-0.0011593132792501837,0.062348824918091864,3.024496923748331e-20,0.0634667294109706
oscillations,0.75,13,2,-12.3,10.68,q3,"(50, 150)",0.001738693688931437,0.06425444495895356,3.024496923748331e-20,0.0634667294109706
oscillations,0.75,13,2,-12.3,10.68,q4,"(50, 50)",-0.004914470937081716,0.06530959214012973,3.024496923748331e-20,0.0634667294109706
oscillations,0.75,14,2,-12.3,10.68,q1,"(150, 150)",5.9632365645351454e-05,0.06370091097487453,3.836533447749661e-20,0.0636275944332069
oscillations,0.75,14,2,-12.3,10.68,q2,"(150, 50)",-0.00017590761158707828,0.06480245294901249,3.836533447749661e-20,0.0636275944332069
oscillations,0.75,14,2,-12.3,10.68,q3,"(50, 150)",7.889461170334487e-06,0.06306414947137139,3.836533447749661e-20,0.0636275944332069
oscillations,0.75,14,2,-12.3,10.68,q4,"(50, 50)",-2.3071173302891596e-05,0.0609775662108337,3.836533447749661e-20,0.0636275944332069
oscillations,0.75,15,2,-12.3,10.68,q1,"(150, 150)",0.000755176945289954,0.06473071379445414,7.439303289221251e-20,0.06458861789892914
oscillations,0.75,15,2,-12.3,10.68,q2,"(150, 50)",-0.0022297610558140745,0.0631209465179765,7.439303289221251e-20,0.06458861789892914
oscillations,0.75,15,2,-12.3,10.68,q3,"(50, 150)",0.00024893647974280283,0.06561955634722655,7.439303289221251e-20,0.06458861789892914
oscillations,0.75,15,2,-12.3,10.68,q4,"(50, 50)",-0.0007663735528125313,0.06438117774646535,7.439303289221251e-20,0.06458861789892914
oscillations,0.75,16,2,-12.3,10.68,q1,"(150, 150)",-0.00035128886104476067,0.06337487466719881,-1.0681473088922698e-19,0.06378259208216606
oscillations,0.75,16,2,-12.3,10.68,q2,"(150, 50)",0.001057021400027365,0.06406563878054693,-1.0681473088922698e-19,0.06378259208216606
oscillations,0.75,16,2,-12.3,10.68,q3,"(50, 150)",-0.00014856134292293697,0.0644489666044801,-1.0681473088922698e-19,0.06378259208216606
oscillations,0.75,16,2,-12.3,10.68,q4,"(50, 50)",0.00044509527840055457,0.06449832573066631,-1.0681473088922698e-19,0.06378259208216606
oscillations,0.75,17,2,-12.3,10.68,q1,"(150, 150)",-0.0007359016258735181,0.06388109646587978,5.810495648892336e-20,0.0637550780422507
oscillations,0.75,17,2,-12.3,10.68,q2,"(150, 50)",0.0021874895914866786,0.06365507769959411,5.810495648892336e-20,0.0637550780422507
oscillations,0.75,17,2,-12.3,10.68,q3,"(50, 150)",0.0011483049032914737,0.0628952059318702,5.810495648892336e-20,0.0637550780422507
oscillations,0.75,17,2,-12.3,10.68,q4,"(50, 50)",-0.003488540947719958,0.06521039870184227,5.810495648892336e-20,0.0637550780422507
oscillations,0.75,18,2,-12.3,10.68,q1,"(150, 150)",-0.00040950759456167966,0.06436678631836433,9.764085567102893e-20,0.06424122088063362
oscillations,0.75,18,2,-12.3,10.68,q2,"(150, 50)",0.0012232423389352447,0.06462635492595002,9.764085567102893e-20,0.06424122088063362
oscillations,0.75,18,2,-12.3,10.68,q3,"(50, 150)",0.0005701518819645681,0.06261583560294748,9.764085567102893e-20,0.06424122088063362
oscillations,0.75,18,2,-12.3,10.68,q4,"(50, 50)",-0.0017606478335769648,0.06671294295195478,9.764085567102893e-20,0.06424122088063362
oscillations,0.75,19,2,-12.3,10.68,q1,"(150, 150)",5.908099336048602e-05,0.06312552955776522,1.8592029215861283e-19,0.06346743471554118
oscillations,0.75,19,2,-12.3,10.68,q2,"(150, 50)",-0.0001787702438554017,0.0635618787222087,1.8592029215861283e-19,0.06346743471554118
oscillations,0.75,19,2,-12.3,10.68,q3,"(50, 150)",-0.00011936672916007047,0.06426960181944352,1.8592029215861283e-19,0.06346743471554118
oscillations,0.75,19,2,-12.3,10.68,q4,"(50, 50)",0.0003758679008869875,0.0637191429855346,1.8592029215861283e-19,0.06346743471554118
oscillations,0.75,20,2,-12.3,10.68,q1,"(150, 150)",0.0004623112981882766,0.06382237222433673,5.576208059393052e-20,0.06366955428410542
oscillations,0.75,20,2,-12.3,10.68,q2,"(150, 50)",-0.0013038945403679551,0.06364597792848255,5.576208059393052e-20,0.06366955428410542
oscillations,0.75,20,2,-12.3,10.68,q3,"(50, 150)",-0.00017881646339448778,0.06382101181365508,5.576208059393052e-20,0.06366955428410542
oscillations,0.75,20,2,-12.3,10.68,q4,"(50, 50)",0.0005309140218684267,0.061839727704090235,5.576208059393052e-20,0.06366955428410542
oscillations,0.75,21,2,-12.3,10.68,q1,"(150, 150)",7.378163123370278e-05,0.06491146846810307,-2.091428169295548e-20,0.06422931647123709
oscillations,0.75,21,2,-12.3,10.68,q2,"(150, 50)",-0.0002231597370454086,0.06253861770683594,-2.091428169295548e-20,0.06422931647123709
oscillations,0.75,21,2,-12.3,10.68,q3,"(50, 150)",-0.0015372748684783085,0.0641056648782834,-2.091428169295548e-20,0.06422931647123709
oscillations,0.75,21,2,-12.3,10.68,q4,"(50, 50)",0.005081547481914409,0.06303669286443263,-2.091428169295548e-20,0.06422931647123709
oscillations,0.75,22,2,-12.3,10.68,q1,"(150, 150)",-0.000389762186818437,0.06277927024478651,-2.5561899846945582e-20,0.06361823480425768
oscillations,0.75,22,2,-12.3,10.68,q2,"(150, 50)",0.0011225083430598576,0.06422508527680638,-2.5561899846945582e-20,0.06361823480425768
oscillations,0.75,22,2,-12.3,10.68,q3,"(50, 150)",-0.00039011038024558945,0.06412367952337061,-2.5561899846945582e-20,0.06361823480425768
oscillations,0.75,22,2,-12.3,10.68,q4,"(50, 50)",0.0010284296763895283,0.06716034298809555,-2.5561899846945582e-20,0.06361823480425768
oscillations,0.75,23,2,-12.3,10.68,q1,"(150, 150)",0.00020348501172143016,0.06419499518100233,1.3951030719089676e-20,0.06456900541839401
oscillations,0.75,23,2,-12.3,10.68,q2,"(150, 50)",-0.0006062911959564686,0.06535706116320657,1.3951030719089676e-20,0.06456900541839401
oscillations,0.75,23,2,-12.3,10.68,q3,"(50, 150)",-0.00039135175519505603,0.06455635407150095,1.3951030719089676e-20,0.06456900541839401
oscillations,0.75,23,2,-12.3,10.68,q4,"(50, 50)",0.0012077371789421191,0.06555140634024342,1.3951030719089676e-20,0.06456900541839401
oscillations,0.75,24,2,-12.3,10.68,q1,"(150, 150)",0.0003645644903910047,0.06473256908492456,0.0,0.06458541323950556
oscillations,0.75,24,2,-12.3,10.68,q2,"(150, 50)",-0.0011020686013576727,0.06424227109595225,0.0,0.06458541323950556
oscillations,0.75,24,2,-12.3,10.68,q3,"(50, 150)",6.129348512992406e-05,0.06380196630238129,0.0,0.06458541323950556
oscillations,0.75,24,2,-12.3,10.68,q4,"(50, 50)",-0.0001976930717570784,0.06670038301401339,0.0,0.06458541323950556
oscillations,0.75,25,2,-12.3,10.68,q1,"(150, 150)",0.0005257639356913578,0.06460208980086592,-8.358714423311368e-20,0.06433094647618061
oscillations,0.75,25,2,-12.3,10.68,q2,"(150, 50)",-0.0016039851709895006,0.0635895949020968,-8.358714423311368e-20,0.06433094647618061
oscillations,0.75,25,2,-12.3,10.68,q3,"(50, 150)",-0.0005457048652814146,0.06443088577249766,-8.358714423311368e-20,0.06433094647618061
oscillations,0.75,25,2,-12.3,10.68,q4,"(50, 50)",0.0016980788995950278,0.06363041830081385,-8.358714423311368e-20,0.06433094647618061
oscillations,0.75,26,2,-12.3,10.68,q1,"(150, 150)",-0.00032576873583082915,0.06334990836529274,-3.0689696609675125e-19,0.06352356204276004
oscillations,0.75,26,2,-12.3,10.68,q2,"(150, 50)",0.0009765777443086075,0.06365499706238092,-3.0689696609675125e-19,0.06352356204276004
oscillations,0.75,26,2,-12.3,10.68,q3,"(50, 150)",0.00010302371825035148,0.06443439467329089,-3.0689696609675125e-19,0.06352356204276004
oscillations,0.75,26,2,-12.3,10.68,q4,"(50, 50)",-0.00033710182453142265,0.06169940913684329,-3.0689696609675125e-19,0.06352356204276004
oscillations,0.75,27,2,-12.3,10.68,q1,"(150, 150)",9.431344260620303e-05,0.06334727714525307,-5.345208399560119e-20,0.06351740952288105
oscillations,0.75,27,2,-12.3,10.68,q2,"(150, 50)",-0.000273496611877717,0.06402493532875377,-5.345208399560119e-20,0.06351740952288105
oscillations,0.75,27,2,-12.3,10.68,q3,"(50, 150)",-0.00045301648141978066,0.06412065935816838,-5.345208399560119e-20,0.06351740952288105
oscillations,0.75,27,2,-12.3,10.68,q4,"(50, 50)",0.0014210216031402992,0.061508206881579916,-5.345208399560119e-20,0.06351740952288105
oscillations,0.75,28,2,-12.3,10.68,q1,"(150, 150)",0.0005334210376164541,0.06502596210028971,9.994052516094819e-20,0.06436480939469673
oscillations,0.75,28,2,-12.3,10.68,q2,"(150, 50)",-0.0015494832935478828,0.06334925027722334,9.994052516094819e-20,0.06436480939469673
oscillations,0.75,28,2,-12.3,10.68,q3,"(50, 150)",-0.00021694975919739297,0.06312982981587953,9.994052516094819e-20,0.06436480939469673
oscillations,0.75,28,2,-12.3,10.68,q4,"(50, 50)",0.0006625762916028468,0.06515752486094006,9.994052516094819e-20,0.06436480939469673
oscillations,0.75,29,2,-12.3,10.68,q1,"(150, 150)",-0.0006182851095212376,0.06432913474741853,4.884088217933695e-20,0.0640252430206064
oscillations,0.75,29,2,-12.3,10.68,q2,"(150, 50)",0.0019137665987333954,0.06264941885787625,4.884088217933695e-20,0.0640252430206064
oscillations,0.75,29,2,-12.3,10.68,q3,"(50, 150)",-0.0008312012770985259,0.06528735285853385,4.884088217933695e-20,0.0640252430206064
oscillations,0.75,29,2,-12.3,10.68,q4,"(50, 50)",0.0024737344780581625,0.061208894372561176,4.884088217933695e-20,0.0640252430206064
oscillations,0.75,30,2,-12.3,10.68,q1,"(150, 150)",-0.0004607823240215087,0.06444126702608838,9.536399901456344e-20,0.06418126031375765
oscillations,0.75,30,2,-12.3,10.68,q2,"(150, 50)",0.0014122434658644704,0.06419481530117438,9.536399901456344e-20,0.06418126031375765
oscillations,0.75,30,2,-12.3,10.68,q3,"(50, 150)",-0.00038348793615145156,0.06313900425702687,9.536399901456344e-20,0.06418126031375765
oscillations,0.75,30,2,-12.3,10.68,q4,"(50, 50)",0.0011724371963375204,0.06482079521966023,9.536399901456344e-20,0.06418126031375765
oscillations,0.75,31,2,-12.3,10.68,q1,"(150, 150)",-0.000293119572624899,0.06364766802896882,1.581381769470269e-19,0.0642445060109682
oscillations,0.75,31,2,-12.3,10.68,q2,"(150, 50)",0.0008520589937955087,0.06561334907612738,1.581381769470269e-19,0.0642445060109682
oscillations,0.75,31,2,-12.3,10.68,q3,"(50, 150)",-7.503457399572333e-05,0.06504653101123409,1.581381769470269e-19,0.0642445060109682
oscillations,0.75,31,2,-12.3,10.68,q4,"(50, 50)",0.00022630909666983146,0.06282240470193565,1.581381769470269e-19,0.0642445060109682
oscillations,0.75,32,2,-12.3,10.68,q1,"(150, 150)",-0.0004783623921272408,0.06371865932391929,8.827518190441067e-20,0.06368119389820771
oscillations,0.75,32,2,-12.3,10.68,q2,"(150, 50)",0.0014111266487618743,0.06407344081862311,8.827518190441067e-20,0.06368119389820771
oscillations,0.75,32,2,-12.3,10.68,q3,"(50, 150)",-0.0009058030292958613,0.06340755360338314,8.827518190441067e-20,0.06368119389820771
oscillations,0.75,32,2,-12.3,10.68,q4,"(50, 50)",0.0029687375340443213,0.06281188223361167,8.827518190441067e-20,0.06368119389820771
oscillations,0.75,33,2,-12.3,10.68,q1,"(150, 150)",-0.0005763806730380313,0.06426849921582013,6.741303960244878e-20,0.06384407892098727
oscillations,0.75,33,2,-12.3,10.68,q2,"(150, 50)",0.0017975261667626749,0.06306649302234581,6.741303960244878e-20,0.06384407892098727
oscillations,0.75,33,2,-12.3,10.68,q3,"(50, 150)",0.00039270469272697313,0.06467918705716827,6.741303960244878e-20,0.06384407892098727
oscillations,0.75,33,2,-12.3,10.68,q4,"(50, 50)",-0.0012179853474007657,0.05927083402844539,6.741303960244878e-20,0.06384407892098727
oscillations,0.75,34,2,-12.3,10.68,q1,"(150, 150)",-0.0003159983547823887,0.06403966342939484,2.0916032867843944e-19,0.064150454273996
oscillations,0.75,34,2,-12.3,10.68,q2,"(150, 50)",0.000980609573441679,0.06336687159622671,2.0916032867843944e-19,0.064150454273996
oscillations,0.75,34,2,-12.3,10.68,q3,"(50, 150)",0.0008129014072470565,0.06515891699465916,2.0916032867843944e-19,0.064150454273996
oscillations,0.75,34,2,-12.3,10.68,q4,"(50, 50)",-0.0026003736892889033,0.06422631843623304,2.0916032867843944e-19,0.064150454273996
oscillations,0.75,35,2,-12.3,10.68,q1,"(150, 150)",-1.5793154242972513e-05,0.06519842144463123,-2.1387996956511097e-19,0.06465457121012427
oscillations,0.75,35,2,-12.3,10.68,q2,"(150, 50)",4.648735163310914e-05,0.0648547002576339,-2.1387996956511097e-19,0.06465457121012427
oscillations,0.75,35,2,-12.3,10.68,q3,"(50, 150)",-0.0009115667460590065,0.0632737312872069,-2.1387996956511097e-19,0.06465457121012427
oscillations,0.75,35,2,-12.3,10.68,q4,"(50, 50)",0.002638932525556033,0.06320681190074218,-2.1387996956511097e-19,0.06465457121012427
oscillations,0.75,36,2,-12.3,10.68,q1,"(150, 150)",-0.0002005577546874314,0.06371036000019331,-4.88572579990115e-20,0.06441048440215973
oscillations,0.75,36,2,-12.3,10.68,q2,"(150, 50)",0.0005848432426899221,0.06445161645727245,-4.88572579990115e-20,0.06441048440215973
oscillations,0.75,36,2,-12.3,10.68,q3,"(50, 150)",-0.00030390693932959897,0.0669018964080055,-4.88572579990115e-20,0.06441048440215973
oscillations,0.75,36,2,-12.3,10.68,q4,"(50, 50)",0.0009479704667853901,0.06276014629169281,-4.88572579990115e-20,0.06441048440215973
oscillations,0.75,37,2,-12.3,10.68,q1,"(150, 150)",0.0006652730922434871,0.06413045319905138,2.3234200247471047e-20,0.06424066990779437
oscillations,0.75,37,2,-12.3,10.68,q2,"(150, 50)",-0.0020330648799830554,0.06427240767147341,2.3234200247471047e-20,0.06424066990779437
oscillations,0.75,37,2,-12.3,10.68,q3,"(50, 150)",-0.0005838387517840512,0.06442730376612534,2.3234200247471047e-20,0.06424066990779437
oscillations,0.75,37,2,-12.3,10.68,q4,"(50, 50)",0.0018171783371923674,0.06440499262382313,2.3234200247471047e-20,0.06424066990779437
oscillations,0.75,38,2,-12.3,10.68,q1,"(150, 150)",0.0001397264732169307,0.06435278836795442,1.5819119452374202e-19,0.06465403798017916
oscillations,0.75,38,2,-12.3,10.68,q2,"(150, 50)",-0.00041687040691786275,0.06603841268521705,1.5819119452374202e-19,0.06465403798017916
oscillations,0.75,38,2,-12.3,10.68,q3,"(50, 150)",-3.799491270470714e-05,0.06431598265239478,1.5819119452374202e-19,0.06465403798017916
oscillations,0.75,38,2,-12.3,10.68,q4,"(50, 50)",0.00011520545820101942,0.0641627924324705,1.5819119452374202e-19,0.06465403798017916
oscillations,0.75,39,2,-12.3,10.68,q1,"(150, 150)",-0.0006470202172619039,0.06350206049991626,1.2199997654224028e-19,0.06388544613231985
oscillations,0.75,39,2,-12.3,10.68,q2,"(150, 50)",0.001935884490047618,0.06324876018897985,1.2199997654224028e-19,0.06388544613231985
oscillations,0.75,39,2,-12.3,10.68,q3,"(50, 150)",-0.0004206630522531316,0.06568551615842483,1.2199997654224028e-19,0.06388544613231985
oscillations,0.75,39,2,-12.3,10.68,q4,"(50, 50)",0.0013293425106313836,0.06359035459453478,1.2199997654224028e-19,0.06388544613231985
oscillations,0.75,40,2,-12.3,10.68,q1,"(150, 150)",0.0005234685935982196,0.06388173887444343,-2.46344387110162e-19,0.06426550780068646
oscillations,0.75,40,2,-12.3,10.68,q2,"(150, 50)",-0.001490860187363678,0.06481237864165196,-2.46344387110162e-19,0.06426550780068646
oscillations,0.75,40,2,-12.3,10.68,q3,"(50, 150)",0.0008454886136919816,0.0648152348989699,-2.46344387110162e-19,0.06426550780068646
oscillations,0.75,40,2,-12.3,10.68,q4,"(50, 50)",-0.0025096603896511012,0.06414817442030363,-2.46344387110162e-19,0.06426550780068646
oscillations,0.75,41,2,-12.3,10.68,q1,"(150, 150)",-9.967302439018298e-05,0.06420651249256072,-9.292124410990597e-20,0.06438420895298522
oscillations,0.75,41,2,-12.3,10.68,q2,"(150, 50)",0.00029722118755682377,0.06575763286555322,-9.292124410990597e-20,0.06438420895298522
oscillations,0.75,41,2,-12.3,10.68,q3,"(50, 150)",0.0005530609151651521,0.06383266576006598,-9.292124410990597e-20,0.06438420895298522
oscillations,0.75,41,2,-12.3,10.68,q4,"(50, 50)",-0.0017689933909702735,0.063266720130061,-9.292124410990597e-20,0.06438420895298522
oscillations,0.75,42,2,-12.3,10.68,q1,"(150, 150)",0.00017075271606670317,0.0653268561825542,2.788337441503114e-20,0.06463322451865107
oscillations,0.75,42,2,-12.3,10.68,q2,"(150, 50)",-0.0005134155321770636,0.06370663229710206,2.788337441503114e-20,0.06463322451865107
oscillations,0.75,42,2,-12.3,10.68,q3,"(50, 150)",0.0011957073564191564,0.06279180340560832,2.788337441503114e-20,0.06463322451865107
oscillations,0.75,42,2,-12.3,10.68,q4,"(50, 50)",-0.003510670192248573,0.06647074591773071,2.788337441503114e-20,0.06463322451865107
oscillations,0.75,43,2,-12.3,10.68,q1,"(150, 150)",0.0006612678129063827,0.06446019701594495,-1.2549619720706366e-19,0.06429923816206791
oscillations,0.75,43,2,-12.3,10.68,q2,"(150, 50)",-0.0019426011441019025,0.06398898385002519,-1.2549619720706366e-19,0.06429923816206791
oscillations,0.75,43,2,-12.3,10.68,q3,"(50, 150)",0.0001664331020568879,0.06365886179607683,-1.2549619720706366e-19,0.06429923816206791
oscillations,0.75,43,2,-12.3,10.68,q4,"(50, 50)",-0.0005004223365489143,0.06557469112924293,-1.2549619720706366e-19,0.06429923816206791
oscillations,0.75,44,2,-12.3,10.68,q1,"(150, 150)",-6.238707028781226e-05,0.06354820652674946,1.5688338252009308e-19,0.06374487047537654
oscillations,0.75,44,2,-12.3,10.68,q2,"(150, 50)",0.00018643804375354734,0.0632288848542488,1.5688338252009308e-19,0.06374487047537654
oscillations,0.75,44,2,-12.3,10.68,q3,"(50, 150)",7.176184616040889e-05,0.06388545032096732,1.5688338252009308e-19,0.06374487047537654
oscillations,0.75,44,2,-12.3,10.68,q4,"(50, 50)",-0.00022115162944801698,0.06660879843448111,1.5688338252009308e-19,0.06374487047537654
oscillations,0.75,45,2,-12.3,10.68,q1,"(150, 150)",0.0006138348241564356,0.06425221511524408,1.1630730646844164e-20,0.06426415683559437
oscillations,0.75,45,2,-12.3,10.68,q2,"(150, 50)",-0.00182087362067531,0.06443558662773952,1.1630730646844164e-20,0.06426415683559437
oscillations,0.75,45,2,-12.3,10.68,q3,"(50, 150)",3.4569589279583257e-06,0.06456173040079465,1.1630730646844164e-20,0.06426415683559437
oscillations,0.75,45,2,-12.3,10.68,q4,"(50, 50)",-1.0089939350333982e-05,0.06283903967011355,1.1630730646844164e-20,0.06426415683559437
oscillations,0.75,46,2,-12.3,10.68,q1,"(150, 150)",-0.0004586051519682675,0.06337090263422637,-2.5086636258163217e-19,0.06406920117089547
oscillations,0.75,46,2,-12.3,10.68,q2,"(150, 50)",0.0013429860137568754,0.06350695971513812,-2.5086636258163217e-19,0.06406920117089547
oscillations,0.75,46,2,-12.3,10.68,q3,"(50, 150)",0.0011396737524963054,0.06449627477491097,-2.5086636258163217e-19,0.06406920117089547
oscillations,0.75,46,2,-12.3,10.68,q4,"(50, 50)",-0.003511929443833726,0.0702851040212304,-2.5086636258163217e-19,0.06406920117089547
oscillations,0.75,47,2,-12.3,10.68,q1,"(150, 150)",0.00045745178188448993,0.06436838562146645,-2.209283354406994e-19,0.06419967484434065
oscillations,0.75,47,2,-12.3,10.68,q2,"(150, 50)",-0.001336472843919324,0.06495007303798088,-2.209283354406994e-19,0.06419967484434065
oscillations,0.75,47,2,-12.3,10.68,q3,"(50, 150)",7.126117039766316e-05,0.06402887122344943,-2.209283354406994e-19,0.06419967484434065
oscillations,0.75,47,2,-12.3,10.68,q4,"(50, 50)",-0.0002190333109221478,0.060682665907230586,-2.209283354406994e-19,0.06419967484434065
oscillations,0.75,48,2,-12.3,10.68,q1,"(150, 150)",0.0004816044949308754,0.06353367896571141,-4.6472290691718565e-21,0.06363391963402684
oscillations,0.75,48,2,-12.3,10.68,q2,"(150, 50)",-0.0014172811258036137,0.06462167490309392,-4.6472290691718565e-21,0.06363391963402684
oscillations,0.75,48,2,-12.3,10.68,q3,"(50, 150)",-0.000537495452279088,0.06297369284470758,-4.6472290691718565e-21,0.06363391963402684
oscillations,0.75,48,2,-12.3,10.68,q4,"(50, 50)",0.0017532040503523878,0.06339607486916489,-4.6472290691718565e-21,0.06363391963402684
oscillations,0.75,49,2,-12.3,10.68,q1,"(150, 150)",3.097534705425922e-05,0.0649737146862973,8.594495755111472e-20,0.06464316994646484
oscillations,0.75,49,2,-12.3,10.68,q2,"(150, 50)",-9.280125238771588e-05,0.0642866776511645,8.594495755111472e-20,0.06464316994646484
oscillations,0.75,49,2,-12.3,10.68,q3,"(50, 150)",-0.00041065104798384595,0.06345333083207787,8.594495755111472e-20,0.06464316994646484
oscillations,0.75,49,2,-12.3,10.68,q4,"(50, 50)",0.001301055803060544,0.06637371135885554,8.594495755111472e-20,0.06464316994646484
oscillations,0.75,0,3,-17.0,8.65,q1,"(150, 150)",5.997893377983234e-05,0.06413225598287327,-1.6759488798434098e-19,0.06419037703474782
oscillations,0.75,0,3,-17.0,8.65,q2,"(150, 50)",-0.00018407233512979693,0.06353417959744925,-1.6759488798434098e-19,0.06419037703474782
oscillations,0.75,0,3,-17.0,8.65,q3,"(50, 150)",0.0008111519781439283,0.06434774248145464,-1.6759488798434098e-19,0.06419037703474782
oscillations,0.75,0,3,-17.0,8.65,q4,"(50, 50)",-0.002504995796818972,0.06607996612902153,-1.6759488798434098e-19,0.06419037703474782
oscillations,0.75,1,3,-17.0,8.65,q1,"(150, 150)",-0.00033205566894144005,0.06427173668660795,2.300763615462834e-19,0.0644791801140972
oscillations,0.75,1,3,-17.0,8.65,q2,"(150, 50)",0.000981467774024788,0.06327656137531898,2.300763615462834e-19,0.0644791801140972
oscillations,0.75,1,3,-17.0,8.65,q3,"(50, 150)",0.000399899990067799,0.06616602882810275,2.300763615462834e-19,0.0644791801140972
oscillations,0.75,1,3,-17.0,8.65,q4,"(50, 50)",-0.0012702378851181335,0.06466161541103127,2.300763615462834e-19,0.0644791801140972
oscillations,0.75,2,3,-17.0,8.65,q1,"(150, 150)",0.00025950990296206536,0.06387462447747452,2.5820222035994043e-19,0.06391854995730781
oscillations,0.75,2,3,-17.0,8.65,q2,"(150, 50)",-0.0007948973353070202,0.0645912900365102,2.5820222035994043e-19,0.06391854995730781
oscillations,0.75,2,3,-17.0,8.65,q3,"(50, 150)",0.0001395770336714864,0.0638890763169031,2.5820222035994043e-19,0.06391854995730781
oscillations,0.75,2,3,-17.0,8.65,q4,"(50, 50)",-0.0004341977452861648,0.06236816781891015,2.5820222035994043e-19,0.06391854995730781
oscillations,0.75,3,3,-17.0,8.65,q1,"(150, 150)",-0.00034187116317955184,0.06326646210699105,-6.972594778670804e-20,0.06378414205312091
oscillations,0.75,3,3,-17.0,8.65,q2,"(150, 50)",0.001056339994445397,0.06387233508781903,-6.972594778670804e-20,0.06378414205312091
oscillations,0.75,3,3,-17.0,8.65,q3,"(50, 150)",0.00045547458172012545,0.06510035105235304,-6.972594778670804e-20,0.06378414205312091
oscillations,0.75,3,3,-17.0,8.65,q4,"(50, 50)",-0.0013298883509047516,0.0642787959894979,-6.972594778670804e-20,0.06378414205312091
oscillations,0.75,4,3,-17.0,8.65,q1,"(150, 150)",-0.00014364180899285512,0.06390457061593892,-2.346654224994576e-19,0.06404135244843082
oscillations,0.75,4,3,-17.0,8.65,q2,"(150, 50)",0.0004404971769160154,0.06429494357177931,-2.346654224994576e-19,0.06404135244843082
oscillations,0.75,4,3,-17.0,8.65,q3,"(50, 150)",2.845423432916413e-05,0.06383066557669938,-2.346654224994576e-19,0.06404135244843082
oscillations,0.75,4,3,-17.0,8.65,q4,"(50, 50)",-8.797036866725497e-05,0.06516279655136697,-2.346654224994576e-19,0.06404135244843082
oscillations,0.75,5,3,-17.0,8.65,q1,"(150, 150)",0.00017153953978759433,0.06414362711939905,-1.5104759000467844e-19,0.0639617403064442
oscillations,0.75,5,3,-17.0,8.65,q2,"(150, 50)",-0.0005053196491583433,0.06265512128110037,-1.5104759000467844e-19,0.0639617403064442
oscillations,0.75,5,3,-17.0,8.65,q3,"(50, 150)",-0.00011329069645308975,0.06428574707620191,-1.5104759000467844e-19,0.0639617403064442
oscillations,0.75,5,3,-17.0,8.65,q4,"(50, 50)",0.00033023348298564305,0.06524037955752895,-1.5104759000467844e-19,0.0639617403064442
oscillations,0.75,6,3,-17.0,8.65,q1,"(150, 150)",-0.00010072311952036835,0.06449624841172762,-8.134693908449271e-20,0.06471645777198767
oscillations,0.75,6,3,-17.0,8.65,q2,"(150, 50)",0.0002956157582080327,0.06431882142243768,-8.134693908449271e-20,0.06471645777198767
oscillations,0.75,6,3,-17.0,8.65,q3,"(50, 150)",-0.0007553866172762174,0.06541850889740267,-8.134693908449271e-20,0.06471645777198767
oscillations,0.75,6,3,-17.0,8.65,q4,"(50, 50)",0.002328232011187004,0.0657956679358667,-8.134693908449271e-20,0.06471645777198767
oscillations,0.75,7,3,-17.0,8.65,q1,"(150, 150)",-0.00019692570623166183,0.06447842313574446,-1.30209620044837e-19,0.06418261057044661
oscillations,0.75,7,3,-17.0,8.65,q2,"(150, 50)",0.000592721627463879,0.06365472138905091,-1.30209620044837e-19,0.06418261057044661
oscillations,0.75,7,3,-17.0,8.65,q3,"(50, 150)",0.00022841548490671872,0.0638384687234181,-1.30209620044837e-19,0.06418261057044661
oscillations,0.75,7,3,-17.0,8.65,q4,"(50, 50)",-0.0006947765758939232,0.06411103506191142,-1.30209620044837e-19,0.06418261057044661
oscillations,0.75,8,3,-17.0,8.65,q1,"(150, 150)",-2.9431007303543776e-05,0.06443304778959653,-9.068929700146847e-20,0.06433139133724255
oscillations,0.75,8,3,-17.0,8.65,q2,"(150, 50)",8.724191450693383e-05,0.06423675276920976,-9.068929700146847e-20,0.06433139133724255
oscillations,0.75,8,3,-17.0,8.65,q3,"(50, 150)",-0.0002643559450405655,0.06449938426513327,-9.068929700146847e-20,0.06433139133724255
oscillations,0.75,8,3,-17.0,8.65,q4,"(50, 50)",0.000799207249145863,0.06316401952416263,-9.068929700146847e-20,0.06433139133724255
oscillations,0.75,9,3,-17.0,8.65,q1,"(150, 150)",0.00010523152930881039,0.06411376026811952,-1.1850434126388233e-19,0.06387383679425283
oscillations,0.75,9,3,-17.0,8.65,q2,"(150, 50)",-0.00032129406379791017,0.06340273780924793,-1.1850434126388233e-19,0.06387383679425283
oscillations,0.75,9,3,-17.0,8.65,q3,"(50, 150)",-0.0003789709821988005,0.06384293455621584,-1.1850434126388233e-19,0.06387383679425283
oscillations,0.75,9,3,-17.0,8.65,q4,"(50, 50)",0.0011219472135414168,0.06321102426814233,-1.1850434126388233e-19,0.06387383679425283
oscillations,0.75,10,3,-17.0,8.65,q1,"(150, 150)",7.729334708288712e-05,0.0648360589407382,4.1881160288483563e-20,0.06454813713591315
oscillations,0.75,10,3,-17.0,8.65,q2,"(150, 50)",-0.0002247018298778469,0.06423587001563517,4.1881160288483563e-20,0.06454813713591315
oscillations,0.75,10,3,-17.0,8.65,q3,"(50, 150)",-0.0011954689429575103,0.06550210008733053,4.1881160288483563e-20,0.06454813713591315
oscillations,0.75,10,3,-17.0,8.65,q4,"(50, 50)",0.003518447354079081,0.05987227888396689,4.1881160288483563e-20,0.06454813713591315
oscillations,0.75,11,3,-17.0,8.65,q1,"(150, 150)",0.0006247918443248046,0.06494459888364267,3.4848383212056054e-19,0.06518973613145675
oscillations,0.75,11,3,-17.0,8.65,q2,"(150, 50)",-0.0018129027611775445,0.06549771934424159,3.4848383212056054e-19,0.06518973613145675
oscillations,0.75,11,3,-17.0,8.65,q3,"(50, 150)",-0.00016808495142800809,0.06552245688627603,3.4848383212056054e-19,0.06518973613145675
oscillations,0.75,11,3,-17.0,8.65,q4,"(50, 50)",0.0004702529366287429,0.06532759435780779,3.4848383212056054e-19,0.06518973613145675
oscillations,0.75,12,3,-17.0,8.65,q1,"(150, 150)",-0.0001825569808781048,0.06526940840211123,-3.369241075149596e-20,0.06486454565776091
oscillations,0.75,12,3,-17.0,8.65,q2,"(150, 50)",0.0005460568225558158,0.06441827048603065,-3.369241075149596e-20,0.06486454565776091
oscillations,0.75,12,3,-17.0,8.65,q3,"(50, 150)",-0.00040582369152088757,0.06411466708488588,-3.369241075149596e-20,0.06486454565776091
oscillations,0.75,12,3,-17.0,8.65,q4,"(50, 50)",0.0012591379233404757,0.06470174591163015,-3.369241075149596e-20,0.06486454565776091
oscillations,0.75,13,3,-17.0,8.65,q1,"(150, 150)",-0.0003501044950776955,0.06357160607326294,3.4877576797724195e-20,0.06352468001071042
oscillations,0.75,13,3,-17.0,8.65,q2,"(150, 50)",0.0010356032123306623,0.06480587393755707,3.4877576797724195e-20,0.06352468001071042
oscillations,0.75,13,3,-17.0,8.65,q3,"(50, 150)",-0.0004195520306011137,0.062157884240675206,3.4877576797724195e-20,0.06352468001071042
oscillations,0.75,13,3,-17.0,8.65,q4,"(50, 50)",0.0013167657913325818,0.06322669605691054,3.4877576797724195e-20,0.06352468001071042
oscillations,0.75,14,3,-17.0,8.65,q1,"(150, 150)",0.00012817126045033903,0.06374566558798389,-2.1591539374767786e-19,0.06382862007520934
oscillations,0.75,14,3,-17.0,8.65,q2,"(150, 50)",-0.00037470162744094367,0.06432125521041164,-2.1591539374767786e-19,0.06382862007520934
oscillations,0.75,14,3,-17.0,8.65,q3,"(50, 150)",-0.0004417979213242642,0.06348211433737737,-2.1591539374767786e-19,0.06382862007520934
oscillations,0.75,14,3,-17.0,8.65,q4,"(50, 50)",0.0013296186074827224,0.06405311209364473,-2.1591539374767786e-19,0.06382862007520934
oscillations,0.75,15,3,-17.0,8.65,q1,"(150, 150)",0.0006162372622893698,0.06423377229797679,-4.646062205495299e-21,0.06418930133810141
oscillations,0.75,15,3,-17.0,8.65,q2,"(150, 50)",-0.0018957463493920236,0.06454956264104608,-4.646062205495299e-21,0.06418930133810141
oscillations,0.75,15,3,-17.0,8.65,q3,"(50, 150)",0.0005252271376991445,0.06394461469813811,-4.646062205495299e-21,0.06418930133810141
oscillations,0.75,15,3,-17.0,8.65,q4,"(50, 50)",-0.0016217539690359544,0.06333013078491838,-4.646062205495299e-21,0.06418930133810141
oscillations,0.75,16,3,-17.0,8.65,q1,"(150, 150)",-0.0007473870958494032,0.0647240876315401,-3.2533327077930744e-20,0.06412379695955983
oscillations,0.75,16,3,-17.0,8.65,q2,"(150, 50)",0.0021883782758240753,0.06449147671756754,-3.2533327077930744e-20,0.06412379695955983
oscillations,0.75,16,3,-17.0,8.65,q3,"(50, 150)",-0.0004473392989992155,0.06315527039891433,-3.2533327077930744e-20,0.06412379695955983
oscillations,0.75,16,3,-17.0,8.65,q4,"(50, 50)",0.0014647166761517167,0.060004044530662284,-3.2533327077930744e-20,0.06412379695955983
oscillations,0.75,17,3,-17.0,8.65,q1,"(150, 150)",8.120727840799515e-05,0.06457634096410725,-1.3947525434989404e-19,0.06378875951719436
oscillations,0.75,17,3,-17.0,8.65,q2,"(150, 50)",-0.00024017993733119685,0.06276941274604077,-1.3947525434989404e-19,0.06378875951719436
oscillations,0.75,17,3,-17.0,8.65,q3,"(50, 150)",0.0001853106812148066,0.06301054869967304,-1.3947525434989404e-19,0.06378875951719436
oscillations,0.75,17,3,-17.0,8.65,q4,"(50, 50)",-0.0005859964338834662,0.061982331472124876,-1.3947525434989404e-19,0.06378875951719436
oscillations,0.75,18,3,-17.0,8.65,q1,"(150, 150)",-0.0006182435284646854,0.06431118535529425,1.1615155513738246e-20,0.0643466530924381
oscillations,0.75,18,3,-17.0,8.65,q2,"(150, 50)",0.0018317414502054628,0.06399417396048139,1.1615155513738246e-20,0.0643466530924381
oscillations,0.75,18,3,-17.0,8.65,q3,"(50, 150)",-0.0011032716293232535,0.06519757219246491,1.1615155513738246e-20,0.0643466530924381
oscillations,0.75,18,3,-17.0,8.65,q4,"(50, 50)",0.0033335093122236837,0.06290625240396516,1.1615155513738246e-20,0.0643466530924381
oscillations,0.75,19,3,-17.0,8.65,q1,"(150, 150)",0.00026336382876676774,0.06484125580958426,2.115197538750717e-19,0.06445061568430575
oscillations,0.75,19,3,-17.0,8.65,q2,"(150, 50)",-0.0007679707777275441,0.06361340487058456,2.115197538750717e-19,0.06445061568430575
oscillations,0.75,19,3,-17.0,8.65,q3,"(50, 150)",-0.0003208839750070152,0.06413548684219109,2.115197538750717e-19,0.06445061568430575
oscillations,0.75,19,3,-17.0,8.65,q4,"(50, 50)",0.0009711634362944416,0.06443645084012588,2.115197538750717e-19,0.06445061568430575
oscillations,0.75,20,3,-17.0,8.65,q1,"(150, 150)",-0.0005711653529980563,0.06457607846428998,1.6752464115393425e-19,0.06425253292799406
oscillations,0.75,20,3,-17.0,8.65,q2,"(150, 50)",0.0017729870139889415,0.0642297720971242,1.6752464115393425e-19,0.06425253292799406
oscillations,0.75,20,3,-17.0,8.65,q3,"(50, 150)",0.0008192195183708349,0.06318971477675213,1.6752464115393425e-19,0.06425253292799406
oscillations,0.75,20,3,-17.0,8.65,q4,"(50, 50)",-0.0025456361045051853,0.06435784649286375,1.6752464115393425e-19,0.06425253292799406
oscillations,0.75,21,3,-17.0,8.65,q1,"(150, 150)",-0.00013316199200365847,0.0637840946789107,9.536399901456344e-20,0.06386821277969747
oscillations,0.75,21,3,-17.0,8.65,q2,"(150, 50)",0.0004083353488972955,0.06307310967991382,9.536399901456344e-20,0.06386821277969747
oscillations,0.75,21,3,-17.0,8.65,q3,"(50, 150)",-3.545429486021959e-05,0.064756667009577,9.536399901456344e-20,0.06386821277969747
oscillations,0.75,21,3,-17.0,8.65,q4,"(50, 50)",0.00010684723287109711,0.06433174878021801,9.536399901456344e-20,0.06386821277969747
oscillations,0.75,22,3,-17.0,8.65,q1,"(150, 150)",-0.00026198368702626186,0.06398411846801098,-9.536399901456344e-20,0.06451335961501001
oscillations,0.75,22,3,-17.0,8.65,q2,"(150, 50)",0.0007890083213403127,0.06478323280840796,-9.536399901456344e-20,0.06451335961501001
oscillations,0.75,22,3,-17.0,8.65,q3,"(50, 150)",0.0006407222890213013,0.06584717690423025,-9.536399901456344e-20,0.06451335961501001
oscillations,0.75,22,3,-17.0,8.65,q4,"(50, 50)",-0.0020696777895363224,0.06424022759510505,-9.536399901456344e-20,0.06451335961501001
oscillations,0.75,23,3,-17.0,8.65,q1,"(150, 150)",-0.0004935866911737711,0.0636479898500439,1.8584248821981195e-20,0.06373391034550918
oscillations,0.75,23,3,-17.0,8.65,q2,"(150, 50)",0.001445596905548511,0.06448919447564833,1.8584248821981195e-20,0.06373391034550918
oscillations,0.75,23,3,-17.0,8.65,q3,"(50, 150)",-3.177109940093937e-06,0.06301934952442316,1.8584248821981195e-20,0.06373391034550918
oscillations,0.75,23,3,-17.0,8.65,q4,"(50, 50)",9.624774230285761e-06,0.06427209153516877,1.8584248821981195e-20,0.06373391034550918
oscillations,0.75,24,3,-17.0,8.65,q1,"(150, 150)",0.0005485145057668941,0.06321512441697659,-6.039375395483737e-20,0.06367891086025629
oscillations,0.75,24,3,-17.0,8.65,q2,"(150, 50)",-0.0016307907021103026,0.06426054742780683,-6.039375395483737e-20,0.06367891086025629
oscillations,0.75,24,3,-17.0,8.65,q3,"(50, 150)",0.0003661407789616321,0.06419372257837096,-6.039375395483737e-20,0.06367891086025629
oscillations,0.75,24,3,-17.0,8.65,q4,"(50, 50)",-0.0011468291346660418,0.06447096225658633,-6.039375395483737e-20,0.06367891086025629
oscillations,0.75,25,3,-17.0,8.65,q1,"(150, 150)",4.519918267264612e-05,0.06335367409066657,4.185659861606237e-20,0.06341350383978706
oscillations,0.75,25,3,-17.0,8.65,q2,"(150, 50)",-0.00013219186047335252,0.06272245185698212,4.185659861606237e-20,0.06341350383978706
oscillations,0.75,25,3,-17.0,8.65,q3,"(50, 150)",0.0010513459009188952,0.06403315261623864,4.185659861606237e-20,0.06341350383978706
oscillations,0.75,25,3,-17.0,8.65,q4,"(50, 50)",-0.0031670172817803753,0.06414313990060039,4.185659861606237e-20,0.06341350383978706
oscillations,0.75,26,3,-17.0,8.65,q1,"(150, 150)",0.0003852383222228913,0.06395091664693608,1.906161809448552e-19,0.0641081235028961
oscillations,0.75,26,3,-17.0,8.65,q2,"(150, 50)",-0.0011415102662046576,0.06489447665533468,1.906161809448552e-19,0.0641081235028961
oscillations,0.75,26,3,-17.0,8.65,q3,"(50, 150)",0.0008807513781022784,0.06391637383258611,1.906161809448552e-19,0.0641081235028961
oscillations,0.75,26,3,-17.0,8.65,q4,"(50, 50)",-0.002766695001171768,0.0635803316630355,1.906161809448552e-19,0.0641081235028961
oscillations,0.75,27,3,-17.0,8.65,q1,"(150, 150)",0.0006280477577856429,0.06404074065050387,-4.880816345069563e-20,0.06389085925882454
oscillations,0.75,27,3,-17.0,8.65,q2,"(150, 50)",-0.0019030382889705965,0.06378203060851946,-4.880816345069563e-20,0.06389085925882454
oscillations,0.75,27,3,-17.0,8.65,q3,"(50, 150)",0.00028526693105927216,0.0628962518862818,-4.880816345069563e-20,0.06389085925882454
oscillations,0.75,27,3,-17.0,8.65,q4,"(50, 50)",-0.0008615989015326779,0.06568100870814593,-4.880816345069563e-20,0.06389085925882454
oscillations,0.75,28,3,-17.0,8.65,q1,"(150, 150)",-0.0004065041383785591,0.06513759457295752,-2.1370097553250146e-19,0.06453736409009406
oscillations,0.75,28,3,-17.0,8.65,q2,"(150, 50)",0.001191496107091149,0.06497640408464017,-2.1370097553250146e-19,0.06453736409009406
oscillations,0.75,28,3,-17.0,8.65,q3,"(50, 150)",-0.0007673755117276432,0.06287021507740513,-2.1370097553250146e-19,0.06453736409009406
oscillations,0.75,28,3,-17.0,8.65,q4,"(50, 50)",0.002228090305889781,0.06263395290664511,-2.1370097553250146e-19,0.06453736409009406
oscillations,0.75,29,3,-17.0,8.65,q1,"(150, 150)",-0.00019562395859232856,0.06331702041300072,-2.7437027080876367e-19,0.0634271066654432
oscillations,0.75,29,3,-17.0,8.65,q2,"(150, 50)",0.0005746075922802463,0.06352771158747278,-2.7437027080876367e-19,0.0634271066654432
oscillations,0.75,29,3,-17.0,8.65,q3,"(50, 150)",-0.0008842570489837146,0.06365842093277867,-2.7437027080876367e-19,0.0634271066654432
oscillations,0.75,29,3,-17.0,8.65,q4,"(50, 50)",0.0027626992773575874,0.06330088173198933,-2.7437027080876367e-19,0.0634271066654432
oscillations,0.75,30,3,-17.0,8.65,q1,"(150, 150)",0.0004768215189776737,0.0640130951237118,1.9861915928492401e-19,0.06427724848955395
oscillations,0.75,30,3,-17.0,8.65,q2,"(150, 50)",-0.0014203328911911312,0.06425422709185874,1.9861915928492401e-19,0.06427724848955395
oscillations,0.75,30,3,-17.0,8.65,q3,"(50, 150)",0.00020784307974746046,0.06473795341810275,1.9861915928492401e-19,0.06427724848955395
oscillations,0.75,30,3,-17.0,8.65,q4,"(50, 50)",-0.0006598797919767738,0.06530508171620661,1.9861915928492401e-19,0.06427724848955395
oscillations,0.75,31,3,-17.0,8.65,q1,"(150, 150)",0.00034116444486286625,0.06449970192705876,3.0212047475774583e-20,0.06441865839824125
oscillations,0.75,31,3,-17.0,8.65,q2,"(150, 50)",-0.0010406598139085332,0.06344566717531368,3.0212047475774583e-20,0.06441865839824125
oscillations,0.75,31,3,-17.0,8.65,q3,"(50, 150)",0.0014613997594341778,0.06569891135459908,3.0212047475774583e-20,0.06441865839824125
oscillations,0.75,31,3,-17.0,8.65,q4,"(50, 50)",-0.004345588980827392,0.06240726353796605,3.0212047475774583e-20,0.06441865839824125
oscillations,0.75,32,3,-17.0,8.65,q1,"(150, 150)",-0.0007217734872589262,0.0641657828302869,-1.0687732113836681e-19,0.06406576702975525
oscillations,0.75,32,3,-17.0,8.65,q2,"(150, 50)",0.0021036086695651298,0.06396973857009494,-1.0687732113836681e-19,0.06406576702975525
oscillations,0.75,32,3,-17.0,8.65,q3,"(50, 150)",0.0005589418243891341,0.0636396686602833,-1.0687732113836681e-19,0.06406576702975525
oscillations,0.75,32,3,-17.0,8.65,q4,"(50, 50)",-0.0017838731549929556,0.06463437020227038,-1.0687732113836681e-19,0.06406576702975525
oscillations,0.75,33,3,-17.0,8.65,q1,"(150, 150)",-0.00014688849357265456,0.06417632582173542,2.0916032867843944e-20,0.06463657371595433
oscillations,0.75,33,3,-17.0,8.65,q2,"(150, 50)",0.0004452640769323531,0.06529272773404213,2.0916032867843944e-20,0.06463657371595433
oscillations,0.75,33,3,-17.0,8.65,q3,"(50, 150)",-8.486534049261724e-05,0.06507215489548565,2.0916032867843944e-20,0.06463657371595433
oscillations,0.75,33,3,-17.0,8.65,q4,"(50, 50)",0.00026394945954289856,0.06543023427168353,2.0916032867843944e-20,0.06463657371595433
oscillations,0.75,34,3,-17.0,8.65,q1,"(150, 150)",-0.0007126488018656876,0.06352936548153508,-5.342971536319593e-20,0.06377550462898472
oscillations,0.75,34,3,-17.0,8.65,q2,"(150, 50)",0.0020840670236538105,0.06418667038625663,-5.342971536319593e-20,0.06377550462898472
oscillations,0.75,34,3,-17.0,8.65,q3,"(50, 150)",-0.0010255479027054442,0.06420676565379962,-5.342971536319593e-20,0.06377550462898472
oscillations,0.75,34,3,-17.0,8.65,q4,"(50, 50)",0.003055024779996061,0.06316583052101091,-5.342971536319593e-20,0.06377550462898472
oscillations,0.75,35,3,-17.0,8.65,q1,"(150, 150)",-0.00018887036104275429,0.06341294283455753,-3.9488223739701355e-20,0.06395145019436033
oscillations,0.75,35,3,-17.0,8.65,q2,"(150, 50)",0.0005610758061172403,0.06456601924827594,-3.9488223739701355e-20,0.06395145019436033
oscillations,0.75,35,3,-17.0,8.65,q3,"(50, 150)",-0.00018779975106946676,0.0634038710026054,-3.9488223739701355e-20,0.06395145019436033
oscillations,0.75,35,3,-17.0,8.65,q4,"(50, 50)",0.000526124207800175,0.06810873322483606,-3.9488223739701355e-20,0.06395145019436033
oscillations,0.75,36,3,-17.0,8.65,q1,"(150, 150)",-0.0002367433847721594,0.06343619602197233,-9.297571598904251e-20,0.06371155990479647
oscillations,0.75,36,3,-17.0,8.65,q2,"(150, 50)",0.0007100185873953234,0.06450044800830743,-9.297571598904251e-20,0.06371155990479647
oscillations,0.75,36,3,-17.0,8.65,q3,"(50, 150)",1.4688618166729817e-05,0.06397282291477313,-9.297571598904251e-20,0.06371155990479647
oscillations,0.75,36,3,-17.0,8.65,q4,"(50, 50)",-4.633034980089456e-05,0.0629590868927622,-9.297571598904251e-20,0.06371155990479647
oscillations,0.75,37,3,-17.0,8.65,q1,"(150, 150)",-0.0004851082225965811,0.06455013941939418,-3.0212047475774583e-20,0.06407401512818274
oscillations,0.75,37,3,-17.0,8.65,q2,"(150, 50)",0.0014097795726551292,0.06425329480975063,-3.0212047475774583e-20,0.06407401512818274
oscillations,0.75,37,3,-17.0,8.65,q3,"(50, 150)",-0.00019580933078081614,0.06357819286670713,-3.0212047475774583e-20,0.06407401512818274
oscillations,0.75,37,3,-17.0,8.65,q4,"(50, 50)",0.0006172604388603009,0.0604861023107161,-3.0212047475774583e-20,0.06407401512818274
oscillations,0.75,38,3,-17.0,8.65,q1,"(150, 150)",4.641523162507479e-05,0.06479178216496867,-5.117950411062242e-20,0.06414903669447895
oscillations,0.75,38,3,-17.0,8.65,q2,"(150, 50)",-0.00014286855501124949,0.06335706460093223,-5.117950411062242e-20,0.06414903669447895
oscillations,0.75,38,3,-17.0,8.65,q3,"(50, 150)",0.0009609338731134124,0.06352010361561454,-5.117950411062242e-20,0.06414903669447895
oscillations,0.75,38,3,-17.0,8.65,q4,"(50, 50)",-0.0029560278636817667,0.06246356695834337,-5.117950411062242e-20,0.06414903669447895
oscillations,0.75,39,3,-17.0,8.65,q1,"(150, 150)",0.0003984155073533618,0.06373814231450521,-6.975515359544839e-20,0.06379168196250294
oscillations,0.75,39,3,-17.0,8.65,q2,"(150, 50)",-0.0011812054469110683,0.06439135060229503,-6.975515359544839e-20,0.06379168196250294
oscillations,0.75,39,3,-17.0,8.65,q3,"(50, 150)",0.000518864338087229,0.06402116712820606,-6.975515359544839e-20,0.06379168196250294
oscillations,0.75,39,3,-17.0,8.65,q4,"(50, 50)",-0.0015658204238309533,0.06161142685192404,-6.975515359544839e-20,0.06379168196250294
oscillations,0.75,40,3,-17.0,8.65,q1,"(150, 150)",-0.0001701735247924222,0.06440947679673656,9.304584517475332e-21,0.06448662045549836
oscillations,0.75,40,3,-17.0,8.65,q2,"(150, 50)",0.0004956322519982278,0.06424737575070878,9.304584517475332e-21,0.06448662045549836
oscillations,0.75,40,3,-17.0,8.65,q3,"(50, 150)",-0.00046859162952415614,0.06422238139259545,9.304584517475332e-21,0.06448662045549836
oscillations,0.75,40,3,-17.0,8.65,q4,"(50, 50)",0.0015034531437408832,0.06675346381265423,9.304584517475332e-21,0.06448662045549836
oscillations,0.75,41,3,-17.0,8.65,q1,"(150, 150)",0.0005821142589319669,0.06426878301138983,-1.4882346174599954e-19,0.06375899654957073
oscillations,0.75,41,3,-17.0,8.65,q2,"(150, 50)",-0.0017570070684027879,0.06319677081408157,-1.4882346174599954e-19,0.06375899654957073
oscillations,0.75,41,3,-17.0,8.65,q3,"(50, 150)",-0.0007805493605349689,0.06390935851841165,-1.4882346174599954e-19,0.06375899654957073
oscillations,0.75,41,3,-17.0,8.65,q4,"(50, 50)",0.0025877156952632927,0.05972558969268715,-1.4882346174599954e-19,0.06375899654957073
oscillations,0.75,42,3,-17.0,8.65,q1,"(150, 150)",-0.0003233381681263536,0.06243857551604037,1.5349991542077329e-19,0.06323257381516409
oscillations,0.75,42,3,-17.0,8.65,q2,"(150, 50)",0.0009584512261268896,0.06468200357491745,1.5349991542077329e-19,0.06323257381516409
oscillations,0.75,42,3,-17.0,8.65,q3,"(50, 150)",2.2714978272043884e-05,0.06446942700016206,1.5349991542077329e-19,0.06323257381516409
oscillations,0.75,42,3,-17.0,8.65,q4,"(50, 50)",-7.308161510084087e-05,0.06185490622910817,1.5349991542077329e-19,0.06323257381516409
oscillations,0.75,43,3,-17.0,8.65,q1,"(150, 150)",-0.00031167247318686917,0.06523914488694518,6.517578977168815e-20,0.06481430602381841
oscillations,0.75,43,3,-17.0,8.65,q2,"(150, 50)",0.0009132058336289563,0.06489645605458351,6.517578977168815e-20,0.06481430602381841
oscillations,0.75,43,3,-17.0,8.65,q3,"(50, 150)",-0.00048683797939703645,0.06396890735086189,6.517578977168815e-20,0.06481430602381841
oscillations,0.75,43,3,-17.0,8.65,q4,"(50, 50)",0.001491560593593636,0.06321505637907322,6.517578977168815e-20,0.06481430602381841
oscillations,0.75,44,3,-17.0,8.65,q1,"(150, 150)",-0.00023080729107013024,0.06411300243000992,-2.3234200247471046e-21,0.0637794149852489
oscillations,0.75,44,3,-17.0,8.65,q2,"(150, 50)",0.0006836428254297493,0.06329268545005494,-2.3234200247471046e-21,0.0637794149852489
oscillations,0.75,44,3,-17.0,8.65,q3,"(50, 150)",-0.0009598885871928902,0.06409461018351231,-2.3234200247471046e-21,0.0637794149852489
oscillations,0.75,44,3,-17.0,8.65,q4,"(50, 50)",0.0027795470041139625,0.06122644433918671,-2.3234200247471046e-21,0.0637794149852489
oscillations,0.75,45,3,-17.0,8.65,q1,"(150, 150)",0.00022018887551267808,0.06366860625921256,-2.8111029124391884e-19,0.06419793854469805
oscillations,0.75,45,3,-17.0,8.65,q2,"(150, 50)",-0.0006631189719519138,0.0657777992928158,-2.8111029124391884e-19,0.06419793854469805
oscillations,0.75,45,3,-17.0,8.65,q3,"(50, 150)",-0.0005840117095950142,0.06355230701526604,-2.8111029124391884e-19,0.06419793854469805
oscillations,0.75,45,3,-17.0,8.65,q4,"(50, 50)",0.0017496610974452249,0.0660154088270037,-2.8111029124391884e-19,0.06419793854469805
oscillations,0.75,46,3,-17.0,8.65,q1,"(150, 150)",-0.00016180433908185123,0.06353285971322196,5.348343156496858e-20,0.06362341943418173
oscillations,0.75,46,3,-17.0,8.65,q2,"(150, 50)",0.0005026672099256781,0.06321878701229458,5.348343156496858e-20,0.06362341943418173
oscillations,0.75,46,3,-17.0,8.65,q3,"(50, 150)",-0.00046647277676799753,0.06391029271322257,5.348343156496858e-20,0.06362341943418173
oscillations,0.75,46,3,-17.0,8.65,q4,"(50, 50)",0.0015366559733241405,0.0648004062638576,5.348343156496858e-20,0.06362341943418173
oscillations,0.75,47,3,-17.0,8.65,q1,"(150, 150)",0.000293569443479236,0.06426011861663572,-6.27954199448618e-20,0.06375880849146115
oscillations,0.75,47,3,-17.0,8.65,q2,"(150, 50)",-0.0008652505273585039,0.06249075733747667,-6.27954199448618e-20,0.06375880849146115
oscillations,0.75,47,3,-17.0,8.65,q3,"(50, 150)",-0.00028669115592284375,0.06392407498726103,-6.27954199448618e-20,0.06375880849146115
oscillations,0.75,47,3,-17.0,8.65,q4,"(50, 50)",0.0009097557419483429,0.06244846923392837,-6.27954199448618e-20,0.06375880849146115
oscillations,0.75,48,3,-17.0,8.65,q1,"(150, 150)",0.00042677804959644994,0.06568231631979791,3.021963844247704e-20,0.06537956990361905
oscillations,0.75,48,3,-17.0,8.65,q2,"(150, 50)",-0.0012847084336114166,0.06586425344584255,3.021963844247704e-20,0.06537956990361905
oscillations,0.75,48,3,-17.0,8.65,q3,"(50, 150)",0.0010835325441789323,0.06417748592741401,3.021963844247704e-20,0.06537956990361905
oscillations,0.75,48,3,-17.0,8.65,q4,"(50, 50)",-0.003305818988094126,0.06451767908117088,3.021963844247704e-20,0.06537956990361905
oscillations,0.75,49,3,-17.0,8.65,q1,"(150, 150)",-0.0003024616436320547,0.06485441665132376,-3.795753691876427e-19,0.06408525481097921
oscillations,0.75,49,3,-17.0,8.65,q2,"(150, 50)",0.0008792520356587716,0.0628373616871725,-3.795753691876427e-19,0.06408525481097921
oscillations,0.75,49,3,-17.0,8.65,q3,"(50, 150)",0.0006509773272827195,0.06376929386357728,-3.795753691876427e-19,0.06408525481097921
oscillations,0.75,49,3,-17.0,8.65,q4,"(50, 50)",-0.0020473554714400743,0.061726767596172634,-3.795753691876427e-19,0.06408525481097921
oscillations,0.75,0,4,-22.0,7.18,q1,"(150, 150)",-0.00029649833469624844,0.06407773038017364,2.2314171837370202e-19,0.063918793457241
oscillations,0.75,0,4,-22.0,7.18,q2,"(150, 50)",0.0009016761997805558,0.06580784541741894,2.2314171837370202e-19,0.063918793457241
oscillations,0.75,0,4,-22.0,7.18,q3,"(50, 150)",7.215678032556789e-05,0.061718040666501585,2.2314171837370202e-19,0.063918793457241
oscillations,0.75,0,4,-22.0,7.18,q4,"(50, 50)",-0.00021284820405151057,0.06324495281352698,2.2314171837370202e-19,0.063918793457241
oscillations,0.75,1,4,-22.0,7.18,q1,"(150, 150)",0.0005692260435106515,0.06329236881749051,3.2527880346459467e-20,0.06386841172456781
oscillations,0.75,1,4,-22.0,7.18,q2,"(150, 50)",-0.0017179068105591,0.06613671076226701,3.2527880346459467e-20,0.06386841172456781
oscillations,0.75,1,4,-22.0,7.18,q3,"(50, 150)",-0.0009663985443255067,0.0628223984998458,3.2527880346459467e-20,0.06386841172456781
oscillations,0.75,1,4,-22.0,7.18,q4,"(50, 50)",0.002906937143344948,0.06508039250710825,3.2527880346459467e-20,0.06386841172456781
oscillations,0.75,2,4,-22.0,7.18,q1,"(150, 150)",7.910933730203539e-05,0.06338137017993434,4.651122851383144e-21,0.06355570218435729
oscillations,0.75,2,4,-22.0,7.18,q2,"(150, 50)",-0.00024039398892637432,0.06305284744485663,4.651122851383144e-21,0.06355570218435729
oscillations,0.75,2,4,-22.0,7.18,q3,"(50, 150)",-0.0011605165609413957,0.06457981457662759,4.651122851383144e-21,0.06355570218435729
oscillations,0.75,2,4,-22.0,7.18,q4,"(50, 50)",0.0035145725117940643,0.06339460210099228,4.651122851383144e-21,0.06355570218435729
oscillations,0.75,3,4,-22.0,7.18,q1,"(150, 150)",3.252602796975221e-06,0.06456535935940362,2.788337441503114e-20,0.06466805030205124
oscillations,0.75,3,4,-22.0,7.18,q2,"(150, 50)",-9.773759630678998e-06,0.06487395635439007,2.788337441503114e-20,0.06466805030205124
oscillations,0.75,3,4,-22.0,7.18,q3,"(50, 150)",0.00020985646643279684,0.06558589697644343,2.788337441503114e-20,0.06466805030205124
oscillations,0.75,3,4,-22.0,7.18,q4,"(50, 50)",-0.000631273240703798,0.06214398227173851,2.788337441503114e-20,0.06466805030205124
oscillations,0.75,4,4,-22.0,7.18,q1,"(150, 150)",0.00013036742076848537,0.06459625733002741,6.044433922492267e-20,0.06410785485225583
oscillations,0.75,4,4,-22.0,7.18,q2,"(150, 50)",-0.0003978646679835688,0.0630479403687312,6.044433922492267e-20,0.06410785485225583
oscillations,0.75,4,4,-22.0,7.18,q3,"(50, 150)",0.0006097653430266075,0.063261228376574,6.044433922492267e-20,0.06410785485225583
oscillations,0.75,4,4,-22.0,7.18,q4,"(50, 50)",-0.001845910888562838,0.06525894373097227,6.044433922492267e-20,0.06410785485225583
oscillations,0.75,5,4,-22.0,7.18,q1,"(150, 150)",-8.77033852689164e-05,0.06392787330036297,-1.8124193369770241e-19,0.06454460386778947
oscillations,0.75,5,4,-22.0,7.18,q2,"(150, 50)",0.00025773503651557625,0.06531176372345819,-1.8124193369770241e-19,0.06454460386778947
oscillations,0.75,5,4,-22.0,7.18,q3,"(50, 150)",-0.0003192773965350032,0.0647381703065659,-1.8124193369770241e-19,0.06454460386778947
oscillations,0.75,5,4,-22.0,7.18,q4,"(50, 50)",0.0009264007360601118,0.06695791705676822,-1.8124193369770241e-19,0.06454460386778947
oscillations,0.75,6,4,-22.0,7.18,q1,"(150, 150)",9.668172701412066e-05,0.0634290212243671,-7.434944079190735e-20,0.06353315161118162
oscillations,0.75,6,4,-22.0,7.18,q2,"(150, 50)",-0.0002893561353264484,0.06326760360839197,-7.434944079190735e-20,0.06353315161118162
oscillations,0.75,6,4,-22.0,7.18,q3,"(50, 150)",-5.982023553216352e-05,0.06421467064597505,-7.434944079190735e-20,0.06353315161118162
oscillations,0.75,6,4,-22.0,7.18,q4,"(50, 50)",0.00018793523996354675,0.063173643237344,-7.434944079190735e-20,0.06353315161118162
oscillations,0.75,7,4,-22.0,7.18,q1,"(150, 150)",-0.000296898482960128,0.06366939901358121,-2.7892714796712753e-20,0.06388381131137301
oscillations,0.75,7,4,-22.0,7.18,q2,"(150, 50)",0.0009069069635185509,0.0638853975707036,-2.7892714796712753e-20,0.06388381131137301
oscillations,0.75,7,4,-22.0,7.18,q3,"(50, 150)",0.0002479956207854078,0.06476604097173357,-2.7892714796712753e-20,0.06388381131137301
oscillations,0.75,7,4,-22.0,7.18,q4,"(50, 50)",-0.0007603607135222471,0.06311166195983789,-2.7892714796712753e-20,0.06388381131137301
oscillations,0.75,8,4,-22.0,7.18,q1,"(150, 150)",0.00021815708119120864,0.06405077357238438,-1.2091906266862463e-19,0.0644397955467196
oscillations,0.75,8,4,-22.0,7.18,q2,"(150, 50)",-0.0006558526090809422,0.06513377592383357,-1.2091906266862463e-19,0.0644397955467196
oscillations,0.75,8,4,-22.0,7.18,q3,"(50, 150)",0.0004945609811561754,0.06426422706261932,-1.2091906266862463e-19,0.0644397955467196
oscillations,0.75,8,4,-22.0,7.18,q4,"(50, 50)",-0.0014823983694914984,0.06624905580694011,-1.2091906266862463e-19,0.0644397955467196
oscillations,0.75,9,4,-22.0,7.18,q1,"(150, 150)",5.9487315135670104e-05,0.06378695752854667,-9.760815338327174e-20,0.06409434003623786
oscillations,0.75,9,4,-22.0,7.18,q2,"(150, 50)",-0.00017701552527771644,0.06395982549065932,-9.760815338327174e-20,0.06409434003623786
oscillations,0.75,9,4,-22.0,7.18,q3,"(50, 150)",0.0002815109480562049,0.06527491458664897,-9.760815338327174e-20,0.06409434003623786
oscillations,0.75,9,4,-22.0,7.18,q4,"(50, 50)",-0.000849902262796392,0.06371377043824335,-9.760815338327174e-20,0.06409434003623786
oscillations,0.75,10,4,-22.0,7.18,q1,"(150, 150)",-0.00039396454004031657,0.0632420115470857,-2.9316812201938495e-19,0.06350251538533035
oscillations,0.75,10,4,-22.0,7.18,q2,"(150, 50)",0.0011698548454252963,0.06362580579611855,-2.9316812201938495e-19,0.06350251538533035
oscillations,0.75,10,4,-22.0,7.18,q3,"(50, 150)",-0.00022885356364949904,0.06395368745434264,-2.9316812201938495e-19,0.06350251538533035
oscillations,0.75,10,4,-22.0,7.18,q4,"(50, 50)",0.0007450053600010231,0.06407466176454818,-2.9316812201938495e-19,0.06350251538533035
oscillations,0.75,11,4,-22.0,7.18,q1,"(150, 150)",-0.0004028910321941116,0.06398344162830488,-1.3254589561753083e-19,0.06415820967334543
oscillations,0.75,11,4,-22.0,7.18,q2,"(150, 50)",0.0012002384068214784,0.06411811190835234,-1.3254589561753083e-19,0.06415820967334543
oscillations,0.75,11,4,-22.0,7.18,q3,"(50, 150)",0.0020696548010795944,0.06437192057224406,-1.3254589561753083e-19,0.06415820967334543
oscillations,0.75,11,4,-22.0,7.18,q4,"(50, 50)",-0.006151473992097682,0.06474366133446077,-1.3254589561753083e-19,0.06415820967334543
oscillations,0.75,12,4,-22.0,7.18,q1,"(150, 150)",-0.00013563832573629402,0.06474304467606902,-3.722457752305638e-20,0.06452711754335462
oscillations,0.75,12,4,-22.0,7.18,q2,"(150, 50)",0.0003998486096870794,0.06405903571254767,-3.722457752305638e-20,0.06452711754335462
oscillations,0.75,12,4,-22.0,7.18,q3,"(50, 150)",0.0006159906490037118,0.06422248070665824,-3.722457752305638e-20,0.06452711754335462
oscillations,0.75,12,4,-22.0,7.18,q4,"(50, 50)",-0.0017681804121660958,0.06485878868069431,-3.722457752305638e-20,0.06452711754335462
oscillations,0.75,13,4,-22.0,7.18,q1,"(150, 150)",5.5366464091459976e-05,0.06442511749489108,-3.858492213545264e-19,0.06466783536145813
oscillations,0.75,13,4,-22.0,7.18,q2,"(150, 50)",-0.00016751649530680679,0.0645792453643102,-3.858492213545264e-19,0.06466783536145813
oscillations,0.75,13,4,-22.0,7.18,q3,"(50, 150)",0.0005549536483211385,0.06455934313487359,-3.858492213545264e-19,0.06466783536145813
oscillations,0.75,13,4,-22.0,7.18,q4,"(50, 50)",-0.001710536142356103,0.06742209143593089,-3.858492213545264e-19,0.06466783536145813
oscillations,0.75,14,4,-22.0,7.18,q1,"(150, 150)",-0.0002515905137163256,0.06487983519193843,2.0685364510056718e-19,0.06465569708660786
oscillations,0.75,14,4,-22.0,7.18,q2,"(150, 50)",0.0007631958388933247,0.06396420415457488,2.0685364510056718e-19,0.06465569708660786
oscillations,0.75,14,4,-22.0,7.18,q3,"(50, 150)",0.0008755647830255797,0.06458782293360112,2.0685364510056718e-19,0.06465569708660786
oscillations,0.75,14,4,-22.0,7.18,q4,"(50, 50)",-0.002731523874119257,0.06479312282792538,2.0685364510056718e-19,0.06465569708660786
oscillations,0.75,15,4,-22.0,7.18,q1,"(150, 150)",-0.00011315989548097092,0.06412695891462662,1.673562887802765e-19,0.06419262585495492
oscillations,0.75,15,4,-22.0,7.18,q2,"(150, 50)",0.00032360016743111835,0.06355694200302435,1.673562887802765e-19,0.06419262585495492
oscillations,0.75,15,4,-22.0,7.18,q3,"(50, 150)",-1.882913110509903e-06,0.06448028031639272,1.673562887802765e-19,0.06419262585495492
oscillations,0.75,15,4,-22.0,7.18,q4,"(50, 50)",5.807570097314142e-06,0.06586276362697029,1.673562887802765e-19,0.06419262585495492
oscillations,0.75,16,4,-22.0,7.18,q1,"(150, 150)",-0.00016426389962848566,0.06441028976152895,8.365012324509342e-20,0.06378927309627679
oscillations,0.75,16,4,-22.0,7.18,q2,"(150, 50)",0.00047637964259622376,0.06475088148778232,8.365012324509342e-20,0.06378927309627679
oscillations,0.75,16,4,-22.0,7.18,q3,"(50, 150)",0.0017147469067424243,0.062117515938953205,8.365012324509342e-20,0.06378927309627679
oscillations,0.75,16,4,-22.0,7.18,q4,"(50, 50)",-0.004793497034757233,0.05999593684497883,8.365012324509342e-20,0.06378927309627679
oscillations,0.75,17,4,-22.0,7.18,q1,"(150, 150)",-0.0008863045125985271,0.06499798237380161,-4.183206573568789e-20,0.0647349651696355
oscillations,0.75,17,4,-22.0,7.18,q2,"(150, 50)",0.0026490657098778205,0.0633229854361992,-4.183206573568789e-20,0.0647349651696355
oscillations,0.75,17,4,-22.0,7.18,q3,"(50, 150)",-0.00010879513399485558,0.06429546593492767,-4.183206573568789e-20,0.0647349651696355
oscillations,0.75,17,4,-22.0,7.18,q4,"(50, 50)",0.0003365896352420131,0.06768667283206875,-4.183206573568789e-20,0.0647349651696355
oscillations,0.75,18,4,-22.0,7.18,q1,"(150, 150)",-9.138239128605817e-05,0.06406404707748463,-6.973762717494702e-20,0.06386290043138988
oscillations,0.75,18,4,-22.0,7.18,q2,"(150, 50)",0.00027159640263485984,0.06282313625871373,-6.973762717494702e-20,0.06386290043138988
oscillations,0.75,18,4,-22.0,7.18,q3,"(50, 150)",-0.0010466744795709752,0.06522553235560365,-6.973762717494702e-20,0.06386290043138988
oscillations,0.75,18,4,-22.0,7.18,q4,"(50, 50)",0.003149897726256049,0.06085751334618817,-6.973762717494702e-20,0.06386290043138988
oscillations,0.75,19,4,-22.0,7.18,q1,"(150, 150)",-4.6615466464915116e-05,0.06348711544020222,1.5565611168051706e-19,0.06323967305465314
oscillations,0.75,19,4,-22.0,7.18,q2,"(150, 50)",0.00014059624604029352,0.06390203917896713,1.5565611168051706e-19,0.06323967305465314
oscillations,0.75,19,4,-22.0,7.18,q3,"(50, 150)",-0.0008532211882853481,0.06179052869224864,1.5565611168051706e-19,0.06323967305465314
oscillations,0.75,19,4,-22.0,7.18,q4,"(50, 50)",0.00263390795002452,0.06321901290033571,1.5565611168051706e-19,0.06323967305465314
oscillations,0.75,20,4,-22.0,7.18,q1,"(150, 150)",6.16738169223719e-05,0.06389229575947536,-1.4295016333315284e-19,0.06412988425633095
oscillations,0.75,20,4,-22.0,7.18,q2,"(150, 50)",-0.00018929779827096292,0.06584856891204564,-1.4295016333315284e-19,0.06412988425633095
oscillations,0.75,20,4,-22.0,7.18,q3,"(50, 150)",-0.0009794423716384562,0.06335291381126666,-1.4295016333315284e-19,0.06412988425633095
oscillations,0.75,20,4,-22.0,7.18,q4,"(50, 50)",0.003153291937760438,0.06323428347084112,-1.4295016333315284e-19,0.06412988425633095
oscillations,0.75,21,4,-22.0,7.18,q1,"(150, 150)",0.0006307334311117578,0.06479941974219132,1.1390479105241346e-19,0.06444936454739428
oscillations,0.75,21,4,-22.0,7.18,q2,"(150, 50)",-0.001852017363848804,0.06334333740621398,1.1390479105241346e-19,0.06444936454739428
oscillations,0.75,21,4,-22.0,7.18,q3,"(50, 150)",-0.000514191922892922,0.06476784152766618,1.1390479105241346e-19,0.06444936454739428
oscillations,0.75,21,4,-22.0,7.18,q4,"(50, 50)",0.0016724073954291901,0.06347328073323501,1.1390479105241346e-19,0.06444936454739428
oscillations,0.75,22,4,-22.0,7.18,q1,"(150, 150)",0.0008021886418233197,0.06456943773754605,2.0916032867843944e-20,0.06438928276029404
oscillations,0.75,22,4,-22.0,7.18,q2,"(150, 50)",-0.002341495237559302,0.0647697179553179,2.0916032867843944e-20,0.06438928276029404
oscillations,0.75,22,4,-22.0,7.18,q3,"(50, 150)",0.0005288382104122493,0.0639266595465379,2.0916032867843944e-20,0.06438928276029404
oscillations,0.75,22,4,-22.0,7.18,q4,"(50, 50)",-0.0016613222772474449,0.06268653997183594,2.0916032867843944e-20,0.06438928276029404
oscillations,0.75,23,4,-22.0,7.18,q1,"(150, 150)",0.000762578069103734,0.06447211220871574,5.81390356422893e-20,0.06456360325445208
oscillations,0.75,23,4,-22.0,7.18,q2,"(150, 50)",-0.002262326230775093,0.06477061960740066,5.81390356422893e-20,0.06456360325445208
oscillations,0.75,23,4,-22.0,7.18,q3,"(50, 150)",0.0001348949545669554,0.06436034350993912,5.81390356422893e-20,0.06456360325445208
oscillations,0.75,23,4,-22.0,7.18,q4,"(50, 50)",-0.0004007645347702549,0.06519415800778554,5.81390356422893e-20,0.06456360325445208
oscillations,0.75,24,4,-22.0,7.18,q1,"(150, 150)",4.873877164265227e-05,0.06304824528131464,-3.0687126068037663e-19,0.06333494936176488
oscillations,0.75,24,4,-22.0,7.18,q2,"(150, 50)",-0.00014193205388713165,0.06433952784432073,-3.0687126068037663e-19,0.06333494936176488
oscillations,0.75,24,4,-22.0,7.18,q3,"(50, 150)",-0.0004283627487039243,0.06413322977726088,-3.0687126068037663e-19,0.06333494936176488
oscillations,0.75,24,4,-22.0,7.18,q4,"(50, 50)",0.0012403846039088524,0.060377847917087994,-3.0687126068037663e-19,0.06333494936176488
oscillations,0.75,25,4,-22.0,7.18,q1,"(150, 150)",-0.00017678131382912145,0.06415764793141818,2.789505086997881e-20,0.06404502798565585
oscillations,0.75,25,4,-22.0,7.18,q2,"(150, 50)",0.0005118408820373038,0.06336863430566934,2.789505086997881e-20,0.06404502798565585
oscillations,0.75,25,4,-22.0,7.18,q3,"(50, 150)",0.0007317458308329073,0.06520012025695648,2.789505086997881e-20,0.06404502798565585
oscillations,0.75,25,4,-22.0,7.18,q4,"(50, 50)",-0.0022306922030101406,0.061448546871597634,2.789505086997881e-20,0.06404502798565585
oscillations,0.75,26,4,-22.0,7.18,q1,"(150, 150)",0.000319483375229316,0.0635875939232443,1.3025326694672078e-19,0.06402770998215111
oscillations,0.75,26,4,-22.0,7.18,q2,"(150, 50)",-0.0009497808703992512,0.06473244033227281,1.3025326694672078e-19,0.06402770998215111
oscillations,0.75,26,4,-22.0,7.18,q3,"(50, 150)",-4.153822398733092e-06,0.06429912876782293,1.3025326694672078e-19,0.06402770998215111
oscillations,0.75,26,4,-22.0,7.18,q4,"(50, 50)",1.2765817819715825e-05,0.06497190631944508,1.3025326694672078e-19,0.06402770998215111
oscillations,0.75,27,4,-22.0,7.18,q1,"(150, 150)",-0.0010792880162333182,0.0641234390814554,9.762450178849463e-20,0.06425577773970328
oscillations,0.75,27,4,-22.0,7.18,q2,"(150, 50)",0.003221885356669582,0.06477852361422523,9.762450178849463e-20,0.06425577773970328
oscillations,0.75,27,4,-22.0,7.18,q3,"(50, 150)",-0.0013110271732090267,0.06395578857276706,9.762450178849463e-20,0.06425577773970328
oscillations,0.75,27,4,-22.0,7.18,q4,"(50, 50)",0.004048760387851405,0.06430178098163286,9.762450178849463e-20,0.06425577773970328
oscillations,0.75,28,4,-22.0,7.18,q1,"(150, 150)",0.00042091589125596823,0.06432108947316108,3.2536051127757243e-20,0.06461680184786836
oscillations,0.75,28,4,-22.0,7.18,q2,"(150, 50)",-0.001287181793532423,0.06608900760300465,3.2536051127757243e-20,0.06461680184786836
oscillations,0.75,28,4,-22.0,7.18,q3,"(50, 150)",0.00010423655699300708,0.06434274608473572,3.2536051127757243e-20,0.06461680184786836
oscillations,0.75,28,4,-22.0,7.18,q4,"(50, 50)",-0.0003033202161062839,0.06366668444120893,3.2536051127757243e-20,0.06461680184786836
oscillations,0.75,29,4,-22.0,7.18,q1,"(150, 150)",0.0006644349634997692,0.06395428102408689,-1.3937020143424008e-19,0.0636886597220526
oscillations,0.75,29,4,-22.0,7.18,q2,"(150, 50)",-0.0019941908037839746,0.06318297354631477,-1.3937020143424008e-19,0.0636886597220526
oscillations,0.75,29,4,-22.0,7.18,q3,"(50, 150)",0.00014248799271341107,0.06428287093385031,-1.3937020143424008e-19,0.0636886597220526
oscillations,0.75,29,4,-22.0,7.18,q4,"(50, 50)",-0.0004429647639584268,0.06070380431839442,-1.3937020143424008e-19,0.0636886597220526
oscillations,0.75,30,4,-22.0,7.18,q1,"(150, 150)",-7.035363115845218e-05,0.06438429052944646,-1.2778810136109077e-19,0.06370442471215128
oscillations,0.75,30,4,-22.0,7.18,q2,"(150, 50)",0.00020870024183383714,0.06322614132651028,-1.2778810136109077e-19,0.06370442471215128
oscillations,0.75,30,4,-22.0,7.18,q3,"(50, 150)",-0.0005339735460068286,0.06198335183734927,-1.2778810136109077e-19,0.06370442471215128
oscillations,0.75,30,4,-22.0,7.18,q4,"(50, 50)",0.0017094727565069665,0.06412373144168777,-1.2778810136109077e-19,0.06370442471215128
oscillations,0.75,31,4,-22.0,7.18,q1,"(150, 150)",-0.00019933021855685036,0.06492845475087768,-1.440520415343205e-19,0.06429797274563859
oscillations,0.75,31,4,-22.0,7.18,q2,"(150, 50)",0.000580702692222428,0.06279618048603924,-1.440520415343205e-19,0.06429797274563859
oscillations,0.75,31,4,-22.0,7.18,q3,"(50, 150)",-0.0007670051454344097,0.06365061154978843,-1.440520415343205e-19,0.06429797274563859
oscillations,0.75,31,4,-22.0,7.18,q4,"(50, 50)",0.002237269700355596,0.06499234317354378,-1.440520415343205e-19,0.06429797274563859
oscillations,0.75,32,4,-22.0,7.18,q1,"(150, 150)",0.00040663702812828806,0.06312234898379329,-3.113643476345144e-19,0.06320749898665835
oscillations,0.75,32,4,-22.0,7.18,q2,"(150, 50)",-0.0012166723823909234,0.06250567990094762,-3.113643476345144e-19,0.06320749898665835
oscillations,0.75,32,4,-22.0,7.18,q3,"(50, 150)",3.121023752535117e-05,0.06395956051541042,-3.113643476345144e-19,0.06320749898665835
oscillations,0.75,32,4,-22.0,7.18,q4,"(50, 50)",-9.140740264481418e-05,0.06383454447326561,-3.113643476345144e-19,0.06320749898665835
oscillations,0.75,33,4,-22.0,7.18,q1,"(150, 150)",-0.0003321742120246744,0.06428448169570929,7.209844512187836e-20,0.0642276720920394
oscillations,0.75,33,4,-22.0,7.18,q2,"(150, 50)",0.000958039038339458,0.0652976049011584,7.209844512187836e-20,0.0642276720920394
oscillations,0.75,33,4,-22.0,7.18,q3,"(50, 150)",-0.00018034934205459735,0.06324698702272416,7.209844512187836e-20,0.0642276720920394
oscillations,0.75,33,4,-22.0,7.18,q4,"(50, 50)",0.0005517282025438767,0.06332532120700458,7.209844512187836e-20,0.0642276720920394
oscillations,0.75,34,4,-22.0,7.18,q1,"(150, 150)",0.00025804182986329357,0.06385844088537877,7.670496569096007e-20,0.06437504741141133
oscillations,0.75,34,4,-22.0,7.18,q2,"(150, 50)",-0.0007672382521380133,0.06564725073870471,7.670496569096007e-20,0.06437504741141133
oscillations,0.75,34,4,-22.0,7.18,q3,"(50, 150)",-0.00035372597721656314,0.06562397953941368,7.670496569096007e-20,0.06437504741141133
oscillations,0.75,34,4,-22.0,7.18,q4,"(50, 50)",0.0011184198947677233,0.061031270663084225,7.670496569096007e-20,0.06437504741141133
oscillations,0.75,35,4,-22.0,7.18,q1,"(150, 150)",0.00053493212486799,0.06352080453089658,-9.76653967708122e-20,0.06365843331186449
oscillations,0.75,35,4,-22.0,7.18,q2,"(150, 50)",-0.0015827446513713788,0.06503025606406979,-9.76653967708122e-20,0.06365843331186449
oscillations,0.75,35,4,-22.0,7.18,q3,"(50, 150)",-0.00010823488715270451,0.06339030429119208,-9.76653967708122e-20,0.06365843331186449
oscillations,0.75,35,4,-22.0,7.18,q4,"(50, 50)",0.00033730735379781045,0.06133942144422981,-9.76653967708122e-20,0.06365843331186449
oscillations,0.75,36,4,-22.0,7.18,q1,"(150, 150)",0.00024147612904553033,0.06256220327494923,-1.0926476706043714e-19,0.06312574012897723
oscillations,0.75,36,4,-22.0,7.18,q2,"(150, 50)",-0.0007239956342171551,0.06435041740549446,-1.0926476706043714e-19,0.06312574012897723
oscillations,0.75,36,4,-22.0,7.18,q3,"(50, 150)",0.0006568925695895032,0.06302752195583185,-1.0926476706043714e-19,0.06312574012897723
oscillations,0.75,36,4,-22.0,7.18,q4,"(50, 50)",-0.0018887772213004095,0.06461450360018622,-1.0926476706043714e-19,0.06312574012897723
oscillations,0.75,37,4,-22.0,7.18,q1,"(150, 150)",0.00047768681537469545,0.06523103997107474,-1.0693102833491876e-19,0.06490262409154776
oscillations,0.75,37,4,-22.0,7.18,q2,"(150, 50)",-0.00138377364802056,0.06359847665173342,-1.0693102833491876e-19,0.06490262409154776
oscillations,0.75,37,4,-22.0,7.18,q3,"(50, 150)",-0.0004457903730768913,0.06459811955249835,-1.0693102833491876e-19,0.06490262409154776
oscillations,0.75,37,4,-22.0,7.18,q4,"(50, 50)",0.0013646273241062993,0.06677714573152613,-1.0693102833491876e-19,0.06490262409154776
oscillations,0.75,38,4,-22.0,7.18,q1,"(150, 150)",-0.0008947840707046559,0.06382324593480539,2.8350470739339647e-19,0.06381650395413631
oscillations,0.75,38,4,-22.0,7.18,q2,"(150, 50)",0.00268395346698442,0.06415296881983543,2.8350470739339647e-19,0.06381650395413631
oscillations,0.75,38,4,-22.0,7.18,q3,"(50, 150)",-0.0005268597698111731,0.06330441460945818,2.8350470739339647e-19,0.06381650395413631
oscillations,0.75,38,4,-22.0,7.18,q4,"(50, 50)",0.0015671785923968235,0.06400740340843687,2.8350470739339647e-19,0.06381650395413631
oscillations,0.75,39,4,-22.0,7.18,q1,"(150, 150)",1.794479111356165e-05,0.06334351969422974,-1.6270750298082437e-20,0.063467216879489
oscillations,0.75,39,4,-22.0,7.18,q2,"(150, 50)",-5.236400719657823e-05,0.06411512474769136,-1.6270750298082437e-20,0.063467216879489
oscillations,0.75,39,4,-22.0,7.18,q3,"(50, 150)",-0.000326731751605139,0.06328111807563548,-1.6270750298082437e-20,0.063467216879489
oscillations,0.75,39,4,-22.0,7.18,q4,"(50, 50)",0.000998902931671638,0.06314558948489217,-1.6270750298082437e-20,0.063467216879489
oscillations,0.75,40,4,-22.0,7.18,q1,"(150, 150)",0.0005505957334489319,0.06425701815260348,2.0461511721331526e-19,0.06430042628773971
oscillations,0.75,40,4,-22.0,7.18,q2,"(150, 50)",-0.001613407225941542,0.06504388766567716,2.0461511721331526e-19,0.06430042628773971
oscillations,0.75,40,4,-22.0,7.18,q3,"(50, 150)",-0.0006053858282954034,0.0643226728252212,2.0461511721331526e-19,0.06430042628773971
oscillations,0.75,40,4,-22.0,7.18,q4,"(50, 50)",0.001968586534642992,0.062034993974220805,2.0461511721331526e-19,0.06430042628773971
oscillations,0.75,41,4,-22.0,7.18,q1,"(150, 150)",-0.00012762294571641418,0.06381757243911798,1.5816468129244668e-19,0.0643853957846314
oscillations,0.75,41,4,-22.0,7.18,q2,"(150, 50)",0.00038195765145916574,0.0650646219990243,1.5816468129244668e-19,0.0643853957846314
oscillations,0.75,41,4,-22.0,7.18,q3,"(50, 150)",-0.0001988686046365175,0.06487137996570588,1.5816468129244668e-19,0.0643853957846314
oscillations,0.75,41,4,-22.0,7.18,q4,"(50, 50)",0.0006467478979845736,0.065991246075104,1.5816468129244668e-19,0.0643853957846314
oscillations,0.75,42,4,-22.0,7.18,q1,"(150, 150)",-0.000381373688850122,0.06408910236606027,-3.601602528608189e-20,0.06399140892429497
oscillations,0.75,42,4,-22.0,7.18,q2,"(150, 50)",0.0011036094513655903,0.06429970754602063,-3.601602528608189e-20,0.06399140892429497
oscillations,0.75,42,4,-22.0,7.18,q3,"(50, 150)",0.00088886902819416,0.06425378356025883,-3.601602528608189e-20,0.06399140892429497
oscillations,0.75,42,4,-22.0,7.18,q4,"(50, 50)",-0.0029327584125088137,0.06097510693335454,-3.601602528608189e-20,0.06399140892429497
oscillations,0.75,43,4,-22.0,7.18,q1,"(150, 150)",-0.00025823525346715113,0.06408235386216647,-7.898966861399372e-20,0.06365530571429695
oscillations,0.75,43,4,-22.0,7.18,q2,"(150, 50)",0.0007659074796417333,0.06351297685216102,-7.898966861399372e-20,0.06365530571429695
oscillations,0.75,43,4,-22.0,7.18,q3,"(50, 150)",-0.0003572281954987871,0.06208850785840231,-7.898966861399372e-20,0.06365530571429695
oscillations,0.75,43,4,-22.0,7.18,q4,"(50, 50)",0.0011854185995350478,0.06504930516898524,-7.898966861399372e-20,0.06365530571429695
oscillations,0.75,44,4,-22.0,7.18,q1,"(150, 150)",0.00029197744663815996,0.06319044774429154,-1.465349253150609e-19,0.06355507183739498
oscillations,0.75,44,4,-22.0,7.18,q2,"(150, 50)",-0.0008532954550897082,0.06384387393524403,-1.465349253150609e-19,0.06355507183739498
oscillations,0.75,44,4,-22.0,7.18,q3,"(50, 150)",0.0003399867691520604,0.06415797537614606,-1.465349253150609e-19,0.06355507183739498
oscillations,0.75,44,4,-22.0,7.18,q4,"(50, 50)",-0.0010081897934775467,0.06407272741576256,-1.465349253150609e-19,0.06355507183739498
oscillations,0.75,45,4,-22.0,7.18,q1,"(150, 150)",0.000592451617780532,0.0635344366297109,-3.2536051127757243e-20,0.06394226580458981
oscillations,0.75,45,4,-22.0,7.18,q2,"(150, 50)",-0.0018234284009274566,0.06482020418131491,-3.2536051127757243e-20,0.06394226580458981
oscillations,0.75,45,4,-22.0,7.18,q3,"(50, 150)",0.0007860972126037072,0.06473400046851467,-3.2536051127757243e-20,0.06394226580458981
oscillations,0.75,45,4,-22.0,7.18,q4,"(50, 50)",-0.0024936389540307683,0.06233302545642691,-3.2536051127757243e-20,0.06394226580458981
oscillations,0.75,46,4,-22.0,7.18,q1,"(150, 150)",6.55298534801788e-05,0.06450305338181937,-1.9996477364028537e-19,0.06414964032500384
oscillations,0.75,46,4,-22.0,7.18,q2,"(150, 50)",-0.0001914229491280403,0.06349816148618743,-1.9996477364028537e-19,0.06414964032500384
oscillations,0.75,46,4,-22.0,7.18,q3,"(50, 150)",-0.0004504726467292681,0.06286471828762391,-1.9996477364028537e-19,0.06414964032500384
oscillations,0.75,46,4,-22.0,7.18,q4,"(50, 50)",0.0013188179460166085,0.06664326821588991,-1.9996477364028537e-19,0.06414964032500384
oscillations,0.75,47,4,-22.0,7.18,q1,"(150, 150)",0.0002658276944729135,0.06447560368734374,-1.3938186616485897e-19,0.064162425188658
oscillations,0.75,47,4,-22.0,7.18,q2,"(150, 50)",-0.0007870928046273103,0.06310425159554706,-1.3938186616485897e-19,0.064162425188658
oscillations,0.75,47,4,-22.0,7.18,q3,"(50, 150)",-7.647263886846671e-05,0.06538319347174502,-1.3938186616485897e-19,0.064162425188658
oscillations,0.75,47,4,-22.0,7.18,q4,"(50, 50)",0.00022827342813253797,0.060743500776395565,-1.3938186616485897e-19,0.064162425188658
oscillations,0.75,48,4,-22.0,7.18,q1,"(150, 150)",0.0004235422620308492,0.0647440887215577,-2.2334746513833827e-19,0.06483812191384682
oscillations,0.75,48,4,-22.0,7.18,q2,"(150, 50)",-0.0012532132448154177,0.06491489199580085,-2.2334746513833827e-19,0.06483812191384682
oscillations,0.75,48,4,-22.0,7.18,q3,"(50, 150)",0.00021882713788086246,0.06529089086776763,-2.2334746513833827e-19,0.06483812191384682
oscillations,0.75,48,4,-22.0,7.18,q4,"(50, 50)",-0.0006717484232621826,0.06400591833681178,-2.2334746513833827e-19,0.06483812191384682
oscillations,0.75,49,4,-22.0,7.18,q1,"(150, 150)",0.0003412833734221265,0.06453331468132735,-1.2771326519364095e-19,0.06435331206456173
oscillations,0.75,49,4,-22.0,7.18,q2,"(150, 50)",-0.0009705245931691723,0.0643744154764008,-1.2771326519364095e-19,0.06435331206456173
oscillations,0.75,49,4,-22.0,7.18,q3,"(50, 150)",0.0007253150324422052,0.06418120376086388,-1.2771326519364095e-19,0.06435331206456173
oscillations,0.75,49,4,-22.0,7.18,q4,"(50, 50)",-0.0022623399626867683,0.06306522823153826,-1.2771326519364095e-19,0.06435331206456173
sequences,0.25,0,9,-8.5,14.44,q1,"(50, 50)",0.00016891483593022087,0.06603781906503481,1.3958046575624297e-20,0.06399665453509859
sequences,0.25,0,9,-8.5,14.44,q2,"(50, 150)",-5.610703689070605e-05,0.06366670364696142,1.3958046575624297e-20,0.06399665453509859
sequences,0.25,0,9,-8.5,14.44,q3,"(150, 50)",0.0005499375994192792,0.06342060751845116,1.3958046575624297e-20,0.06399665453509859
sequences,0.25,0,9,-8.5,14.44,q4,"(150, 150)",-0.0001776708896131571,0.06405912802848004,1.3958046575624297e-20,0.06399665453509859
sequences,0.25,1,9,-8.5,14.44,q1,"(50, 50)",0.001950380151428005,0.06410105908538415,-7.908234064622334e-20,0.06394331091275916
sequences,0.25,1,9,-8.5,14.44,q2,"(50, 150)",-0.0006290446062449655,0.06378725169322232,-7.908234064622334e-20,0.06394331091275916
sequences,0.25,1,9,-8.5,14.44,q3,"(150, 50)",2.3600964329981642e-05,0.06456237391784904,-7.908234064622334e-20,0.06394331091275916
sequences,0.25,1,9,-8.5,14.44,q4,"(150, 150)",-7.872872169911386e-06,0.06376704515274588,-7.908234064622334e-20,0.06394331091275916
sequences,0.25,2,9,-8.5,14.44,q1,"(50, 50)",0.0011415603317266013,0.06287888117047473,1.6623585663574026e-19,0.06383834308185939
sequences,0.25,2,9,-8.5,14.44,q2,"(50, 150)",-0.0003861006071559266,0.06367826449559054,1.6623585663574026e-19,0.06383834308185939
sequences,0.25,2,9,-8.5,14.44,q3,"(150, 50)",-0.002587567931988851,0.06406746530221502,1.6623585663574026e-19,0.06383834308185939
sequences,0.25,2,9,-8.5,14.44,q4,"(150, 150)",0.0008607382022915477,0.06389263410666166,1.6623585663574026e-19,0.06383834308185939
sequences,0.25,3,9,-8.5,14.44,q1,"(50, 50)",0.0006037233252202438,0.06287564587328659,1.1858376111226225e-19,0.06362754108426791
sequences,0.25,3,9,-8.5,14.44,q2,"(50, 150)",-0.00019069146439776048,0.062155246769805585,1.1858376111226225e-19,0.06362754108426791
sequences,0.25,3,9,-8.5,14.44,q3,"(150, 50)",0.0004652175066783854,0.06374068676147687,1.1858376111226225e-19,0.06362754108426791
sequences,0.25,3,9,-8.5,14.44,q4,"(150, 150)",-0.00015865074096493915,0.06416077609645203,1.1858376111226225e-19,0.06362754108426791
sequences,0.25,4,9,-8.5,14.44,q1,"(50, 50)",0.0005053541616351284,0.06573554919733052,-4.6503435730298927e-20,0.06431041872097133
sequences,0.25,4,9,-8.5,14.44,q2,"(50, 150)",-0.00016806975742645475,0.0644669705404165,-4.6503435730298927e-20,0.06431041872097133
sequences,0.25,4,9,-8.5,14.44,q3,"(150, 50)",-0.0013769182598503894,0.06540899681724655,-4.6503435730298927e-20,0.06431041872097133
sequences,0.25,4,9,-8.5,14.44,q4,"(150, 150)",0.0004682711734304244,0.06371476871695968,-4.6503435730298927e-20,0.06431041872097133
sequences,0.25,5,9,-8.5,14.44,q1,"(50, 50)",2.4785723179575632e-05,0.06091247942670722,-1.8582693524565345e-20,0.06333317950763759
sequences,0.25,5,9,-8.5,14.44,q2,"(50, 150)",-8.071850309270634e-06,0.06363421442914645,-1.8582693524565345e-20,0.06333317950763759
sequences,0.25,5,9,-8.5,14.44,q3,"(150, 50)",-0.0007631240451583645,0.0632213180439442,-1.8582693524565345e-20,0.06333317950763759
sequences,0.25,5,9,-8.5,14.44,q4,"(150, 150)",0.00025807714998152313,0.06352386733509305,-1.8582693524565345e-20,0.06333317950763759
sequences,0.25,6,9,-8.5,14.44,q1,"(50, 50)",0.00027029629287574037,0.06480313820848589,-7.441173087299977e-20,0.06398419280826402
sequences,0.25,6,9,-8.5,14.44,q2,"(50, 150)",-9.206703867903106e-05,0.06355759382496433,-7.441173087299977e-20,0.06398419280826402
sequences,0.25,6,9,-8.5,14.44,q3,"(150, 50)",-0.00019359682761820108,0.06354059543378758,-7.441173087299977e-20,0.06398419280826402
sequences,0.25,6,9,-8.5,14.44,q4,"(150, 150)",6.479272003544873e-05,0.06418005222417944,-7.441173087299977e-20,0.06398419280826402
sequences,0.25,7,9,-8.5,14.44,q1,"(50, 50)",-0.004200802072506656,0.0645471667106882,1.6262578832292826e-19,0.06416307655927303
sequences,0.25,7,9,-8.5,14.44,q2,"(50, 150)",0.0014365034813562498,0.06456391350853423,1.6262578832292826e-19,0.06416307655927303
sequences,0.25,7,9,-8.5,14.44,q3,"(150, 50)",0.0011810048829201311,0.06299015662659119,1.6262578832292826e-19,0.06416307655927303
sequences,0.25,7,9,-8.5,14.44,q4,"(150, 150)",-0.0004028342326436754,0.06436264396987224,1.6262578832292826e-19,0.06416307655927303
sequences,0.25,8,9,-8.5,14.44,q1,"(50, 50)",0.00045004791283711126,0.06587871003829861,1.4183547897741173e-19,0.06394311177001756
sequences,0.25,8,9,-8.5,14.44,q2,"(50, 150)",-0.00014693434916491366,0.06336180033914648,1.4183547897741173e-19,0.06394311177001756
sequences,0.25,8,9,-8.5,14.44,q3,"(150, 50)",-0.0005632240218847105,0.06324063555367765,1.4183547897741173e-19,0.06394311177001756
sequences,0.25,8,9,-8.5,14.44,q4,"(150, 150)",0.0001910741942756166,0.06415676729960501,1.4183547897741173e-19,0.06394311177001756
sequences,0.25,9,9,-8.5,14.44,q1,"(50, 50)",0.003389952390930925,0.0619871859438568,1.443783612860972e-19,0.06464514964974909
sequences,0.25,9,9,-8.5,14.44,q2,"(50, 150)",-0.0010925315381151122,0.06401210750489196,1.443783612860972e-19,0.06464514964974909
sequences,0.25,9,9,-8.5,14.44,q3,"(150, 50)",0.0016101509268924984,0.06540992110152595,1.443783612860972e-19,0.06464514964974909
sequences,0.25,9,9,-8.5,14.44,q4,"(150, 150)",-0.0005310149099014017,0.06487326145178515,1.443783612860972e-19,0.06464514964974909
sequences,0.25,10,9,-8.5,14.44,q1,"(50, 50)",0.0031747915644951266,0.06415480798612987,-2.324587572498234e-21,0.0642617119216528
sequences,0.25,10,9,-8.5,14.44,q2,"(50, 150)",-0.0010473244981300776,0.06376265154524294,-2.324587572498234e-21,0.0642617119216528
sequences,0.25,10,9,-8.5,14.44,q3,"(150, 50)",-2.1255608649653588e-05,0.0645083358805476,-2.324587572498234e-21,0.0642617119216528
sequences,0.25,10,9,-8.5,14.44,q4,"(150, 150)",7.096778292651276e-06,0.06434371251948004,-2.324587572498234e-21,0.0642617119216528
sequences,0.25,11,9,-8.5,14.44,q1,"(50, 50)",0.00015496583971988262,0.06463895748943704,7.430589974902746e-20,0.06477537257865645
sequences,0.25,11,9,-8.5,14.44,q2,"(50, 150)",-4.921575412247581e-05,0.06418335160023413,7.430589974902746e-20,0.06477537257865645
sequences,0.25,11,9,-8.5,14.44,q3,"(150, 50)",0.002121016488741739,0.06570155735355397,7.430589974902746e-20,0.06477537257865645
sequences,0.25,11,9,-8.5,14.44,q4,"(150, 150)",-0.0007270321699393486,0.06465949888525832,7.430589974902746e-20,0.06477537257865645
sequences,0.25,12,9,-8.5,14.44,q1,"(50, 50)",0.000556444312490423,0.06322527750573192,-1.1156151645873287e-19,0.0644141014793392
sequences,0.25,12,9,-8.5,14.44,q2,"(50, 150)",-0.00017490995660320765,0.06544659132878082,-1.1156151645873287e-19,0.0644141014793392
sequences,0.25,12,9,-8.5,14.44,q3,"(150, 50)",-0.0013997237908193027,0.06508949176946614,-1.1156151645873287e-19,0.0644141014793392
sequences,0.25,12,9,-8.5,14.44,q4,"(150, 150)",0.0004850737713341713,0.06393458037702589,-1.1156151645873287e-19,0.0644141014793392
sequences,0.25,13,9,-8.5,14.44,q1,"(50, 50)",-0.0007632494569983394,0.0612083381443989,-1.5811168148301634e-19,0.06402897782837567
sequences,0.25,13,9,-8.5,14.44,q2,"(50, 150)",0.00024526968791247086,0.06423990499561931,-1.5811168148301634e-19,0.06402897782837567
sequences,0.25,13,9,-8.5,14.44,q3,"(150, 50)",-1.1936672316476328e-05,0.0650837088013958,-1.5811168148301634e-19,0.06402897782837567
sequences,0.25,13,9,-8.5,14.44,q4,"(150, 150)",3.85668030544162e-06,0.06390926264662743,-1.5811168148301634e-19,0.06402897782837567
sequences,0.25,14,9,-8.5,14.44,q1,"(50, 50)",0.001792713880097447,0.06342108498576944,1.8125710800561414e-19,0.06389261696655034
sequences,0.25,14,9,-8.5,14.44,q2,"(50, 150)",-0.0005191711982730647,0.06459270397333809,1.8125710800561414e-19,0.06389261696655034
sequences,0.25,14,9,-8.5,14.44,q3,"(150, 50)",-0.0018152462516634576,0.06359100531481186,1.8125710800561414e-19,0.06389261696655034
sequences,0.25,14,9,-8.5,14.44,q4,"(150, 150)",0.0006014143775839463,0.06378634888604592,1.8125710800561414e-19,0.06389261696655034
sequences,0.25,15,9,-8.5,14.44,q1,"(50, 50)",0.0011444038560429425,0.06265899863361503,-1.62653017421015e-20,0.06478561730862362
sequences,0.25,15,9,-8.5,14.44,q2,"(50, 150)",-0.00035945372218441283,0.06375300468167983,-1.62653017421015e-20,0.06478561730862362
sequences,0.25,15,9,-8.5,14.44,q3,"(150, 50)",-0.0011081634299512546,0.064734973101002,-1.62653017421015e-20,0.06478561730862362
sequences,0.25,15,9,-8.5,14.44,q4,"(150, 150)",0.0003677409628594367,0.06536146943971807,-1.62653017421015e-20,0.06478561730862362
sequences,0.25,16,9,-8.5,14.44,q1,"(50, 50)",-0.004620957940064896,0.06387359317188691,1.3022052902774958e-19,0.06348711722793704
sequences,0.25,16,9,-8.5,14.44,q2,"(50, 150)",0.0014623542072652557,0.06340497936113287,1.3022052902774958e-19,0.06348711722793704
sequences,0.25,16,9,-8.5,14.44,q3,"(150, 50)",-0.001512602050860111,0.06371851660408659,1.3022052902774958e-19,0.06348711722793704
sequences,0.25,16,9,-8.5,14.44,q4,"(150, 150)",0.0005128807852093042,0.06336257425224077,1.3022052902774958e-19,0.06348711722793704
sequences,0.25,17,9,-8.5,14.44,q1,"(50, 50)",-0.001075868450464528,0.06348172597456686,3.9514679295343066e-20,0.06407755357768408
sequences,0.25,17,9,-8.5,14.44,q2,"(50, 150)",0.00035862281682150926,0.0629117428761751,3.9514679295343066e-20,0.06407755357768408
sequences,0.25,17,9,-8.5,14.44,q3,"(150, 50)",0.0009013798720455846,0.06526040103751878,3.9514679295343066e-20,0.06407755357768408
sequences,0.25,17,9,-8.5,14.44,q4,"(150, 150)",-0.0003057679643147503,0.06410825987850469,3.9514679295343066e-20,0.06407755357768408
sequences,0.25,18,9,-8.5,14.44,q1,"(50, 50)",-0.00035287933287117274,0.06551651430441711,8.365712677182191e-20,0.0642319493262145
sequences,0.25,18,9,-8.5,14.44,q2,"(50, 150)",0.00011530181100401985,0.06501784463553757,8.365712677182191e-20,0.0642319493262145
sequences,0.25,18,9,-8.5,14.44,q3,"(150, 50)",0.0007796763011700263,0.06561986428207725,8.365712677182191e-20,0.0642319493262145
sequences,0.25,18,9,-8.5,14.44,q4,"(150, 150)",-0.00025375382885673336,0.06335637701811261,8.365712677182191e-20,0.0642319493262145
sequences,0.25,19,9,-8.5,14.44,q1,"(50, 50)",0.004821222518466898,0.062172265799615996,4.880407669163587e-20,0.06349010060013469
sequences,0.25,19,9,-8.5,14.44,q2,"(50, 150)",-0.001551978575624028,0.06404942915799394,4.880407669163587e-20,0.06349010060013469
sequences,0.25,19,9,-8.5,14.44,q3,"(150, 50)",-0.0020166359323405478,0.06265985517515764,4.880407669163587e-20,0.06349010060013469
sequences,0.25,19,9,-8.5,14.44,q4,"(150, 150)",0.0006933507188759956,0.06368464118743786,4.880407669163587e-20,0.06349010060013469
sequences,0.25,20,9,-8.5,14.44,q1,"(50, 50)",-0.0006936348169708098,0.06639136955223468,-1.243758518666678e-19,0.06470984516213998
sequences,0.25,20,9,-8.5,14.44,q2,"(50, 150)",0.00021250083988123025,0.06368395904584484,-1.243758518666678e-19,0.06470984516213998
sequences,0.25,20,9,-8.5,14.44,q3,"(150, 50)",-0.0006907648045500048,0.06448300819102357,-1.243758518666678e-19,0.06470984516213998
sequences,0.25,20,9,-8.5,14.44,q4,"(150, 150)",0.00023847955440300543,0.06495204285002255,-1.243758518666678e-19,0.06470984516213998
sequences,0.25,21,9,-8.5,14.44,q1,"(50, 50)",0.003994907932089026,0.06464165305856633,4.643730235172982e-21,0.0643312464879643
sequences,0.25,21,9,-8.5,14.44,q2,"(50, 150)",-0.0012733548271601188,0.06282108884347612,4.643730235172982e-21,0.0643312464879643
sequences,0.25,21,9,-8.5,14.44,q3,"(150, 50)",0.0005674410454975213,0.06561046397033708,4.643730235172982e-21,0.0643312464879643
sequences,0.25,21,9,-8.5,14.44,q4,"(150, 150)",-0.0001888379054991008,0.06435088276519187,4.643730235172982e-21,0.0643312464879643
sequences,0.25,22,9,-8.5,14.44,q1,"(50, 50)",0.0010599621229668756,0.06439419158186531,6.746954676053969e-20,0.06318879160126116
sequences,0.25,22,9,-8.5,14.44,q2,"(50, 150)",-0.0003357584492543062,0.06401133865112522,6.746954676053969e-20,0.06318879160126116
sequences,0.25,22,9,-8.5,14.44,q3,"(150, 50)",0.0005510389202506387,0.06295533270188797,6.746954676053969e-20,0.06318879160126116
sequences,0.25,22,9,-8.5,14.44,q4,"(150, 150)",-0.00018509486326984725,0.0628660831069889,6.746954676053969e-20,0.06318879160126116
sequences,0.25,23,9,-8.5,14.44,q1,"(50, 50)",0.0008450746545829428,0.06327031799764832,-1.5815142800928157e-19,0.06455026412704788
sequences,0.25,23,9,-8.5,14.44,q2,"(50, 150)",-0.00028005600433253405,0.0647142640376207,-1.5815142800928157e-19,0.06455026412704788
sequences,0.25,23,9,-8.5,14.44,q3,"(150, 50)",-0.0018052426518729698,0.064919695465757,-1.5815142800928157e-19,0.06455026412704788
sequences,0.25,23,9,-8.5,14.44,q4,"(150, 150)",0.000612097680495965,0.06449799199799754,-1.5815142800928157e-19,0.06455026412704788
sequences,0.25,24,9,-8.5,14.44,q1,"(50, 50)",0.0012362186631469146,0.06427393917540197,1.813482072389894e-19,0.06357727303437058
sequences,0.25,24,9,-8.5,14.44,q2,"(50, 150)",-0.00039170564878176746,0.06298916767007838,1.813482072389894e-19,0.06357727303437058
sequences,0.25,24,9,-8.5,14.44,q3,"(150, 50)",9.359619952144884e-05,0.06416843135228323,1.813482072389894e-19,0.06357727303437058
sequences,0.25,24,9,-8.5,14.44,q4,"(150, 150)",-3.139416148005015e-05,0.06349911453921447,1.813482072389894e-19,0.06357727303437058
sequences,0.25,25,9,-8.5,14.44,q1,"(50, 50)",-0.00017381656803080713,0.06640510548963158,-4.650343573029893e-21,0.06455138970608182
sequences,0.25,25,9,-8.5,14.44,q2,"(50, 150)",5.6906537863093284e-05,0.06436644953811958,-4.650343573029893e-21,0.06455138970608182
sequences,0.25,25,9,-8.5,14.44,q3,"(150, 50)",-0.0013794069393765547,0.06312302169599163,-4.650343573029893e-21,0.06455138970608182
sequences,0.25,25,9,-8.5,14.44,q4,"(150, 150)",0.00047491513116161126,0.06488480702461095,-4.650343573029893e-21,0.06455138970608182
sequences,0.25,26,9,-8.5,14.44,q1,"(50, 50)",0.003249142903561006,0.06552521209898939,8.139464989920502e-20,0.06349953730977885
sequences,0.25,26,9,-8.5,14.44,q2,"(50, 150)",-0.0010695577173643878,0.06256900928605366,8.139464989920502e-20,0.06349953730977885
sequences,0.25,26,9,-8.5,14.44,q3,"(150, 50)",0.0017040477290088073,0.06336541835275974,8.139464989920502e-20,0.06349953730977885
sequences,0.25,26,9,-8.5,14.44,q4,"(150, 150)",-0.0005899810148133109,0.06360617123383468,8.139464989920502e-20,0.06349953730977885
sequences,0.25,27,9,-8.5,14.44,q1,"(50, 50)",-0.0027394422142168707,0.06291420091553793,-1.1620018259913303e-19,0.06387105814968902
sequences,0.25,27,9,-8.5,14.44,q2,"(50, 150)",0.0009217273132398603,0.06453863523605528,-1.1620018259913303e-19,0.06387105814968902
sequences,0.25,27,9,-8.5,14.44,q3,"(150, 50)",-0.0007180546006257867,0.06491692167781912,-1.1620018259913303e-19,0.06387105814968902
sequences,0.25,27,9,-8.5,14.44,q4,"(150, 150)",0.0002449428541817225,0.06338115562819607,-1.1620018259913303e-19,0.06387105814968902
sequences,0.25,28,9,-8.5,14.44,q1,"(50, 50)",-0.0017149960800311036,0.06604658193146819,1.1623911389408205e-19,0.06324434826072474
sequences,0.25,28,9,-8.5,14.44,q2,"(50, 150)",0.0005492520485385963,0.0631961083422725,1.1623911389408205e-19,0.06324434826072474
sequences,0.25,28,9,-8.5,14.44,q3,"(150, 50)",0.0032596897280369815,0.0630691968812551,1.1623911389408205e-19,0.06324434826072474
sequences,0.25,28,9,-8.5,14.44,q4,"(150, 150)",-0.0010765413859330703,0.06296778494856675,1.1623911389408205e-19,0.06324434826072474
sequences,0.25,29,9,-8.5,14.44,q1,"(50, 50)",-0.0014377052571028976,0.06477040605771742,6.745823775169615e-20,0.06370504843068467
sequences,0.25,29,9,-8.5,14.44,q2,"(50, 150)",0.00047706856180539136,0.06393493857052938,6.745823775169615e-20,0.06370504843068467
sequences,0.25,29,9,-8.5,14.44,q3,"(150, 50)",-0.00013439226219975813,0.06374673937258726,6.745823775169615e-20,0.06370504843068467
sequences,0.25,29,9,-8.5,14.44,q4,"(150, 150)",4.433333616150092e-05,0.06349645110966895,6.745823775169615e-20,0.06370504843068467
sequences,0.25,30,9,-8.5,14.44,q1,"(50, 50)",0.00293568409643085,0.06627360827328972,-2.6757407962086722e-20,0.06420132433834681
sequences,0.25,30,9,-8.5,14.44,q2,"(50, 150)",-0.0009642091321166208,0.06309448294856222,-2.6757407962086722e-20,0.06420132433834681
sequences,0.25,30,9,-8.5,14.44,q3,"(150, 50)",0.001050654407105055,0.06462517370962712,-2.6757407962086722e-20,0.06420132433834681
sequences,0.25,30,9,-8.5,14.44,q4,"(150, 150)",-0.00035504005555869706,0.06418047654833405,-2.6757407962086722e-20,0.06420132433834681
sequences,0.25,31,9,-8.5,14.44,q1,"(50, 50)",-0.002715219105754884,0.06621910127879116,-1.1164565738290354e-19,0.06468409361959762
sequences,0.25,31,9,-8.5,14.44,q2,"(50, 150)",0.0008252136497882483,0.06369377160949613,-1.1164565738290354e-19,0.06468409361959762
sequences,0.25,31,9,-8.5,14.44,q3,"(150, 50)",-0.0020969545696714006,0.06398157330746354,-1.1164565738290354e-19,0.06468409361959762
sequences,0.25,31,9,-8.5,14.44,q4,"(150, 150)",0.0007275212504318299,0.06507324412716443,-1.1164565738290354e-19,0.06468409361959762
sequences,0.25,32,9,-8.5,14.44,q1,"(50, 50)",0.0004037277145097963,0.06523877771163826,-6.507755126759417e-20,0.0638215601846177
sequences,0.25,32,9,-8.5,14.44,q2,"(50, 150)",-0.00013006361804098997,0.06392268642641577,-6.507755126759417e-20,0.0638215601846177
sequences,0.25,32,9,-8.5,14.44,q3,"(150, 50)",0.0012199650101736978,0.06369421456655362,-6.507755126759417e-20,0.0638215601846177
sequences,0.25,32,9,-8.5,14.44,q4,"(150, 150)",-0.00041608258260493935,0.06367466621382252,-6.507755126759417e-20,0.0638215601846177
sequences,0.25,33,9,-8.5,14.44,q1,"(50, 50)",-0.0005940508213004328,0.06403697409140237,-6.511026451387479e-20,0.06378526432197333
sequences,0.25,33,9,-8.5,14.44,q2,"(50, 150)",0.000197121746308552,0.061326646883175163,-6.511026451387479e-20,0.06378526432197333
sequences,0.25,33,9,-8.5,14.44,q3,"(150, 50)",0.0005317724711774142,0.06611329104585002,-6.511026451387479e-20,0.06378526432197333
sequences,0.25,33,9,-8.5,14.44,q4,"(150, 150)",-0.00017984326503648213,0.0637485292357426,-6.511026451387479e-20,0.06378526432197333
sequences,0.25,34,9,-8.5,14.44,q1,"(50, 50)",0.0014126852539883374,0.062429497179383606,3.717783255337485e-20,0.0636296111610349
sequences,0.25,34,9,-8.5,14.44,q2,"(50, 150)",-0.00044702865242998057,0.06443372555587112,3.717783255337485e-20,0.0636296111610349
sequences,0.25,34,9,-8.5,14.44,q3,"(150, 50)",-0.001382222675142214,0.06290415754235422,3.717783255337485e-20,0.0636296111610349
sequences,0.25,34,9,-8.5,14.44,q4,"(150, 150)",0.0004647270151805712,0.06371655999292276,3.717783255337485e-20,0.0636296111610349
sequences,0.25,35,9,-8.5,14.44,q1,"(50, 50)",0.0013908276772929204,0.0657649395413106,-2.0931806648287266e-20,0.06446730426373866
sequences,0.25,35,9,-8.5,14.44,q2,"(50, 150)",-0.00045990529053849326,0.06363081052852887,-2.0931806648287266e-20,0.06446730426373866
sequences,0.25,35,9,-8.5,14.44,q3,"(150, 50)",-0.0002612926920421112,0.06504554162690583,-2.0931806648287266e-20,0.06446730426373866
sequences,0.25,35,9,-8.5,14.44,q4,"(150, 150)",8.782684983712127e-05,0.06440353989300202,-2.0931806648287266e-20,0.06446730426373866
sequences,0.25,36,9,-8.5,14.44,q1,"(50, 50)",-0.0015424402249256057,0.06404699770541776,3.255240501120925e-20,0.06440951107522971
sequences,0.25,36,9,-8.5,14.44,q2,"(50, 150)",0.00047793922462483564,0.06493875894779179,3.255240501120925e-20,0.06440951107522971
sequences,0.25,36,9,-8.5,14.44,q3,"(150, 50)",0.0012574523869287866,0.06596452466902641,3.255240501120925e-20,0.06440951107522971
sequences,0.25,36,9,-8.5,14.44,q4,"(150, 150)",-0.00042963113444699676,0.06371723135438734,3.255240501120925e-20,0.06440951107522971
sequences,0.25,37,9,-8.5,14.44,q1,"(50, 50)",0.0023542474045535715,0.06351627916446913,2.5561899846945582e-20,0.06380953917837018
sequences,0.25,37,9,-8.5,14.44,q2,"(50, 150)",-0.0007752306143476046,0.06417289874682378,2.5561899846945582e-20,0.06380953917837018
sequences,0.25,37,9,-8.5,14.44,q3,"(150, 50)",0.00015661038403675837,0.0638270580240686,2.5561899846945582e-20,0.06380953917837018
sequences,0.25,37,9,-8.5,14.44,q4,"(150, 150)",-5.2133763800398374e-05,0.06370874974437804,2.5561899846945582e-20,0.06380953917837018
sequences,0.25,38,9,-8.5,14.44,q1,"(50, 50)",-0.001049239133546407,0.06488985047291077,-2.904275030933881e-19,0.06391889009123246
sequences,0.25,38,9,-8.5,14.44,q2,"(50, 150)",0.00035261707315262274,0.06348363278419948,-2.904275030933881e-19,0.06391889009123246
sequences,0.25,38,9,-8.5,14.44,q3,"(150, 50)",-0.0008842913409227697,0.06507494595578728,-2.904275030933881e-19,0.06391889009123246
sequences,0.25,38,9,-8.5,14.44,q4,"(150, 150)",0.00029059382408750013,0.06356457999531631,-2.904275030933881e-19,0.06391889009123246
sequences,0.25,39,9,-8.5,14.44,q1,"(50, 50)",0.002399970475050139,0.0646145639557385,1.1848450292099058e-19,0.06391640409076897
sequences,0.25,39,9,-8.5,14.44,q2,"(50, 150)",-0.0007836211825370496,0.06424716436244989,1.1848450292099058e-19,0.06391640409076897
sequences,0.25,39,9,-8.5,14.44,q3,"(150, 50)",0.0039304255794863,0.06370245438672277,1.1848450292099058e-19,0.06391640409076897
sequences,0.25,39,9,-8.5,14.44,q4,"(150, 150)",-0.0012859161529067912,0.06373477211764172,1.1848450292099058e-19,0.06391640409076897
sequences,0.25,40,9,-8.5,14.44,q1,"(50, 50)",0.0006731578850251858,0.06677419378981464,1.4879852901660668e-19,0.06433343506079861
sequences,0.25,40,9,-8.5,14.44,q2,"(50, 150)",-0.0002218872315895935,0.06649025389152445,1.4879852901660668e-19,0.06433343506079861
sequences,0.25,40,9,-8.5,14.44,q3,"(150, 50)",0.0006927068192018024,0.06324010294054862,1.4879852901660668e-19,0.06433343506079861
sequences,0.25,40,9,-8.5,14.44,q4,"(150, 150)",-0.0002321073997534223,0.06368259447088646,1.4879852901660668e-19,0.06433343506079861
sequences,0.25,41,9,-8.5,14.44,q1,"(50, 50)",0.0025084149799369355,0.06718314310729193,2.42000323945792e-19,0.0642016853001959
sequences,0.25,41,9,-8.5,14.44,q2,"(50, 150)",-0.0008544145742225993,0.06307312447499137,2.42000323945792e-19,0.0642016853001959
sequences,0.25,41,9,-8.5,14.44,q3,"(150, 50)",0.00022273785510950722,0.06349642117521827,2.42000323945792e-19,0.0642016853001959
sequences,0.25,41,9,-8.5,14.44,q4,"(150, 150)",-7.557414404132946e-05,0.06445768530640768,2.42000323945792e-19,0.0642016853001959
sequences,0.25,42,9,-8.5,14.44,q1,"(50, 50)",-0.0014877112509428107,0.06220448846292823,1.5339708513075768e-19,0.06426599121824128
sequences,0.25,42,9,-8.5,14.44,q2,"(50, 150)",0.000491712392993998,0.06364219770431485,1.5339708513075768e-19,0.06426599121824128
sequences,0.25,42,9,-8.5,14.44,q3,"(150, 50)",-6.672472542471483e-05,0.06399273937870087,1.5339708513075768e-19,0.06426599121824128
sequences,0.25,42,9,-8.5,14.44,q4,"(150, 150)",2.2191906595029698e-05,0.06478416909898148,1.5339708513075768e-19,0.06426599121824128
sequences,0.25,43,9,-8.5,14.44,q1,"(50, 50)",-0.0026925788242920957,0.06292711904970996,2.674171578248429e-19,0.0638541336301594
sequences,0.25,43,9,-8.5,14.44,q2,"(50, 150)",0.0009155488907231485,0.06391131145278386,2.674171578248429e-19,0.0638541336301594
sequences,0.25,43,9,-8.5,14.44,q3,"(150, 50)",0.0009375248585940379,0.06359161590694833,2.674171578248429e-19,0.0638541336301594
sequences,0.25,43,9,-8.5,14.44,q4,"(150, 150)",-0.00031902571332202207,0.06401721750512175,2.674171578248429e-19,0.0638541336301594
sequences,0.25,44,9,-8.5,14.44,q1,"(50, 50)",0.0020854469909755953,0.06213450495920287,-1.1631705479686914e-20,0.06423799162060322
sequences,0.25,44,9,-8.5,14.44,q2,"(50, 150)",-0.0006920731164742015,0.06428877900661223,-1.1631705479686914e-20,0.06423799162060322
sequences,0.25,44,9,-8.5,14.44,q3,"(150, 50)",0.00041311428761146374,0.06537149701312006,-1.1631705479686914e-20,0.06423799162060322
sequences,0.25,44,9,-8.5,14.44,q4,"(150, 150)",-0.00014124680742190967,0.06405721766347926,-1.1631705479686914e-20,0.06423799162060322
sequences,0.25,45,9,-8.5,14.44,q1,"(50, 50)",0.0012278539543271341,0.06387369775115286,-5.572942481177059e-20,0.06400139770013492
sequences,0.25,45,9,-8.5,14.44,q2,"(50, 150)",-0.00039758558145920977,0.06349095034460821,-5.572942481177059e-20,0.06400139770013492
sequences,0.25,45,9,-8.5,14.44,q3,"(150, 50)",-0.0016002821032401863,0.06269643562455825,-5.572942481177059e-20,0.06400139770013492
sequences,0.25,45,9,-8.5,14.44,q4,"(150, 150)",0.000537152640597263,0.06460435404387929,-5.572942481177059e-20,0.06400139770013492
sequences,0.25,46,9,-8.5,14.44,q1,"(50, 50)",-0.003920474283577696,0.06331042769350462,-4.6522922587376655e-20,0.0640283197178125
sequences,0.25,46,9,-8.5,14.44,q2,"(50, 150)",0.0013044616061090343,0.06341258446806437,-4.6522922587376655e-20,0.0640283197178125
sequences,0.25,46,9,-8.5,14.44,q3,"(150, 50)",-0.0005348722997644892,0.06316220570412213,-4.6522922587376655e-20,0.0640283197178125
sequences,0.25,46,9,-8.5,14.44,q4,"(150, 150)",0.00018244263396952634,0.06458153074605355,-4.6522922587376655e-20,0.0640283197178125
sequences,0.25,47,9,-8.5,14.44,q1,"(50, 50)",0.00016492930802679292,0.06551459982235905,-1.3945189557341608e-20,0.06431723885465476
sequences,0.25,47,9,-8.5,14.44,q2,"(50, 150)",-5.187644314146771e-05,0.06436982976579762,-1.3945189557341608e-20,0.06431723885465476
sequences,0.25,47,9,-8.5,14.44,q3,"(150, 50)",0.0003175865957070409,0.06270609150177704,-1.3945189557341608e-20,0.06431723885465476
sequences,0.25,47,9,-8.5,14.44,q4,"(150, 150)",-0.0001092612248996617,0.06471558076093294,-1.3945189557341608e-20,0.06431723885465476
sequences,0.25,48,9,-8.5,14.44,q1,"(50, 50)",-0.0021696466492288342,0.06515558581698794,-2.325561425691572e-19,0.06443656988589712
sequences,0.25,48,9,-8.5,14.44,q2,"(50, 150)",0.0006885763089987656,0.06341204030925043,-2.325561425691572e-19,0.06443656988589712
sequences,0.25,48,9,-8.5,14.44,q3,"(150, 50)",0.0018030243740879506,0.06492503247195759,-2.325561425691572e-19,0.06443656988589712
sequences,0.25,48,9,-8.5,14.44,q4,"(150, 150)",-0.0005999391907258711,0.06451768529729072,-2.325561425691572e-19,0.06443656988589712
sequences,0.25,49,9,-8.5,14.44,q1,"(50, 50)",9.397727822479621e-05,0.06277557166294935,1.8607609563817256e-19,0.06439276153363763
sequences,0.25,49,9,-8.5,14.44,q2,"(50, 150)",-3.0076098902960703e-05,0.06386751084771952,1.8607609563817256e-19,0.06439276153363763
sequences,0.25,49,9,-8.5,14.44,q3,"(150, 50)",-0.0009714731283857986,0.06390227290870423,1.8607609563817256e-19,0.06439276153363763
sequences,0.25,49,9,-8.5,14.44,q4,"(150, 150)",0.00031808535306916485,0.0648883980140078,1.8607609563817256e-19,0.06439276153363763
sequences,0.25,0,10,-12.3,10.68,q1,"(50, 50)",-0.002528152971036364,0.06531906244249491,1.0687732113836681e-19,0.06428240792701485
sequences,0.25,0,10,-12.3,10.68,q2,"(50, 150)",0.0007828123024142251,0.06398520938189231,1.0687732113836681e-19,0.06428240792701485
sequences,0.25,0,10,-12.3,10.68,q3,"(150, 50)",-0.0005357518644173622,0.06467161156355779,1.0687732113836681e-19,0.06428240792701485
sequences,0.25,0,10,-12.3,10.68,q4,"(150, 150)",0.00018128329324269035,0.0641329233285187,1.0687732113836681e-19,0.06428240792701485
sequences,0.25,1,10,-12.3,10.68,q1,"(50, 50)",0.00020975181752414416,0.06460981825728489,2.302498731311599e-19,0.06356705984820084
sequences,0.25,1,10,-12.3,10.68,q2,"(50, 150)",-7.010623810942067e-05,0.06463173086681392,2.302498731311599e-19,0.06356705984820084
sequences,0.25,1,10,-12.3,10.68,q3,"(150, 50)",0.002737962665822889,0.0623741508107135,2.302498731311599e-19,0.06356705984820084
sequences,0.25,1,10,-12.3,10.68,q4,"(150, 150)",-0.0009164558164387832,0.06346552137252887,2.302498731311599e-19,0.06356705984820084
sequences,0.25,2,10,-12.3,10.68,q1,"(50, 50)",2.6132700170655334e-05,0.061656305006871116,3.487173416822462e-21,0.06395383837077015
sequences,0.25,2,10,-12.3,10.68,q2,"(50, 150)",-8.255453173418604e-06,0.06385030004709008,3.487173416822462e-21,0.06395383837077015
sequences,0.25,2,10,-12.3,10.68,q3,"(150, 50)",0.0007682155912686474,0.06422636519296657,3.487173416822462e-21,0.06395383837077015
sequences,0.25,2,10,-12.3,10.68,q4,"(150, 150)",-0.00025393856646815466,0.06413763042689308,3.487173416822462e-21,0.06395383837077015
sequences,0.25,3,10,-12.3,10.68,q1,"(50, 50)",0.0024284590355317976,0.06545264905195439,2.439182657885032e-19,0.06436924809582155
sequences,0.25,3,10,-12.3,10.68,q2,"(50, 150)",-0.0008168153297420214,0.06452502810286645,2.439182657885032e-19,0.06436924809582155
sequences,0.25,3,10,-12.3,10.68,q3,"(150, 50)",0.001436566272609742,0.0650178205109426,2.439182657885032e-19,0.06436924809582155
sequences,0.25,3,10,-12.3,10.68,q4,"(150, 150)",-0.0005044595892702877,0.06395088621694539,2.439182657885032e-19,0.06436924809582155
sequences,0.25,4,10,-12.3,10.68,q1,"(50, 50)",-0.000974126171127235,0.06527677562907477,-2.222400831133195e-19,0.06430201483547858
sequences,0.25,4,10,-12.3,10.68,q2,"(50, 150)",0.0003040722419169322,0.06245412146675006,-2.222400831133195e-19,0.06430201483547858
sequences,0.25,4,10,-12.3,10.68,q3,"(150, 50)",-0.0006310372117485547,0.06442972986814965,-2.222400831133195e-19,0.06430201483547858
sequences,0.25,4,10,-12.3,10.68,q4,"(150, 150)",0.00021021959287935327,0.06478050792061307,-2.222400831133195e-19,0.06430201483547858
sequences,0.25,5,10,-12.3,10.68,q1,"(50, 50)",-0.0022907793167891454,0.06662854034742346,3.581064548263114e-19,0.06448652824619683
sequences,0.25,5,10,-12.3,10.68,q2,"(50, 150)",0.0007340952156523608,0.06465715168881303,3.581064548263114e-19,0.06448652824619683
sequences,0.25,5,10,-12.3,10.68,q3,"(150, 50)",-0.0016986521428532589,0.06440613419990157,3.581064548263114e-19,0.06448652824619683
sequences,0.25,5,10,-12.3,10.68,q4,"(150, 150)",0.0005608184071160349,0.06420193774919514,3.581064548263114e-19,0.06448652824619683
sequences,0.25,6,10,-12.3,10.68,q1,"(50, 50)",-0.0020124195275322693,0.06446150815622637,1.3719662879709332e-19,0.06373705240137884
sequences,0.25,6,10,-12.3,10.68,q2,"(50, 150)",0.0007172612535802917,0.06443721059005454,1.3719662879709332e-19,0.06373705240137884
sequences,0.25,6,10,-12.3,10.68,q3,"(150, 50)",0.0016505077010496286,0.06236222779208375,1.3719662879709332e-19,0.06373705240137884
sequences,0.25,6,10,-12.3,10.68,q4,"(150, 150)",-0.0005522909186543996,0.06386791928780308,1.3719662879709332e-19,0.06373705240137884
sequences,0.25,7,10,-12.3,10.68,q1,"(50, 50)",-0.0006246605835732276,0.06423659160083867,-1.1615155513738246e-20,0.0638855469062578
sequences,0.25,7,10,-12.3,10.68,q2,"(50, 150)",0.0002017247490888938,0.0636596360597632,-1.1615155513738246e-20,0.0638855469062578
sequences,0.25,7,10,-12.3,10.68,q3,"(150, 50)",-0.0007966351509117805,0.06418530062950949,-1.1615155513738246e-20,0.0638855469062578
sequences,0.25,7,10,-12.3,10.68,q4,"(150, 150)",0.00026598101978950054,0.06382053245648175,-1.1615155513738246e-20,0.0638855469062578
sequences,0.25,8,10,-12.3,10.68,q1,"(50, 50)",-0.0026799087089430886,0.06434587295830718,-8.599533560360659e-20,0.0636024569605572
sequences,0.25,8,10,-12.3,10.68,q2,"(50, 150)",0.0008295514261045379,0.06343016387757089,-8.599533560360659e-20,0.0636024569605572
sequences,0.25,8,10,-12.3,10.68,q3,"(150, 50)",0.0002252236094737983,0.06377133251103115,-8.599533560360659e-20,0.0636024569605572
sequences,0.25,8,10,-12.3,10.68,q4,"(150, 150)",-7.521998641293346e-05,0.06351773587550551,-8.599533560360659e-20,0.0636024569605572
sequences,0.25,9,10,-12.3,10.68,q1,"(50, 50)",-0.0013379575172149237,0.06407231491966918,8.136737972585744e-20,0.06370147661365626
sequences,0.25,9,10,-12.3,10.68,q2,"(50, 150)",0.0004200289912949845,0.06389415171054502,8.136737972585744e-20,0.06370147661365626
sequences,0.25,9,10,-12.3,10.68,q3,"(150, 50)",-0.0009942628844378902,0.06396356365605411,8.136737972585744e-20,0.06370147661365626
sequences,0.25,9,10,-12.3,10.68,q4,"(150, 150)",0.000329893675942526,0.06350422680608298,8.136737972585744e-20,0.06370147661365626
sequences,0.25,10,10,-12.3,10.68,q1,"(50, 50)",0.00016646350131744114,0.06060351012931344,9.299908063537917e-21,0.06355439263007889
sequences,0.25,10,10,-12.3,10.68,q2,"(50, 150)",-5.3566071883823684e-05,0.06328906349413048,9.299908063537917e-21,0.06355439263007889
sequences,0.25,10,10,-12.3,10.68,q3,"(150, 50)",-0.0009540228436608565,0.06254485035397721,9.299908063537917e-21,0.06355439263007889
sequences,0.25,10,10,-12.3,10.68,q4,"(150, 150)",0.0003230167353949226,0.06429389649062667,9.299908063537917e-21,0.06355439263007889
sequences,0.25,11,10,-12.3,10.68,q1,"(50, 50)",0.0016678233163553925,0.06341590780638195,1.6274839111191356e-20,0.06452633480055209
sequences,0.25,11,10,-12.3,10.68,q2,"(50, 150)",-0.0005389249806675262,0.062394329544797504,1.6274839111191356e-20,0.06452633480055209
sequences,0.25,11,10,-12.3,10.68,q3,"(150, 50)",-0.0011697679735423315,0.06572860142609167,1.6274839111191356e-20,0.06452633480055209
sequences,0.25,11,10,-12.3,10.68,q4,"(150, 150)",0.0003948383869873485,0.06494920706867072,1.6274839111191356e-20,0.06452633480055209
sequences,0.25,12,10,-12.3,10.68,q1,"(50, 50)",-0.0022777270154976,0.06416746626718145,7.667286081665445e-20,0.06435859825086157
sequences,0.25,12,10,-12.3,10.68,q2,"(50, 150)",0.0007716504509216697,0.06377842428035381,7.667286081665445e-20,0.06435859825086157
sequences,0.25,12,10,-12.3,10.68,q3,"(150, 50)",-0.0007966517256010327,0.06320026715730355,7.667286081665445e-20,0.06435859825086157
sequences,0.25,12,10,-12.3,10.68,q4,"(150, 150)",0.00026447932680195635,0.06494588478280441,7.667286081665445e-20,0.06435859825086157
sequences,0.25,13,10,-12.3,10.68,q1,"(50, 50)",-0.000758246658932994,0.0635470222040764,6.509390378068595e-20,0.06394182931357179
sequences,0.25,13,10,-12.3,10.68,q2,"(50, 150)",0.00024607124070172504,0.06499609027489202,6.509390378068595e-20,0.06394182931357179
sequences,0.25,13,10,-12.3,10.68,q3,"(150, 50)",0.0011320608185079592,0.06523837044702122,6.509390378068595e-20,0.06394182931357179
sequences,0.25,13,10,-12.3,10.68,q4,"(150, 150)",-0.0003769593561330235,0.06317907235854231,6.509390378068595e-20,0.06394182931357179
sequences,0.25,14,10,-12.3,10.68,q1,"(50, 50)",-0.0012393425256864497,0.0626546151025988,-4.6448959276426934e-21,0.0635941733936285
sequences,0.25,14,10,-12.3,10.68,q2,"(50, 150)",0.00039044773375608517,0.0635319982704923,-4.6448959276426934e-21,0.0635941733936285
sequences,0.25,14,10,-12.3,10.68,q3,"(150, 50)",0.0008703978310988931,0.06303225305793343,-4.6448959276426934e-21,0.0635941733936285
sequences,0.25,14,10,-12.3,10.68,q4,"(150, 150)",-0.0002891425435950181,0.0638943518725992,-4.6448959276426934e-21,0.0635941733936285
sequences,0.25,15,10,-12.3,10.68,q1,"(50, 50)",-0.00015028601745622656,0.06420946936322677,-1.9052044202926259e-19,0.06455145455706714
sequences,0.25,15,10,-12.3,10.68,q2,"(50, 150)",4.771299805633535e-05,0.06480839741443882,-1.9052044202926259e-19,0.06455145455706714
sequences,0.25,15,10,-12.3,10.68,q3,"(150, 50)",-0.0008659478113414593,0.06479842730315641,-1.9052044202926259e-19,0.06455145455706714
sequences,0.25,15,10,-12.3,10.68,q4,"(150, 150)",0.0002930502010279615,0.06441427702284837,-1.9052044202926259e-19,0.06455145455706714
sequences,0.25,16,10,-12.3,10.68,q1,"(50, 50)",-0.0019032648236115527,0.06520977083788675,-1.0465903324143633e-19,0.06335424697349214
sequences,0.25,16,10,-12.3,10.68,q2,"(50, 150)",0.000596395455966423,0.061575479923169835,-1.0465903324143633e-19,0.06335424697349214
sequences,0.25,16,10,-12.3,10.68,q3,"(150, 50)",0.002299548113669001,0.06451205092179513,-1.0465903324143633e-19,0.06335424697349214
sequences,0.25,16,10,-12.3,10.68,q4,"(150, 150)",-0.0007713174806326004,0.0633335183395234,-1.0465903324143633e-19,0.06335424697349214
sequences,0.25,17,10,-12.3,10.68,q1,"(50, 50)",-0.0005842432240495618,0.0621290431500972,6.515939609605178e-20,0.06420519121833806
sequences,0.25,17,10,-12.3,10.68,q2,"(50, 150)",0.00020111087509851468,0.06380199163800233,6.515939609605178e-20,0.06420519121833806
sequences,0.25,17,10,-12.3,10.68,q3,"(150, 50)",0.0016397133932586037,0.0631287953786787,6.515939609605178e-20,0.06420519121833806
sequences,0.25,17,10,-12.3,10.68,q4,"(150, 150)",-0.0005568147667424355,0.06491101818671824,6.515939609605178e-20,0.06420519121833806
sequences,0.25,18,10,-12.3,10.68,q1,"(50, 50)",0.0017093264863802385,0.06513167943164572,-1.4420897411958373e-19,0.06367646355564799
sequences,0.25,18,10,-12.3,10.68,q2,"(50, 150)",-0.000545144706507681,0.06282449916548201,-1.4420897411958373e-19,0.06367646355564799
sequences,0.25,18,10,-12.3,10.68,q3,"(150, 50)",-0.00046248354562074994,0.06313608343125941,-1.4420897411958373e-19,0.06367646355564799
sequences,0.25,18,10,-12.3,10.68,q4,"(150, 150)",0.00015686211902231158,0.06398212926804936,-1.4420897411958373e-19,0.06367646355564799
sequences,0.25,19,10,-12.3,10.68,q1,"(50, 50)",-0.0008487799121481024,0.06392368650645783,1.5811168148301634e-19,0.06338399238982835
sequences,0.25,19,10,-12.3,10.68,q2,"(50, 150)",0.00027930257709820493,0.06198244021343366,1.5811168148301634e-19,0.06338399238982835
sequences,0.25,19,10,-12.3,10.68,q3,"(150, 50)",0.00037714916860402036,0.06202907654142624,1.5811168148301634e-19,0.06338399238982835
sequences,0.25,19,10,-12.3,10.68,q4,"(150, 150)",-0.00012594178870909672,0.06423310048979049,1.5811168148301634e-19,0.06338399238982835
sequences,0.25,20,10,-12.3,10.68,q1,"(50, 50)",0.0016005022744111606,0.06160757188813738,3.488049884671864e-20,0.06386179116667162
sequences,0.25,20,10,-12.3,10.68,q2,"(50, 150)",-0.0005377916489531685,0.06596044227846949,3.488049884671864e-20,0.06386179116667162
sequences,0.25,20,10,-12.3,10.68,q3,"(150, 50)",0.002076604078617295,0.06339803075085068,3.488049884671864e-20,0.06386179116667162
sequences,0.25,20,10,-12.3,10.68,q4,"(150, 150)",-0.0006841776255453324,0.0635334183621647,3.488049884671864e-20,0.06386179116667162
sequences,0.25,21,10,-12.3,10.68,q1,"(50, 50)",-0.0010084332279313836,0.06444333458619828,-1.0931970618742638e-19,0.06393632472420785
sequences,0.25,21,10,-12.3,10.68,q2,"(50, 150)",0.0003269863883332668,0.06414244630803319,-1.0931970618742638e-19,0.06393632472420785
sequences,0.25,21,10,-12.3,10.68,q3,"(150, 50)",0.0022634580902241475,0.06287473749583951,-1.0931970618742638e-19,0.06393632472420785
sequences,0.25,21,10,-12.3,10.68,q4,"(150, 150)",-0.0007540373985717729,0.06414412217539715,-1.0931970618742638e-19,0.06393632472420785
sequences,0.25,22,10,-12.3,10.68,q1,"(50, 50)",0.0012798816492971977,0.06674313978722156,5.579477466915939e-20,0.06449961490643033
sequences,0.25,22,10,-12.3,10.68,q2,"(50, 150)",-0.0004078806143787785,0.06471672026855924,5.579477466915939e-20,0.06449961490643033
sequences,0.25,22,10,-12.3,10.68,q3,"(150, 50)",-0.0015892251223579732,0.06432305778752832,5.579477466915939e-20,0.06449961490643033
sequences,0.25,22,10,-12.3,10.68,q4,"(150, 150)",0.0005452920106817609,0.06422989449362143,5.579477466915939e-20,0.06449961490643033
sequences,0.25,23,10,-12.3,10.68,q1,"(50, 50)",-0.0016693987638170692,0.06276431147813026,-9.291346762282673e-21,0.06408050440319561
sequences,0.25,23,10,-12.3,10.68,q2,"(50, 150)",0.0005497618418995968,0.06530763543961382,-9.291346762282673e-21,0.06408050440319561
sequences,0.25,23,10,-12.3,10.68,q3,"(150, 50)",-0.000681785010293868,0.06351456423390328,-9.291346762282673e-21,0.06408050440319561
sequences,0.25,23,10,-12.3,10.68,q4,"(150, 150)",0.00023427423810876778,0.06399732652338279,-9.291346762282673e-21,0.06408050440319561
sequences,0.25,24,10,-12.3,10.68,q1,"(50, 50)",0.0037566858960104846,0.06442845799566332,-1.5090860853332325e-19,0.06400965061178132
sequences,0.25,24,10,-12.3,10.68,q2,"(50, 150)",-0.0012203354094725747,0.06305364244665766,-1.5090860853332325e-19,0.06400965061178132
sequences,0.25,24,10,-12.3,10.68,q3,"(150, 50)",-0.00027969118089487594,0.06388213449000861,-1.5090860853332325e-19,0.06400965061178132
sequences,0.25,24,10,-12.3,10.68,q4,"(150, 150)",9.309217214366119e-05,0.06430490475149009,-1.5090860853332325e-19,0.06400965061178132
sequences,0.25,25,10,-12.3,10.68,q1,"(50, 50)",0.002314054575328362,0.06467808771538729,-6.508300119232975e-20,0.06404329685029377
sequences,0.25,25,10,-12.3,10.68,q2,"(50, 150)",-0.0007755379648658149,0.06474209112568342,-6.508300119232975e-20,0.06404329685029377
sequences,0.25,25,10,-12.3,10.68,q3,"(150, 50)",-0.0007564535752080735,0.06521883215203925,-6.508300119232975e-20,0.06404329685029377
sequences,0.25,25,10,-12.3,10.68,q4,"(150, 150)",0.00025980127272876317,0.06332071808741677,-6.508300119232975e-20,0.06404329685029377
sequences,0.25,26,10,-12.3,10.68,q1,"(50, 50)",0.0026619646780375473,0.06287008499703983,2.3009562769613653e-19,0.06334122447946391
sequences,0.25,26,10,-12.3,10.68,q2,"(50, 150)",-0.0008566555988119034,0.06227499563790022,2.3009562769613653e-19,0.06334122447946391
sequences,0.25,26,10,-12.3,10.68,q3,"(150, 50)",0.0007065209452511388,0.06366722577479887,2.3009562769613653e-19,0.06334122447946391
sequences,0.25,26,10,-12.3,10.68,q4,"(150, 150)",-0.00024193756630130718,0.0636206535064758,2.3009562769613653e-19,0.06334122447946391
sequences,0.25,27,10,-12.3,10.68,q1,"(50, 50)",-0.0036968575290776446,0.06386507299871588,1.4400382327773997e-19,0.0643814573882405
sequences,0.25,27,10,-12.3,10.68,q2,"(50, 150)",0.0012411352925269653,0.06479519775499146,1.4400382327773997e-19,0.0643814573882405
sequences,0.25,27,10,-12.3,10.68,q3,"(150, 50)",0.0021885164840904155,0.06622940620809932,1.4400382327773997e-19,0.0643814573882405
sequences,0.25,27,10,-12.3,10.68,q4,"(150, 150)",-0.0007643848733336391,0.06360743194275763,1.4400382327773997e-19,0.0643814573882405
sequences,0.25,28,10,-12.3,10.68,q1,"(50, 50)",0.0028611538421585785,0.061660969193600104,-1.2318250775651753e-19,0.06358938771750992
sequences,0.25,28,10,-12.3,10.68,q2,"(50, 150)",-0.0009145888521597986,0.06304578581593602,-1.2318250775651753e-19,0.06358938771750992
sequences,0.25,28,10,-12.3,10.68,q3,"(150, 50)",-0.0007911819387615832,0.06426337630367569,-1.2318250775651753e-19,0.06358938771750992
sequences,0.25,28,10,-12.3,10.68,q4,"(150, 150)",0.00026049974480309867,0.06373067073195421,-1.2318250775651753e-19,0.06358938771750992
sequences,0.25,29,10,-12.3,10.68,q1,"(50, 50)",0.001366835977453387,0.06476047723563705,-9.289014596930694e-21,0.0639007866741771
sequences,0.25,29,10,-12.3,10.68,q2,"(50, 150)",-0.0004232395614395135,0.06401921342278467,-9.289014596930694e-21,0.0639007866741771
sequences,0.25,29,10,-12.3,10.68,q3,"(150, 50)",0.0004683279592351431,0.06359495419774465,-9.289014596930694e-21,0.0639007866741771
sequences,0.25,29,10,-12.3,10.68,q4,"(150, 150)",-0.00015755197555428812,0.06386927373846217,-9.289014596930694e-21,0.0639007866741771
sequences,0.25,30,10,-12.3,10.68,q1,"(50, 50)",-0.0021343659464081776,0.06430005001550544,8.376934290431261e-20,0.06408732272496205
sequences,0.25,30,10,-12.3,10.68,q2,"(50, 150)",0.0007231600049635526,0.06390643915797618,8.376934290431261e-20,0.06408732272496205
sequences,0.25,30,10,-12.3,10.68,q3,"(150, 50)",0.0018490933563692679,0.06574570910687222,8.376934290431261e-20,0.06408732272496205
sequences,0.25,30,10,-12.3,10.68,q4,"(150, 150)",-0.0006236669103890944,0.0635374851940649,8.376934290431261e-20,0.06408732272496205
sequences,0.25,31,10,-12.3,10.68,q1,"(50, 50)",-0.0018823559228782986,0.06451001511243927,1.116082457527174e-19,0.06412631302043743
sequences,0.25,31,10,-12.3,10.68,q2,"(50, 150)",0.0006582315715915565,0.0629223865023591,1.116082457527174e-19,0.06412631302043743
sequences,0.25,31,10,-12.3,10.68,q3,"(150, 50)",0.0006211206898800223,0.06458278343336817,1.116082457527174e-19,0.06412631302043743
sequences,0.25,31,10,-12.3,10.68,q4,"(150, 150)",-0.00021282504035095848,0.0643164898463879,1.116082457527174e-19,0.06412631302043743
sequences,0.25,32,10,-12.3,10.68,q1,"(50, 50)",-0.00012581390669129177,0.06575824504384821,-3.5530480833259903e-19,0.06350647150223675
sequences,0.25,32,10,-12.3,10.68,q2,"(50, 150)",4.205334157631863e-05,0.06353671198589854,-3.5530480833259903e-19,0.06350647150223675
sequences,0.25,32,10,-12.3,10.68,q3,"(150, 50)",-0.00218449706779378,0.06375217345577956,-3.5530480833259903e-19,0.06350647150223675
sequences,0.25,32,10,-12.3,10.68,q4,"(150, 150)",0.0007198144286025375,0.06315254292821806,-3.5530480833259903e-19,0.06350647150223675
sequences,0.25,33,10,-12.3,10.68,q1,"(50, 50)",0.001798895644425079,0.06590698504287548,1.4987313748079238e-19,0.06356897517723971
sequences,0.25,33,10,-12.3,10.68,q2,"(50, 150)",-0.0005854113625467647,0.06409655068131517,1.4987313748079238e-19,0.06356897517723971
sequences,0.25,33,10,-12.3,10.68,q3,"(150, 50)",-0.0020333900880147656,0.06312624210403722,1.4987313748079238e-19,0.06356897517723971
sequences,0.25,33,10,-12.3,10.68,q4,"(150, 150)",0.0006888764560325969,0.06325366106348902,1.4987313748079238e-19,0.06356897517723971
sequences,0.25,34,10,-12.3,10.68,q1,"(50, 50)",-0.0007882819753391995,0.06269251482333656,4.7697988106328504e-20,0.06377427212090005
sequences,0.25,34,10,-12.3,10.68,q2,"(50, 150)",0.0002743249886956289,0.0642925666470254,4.7697988106328504e-20,0.06377427212090005
sequences,0.25,34,10,-12.3,10.68,q3,"(150, 50)",-0.001484124450422833,0.06400632879816517,4.7697988106328504e-20,0.06377427212090005
sequences,0.25,34,10,-12.3,10.68,q4,"(150, 150)",0.00048459860997813504,0.06364197791238564,4.7697988106328504e-20,0.06377427212090005
sequences,0.25,35,10,-12.3,10.68,q1,"(50, 50)",-0.002315811170411714,0.06317404796508036,-2.5570463297480572e-20,0.06436436782143379
sequences,0.25,35,10,-12.3,10.68,q2,"(50, 150)",0.0007592655079566357,0.06561202102243012,-2.5570463297480572e-20,0.06436436782143379
sequences,0.25,35,10,-12.3,10.68,q3,"(150, 50)",0.0005824640332066139,0.06399539467372557,-2.5570463297480572e-20,0.06436436782143379
sequences,0.25,35,10,-12.3,10.68,q4,"(150, 150)",-0.00019164554865606836,0.0641856197607874,-2.5570463297480572e-20,0.06436436782143379
sequences,0.25,36,10,-12.3,10.68,q1,"(50, 50)",0.0014132244427179548,0.06269767225817303,-1.4177609383297302e-19,0.0639959678430773
sequences,0.25,36,10,-12.3,10.68,q2,"(50, 150)",-0.0004534043114986559,0.06272634481242105,-1.4177609383297302e-19,0.0639959678430773
sequences,0.25,36,10,-12.3,10.68,q3,"(150, 50)",0.0004458899139531465,0.06316608442327927,-1.4177609383297302e-19,0.0639959678430773
sequences,0.25,36,10,-12.3,10.68,q4,"(150, 150)",-0.000145436233048441,0.06481730169804795,-1.4177609383297302e-19,0.0639959678430773
sequences,0.25,37,10,-12.3,10.68,q1,"(50, 50)",-0.0021711879139390024,0.06164897734580182,-1.768167432345178e-19,0.06398899058286679
sequences,0.25,37,10,-12.3,10.68,q2,"(50, 150)",0.0007060460031112169,0.0651422781707561,-1.768167432345178e-19,0.06398899058286679
sequences,0.25,37,10,-12.3,10.68,q3,"(150, 50)",-0.0010730044858448737,0.06227908120174049,-1.768167432345178e-19,0.06398899058286679
sequences,0.25,37,10,-12.3,10.68,q4,"(150, 150)",0.000355379852029562,0.06439761572997228,-1.768167432345178e-19,0.06398899058286679
sequences,0.25,38,10,-12.3,10.68,q1,"(50, 50)",0.0012436602895949185,0.0641557791097938,-1.9873559292657836e-19,0.06390129288359059
sequences,0.25,38,10,-12.3,10.68,q2,"(50, 150)",-0.0003882354581791496,0.06488723969946539,-1.9873559292657836e-19,0.06390129288359059
sequences,0.25,38,10,-12.3,10.68,q3,"(150, 50)",0.0005555514604358206,0.064135144871632,-1.9873559292657836e-19,0.06390129288359059
sequences,0.25,38,10,-12.3,10.68,q4,"(150, 150)",-0.00019007462932077936,0.06344891797787638,-1.9873559292657836e-19,0.06390129288359059
sequences,0.25,39,10,-12.3,10.68,q1,"(50, 50)",0.0038608554023524515,0.06199795213371701,-5.3469992391277743e-20,0.06362462504470669
sequences,0.25,39,10,-12.3,10.68,q2,"(50, 150)",-0.001285785555382443,0.06310012632803609,-5.3469992391277743e-20,0.06362462504470669
sequences,0.25,39,10,-12.3,10.68,q3,"(150, 50)",-0.0018953012722007744,0.06347624955086148,-5.3469992391277743e-20,0.06362462504470669
sequences,0.25,39,10,-12.3,10.68,q4,"(150, 150)",0.0006182638141775226,0.06398672362544813,-5.3469992391277743e-20,0.06362462504470669
sequences,0.25,40,10,-12.3,10.68,q1,"(50, 50)",-0.00021155582232673152,0.06446491323674268,-1.5803224833482091e-19,0.06394092557866615
sequences,0.25,40,10,-12.3,10.68,q2,"(50, 150)",6.62539832340732e-05,0.06322299220313354,-1.5803224833482091e-19,0.06394092557866615
sequences,0.25,40,10,-12.3,10.68,q3,"(150, 50)",-0.0005070827025661283,0.06435075797167347,-1.5803224833482091e-19,0.06394092557866615
sequences,0.25,40,10,-12.3,10.68,q4,"(150, 150)",0.000170168617707835,0.06399268436974659,-1.5803224833482091e-19,0.06394092557866615
sequences,0.25,41,10,-12.3,10.68,q1,"(50, 50)",-0.0001704832969704548,0.06516508035379848,-4.653072190382048e-21,0.06448130166444763
sequences,0.25,41,10,-12.3,10.68,q2,"(50, 150)",5.641153471491111e-05,0.0626566312563171,-4.653072190382048e-21,0.06448130166444763
sequences,0.25,41,10,-12.3,10.68,q3,"(150, 50)",-0.00035741540606863724,0.06562352679791698,-4.653072190382048e-21,0.06448130166444763
sequences,0.25,41,10,-12.3,10.68,q4,"(150, 150)",0.00012056214725957674,0.06464360016302517,-4.653072190382048e-21,0.06448130166444763
sequences,0.25,42,10,-12.3,10.68,q1,"(50, 50)",0.0002483936041124959,0.06593151244214046,5.582750710485199e-20,0.06425619841422246
sequences,0.25,42,10,-12.3,10.68,q2,"(50, 150)",-7.770485330759937e-05,0.06423678247775061,5.582750710485199e-20,0.06425619841422246
sequences,0.25,42,10,-12.3,10.68,q3,"(150, 50)",-0.0027063147048955816,0.06408977886110977,5.582750710485199e-20,0.06425619841422246
sequences,0.25,42,10,-12.3,10.68,q4,"(150, 150)",0.0008951253666095635,0.06411264223263767,5.582750710485199e-20,0.06425619841422246
sequences,0.25,43,10,-12.3,10.68,q1,"(50, 50)",0.0005606101798594869,0.06396466254793245,-7.432455394980128e-20,0.06444531612603188
sequences,0.25,43,10,-12.3,10.68,q2,"(50, 150)",-0.00019062706290676646,0.06357456022316275,-7.432455394980128e-20,0.06444531612603188
sequences,0.25,43,10,-12.3,10.68,q3,"(150, 50)",-0.00150276450253082,0.06532275712769776,-7.432455394980128e-20,0.06444531612603188
sequences,0.25,43,10,-12.3,10.68,q4,"(150, 150)",0.0005003202447285657,0.06449581728755015,-7.432455394980128e-20,0.06444531612603188
sequences,0.25,44,10,-12.3,10.68,q1,"(50, 50)",9.291849028819539e-05,0.061674408477392896,1.4896074124949689e-19,0.06420298233839283
sequences,0.25,44,10,-12.3,10.68,q2,"(50, 150)",-2.8829801381846717e-05,0.06481400140543565,1.4896074124949689e-19,0.06420298233839283
sequences,0.25,44,10,-12.3,10.68,q3,"(150, 50)",0.00040796477481898965,0.06532366869760728,1.4896074124949689e-19,0.06420298233839283
sequences,0.25,44,10,-12.3,10.68,q4,"(150, 150)",-0.00013619174212496852,0.06387753907664734,1.4896074124949689e-19,0.06420298233839283
sequences,0.25,45,10,-12.3,10.68,q1,"(50, 50)",0.002309328678745599,0.06272285425544574,-1.6975176105403071e-19,0.06384600646910882
sequences,0.25,45,10,-12.3,10.68,q2,"(50, 150)",-0.0007288818642290794,0.06512476403757285,-1.6975176105403071e-19,0.06384600646910882
sequences,0.25,45,10,-12.3,10.68,q3,"(150, 50)",-0.0009111764721473567,0.06434000995563868,-1.6975176105403071e-19,0.06384600646910882
sequences,0.25,45,10,-12.3,10.68,q4,"(150, 150)",0.00030820201648336956,0.063354108223068,-1.6975176105403071e-19,0.06384600646910882
sequences,0.25,46,10,-12.3,10.68,q1,"(50, 50)",-0.0004511671064699046,0.0639052613656623,1.0461520250467385e-19,0.064557534047366
sequences,0.25,46,10,-12.3,10.68,q2,"(50, 150)",0.00014884692768066403,0.06406462502262662,1.0461520250467385e-19,0.064557534047366
sequences,0.25,46,10,-12.3,10.68,q3,"(150, 50)",-0.00010524114181380494,0.06513493502628884,1.0461520250467385e-19,0.064557534047366
sequences,0.25,46,10,-12.3,10.68,q4,"(150, 150)",3.4913455373472006e-05,0.06460002844470915,1.0461520250467385e-19,0.064557534047366
sequences,0.25,47,10,-12.3,10.68,q1,"(50, 50)",-0.001357933830071035,0.06309503741061405,-5.3532766386537944e-20,0.06413812701975455
sequences,0.25,47,10,-12.3,10.68,q2,"(50, 150)",0.00044082408441297453,0.06520215409142063,-5.3532766386537944e-20,0.06413812701975455
sequences,0.25,47,10,-12.3,10.68,q3,"(150, 50)",-0.0022710125820070886,0.06365770023042053,-5.3532766386537944e-20,0.06413812701975455
sequences,0.25,47,10,-12.3,10.68,q4,"(150, 150)",0.0007593656152849014,0.06403496038549465,-5.3532766386537944e-20,0.06413812701975455
sequences,0.25,48,10,-12.3,10.68,q1,"(50, 50)",0.0005783472369787111,0.0657092046323874,6.048993847496662e-20,0.06457938459608605
sequences,0.25,48,10,-12.3,10.68,q2,"(50, 150)",-0.00018870236127171343,0.06525733270480193,6.048993847496662e-20,0.06457938459608605
sequences,0.25,48,10,-12.3,10.68,q3,"(150, 50)",-7.241029438873563e-05,0.06627267645186158,6.048993847496662e-20,0.06457938459608605
sequences,0.25,48,10,-12.3,10.68,q4,"(150, 150)",2.392800661578277e-05,0.06364914958166877,6.048993847496662e-20,0.06457938459608605
sequences,0.25,49,10,-12.3,10.68,q1,"(50, 50)",0.0011128753176478277,0.06522242803489062,2.0928299308031184e-20,0.06406283453160469
sequences,0.25,49,10,-12.3,10.68,q2,"(50, 150)",-0.0003512300479411629,0.06373870249745149,2.0928299308031184e-20,0.06406283453160469
sequences,0.25,49,10,-12.3,10.68,q3,"(150, 50)",-0.00019906269711015775,0.0637886000651727,2.0928299308031184e-20,0.06406283453160469
sequences,0.25,49,10,-12.3,10.68,q4,"(150, 150)",6.649319411323616e-05,0.06413690695210485,2.0928299308031184e-20,0.06406283453160469
sequences,0.25,0,11,-17.0,8.65,q1,"(50, 50)",-0.0013443717797852642,0.06388565180292516,1.7220697539670828e-19,0.06397641121191994
sequences,0.25,0,11,-17.0,8.65,q2,"(50, 150)",0.0004447500972097399,0.06411134258494969,1.7220697539670828e-19,0.06397641121191994
sequences,0.25,0,11,-17.0,8.65,q3,"(150, 50)",0.0006274171016699781,0.06346999671806784,1.7220697539670828e-19,0.06397641121191994
sequences,0.25,0,11,-17.0,8.65,q4,"(150, 150)",-0.00020795304921788097,0.06410460811230859,1.7220697539670828e-19,0.06397641121191994
sequences,0.25,1,11,-17.0,8.65,q1,"(50, 50)",-0.0005350466904170903,0.06472348008829687,-2.115729084454876e-19,0.06407958943378794
sequences,0.25,1,11,-17.0,8.65,q2,"(50, 150)",0.00018311633006824995,0.06352718247218869,-2.115729084454876e-19,0.06407958943378794
sequences,0.25,1,11,-17.0,8.65,q3,"(150, 50)",-0.0018481472171280413,0.0638198140104086,-2.115729084454876e-19,0.06407958943378794
sequences,0.25,1,11,-17.0,8.65,q4,"(150, 150)",0.0006284202827981804,0.0642681709441234,-2.115729084454876e-19,0.06407958943378794
sequences,0.25,2,11,-17.0,8.65,q1,"(50, 50)",0.0013449758626270837,0.06265417472484522,-1.1274249726616434e-19,0.0638929881073474
sequences,0.25,2,11,-17.0,8.65,q2,"(50, 150)",-0.000427645706433152,0.0634536713644332,-1.1274249726616434e-19,0.0638929881073474
sequences,0.25,2,11,-17.0,8.65,q3,"(150, 50)",-0.00046126184494072435,0.0645676298249806,-1.1274249726616434e-19,0.0638929881073474
sequences,0.25,2,11,-17.0,8.65,q4,"(150, 150)",0.00016270038914914108,0.06392892095622103,-1.1274249726616434e-19,0.0638929881073474
sequences,0.25,3,11,-17.0,8.65,q1,"(50, 50)",-0.0019340231163243516,0.06306042808348547,-1.8588916276687426e-20,0.06413897245654543
sequences,0.25,3,11,-17.0,8.65,q2,"(50, 150)",0.0006551545793875548,0.06385764229679367,-1.8588916276687426e-20,0.06413897245654543
sequences,0.25,3,11,-17.0,8.65,q3,"(150, 50)",-0.0011119054012783567,0.0645955751329112,-1.8588916276687426e-20,0.06413897245654543
sequences,0.25,3,11,-17.0,8.65,q4,"(150, 150)",0.0003794624402312636,0.06419422105721882,-1.8588916276687426e-20,0.06413897245654543
sequences,0.25,4,11,-17.0,8.65,q1,"(50, 50)",-0.002058209526819257,0.06231866307231817,2.8832130152785335e-19,0.06420252115124522
sequences,0.25,4,11,-17.0,8.65,q2,"(50, 150)",0.000679337667192797,0.06551359825085984,2.8832130152785335e-19,0.06420252115124522
sequences,0.25,4,11,-17.0,8.65,q3,"(150, 50)",0.0004645963692941907,0.06399742278493074,2.8832130152785335e-19,0.06420252115124522
sequences,0.25,4,11,-17.0,8.65,q4,"(150, 150)",-0.0001621677896436633,0.06402766458021229,2.8832130152785335e-19,0.06420252115124522
sequences,0.25,5,11,-17.0,8.65,q1,"(50, 50)",-0.0025080821957424353,0.06310813471004378,8.603135610105301e-20,0.0642661793695083
sequences,0.25,5,11,-17.0,8.65,q2,"(50, 150)",0.0008517797530577478,0.06423329580392592,8.603135610105301e-20,0.0642661793695083
sequences,0.25,5,11,-17.0,8.65,q3,"(150, 50)",-0.0010421716757696396,0.06460142708649458,8.603135610105301e-20,0.0642661793695083
sequences,0.25,5,11,-17.0,8.65,q4,"(150, 150)",0.00034975620858175793,0.06427855363843542,8.603135610105301e-20,0.0642661793695083
sequences,0.25,6,11,-17.0,8.65,q1,"(50, 50)",-0.0006365204358973524,0.06106272098165426,1.7677229085626392e-19,0.06317762167623717
sequences,0.25,6,11,-17.0,8.65,q2,"(50, 150)",0.00019129026223161958,0.06300029745098637,1.7677229085626392e-19,0.06317762167623717
sequences,0.25,6,11,-17.0,8.65,q3,"(150, 50)",-0.0007444323471286884,0.06180840573415955,1.7677229085626392e-19,0.06317762167623717
sequences,0.25,6,11,-17.0,8.65,q4,"(150, 150)",0.0002382008040606234,0.06387496400249384,1.7677229085626392e-19,0.06317762167623717
sequences,0.25,7,11,-17.0,8.65,q1,"(50, 50)",0.0026965144985283294,0.06329601896518312,-1.137809089906983e-19,0.06409131883264754
sequences,0.25,7,11,-17.0,8.65,q2,"(50, 150)",-0.0008438476269602297,0.06374557495231482,-1.137809089906983e-19,0.06409131883264754
sequences,0.25,7,11,-17.0,8.65,q3,"(150, 50)",0.0008613512355517864,0.06408487970313806,-1.137809089906983e-19,0.06409131883264754
sequences,0.25,7,11,-17.0,8.65,q4,"(150, 150)",-0.0002849871298635735,0.0642823677383038,-1.137809089906983e-19,0.06409131883264754
sequences,0.25,8,11,-17.0,8.65,q1,"(50, 50)",0.0016298646186785823,0.0632248242356913,-8.367814439013825e-20,0.06404070958296326
sequences,0.25,8,11,-17.0,8.65,q2,"(50, 150)",-0.0005381628457900985,0.06400249175954774,-8.367814439013825e-20,0.06404070958296326
sequences,0.25,8,11,-17.0,8.65,q3,"(150, 50)",0.0001769703070997176,0.0642559263161119,-8.367814439013825e-20,0.06404070958296326
sequences,0.25,8,11,-17.0,8.65,q4,"(150, 150)",-6.247422473024491e-05,0.06406402164874561,-8.367814439013825e-20,0.06404070958296326
sequences,0.25,9,11,-17.0,8.65,q1,"(50, 50)",0.00037260962918030663,0.06243430530409673,1.6987985410756356e-19,0.06370869787750401
sequences,0.25,9,11,-17.0,8.65,q2,"(50, 150)",-0.00011322215341616117,0.06460209471645531,1.6987985410756356e-19,0.06370869787750401
sequences,0.25,9,11,-17.0,8.65,q3,"(150, 50)",0.0016118816409952266,0.06388743486387706,1.6987985410756356e-19,0.06370869787750401
sequences,0.25,9,11,-17.0,8.65,q4,"(150, 150)",-0.0005449775953146588,0.06345722171797137,1.6987985410756356e-19,0.06370869787750401
sequences,0.25,10,11,-17.0,8.65,q1,"(50, 50)",0.0001486779487679185,0.06336926609671165,-9.764085567102893e-20,0.06351825658909845
sequences,0.25,10,11,-17.0,8.65,q2,"(50, 150)",-5.0232676531189884e-05,0.06533231243449941,-9.764085567102893e-20,0.06351825658909845
sequences,0.25,10,11,-17.0,8.65,q3,"(150, 50)",-7.381163324856519e-05,0.06325051447705597,-9.764085567102893e-20,0.06351825658909845
sequences,0.25,10,11,-17.0,8.65,q4,"(150, 150)",2.4775779377918732e-05,0.06301850091146409,-9.764085567102893e-20,0.06351825658909845
sequences,0.25,11,11,-17.0,8.65,q1,"(50, 50)",-0.00024977296316729846,0.06372623203003136,-1.951672820787568e-19,0.06389101353825456
sequences,0.25,11,11,-17.0,8.65,q2,"(50, 150)",8.597627167527389e-05,0.06480558203798854,-1.951672820787568e-19,0.06389101353825456
sequences,0.25,11,11,-17.0,8.65,q3,"(150, 50)",0.0006164190130161486,0.0641851146052819,-1.951672820787568e-19,0.06389101353825456
sequences,0.25,11,11,-17.0,8.65,q4,"(150, 150)",-0.00020773632710160218,0.06350535634942527,-1.951672820787568e-19,0.06389101353825456
sequences,0.25,12,11,-17.0,8.65,q1,"(50, 50)",0.0008388446052005691,0.06442641777801586,1.1158020347991524e-19,0.06410108597287038
sequences,0.25,12,11,-17.0,8.65,q2,"(50, 150)",-0.00027456455579912855,0.06361036938755399,1.1158020347991524e-19,0.06410108597287038
sequences,0.25,12,11,-17.0,8.65,q3,"(150, 50)",-0.00012214460589151402,0.06545440461972984,1.1158020347991524e-19,0.06410108597287038
sequences,0.25,12,11,-17.0,8.65,q4,"(150, 150)",4.197112210269801e-05,0.06375991875766499,1.1158020347991524e-19,0.06410108597287038
sequences,0.25,13,11,-17.0,8.65,q1,"(50, 50)",0.0033466232868183394,0.06327844398470549,-2.6254646279642283e-19,0.06342083534803677
sequences,0.25,13,11,-17.0,8.65,q2,"(50, 150)",-0.001026491394264888,0.06364612585923207,-2.6254646279642283e-19,0.06342083534803677
sequences,0.25,13,11,-17.0,8.65,q3,"(150, 50)",-0.001327617734721288,0.062295567793672485,-2.6254646279642283e-19,0.06342083534803677
sequences,0.25,13,11,-17.0,8.65,q4,"(150, 150)",0.0004418790341881532,0.06371043915515862,-2.6254646279642283e-19,0.06342083534803677
sequences,0.25,14,11,-17.0,8.65,q1,"(50, 50)",0.0008604540208640534,0.060042446383850666,6.275335300803724e-20,0.06341840975085508
sequences,0.25,14,11,-17.0,8.65,q2,"(50, 150)",-0.00027146612929784066,0.06301750261707723,6.275335300803724e-20,0.06341840975085508
sequences,0.25,14,11,-17.0,8.65,q3,"(150, 50)",0.00042639296450316017,0.06253668339932224,6.275335300803724e-20,0.06341840975085508
sequences,0.25,14,11,-17.0,8.65,q4,"(150, 150)",-0.0001473847739403651,0.06421259303585915,6.275335300803724e-20,0.06341840975085508
sequences,0.25,15,11,-17.0,8.65,q1,"(50, 50)",-0.0016897672228173356,0.06226335942807036,-1.7207712764381196e-19,0.06399589128587298
sequences,0.25,15,11,-17.0,8.65,q2,"(50, 150)",0.0005630091315954425,0.065366508965489,-1.7207712764381196e-19,0.06399589128587298
sequences,0.25,15,11,-17.0,8.65,q3,"(150, 50)",0.0017102363709937797,0.06256546917752466,-1.7207712764381196e-19,0.06399589128587298
sequences,0.25,15,11,-17.0,8.65,q4,"(150, 150)",-0.0005592728192309511,0.06416678974119257,-1.7207712764381196e-19,0.06399589128587298
sequences,0.25,16,11,-17.0,8.65,q1,"(50, 50)",-0.0005657493826550805,0.0645922743219627,0.0,0.0635897782839295
sequences,0.25,16,11,-17.0,8.65,q2,"(50, 150)",0.0001897560123965287,0.06307574954317381,0.0,0.0635897782839295
sequences,0.25,16,11,-17.0,8.65,q3,"(150, 50)",-0.0002510781700892285,0.06110220754640986,0.0,0.0635897782839295
sequences,0.25,16,11,-17.0,8.65,q4,"(150, 150)",8.279601561275741e-05,0.06444565381289795,0.0,0.0635897782839295
sequences,0.25,17,11,-17.0,8.65,q1,"(50, 50)",0.0004708293979837426,0.06499081006153855,1.1166437260499437e-19,0.06422128223417443
sequences,0.25,17,11,-17.0,8.65,q2,"(50, 150)",-0.00015597520144659653,0.06438849062891328,1.1166437260499437e-19,0.06422128223417443
sequences,0.25,17,11,-17.0,8.65,q3,"(150, 50)",-0.0017084809555235607,0.06461405591246765,1.1166437260499437e-19,0.06422128223417443
sequences,0.25,17,11,-17.0,8.65,q4,"(150, 150)",0.0005605793952157661,0.0639377844204794,1.1166437260499437e-19,0.06422128223417443
sequences,0.25,18,11,-17.0,8.65,q1,"(50, 50)",-0.002442354793246498,0.06494394873121793,6.04038642342305e-20,0.06439314811867439
sequences,0.25,18,11,-17.0,8.65,q2,"(50, 150)",0.0007695681034324796,0.06327767814536826,6.04038642342305e-20,0.06439314811867439
sequences,0.25,18,11,-17.0,8.65,q3,"(150, 50)",0.0018213188609697765,0.06307276933464484,6.04038642342305e-20,0.06439314811867439
sequences,0.25,18,11,-17.0,8.65,q4,"(150, 150)",-0.0006206318307640732,0.06513157342364304,6.04038642342305e-20,0.06439314811867439
sequences,0.25,19,11,-17.0,8.65,q1,"(50, 50)",-0.0011861483160512435,0.06416023614796473,7.441796562213031e-20,0.06395698613027721
sequences,0.25,19,11,-17.0,8.65,q2,"(50, 150)",0.00038645646773515467,0.06508112198873546,7.441796562213031e-20,0.06395698613027721
sequences,0.25,19,11,-17.0,8.65,q3,"(150, 50)",-0.001636199813407388,0.06462659115636692,7.441796562213031e-20,0.06395698613027721
sequences,0.25,19,11,-17.0,8.65,q4,"(150, 150)",0.0005444242670729415,0.0633146818034976,7.441796562213031e-20,0.06395698613027721
sequences,0.25,20,11,-17.0,8.65,q1,"(50, 50)",-0.0025415666319589998,0.06405793861083788,7.671781517009416e-20,0.06349498461039337
sequences,0.25,20,11,-17.0,8.65,q2,"(50, 150)",0.000795320170544993,0.06245573417825742,7.671781517009416e-20,0.06349498461039337
sequences,0.25,20,11,-17.0,8.65,q3,"(150, 50)",0.0015910330727999687,0.06365976922887745,7.671781517009416e-20,0.06349498461039337
sequences,0.25,20,11,-17.0,8.65,q4,"(150, 150)",-0.0005309700403696108,0.06370154973012354,7.671781517009416e-20,0.06349498461039337
sequences,0.25,21,11,-17.0,8.65,q1,"(50, 50)",0.00015602197902364902,0.0642393572904424,-1.5795289495880542e-19,0.06470063559370089
sequences,0.25,21,11,-17.0,8.65,q2,"(50, 150)",-5.0293816924809315e-05,0.0638773654136866,-1.5795289495880542e-19,0.06470063559370089
sequences,0.25,21,11,-17.0,8.65,q3,"(150, 50)",4.456291139471651e-05,0.06368059162681662,-1.5795289495880542e-19,0.06470063559370089
sequences,0.25,21,11,-17.0,8.65,q4,"(150, 150)",-1.5104607456038136e-05,0.06536382368644222,-1.5795289495880542e-19,0.06470063559370089
sequences,0.25,22,11,-17.0,8.65,q1,"(50, 50)",-0.0007923597358333629,0.06410110294810656,1.209089328987772e-19,0.06457867514841459
sequences,0.25,22,11,-17.0,8.65,q2,"(50, 150)",0.000252355105176327,0.0646720501805733,1.209089328987772e-19,0.06457867514841459
sequences,0.25,22,11,-17.0,8.65,q3,"(150, 50)",0.0006162628234568019,0.06344539339257874,1.209089328987772e-19,0.06457867514841459
sequences,0.25,22,11,-17.0,8.65,q4,"(150, 150)",-0.00020771563441804325,0.06497351472223446,1.209089328987772e-19,0.06457867514841459
sequences,0.25,23,11,-17.0,8.65,q1,"(50, 50)",-0.0025744172424556474,0.06557764819507952,1.0465903324143633e-19,0.06420680670308909
sequences,0.25,23,11,-17.0,8.65,q2,"(50, 150)",0.0008746872173632593,0.06366768692125892,1.0465903324143633e-19,0.06420680670308909
sequences,0.25,23,11,-17.0,8.65,q3,"(150, 50)",-2.9993368054664625e-05,0.06439352923533662,1.0465903324143633e-19,0.06420680670308909
sequences,0.25,23,11,-17.0,8.65,q4,"(150, 150)",1.038593706417272e-05,0.06415589678015539,1.0465903324143633e-19,0.06420680670308909
sequences,0.25,24,11,-17.0,8.65,q1,"(50, 50)",-0.0007456645599274644,0.06318946064754098,1.813482072389894e-19,0.06371927789625954
sequences,0.25,24,11,-17.0,8.65,q2,"(50, 150)",0.0002347644915667717,0.06438075649059345,1.813482072389894e-19,0.06371927789625954
sequences,0.25,24,11,-17.0,8.65,q3,"(150, 50)",-0.000217845338194525,0.06273206407455352,1.813482072389894e-19,0.06371927789625954
sequences,0.25,24,11,-17.0,8.65,q4,"(150, 150)",7.26151127315082e-05,0.06387611282461345,1.813482072389894e-19,0.06371927789625954
sequences,0.25,25,11,-17.0,8.65,q1,"(50, 50)",-0.0002491623972125768,0.06359595507889475,0.0,0.0638953507960172
sequences,0.25,25,11,-17.0,8.65,q2,"(50, 150)",8.238703093909834e-05,0.0650242229373861,0.0,0.0638953507960172
sequences,0.25,25,11,-17.0,8.65,q3,"(150, 50)",-0.002705229689758433,0.06478760989085862,0.0,0.0638953507960172
sequences,0.25,25,11,-17.0,8.65,q4,"(150, 150)",0.000911022914164734,0.06321568189198026,0.0,0.0638953507960172
sequences,0.25,26,11,-17.0,8.65,q1,"(50, 50)",0.001116883395740119,0.06379777275291994,-1.8610728767499062e-20,0.06400039693619873
sequences,0.25,26,11,-17.0,8.65,q2,"(50, 150)",-0.0003626435981774813,0.0655714497535558,-1.8610728767499062e-20,0.06400039693619873
sequences,0.25,26,11,-17.0,8.65,q3,"(150, 50)",0.0010742690155272755,0.06325173662472268,-1.8610728767499062e-20,0.06400039693619873
sequences,0.25,26,11,-17.0,8.65,q4,"(150, 150)",-0.0003649770464473584,0.06372570794141653,-1.8610728767499062e-20,0.06400039693619873
sequences,0.25,27,11,-17.0,8.65,q1,"(50, 50)",-0.00203750500012801,0.06409955647405836,1.0460644076242052e-20,0.06352782517264448
sequences,0.25,27,11,-17.0,8.65,q2,"(50, 150)",0.000693047795229736,0.06388194613680288,1.0460644076242052e-20,0.06352782517264448
sequences,0.25,27,11,-17.0,8.65,q3,"(150, 50)",-0.0010913587205485342,0.06426015794704105,1.0460644076242052e-20,0.06352782517264448
sequences,0.25,27,11,-17.0,8.65,q4,"(150, 150)",0.0003600724880638008,0.06309504228874384,1.0460644076242052e-20,0.06352782517264448
sequences,0.25,28,11,-17.0,8.65,q1,"(50, 50)",0.0003960711621171081,0.06728715029902381,1.2774532710122095e-19,0.06396572635415913
sequences,0.25,28,11,-17.0,8.65,q2,"(50, 150)",-0.0001257508352192419,0.0652072279136569,1.2774532710122095e-19,0.06396572635415913
sequences,0.25,28,11,-17.0,8.65,q3,"(150, 50)",0.0010701213812217367,0.06389431428978752,1.2774532710122095e-19,0.06396572635415913
sequences,0.25,28,11,-17.0,8.65,q4,"(150, 150)",-0.0003523261428260379,0.06320232298631916,1.2774532710122095e-19,0.06396572635415913
sequences,0.25,29,11,-17.0,8.65,q1,"(50, 50)",0.0011166231699262993,0.0645028175778958,-1.3968583601222402e-20,0.06452944656306313
sequences,0.25,29,11,-17.0,8.65,q2,"(50, 150)",-0.0003656024398427724,0.0638580291300168,-1.3968583601222402e-20,0.06452944656306313
sequences,0.25,29,11,-17.0,8.65,q3,"(150, 50)",0.0015080394478091221,0.06519210711469244,-1.3968583601222402e-20,0.06452944656306313
sequences,0.25,29,11,-17.0,8.65,q4,"(150, 150)",-0.0005022295877089342,0.06452605689534055,-1.3968583601222402e-20,0.06452944656306313
sequences,0.25,30,11,-17.0,8.65,q1,"(50, 50)",-0.005461602191461233,0.06552155483177068,2.0700965639746695e-19,0.06397259946512467
sequences,0.25,30,11,-17.0,8.65,q2,"(50, 150)",0.0018548375320485216,0.06458753044579944,2.0700965639746695e-19,0.06397259946512467
sequences,0.25,30,11,-17.0,8.65,q3,"(150, 50)",0.0015999309734245344,0.06470122024827106,2.0700965639746695e-19,0.06397259946512467
sequences,0.25,30,11,-17.0,8.65,q4,"(150, 150)",-0.0005506973948490999,0.06328670548735886,2.0700965639746695e-19,0.06397259946512467
sequences,0.25,31,11,-17.0,8.65,q1,"(50, 50)",0.0015968020161050516,0.0648447415992765,6.970843603757785e-20,0.06346188118265644
sequences,0.25,31,11,-17.0,8.65,q2,"(50, 150)",-0.0005190148698793242,0.0628743892355264,6.970843603757785e-20,0.06346188118265644
sequences,0.25,31,11,-17.0,8.65,q3,"(150, 50)",0.0006333010569462663,0.06372241800076692,6.970843603757785e-20,0.06346188118265644
sequences,0.25,31,11,-17.0,8.65,q4,"(150, 150)",-0.00021166253700867203,0.06341298738444309,6.970843603757785e-20,0.06346188118265644
sequences,0.25,32,11,-17.0,8.65,q1,"(50, 50)",0.0003581692164604835,0.06232662710020228,1.4422106002086764e-19,0.06366018869405642
sequences,0.25,32,11,-17.0,8.65,q2,"(50, 150)",-0.00011588778348473206,0.06337805134572852,1.4422106002086764e-19,0.06366018869405642
sequences,0.25,32,11,-17.0,8.65,q3,"(150, 50)",-0.00047504847717274657,0.06511784426096946,1.4422106002086764e-19,0.06366018869405642
sequences,0.25,32,11,-17.0,8.65,q4,"(150, 150)",0.00016243455982062455,0.06338864310534624,1.4422106002086764e-19,0.06366018869405642
sequences,0.25,33,11,-17.0,8.65,q1,"(50, 50)",0.0009234505975238285,0.06587645003911019,2.0463225990074935e-19,0.06369669880881036
sequences,0.25,33,11,-17.0,8.65,q2,"(50, 150)",-0.0002872133272976831,0.06327283372836992,2.0463225990074935e-19,0.06369669880881036
sequences,0.25,33,11,-17.0,8.65,q3,"(150, 50)",-0.002239895806474669,0.06343250434251992,2.0463225990074935e-19,0.06369669880881036
sequences,0.25,33,11,-17.0,8.65,q4,"(150, 150)",0.0007543966414021803,0.06367792584683861,2.0463225990074935e-19,0.06369669880881036
sequences,0.25,34,11,-17.0,8.65,q1,"(50, 50)",-0.0003077728244766695,0.06326233664676699,4.6472290691718567e-20,0.06459115522496665
sequences,0.25,34,11,-17.0,8.65,q2,"(50, 150)",0.00010467612322986987,0.0655315209058878,4.6472290691718567e-20,0.06459115522496665
sequences,0.25,34,11,-17.0,8.65,q3,"(150, 50)",0.001744722202073791,0.06584416293264153,4.6472290691718567e-20,0.06459115522496665
sequences,0.25,34,11,-17.0,8.65,q4,"(150, 150)",-0.0005717693581478146,0.06399979314786122,4.6472290691718567e-20,0.06459115522496665
sequences,0.25,35,11,-17.0,8.65,q1,"(50, 50)",-0.0019316221930411794,0.06313187099795073,-8.134693908449271e-20,0.06424722382916051
sequences,0.25,35,11,-17.0,8.65,q2,"(50, 150)",0.0006453100011542561,0.06450227098728543,-8.134693908449271e-20,0.06424722382916051
sequences,0.25,35,11,-17.0,8.65,q3,"(150, 50)",-0.0017785183891940168,0.06430832472125873,-8.134693908449271e-20,0.06424722382916051
sequences,0.25,35,11,-17.0,8.65,q4,"(150, 150)",0.0006175559789088797,0.0642485249463099,-8.134693908449271e-20,0.06424722382916051
sequences,0.25,36,11,-17.0,8.65,q1,"(50, 50)",-0.0010087154002649528,0.06435100961127818,3.019940433571944e-20,0.06434931623493023
sequences,0.25,36,11,-17.0,8.65,q2,"(50, 150)",0.00032055515553319536,0.064401707919919,3.019940433571944e-20,0.06434931623493023
sequences,0.25,36,11,-17.0,8.65,q3,"(150, 50)",0.0009239564553436009,0.06394909965691807,3.019940433571944e-20,0.06434931623493023
sequences,0.25,36,11,-17.0,8.65,q4,"(150, 150)",-0.0003131139562888082,0.06446205127618722,3.019940433571944e-20,0.06434931623493023
sequences,0.25,37,11,-17.0,8.65,q1,"(50, 50)",0.00029459057903032495,0.0643332925311732,2.0668057478170793e-19,0.06429237589157494
sequences,0.25,37,11,-17.0,8.65,q2,"(50, 150)",-9.272445331939731e-05,0.06546673249142453,2.0668057478170793e-19,0.06429237589157494
sequences,0.25,37,11,-17.0,8.65,q3,"(150, 50)",0.0008010088204889777,0.06380586345907575,2.0668057478170793e-19,0.06429237589157494
sequences,0.25,37,11,-17.0,8.65,q4,"(150, 150)",-0.00026420276161770846,0.06405260721334217,2.0668057478170793e-19,0.06429237589157494
sequences,0.25,38,11,-17.0,8.65,q1,"(50, 50)",0.004178338054554935,0.06330342555776665,3.8794619415885743e-19,0.06411966403168766
sequences,0.25,38,11,-17.0,8.65,q2,"(50, 150)",-0.001405170626887692,0.06441329513978208,3.8794619415885743e-19,0.06411966403168766
sequences,0.25,38,11,-17.0,8.65,q3,"(150, 50)",0.0002740145459703328,0.06285838528089088,3.8794619415885743e-19,0.06411966403168766
sequences,0.25,38,11,-17.0,8.65,q4,"(150, 150)",-9.314442019575753e-05,0.0645148409193411,3.8794619415885743e-19,0.06411966403168766
sequences,0.25,39,11,-17.0,8.65,q1,"(50, 50)",-2.1383608974376492e-05,0.06412092904750832,-1.5796611498684016e-19,0.06322223070056669
sequences,0.25,39,11,-17.0,8.65,q2,"(50, 150)",7.3235492481997755e-06,0.0637679404144116,-1.5796611498684016e-19,0.06322223070056669
sequences,0.25,39,11,-17.0,8.65,q3,"(150, 50)",0.000928117262498772,0.06116332565884516,-1.5796611498684016e-19,0.06322223070056669
sequences,0.25,39,11,-17.0,8.65,q4,"(150, 150)",-0.0003096945878882392,0.06361020618446414,-1.5796611498684016e-19,0.06322223070056669
sequences,0.25,40,11,-17.0,8.65,q1,"(50, 50)",0.0024370517726128717,0.06260880291090767,1.626938781689854e-20,0.06428458609756103
sequences,0.25,40,11,-17.0,8.65,q2,"(50, 150)",-0.0008218347019453372,0.06434395481167811,1.626938781689854e-20,0.06428458609756103
sequences,0.25,40,11,-17.0,8.65,q3,"(150, 50)",0.0010930125635183186,0.06377766629221904,1.626938781689854e-20,0.06428458609756103
sequences,0.25,40,11,-17.0,8.65,q4,"(150, 150)",-0.0003613090365081333,0.064604462428802,1.626938781689854e-20,0.06428458609756103
sequences,0.25,41,11,-17.0,8.65,q1,"(50, 50)",-0.0026396966409765643,0.06606808627920362,-4.6515125885082814e-21,0.06413208954124362
sequences,0.25,41,11,-17.0,8.65,q2,"(50, 150)",0.000853400596949908,0.0637151783560556,-4.6515125885082814e-21,0.06413208954124362
sequences,0.25,41,11,-17.0,8.65,q3,"(150, 50)",-0.0011409518755492308,0.0632063268219352,-4.6515125885082814e-21,0.06413208954124362
sequences,0.25,41,11,-17.0,8.65,q4,"(150, 150)",0.00038932630715892796,0.0643583895389125,-4.6515125885082814e-21,0.06413208954124362
sequences,0.25,42,11,-17.0,8.65,q1,"(50, 50)",0.000562055296654898,0.06386891012029522,8.83121387753411e-20,0.06325809580771125
sequences,0.25,42,11,-17.0,8.65,q2,"(50, 150)",-0.0001888790897273254,0.06376219112529355,8.83121387753411e-20,0.06325809580771125
sequences,0.25,42,11,-17.0,8.65,q3,"(150, 50)",0.00022521313351179918,0.06396014740403701,8.83121387753411e-20,0.06325809580771125
sequences,0.25,42,11,-17.0,8.65,q4,"(150, 150)",-7.757378675604485e-05,0.06277740721957617,8.83121387753411e-20,0.06325809580771125
sequences,0.25,43,11,-17.0,8.65,q1,"(50, 50)",-0.0027582477965304285,0.06380412237485887,-1.3719662879709332e-19,0.06344966295918934
sequences,0.25,43,11,-17.0,8.65,q2,"(50, 150)",0.0009252827612791226,0.06236288355374945,-1.3719662879709332e-19,0.06344966295918934
sequences,0.25,43,11,-17.0,8.65,q3,"(150, 50)",-3.2224718464959837e-05,0.0651264220617606,-1.3719662879709332e-19,0.06344966295918934
sequences,0.25,43,11,-17.0,8.65,q4,"(150, 150)",1.0700265190627823e-05,0.06318722819199238,-1.3719662879709332e-19,0.06344966295918934
sequences,0.25,44,11,-17.0,8.65,q1,"(50, 50)",0.0019750170584209932,0.06488258984978462,2.0919536097534563e-19,0.06392977245583656
sequences,0.25,44,11,-17.0,8.65,q2,"(50, 150)",-0.0006624720895510767,0.06460829162005485,2.0919536097534563e-19,0.06392977245583656
sequences,0.25,44,11,-17.0,8.65,q3,"(150, 50)",0.002072812236332697,0.06308853790586835,2.0919536097534563e-19,0.06392977245583656
sequences,0.25,44,11,-17.0,8.65,q4,"(150, 150)",-0.000709667331474696,0.0638604929772186,2.0919536097534563e-19,0.06392977245583656
sequences,0.25,45,11,-17.0,8.65,q1,"(50, 50)",0.0018043620285388864,0.060633693030597416,1.2094946216481215e-19,0.06342172618274143
sequences,0.25,45,11,-17.0,8.65,q2,"(50, 150)",-0.0006068337412617364,0.06587253264639455,1.2094946216481215e-19,0.06342172618274143
sequences,0.25,45,11,-17.0,8.65,q3,"(150, 50)",-0.00010613568562428368,0.06324257130451917,1.2094946216481215e-19,0.06342172618274143
sequences,0.25,45,11,-17.0,8.65,q4,"(150, 150)",3.547882927864269e-05,0.06294852477344584,1.2094946216481215e-19,0.06342172618274143
sequences,0.25,46,11,-17.0,8.65,q1,"(50, 50)",0.0011344702561911677,0.06396008721923373,-2.7864712405885295e-20,0.06340383280387807
sequences,0.25,46,11,-17.0,8.65,q2,"(50, 150)",-0.00037202268813283366,0.06329963527798266,-2.7864712405885295e-20,0.06340383280387807
sequences,0.25,46,11,-17.0,8.65,q3,"(150, 50)",-0.0016447248261267833,0.06301488313268654,-2.7864712405885295e-20,0.06340383280387807
sequences,0.25,46,11,-17.0,8.65,q4,"(150, 150)",0.0005548142639909168,0.0634963947955778,-2.7864712405885295e-20,0.06340383280387807
sequences,0.25,47,11,-17.0,8.65,q1,"(50, 50)",-0.0008643221591771808,0.06635808808278285,-1.2095959872717932e-19,0.06434925438875967
sequences,0.25,47,11,-17.0,8.65,q2,"(50, 150)",0.0002676733382826248,0.06360266439159562,-1.2095959872717932e-19,0.06434925438875967
sequences,0.25,47,11,-17.0,8.65,q3,"(150, 50)",-0.00033578102117478475,0.06386562375077405,-1.2095959872717932e-19,0.06434925438875967
sequences,0.25,47,11,-17.0,8.65,q4,"(150, 150)",0.00011516518909427469,0.06455056251752918,-1.2095959872717932e-19,0.06434925438875967
sequences,0.25,48,11,-17.0,8.65,q1,"(50, 50)",0.0025484927494807902,0.060545810609236264,-1.8599816127075835e-20,0.06481679519106438
sequences,0.25,48,11,-17.0,8.65,q2,"(50, 150)",-0.0008285176248873333,0.06531375995637918,-1.8599816127075835e-20,0.06481679519106438
sequences,0.25,48,11,-17.0,8.65,q3,"(150, 50)",-0.001025999663261292,0.06552750585214308,-1.8599816127075835e-20,0.06481679519106438
sequences,0.25,48,11,-17.0,8.65,q4,"(150, 150)",0.00033458156349527125,0.06485045715889685,-1.8599816127075835e-20,0.06481679519106438
sequences,0.25,49,11,-17.0,8.65,q1,"(50, 50)",-0.0005601854610629611,0.06472907850303242,-1.6042341409602907e-19,0.06386162515348556
sequences,0.25,49,11,-17.0,8.65,q2,"(50, 150)",0.00019214335932245624,0.06225106503884949,-1.6042341409602907e-19,0.06386162515348556
sequences,0.25,49,11,-17.0,8.65,q3,"(150, 50)",-0.002199000150261714,0.06384240059852957,-1.6042341409602907e-19,0.06386162515348556
sequences,0.25,49,11,-17.0,8.65,q4,"(150, 150)",0.0007467868848851167,0.06427444404074359,-1.6042341409602907e-19,0.06386162515348556
sequences,0.25,0,12,-22.0,7.18,q1,"(50, 50)",0.00021542550793149137,0.06519701831005188,-3.0247504652793684e-19,0.0639236688156457
sequences,0.25,0,12,-22.0,7.18,q2,"(50, 150)",-6.961348291236006e-05,0.06402444528506468,-3.0247504652793684e-19,0.0639236688156457
sequences,0.25,0,12,-22.0,7.18,q3,"(150, 50)",0.0007299955672993276,0.06429229476303688,-3.0247504652793684e-19,0.0639236688156457
sequences,0.25,0,12,-22.0,7.18,q4,"(150, 150)",-0.00024075018186336193,0.06362243372749041,-3.0247504652793684e-19,0.0639236688156457
sequences,0.25,1,12,-22.0,7.18,q1,"(50, 50)",0.003622173978273709,0.06392941008758192,9.291346762282673e-20,0.06365496131265119
sequences,0.25,1,12,-22.0,7.18,q2,"(50, 150)",-0.001068176466803391,0.06243282520861025,9.291346762282673e-20,0.06365496131265119
sequences,0.25,1,12,-22.0,7.18,q3,"(150, 50)",0.0012986199960716334,0.06423604780846737,9.291346762282673e-20,0.06365496131265119
sequences,0.25,1,12,-22.0,7.18,q4,"(150, 150)",-0.00044275569106076994,0.06383155979799769,9.291346762282673e-20,0.06365496131265119
sequences,0.25,2,12,-22.0,7.18,q1,"(50, 50)",-0.002849605194023706,0.06339636443753763,-1.0458016433921972e-19,0.06420892403229249
sequences,0.25,2,12,-22.0,7.18,q2,"(50, 150)",0.0009486019068105579,0.06454584528531468,-1.0458016433921972e-19,0.06420892403229249
sequences,0.25,2,12,-22.0,7.18,q3,"(150, 50)",-2.7359910159706022e-05,0.06516111944384541,-1.0458016433921972e-19,0.06420892403229249
sequences,0.25,2,12,-22.0,7.18,q4,"(150, 150)",9.229060604111428e-06,0.06385169047458106,-1.0458016433921972e-19,0.06420892403229249
sequences,0.25,3,12,-22.0,7.18,q1,"(50, 50)",-0.00230661580244551,0.064870239813636,1.4889831009222553e-19,0.06425047086452411
sequences,0.25,3,12,-22.0,7.18,q2,"(50, 150)",0.0007579900668805899,0.06412707921717273,1.4889831009222553e-19,0.06425047086452411
sequences,0.25,3,12,-22.0,7.18,q3,"(150, 50)",0.000548244526419933,0.06407991678598374,1.4889831009222553e-19,0.06425047086452411
sequences,0.25,3,12,-22.0,7.18,q4,"(150, 150)",-0.00018786116594232926,0.0642739309343952,1.4889831009222553e-19,0.06425047086452411
sequences,0.25,4,12,-22.0,7.18,q1,"(50, 50)",-0.0008853998354706948,0.06410111489537883,2.97771660279985e-19,0.06407018778668215
sequences,0.25,4,12,-22.0,7.18,q2,"(50, 150)",0.00028080512023322,0.06464194483970559,2.97771660279985e-19,0.06407018778668215
sequences,0.25,4,12,-22.0,7.18,q3,"(150, 50)",-0.0015602528778455875,0.06490687308327686,2.97771660279985e-19,0.06407018778668215
sequences,0.25,4,12,-22.0,7.18,q4,"(150, 150)",0.0005216216390314397,0.06358723982502698,2.97771660279985e-19,0.06407018778668215
sequences,0.25,5,12,-22.0,7.18,q1,"(50, 50)",-0.0005404344693943201,0.0638019272002544,6.276912150280432e-20,0.06348608680492354
sequences,0.25,5,12,-22.0,7.18,q2,"(50, 150)",0.0001775340285933027,0.06317344970425658,6.276912150280432e-20,0.06348608680492354
sequences,0.25,5,12,-22.0,7.18,q3,"(150, 50)",-0.0011479782801015735,0.06276071342126671,6.276912150280432e-20,0.06348608680492354
sequences,0.25,5,12,-22.0,7.18,q4,"(150, 150)",0.00039175665652578523,0.06379756694558181,6.276912150280432e-20,0.06348608680492354
sequences,0.25,6,12,-22.0,7.18,q1,"(50, 50)",-0.00018584373484671783,0.06450253984900173,2.3269261917864615e-21,0.0641282614314153
sequences,0.25,6,12,-22.0,7.18,q2,"(50, 150)",6.059059541014828e-05,0.06246683472962971,2.3269261917864615e-21,0.0641282614314153
sequences,0.25,6,12,-22.0,7.18,q3,"(150, 50)",-8.761559232990476e-05,0.06316087218782036,2.3269261917864615e-21,0.0641282614314153
sequences,0.25,6,12,-22.0,7.18,q4,"(150, 150)",2.9126512582655214e-05,0.06496029970643198,2.3269261917864615e-21,0.0641282614314153
sequences,0.25,7,12,-22.0,7.18,q1,"(50, 50)",-0.0004291277063305404,0.06624405667069667,0.0,0.06370914239882582
sequences,0.25,7,12,-22.0,7.18,q2,"(50, 150)",0.00013648265479472351,0.06429088673944701,0.0,0.06370914239882582
sequences,0.25,7,12,-22.0,7.18,q3,"(150, 50)",0.0003217909202189467,0.06454062584752661,0.0,0.06370914239882582
sequences,0.25,7,12,-22.0,7.18,q4,"(150, 150)",-0.00010645605356437662,0.06292808919058203,0.0,0.06370914239882582
sequences,0.25,8,12,-22.0,7.18,q1,"(50, 50)",-0.0008447053363216974,0.06134579007900241,-2.3236145345859283e-20,0.0632253949582685
sequences,0.25,8,12,-22.0,7.18,q2,"(50, 150)",0.0002707960378973254,0.06207400155325583,-2.3236145345859283e-20,0.0632253949582685
sequences,0.25,8,12,-22.0,7.18,q3,"(150, 50)",-0.0022477214959839356,0.06426569577228877,-2.3236145345859283e-20,0.0632253949582685
sequences,0.25,8,12,-22.0,7.18,q4,"(150, 150)",0.0007710717778352821,0.06343841924919617,-2.3236145345859283e-20,0.0632253949582685
sequences,0.25,9,12,-22.0,7.18,q1,"(50, 50)",0.0009403004380621257,0.06273097134881389,6.275335300803724e-20,0.06382528913031262
sequences,0.25,9,12,-22.0,7.18,q2,"(50, 150)",-0.0003110610977204625,0.0638964268848688,6.275335300803724e-20,0.06382528913031262
sequences,0.25,9,12,-22.0,7.18,q3,"(150, 50)",0.0012758519494207874,0.06377403097515716,6.275335300803724e-20,0.06382528913031262
sequences,0.25,9,12,-22.0,7.18,q4,"(150, 150)",-0.00043234343014617965,0.06393239396948865,6.275335300803724e-20,0.06382528913031262
sequences,0.25,10,12,-22.0,7.18,q1,"(50, 50)",-0.0037088815406753064,0.06422957640919379,1.4408822642292494e-19,0.06417067195366198
sequences,0.25,10,12,-22.0,7.18,q2,"(50, 150)",0.0011363587510543646,0.06509842520424111,1.4408822642292494e-19,0.06417067195366198
sequences,0.25,10,12,-22.0,7.18,q3,"(150, 50)",0.0002572892408654574,0.06379479065847815,1.4408822642292494e-19,0.06417067195366198
sequences,0.25,10,12,-22.0,7.18,q4,"(150, 150)",-8.812069538429373e-05,0.06395436438587677,1.4408822642292494e-19,0.06417067195366198
sequences,0.25,11,12,-22.0,7.18,q1,"(50, 50)",-0.0014764770842939296,0.06522079548683418,1.8606050354033126e-20,0.06409162399321232
sequences,0.25,11,12,-22.0,7.18,q2,"(50, 150)",0.0004624635410432624,0.06348842041322791,1.8606050354033126e-20,0.06409162399321232
sequences,0.25,11,12,-22.0,7.18,q3,"(150, 50)",0.0007720863849881749,0.06338685995439716,1.8606050354033126e-20,0.06409162399321232
sequences,0.25,11,12,-22.0,7.18,q4,"(150, 150)",-0.0002527181141811607,0.06439715887746443,1.8606050354033126e-20,0.06409162399321232
sequences,0.25,12,12,-22.0,7.18,q1,"(50, 50)",-0.0014863144287408866,0.06431275678342964,4.6503435730298927e-20,0.06379919182799162
sequences,0.25,12,12,-22.0,7.18,q2,"(50, 150)",0.00048454939251992295,0.06326297133490347,4.6503435730298927e-20,0.06379919182799162
sequences,0.25,12,12,-22.0,7.18,q3,"(150, 50)",0.0003228592371304259,0.06306519710055142,4.6503435730298927e-20,0.06379919182799162
sequences,0.25,12,12,-22.0,7.18,q4,"(150, 150)",-0.00010798509687639034,0.06415743366708367,4.6503435730298927e-20,0.06379919182799162
sequences,0.25,13,12,-22.0,7.18,q1,"(50, 50)",-0.002675150459920464,0.06522491804755826,2.230109858637743e-19,0.06432099794765335
sequences,0.25,13,12,-22.0,7.18,q2,"(50, 150)",0.0009225485196313055,0.06346256505998835,2.230109858637743e-19,0.06432099794765335
sequences,0.25,13,12,-22.0,7.18,q3,"(150, 50)",-8.654460974152857e-05,0.06417705858454346,2.230109858637743e-19,0.06432099794765335
sequences,0.25,13,12,-22.0,7.18,q4,"(150, 150)",2.924049052982614e-05,0.0645398922031335,2.230109858637743e-19,0.06432099794765335
sequences,0.25,14,12,-22.0,7.18,q1,"(50, 50)",-7.638408774340252e-05,0.061026443941071984,2.371476556202169e-19,0.0643209661958674
sequences,0.25,14,12,-22.0,7.18,q2,"(50, 150)",2.448629318796705e-05,0.06512501040853115,2.371476556202169e-19,0.0643209661958674
sequences,0.25,14,12,-22.0,7.18,q3,"(150, 50)",-0.002649751141179894,0.06440416045499724,2.371476556202169e-19,0.0643209661958674
sequences,0.25,14,12,-22.0,7.18,q4,"(150, 150)",0.0009093345579151355,0.0643446600100831,2.371476556202169e-19,0.0643209661958674
sequences,0.25,15,12,-22.0,7.18,q1,"(50, 50)",0.0006238192799357628,0.06380303976234818,-2.7916093151248593e-20,0.06323703073565579
sequences,0.25,15,12,-22.0,7.18,q2,"(50, 150)",-0.00021832296496205258,0.06249321310551199,-2.7916093151248593e-20,0.06323703073565579
sequences,0.25,15,12,-22.0,7.18,q3,"(150, 50)",-0.00016299345492991224,0.06299235624451024,-2.7916093151248593e-20,0.06323703073565579
sequences,0.25,15,12,-22.0,7.18,q4,"(150, 150)",5.5843318017886887e-05,0.06350454256990411,-2.7916093151248593e-20,0.06323703073565579
sequences,0.25,16,12,-22.0,7.18,q1,"(50, 50)",0.001326881587850286,0.0621609755943192,-3.021963844247704e-20,0.06349147035010377
sequences,0.25,16,12,-22.0,7.18,q2,"(50, 150)",-0.0004176356885376007,0.0637887905824741,-3.021963844247704e-20,0.06349147035010377
sequences,0.25,16,12,-22.0,7.18,q3,"(150, 50)",3.124982963156561e-05,0.06215957926337158,-3.021963844247704e-20,0.06349147035010377
sequences,0.25,16,12,-22.0,7.18,q4,"(150, 150)",-1.0371630471822574e-05,0.06396463893203479,-3.021963844247704e-20,0.06349147035010377
sequences,0.25,17,12,-22.0,7.18,q1,"(50, 50)",-0.00040359233560396864,0.06748589927663091,-2.767418096572971e-19,0.06414038218406624
sequences,0.25,17,12,-22.0,7.18,q2,"(50, 150)",0.00014149344259022962,0.06476394930699941,-2.767418096572971e-19,0.06414038218406624
sequences,0.25,17,12,-22.0,7.18,q3,"(150, 50)",0.0017586026476612334,0.0636311830056084,-2.767418096572971e-19,0.06414038218406624
sequences,0.25,17,12,-22.0,7.18,q4,"(150, 150)",-0.0005807892603503003,0.06369002580625992,-2.767418096572971e-19,0.06414038218406624
sequences,0.25,18,12,-22.0,7.18,q1,"(50, 50)",-0.0005270716426485348,0.06049772476080369,-3.252243543846709e-20,0.06415816076838603
sequences,0.25,18,12,-22.0,7.18,q2,"(50, 150)",0.0001780898457759578,0.06550117902967398,-3.252243543846709e-20,0.06415816076838603
sequences,0.25,18,12,-22.0,7.18,q3,"(150, 50)",0.0017504708501820565,0.06429235332412858,-3.252243543846709e-20,0.06415816076838603
sequences,0.25,18,12,-22.0,7.18,q4,"(150, 150)",-0.0005937500313887735,0.06404825532122231,-3.252243543846709e-20,0.06415816076838603
sequences,0.25,19,12,-22.0,7.18,q1,"(50, 50)",-0.0005755886519871243,0.0614976254629963,-8.129248088259515e-20,0.06395241308611392
sequences,0.25,19,12,-22.0,7.18,q2,"(50, 150)",0.0001828973286688061,0.06273127828766306,-8.129248088259515e-20,0.06395241308611392
sequences,0.25,19,12,-22.0,7.18,q3,"(150, 50)",-0.0006309049280071545,0.06654802700160417,-8.129248088259515e-20,0.06395241308611392
sequences,0.25,19,12,-22.0,7.18,q4,"(150, 150)",0.00021909573114397107,0.06369538266059142,-8.129248088259515e-20,0.06395241308611392
sequences,0.25,20,12,-22.0,7.18,q1,"(50, 50)",-0.0009015867167672848,0.0635747085817025,1.0218771040813925e-19,0.0641614411063894
sequences,0.25,20,12,-22.0,7.18,q2,"(50, 150)",0.0002785068225555811,0.06431639128221646,1.0218771040813925e-19,0.0641614411063894
sequences,0.25,20,12,-22.0,7.18,q3,"(150, 50)",-0.0015582576136695125,0.06429334878664439,1.0218771040813925e-19,0.0641614411063894
sequences,0.25,20,12,-22.0,7.18,q4,"(150, 150)",0.0005271705730769712,0.06411591306091503,1.0218771040813925e-19,0.0641614411063894
sequences,0.25,21,12,-22.0,7.18,q1,"(50, 50)",-0.0001147777081073103,0.06484775332965274,8.838614542813196e-20,0.06413696115733471
sequences,0.25,21,12,-22.0,7.18,q2,"(50, 150)",3.501096829356487e-05,0.06502214799230044,8.838614542813196e-20,0.06413696115733471
sequences,0.25,21,12,-22.0,7.18,q3,"(150, 50)",-0.0002963268585420226,0.06314920822922987,8.838614542813196e-20,0.06413696115733471
sequences,0.25,21,12,-22.0,7.18,q4,"(150, 150)",9.991181949945412e-05,0.06408842995515855,8.838614542813196e-20,0.06413696115733471
sequences,0.25,22,12,-22.0,7.18,q1,"(50, 50)",-0.0038579143595649434,0.06424179035557402,6.038870008421353e-20,0.06373328912375835
sequences,0.25,22,12,-22.0,7.18,q2,"(50, 150)",0.0012736402200755508,0.06453089500518958,6.038870008421353e-20,0.06373328912375835
sequences,0.25,22,12,-22.0,7.18,q3,"(150, 50)",2.0315306789388457e-05,0.06471993665777506,6.038870008421353e-20,0.06373328912375835
sequences,0.25,22,12,-22.0,7.18,q4,"(150, 150)",-6.703004830288419e-06,0.063072276802617,6.038870008421353e-20,0.06373328912375835
sequences,0.25,23,12,-22.0,7.18,q1,"(50, 50)",7.717210434921628e-05,0.06247397199715008,1.7669825320722042e-19,0.0642768518860067
sequences,0.25,23,12,-22.0,7.18,q2,"(50, 150)",-2.5501508530623517e-05,0.06266243341275707,1.7669825320722042e-19,0.0642768518860067
sequences,0.25,23,12,-22.0,7.18,q3,"(150, 50)",9.076360248886952e-05,0.06467243309066188,1.7669825320722042e-19,0.0642768518860067
sequences,0.25,23,12,-22.0,7.18,q4,"(150, 150)",-3.0136299097837244e-05,0.06490016078881086,1.7669825320722042e-19,0.0642768518860067
sequences,0.25,24,12,-22.0,7.18,q1,"(50, 50)",-0.0004054674070666994,0.06406179503642216,2.5549065420244187e-20,0.06331604154184611
sequences,0.25,24,12,-22.0,7.18,q2,"(50, 150)",0.000136018236828209,0.06351983875568223,2.5549065420244187e-20,0.06331604154184611
sequences,0.25,24,12,-22.0,7.18,q3,"(150, 50)",-0.0004605236675978144,0.0619608996961992,2.5549065420244187e-20,0.06331604154184611
sequences,0.25,24,12,-22.0,7.18,q4,"(150, 150)",0.00015624299635649648,0.06362072837103018,2.5549065420244187e-20,0.06331604154184611
sequences,0.25,25,12,-22.0,7.18,q1,"(50, 50)",-0.003478913147749363,0.06250275146483711,5.582282869145177e-20,0.06378831277041146
sequences,0.25,25,12,-22.0,7.18,q2,"(50, 150)",0.00108856798969283,0.06410196983650467,5.582282869145177e-20,0.06378831277041146
sequences,0.25,25,12,-22.0,7.18,q3,"(150, 50)",-3.162729730589104e-05,0.06293200804612273,5.582282869145177e-20,0.06378831277041146
sequences,0.25,25,12,-22.0,7.18,q4,"(150, 150)",1.0817729161532106e-05,0.0640941679774947,5.582282869145177e-20,0.06378831277041146
sequences,0.25,26,12,-22.0,7.18,q1,"(50, 50)",0.0020730588176699396,0.06420038171816769,-3.0212047475774583e-20,0.06440085119981125
sequences,0.25,26,12,-22.0,7.18,q2,"(50, 150)",-0.0007065303528843039,0.06455410823323951,-3.0212047475774583e-20,0.06440085119981125
sequences,0.25,26,12,-22.0,7.18,q3,"(150, 50)",-0.0009197263430893128,0.06507589945245827,-3.0212047475774583e-20,0.06440085119981125
sequences,0.25,26,12,-22.0,7.18,q4,"(150, 150)",0.0003062128510699487,0.06413905122691378,-3.0212047475774583e-20,0.06440085119981125
sequences,0.25,27,12,-22.0,7.18,q1,"(50, 50)",0.0012969497530934111,0.06264468492359167,-3.34796690287365e-19,0.06412243009350242
sequences,0.25,27,12,-22.0,7.18,q2,"(50, 150)",-0.0004289125167710497,0.06507260945523709,-3.34796690287365e-19,0.06412243009350242
sequences,0.25,27,12,-22.0,7.18,q3,"(150, 50)",0.0015408254247909691,0.06451719230231363,-3.34796690287365e-19,0.06412243009350242
sequences,0.25,27,12,-22.0,7.18,q4,"(150, 150)",-0.0005044122623084729,0.06382034827085842,-3.34796690287365e-19,0.06412243009350242
sequences,0.25,28,12,-22.0,7.18,q1,"(50, 50)",0.001190465196158681,0.06455192582460337,1.74183597286601e-19,0.06392719549537897
sequences,0.25,28,12,-22.0,7.18,q2,"(50, 150)",-0.0003991655223830562,0.06411848203930523,1.74183597286601e-19,0.06392719549537897
sequences,0.25,28,12,-22.0,7.18,q3,"(150, 50)",0.0034113806394063103,0.06486999619626427,1.74183597286601e-19,0.06392719549537897
sequences,0.25,28,12,-22.0,7.18,q4,"(150, 150)",-0.00111836185688508,0.06344237551515153,1.74183597286601e-19,0.06392719549537897
sequences,0.25,29,12,-22.0,7.18,q1,"(50, 50)",0.0034474227475704946,0.0635548785966285,2.3240036519826604e-20,0.0640550083028169
sequences,0.25,29,12,-22.0,7.18,q2,"(50, 150)",-0.0011360136470465155,0.06374947012699748,2.3240036519826604e-20,0.0640550083028169
sequences,0.25,29,12,-22.0,7.18,q3,"(150, 50)",-0.0009494024802823313,0.06471261272289044,2.3240036519826604e-20,0.0640550083028169
sequences,0.25,29,12,-22.0,7.18,q4,"(150, 150)",0.0003221237913724522,0.06397391673111001,2.3240036519826604e-20,0.0640550083028169
sequences,0.25,30,12,-22.0,7.18,q1,"(50, 50)",-0.0011763868341957483,0.05939255289027818,1.628438767156168e-19,0.06362839017556556
sequences,0.25,30,12,-22.0,7.18,q2,"(50, 150)",0.0003714636127142501,0.06407394694577435,1.628438767156168e-19,0.06362839017556556
sequences,0.25,30,12,-22.0,7.18,q3,"(150, 50)",-0.0007181043721222899,0.06495137257576938,1.628438767156168e-19,0.06362839017556556
sequences,0.25,30,12,-22.0,7.18,q4,"(150, 150)",0.00023558618617396975,0.0634758457980369,1.628438767156168e-19,0.06362839017556556
sequences,0.25,31,12,-22.0,7.18,q1,"(50, 50)",0.0009916547303085175,0.0644702064262198,-6.976684277074716e-20,0.06396744683124078
sequences,0.25,31,12,-22.0,7.18,q2,"(50, 150)",-0.00032563093158116793,0.06344026370534375,-6.976684277074716e-20,0.06396744683124078
sequences,0.25,31,12,-22.0,7.18,q3,"(150, 50)",0.0010150253100549343,0.06490861543321176,-6.976684277074716e-20,0.06396744683124078
sequences,0.25,31,12,-22.0,7.18,q4,"(150, 150)",-0.00034501387176035577,0.06376356291511559,-6.976684277074716e-20,0.06396744683124078
sequences,0.25,32,12,-22.0,7.18,q1,"(50, 50)",0.0023144785757386343,0.06652151711233473,-2.067497681445408e-19,0.06418809367188527
sequences,0.25,32,12,-22.0,7.18,q2,"(50, 150)",-0.000790463994446255,0.06270923528685433,-2.067497681445408e-19,0.06418809367188527
sequences,0.25,32,12,-22.0,7.18,q3,"(150, 50)",0.0008937875156291645,0.06342957113093022,-2.067497681445408e-19,0.06418809367188527
sequences,0.25,32,12,-22.0,7.18,q4,"(150, 150)",-0.00029256978541680127,0.06463506796318219,-2.067497681445408e-19,0.06418809367188527
sequences,0.25,33,12,-22.0,7.18,q1,"(50, 50)",0.0015798508244897667,0.06311181577767826,-9.296793038227739e-21,0.06424540376217563
sequences,0.25,33,12,-22.0,7.18,q2,"(50, 150)",-0.0005194693385253127,0.06413436108515426,-9.296793038227739e-21,0.06424540376217563
sequences,0.25,33,12,-22.0,7.18,q3,"(150, 50)",-0.00011794275795804379,0.0657742908874331,-9.296793038227739e-21,0.06424540376217563
sequences,0.25,33,12,-22.0,7.18,q4,"(150, 150)",3.89443604906264e-05,0.06389452341495966,-9.296793038227739e-21,0.06424540376217563
sequences,0.25,34,12,-22.0,7.18,q1,"(50, 50)",0.0031364725862921355,0.06388946867954824,-1.7659470462853056e-19,0.06392015188313416
sequences,0.25,34,12,-22.0,7.18,q2,"(50, 150)",-0.0010376091128044052,0.06328498685748615,-1.7659470462853056e-19,0.06392015188313416
sequences,0.25,34,12,-22.0,7.18,q3,"(150, 50)",0.0012139869865700462,0.06480923485130234,-1.7659470462853056e-19,0.06392015188313416
sequences,0.25,34,12,-22.0,7.18,q4,"(150, 150)",-0.00040586973547717065,0.0638202536036453,-1.7659470462853056e-19,0.06392015188313416
sequences,0.25,35,12,-22.0,7.18,q1,"(50, 50)",-0.001957287667375435,0.06467205860592831,1.9518362090521797e-19,0.06481947320462081
sequences,0.25,35,12,-22.0,7.18,q2,"(50, 150)",0.000655946361124023,0.06590466178359869,1.9518362090521797e-19,0.06481947320462081
sequences,0.25,35,12,-22.0,7.18,q3,"(150, 50)",0.0008246427966121703,0.06404237839443691,1.9518362090521797e-19,0.06481947320462081
sequences,0.25,35,12,-22.0,7.18,q4,"(150, 150)",-0.00028157933135927624,0.06472862404884606,1.9518362090521797e-19,0.06481947320462081
sequences,0.25,36,12,-22.0,7.18,q1,"(50, 50)",-0.0007423688370229382,0.06369754419587481,-1.1641462803300442e-21,0.0637348767062277
sequences,0.25,36,12,-22.0,7.18,q2,"(50, 150)",0.00024286546116180296,0.06429536224920342,-1.1641462803300442e-21,0.0637348767062277
sequences,0.25,36,12,-22.0,7.18,q3,"(150, 50)",0.0006820017173066582,0.06314920129817604,-1.1641462803300442e-21,0.0637348767062277
sequences,0.25,36,12,-22.0,7.18,q4,"(150, 150)",-0.00023481423171401868,0.06375124520530219,-1.1641462803300442e-21,0.0637348767062277
sequences,0.25,37,12,-22.0,7.18,q1,"(50, 50)",-0.0010944360546433194,0.06552210900348054,-1.85951431978085e-20,0.06426089456171681
sequences,0.25,37,12,-22.0,7.18,q2,"(50, 150)",0.0003628400613592273,0.06368895232612251,-1.85951431978085e-20,0.06426089456171681
sequences,0.25,37,12,-22.0,7.18,q3,"(150, 50)",-0.00022797420477989466,0.0642737296875399,-1.85951431978085e-20,0.06426089456171681
sequences,0.25,37,12,-22.0,7.18,q4,"(150, 150)",7.770378804913872e-05,0.06430371094205638,-1.85951431978085e-20,0.06426089456171681
sequences,0.25,38,12,-22.0,7.18,q1,"(50, 50)",-0.002425336152014026,0.06410536845474443,-1.8814977193622412e-19,0.06435284860540978
sequences,0.25,38,12,-22.0,7.18,q2,"(50, 150)",0.0008233968177907588,0.06394136081616442,-1.8814977193622412e-19,0.06435284860540978
sequences,0.25,38,12,-22.0,7.18,q3,"(150, 50)",-0.0002540131168393146,0.06487182618244605,-1.8814977193622412e-19,0.06435284860540978
sequences,0.25,38,12,-22.0,7.18,q4,"(150, 150)",8.58028686950462e-05,0.06433802954467559,-1.8814977193622412e-19,0.06435284860540978
sequences,0.25,39,12,-22.0,7.18,q1,"(50, 50)",-0.0029861227742038745,0.06345022879290442,1.463754615590676e-19,0.06468960936375123
sequences,0.25,39,12,-22.0,7.18,q2,"(50, 150)",0.0009716322078080113,0.06444118682683056,1.463754615590676e-19,0.06468960936375123
sequences,0.25,39,12,-22.0,7.18,q3,"(150, 50)",-0.0004975535479060716,0.062867533525232,1.463754615590676e-19,0.06468960936375123
sequences,0.25,39,12,-22.0,7.18,q4,"(150, 150)",0.00017277716376920953,0.06551270434455717,1.463754615590676e-19,0.06468960936375123
sequences,0.25,40,12,-22.0,7.18,q1,"(50, 50)",0.0017171535798950587,0.06260335991421898,2.0228994542680032e-19,0.06348374951755437
sequences,0.25,40,12,-22.0,7.18,q2,"(50, 150)",-0.0005419858665385529,0.06381914423981669,2.0228994542680032e-19,0.06348374951755437
sequences,0.25,40,12,-22.0,7.18,q3,"(150, 50)",0.00021206807660136936,0.06331787945769436,2.0228994542680032e-19,0.06348374951755437
sequences,0.25,40,12,-22.0,7.18,q4,"(150, 150)",-7.310590630381471e-05,0.06351616904447464,2.0228994542680032e-19,0.06348374951755437
sequences,0.25,41,12,-22.0,7.18,q1,"(50, 50)",-0.00378954895305385,0.06511399682365171,-5.815365323422082e-20,0.06377994691178845
sequences,0.25,41,12,-22.0,7.18,q2,"(50, 150)",0.0011919649525926057,0.061702590349413715,-5.815365323422082e-20,0.06377994691178845
sequences,0.25,41,12,-22.0,7.18,q3,"(150, 50)",0.00040402365272128706,0.06537115529414411,-5.815365323422082e-20,0.06377994691178845
sequences,0.25,41,12,-22.0,7.18,q4,"(150, 150)",-0.0001355911199922165,0.06379989578704413,-5.815365323422082e-20,0.06377994691178845
sequences,0.25,42,12,-22.0,7.18,q1,"(50, 50)",-0.003216436885117317,0.06435869437297628,1.30122413936812e-19,0.06409542579123671
sequences,0.25,42,12,-22.0,7.18,q2,"(50, 150)",0.0010134172306745617,0.06495711437843181,1.30122413936812e-19,0.06409542579123671
sequences,0.25,42,12,-22.0,7.18,q3,"(150, 50)",-0.002284956980886896,0.06283014849323283,1.30122413936812e-19,0.06409542579123671
sequences,0.25,42,12,-22.0,7.18,q4,"(150, 150)",0.0007757971357901146,0.06416589971906163,1.30122413936812e-19,0.06409542579123671
sequences,0.25,43,12,-22.0,7.18,q1,"(50, 50)",0.0008802786360380319,0.06393508177803178,1.2541219004635272e-19,0.06377276085386667
sequences,0.25,43,12,-22.0,7.18,q2,"(50, 150)",-0.00026994703847360064,0.06472376847434029,1.2541219004635272e-19,0.06377276085386667
sequences,0.25,43,12,-22.0,7.18,q3,"(150, 50)",-0.00020722911607321825,0.0645852357379647,1.2541219004635272e-19,0.06377276085386667
sequences,0.25,43,12,-22.0,7.18,q4,"(150, 150)",6.696795112693616e-05,0.06315931232469241,1.2541219004635272e-19,0.06377276085386667
sequences,0.25,44,12,-22.0,7.18,q1,"(50, 50)",0.003411339037279914,0.06359155905527551,2.3945257462180905e-19,0.06359759780668087
sequences,0.25,44,12,-22.0,7.18,q2,"(50, 150)",-0.001125939950223249,0.0632375392688525,2.3945257462180905e-19,0.06359759780668087
sequences,0.25,44,12,-22.0,7.18,q3,"(150, 50)",-0.0019232892324250878,0.06301183247539645,2.3945257462180905e-19,0.06359759780668087
sequences,0.25,44,12,-22.0,7.18,q4,"(150, 150)",0.0006637108894243888,0.06389246592106183,2.3945257462180905e-19,0.06359759780668087
sequences,0.25,45,12,-22.0,7.18,q1,"(50, 50)",0.0018221938884758024,0.0635741471579763,-1.8130264617863288e-19,0.06413031062875343
sequences,0.25,45,12,-22.0,7.18,q2,"(50, 150)",-0.000551063470448946,0.06414749790036556,-1.8130264617863288e-19,0.06413031062875343
sequences,0.25,45,12,-22.0,7.18,q3,"(150, 50)",-7.701377459262995e-05,0.06432510543100495,-1.8130264617863288e-19,0.06413031062875343
sequences,0.25,45,12,-22.0,7.18,q4,"(150, 150)",2.615388704458755e-05,0.06411158371316682,-1.8130264617863288e-19,0.06413031062875343
sequences,0.25,46,12,-22.0,7.18,q1,"(50, 50)",0.000789641635123061,0.06444807055265254,-1.0699375499194921e-19,0.063956463933828
sequences,0.25,46,12,-22.0,7.18,q2,"(50, 150)",-0.0002530812044530489,0.0639974003896367,-1.0699375499194921e-19,0.063956463933828
sequences,0.25,46,12,-22.0,7.18,q3,"(150, 50)",-0.00027189752665497327,0.06313269964481948,-1.0699375499194921e-19,0.063956463933828
sequences,0.25,46,12,-22.0,7.18,q4,"(150, 150)",9.292031978888401e-05,0.0641684244329317,-1.0699375499194921e-19,0.063956463933828
sequences,0.25,47,12,-22.0,7.18,q1,"(50, 50)",-0.0015577962286099356,0.06312712634245277,-8.373424303717765e-20,0.06437857223378753
sequences,0.25,47,12,-22.0,7.18,q2,"(50, 150)",0.0005001456234647971,0.06303574529939455,-8.373424303717765e-20,0.06437857223378753
sequences,0.25,47,12,-22.0,7.18,q3,"(150, 50)",-0.00015319907011406467,0.0641459483074344,-8.373424303717765e-20,0.06437857223378753
sequences,0.25,47,12,-22.0,7.18,q4,"(150, 150)",5.272301680409292e-05,0.0650273499678602,-8.373424303717765e-20,0.06437857223378753
sequences,0.25,48,12,-22.0,7.18,q1,"(50, 50)",0.0016905796526744475,0.06458705188863821,-2.442248755251015e-19,0.06434630687930493
sequences,0.25,48,12,-22.0,7.18,q2,"(50, 150)",-0.0005551498048647173,0.06398412466109865,-2.442248755251015e-19,0.06434630687930493
sequences,0.25,48,12,-22.0,7.18,q3,"(150, 50)",0.0008445444963243721,0.06474809124506377,-2.442248755251015e-19,0.06434630687930493
sequences,0.25,48,12,-22.0,7.18,q4,"(150, 150)",-0.0002833561659289597,0.06429843407920957,-2.442248755251015e-19,0.06434630687930493
sequences,0.25,49,12,-22.0,7.18,q1,"(50, 50)",-0.0007542374742469228,0.06195381417574252,4.650343573029893e-21,0.06387268209853017
sequences,0.25,49,12,-22.0,7.18,q2,"(50, 150)",0.0002562209270438092,0.06425598633516463,4.650343573029893e-21,0.06387268209853017
sequences,0.25,49,12,-22.0,7.18,q3,"(150, 50)",-0.0004860969511086882,0.0649582177927833,4.650343573029893e-21,0.06387268209853017
sequences,0.25,49,12,-22.0,7.18,q4,"(150, 150)",0.00015985401287752103,0.06359416871559198,4.650343573029893e-21,0.06387268209853017
sequences,0.5,0,9,-8.5,14.44,q1,"(100, 100)",-0.0003749378194880012,0.06405098449734818,-1.556821738172572e-19,0.0637250534616919
sequences,0.5,0,9,-8.5,14.44,q2,"(100, 100)",0.00037683720053910554,0.06381053440394378,-1.556821738172572e-19,0.0637250534616919
sequences,0.5,0,9,-8.5,14.44,q3,"(100, 100)",-0.0003075859028903322,0.06368944708037028,-1.556821738172572e-19,0.0637250534616919
sequences,0.5,0,9,-8.5,14.44,q4,"(100, 100)",0.0003179984249922387,0.06334197543563773,-1.556821738172572e-19,0.0637250534616919
sequences,0.5,1,9,-8.5,14.44,q1,"(100, 100)",-0.0006190736129905572,0.06319311758824062,9.770632602937007e-20,0.06416074595082245
sequences,0.5,1,9,-8.5,14.44,q2,"(100, 100)",0.0006050130207271113,0.0652910213375469,9.770632602937007e-20,0.06416074595082245
sequences,0.5,1,9,-8.5,14.44,q3,"(100, 100)",0.00047737546691532795,0.06500947076454712,9.770632602937007e-20,0.06416074595082245
sequences,0.5,1,9,-8.5,14.44,q4,"(100, 100)",-0.0004786665432288246,0.06307830669538476,9.770632602937007e-20,0.06416074595082245
sequences,0.5,2,9,-8.5,14.44,q1,"(100, 100)",-0.0003771022678034137,0.06422554686723811,-1.4867399057584956e-19,0.06357801979034362
sequences,0.5,2,9,-8.5,14.44,q2,"(100, 100)",0.0003711165175208201,0.06262331600261259,-1.4867399057584956e-19,0.06357801979034362
sequences,0.5,2,9,-8.5,14.44,q3,"(100, 100)",0.0004962464149506644,0.06412522106566731,-1.4867399057584956e-19,0.06357801979034362
sequences,0.5,2,9,-8.5,14.44,q4,"(100, 100)",-0.0005067008076543488,0.06332563728869042,-1.4867399057584956e-19,0.06357801979034362
sequences,0.5,3,9,-8.5,14.44,q1,"(100, 100)",7.185428814743074e-05,0.06449986233156106,-1.4877360463988698e-19,0.06437035364128103
sequences,0.5,3,9,-8.5,14.44,q2,"(100, 100)",-7.08395970504394e-05,0.06441040729509567,-1.4877360463988698e-19,0.06437035364128103
sequences,0.5,3,9,-8.5,14.44,q3,"(100, 100)",0.0003363522748116784,0.06441351149968018,-1.4877360463988698e-19,0.06437035364128103
sequences,0.5,3,9,-8.5,14.44,q4,"(100, 100)",-0.00034572754468770915,0.06414777500584892,-1.4877360463988698e-19,0.06437035364128103
sequences,0.5,4,9,-8.5,14.44,q1,"(100, 100)",0.0007714044577356615,0.06445852547230188,1.291227532831018e-19,0.06476375732521356
sequences,0.5,4,9,-8.5,14.44,q2,"(100, 100)",-0.0007796327719515082,0.06401205773797042,1.291227532831018e-19,0.06476375732521356
sequences,0.5,4,9,-8.5,14.44,q3,"(100, 100)",-0.0003863337606052974,0.06524954535763265,1.291227532831018e-19,0.06476375732521356
sequences,0.5,4,9,-8.5,14.44,q4,"(100, 100)",0.00039134423258584453,0.06533569455862631,1.291227532831018e-19,0.06476375732521356
sequences,0.5,5,9,-8.5,14.44,q1,"(100, 100)",-3.0322422986389413e-05,0.06434117020559131,-1.2093932730121532e-19,0.06429717598378118
sequences,0.5,5,9,-8.5,14.44,q2,"(100, 100)",2.8593946106057334e-05,0.0643198404208312,-1.2093932730121532e-19,0.06429717598378118
sequences,0.5,5,9,-8.5,14.44,q3,"(100, 100)",0.0009398956936587776,0.06357886975159728,-1.2093932730121532e-19,0.06429717598378118
sequences,0.5,5,9,-8.5,14.44,q4,"(100, 100)",-0.0009484373239949566,0.06493455404318596,-1.2093932730121532e-19,0.06429717598378118
sequences,0.5,6,9,-8.5,14.44,q1,"(100, 100)",0.00040222891429616067,0.0635019665672092,9.770632602937007e-20,0.06391262073785393
sequences,0.5,6,9,-8.5,14.44,q2,"(100, 100)",-0.00041379592175965873,0.06335093772210135,9.770632602937007e-20,0.06391262073785393
sequences,0.5,6,9,-8.5,14.44,q3,"(100, 100)",-0.0010180275589545212,0.06495634432610554,9.770632602937007e-20,0.06391262073785393
sequences,0.5,6,9,-8.5,14.44,q4,"(100, 100)",0.0010258559219956298,0.06379056210097973,9.770632602937007e-20,0.06391262073785393
sequences,0.5,7,9,-8.5,14.44,q1,"(100, 100)",-0.000824798687024395,0.06408033648673186,9.294458138343713e-20,0.06408863209468932
sequences,0.5,7,9,-8.5,14.44,q2,"(100, 100)",0.0008239697436203504,0.06342985015833744,9.294458138343713e-20,0.06408863209468932
sequences,0.5,7,9,-8.5,14.44,q3,"(100, 100)",8.900378916777808e-05,0.06419886503151288,9.294458138343713e-20,0.06408863209468932
sequences,0.5,7,9,-8.5,14.44,q4,"(100, 100)",-8.688535187188331e-05,0.06462303117114178,9.294458138343713e-20,0.06408863209468932
sequences,0.5,8,9,-8.5,14.44,q1,"(100, 100)",-0.001032892090364671,0.06301017164549753,-5.577141784788127e-20,0.06274767777701794
sequences,0.5,8,9,-8.5,14.44,q2,"(100, 100)",0.0010060288370391923,0.06281333606392474,-5.577141784788127e-20,0.06274767777701794
sequences,0.5,8,9,-8.5,14.44,q3,"(100, 100)",0.0009349379908515356,0.06219382909074534,-5.577141784788127e-20,0.06274767777701794
sequences,0.5,8,9,-8.5,14.44,q4,"(100, 100)",-0.0009197768342431329,0.06292480230913042,-5.577141784788127e-20,0.06274767777701794
sequences,0.5,9,9,-8.5,14.44,q1,"(100, 100)",-0.0004909115162323723,0.06327931926787393,-1.8604491405532577e-20,0.0639442735281344
sequences,0.5,9,9,-8.5,14.44,q2,"(100, 100)",0.00047698724499359036,0.06373954641450663,-1.8604491405532577e-20,0.0639442735281344
sequences,0.5,9,9,-8.5,14.44,q3,"(100, 100)",-0.0013221439163453805,0.06288597564814928,-1.8604491405532577e-20,0.0639442735281344
sequences,0.5,9,9,-8.5,14.44,q4,"(100, 100)",0.0012433320802896135,0.06571487869770971,-1.8604491405532577e-20,0.0639442735281344
sequences,0.5,10,9,-8.5,14.44,q1,"(100, 100)",0.00032449999408943524,0.06347574118684039,7.201396418517713e-20,0.06323577040196758
sequences,0.5,10,9,-8.5,14.44,q2,"(100, 100)",-0.00030991931216413175,0.06323828854196839,7.201396418517713e-20,0.06323577040196758
sequences,0.5,10,9,-8.5,14.44,q3,"(100, 100)",-0.0009427832812138275,0.06309893523150352,7.201396418517713e-20,0.06323577040196758
sequences,0.5,10,9,-8.5,14.44,q4,"(100, 100)",0.0009219155970904961,0.06312033955373589,7.201396418517713e-20,0.06323577040196758
sequences,0.5,11,9,-8.5,14.44,q1,"(100, 100)",-0.00023326134981108737,0.06277334631226522,3.9514679295343066e-20,0.06343269047406912
sequences,0.5,11,9,-8.5,14.44,q2,"(100, 100)",0.0002328732277648123,0.06405783316893736,3.9514679295343066e-20,0.06343269047406912
sequences,0.5,11,9,-8.5,14.44,q3,"(100, 100)",-0.0008122435583934161,0.0640892180060684,3.9514679295343066e-20,0.06343269047406912
sequences,0.5,11,9,-8.5,14.44,q4,"(100, 100)",0.0008193902022236129,0.06277923781431106,3.9514679295343066e-20,0.06343269047406912
sequences,0.5,12,9,-8.5,14.44,q1,"(100, 100)",0.0013504468823039965,0.06462895504509816,-5.115806497518734e-20,0.0643651420897738
sequences,0.5,12,9,-8.5,14.44,q2,"(100, 100)",-0.001307314400386483,0.06531039635342571,-5.115806497518734e-20,0.0643651420897738
sequences,0.5,12,9,-8.5,14.44,q3,"(100, 100)",0.002020931055075941,0.06380246419012243,-5.115806497518734e-20,0.0643651420897738
sequences,0.5,12,9,-8.5,14.44,q4,"(100, 100)",-0.002097649026044966,0.06359204519279237,-5.115806497518734e-20,0.0643651420897738
sequences,0.5,13,9,-8.5,14.44,q1,"(100, 100)",0.00020759740003832702,0.06444381408087636,-4.6468400494942094e-20,0.06421301418074092
sequences,0.5,13,9,-8.5,14.44,q2,"(100, 100)",-0.0001945935360538238,0.06514700569952744,-4.6468400494942094e-20,0.06421301418074092
sequences,0.5,13,9,-8.5,14.44,q3,"(100, 100)",-0.0005174411184709936,0.06417670734543852,-4.6468400494942094e-20,0.06421301418074092
sequences,0.5,13,9,-8.5,14.44,q4,"(100, 100)",0.0005174411184709941,0.06300198346176003,-4.6468400494942094e-20,0.06421301418074092
sequences,0.5,14,9,-8.5,14.44,q1,"(100, 100)",0.000588357447429422,0.06429223637840416,-5.581347421659773e-20,0.06395954618965638
sequences,0.5,14,9,-8.5,14.44,q2,"(100, 100)",-0.0005928772274196945,0.06359159594826316,-5.581347421659773e-20,0.06395954618965638
sequences,0.5,14,9,-8.5,14.44,q3,"(100, 100)",0.0008324644660346827,0.0634456528704281,-5.581347421659773e-20,0.06395954618965638
sequences,0.5,14,9,-8.5,14.44,q4,"(100, 100)",-0.0008010299018982302,0.06446491221951894,-5.581347421659773e-20,0.06395954618965638
sequences,0.5,15,9,-8.5,14.44,q1,"(100, 100)",6.697388448547988e-05,0.0635238454444068,4.644118734314216e-20,0.06353190127494243
sequences,0.5,15,9,-8.5,14.44,q2,"(100, 100)",-6.370255283404332e-05,0.06320864435115178,4.644118734314216e-20,0.06353190127494243
sequences,0.5,15,9,-8.5,14.44,q3,"(100, 100)",-0.001313379930296098,0.06414365201894016,4.644118734314216e-20,0.06353190127494243
sequences,0.5,15,9,-8.5,14.44,q4,"(100, 100)",0.0013016919744233244,0.06322473892760402,4.644118734314216e-20,0.06353190127494243
sequences,0.5,16,9,-8.5,14.44,q1,"(100, 100)",0.0006071591800551605,0.06539806265127697,-2.324782277881641e-20,0.06469267818169502
sequences,0.5,16,9,-8.5,14.44,q2,"(100, 100)",-0.0005953638584801673,0.06520286812399081,-2.324782277881641e-20,0.06469267818169502
sequences,0.5,16,9,-8.5,14.44,q3,"(100, 100)",0.0005958159452594873,0.06364759613858947,-2.324782277881641e-20,0.06469267818169502
sequences,0.5,16,9,-8.5,14.44,q4,"(100, 100)",-0.000592606162389402,0.06447737765315587,-2.324782277881641e-20,0.06469267818169502
sequences,0.5,17,9,-8.5,14.44,q1,"(100, 100)",0.0008786295494257975,0.06393658744552595,-1.1620018259913303e-19,0.06449669484364395
sequences,0.5,17,9,-8.5,14.44,q2,"(100, 100)",-0.0008434613063057364,0.06400951157835548,-1.1620018259913303e-19,0.06449669484364395
sequences,0.5,17,9,-8.5,14.44,q3,"(100, 100)",0.0007848054364873245,0.06503713192023507,-1.1620018259913303e-19,0.06449669484364395
sequences,0.5,17,9,-8.5,14.44,q4,"(100, 100)",-0.0008020860439980545,0.0649726837914997,-1.1620018259913303e-19,0.06449669484364395
sequences,0.5,18,9,-8.5,14.44,q1,"(100, 100)",0.0009139103836052736,0.06504468312270335,-1.6725823939783075e-19,0.06427824418439994
sequences,0.5,18,9,-8.5,14.44,q2,"(100, 100)",-0.0009142161415121343,0.0653029458933914,-1.6725823939783075e-19,0.06427824418439994
sequences,0.5,18,9,-8.5,14.44,q3,"(100, 100)",-0.0003723016787771465,0.06422736286906737,-1.6725823939783075e-19,0.06427824418439994
sequences,0.5,18,9,-8.5,14.44,q4,"(100, 100)",0.000377198732899342,0.06247030452910492,-1.6725823939783075e-19,0.06427824418439994
sequences,0.5,19,9,-8.5,14.44,q1,"(100, 100)",-0.00140830187036043,0.0643210891195695,1.1617100123735523e-19,0.06442464674130173
sequences,0.5,19,9,-8.5,14.44,q2,"(100, 100)",0.0014063942484567923,0.06376240254661307,1.1617100123735523e-19,0.06442464674130173
sequences,0.5,19,9,-8.5,14.44,q3,"(100, 100)",6.634466910583435e-05,0.06365134435069408,1.1617100123735523e-19,0.06442464674130173
sequences,0.5,19,9,-8.5,14.44,q4,"(100, 100)",-6.962928141151451e-05,0.06594577636921842,1.1617100123735523e-19,0.06442464674130173
sequences,0.5,20,9,-8.5,14.44,q1,"(100, 100)",-0.00041507877060978544,0.06423119547121088,-7.090585947539006e-20,0.06364014549080448
sequences,0.5,20,9,-8.5,14.44,q2,"(100, 100)",0.0003981256192410069,0.0643469343916089,-7.090585947539006e-20,0.06364014549080448
sequences,0.5,20,9,-8.5,14.44,q3,"(100, 100)",0.001093019440379084,0.06232887338553551,-7.090585947539006e-20,0.06364014549080448
sequences,0.5,20,9,-8.5,14.44,q4,"(100, 100)",-0.0011110463513782677,0.0636292069327202,-7.090585947539006e-20,0.06364014549080448
sequences,0.5,21,9,-8.5,14.44,q1,"(100, 100)",0.0006502034175782004,0.06434680300082796,2.5544790141559407e-20,0.06380932295429688
sequences,0.5,21,9,-8.5,14.44,q2,"(100, 100)",-0.0006435621306111752,0.06270012545148428,2.5544790141559407e-20,0.06380932295429688
sequences,0.5,21,9,-8.5,14.44,q3,"(100, 100)",-0.00012605984068379692,0.06405829208070833,2.5544790141559407e-20,0.06380932295429688
sequences,0.5,21,9,-8.5,14.44,q4,"(100, 100)",0.00012790671398853426,0.0641329792635881,2.5544790141559407e-20,0.06380932295429688
sequences,0.5,22,9,-8.5,14.44,q1,"(100, 100)",0.0009594909162881196,0.06521638423911386,-5.11024071925547e-20,0.06434728931048489
sequences,0.5,22,9,-8.5,14.44,q2,"(100, 100)",-0.0009401232968660235,0.06371497386818814,-5.11024071925547e-20,0.06434728931048489
sequences,0.5,22,9,-8.5,14.44,q3,"(100, 100)",0.00130133260150105,0.06504684031863807,-5.11024071925547e-20,0.06434728931048489
sequences,0.5,22,9,-8.5,14.44,q4,"(100, 100)",-0.0012874470919151766,0.06337436095224312,-5.11024071925547e-20,0.06434728931048489
sequences,0.5,23,9,-8.5,14.44,q1,"(100, 100)",0.000668692698684291,0.06331479234788523,1.8590472615960424e-19,0.06411046645591822
sequences,0.5,23,9,-8.5,14.44,q2,"(100, 100)",-0.0006396191030893214,0.06454131452017443,1.8590472615960424e-19,0.06411046645591822
sequences,0.5,23,9,-8.5,14.44,q3,"(100, 100)",-0.00022907454024875606,0.063994967511794,1.8590472615960424e-19,0.06411046645591822
sequences,0.5,23,9,-8.5,14.44,q4,"(100, 100)",0.00024210173232867816,0.06456021850188927,1.8590472615960424e-19,0.06411046645591822
sequences,0.5,24,9,-8.5,14.44,q1,"(100, 100)",0.0003980858205580609,0.06255293914881885,1.674684860743553e-19,0.06342672326684429
sequences,0.5,24,9,-8.5,14.44,q2,"(100, 100)",-0.000397291238081897,0.06318213228117278,1.674684860743553e-19,0.06342672326684429
sequences,0.5,24,9,-8.5,14.44,q3,"(100, 100)",0.0006777199636965306,0.06452463073482881,1.674684860743553e-19,0.06342672326684429
sequences,0.5,24,9,-8.5,14.44,q4,"(100, 100)",-0.0006997993177950115,0.0634174841713405,1.674684860743553e-19,0.06342672326684429
sequences,0.5,25,9,-8.5,14.44,q1,"(100, 100)",0.0011950171930204037,0.06360377918749847,2.068016935781476e-19,0.06365432124511194
sequences,0.5,25,9,-8.5,14.44,q2,"(100, 100)",-0.0011863031133894952,0.06354347132002153,2.068016935781476e-19,0.06365432124511194
sequences,0.5,25,9,-8.5,14.44,q3,"(100, 100)",0.00038669619844438355,0.06478677890452807,2.068016935781476e-19,0.06365432124511194
sequences,0.5,25,9,-8.5,14.44,q4,"(100, 100)",-0.0003842273719086159,0.0626494542282803,2.068016935781476e-19,0.06365432124511194
sequences,0.5,26,9,-8.5,14.44,q1,"(100, 100)",-0.001401514315421672,0.06306947138264059,2.1387996956511097e-19,0.06335790315025876
sequences,0.5,26,9,-8.5,14.44,q2,"(100, 100)",0.0013788570401146243,0.06384364142709051,2.1387996956511097e-19,0.06335790315025876
sequences,0.5,26,9,-8.5,14.44,q3,"(100, 100)",-0.0008458074917427569,0.06243128158265092,2.1387996956511097e-19,0.06335790315025876
sequences,0.5,26,9,-8.5,14.44,q4,"(100, 100)",0.0008435269187956916,0.06402076026453925,2.1387996956511097e-19,0.06335790315025876
sequences,0.5,27,9,-8.5,14.44,q1,"(100, 100)",0.000670179073553449,0.06272068952056928,-4.651512588508281e-20,0.06289273097075138
sequences,0.5,27,9,-8.5,14.44,q2,"(100, 100)",-0.0006647488582376885,0.06163936246070263,-4.651512588508281e-20,0.06289273097075138
sequences,0.5,27,9,-8.5,14.44,q3,"(100, 100)",0.00045222337820273066,0.06322259536700828,-4.651512588508281e-20,0.06289273097075138
sequences,0.5,27,9,-8.5,14.44,q4,"(100, 100)",-0.00047213836437019557,0.06394417392925171,-4.651512588508281e-20,0.06289273097075138
sequences,0.5,28,9,-8.5,14.44,q1,"(100, 100)",0.0006171021339958837,0.06510093401256865,-2.5570463297480572e-20,0.06429667994749706
sequences,0.5,28,9,-8.5,14.44,q2,"(100, 100)",-0.0006078177488304497,0.06440041603564935,-2.5570463297480572e-20,0.06429667994749706
sequences,0.5,28,9,-8.5,14.44,q3,"(100, 100)",0.0010046027611032207,0.06508686039713715,-2.5570463297480572e-20,0.06429667994749706
sequences,0.5,28,9,-8.5,14.44,q4,"(100, 100)",-0.0009837356414363879,0.06258602902696946,-2.5570463297480572e-20,0.06429667994749706
sequences,0.5,29,9,-8.5,14.44,q1,"(100, 100)",-0.00010686531338236653,0.06554517309052443,2.1841976625107725e-19,0.06383184670706447
sequences,0.5,29,9,-8.5,14.44,q2,"(100, 100)",0.00010529113400880695,0.062207656391466866,2.1841976625107725e-19,0.06383184670706447
sequences,0.5,29,9,-8.5,14.44,q3,"(100, 100)",-0.00045923718536231207,0.0638983516346256,2.1841976625107725e-19,0.06383184670706447
sequences,0.5,29,9,-8.5,14.44,q4,"(100, 100)",0.0004664704788314908,0.06365312677479922,2.1841976625107725e-19,0.06383184670706447
sequences,0.5,30,9,-8.5,14.44,q1,"(100, 100)",0.0016186158730888604,0.0642555772613037,-7.439303289221251e-20,0.06341662415222174
sequences,0.5,30,9,-8.5,14.44,q2,"(100, 100)",-0.0016120693983746495,0.06352916328987725,-7.439303289221251e-20,0.06341662415222174
sequences,0.5,30,9,-8.5,14.44,q3,"(100, 100)",0.0008458907028191492,0.06287371671431709,-7.439303289221251e-20,0.06341662415222174
sequences,0.5,30,9,-8.5,14.44,q4,"(100, 100)",-0.000858067904098434,0.06296371708445007,-7.439303289221251e-20,0.06341662415222174
sequences,0.5,31,9,-8.5,14.44,q1,"(100, 100)",-0.0015563336275073684,0.06428317475323662,1.9528171134205785e-19,0.06394883648007219
sequences,0.5,31,9,-8.5,14.44,q2,"(100, 100)",0.0016276857035013293,0.06519920463440493,1.9528171134205785e-19,0.06394883648007219
sequences,0.5,31,9,-8.5,14.44,q3,"(100, 100)",0.0005775773451236172,0.06323575910328573,1.9528171134205785e-19,0.06394883648007219
sequences,0.5,31,9,-8.5,14.44,q4,"(100, 100)",-0.0005733600528591899,0.06304904829055738,1.9528171134205785e-19,0.06394883648007219
sequences,0.5,32,9,-8.5,14.44,q1,"(100, 100)",0.00015375539087196773,0.06458321903398972,6.281120959030934e-20,0.06465147380919664
sequences,0.5,32,9,-8.5,14.44,q2,"(100, 100)",-0.00015837487683875953,0.06442541933313788,6.281120959030934e-20,0.06465147380919664
sequences,0.5,32,9,-8.5,14.44,q3,"(100, 100)",-0.0009181688062778996,0.06447836624908937,6.281120959030934e-20,0.06465147380919664
sequences,0.5,32,9,-8.5,14.44,q4,"(100, 100)",0.0009233996607372581,0.06510072025592928,6.281120959030934e-20,0.06465147380919664
sequences,0.5,33,9,-8.5,14.44,q1,"(100, 100)",-0.00037958071439153364,0.0635622714168486,8.362212086054405e-20,0.06442878855509587
sequences,0.5,33,9,-8.5,14.44,q2,"(100, 100)",0.0003789401799426784,0.06404115051273808,8.362212086054405e-20,0.06442878855509587
sequences,0.5,33,9,-8.5,14.44,q3,"(100, 100)",-0.00044563993508017964,0.06441008770587066,8.362212086054405e-20,0.06442878855509587
sequences,0.5,33,9,-8.5,14.44,q4,"(100, 100)",0.0004328157642865052,0.06563750891005977,8.362212086054405e-20,0.06442878855509587
sequences,0.5,34,9,-8.5,14.44,q1,"(100, 100)",0.0006321673612307164,0.0638909218847274,-2.1615043813879493e-19,0.06374236779684941
sequences,0.5,34,9,-8.5,14.44,q2,"(100, 100)",-0.0006398610816513737,0.06410762705089876,-2.1615043813879493e-19,0.06374236779684941
sequences,0.5,34,9,-8.5,14.44,q3,"(100, 100)",0.00023856791272607985,0.06402975685474473,-2.1615043813879493e-19,0.06374236779684941
sequences,0.5,34,9,-8.5,14.44,q4,"(100, 100)",-0.0002396857008044494,0.06292891749851927,-2.1615043813879493e-19,0.06374236779684941
sequences,0.5,35,9,-8.5,14.44,q1,"(100, 100)",0.0012097768208110173,0.06480464047112794,1.0221336852089656e-19,0.06424823701446104
sequences,0.5,35,9,-8.5,14.44,q2,"(100, 100)",-0.0011895464391921036,0.06282192997787345,1.0221336852089656e-19,0.06424823701446104
sequences,0.5,35,9,-8.5,14.44,q3,"(100, 100)",-0.000115418888672685,0.06488275534112885,1.0221336852089656e-19,0.06424823701446104
sequences,0.5,35,9,-8.5,14.44,q4,"(100, 100)",0.00011503594610907276,0.06444431182159255,1.0221336852089656e-19,0.06424823701446104
sequences,0.5,36,9,-8.5,14.44,q1,"(100, 100)",-0.00010696778149106797,0.06368650074525284,3.093255871358007e-19,0.0636471890943912
sequences,0.5,36,9,-8.5,14.44,q2,"(100, 100)",0.00010604686681597967,0.06349760871097153,3.093255871358007e-19,0.0636471890943912
sequences,0.5,36,9,-8.5,14.44,q3,"(100, 100)",-0.0009408285632343947,0.06410148483852277,3.093255871358007e-19,0.0636471890943912
sequences,0.5,36,9,-8.5,14.44,q4,"(100, 100)",0.0009620430098259461,0.06327929189150029,3.093255871358007e-19,0.0636471890943912
sequences,0.5,37,9,-8.5,14.44,q1,"(100, 100)",-0.0007486231126088269,0.06321492715108876,2.8839378048751345e-19,0.06454501916171194
sequences,0.5,37,9,-8.5,14.44,q2,"(100, 100)",0.0007357499638470356,0.06431190676283366,2.8839378048751345e-19,0.06454501916171194
sequences,0.5,37,9,-8.5,14.44,q3,"(100, 100)",-0.0005883119300534682,0.06447119050176481,2.8839378048751345e-19,0.06454501916171194
sequences,0.5,37,9,-8.5,14.44,q4,"(100, 100)",0.0005808300514249439,0.06612943133228756,2.8839378048751345e-19,0.06454501916171194
sequences,0.5,38,9,-8.5,14.44,q1,"(100, 100)",0.0006138094654683117,0.06295549469889028,-3.720274858423914e-20,0.06396922403153425
sequences,0.5,38,9,-8.5,14.44,q2,"(100, 100)",-0.0006131824895076702,0.06356877148710503,-3.720274858423914e-20,0.06396922403153425
sequences,0.5,38,9,-8.5,14.44,q3,"(100, 100)",0.0006540414472974644,0.06443842346571474,-3.720274858423914e-20,0.06396922403153425
sequences,0.5,38,9,-8.5,14.44,q4,"(100, 100)",-0.0006644748103650214,0.06484251940054775,-3.720274858423914e-20,0.06396922403153425
sequences,0.5,39,9,-8.5,14.44,q1,"(100, 100)",0.0005658109919091103,0.06451720888223976,4.878773649687848e-20,0.06316195368419111
sequences,0.5,39,9,-8.5,14.44,q2,"(100, 100)",-0.0005718807041924127,0.06338443180570498,4.878773649687848e-20,0.06316195368419111
sequences,0.5,39,9,-8.5,14.44,q3,"(100, 100)",-0.0005651855883876619,0.06220699767416945,4.878773649687848e-20,0.06316195368419111
sequences,0.5,39,9,-8.5,14.44,q4,"(100, 100)",0.0005946243686037834,0.062490797071641596,4.878773649687848e-20,0.06316195368419111
sequences,0.5,40,9,-8.5,14.44,q1,"(100, 100)",-0.000357560971897149,0.06409819383010269,-4.4144980470194993e-20,0.06359611914055426
sequences,0.5,40,9,-8.5,14.44,q2,"(100, 100)",0.00035067783262050664,0.06332178573395149,-4.4144980470194993e-20,0.06359611914055426
sequences,0.5,40,9,-8.5,14.44,q3,"(100, 100)",-0.000790267441388504,0.06294775623887608,-4.4144980470194993e-20,0.06359611914055426
sequences,0.5,40,9,-8.5,14.44,q4,"(100, 100)",0.0008299673229687092,0.06403927649351078,-4.4144980470194993e-20,0.06359611914055426
sequences,0.5,41,9,-8.5,14.44,q1,"(100, 100)",0.0005438709142830113,0.06457299335029779,-1.510981922123852e-20,0.0637052035690462
sequences,0.5,41,9,-8.5,14.44,q2,"(100, 100)",-0.000538178814910029,0.06263783277249203,-1.510981922123852e-20,0.0637052035690462
sequences,0.5,41,9,-8.5,14.44,q3,"(100, 100)",0.0006865605348552883,0.06543427662210433,-1.510981922123852e-20,0.0637052035690462
sequences,0.5,41,9,-8.5,14.44,q4,"(100, 100)",-0.0006791077395756099,0.062129365409778106,-1.510981922123852e-20,0.0637052035690462
sequences,0.5,42,9,-8.5,14.44,q1,"(100, 100)",0.001653827594278162,0.06451540303372717,1.2094946216481215e-19,0.06362554895729568
sequences,0.5,42,9,-8.5,14.44,q2,"(100, 100)",-0.001616053974945095,0.06258620145879769,1.2094946216481215e-19,0.06362554895729568
sequences,0.5,42,9,-8.5,14.44,q3,"(100, 100)",-0.0008212319226946757,0.06382943916311871,1.2094946216481215e-19,0.06362554895729568
sequences,0.5,42,9,-8.5,14.44,q4,"(100, 100)",0.0008312131344492363,0.06352396185047161,1.2094946216481215e-19,0.06362554895729568
sequences,0.5,43,9,-8.5,14.44,q1,"(100, 100)",-0.0016257053556757964,0.06311270054558621,-1.301660023846595e-19,0.06301729002374629
sequences,0.5,43,9,-8.5,14.44,q2,"(100, 100)",0.0016279052276049922,0.06133113009538108,-1.301660023846595e-19,0.06301729002374629
sequences,0.5,43,9,-8.5,14.44,q3,"(100, 100)",0.001498790837931376,0.064309118848965,-1.301660023846595e-19,0.06301729002374629
sequences,0.5,43,9,-8.5,14.44,q4,"(100, 100)",-0.0015132888146825473,0.06316783756176364,-1.301660023846595e-19,0.06301729002374629
sequences,0.5,44,9,-8.5,14.44,q1,"(100, 100)",0.000156362243268644,0.06443028011397371,-2.090203167439212e-20,0.06440627469088284
sequences,0.5,44,9,-8.5,14.44,q2,"(100, 100)",-0.0001556330389362787,0.06460885896189883,-2.090203167439212e-20,0.06440627469088284
sequences,0.5,44,9,-8.5,14.44,q3,"(100, 100)",9.898278390696002e-05,0.06452457852734948,-2.090203167439212e-20,0.06440627469088284
sequences,0.5,44,9,-8.5,14.44,q4,"(100, 100)",-9.855199174399048e-05,0.06405897143901582,-2.090203167439212e-20,0.06440627469088284
sequences,0.5,45,9,-8.5,14.44,q1,"(100, 100)",-0.001369027917631692,0.06281142637491244,-1.5342277978488345e-19,0.06348644909422509
sequences,0.5,45,9,-8.5,14.44,q2,"(100, 100)",0.0013875408036037233,0.0636346748368271,-1.5342277978488345e-19,0.06348644909422509
sequences,0.5,45,9,-8.5,14.44,q3,"(100, 100)",-0.0007579685777900542,0.06417694362375582,-1.5342277978488345e-19,0.06348644909422509
sequences,0.5,45,9,-8.5,14.44,q4,"(100, 100)",0.00077177306453564,0.06327069720030425,-1.5342277978488345e-19,0.06348644909422509
sequences,0.5,46,9,-8.5,14.44,q1,"(100, 100)",0.0017803550397607535,0.06296624299944999,3.953785700232039e-20,0.06420744112174578
sequences,0.5,46,9,-8.5,14.44,q2,"(100, 100)",-0.0017080445173466244,0.06270651922261058,3.953785700232039e-20,0.06420744112174578
sequences,0.5,46,9,-8.5,14.44,q3,"(100, 100)",0.0009618786653889,0.06531430670082194,3.953785700232039e-20,0.06420744112174578
sequences,0.5,46,9,-8.5,14.44,q4,"(100, 100)",-0.0009560783920297708,0.06574102863185881,3.953785700232039e-20,0.06420744112174578
sequences,0.5,47,9,-8.5,14.44,q1,"(100, 100)",0.001050827712582242,0.06432591604273306,-1.5320464921230312e-19,0.06441204174426479
sequences,0.5,47,9,-8.5,14.44,q2,"(100, 100)",-0.0010392221856360526,0.06385864110468858,-1.5320464921230312e-19,0.06441204174426479
sequences,0.5,47,9,-8.5,14.44,q3,"(100, 100)",0.0010248281372039524,0.06495733139621361,-1.5320464921230312e-19,0.06441204174426479
sequences,0.5,47,9,-8.5,14.44,q4,"(100, 100)",-0.0010454830543125306,0.0644581578620281,-1.5320464921230312e-19,0.06441204174426479
sequences,0.5,48,9,-8.5,14.44,q1,"(100, 100)",-9.977406999945165e-05,0.0634546718877254,1.8579583710570774e-20,0.06351079313647201
sequences,0.5,48,9,-8.5,14.44,q2,"(100, 100)",9.83175142330364e-05,0.06244774151050622,1.8579583710570774e-20,0.06351079313647201
sequences,0.5,48,9,-8.5,14.44,q3,"(100, 100)",0.001138351691163145,0.06392179356663734,1.8579583710570774e-20,0.06351079313647201
sequences,0.5,48,9,-8.5,14.44,q4,"(100, 100)",-0.0011688984926583514,0.06419810172676461,1.8579583710570774e-20,0.06351079313647201
sequences,0.5,49,9,-8.5,14.44,q1,"(100, 100)",6.545865064858317e-05,0.06479375965079603,8.371319723212473e-20,0.06449150518931471
sequences,0.5,49,9,-8.5,14.44,q2,"(100, 100)",-6.46330851906853e-05,0.06497398190086363,8.371319723212473e-20,0.06449150518931471
sequences,0.5,49,9,-8.5,14.44,q3,"(100, 100)",-0.00020465936904116424,0.0653492059919162,8.371319723212473e-20,0.06449150518931471
sequences,0.5,49,9,-8.5,14.44,q4,"(100, 100)",0.00021337425975582978,0.06275664615956983,8.371319723212473e-20,0.06449150518931471
sequences,0.5,0,10,-12.3,10.68,q1,"(100, 100)",-0.0002550034905610764,0.06359014423297547,1.5108553848219408e-19,0.06438099781414656
sequences,0.5,0,10,-12.3,10.68,q2,"(100, 100)",0.0002651137611119568,0.06546600089657548,1.5108553848219408e-19,0.06438099781414656
sequences,0.5,0,10,-12.3,10.68,q3,"(100, 100)",-0.001303450393680879,0.0645744161866249,1.5108553848219408e-19,0.06438099781414656
sequences,0.5,0,10,-12.3,10.68,q4,"(100, 100)",0.0013167238192784436,0.0638780280538494,1.5108553848219408e-19,0.06438099781414656
sequences,0.5,1,10,-12.3,10.68,q1,"(100, 100)",-0.0016986522756423778,0.06341947169471812,-1.8598258223053128e-20,0.0638870321901309
sequences,0.5,1,10,-12.3,10.68,q2,"(100, 100)",0.0016671018519488546,0.06471702824031747,-1.8598258223053128e-20,0.0638870321901309
sequences,0.5,1,10,-12.3,10.68,q3,"(100, 100)",0.0018339053789210697,0.06420849219216489,-1.8598258223053128e-20,0.0638870321901309
sequences,0.5,1,10,-12.3,10.68,q4,"(100, 100)",-0.0018468636605352491,0.06307592343863602,-1.8598258223053128e-20,0.0638870321901309
sequences,0.5,2,10,-12.3,10.68,q1,"(100, 100)",0.0010111903222358568,0.06386391842660426,4.6460622054952985e-20,0.06367918311421689
sequences,0.5,2,10,-12.3,10.68,q2,"(100, 100)",-0.0009938308317253705,0.06313732633611717,4.6460622054952985e-20,0.06367918311421689
sequences,0.5,2,10,-12.3,10.68,q3,"(100, 100)",3.584767573943641e-05,0.06195646159032266,4.6460622054952985e-20,0.06367918311421689
sequences,0.5,2,10,-12.3,10.68,q4,"(100, 100)",-3.498933431833894e-05,0.0656519155482561,4.6460622054952985e-20,0.06367918311421689
sequences,0.5,3,10,-12.3,10.68,q1,"(100, 100)",0.0006574869527290239,0.06274156038583271,1.8593586076455478e-20,0.06303856432816816
sequences,0.5,3,10,-12.3,10.68,q2,"(100, 100)",-0.0006548482091060308,0.06397958565924178,1.8593586076455478e-20,0.06303856432816816
sequences,0.5,3,10,-12.3,10.68,q3,"(100, 100)",-0.0012525212569957282,0.06215321916649847,1.8593586076455478e-20,0.06303856432816816
sequences,0.5,3,10,-12.3,10.68,q4,"(100, 100)",0.0013267831171140552,0.06326228867778097,1.8593586076455478e-20,0.06303856432816816
sequences,0.5,4,10,-12.3,10.68,q1,"(100, 100)",-0.0005807062642732474,0.0642139693502837,1.6738432400747817e-19,0.06365404159584662
sequences,0.5,4,10,-12.3,10.68,q2,"(100, 100)",0.0005897828827430299,0.06437624788943191,1.6738432400747817e-19,0.06365404159584662
sequences,0.5,4,10,-12.3,10.68,q3,"(100, 100)",-0.0003654234633325792,0.06299442918799215,1.6738432400747817e-19,0.06365404159584662
sequences,0.5,4,10,-12.3,10.68,q4,"(100, 100)",0.0003736670229431123,0.06302873676172088,1.6738432400747817e-19,0.06365404159584662
sequences,0.5,5,10,-12.3,10.68,q1,"(100, 100)",0.0007625245937744806,0.0637431096963456,-1.2785231648740288e-19,0.06443027406999408
sequences,0.5,5,10,-12.3,10.68,q2,"(100, 100)",-0.0007308876700863529,0.06612193847615828,-1.2785231648740288e-19,0.06443027406999408
sequences,0.5,5,10,-12.3,10.68,q3,"(100, 100)",-0.0002758548970330007,0.06453060639297606,-1.2785231648740288e-19,0.06443027406999408
sequences,0.5,5,10,-12.3,10.68,q4,"(100, 100)",0.00029140811329601645,0.06318084918998458,-1.2785231648740288e-19,0.06443027406999408
sequences,0.5,6,10,-12.3,10.68,q1,"(100, 100)",-0.000226625032134191,0.06298638845370971,4.1631037667149114e-19,0.06331729128801657
sequences,0.5,6,10,-12.3,10.68,q2,"(100, 100)",0.00022473207329578343,0.0637951108690737,4.1631037667149114e-19,0.06331729128801657
sequences,0.5,6,10,-12.3,10.68,q3,"(100, 100)",-0.00013429252754226461,0.0616815006226589,4.1631037667149114e-19,0.06331729128801657
sequences,0.5,6,10,-12.3,10.68,q4,"(100, 100)",0.00013424756854409252,0.06476121284992423,4.1631037667149114e-19,0.06331729128801657
sequences,0.5,7,10,-12.3,10.68,q1,"(100, 100)",0.0007669226409319274,0.06484296205667316,-1.138857147182898e-19,0.06446924436546742
sequences,0.5,7,10,-12.3,10.68,q2,"(100, 100)",-0.000800621953681425,0.06443814422912601,-1.138857147182898e-19,0.06446924436546742
sequences,0.5,7,10,-12.3,10.68,q3,"(100, 100)",-0.000771688711204974,0.06367322338305909,-1.138857147182898e-19,0.06446924436546742
sequences,0.5,7,10,-12.3,10.68,q4,"(100, 100)",0.0007680886972240108,0.06488707028565013,-1.138857147182898e-19,0.06446924436546742
sequences,0.5,8,10,-12.3,10.68,q1,"(100, 100)",0.0005936104575256391,0.06619086173141442,1.0691311993961899e-19,0.06451804964000725
sequences,0.5,8,10,-12.3,10.68,q2,"(100, 100)",-0.0005738898416548208,0.06460199632078636,1.0691311993961899e-19,0.06451804964000725
sequences,0.5,8,10,-12.3,10.68,q3,"(100, 100)",-0.0006356059964634065,0.06417784219455643,1.0691311993961899e-19,0.06451804964000725
sequences,0.5,8,10,-12.3,10.68,q4,"(100, 100)",0.0006429649808749912,0.06313731605646848,1.0691311993961899e-19,0.06451804964000725
sequences,0.5,9,10,-12.3,10.68,q1,"(100, 100)",-0.001658737851277035,0.06374674027828967,-4.882451733357406e-20,0.06456334745268555
sequences,0.5,9,10,-12.3,10.68,q2,"(100, 100)",0.001628272347941018,0.06435117623293987,-4.882451733357406e-20,0.06456334745268555
sequences,0.5,9,10,-12.3,10.68,q3,"(100, 100)",0.001467919660355803,0.06492090539774047,-4.882451733357406e-20,0.06456334745268555
sequences,0.5,9,10,-12.3,10.68,q4,"(100, 100)",-0.0015278762266147114,0.0651722987219438,-4.882451733357406e-20,0.06456334745268555
sequences,0.5,10,10,-12.3,10.68,q1,"(100, 100)",-0.0005460783408560464,0.06256351225038691,3.023989968179483e-20,0.06384892450505594
sequences,0.5,10,10,-12.3,10.68,q2,"(100, 100)",0.0005553182451006494,0.06378779401736485,3.023989968179483e-20,0.06384892450505594
sequences,0.5,10,10,-12.3,10.68,q3,"(100, 100)",-0.0005226398262026656,0.0648083154658934,3.023989968179483e-20,0.06384892450505594
sequences,0.5,10,10,-12.3,10.68,q4,"(100, 100)",0.0005250960053120435,0.064211880134636,3.023989968179483e-20,0.06384892450505594
sequences,0.5,11,10,-12.3,10.68,q1,"(100, 100)",0.0005050995211007166,0.06492399983589828,3.2533327077930744e-20,0.0638628654668488
sequences,0.5,11,10,-12.3,10.68,q2,"(100, 100)",-0.00048561545980948243,0.06326334430576074,3.2533327077930744e-20,0.0638628654668488
sequences,0.5,11,10,-12.3,10.68,q3,"(100, 100)",-0.000512367851273244,0.06361674472980569,3.2533327077930744e-20,0.0638628654668488
sequences,0.5,11,10,-12.3,10.68,q4,"(100, 100)",0.0005116787216817532,0.06365555206818461,3.2533327077930744e-20,0.0638628654668488
sequences,0.5,12,10,-12.3,10.68,q1,"(100, 100)",-0.0007393904578885789,0.06285563272571003,-9.773090005503139e-20,0.06417923300601132
sequences,0.5,12,10,-12.3,10.68,q2,"(100, 100)",0.0007274569491808907,0.06350383820554915,-9.773090005503139e-20,0.06417923300601132
sequences,0.5,12,10,-12.3,10.68,q3,"(100, 100)",-0.0008560337297485967,0.06526231976516068,-9.773090005503139e-20,0.06417923300601132
sequences,0.5,12,10,-12.3,10.68,q4,"(100, 100)",0.0008436566448867307,0.06507836781511382,-9.773090005503139e-20,0.06417923300601132
sequences,0.5,13,10,-12.3,10.68,q1,"(100, 100)",0.00036358408482436294,0.06454442626328961,-3.2527880346459467e-20,0.06422178190896889
sequences,0.5,13,10,-12.3,10.68,q2,"(100, 100)",-0.00036640256610207125,0.06381891305616062,-3.2527880346459467e-20,0.06422178190896889
sequences,0.5,13,10,-12.3,10.68,q3,"(100, 100)",-0.0009546154685142073,0.06418507226770456,-3.2527880346459467e-20,0.06422178190896889
sequences,0.5,13,10,-12.3,10.68,q4,"(100, 100)",0.0009359903651271901,0.06431609268643557,-3.2527880346459467e-20,0.06422178190896889
sequences,0.5,14,10,-12.3,10.68,q1,"(100, 100)",0.0002314782611104943,0.06359763954576393,-2.0921288152484105e-20,0.0644556534652453
sequences,0.5,14,10,-12.3,10.68,q2,"(100, 100)",-0.00021707719051095438,0.06464942543291198,-2.0921288152484105e-20,0.0644556534652453
sequences,0.5,14,10,-12.3,10.68,q3,"(100, 100)",-0.0006246651456818923,0.06491481317725753,-2.0921288152484105e-20,0.0644556534652453
sequences,0.5,14,10,-12.3,10.68,q4,"(100, 100)",0.0006313393642668074,0.06459998944531982,-2.0921288152484105e-20,0.0644556534652453
sequences,0.5,15,10,-12.3,10.68,q1,"(100, 100)",-9.123404770159058e-05,0.06462494555505928,-9.759998123379223e-20,0.06413070980483478
sequences,0.5,15,10,-12.3,10.68,q2,"(100, 100)",9.04052054108966e-05,0.06317507278719023,-9.759998123379223e-20,0.06413070980483478
sequences,0.5,15,10,-12.3,10.68,q3,"(100, 100)",-0.0012904289702697822,0.06508356874397854,-9.759998123379223e-20,0.06413070980483478
sequences,0.5,15,10,-12.3,10.68,q4,"(100, 100)",0.0012874349355359777,0.06359482801965183,-9.759998123379223e-20,0.06413070980483478
sequences,0.5,16,10,-12.3,10.68,q1,"(100, 100)",-0.0011282682934724245,0.06252508296923631,-1.3469071165549505e-19,0.06333316424940187
sequences,0.5,16,10,-12.3,10.68,q2,"(100, 100)",0.0011061742668378469,0.06387805477938552,-1.3469071165549505e-19,0.06333316424940187
sequences,0.5,16,10,-12.3,10.68,q3,"(100, 100)",0.0006479593957471719,0.06223720277278074,-1.3469071165549505e-19,0.06333316424940187
sequences,0.5,16,10,-12.3,10.68,q4,"(100, 100)",-0.0006519359621036157,0.06463651106289094,-1.3469071165549505e-19,0.06333316424940187
sequences,0.5,17,10,-12.3,10.68,q1,"(100, 100)",0.0002524528065509974,0.06424334188823351,-3.251699235303806e-20,0.0636107727803164
sequences,0.5,17,10,-12.3,10.68,q2,"(100, 100)",-0.0002533840543283482,0.06233647168717678,-3.251699235303806e-20,0.0636107727803164
sequences,0.5,17,10,-12.3,10.68,q3,"(100, 100)",-0.0007804346437965136,0.06420962040717296,-3.251699235303806e-20,0.0636107727803164
sequences,0.5,17,10,-12.3,10.68,q4,"(100, 100)",0.0008051134679628092,0.0636111945302316,-3.251699235303806e-20,0.0636107727803164
sequences,0.5,18,10,-12.3,10.68,q1,"(100, 100)",-0.0008063040291069347,0.0641721764343692,4.8816339022462915e-20,0.06445912401168642
sequences,0.5,18,10,-12.3,10.68,q2,"(100, 100)",0.0008054996020742376,0.06488470399786775,4.8816339022462915e-20,0.06445912401168642
sequences,0.5,18,10,-12.3,10.68,q3,"(100, 100)",0.0011763098274493295,0.06368698914226505,4.8816339022462915e-20,0.06445912401168642
sequences,0.5,18,10,-12.3,10.68,q4,"(100, 100)",-0.0011894774747715229,0.0650565737514143,4.8816339022462915e-20,0.06445912401168642
sequences,0.5,19,10,-12.3,10.68,q1,"(100, 100)",-0.00010988604444991639,0.06399163766544122,1.9768928501160195e-19,0.06430180692228225
sequences,0.5,19,10,-12.3,10.68,q2,"(100, 100)",0.00011226257064296329,0.0644408617264523,1.9768928501160195e-19,0.06430180692228225
sequences,0.5,19,10,-12.3,10.68,q3,"(100, 100)",-0.0011907669101644783,0.06404341716574913,1.9768928501160195e-19,0.06430180692228225
sequences,0.5,19,10,-12.3,10.68,q4,"(100, 100)",0.0011895855937853472,0.06470635827854894,1.9768928501160195e-19,0.06430180692228225
sequences,0.5,20,10,-12.3,10.68,q1,"(100, 100)",0.0006737743247117377,0.0654953353281534,4.0923023442663053e-19,0.06406203822551812
sequences,0.5,20,10,-12.3,10.68,q2,"(100, 100)",-0.0006579024013359798,0.062982442148492,4.0923023442663053e-19,0.06406203822551812
sequences,0.5,20,10,-12.3,10.68,q3,"(100, 100)",0.0010799512445474324,0.06300142828130562,4.0923023442663053e-19,0.06406203822551812
sequences,0.5,20,10,-12.3,10.68,q4,"(100, 100)",-0.0011423847645350331,0.06478617590563132,4.0923023442663053e-19,0.06406203822551812
sequences,0.5,21,10,-12.3,10.68,q1,"(100, 100)",-0.00017942339664627489,0.06427582046994984,2.3005709862251025e-19,0.06360596186537446
sequences,0.5,21,10,-12.3,10.68,q2,"(100, 100)",0.00017419862533427238,0.06301853888607763,2.3005709862251025e-19,0.06360596186537446
sequences,0.5,21,10,-12.3,10.68,q3,"(100, 100)",0.000658826986404076,0.06364100556922182,2.3005709862251025e-19,0.06360596186537446
sequences,0.5,21,10,-12.3,10.68,q4,"(100, 100)",-0.0006436015360744991,0.06349564349208738,2.3005709862251025e-19,0.06360596186537446
sequences,0.5,22,10,-12.3,10.68,q1,"(100, 100)",3.213526311016611e-05,0.06327470562964557,3.717783255337485e-20,0.0634414430148839
sequences,0.5,22,10,-12.3,10.68,q2,"(100, 100)",-3.3020020524144835e-05,0.0628284472657292,3.717783255337485e-20,0.0634414430148839
sequences,0.5,22,10,-12.3,10.68,q3,"(100, 100)",0.00023349143045079467,0.06368156095783006,3.717783255337485e-20,0.0634414430148839
sequences,0.5,22,10,-12.3,10.68,q4,"(100, 100)",-0.00023950272744072013,0.06397005609246136,3.717783255337485e-20,0.0634414430148839
sequences,0.5,23,10,-12.3,10.68,q1,"(100, 100)",-0.0009010622206168419,0.06349857276727498,-4.0670063909696555e-20,0.06338810227904142
sequences,0.5,23,10,-12.3,10.68,q2,"(100, 100)",0.0008662227362109691,0.0634124487319615,-4.0670063909696555e-20,0.06338810227904142
sequences,0.5,23,10,-12.3,10.68,q3,"(100, 100)",-0.0006520850140044573,0.06323142685849514,-4.0670063909696555e-20,0.06338810227904142
sequences,0.5,23,10,-12.3,10.68,q4,"(100, 100)",0.0006595074748267379,0.06339496024446281,-4.0670063909696555e-20,0.06338810227904142
sequences,0.5,24,10,-12.3,10.68,q1,"(100, 100)",0.0005743144759431815,0.06380069732956704,-3.950806208370523e-20,0.06415101478147062
sequences,0.5,24,10,-12.3,10.68,q2,"(100, 100)",-0.0005539980778423412,0.0638011700713144,-3.950806208370523e-20,0.06415101478147062
sequences,0.5,24,10,-12.3,10.68,q3,"(100, 100)",0.0002622176913242521,0.06438811187109329,-3.950806208370523e-20,0.06415101478147062
sequences,0.5,24,10,-12.3,10.68,q4,"(100, 100)",-0.0002572372153477504,0.0646081425651663,-3.950806208370523e-20,0.06415101478147062
sequences,0.5,25,10,-12.3,10.68,q1,"(100, 100)",0.0008725751993968124,0.06495205984477974,1.4867399057584956e-19,0.06390015834693075
sequences,0.5,25,10,-12.3,10.68,q2,"(100, 100)",-0.0009029021419773624,0.0651499381149936,1.4867399057584956e-19,0.06390015834693075
sequences,0.5,25,10,-12.3,10.68,q3,"(100, 100)",-0.00038181981875107604,0.06313505310447672,1.4867399057584956e-19,0.06390015834693075
sequences,0.5,25,10,-12.3,10.68,q4,"(100, 100)",0.0003914293779478316,0.062345478940745595,1.4867399057584956e-19,0.06390015834693075
sequences,0.5,26,10,-12.3,10.68,q1,"(100, 100)",0.00037334840455818694,0.06327403371231745,1.9305394922460403e-19,0.063857378938843
sequences,0.5,26,10,-12.3,10.68,q2,"(100, 100)",-0.00037510121396925824,0.06398849438854778,1.9305394922460403e-19,0.063857378938843
sequences,0.5,26,10,-12.3,10.68,q3,"(100, 100)",0.0004044857406650242,0.06486704227561643,1.9305394922460403e-19,0.063857378938843
sequences,0.5,26,10,-12.3,10.68,q4,"(100, 100)",-0.00040245314900338997,0.06328928407304196,1.9305394922460403e-19,0.063857378938843
sequences,0.5,27,10,-12.3,10.68,q1,"(100, 100)",-0.0015805035608468018,0.06389603028025377,1.5339708513075768e-19,0.06472517554322091
sequences,0.5,27,10,-12.3,10.68,q2,"(100, 100)",0.0015826300372152467,0.06548205045810944,1.5339708513075768e-19,0.06472517554322091
sequences,0.5,27,10,-12.3,10.68,q3,"(100, 100)",-3.3055530120273614e-05,0.06495606372279315,1.5339708513075768e-19,0.06472517554322091
sequences,0.5,27,10,-12.3,10.68,q4,"(100, 100)",3.3321392292823593e-05,0.06451654076680256,1.5339708513075768e-19,0.06472517554322091
sequences,0.5,28,10,-12.3,10.68,q1,"(100, 100)",-0.0017774840058917263,0.06459829758204094,2.371675222245245e-19,0.06478976728683965
sequences,0.5,28,10,-12.3,10.68,q2,"(100, 100)",0.0018492588944906798,0.06593191454764716,2.371675222245245e-19,0.06478976728683965
sequences,0.5,28,10,-12.3,10.68,q3,"(100, 100)",-0.0005353047900097999,0.0631278784396067,2.371675222245245e-19,0.06478976728683965
sequences,0.5,28,10,-12.3,10.68,q4,"(100, 100)",0.000535666360283363,0.06542360890041081,2.371675222245245e-19,0.06478976728683965
sequences,0.5,29,10,-12.3,10.68,q1,"(100, 100)",-0.0010348143107996941,0.06451139952669141,-1.3481478818411163e-19,0.06437293330997292
sequences,0.5,29,10,-12.3,10.68,q2,"(100, 100)",0.0010372598544106314,0.06495129752242412,-1.3481478818411163e-19,0.06437293330997292
sequences,0.5,29,10,-12.3,10.68,q3,"(100, 100)",-2.808717415729889e-06,0.06401602290157381,-1.3481478818411163e-19,0.06437293330997292
sequences,0.5,29,10,-12.3,10.68,q4,"(100, 100)",2.8787460844517777e-06,0.06400154688056713,-1.3481478818411163e-19,0.06437293330997292
sequences,0.5,30,10,-12.3,10.68,q1,"(100, 100)",0.00035433578566897124,0.06295277746921821,-6.0500080986448e-20,0.06335536322356962
sequences,0.5,30,10,-12.3,10.68,q2,"(100, 100)",-0.00034796835391318905,0.06309934105517932,-6.0500080986448e-20,0.06335536322356962
sequences,0.5,30,10,-12.3,10.68,q3,"(100, 100)",-0.0006165651607361943,0.06417668022005082,-6.0500080986448e-20,0.06335536322356962
sequences,0.5,30,10,-12.3,10.68,q4,"(100, 100)",0.0006095844030055808,0.06318004318046758,-6.0500080986448e-20,0.06335536322356962
sequences,0.5,31,10,-12.3,10.68,q1,"(100, 100)",0.00045624110818569215,0.06381652280531243,-8.602414958772574e-20,0.06456771369699639
sequences,0.5,31,10,-12.3,10.68,q2,"(100, 100)",-0.0004292807292821305,0.06409612716648552,-8.602414958772574e-20,0.06456771369699639
sequences,0.5,31,10,-12.3,10.68,q3,"(100, 100)",-0.0010546153147598526,0.06462263508129855,-8.602414958772574e-20,0.06456771369699639
sequences,0.5,31,10,-12.3,10.68,q4,"(100, 100)",0.0010556716907011811,0.06568201306791373,-8.602414958772574e-20,0.06456771369699639
sequences,0.5,32,10,-12.3,10.68,q1,"(100, 100)",-0.0010623134019668076,0.06374612097709674,-3.716849764396239e-20,0.06380476114361787
sequences,0.5,32,10,-12.3,10.68,q2,"(100, 100)",0.0010793481102207964,0.06356204738491616,-3.716849764396239e-20,0.06380476114361787
sequences,0.5,32,10,-12.3,10.68,q3,"(100, 100)",-0.0012277235557364423,0.06401688003793957,-3.716849764396239e-20,0.06380476114361787
sequences,0.5,32,10,-12.3,10.68,q4,"(100, 100)",0.0012502920034521859,0.06384200077748357,-3.716849764396239e-20,0.06380476114361787
sequences,0.5,33,10,-12.3,10.68,q1,"(100, 100)",0.0005700110041880231,0.06436420768807612,-1.6728624178179155e-19,0.06418286706655497
sequences,0.5,33,10,-12.3,10.68,q2,"(100, 100)",-0.0005755993473663376,0.06436799817951862,-1.6728624178179155e-19,0.06418286706655497
sequences,0.5,33,10,-12.3,10.68,q3,"(100, 100)",-0.0009413923922644522,0.06377493965469343,-1.6728624178179155e-19,0.06418286706655497
sequences,0.5,33,10,-12.3,10.68,q4,"(100, 100)",0.000984722761495854,0.06421633078281251,-1.6728624178179155e-19,0.06418286706655497
sequences,0.5,34,10,-12.3,10.68,q1,"(100, 100)",0.0003894037766948906,0.06349662860789188,2.326536095191024e-21,0.06368999386143952
sequences,0.5,34,10,-12.3,10.68,q2,"(100, 100)",-0.0003874456618271652,0.06298465937508703,2.326536095191024e-21,0.06368999386143952
sequences,0.5,34,10,-12.3,10.68,q3,"(100, 100)",0.00028340618056070234,0.06541234712774852,2.326536095191024e-21,0.06368999386143952
sequences,0.5,34,10,-12.3,10.68,q4,"(100, 100)",-0.00027973291999510965,0.06284358306692929,2.326536095191024e-21,0.06368999386143952
sequences,0.5,35,10,-12.3,10.68,q1,"(100, 100)",-0.0002104085224772434,0.06492071459896684,-9.523630431339739e-20,0.06419749864166858
sequences,0.5,35,10,-12.3,10.68,q2,"(100, 100)",0.0002090723721005495,0.06509252260713104,-9.523630431339739e-20,0.06419749864166858
sequences,0.5,35,10,-12.3,10.68,q3,"(100, 100)",-0.0004339377068949472,0.062442621122698855,-9.523630431339739e-20,0.06419749864166858
sequences,0.5,35,10,-12.3,10.68,q4,"(100, 100)",0.000432489799965034,0.06429771183034089,-9.523630431339739e-20,0.06419749864166858
sequences,0.5,36,10,-12.3,10.68,q1,"(100, 100)",-0.0003836037544940966,0.06348441937469476,6.972594778670804e-20,0.0639328974695013
sequences,0.5,36,10,-12.3,10.68,q2,"(100, 100)",0.00037749257619482167,0.06524906229337103,6.972594778670804e-20,0.0639328974695013
sequences,0.5,36,10,-12.3,10.68,q3,"(100, 100)",-9.289353747814491e-05,0.06349397301538438,6.972594778670804e-20,0.0639328974695013
sequences,0.5,36,10,-12.3,10.68,q4,"(100, 100)",9.440093768062979e-05,0.06346681329131469,6.972594778670804e-20,0.0639328974695013
sequences,0.5,37,10,-12.3,10.68,q1,"(100, 100)",-0.00096986923071498,0.06288204165977308,2.5809406830315906e-19,0.06397717699097516
sequences,0.5,37,10,-12.3,10.68,q2,"(100, 100)",0.0009780662323268382,0.0637823386785781,2.5809406830315906e-19,0.06397717699097516
sequences,0.5,37,10,-12.3,10.68,q3,"(100, 100)",0.0003876852751290833,0.0640018759424242,2.5809406830315906e-19,0.06397717699097516
sequences,0.5,37,10,-12.3,10.68,q4,"(100, 100)",-0.00038872117432782493,0.06519767176321258,2.5809406830315906e-19,0.06397717699097516
sequences,0.5,38,10,-12.3,10.68,q1,"(100, 100)",0.0016444548460203563,0.0649695247244112,-2.628104612507179e-19,0.06404346421061549
sequences,0.5,38,10,-12.3,10.68,q2,"(100, 100)",-0.001604901236873903,0.06349304187187849,-2.628104612507179e-19,0.06404346421061549
sequences,0.5,38,10,-12.3,10.68,q3,"(100, 100)",-0.0006515181845037727,0.06408679692548677,-2.628104612507179e-19,0.06404346421061549
sequences,0.5,38,10,-12.3,10.68,q4,"(100, 100)",0.0006663910016628028,0.06357384153925769,-2.628104612507179e-19,0.06404346421061549
sequences,0.5,39,10,-12.3,10.68,q1,"(100, 100)",-0.0005338604097971549,0.06349347136480618,3.9514679295343066e-20,0.06383414253691959
sequences,0.5,39,10,-12.3,10.68,q2,"(100, 100)",0.0005363659564740441,0.0633043400189425,3.9514679295343066e-20,0.06383414253691959
sequences,0.5,39,10,-12.3,10.68,q3,"(100, 100)",0.0011958974281129236,0.06405566822503685,3.9514679295343066e-20,0.06383414253691959
sequences,0.5,39,10,-12.3,10.68,q4,"(100, 100)",-0.001196298735974707,0.06445208587622119,3.9514679295343066e-20,0.06383414253691959
sequences,0.5,40,10,-12.3,10.68,q1,"(100, 100)",0.00041699053999679446,0.06356020353227979,3.717160875952646e-20,0.0633722361777307
sequences,0.5,40,10,-12.3,10.68,q2,"(100, 100)",-0.00042310436330897665,0.06343938331018964,3.717160875952646e-20,0.0633722361777307
sequences,0.5,40,10,-12.3,10.68,q3,"(100, 100)",1.072370123866273e-05,0.06335881655773946,3.717160875952646e-20,0.0633722361777307
sequences,0.5,40,10,-12.3,10.68,q4,"(100, 100)",-1.0390933732758244e-05,0.06312340612096919,3.717160875952646e-20,0.0633722361777307
sequences,0.5,41,10,-12.3,10.68,q1,"(100, 100)",0.0005271768355239796,0.06444139984688697,0.0,0.06394599052174993
sequences,0.5,41,10,-12.3,10.68,q2,"(100, 100)",-0.0005301502947820777,0.06351307908942726,0.0,0.06394599052174993
sequences,0.5,41,10,-12.3,10.68,q3,"(100, 100)",0.0020387603819046482,0.06488559915244817,0.0,0.06394599052174993
sequences,0.5,41,10,-12.3,10.68,q4,"(100, 100)",-0.002082837905604028,0.06282651428414905,0.0,0.06394599052174993
sequences,0.5,42,10,-12.3,10.68,q1,"(100, 100)",-0.0028757352791295722,0.06414335604501088,1.9528171134205785e-19,0.06412823717232741
sequences,0.5,42,10,-12.3,10.68,q2,"(100, 100)",0.0027908743905876187,0.06402384044575088,1.9528171134205785e-19,0.06412823717232741
sequences,0.5,42,10,-12.3,10.68,q3,"(100, 100)",-0.00021805879602752502,0.0638753094744172,1.9528171134205785e-19,0.06412823717232741
sequences,0.5,42,10,-12.3,10.68,q4,"(100, 100)",0.00022113520497383244,0.06434898042519412,1.9528171134205785e-19,0.06412823717232741
sequences,0.5,43,10,-12.3,10.68,q1,"(100, 100)",-0.0010478109678242582,0.06412664598871454,6.744128134505559e-20,0.0641634619580447
sequences,0.5,43,10,-12.3,10.68,q2,"(100, 100)",0.0010309163520218925,0.06445156562603094,6.744128134505559e-20,0.0641634619580447
sequences,0.5,43,10,-12.3,10.68,q3,"(100, 100)",-0.00041312749899892405,0.06531907024425028,6.744128134505559e-20,0.0641634619580447
sequences,0.5,43,10,-12.3,10.68,q4,"(100, 100)",0.0004162168276794053,0.06269102813091564,6.744128134505559e-20,0.0641634619580447
sequences,0.5,44,10,-12.3,10.68,q1,"(100, 100)",0.0019660179662846795,0.06432847008780852,-1.3954537765524842e-20,0.0643283569364414
sequences,0.5,44,10,-12.3,10.68,q2,"(100, 100)",-0.0019114244095349555,0.06445021896190566,-1.3954537765524842e-20,0.0643283569364414
sequences,0.5,44,10,-12.3,10.68,q3,"(100, 100)",0.0002583748230457789,0.06435162991351835,-1.3954537765524842e-20,0.0643283569364414
sequences,0.5,44,10,-12.3,10.68,q4,"(100, 100)",-0.00026151086270513526,0.0641201352414806,-1.3954537765524842e-20,0.0643283569364414
sequences,0.5,45,10,-12.3,10.68,q1,"(100, 100)",-0.0012306085354270042,0.06431216816568479,-6.981363867434119e-20,0.06363511987999908
sequences,0.5,45,10,-12.3,10.68,q2,"(100, 100)",0.0012318379145832747,0.06291646135816416,-6.981363867434119e-20,0.06363511987999908
sequences,0.5,45,10,-12.3,10.68,q3,"(100, 100)",0.000528455494542059,0.06324112286404801,-6.981363867434119e-20,0.06363511987999908
sequences,0.5,45,10,-12.3,10.68,q4,"(100, 100)",-0.0005422051068615373,0.06404195640984023,-6.981363867434119e-20,0.06363511987999908
sequences,0.5,46,10,-12.3,10.68,q1,"(100, 100)",0.00031483034159276925,0.06421726087022003,-6.514847155986332e-20,0.06372316189114936
sequences,0.5,46,10,-12.3,10.68,q2,"(100, 100)",-0.0003097490877264834,0.06476731866491145,-6.514847155986332e-20,0.06372316189114936
sequences,0.5,46,10,-12.3,10.68,q3,"(100, 100)",-0.00048553088386788917,0.062182189700117275,-6.514847155986332e-20,0.06372316189114936
sequences,0.5,46,10,-12.3,10.68,q4,"(100, 100)",0.0005036189609488597,0.06368317315664218,-6.514847155986332e-20,0.06372316189114936
sequences,0.5,47,10,-12.3,10.68,q1,"(100, 100)",-0.0009426875328785995,0.06351879132325874,-1.3008974175386835e-19,0.06376205436439583
sequences,0.5,47,10,-12.3,10.68,q2,"(100, 100)",0.0009354626700807959,0.06402849621059008,-1.3008974175386835e-19,0.06376205436439583
sequences,0.5,47,10,-12.3,10.68,q3,"(100, 100)",0.0020191190351008105,0.06374614598575366,-1.3008974175386835e-19,0.06376205436439583
sequences,0.5,47,10,-12.3,10.68,q4,"(100, 100)",-0.0020292926278205003,0.06367339799488658,-1.3008974175386835e-19,0.06376205436439583
sequences,0.5,48,10,-12.3,10.68,q1,"(100, 100)",-0.0010727728286607724,0.06475790788175988,-1.533713990816735e-19,0.06418196552716328
sequences,0.5,48,10,-12.3,10.68,q2,"(100, 100)",0.0010300300836912706,0.0645303541332122,-1.533713990816735e-19,0.06418196552716328
sequences,0.5,48,10,-12.3,10.68,q3,"(100, 100)",0.0006542026254218494,0.0642637696076617,-1.533713990816735e-19,0.06418196552716328
sequences,0.5,48,10,-12.3,10.68,q4,"(100, 100)",-0.0006467585527095528,0.06314154303328726,-1.533713990816735e-19,0.06418196552716328
sequences,0.5,49,10,-12.3,10.68,q1,"(100, 100)",-0.0007640136138822417,0.06464568389886623,8.136056503743818e-20,0.06396125167785705
sequences,0.5,49,10,-12.3,10.68,q2,"(100, 100)",0.0007394822267433551,0.06435474783370397,8.136056503743818e-20,0.06396125167785705
sequences,0.5,49,10,-12.3,10.68,q3,"(100, 100)",-0.00023433176974195464,0.06328117051861279,8.136056503743818e-20,0.06396125167785705
sequences,0.5,49,10,-12.3,10.68,q4,"(100, 100)",0.0002389899821458546,0.0635605303000654,8.136056503743818e-20,0.06396125167785705
sequences,0.5,0,11,-17.0,8.65,q1,"(100, 100)",0.00026802648436551117,0.06497970713410176,-1.48761145582468e-19,0.06429709142125577
sequences,0.5,0,11,-17.0,8.65,q2,"(100, 100)",-0.0002627014548748054,0.06447555324693639,-1.48761145582468e-19,0.06429709142125577
sequences,0.5,0,11,-17.0,8.65,q3,"(100, 100)",8.204963020436329e-05,0.0642361521738098,-1.48761145582468e-19,0.06429709142125577
sequences,0.5,0,11,-17.0,8.65,q4,"(100, 100)",-8.47640961422297e-05,0.06347669032717732,-1.48761145582468e-19,0.06429709142125577
sequences,0.5,1,11,-17.0,8.65,q1,"(100, 100)",-0.00047645750467309667,0.06392863258700342,-1.533072215776641e-19,0.06374922242277913
sequences,0.5,1,11,-17.0,8.65,q2,"(100, 100)",0.00046172008926037176,0.0628568525970563,-1.533072215776641e-19,0.06374922242277913
sequences,0.5,1,11,-17.0,8.65,q3,"(100, 100)",-0.00031472567227967623,0.06411629320165824,-1.533072215776641e-19,0.06374922242277913
sequences,0.5,1,11,-17.0,8.65,q4,"(100, 100)",0.00030938956546908305,0.06410077661215965,-1.533072215776641e-19,0.06374922242277913
sequences,0.5,2,11,-17.0,8.65,q1,"(100, 100)",1.5666812626116827e-05,0.06392606052215169,1.7422733270607369e-19,0.06317615173161799
sequences,0.5,2,11,-17.0,8.65,q2,"(100, 100)",-1.6135291724115764e-05,0.06347850741866545,1.7422733270607369e-19,0.06317615173161799
sequences,0.5,2,11,-17.0,8.65,q3,"(100, 100)",-9.513907737154373e-05,0.06225987712966163,1.7422733270607369e-19,0.06317615173161799
sequences,0.5,2,11,-17.0,8.65,q4,"(100, 100)",9.359461182979795e-05,0.06306230495727193,1.7422733270607369e-19,0.06317615173161799
sequences,0.5,3,11,-17.0,8.65,q1,"(100, 100)",0.000278330842027431,0.06350532571302749,-9.065132308931644e-20,0.06446143997028712
sequences,0.5,3,11,-17.0,8.65,q2,"(100, 100)",-0.0002800036150346077,0.06571656794908486,-9.065132308931644e-20,0.06446143997028712
sequences,0.5,3,11,-17.0,8.65,q3,"(100, 100)",-0.0006925351152806807,0.06440125406833451,-9.065132308931644e-20,0.06446143997028712
sequences,0.5,3,11,-17.0,8.65,q4,"(100, 100)",0.0006857979403920067,0.06419783500330074,-9.065132308931644e-20,0.06446143997028712
sequences,0.5,4,11,-17.0,8.65,q1,"(100, 100)",0.00022699080434671398,0.06377857172622016,5.583218630249719e-20,0.06391955252693193
sequences,0.5,4,11,-17.0,8.65,q2,"(100, 100)",-0.00022745326438952592,0.06287348028066385,5.583218630249719e-20,0.06391955252693193
sequences,0.5,4,11,-17.0,8.65,q3,"(100, 100)",0.0009347077410647685,0.06319817487819025,5.583218630249719e-20,0.06391955252693193
sequences,0.5,4,11,-17.0,8.65,q4,"(100, 100)",-0.0009614136765237616,0.06578190275152206,5.583218630249719e-20,0.06391955252693193
sequences,0.5,5,11,-17.0,8.65,q1,"(100, 100)",-0.0014792942623386548,0.06398495401533878,-4.649954031768959e-21,0.06390489170463688
sequences,0.5,5,11,-17.0,8.65,q2,"(100, 100)",0.0014708439926949192,0.06429875183503003,-4.649954031768959e-21,0.06390489170463688
sequences,0.5,5,11,-17.0,8.65,q3,"(100, 100)",-0.0007344676001070824,0.06376126434510242,-4.649954031768959e-21,0.06390489170463688
sequences,0.5,5,11,-17.0,8.65,q4,"(100, 100)",0.000749547547467074,0.0635319769640954,-4.649954031768959e-21,0.06390489170463688
sequences,0.5,6,11,-17.0,8.65,q1,"(100, 100)",8.961834214743237e-05,0.06538621402691855,-1.1144020322460793e-19,0.06492081937511224
sequences,0.5,6,11,-17.0,8.65,q2,"(100, 100)",-8.708058204711018e-05,0.06470800317220926,-1.1144020322460793e-19,0.06492081937511224
sequences,0.5,6,11,-17.0,8.65,q3,"(100, 100)",0.0010810920531772242,0.06552141407385435,-1.1144020322460793e-19,0.06492081937511224
sequences,0.5,6,11,-17.0,8.65,q4,"(100, 100)",-0.0010814544708953528,0.0640474989626066,-1.1144020322460793e-19,0.06492081937511224
sequences,0.5,7,11,-17.0,8.65,q1,"(100, 100)",-0.000534019675026869,0.06347885824417157,-5.579477466915939e-20,0.0631906677358236
sequences,0.5,7,11,-17.0,8.65,q2,"(100, 100)",0.0005217970772813866,0.06223158102325955,-5.579477466915939e-20,0.0631906677358236
sequences,0.5,7,11,-17.0,8.65,q3,"(100, 100)",-0.0001272707532335969,0.062317001542924605,-5.579477466915939e-20,0.0631906677358236
sequences,0.5,7,11,-17.0,8.65,q4,"(100, 100)",0.00012440747251200643,0.06466570235399205,-5.579477466915939e-20,0.0631906677358236
sequences,0.5,8,11,-17.0,8.65,q1,"(100, 100)",-0.0010571770483334567,0.06400065807810676,-1.393585386558774e-20,0.06348448152838233
sequences,0.5,8,11,-17.0,8.65,q2,"(100, 100)",0.0010466333942609819,0.06420240489049901,-1.393585386558774e-20,0.06348448152838233
sequences,0.5,8,11,-17.0,8.65,q3,"(100, 100)",0.00013381383454325502,0.06303722169006122,-1.393585386558774e-20,0.06348448152838233
sequences,0.5,8,11,-17.0,8.65,q4,"(100, 100)",-0.0001380069111025116,0.06265527612518498,-1.393585386558774e-20,0.06348448152838233
sequences,0.5,9,11,-17.0,8.65,q1,"(100, 100)",-8.719804270726337e-05,0.06441540112477198,-2.0916032867843944e-20,0.06392697900503061
sequences,0.5,9,11,-17.0,8.65,q2,"(100, 100)",8.574425740037324e-05,0.06330322170605722,-2.0916032867843944e-20,0.06392697900503061
sequences,0.5,9,11,-17.0,8.65,q3,"(100, 100)",0.00011516934819042678,0.06400584752628716,-2.0916032867843944e-20,0.06392697900503061
sequences,0.5,9,11,-17.0,8.65,q4,"(100, 100)",-0.00011482407033109483,0.0639864102867267,-2.0916032867843944e-20,0.06392697900503061
sequences,0.5,10,11,-17.0,8.65,q1,"(100, 100)",-0.0001802786258117711,0.06468618022087443,-3.1159912303068654e-19,0.0645960659172448
sequences,0.5,10,11,-17.0,8.65,q2,"(100, 100)",0.00017537227091081985,0.06435277827027233,-3.1159912303068654e-19,0.0645960659172448
sequences,0.5,10,11,-17.0,8.65,q3,"(100, 100)",0.000862280536698209,0.06450929806224014,-3.1159912303068654e-19,0.0645960659172448
sequences,0.5,10,11,-17.0,8.65,q4,"(100, 100)",-0.000858260580816166,0.06482567180676625,-3.1159912303068654e-19,0.0645960659172448
sequences,0.5,11,11,-17.0,8.65,q1,"(100, 100)",-0.0003277234950269612,0.06444527528844587,2.3263410959373827e-19,0.06447369232242382
sequences,0.5,11,11,-17.0,8.65,q2,"(100, 100)",0.0003205943748319122,0.0636435195398069,2.3263410959373827e-19,0.06447369232242382
sequences,0.5,11,11,-17.0,8.65,q3,"(100, 100)",0.00031451883909294157,0.06469825099716633,2.3263410959373827e-19,0.06447369232242382
sequences,0.5,11,11,-17.0,8.65,q4,"(100, 100)",-0.00031462495206159634,0.0651150486295442,2.3263410959373827e-19,0.06447369232242382
sequences,0.5,12,11,-17.0,8.65,q1,"(100, 100)",-0.001250920040204732,0.0632293331173924,3.0441898908635196e-19,0.0636392464754722
sequences,0.5,12,11,-17.0,8.65,q2,"(100, 100)",0.0012273878810325645,0.06385442346296971,3.0441898908635196e-19,0.0636392464754722
sequences,0.5,12,11,-17.0,8.65,q3,"(100, 100)",-0.00021054680432107026,0.06464245252844665,3.0441898908635196e-19,0.0636392464754722
sequences,0.5,12,11,-17.0,8.65,q4,"(100, 100)",0.00021738975553916884,0.06275578555545495,3.0441898908635196e-19,0.0636392464754722
sequences,0.5,13,11,-17.0,8.65,q1,"(100, 100)",-0.00012096398193517068,0.06460024869747898,-1.8606050354033126e-20,0.06448184900276208
sequences,0.5,13,11,-17.0,8.65,q2,"(100, 100)",0.00012120688149728951,0.06477918761264512,-1.8606050354033126e-20,0.06448184900276208
sequences,0.5,13,11,-17.0,8.65,q3,"(100, 100)",0.000951090968166865,0.06389465783833871,-1.8606050354033126e-20,0.06448184900276208
sequences,0.5,13,11,-17.0,8.65,q4,"(100, 100)",-0.0009711139359177458,0.064640914855564,-1.8606050354033126e-20,0.06448184900276208
sequences,0.5,14,11,-17.0,8.65,q1,"(100, 100)",-0.0002326579759509356,0.06553933620430687,-3.7221457534998124e-20,0.06494351450229462
sequences,0.5,14,11,-17.0,8.65,q2,"(100, 100)",0.00023029196263618087,0.06447542474265448,-3.7221457534998124e-20,0.06494351450229462
sequences,0.5,14,11,-17.0,8.65,q3,"(100, 100)",0.0020949119285014702,0.06562160801288734,-3.7221457534998124e-20,0.06494351450229462
sequences,0.5,14,11,-17.0,8.65,q4,"(100, 100)",-0.0020969867834983356,0.06406399678574604,-3.7221457534998124e-20,0.06494351450229462
sequences,0.5,15,11,-17.0,8.65,q1,"(100, 100)",0.00012730910307748484,0.06510094144053681,3.717783255337485e-20,0.06403075731668781
sequences,0.5,15,11,-17.0,8.65,q2,"(100, 100)",-0.00012128263665961557,0.06358580209351367,3.717783255337485e-20,0.06403075731668781
sequences,0.5,15,11,-17.0,8.65,q3,"(100, 100)",-0.0005868231584868024,0.06382549120882723,3.717783255337485e-20,0.06403075731668781
sequences,0.5,15,11,-17.0,8.65,q4,"(100, 100)",0.0006105513120239851,0.06363248851147975,3.717783255337485e-20,0.06403075731668781
sequences,0.5,16,11,-17.0,8.65,q1,"(100, 100)",-0.0002379324844938992,0.0631743326359893,6.505031532917131e-20,0.06397380108945777
sequences,0.5,16,11,-17.0,8.65,q2,"(100, 100)",0.00023825185695630733,0.06413751820436588,6.505031532917131e-20,0.06397380108945777
sequences,0.5,16,11,-17.0,8.65,q3,"(100, 100)",0.0003986871940900452,0.06375508858701816,6.505031532917131e-20,0.06397380108945777
sequences,0.5,16,11,-17.0,8.65,q4,"(100, 100)",-0.0004123789338394823,0.06483037933243434,6.505031532917131e-20,0.06397380108945777
sequences,0.5,17,11,-17.0,8.65,q1,"(100, 100)",0.0008303581760443677,0.06330068224817775,-5.581347421659773e-20,0.06398826979192392
sequences,0.5,17,11,-17.0,8.65,q2,"(100, 100)",-0.0008148167128563708,0.06338913593585391,-5.581347421659773e-20,0.06398826979192392
sequences,0.5,17,11,-17.0,8.65,q3,"(100, 100)",-0.0006517532827812367,0.06544153475722318,-5.581347421659773e-20,0.06398826979192392
sequences,0.5,17,11,-17.0,8.65,q4,"(100, 100)",0.000655452717107541,0.06375874100973329,-5.581347421659773e-20,0.06398826979192392
sequences,0.5,18,11,-17.0,8.65,q1,"(100, 100)",-2.2969197043872382e-05,0.0628748008686685,4.6503435730298927e-20,0.06367309933058396
sequences,0.5,18,11,-17.0,8.65,q2,"(100, 100)",2.3862269507379886e-05,0.06354308241897273,4.6503435730298927e-20,0.06367309933058396
sequences,0.5,18,11,-17.0,8.65,q3,"(100, 100)",0.00019975703762578937,0.06458666801913898,4.6503435730298927e-20,0.06367309933058396
sequences,0.5,18,11,-17.0,8.65,q4,"(100, 100)",-0.00020887742417032446,0.06367053248176627,4.6503435730298927e-20,0.06367309933058396
sequences,0.5,19,11,-17.0,8.65,q1,"(100, 100)",-0.0008673819924184799,0.06314740186240055,-1.1851426292674772e-19,0.06291874145714116
sequences,0.5,19,11,-17.0,8.65,q2,"(100, 100)",0.000874072061441157,0.06190355987049441,-1.1851426292674772e-19,0.06291874145714116
sequences,0.5,19,11,-17.0,8.65,q3,"(100, 100)",-0.0019605634282994495,0.06370473292286334,-1.1851426292674772e-19,0.06291874145714116
sequences,0.5,19,11,-17.0,8.65,q4,"(100, 100)",0.0019092431795136124,0.06284472488057906,-1.1851426292674772e-19,0.06291874145714116
sequences,0.5,20,11,-17.0,8.65,q1,"(100, 100)",-0.0007241786134749353,0.06435718871826873,1.3013330831172297e-19,0.06456363355524752
sequences,0.5,20,11,-17.0,8.65,q2,"(100, 100)",0.0007275888053984638,0.06421140414827894,1.3013330831172297e-19,0.06456363355524752
sequences,0.5,20,11,-17.0,8.65,q3,"(100, 100)",-0.0009502025187518476,0.06462691766039885,1.3013330831172297e-19,0.06456363355524752
sequences,0.5,20,11,-17.0,8.65,q4,"(100, 100)",0.0009779127312349472,0.06503678744284418,1.3013330831172297e-19,0.06456363355524752
sequences,0.5,21,11,-17.0,8.65,q1,"(100, 100)",-0.0016571569720604457,0.0644525711819749,2.2081732547397597e-19,0.06381772916080233
sequences,0.5,21,11,-17.0,8.65,q2,"(100, 100)",0.0015709652944164766,0.06412359587894306,2.2081732547397597e-19,0.06381772916080233
sequences,0.5,21,11,-17.0,8.65,q3,"(100, 100)",0.0016064913944942043,0.06440862735467556,2.2081732547397597e-19,0.06381772916080233
sequences,0.5,21,11,-17.0,8.65,q4,"(100, 100)",-0.0016248451268237746,0.06217807721413415,2.2081732547397597e-19,0.06381772916080233
sequences,0.5,22,11,-17.0,8.65,q1,"(100, 100)",0.0003018718559968722,0.06399451108995775,-1.3954537765524844e-19,0.06393892116243567
sequences,0.5,22,11,-17.0,8.65,q2,"(100, 100)",-0.0003062541955673877,0.06451300961775508,-1.3954537765524844e-19,0.06393892116243567
sequences,0.5,22,11,-17.0,8.65,q3,"(100, 100)",0.000280178639273479,0.06391626368696962,-1.3954537765524844e-19,0.06393892116243567
sequences,0.5,22,11,-17.0,8.65,q4,"(100, 100)",-0.00027784070002720554,0.06332993049685609,-1.3954537765524844e-19,0.06393892116243567
sequences,0.5,23,11,-17.0,8.65,q1,"(100, 100)",0.0007343313898475368,0.06481691305258747,-2.2319779352491e-19,0.06386973030187065
sequences,0.5,23,11,-17.0,8.65,q2,"(100, 100)",-0.00074699655754528,0.06379885677198852,-2.2319779352491e-19,0.06386973030187065
sequences,0.5,23,11,-17.0,8.65,q3,"(100, 100)",-0.0009231028873349083,0.0635686086025892,-2.2319779352491e-19,0.06386973030187065
sequences,0.5,23,11,-17.0,8.65,q4,"(100, 100)",0.0009068651000701393,0.06325732380000793,-2.2319779352491e-19,0.06386973030187065
sequences,0.5,24,11,-17.0,8.65,q1,"(100, 100)",-0.0003674082088485428,0.06407251723184383,4.882042783551446e-20,0.06416420471563726
sequences,0.5,24,11,-17.0,8.65,q2,"(100, 100)",0.0003480646111949734,0.06318071265244518,4.882042783551446e-20,0.06416420471563726
sequences,0.5,24,11,-17.0,8.65,q3,"(100, 100)",-0.00010910626250510989,0.0656741256970428,4.882042783551446e-20,0.06416420471563726
sequences,0.5,24,11,-17.0,8.65,q4,"(100, 100)",0.00011161445244775654,0.06369617453263474,4.882042783551446e-20,0.06416420471563726
sequences,0.5,25,11,-17.0,8.65,q1,"(100, 100)",0.00015784961720394228,0.0634697223837752,-1.0228185318992229e-19,0.0641214895672275
sequences,0.5,25,11,-17.0,8.65,q2,"(100, 100)",-0.0001610612065671975,0.06383877836993006,-1.0228185318992229e-19,0.0641214895672275
sequences,0.5,25,11,-17.0,8.65,q3,"(100, 100)",0.0017645444729279982,0.06507968065136224,-1.0228185318992229e-19,0.0641214895672275
sequences,0.5,25,11,-17.0,8.65,q4,"(100, 100)",-0.0016985477308302979,0.06405904226946282,-1.0228185318992229e-19,0.0641214895672275
sequences,0.5,26,11,-17.0,8.65,q1,"(100, 100)",-0.0007996567149042651,0.0636305117319782,2.324782277881641e-20,0.06420330704227345
sequences,0.5,26,11,-17.0,8.65,q2,"(100, 100)",0.0007918695944434778,0.06549606242395534,2.324782277881641e-20,0.06420330704227345
sequences,0.5,26,11,-17.0,8.65,q3,"(100, 100)",2.091847002357346e-05,0.06467675918640757,2.324782277881641e-20,0.06420330704227345
sequences,0.5,26,11,-17.0,8.65,q4,"(100, 100)",-2.115641849490239e-05,0.06296257364538081,2.324782277881641e-20,0.06420330704227345
sequences,0.5,27,11,-17.0,8.65,q1,"(100, 100)",0.00011083132320498493,0.06432776581175596,5.579010173995762e-20,0.06308454377467604
sequences,0.5,27,11,-17.0,8.65,q2,"(100, 100)",-0.00011367315200511269,0.06179337481091309,5.579010173995762e-20,0.06308454377467604
sequences,0.5,27,11,-17.0,8.65,q3,"(100, 100)",0.00043955100620953955,0.06238267170302573,5.579010173995762e-20,0.06308454377467604
sequences,0.5,27,11,-17.0,8.65,q4,"(100, 100)",-0.00045125635905499627,0.06378400569091172,5.579010173995762e-20,0.06308454377467604
sequences,0.5,28,11,-17.0,8.65,q1,"(100, 100)",0.00038767949497024967,0.06486747540865714,-1.393468778292808e-20,0.06342287010697205
sequences,0.5,28,11,-17.0,8.65,q2,"(100, 100)",-0.0004034355946633708,0.06401827715348643,-1.393468778292808e-20,0.06342287010697205
sequences,0.5,28,11,-17.0,8.65,q3,"(100, 100)",-0.0006345739766094061,0.061647689065600225,-1.393468778292808e-20,0.06342287010697205
sequences,0.5,28,11,-17.0,8.65,q4,"(100, 100)",0.0006619094709864272,0.06311777642929602,-1.393468778292808e-20,0.06342287010697205
sequences,0.5,29,11,-17.0,8.65,q1,"(100, 100)",-0.0004589856716353675,0.06441505145098159,1.674404226497932e-19,0.06428195644554517
sequences,0.5,29,11,-17.0,8.65,q2,"(100, 100)",0.00044317415735659044,0.0634254502873451,1.674404226497932e-19,0.06428195644554517
sequences,0.5,29,11,-17.0,8.65,q3,"(100, 100)",-0.0008302338586717792,0.06518870746078119,1.674404226497932e-19,0.06428195644554517
sequences,0.5,29,11,-17.0,8.65,q4,"(100, 100)",0.000858069273707645,0.06407639473483326,1.674404226497932e-19,0.06428195644554517
sequences,0.5,30,11,-17.0,8.65,q1,"(100, 100)",9.04009560874155e-05,0.0638401458189327,1.1157085918685101e-19,0.0644199365871482
sequences,0.5,30,11,-17.0,8.65,q2,"(100, 100)",-8.63108203595502e-05,0.06407540955107588,1.1157085918685101e-19,0.0644199365871482
sequences,0.5,30,11,-17.0,8.65,q3,"(100, 100)",0.0007445032718054894,0.06424496195542415,1.1157085918685101e-19,0.0644199365871482
sequences,0.5,30,11,-17.0,8.65,q4,"(100, 100)",-0.0007139868722454727,0.0654523248491484,1.1157085918685101e-19,0.0644199365871482
sequences,0.5,31,11,-17.0,8.65,q1,"(100, 100)",-0.00040273085542848316,0.064606147613735,1.1621964498630312e-19,0.06383970374484686
sequences,0.5,31,11,-17.0,8.65,q2,"(100, 100)",0.0003851812539169125,0.06402478605189432,1.1621964498630312e-19,0.06383970374484686
sequences,0.5,31,11,-17.0,8.65,q3,"(100, 100)",-0.00019056559809947253,0.06359544673563604,1.1621964498630312e-19,0.06383970374484686
sequences,0.5,31,11,-17.0,8.65,q4,"(100, 100)",0.00019291342887687823,0.06310074226166117,1.1621964498630312e-19,0.06383970374484686
sequences,0.5,32,11,-17.0,8.65,q1,"(100, 100)",-0.0009747972955986644,0.06444872865517332,-1.373692610789452e-19,0.0636750305442866
sequences,0.5,32,11,-17.0,8.65,q2,"(100, 100)",0.0009430386071117401,0.06308914523418965,-1.373692610789452e-19,0.0636750305442866
sequences,0.5,32,11,-17.0,8.65,q3,"(100, 100)",-0.00035192122921616715,0.063590731712384,-1.373692610789452e-19,0.0636750305442866
sequences,0.5,32,11,-17.0,8.65,q4,"(100, 100)",0.00036178929071107875,0.06357249064528887,-1.373692610789452e-19,0.0636750305442866
sequences,0.5,33,11,-17.0,8.65,q1,"(100, 100)",-0.0006861824300537242,0.0653444431650908,1.8604491405532577e-20,0.06465894075878345
sequences,0.5,33,11,-17.0,8.65,q2,"(100, 100)",0.0006636106395914305,0.06427190066007073,1.8604491405532577e-20,0.06465894075878345
sequences,0.5,33,11,-17.0,8.65,q3,"(100, 100)",-0.0008232900815230692,0.06459346357049733,1.8604491405532577e-20,0.06465894075878345
sequences,0.5,33,11,-17.0,8.65,q4,"(100, 100)",0.000829674326929351,0.06441915720669943,1.8604491405532577e-20,0.06465894075878345
sequences,0.5,34,11,-17.0,8.65,q1,"(100, 100)",7.66380717654432e-05,0.06426367188044474,2.324587572498234e-20,0.06335415588809412
sequences,0.5,34,11,-17.0,8.65,q2,"(100, 100)",-7.80300586755072e-05,0.06289256218185549,2.324587572498234e-20,0.06335415588809412
sequences,0.5,34,11,-17.0,8.65,q3,"(100, 100)",0.000790086424018042,0.06293115580240112,2.324587572498234e-20,0.06335415588809412
sequences,0.5,34,11,-17.0,8.65,q4,"(100, 100)",-0.0007882605392481091,0.06330939740522708,2.324587572498234e-20,0.06335415588809412
sequences,0.5,35,11,-17.0,8.65,q1,"(100, 100)",0.0003105266852455974,0.06424632344961964,6.512117623911594e-20,0.06321308892147226
sequences,0.5,35,11,-17.0,8.65,q2,"(100, 100)",-0.00029223051393816415,0.06313242052881757,6.512117623911594e-20,0.06321308892147226
sequences,0.5,35,11,-17.0,8.65,q3,"(100, 100)",0.0012503099076085562,0.0626129151265913,6.512117623911594e-20,0.06321308892147226
sequences,0.5,35,11,-17.0,8.65,q4,"(100, 100)",-0.0012387022559464077,0.06286680119103319,6.512117623911594e-20,0.06321308892147226
sequences,0.5,36,11,-17.0,8.65,q1,"(100, 100)",-0.00011028102149020683,0.06332005756874264,0.0,0.06403989229951028
sequences,0.5,36,11,-17.0,8.65,q2,"(100, 100)",0.0001064881923855642,0.06459797534714423,0.0,0.06403989229951028
sequences,0.5,36,11,-17.0,8.65,q3,"(100, 100)",-0.00045209391009172045,0.06501304130580289,0.0,0.06403989229951028
sequences,0.5,36,11,-17.0,8.65,q4,"(100, 100)",0.00046381657715653505,0.06316047645543649,0.0,0.06403989229951028
sequences,0.5,37,11,-17.0,8.65,q1,"(100, 100)",0.0008564281617825887,0.06496249134620716,1.3235738392795515e-19,0.06408994390572742
sequences,0.5,37,11,-17.0,8.65,q2,"(100, 100)",-0.0008274063436756703,0.06339076430135492,1.3235738392795515e-19,0.06408994390572742
sequences,0.5,37,11,-17.0,8.65,q3,"(100, 100)",-0.002269337482783041,0.06367955516377113,1.3235738392795515e-19,0.06408994390572742
sequences,0.5,37,11,-17.0,8.65,q4,"(100, 100)",0.002304961685084579,0.06425786552710427,1.3235738392795515e-19,0.06408994390572742
sequences,0.5,38,11,-17.0,8.65,q1,"(100, 100)",0.0010320935015748517,0.06250309246824394,-1.1381899783796274e-19,0.06376991972402205
sequences,0.5,38,11,-17.0,8.65,q2,"(100, 100)",-0.0010022225319683943,0.06357184819290712,-1.1381899783796274e-19,0.06376991972402205
sequences,0.5,38,11,-17.0,8.65,q3,"(100, 100)",-6.131833897561866e-05,0.0641131075631572,-1.1381899783796274e-19,0.06376991972402205
sequences,0.5,38,11,-17.0,8.65,q4,"(100, 100)",6.393824766023276e-05,0.06482902440946565,-1.1381899783796274e-19,0.06376991972402205
sequences,0.5,39,11,-17.0,8.65,q1,"(100, 100)",-0.00035398617590116406,0.06450739444104553,3.484838321205606e-20,0.06443770618093718
sequences,0.5,39,11,-17.0,8.65,q2,"(100, 100)",0.00035842901460820013,0.06446248280398365,3.484838321205606e-20,0.06443770618093718
sequences,0.5,39,11,-17.0,8.65,q3,"(100, 100)",0.00012072321711090642,0.0649766425874256,3.484838321205606e-20,0.06443770618093718
sequences,0.5,39,11,-17.0,8.65,q4,"(100, 100)",-0.00011889045539899162,0.06380669253428092,3.484838321205606e-20,0.06443770618093718
sequences,0.5,40,11,-17.0,8.65,q1,"(100, 100)",-0.000985438098994834,0.0636924117317859,-8.844544011688878e-20,0.06425321319667711
sequences,0.5,40,11,-17.0,8.65,q2,"(100, 100)",0.0010065546296875803,0.06433049343136202,-8.844544011688878e-20,0.06425321319667711
sequences,0.5,40,11,-17.0,8.65,q3,"(100, 100)",0.002096224017959856,0.06486256928427678,-8.844544011688878e-20,0.06425321319667711
sequences,0.5,40,11,-17.0,8.65,q4,"(100, 100)",-0.0021602634482437624,0.06402672770420947,-8.844544011688878e-20,0.06425321319667711
sequences,0.5,41,11,-17.0,8.65,q1,"(100, 100)",0.000224896936467894,0.06218302194072225,-1.4408822642292494e-19,0.06395362576184457
sequences,0.5,41,11,-17.0,8.65,q2,"(100, 100)",-0.0002199980420743239,0.0659406132052267,-1.4408822642292494e-19,0.06395362576184457
sequences,0.5,41,11,-17.0,8.65,q3,"(100, 100)",-0.0009413013223099718,0.06307549536488255,-1.4408822642292494e-19,0.06395362576184457
sequences,0.5,41,11,-17.0,8.65,q4,"(100, 100)",0.0009525894127840418,0.06451095365146077,-1.4408822642292494e-19,0.06395362576184457
sequences,0.5,42,11,-17.0,8.65,q1,"(100, 100)",0.0004930344766597731,0.06493910359121778,8.958665838377878e-20,0.06418442343593729
sequences,0.5,42,11,-17.0,8.65,q2,"(100, 100)",-0.0004927041353018769,0.06403821361859367,8.958665838377878e-20,0.06418442343593729
sequences,0.5,42,11,-17.0,8.65,q3,"(100, 100)",-7.210707315328389e-05,0.06441851451260942,8.958665838377878e-20,0.06418442343593729
sequences,0.5,42,11,-17.0,8.65,q4,"(100, 100)",7.613651290865922e-05,0.06329593005859611,8.958665838377878e-20,0.06418442343593729
sequences,0.5,43,11,-17.0,8.65,q1,"(100, 100)",-7.771233512211787e-06,0.06606473521535317,-1.6266663538965372e-20,0.06459140309608415
sequences,0.5,43,11,-17.0,8.65,q2,"(100, 100)",7.863154151930637e-06,0.0625419862536683,-1.6266663538965372e-20,0.06459140309608415
sequences,0.5,43,11,-17.0,8.65,q3,"(100, 100)",-0.00018430334603038807,0.06445742974591032,-1.6266663538965372e-20,0.06459140309608415
sequences,0.5,43,11,-17.0,8.65,q4,"(100, 100)",0.00018510493301546503,0.06522620241276794,-1.6266663538965372e-20,0.06459140309608415
sequences,0.5,44,11,-17.0,8.65,q1,"(100, 100)",-0.0006043020119088032,0.06280933001342712,-2.0912530811273356e-20,0.06356476289277935
sequences,0.5,44,11,-17.0,8.65,q2,"(100, 100)",0.000614432288536765,0.06324553428373748,-2.0912530811273356e-20,0.06356476289277935
sequences,0.5,44,11,-17.0,8.65,q3,"(100, 100)",0.0001245525725412968,0.06382635801416642,-2.0912530811273356e-20,0.06356476289277935
sequences,0.5,44,11,-17.0,8.65,q4,"(100, 100)",-0.00013002278687588106,0.06434864142111209,-2.0912530811273356e-20,0.06356476289277935
sequences,0.5,45,11,-17.0,8.65,q1,"(100, 100)",5.214669483039811e-05,0.06349897254245107,2.231043505903354e-19,0.0646172334035046
sequences,0.5,45,11,-17.0,8.65,q2,"(100, 100)",-5.1688649537968717e-05,0.0662658027510357,2.231043505903354e-19,0.0646172334035046
sequences,0.5,45,11,-17.0,8.65,q3,"(100, 100)",0.0016170336891571317,0.06385453303633847,2.231043505903354e-19,0.0646172334035046
sequences,0.5,45,11,-17.0,8.65,q4,"(100, 100)",-0.0016510708165934493,0.06478492153601173,2.231043505903354e-19,0.0646172334035046
sequences,0.5,46,11,-17.0,8.65,q1,"(100, 100)",0.00033088972676463703,0.0625711250427997,0.0,0.06362508083975307
sequences,0.5,46,11,-17.0,8.65,q2,"(100, 100)",-0.00030480656263530713,0.06453378651656266,0.0,0.06362508083975307
sequences,0.5,46,11,-17.0,8.65,q3,"(100, 100)",1.1985306976751959e-05,0.06363136303166979,0.0,0.06362508083975307
sequences,0.5,46,11,-17.0,8.65,q4,"(100, 100)",-1.2169265642394132e-05,0.0636659261610322,0.0,0.06362508083975307
sequences,0.5,47,11,-17.0,8.65,q1,"(100, 100)",0.001046959896651081,0.06504132028976962,-1.4867399057584956e-19,0.06438097469779819
sequences,0.5,47,11,-17.0,8.65,q2,"(100, 100)",-0.0010459037837761817,0.06536238138720772,-1.4867399057584956e-19,0.06438097469779819
sequences,0.5,47,11,-17.0,8.65,q3,"(100, 100)",-0.00015288188405773961,0.0629873927174622,-1.4867399057584956e-19,0.06438097469779819
sequences,0.5,47,11,-17.0,8.65,q4,"(100, 100)",0.00015508789782098928,0.06411284687735214,-1.4867399057584956e-19,0.06438097469779819
sequences,0.5,48,11,-17.0,8.65,q1,"(100, 100)",0.0004265715411000817,0.06356500430847249,-9.287460470345964e-20,0.06362405577523744
sequences,0.5,48,11,-17.0,8.65,q2,"(100, 100)",-0.0004191578645836369,0.06429586946515618,-9.287460470345964e-20,0.06362405577523744
sequences,0.5,48,11,-17.0,8.65,q3,"(100, 100)",0.0001919533757959488,0.0634630032409906,-9.287460470345964e-20,0.06362405577523744
sequences,0.5,48,11,-17.0,8.65,q4,"(100, 100)",-0.00020069038406926985,0.06315965228011937,-9.287460470345964e-20,0.06362405577523744
sequences,0.5,49,11,-17.0,8.65,q1,"(100, 100)",-0.00014105002247689628,0.06396919359118496,1.9052044202926259e-19,0.06380709399744913
sequences,0.5,49,11,-17.0,8.65,q2,"(100, 100)",0.00014383701220433708,0.06428877398367001,1.9052044202926259e-19,0.06380709399744913
sequences,0.5,49,11,-17.0,8.65,q3,"(100, 100)",-4.407203487414405e-05,0.06280331865618359,1.9052044202926259e-19,0.06380709399744913
sequences,0.5,49,11,-17.0,8.65,q4,"(100, 100)",4.459670195597909e-05,0.0641543623931362,1.9052044202926259e-19,0.06380709399744913
sequences,0.5,0,12,-22.0,7.18,q1,"(100, 100)",0.0007309353746291178,0.06409663902468418,1.9518362090521797e-19,0.06400579625626653
sequences,0.5,0,12,-22.0,7.18,q2,"(100, 100)",-0.0007199968671936966,0.06352632848914674,1.9518362090521797e-19,0.06400579625626653
sequences,0.5,0,12,-22.0,7.18,q3,"(100, 100)",3.9034475686935e-05,0.064226170499032,1.9518362090521797e-19,0.06400579625626653
sequences,0.5,0,12,-22.0,7.18,q4,"(100, 100)",-3.9401982519225725e-05,0.06416691786535314,1.9518362090521797e-19,0.06400579625626653
sequences,0.5,1,12,-22.0,7.18,q1,"(100, 100)",-0.0013859841801018259,0.06328184476566263,-5.115806497518734e-20,0.06338792211319838
sequences,0.5,1,12,-22.0,7.18,q2,"(100, 100)",0.0013975071613131808,0.06252088828517072,-5.115806497518734e-20,0.06338792211319838
sequences,0.5,1,12,-22.0,7.18,q3,"(100, 100)",-4.519218119850098e-05,0.06322318014776156,-5.115806497518734e-20,0.06338792211319838
sequences,0.5,1,12,-22.0,7.18,q4,"(100, 100)",4.5330336643740826e-05,0.06450050429138021,-5.115806497518734e-20,0.06338792211319838
sequences,0.5,2,12,-22.0,7.18,q1,"(100, 100)",0.0002380324206459257,0.06420434901076226,-3.488342138537358e-20,0.0643991034939352
sequences,0.5,2,12,-22.0,7.18,q2,"(100, 100)",-0.00023055455028833145,0.06463403037094069,-3.488342138537358e-20,0.0643991034939352
sequences,0.5,2,12,-22.0,7.18,q3,"(100, 100)",0.0010536564412583784,0.06475075645514407,-3.488342138537358e-20,0.0643991034939352
sequences,0.5,2,12,-22.0,7.18,q4,"(100, 100)",-0.0010501395639511079,0.06398086589330734,-3.488342138537358e-20,0.0643991034939352
sequences,0.5,3,12,-22.0,7.18,q1,"(100, 100)",-0.0008022714844178888,0.06320387013192008,-1.3246820816301165e-19,0.06411748720477473
sequences,0.5,3,12,-22.0,7.18,q2,"(100, 100)",0.0008123818539422281,0.06326749000145225,-1.3246820816301165e-19,0.06411748720477473
sequences,0.5,3,12,-22.0,7.18,q3,"(100, 100)",-0.0005685891240533413,0.06535975278312678,-1.3246820816301165e-19,0.06411748720477473
sequences,0.5,3,12,-22.0,7.18,q4,"(100, 100)",0.0005716125291662865,0.0645600604825956,-1.3246820816301165e-19,0.06411748720477473
sequences,0.5,4,12,-22.0,7.18,q1,"(100, 100)",0.001505787078471735,0.0642184299448966,-9.292902189881614e-21,0.0639895128211486
sequences,0.5,4,12,-22.0,7.18,q2,"(100, 100)",-0.0015484716165568289,0.06406287106243964,-9.292902189881614e-21,0.0639895128211486
sequences,0.5,4,12,-22.0,7.18,q3,"(100, 100)",-0.0013329848622549078,0.06341695196109413,-9.292902189881614e-21,0.0639895128211486
sequences,0.5,4,12,-22.0,7.18,q4,"(100, 100)",0.0014172119277270595,0.06421658613171739,-9.292902189881614e-21,0.0639895128211486
sequences,0.5,5,12,-22.0,7.18,q1,"(100, 100)",-8.109036822785959e-05,0.0632513287086062,1.928438620540097e-19,0.06310363342972722
sequences,0.5,5,12,-22.0,7.18,q2,"(100, 100)",8.26435103612562e-05,0.06264858755894731,1.928438620540097e-19,0.06310363342972722
sequences,0.5,5,12,-22.0,7.18,q3,"(100, 100)",0.0008891026304539173,0.0643515347502763,1.928438620540097e-19,0.06310363342972722
sequences,0.5,5,12,-22.0,7.18,q4,"(100, 100)",-0.0008846212663891294,0.06213243681112422,1.928438620540097e-19,0.06310363342972722
sequences,0.5,6,12,-22.0,7.18,q1,"(100, 100)",-0.0009929018712620636,0.06431117685190069,-3.019940433571944e-20,0.06410225350801682
sequences,0.5,6,12,-22.0,7.18,q2,"(100, 100)",0.0009862470329828276,0.06336967996049571,-3.019940433571944e-20,0.06410225350801682
sequences,0.5,6,12,-22.0,7.18,q3,"(100, 100)",-0.001091082445446328,0.0639086653053247,-3.019940433571944e-20,0.06410225350801682
sequences,0.5,6,12,-22.0,7.18,q4,"(100, 100)",0.0010918100762869057,0.06477631822708992,-3.019940433571944e-20,0.06410225350801682
sequences,0.5,7,12,-22.0,7.18,q1,"(100, 100)",-0.0019472374496194477,0.06269420489604091,-1.3252368990541532e-19,0.06381254228056846
sequences,0.5,7,12,-22.0,7.18,q2,"(100, 100)",0.0019308189213764493,0.0652652060918286,-1.3252368990541532e-19,0.06381254228056846
sequences,0.5,7,12,-22.0,7.18,q3,"(100, 100)",0.0004174365746656486,0.0631033924423101,-1.3252368990541532e-19,0.06381254228056846
sequences,0.5,7,12,-22.0,7.18,q4,"(100, 100)",-0.0004088084564885042,0.06408295128468704,-1.3252368990541532e-19,0.06381254228056846
sequences,0.5,8,12,-22.0,7.18,q1,"(100, 100)",-9.004589796762209e-05,0.06292260665809789,3.2546951890342975e-20,0.06394803606068229
sequences,0.5,8,12,-22.0,7.18,q2,"(100, 100)",9.49023754602081e-05,0.063664793540749,3.2546951890342975e-20,0.06394803606068229
sequences,0.5,8,12,-22.0,7.18,q3,"(100, 100)",0.0007552519476337962,0.06595460824957132,3.2546951890342975e-20,0.06394803606068229
sequences,0.5,8,12,-22.0,7.18,q4,"(100, 100)",-0.0007269020226979213,0.06327284615024452,3.2546951890342975e-20,0.06394803606068229
sequences,0.5,9,12,-22.0,7.18,q1,"(100, 100)",-0.000847559560799105,0.06279544252466299,-4.1818059854467267e-20,0.06346478840552133
sequences,0.5,9,12,-22.0,7.18,q2,"(100, 100)",0.000837661467830146,0.06397832894275603,-4.1818059854467267e-20,0.06346478840552133
sequences,0.5,9,12,-22.0,7.18,q3,"(100, 100)",0.0013565137601443257,0.06323858291578027,-4.1818059854467267e-20,0.06346478840552133
sequences,0.5,9,12,-22.0,7.18,q4,"(100, 100)",-0.0013358310843184593,0.0637884184721791,-4.1818059854467267e-20,0.06346478840552133
sequences,0.5,10,12,-22.0,7.18,q1,"(100, 100)",-0.001870078502134509,0.06414951088585583,-3.254967822238271e-20,0.06367733628667518
sequences,0.5,10,12,-22.0,7.18,q2,"(100, 100)",0.0018663119794715998,0.06311941105663336,-3.254967822238271e-20,0.06367733628667518
sequences,0.5,10,12,-22.0,7.18,q3,"(100, 100)",0.0004124165678875483,0.06414984393669179,-3.254967822238271e-20,0.06367733628667518
sequences,0.5,10,12,-22.0,7.18,q4,"(100, 100)",-0.0004275717190722557,0.06320924056033789,-3.254967822238271e-20,0.06367733628667518
sequences,0.5,11,12,-22.0,7.18,q1,"(100, 100)",0.001385876675159171,0.06319596918137335,2.2332874520998875e-19,0.0641313303094645
sequences,0.5,11,12,-22.0,7.18,q2,"(100, 100)",-0.001349311199365069,0.06306741883420414,2.2332874520998875e-19,0.0641313303094645
sequences,0.5,11,12,-22.0,7.18,q3,"(100, 100)",0.0017140286863373117,0.06487001992148388,2.2332874520998875e-19,0.0641313303094645
sequences,0.5,11,12,-22.0,7.18,q4,"(100, 100)",-0.0017494181292761412,0.06535345610544929,2.2332874520998875e-19,0.0641313303094645
sequences,0.5,12,12,-22.0,7.18,q1,"(100, 100)",0.0002875145898346343,0.06360263731626946,-9.768995021004059e-20,0.06425375115713171
sequences,0.5,12,12,-22.0,7.18,q2,"(100, 100)",-0.00028106211719148113,0.06470801897506955,-9.768995021004059e-20,0.06425375115713171
sequences,0.5,12,12,-22.0,7.18,q3,"(100, 100)",0.00016216136708523216,0.06477759386371425,-9.768995021004059e-20,0.06425375115713171
sequences,0.5,12,12,-22.0,7.18,q4,"(100, 100)",-0.00016309207040746343,0.06390359077247776,-9.768995021004059e-20,0.06425375115713171
sequences,0.5,13,12,-22.0,7.18,q1,"(100, 100)",0.0009589230665170974,0.063051731604431,1.6510102787446823e-19,0.06392400054943606
sequences,0.5,13,12,-22.0,7.18,q2,"(100, 100)",-0.0009438396046274372,0.06402137854932226,1.6510102787446823e-19,0.06392400054943606
sequences,0.5,13,12,-22.0,7.18,q3,"(100, 100)",-0.0007822255827714779,0.06398206192920358,1.6510102787446823e-19,0.06392400054943606
sequences,0.5,13,12,-22.0,7.18,q4,"(100, 100)",0.0007793660010464915,0.06458916367836975,1.6510102787446823e-19,0.06392400054943606
sequences,0.5,14,12,-22.0,7.18,q1,"(100, 100)",-7.362974046322009e-05,0.06539460867535497,4.8812250894247313e-20,0.06453449036637723
sequences,0.5,14,12,-22.0,7.18,q2,"(100, 100)",7.318722449382536e-05,0.06433233373918856,4.8812250894247313e-20,0.06453449036637723
sequences,0.5,14,12,-22.0,7.18,q3,"(100, 100)",-0.0008121553731344198,0.06347808521203524,4.8812250894247313e-20,0.06453449036637723
sequences,0.5,14,12,-22.0,7.18,q4,"(100, 100)",0.0008339415444341203,0.06492844087775532,4.8812250894247313e-20,0.06453449036637723
sequences,0.5,15,12,-22.0,7.18,q1,"(100, 100)",0.0009797585718044578,0.06346394879718831,1.510981922123852e-19,0.06344124322121941
sequences,0.5,15,12,-22.0,7.18,q2,"(100, 100)",-0.0009859823808530315,0.06235602405863616,1.510981922123852e-19,0.06344124322121941
sequences,0.5,15,12,-22.0,7.18,q3,"(100, 100)",0.0008248941782074897,0.06396535316365222,1.510981922123852e-19,0.06344124322121941
sequences,0.5,15,12,-22.0,7.18,q4,"(100, 100)",-0.0008251720139024059,0.06394753780459024,1.510981922123852e-19,0.06344124322121941
sequences,0.5,16,12,-22.0,7.18,q1,"(100, 100)",8.28331256458801e-05,0.06480872559038497,3.022976566715616e-20,0.0639306682806881
sequences,0.5,16,12,-22.0,7.18,q2,"(100, 100)",-8.364030328154299e-05,0.06447750635688619,3.022976566715616e-20,0.0639306682806881
sequences,0.5,16,12,-22.0,7.18,q3,"(100, 100)",-0.0005477741195066743,0.0626520578719178,3.022976566715616e-20,0.0639306682806881
sequences,0.5,16,12,-22.0,7.18,q4,"(100, 100)",0.0005712635757462406,0.06377341683012311,3.022976566715616e-20,0.0639306682806881
sequences,0.5,17,12,-22.0,7.18,q1,"(100, 100)",-0.0009253303120344171,0.06322090527637844,-1.1620991297784673e-19,0.06379593539588035
sequences,0.5,17,12,-22.0,7.18,q2,"(100, 100)",0.0009358877719703799,0.06416695858902759,-1.1620991297784673e-19,0.06379593539588035
sequences,0.5,17,12,-22.0,7.18,q3,"(100, 100)",-3.137944932040353e-05,0.06452874326132782,-1.1620991297784673e-19,0.06379593539588035
sequences,0.5,17,12,-22.0,7.18,q4,"(100, 100)",3.169759176028626e-05,0.06324362686067787,-1.1620991297784673e-19,0.06379593539588035
sequences,0.5,18,12,-22.0,7.18,q1,"(100, 100)",0.00040465214094280205,0.06233861556653225,3.2804158942193436e-19,0.06315667777722564
sequences,0.5,18,12,-22.0,7.18,q2,"(100, 100)",-0.0004005934434408675,0.06339679309300231,3.2804158942193436e-19,0.06315667777722564
sequences,0.5,18,12,-22.0,7.18,q3,"(100, 100)",0.0005533206928895733,0.06358554327983391,3.2804158942193436e-19,0.06315667777722564
sequences,0.5,18,12,-22.0,7.18,q4,"(100, 100)",-0.000557781457629026,0.06328198317606434,3.2804158942193436e-19,0.06315667777722564
sequences,0.5,19,12,-22.0,7.18,q1,"(100, 100)",-0.0005526213803647716,0.06374328214984751,-7.439926450830334e-20,0.06363504335029496
sequences,0.5,19,12,-22.0,7.18,q2,"(100, 100)",0.0005539238549986284,0.06381879467584518,-7.439926450830334e-20,0.06363504335029496
sequences,0.5,19,12,-22.0,7.18,q3,"(100, 100)",0.0006968001887576006,0.06399219928952679,-7.439926450830334e-20,0.06363504335029496
sequences,0.5,19,12,-22.0,7.18,q4,"(100, 100)",-0.0006919323231674782,0.06297455237110709,-7.439926450830334e-20,0.06363504335029496
sequences,0.5,20,12,-22.0,7.18,q1,"(100, 100)",0.0007115722080565513,0.06517943940757526,1.442815199269718e-19,0.06437811487366035
sequences,0.5,20,12,-22.0,7.18,q2,"(100, 100)",-0.0006949750901945221,0.06494670190304219,1.442815199269718e-19,0.06437811487366035
sequences,0.5,20,12,-22.0,7.18,q3,"(100, 100)",-1.9362755992655777e-05,0.06415553940939349,1.442815199269718e-19,0.06437811487366035
sequences,0.5,20,12,-22.0,7.18,q4,"(100, 100)",1.9800107770724128e-05,0.06317076048610915,1.442815199269718e-19,0.06437811487366035
sequences,0.5,21,12,-22.0,7.18,q1,"(100, 100)",-0.0009173288247958749,0.06400127265651852,9.29757159890425e-21,0.06397125006236046
sequences,0.5,21,12,-22.0,7.18,q2,"(100, 100)",0.0008815291341684173,0.06414133066853098,9.29757159890425e-21,0.06397125006236046
sequences,0.5,21,12,-22.0,7.18,q3,"(100, 100)",-0.00043240344766508527,0.0640698575945444,9.29757159890425e-21,0.06397125006236046
sequences,0.5,21,12,-22.0,7.18,q4,"(100, 100)",0.0004454363714058278,0.06365333714804346,9.29757159890425e-21,0.06397125006236046
sequences,0.5,22,12,-22.0,7.18,q1,"(100, 100)",0.00023394857041396082,0.06405190296526518,-9.300687146059786e-21,0.06374496984558883
sequences,0.5,22,12,-22.0,7.18,q2,"(100, 100)",-0.0002298099608572388,0.06359696910643992,-9.300687146059786e-21,0.06374496984558883
sequences,0.5,22,12,-22.0,7.18,q3,"(100, 100)",-0.0007045877911649022,0.06359327267324402,-9.300687146059786e-21,0.06374496984558883
sequences,0.5,22,12,-22.0,7.18,q4,"(100, 100)",0.0007045877911649023,0.0637336165256366,-9.300687146059786e-21,0.06374496984558883
sequences,0.5,23,12,-22.0,7.18,q1,"(100, 100)",0.0012203668799846662,0.06376654171207978,-1.881970220045155e-19,0.06388742627394736
sequences,0.5,23,12,-22.0,7.18,q2,"(100, 100)",-0.0012171223020385458,0.06560671585471219,-1.881970220045155e-19,0.06388742627394736
sequences,0.5,23,12,-22.0,7.18,q3,"(100, 100)",0.0010375914962805829,0.06240651109637122,-1.881970220045155e-19,0.06388742627394736
sequences,0.5,23,12,-22.0,7.18,q4,"(100, 100)",-0.0010396911755310664,0.06366725034406763,-1.881970220045155e-19,0.06388742627394736
sequences,0.5,24,12,-22.0,7.18,q1,"(100, 100)",0.0007846107116610227,0.06365803734446673,-3.9544484199270157e-20,0.0638689382429617
sequences,0.5,24,12,-22.0,7.18,q2,"(100, 100)",-0.0007827884571880204,0.0634484387658935,-3.9544484199270157e-20,0.0638689382429617
sequences,0.5,24,12,-22.0,7.18,q3,"(100, 100)",-1.4571340512292435e-05,0.06408918486698753,-3.9544484199270157e-20,0.0638689382429617
sequences,0.5,24,12,-22.0,7.18,q4,"(100, 100)",1.4715022550665261e-05,0.06427976421539536,-3.9544484199270157e-20,0.0638689382429617
sequences,0.5,25,12,-22.0,7.18,q1,"(100, 100)",-0.0005384693730310159,0.0631279675956865,1.7204829917545148e-19,0.06360535364701234
sequences,0.5,25,12,-22.0,7.18,q2,"(100, 100)",0.0005512639609849099,0.06349865696568104,1.7204829917545148e-19,0.06360535364701234
sequences,0.5,25,12,-22.0,7.18,q3,"(100, 100)",-0.0006327266550587868,0.06412727612962815,1.7204829917545148e-19,0.06360535364701234
sequences,0.5,25,12,-22.0,7.18,q4,"(100, 100)",0.0006617528008232092,0.06364432192734765,1.7204829917545148e-19,0.06360535364701234
sequences,0.5,26,12,-22.0,7.18,q1,"(100, 100)",-0.000399380459268212,0.06524324029290832,-2.0935315164319496e-20,0.06470225268284491
sequences,0.5,26,12,-22.0,7.18,q2,"(100, 100)",0.0004000452070366345,0.06592589775532164,-2.0935315164319496e-20,0.06470225268284491
sequences,0.5,26,12,-22.0,7.18,q3,"(100, 100)",0.00038726943480675276,0.06317698260225697,-2.0935315164319496e-20,0.06470225268284491
sequences,0.5,26,12,-22.0,7.18,q4,"(100, 100)",-0.00039694123389703444,0.06441291812635261,-2.0935315164319496e-20,0.06470225268284491
sequences,0.5,27,12,-22.0,7.18,q1,"(100, 100)",-0.0011457626722998322,0.0646256392479993,-9.299908063537917e-21,0.06456583024857632
sequences,0.5,27,12,-22.0,7.18,q2,"(100, 100)",0.0011556235890425647,0.0636610769310978,-9.299908063537917e-21,0.06456583024857632
sequences,0.5,27,12,-22.0,7.18,q3,"(100, 100)",0.0008969281818932843,0.06518847541811013,-9.299908063537917e-21,0.06456583024857632
sequences,0.5,27,12,-22.0,7.18,q4,"(100, 100)",-0.0008615783069890069,0.06477759966817825,-9.299908063537917e-21,0.06456583024857632
sequences,0.5,28,12,-22.0,7.18,q1,"(100, 100)",0.00013623554996144874,0.06493302411566863,-1.2079761734287775e-19,0.06344374779947728
sequences,0.5,28,12,-22.0,7.18,q2,"(100, 100)",-0.00014174187060657357,0.06309128203956531,-1.2079761734287775e-19,0.06344374779947728
sequences,0.5,28,12,-22.0,7.18,q3,"(100, 100)",0.000679706211474022,0.06256801194267357,-1.2079761734287775e-19,0.06344374779947728
sequences,0.5,28,12,-22.0,7.18,q4,"(100, 100)",-0.000692284736292253,0.06308328395099533,-1.2079761734287775e-19,0.06344374779947728
sequences,0.5,29,12,-22.0,7.18,q1,"(100, 100)",0.00025527172493100076,0.06459070863047467,-4.6483965191138694e-20,0.06477995135655311
sequences,0.5,29,12,-22.0,7.18,q2,"(100, 100)",-0.0002590663046259206,0.06442171245076031,-4.6483965191138694e-20,0.06477995135655311
sequences,0.5,29,12,-22.0,7.18,q3,"(100, 100)",0.0012030347002100574,0.06467148331472598,-4.6483965191138694e-20,0.06477995135655311
sequences,0.5,29,12,-22.0,7.18,q4,"(100, 100)",-0.001236497673553756,0.06541517204587663,-4.6483965191138694e-20,0.06477995135655311
sequences,0.5,30,12,-22.0,7.18,q1,"(100, 100)",-0.0008091205758549849,0.06443626281996141,-4.644895927642693e-20,0.06385640061812423
sequences,0.5,30,12,-22.0,7.18,q2,"(100, 100)",0.0007975732194786944,0.06390154190167902,-4.644895927642693e-20,0.06385640061812423
sequences,0.5,30,12,-22.0,7.18,q3,"(100, 100)",0.001110345192995736,0.06482451537519053,-4.644895927642693e-20,0.06385640061812423
sequences,0.5,30,12,-22.0,7.18,q4,"(100, 100)",-0.0011155668364965562,0.06219840836741304,-4.644895927642693e-20,0.06385640061812423
sequences,0.5,31,12,-22.0,7.18,q1,"(100, 100)",0.0004246003267706011,0.063237523148378,-2.5564040171809264e-20,0.06349265791949327
sequences,0.5,31,12,-22.0,7.18,q2,"(100, 100)",-0.0004356251388083753,0.06367973107433743,-2.5564040171809264e-20,0.06349265791949327
sequences,0.5,31,12,-22.0,7.18,q3,"(100, 100)",-0.0003046107935360185,0.06324676864889593,-2.5564040171809264e-20,0.06349265791949327
sequences,0.5,31,12,-22.0,7.18,q4,"(100, 100)",0.0003133462582629281,0.06381282501909612,-2.5564040171809264e-20,0.06349265791949327
sequences,0.5,32,12,-22.0,7.18,q1,"(100, 100)",0.0008014123516028446,0.06308740449616329,2.999722900817803e-19,0.06350439148710145
sequences,0.5,32,12,-22.0,7.18,q2,"(100, 100)",-0.0008161071791025227,0.06322626066945759,2.999722900817803e-19,0.06350439148710145
sequences,0.5,32,12,-22.0,7.18,q3,"(100, 100)",-0.0013493811714421402,0.06468751531687256,2.999722900817803e-19,0.06350439148710145
sequences,0.5,32,12,-22.0,7.18,q4,"(100, 100)",0.0013629609886656438,0.06294872090642992,2.999722900817803e-19,0.06350439148710145
sequences,0.5,33,12,-22.0,7.18,q1,"(100, 100)",0.0016808047654131178,0.0640787387744134,-5.469193585169206e-20,0.0639139495728872
sequences,0.5,33,12,-22.0,7.18,q2,"(100, 100)",-0.0016407193254960107,0.0636842975515135,-5.469193585169206e-20,0.0639139495728872
sequences,0.5,33,12,-22.0,7.18,q3,"(100, 100)",0.0008402282836645086,0.06486838226282227,-5.469193585169206e-20,0.0639139495728872
sequences,0.5,33,12,-22.0,7.18,q4,"(100, 100)",-0.0008290252398823157,0.06297316310522375,-5.469193585169206e-20,0.0639139495728872
sequences,0.5,34,12,-22.0,7.18,q1,"(100, 100)",0.00011395562769674255,0.06435808025229937,4.8816339022462915e-20,0.06382031402387764
sequences,0.5,34,12,-22.0,7.18,q2,"(100, 100)",-0.00011073868038547627,0.06205379321221139,4.8816339022462915e-20,0.06382031402387764
sequences,0.5,34,12,-22.0,7.18,q3,"(100, 100)",-0.001197586257646949,0.06448804757668404,4.8816339022462915e-20,0.06382031402387764
sequences,0.5,34,12,-22.0,7.18,q4,"(100, 100)",0.0011727105787047276,0.0643473387658428,4.8816339022462915e-20,0.06382031402387764
sequences,0.5,35,12,-22.0,7.18,q1,"(100, 100)",-0.00023358641854131723,0.06414750502826365,2.7911414345725886e-20,0.06440727265457306
sequences,0.5,35,12,-22.0,7.18,q2,"(100, 100)",0.00023515201115888604,0.06585813143999544,2.7911414345725886e-20,0.06440727265457306
sequences,0.5,35,12,-22.0,7.18,q3,"(100, 100)",-0.0004557168208760213,0.0643680183898635,2.7911414345725886e-20,0.06440727265457306
sequences,0.5,35,12,-22.0,7.18,q4,"(100, 100)",0.00047914739586239996,0.06319066977790125,2.7911414345725886e-20,0.06440727265457306
sequences,0.5,36,12,-22.0,7.18,q1,"(100, 100)",-0.00012160938870478033,0.06397655543590036,4.649564555763282e-21,0.06347160699208905
sequences,0.5,36,12,-22.0,7.18,q2,"(100, 100)",0.0001173290582470796,0.06274421759227504,4.649564555763282e-21,0.06347160699208905
sequences,0.5,36,12,-22.0,7.18,q3,"(100, 100)",0.001147841642201751,0.06384010825946615,4.649564555763282e-21,0.06347160699208905
sequences,0.5,36,12,-22.0,7.18,q4,"(100, 100)",-0.0011648983906843164,0.06331525602690091,4.649564555763282e-21,0.06347160699208905
sequences,0.5,37,12,-22.0,7.18,q1,"(100, 100)",0.0006111175580583645,0.06320252912572749,-2.790206143817935e-20,0.06347825886658894
sequences,0.5,37,12,-22.0,7.18,q2,"(100, 100)",-0.0006191504481036207,0.06430382169735167,-2.790206143817935e-20,0.06347825886658894
sequences,0.5,37,12,-22.0,7.18,q3,"(100, 100)",0.0005864325061141199,0.06424140355471926,-2.790206143817935e-20,0.06347825886658894
sequences,0.5,37,12,-22.0,7.18,q4,"(100, 100)",-0.0006003620193234816,0.06210995976362487,-2.790206143817935e-20,0.06347825886658894
sequences,0.5,38,12,-22.0,7.18,q1,"(100, 100)",-0.0003342485633527484,0.06494582341962374,6.279015849367245e-20,0.06421601761674156
sequences,0.5,38,12,-22.0,7.18,q2,"(100, 100)",0.00034110898137580306,0.06375924388878204,6.279015849367245e-20,0.06421601761674156
sequences,0.5,38,12,-22.0,7.18,q3,"(100, 100)",-0.00012605152637546512,0.0637307813758034,6.279015849367245e-20,0.06421601761674156
sequences,0.5,38,12,-22.0,7.18,q4,"(100, 100)",0.00012750530924411077,0.0644063931237942,6.279015849367245e-20,0.06421601761674156
sequences,0.5,39,12,-22.0,7.18,q1,"(100, 100)",-0.0013365974388002192,0.06371213239405411,-1.2336845921069545e-19,0.06341230413524598
sequences,0.5,39,12,-22.0,7.18,q2,"(100, 100)",0.0012958154303328888,0.06299203445417106,-1.2336845921069545e-19,0.06341230413524598
sequences,0.5,39,12,-22.0,7.18,q3,"(100, 100)",0.0020905104754856915,0.06426897299807022,-1.2336845921069545e-19,0.06341230413524598
sequences,0.5,39,12,-22.0,7.18,q4,"(100, 100)",-0.002086982783154464,0.06258060627659175,-1.2336845921069545e-19,0.06341230413524598
sequences,0.5,40,12,-22.0,7.18,q1,"(100, 100)",0.0003284218748877335,0.06451036488144876,-2.0910780222723943e-20,0.06418964918079335
sequences,0.5,40,12,-22.0,7.18,q2,"(100, 100)",-0.0003318649178777638,0.06314334533191973,-2.0910780222723943e-20,0.06418964918079335
sequences,0.5,40,12,-22.0,7.18,q3,"(100, 100)",0.001216403308932729,0.0656130261111503,-2.0910780222723943e-20,0.06418964918079335
sequences,0.5,40,12,-22.0,7.18,q4,"(100, 100)",-0.0012588887415607632,0.06338400796175028,-2.0910780222723943e-20,0.06418964918079335
sequences,0.5,41,12,-22.0,7.18,q1,"(100, 100)",0.00030122725361904893,0.06578008555457923,-3.486881358747351e-19,0.06408938015446888
sequences,0.5,41,12,-22.0,7.18,q2,"(100, 100)",-0.0002963235541415296,0.06391886595096166,-3.486881358747351e-19,0.06408938015446888
sequences,0.5,41,12,-22.0,7.18,q3,"(100, 100)",0.0014390701590360014,0.06324027529766256,-3.486881358747351e-19,0.06408938015446888
sequences,0.5,41,12,-22.0,7.18,q4,"(100, 100)",-0.001481640408555258,0.0633682067289891,-3.486881358747351e-19,0.06408938015446888
sequences,0.5,42,12,-22.0,7.18,q1,"(100, 100)",8.00483809376084e-05,0.06432056284653859,-6.04544664493886e-20,0.06426254085079096
sequences,0.5,42,12,-22.0,7.18,q2,"(100, 100)",-8.050749783232457e-05,0.06490027576615864,-6.04544664493886e-20,0.06426254085079096
sequences,0.5,42,12,-22.0,7.18,q3,"(100, 100)",-0.0011645772813013164,0.06377383246068528,-6.04544664493886e-20,0.06426254085079096
sequences,0.5,42,12,-22.0,7.18,q4,"(100, 100)",0.0011952966008621892,0.06403886013504002,-6.04544664493886e-20,0.06426254085079096
sequences,0.5,43,12,-22.0,7.18,q1,"(100, 100)",0.0009652487781501165,0.06368356026600265,3.7196516446106256e-20,0.06405787851532789
sequences,0.5,43,12,-22.0,7.18,q2,"(100, 100)",-0.0009399570191206444,0.06442995879841852,3.7196516446106256e-20,0.06405787851532789
sequences,0.5,43,12,-22.0,7.18,q3,"(100, 100)",-0.0004853302629148496,0.0642177771835943,3.7196516446106256e-20,0.06405787851532789
sequences,0.5,43,12,-22.0,7.18,q4,"(100, 100)",0.0004935035580127761,0.06386696833008361,3.7196516446106256e-20,0.06405787851532789
sequences,0.5,44,12,-22.0,7.18,q1,"(100, 100)",0.0014005540564749127,0.06299317036882025,9.303025177016563e-21,0.06379706078667527
sequences,0.5,44,12,-22.0,7.18,q2,"(100, 100)",-0.0014369382205601244,0.06252543899937639,9.303025177016563e-21,0.06379706078667527
sequences,0.5,44,12,-22.0,7.18,q3,"(100, 100)",-0.0005024494358740474,0.06459985619539332,9.303025177016563e-21,0.06379706078667527
sequences,0.5,44,12,-22.0,7.18,q4,"(100, 100)",0.0005070465672764867,0.06502164535956478,9.303025177016563e-21,0.06379706078667527
sequences,0.5,45,12,-22.0,7.18,q1,"(100, 100)",-0.00011976909164623293,0.06454652428918564,-2.484395675817545e-19,0.06373882828182927
sequences,0.5,45,12,-22.0,7.18,q2,"(100, 100)",0.00011887377393769803,0.06302545675865588,-2.484395675817545e-19,0.06373882828182927
sequences,0.5,45,12,-22.0,7.18,q3,"(100, 100)",0.00042991273069962414,0.06335836344748781,-2.484395675817545e-19,0.06373882828182927
sequences,0.5,45,12,-22.0,7.18,q4,"(100, 100)",-0.0004404890412288044,0.06402835240521461,-2.484395675817545e-19,0.06373882828182927
sequences,0.5,46,12,-22.0,7.18,q1,"(100, 100)",0.001147737888236689,0.06488273075730719,-8.139464989920502e-21,0.06409569737189022
sequences,0.5,46,12,-22.0,7.18,q2,"(100, 100)",-0.001137303907434538,0.06365839023707627,-8.139464989920502e-21,0.06409569737189022
sequences,0.5,46,12,-22.0,7.18,q3,"(100, 100)",0.0003819217888946303,0.06393804208947881,-8.139464989920502e-21,0.06409569737189022
sequences,0.5,46,12,-22.0,7.18,q4,"(100, 100)",-0.0003903861401595888,0.06388582055287935,-8.139464989920502e-21,0.06409569737189022
sequences,0.5,47,12,-22.0,7.18,q1,"(100, 100)",0.0005685942927505987,0.06369204412784077,-9.292124410990598e-21,0.06311254149919557
sequences,0.5,47,12,-22.0,7.18,q2,"(100, 100)",-0.0005643966167638489,0.06302262928426142,-9.292124410990598e-21,0.06311254149919557
sequences,0.5,47,12,-22.0,7.18,q3,"(100, 100)",0.0003253089396454575,0.062374845914981325,-9.292124410990598e-21,0.06311254149919557
sequences,0.5,47,12,-22.0,7.18,q4,"(100, 100)",-0.0003294488390783198,0.06336096867360075,-9.292124410990598e-21,0.06311254149919557
sequences,0.5,48,12,-22.0,7.18,q1,"(100, 100)",-0.0001343620493237927,0.06445076621699382,-1.0690416799120237e-19,0.06445748650766056
sequences,0.5,48,12,-22.0,7.18,q2,"(100, 100)",0.00013345511682751296,0.06356897974580018,-1.0690416799120237e-19,0.06445748650766056
sequences,0.5,48,12,-22.0,7.18,q3,"(100, 100)",0.00020718262787004495,0.0649881208383016,-1.0690416799120237e-19,0.06445748650766056
sequences,0.5,48,12,-22.0,7.18,q4,"(100, 100)",-0.00020807684239936423,0.06479513513617428,-1.0690416799120237e-19,0.06445748650766056
sequences,0.5,49,12,-22.0,7.18,q1,"(100, 100)",0.0007758262452595461,0.062188707510264354,-1.255908398897236e-19,0.06411664878118423
sequences,0.5,49,12,-22.0,7.18,q2,"(100, 100)",-0.0007574833669999968,0.06638465592359191,-1.255908398897236e-19,0.06411664878118423
sequences,0.5,49,12,-22.0,7.18,q3,"(100, 100)",0.00015445057215341705,0.06313232380827652,-1.255908398897236e-19,0.06411664878118423
sequences,0.5,49,12,-22.0,7.18,q4,"(100, 100)",-0.00015815029908421767,0.06464503975035114,-1.255908398897236e-19,0.06411664878118423
sequences,0.75,0,9,-8.5,14.44,q1,"(150, 150)",-0.00016417428006262964,0.062099648126920426,4.187764971343843e-20,0.06287771899179265
sequences,0.75,0,9,-8.5,14.44,q2,"(150, 50)",0.0004780137505698168,0.06370842312398543,4.187764971343843e-20,0.06287771899179265
sequences,0.75,0,9,-8.5,14.44,q3,"(50, 150)",0.0001618721587751743,0.06380897224061634,4.187764971343843e-20,0.06287771899179265
sequences,0.75,0,9,-8.5,14.44,q4,"(50, 50)",-0.0004965719124857209,0.06445960245535205,4.187764971343843e-20,0.06287771899179265
sequences,0.75,1,9,-8.5,14.44,q1,"(150, 150)",-0.00016655440151506915,0.06495580163925743,-4.182856338591096e-20,0.06514437177715082
sequences,0.75,1,9,-8.5,14.44,q2,"(150, 50)",0.0004941335099397936,0.06575498826764559,-4.182856338591096e-20,0.06514437177715082
sequences,0.75,1,9,-8.5,14.44,q3,"(50, 150)",0.000986521813422169,0.06492267454153137,-4.182856338591096e-20,0.06514437177715082
sequences,0.75,1,9,-8.5,14.44,q4,"(50, 50)",-0.0029529622152770687,0.06554293032773148,-4.182856338591096e-20,0.06514437177715082
sequences,0.75,2,9,-8.5,14.44,q1,"(150, 150)",7.670137498855492e-05,0.0636631856687259,-8.365012324509342e-20,0.06317287754539169
sequences,0.75,2,9,-8.5,14.44,q2,"(150, 50)",-0.00022850476177823734,0.06325454431863772,-8.365012324509342e-20,0.06317287754539169
sequences,0.75,2,9,-8.5,14.44,q3,"(50, 150)",-0.0003326245229312685,0.0625649766599149,-8.365012324509342e-20,0.06317287754539169
sequences,0.75,2,9,-8.5,14.44,q4,"(50, 50)",0.001001459817019481,0.06020990728197309,-8.365012324509342e-20,0.06317287754539169
sequences,0.75,3,9,-8.5,14.44,q1,"(150, 150)",4.704156747863987e-05,0.06444864929834046,-2.5564040171809264e-19,0.0640619392306462
sequences,0.75,3,9,-8.5,14.44,q2,"(150, 50)",-0.00013913176753832572,0.0643480224050489,-2.5564040171809264e-19,0.0640619392306462
sequences,0.75,3,9,-8.5,14.44,q3,"(50, 150)",-0.0010531599843031018,0.06270246290664772,-2.5564040171809264e-19,0.0640619392306462
sequences,0.75,3,9,-8.5,14.44,q4,"(50, 50)",0.0032154380447183247,0.06363257968975712,-2.5564040171809264e-19,0.0640619392306462
sequences,0.75,4,9,-8.5,14.44,q1,"(150, 150)",-0.0005441069900036376,0.06377207795012352,5.349687749597461e-20,0.06370204512825928
sequences,0.75,4,9,-8.5,14.44,q2,"(150, 50)",0.001611597674554618,0.06382830335511078,5.349687749597461e-20,0.06370204512825928
sequences,0.75,4,9,-8.5,14.44,q3,"(50, 150)",0.0001451497066402416,0.0631096984181836,5.349687749597461e-20,0.06370204512825928
sequences,0.75,4,9,-8.5,14.44,q4,"(50, 50)",-0.0004724602274543469,0.06445264919144195,5.349687749597461e-20,0.06370204512825928
sequences,0.75,5,9,-8.5,14.44,q1,"(150, 150)",0.00010644452578109646,0.06414036542299749,1.3952199538687457e-20,0.06403274826569079
sequences,0.75,5,9,-8.5,14.44,q2,"(150, 50)",-0.0003253623792112722,0.06294440198982858,1.3952199538687457e-20,0.06403274826569079
sequences,0.75,5,9,-8.5,14.44,q3,"(50, 150)",-0.0007114710712563727,0.06391005517708613,1.3952199538687457e-20,0.06403274826569079
sequences,0.75,5,9,-8.5,14.44,q4,"(50, 50)",0.002199802187396248,0.06657801978229999,1.3952199538687457e-20,0.06403274826569079
sequences,0.75,6,9,-8.5,14.44,q1,"(150, 150)",-0.0005054854237472214,0.0640893544986412,8.598813512335843e-20,0.06393441862172813
sequences,0.75,6,9,-8.5,14.44,q2,"(150, 50)",0.0015003094431539096,0.06270649785795812,8.598813512335843e-20,0.06393441862172813
sequences,0.75,6,9,-8.5,14.44,q3,"(50, 150)",1.542599311559705e-06,0.06431783312909643,8.598813512335843e-20,0.06393441862172813
sequences,0.75,6,9,-8.5,14.44,q4,"(50, 50)",-4.90065324466128e-06,0.06500229766354962,8.598813512335843e-20,0.06393441862172813
sequences,0.75,7,9,-8.5,14.44,q1,"(150, 150)",-0.00033108877628568417,0.0637303653592271,2.396533060952115e-19,0.06356154399602143
sequences,0.75,7,9,-8.5,14.44,q2,"(150, 50)",0.0010429449310236495,0.06325041570816195,2.396533060952115e-19,0.06356154399602143
sequences,0.75,7,9,-8.5,14.44,q3,"(50, 150)",0.0006677198986539624,0.06315738531519141,2.396533060952115e-19,0.06356154399602143
sequences,0.75,7,9,-8.5,14.44,q4,"(50, 50)",-0.0020067984964995136,0.06403956822900966,2.396533060952115e-19,0.06356154399602143
sequences,0.75,8,9,-8.5,14.44,q1,"(150, 150)",0.000848652754541603,0.0642322275959742,2.3945257462180905e-19,0.06458792037306574
sequences,0.75,8,9,-8.5,14.44,q2,"(150, 50)",-0.002524573114637685,0.06481110677706539,2.3945257462180905e-19,0.06458792037306574
sequences,0.75,8,9,-8.5,14.44,q3,"(50, 150)",0.0001085089989371929,0.06521342184029351,2.3945257462180905e-19,0.06458792037306574
sequences,0.75,8,9,-8.5,14.44,q4,"(50, 50)",-0.0003140597314020992,0.06505405292380932,2.3945257462180905e-19,0.06458792037306574
sequences,0.75,9,9,-8.5,14.44,q1,"(150, 150)",-0.00031644909396407286,0.06429565044618375,6.279015849367245e-20,0.06434477872135344
sequences,0.75,9,9,-8.5,14.44,q2,"(150, 50)",0.0009487839546221454,0.06438634098946266,6.279015849367245e-20,0.06434477872135344
sequences,0.75,9,9,-8.5,14.44,q3,"(50, 150)",-0.00016599549662148043,0.06433877584980585,6.279015849367245e-20,0.06434477872135344
sequences,0.75,9,9,-8.5,14.44,q4,"(50, 50)",0.0004950742881693268,0.06465153898081506,6.279015849367245e-20,0.06434477872135344
sequences,0.75,10,9,-8.5,14.44,q1,"(150, 150)",0.0007214821718788306,0.06362148978847472,-1.721059657748064e-19,0.06410352371791576
sequences,0.75,10,9,-8.5,14.44,q2,"(150, 50)",-0.0020700295633114102,0.06477621679096235,-1.721059657748064e-19,0.06410352371791576
sequences,0.75,10,9,-8.5,14.44,q3,"(50, 150)",0.00018132519323883897,0.06454979860433532,-1.721059657748064e-19,0.06410352371791576
sequences,0.75,10,9,-8.5,14.44,q4,"(50, 50)",-0.0005554803505978788,0.06482793925422242,-1.721059657748064e-19,0.06410352371791576
sequences,0.75,11,9,-8.5,14.44,q1,"(150, 150)",-0.0007165675494958546,0.06484484671068846,-1.8602932718249942e-19,0.06439750721166385
sequences,0.75,11,9,-8.5,14.44,q2,"(150, 50)",0.00213105355919764,0.06416282630113011,-1.8602932718249942e-19,0.06439750721166385
sequences,0.75,11,9,-8.5,14.44,q3,"(50, 150)",0.0005499541071532155,0.06286146401696903,-1.8602932718249942e-19,0.06439750721166385
sequences,0.75,11,9,-8.5,14.44,q4,"(50, 50)",-0.001631232439781014,0.06533874510061727,-1.8602932718249942e-19,0.06439750721166385
sequences,0.75,12,9,-8.5,14.44,q1,"(150, 150)",0.0002795356166531097,0.06294539203730805,2.6755165094696774e-20,0.06372375482949479
sequences,0.75,12,9,-8.5,14.44,q2,"(150, 50)",-0.0008233526880922784,0.06290592866872148,2.6755165094696774e-20,0.06372375482949479
sequences,0.75,12,9,-8.5,14.44,q3,"(50, 150)",-0.0007690292656144446,0.06543660735377431,2.6755165094696774e-20,0.06372375482949479
sequences,0.75,12,9,-8.5,14.44,q4,"(50, 50)",0.0023367445105438927,0.0675229870710096,2.6755165094696774e-20,0.06372375482949479
sequences,0.75,13,9,-8.5,14.44,q1,"(150, 150)",-0.0005799678307762409,0.06439997384861028,9.764085567102893e-20,0.06456963842333267
sequences,0.75,13,9,-8.5,14.44,q2,"(150, 50)",0.001679846164964978,0.06407827047452544,9.764085567102893e-20,0.06456963842333267
sequences,0.75,13,9,-8.5,14.44,q3,"(50, 150)",-0.0004637668009150423,0.0648011665836398,9.764085567102893e-20,0.06456963842333267
sequences,0.75,13,9,-8.5,14.44,q4,"(50, 50)",0.0014103854562807266,0.06681521961836012,9.764085567102893e-20,0.06456963842333267
sequences,0.75,14,9,-8.5,14.44,q1,"(150, 150)",-0.0003211631477336178,0.06398693552802848,-2.0921288152484105e-19,0.06375662340524317
sequences,0.75,14,9,-8.5,14.44,q2,"(150, 50)",0.0009582080936603439,0.06350700309600536,-2.0921288152484105e-19,0.06375662340524317
sequences,0.75,14,9,-8.5,14.44,q3,"(50, 150)",0.001636566849250222,0.06356038751721464,-2.0921288152484105e-19,0.06375662340524317
sequences,0.75,14,9,-8.5,14.44,q4,"(50, 50)",-0.004983079224415418,0.0627137603206575,-2.0921288152484105e-19,0.06375662340524317
sequences,0.75,15,9,-8.5,14.44,q1,"(150, 150)",8.838763740950005e-05,0.0639408613931018,-3.95212987239879e-20,0.06417496914784246
sequences,0.75,15,9,-8.5,14.44,q2,"(150, 50)",-0.0002576166822395099,0.06374180829846576,-3.95212987239879e-20,0.06417496914784246
sequences,0.75,15,9,-8.5,14.44,q3,"(50, 150)",-4.130314165077691e-05,0.06489357622339374,-3.95212987239879e-20,0.06417496914784246
sequences,0.75,15,9,-8.5,14.44,q4,"(50, 50)",0.00012248894653577022,0.06538027924689183,-3.95212987239879e-20,0.06417496914784246
sequences,0.75,16,9,-8.5,14.44,q1,"(150, 150)",-0.00012503846897640258,0.064077614655794,1.488858301399925e-19,0.06398113013607103
sequences,0.75,16,9,-8.5,14.44,q2,"(150, 50)",0.00038622230389872376,0.0636111895658376,1.488858301399925e-19,0.06398113013607103
sequences,0.75,16,9,-8.5,14.44,q3,"(50, 150)",-0.00014369616164100761,0.06393923506771729,1.488858301399925e-19,0.06398113013607103
sequences,0.75,16,9,-8.5,14.44,q4,"(50, 50)",0.00047059469460495235,0.06432999134205969,1.488858301399925e-19,0.06398113013607103
sequences,0.75,17,9,-8.5,14.44,q1,"(150, 150)",0.00047421564709480076,0.06410212076826138,-5.807577756869123e-20,0.06374772907275306
sequences,0.75,17,9,-8.5,14.44,q2,"(150, 50)",-0.0014010160521186745,0.06399705687297522,-5.807577756869123e-20,0.06374772907275306
sequences,0.75,17,9,-8.5,14.44,q3,"(50, 150)",0.0007181683438693343,0.06176080740727026,-5.807577756869123e-20,0.06374772907275306
sequences,0.75,17,9,-8.5,14.44,q4,"(50, 50)",-0.002289931062166221,0.06560287335611144,-5.807577756869123e-20,0.06374772907275306
sequences,0.75,18,9,-8.5,14.44,q1,"(150, 150)",0.0004032278868007094,0.06424844174448115,2.789271479671275e-19,0.06410384882393656
sequences,0.75,18,9,-8.5,14.44,q2,"(150, 50)",-0.0011991195194957136,0.06438973452578163,2.789271479671275e-19,0.06410384882393656
sequences,0.75,18,9,-8.5,14.44,q3,"(50, 150)",-0.0011785583406248082,0.06407287900884542,2.789271479671275e-19,0.06410384882393656
sequences,0.75,18,9,-8.5,14.44,q4,"(50, 50)",0.003746367015729138,0.06171143790927077,2.789271479671275e-19,0.06410384882393656
sequences,0.75,19,9,-8.5,14.44,q1,"(150, 150)",2.3590792572811044e-06,0.06306534523194057,-7.900289417592156e-20,0.06380891079554177
sequences,0.75,19,9,-8.5,14.44,q2,"(150, 50)",-6.814550003593112e-06,0.06392710376578849,-7.900289417592156e-20,0.06380891079554177
sequences,0.75,19,9,-8.5,14.44,q3,"(50, 150)",-6.177146613447834e-05,0.06540821156789903,-7.900289417592156e-20,0.06380891079554177
sequences,0.75,19,9,-8.5,14.44,q4,"(50, 50)",0.00018090215082239996,0.06520881728620258,-7.900289417592156e-20,0.06380891079554177
sequences,0.75,20,9,-8.5,14.44,q1,"(150, 150)",-6.141194624295828e-05,0.06357368503367052,-6.976684277074716e-20,0.06349784372549129
sequences,0.75,20,9,-8.5,14.44,q2,"(150, 50)",0.00018251935575935133,0.06446433092838282,-6.976684277074716e-20,0.06349784372549129
sequences,0.75,20,9,-8.5,14.44,q3,"(50, 150)",-0.0007337757435487264,0.06340592749984934,-6.976684277074716e-20,0.06349784372549129
sequences,0.75,20,9,-8.5,14.44,q4,"(50, 50)",0.002255458228121083,0.05993274133350631,-6.976684277074716e-20,0.06349784372549129
sequences,0.75,21,9,-8.5,14.44,q1,"(150, 150)",-0.0005534815095640406,0.06478937728551992,1.3473580395936365e-19,0.06410444059366534
sequences,0.75,21,9,-8.5,14.44,q2,"(150, 50)",0.0016157894570526337,0.06317114966977344,1.3473580395936365e-19,0.06410444059366534
sequences,0.75,21,9,-8.5,14.44,q3,"(50, 150)",-0.00038600871749915885,0.06355255991853057,1.3473580395936365e-19,0.06410444059366534
sequences,0.75,21,9,-8.5,14.44,q4,"(50, 50)",0.0011080720831740558,0.06231360085986015,1.3473580395936365e-19,0.06410444059366534
sequences,0.75,22,9,-8.5,14.44,q1,"(150, 150)",0.00040707504712997274,0.06377085541970813,9.29757159890425e-21,0.06336911685196993
sequences,0.75,22,9,-8.5,14.44,q2,"(150, 50)",-0.0012324764227106834,0.06091657324250837,9.29757159890425e-21,0.06336911685196993
sequences,0.75,22,9,-8.5,14.44,q3,"(50, 150)",-0.0004907653885405365,0.06379159769555451,9.29757159890425e-21,0.06336911685196993
sequences,0.75,22,9,-8.5,14.44,q4,"(50, 50)",0.0014957279348357467,0.06544150468561753,9.29757159890425e-21,0.06336911685196993
sequences,0.75,23,9,-8.5,14.44,q1,"(150, 150)",-0.00036950404172771025,0.0640813131868022,-5.581815106209937e-20,0.06389821231048996
sequences,0.75,23,9,-8.5,14.44,q2,"(150, 50)",0.001059694555133055,0.06438598153761337,-5.581815106209937e-20,0.06389821231048996
sequences,0.75,23,9,-8.5,14.44,q3,"(50, 150)",0.0002565357746975003,0.06319917038373082,-5.581815106209937e-20,0.06389821231048996
sequences,0.75,23,9,-8.5,14.44,q4,"(50, 50)",-0.0007716406327426795,0.06285184904361846,-5.581815106209937e-20,0.06389821231048996
sequences,0.75,24,9,-8.5,14.44,q1,"(150, 150)",0.00035434099532710055,0.06404593295374002,2.788337441503114e-20,0.063687873006833
sequences,0.75,24,9,-8.5,14.44,q2,"(150, 50)",-0.0010860761080612724,0.06345460862832665,2.788337441503114e-20,0.063687873006833
sequences,0.75,24,9,-8.5,14.44,q3,"(50, 150)",0.0012786959454127412,0.06291394931810532,2.788337441503114e-20,0.063687873006833
sequences,0.75,24,9,-8.5,14.44,q4,"(50, 50)",-0.003839488623327087,0.06326979223769758,2.788337441503114e-20,0.063687873006833
sequences,0.75,25,9,-8.5,14.44,q1,"(150, 150)",-0.0003294189517224104,0.06344747612637465,6.04291547484803e-20,0.06367276669572473
sequences,0.75,25,9,-8.5,14.44,q2,"(150, 50)",0.0009951656863724755,0.06466594022601692,6.04291547484803e-20,0.06367276669572473
sequences,0.75,25,9,-8.5,14.44,q3,"(50, 150)",0.0007738936990948277,0.06321065331161524,6.04291547484803e-20,0.06367276669572473
sequences,0.75,25,9,-8.5,14.44,q4,"(50, 50)",-0.002642194300975866,0.06405266972973986,6.04291547484803e-20,0.06367276669572473
sequences,0.75,26,9,-8.5,14.44,q1,"(150, 150)",-0.00015574073002173853,0.06321496844212235,-5.1170926300497455e-20,0.0641686825023478
sequences,0.75,26,9,-8.5,14.44,q2,"(150, 50)",0.0004552473975547563,0.06529215068348529,-5.1170926300497455e-20,0.0641686825023478
sequences,0.75,26,9,-8.5,14.44,q3,"(50, 150)",-0.0020945488426223264,0.06592205243309478,-5.1170926300497455e-20,0.0641686825023478
sequences,0.75,26,9,-8.5,14.44,q4,"(50, 50)",0.0061844310563743425,0.0634036678149984,-5.1170926300497455e-20,0.0641686825023478
sequences,0.75,27,9,-8.5,14.44,q1,"(150, 150)",-0.00011152535965893795,0.06340875883121884,-1.231928236854813e-19,0.06379830722213087
sequences,0.75,27,9,-8.5,14.44,q2,"(150, 50)",0.00033279641898225634,0.064719441285707,-1.231928236854813e-19,0.06379830722213087
sequences,0.75,27,9,-8.5,14.44,q3,"(50, 150)",0.0006046138624488329,0.06440464313957056,-1.231928236854813e-19,0.06379830722213087
sequences,0.75,27,9,-8.5,14.44,q4,"(50, 50)",-0.0019207393706648901,0.06254636373662871,-1.231928236854813e-19,0.06379830722213087
sequences,0.75,28,9,-8.5,14.44,q1,"(150, 150)",0.00013055469671069427,0.06388324898903275,-7.902274082493578e-20,0.06435570449376272
sequences,0.75,28,9,-8.5,14.44,q2,"(150, 50)",-0.0003961943792923906,0.06437504103695987,-7.902274082493578e-20,0.06435570449376272
sequences,0.75,28,9,-8.5,14.44,q3,"(50, 150)",9.39385019397364e-05,0.0652483750548929,-7.902274082493578e-20,0.06435570449376272
sequences,0.75,28,9,-8.5,14.44,q4,"(50, 50)",-0.00029388219184185434,0.06583964861095443,-7.902274082493578e-20,0.06435570449376272
sequences,0.75,29,9,-8.5,14.44,q1,"(150, 150)",0.00026816153940192135,0.06410390153917078,1.1859369607884339e-19,0.063662708431246
sequences,0.75,29,9,-8.5,14.44,q2,"(150, 50)",-0.0008165748589362382,0.061782131852515104,1.1859369607884339e-19,0.063662708431246
sequences,0.75,29,9,-8.5,14.44,q3,"(50, 150)",-0.0008425644018883874,0.06295166468831545,1.1859369607884339e-19,0.063662708431246
sequences,0.75,29,9,-8.5,14.44,q4,"(50, 50)",0.002578477909340627,0.067172747180098,1.1859369607884339e-19,0.063662708431246
sequences,0.75,30,9,-8.5,14.44,q1,"(150, 150)",-0.0003164913946720916,0.0637202742128118,-2.441634919270305e-19,0.06387329254969684
sequences,0.75,30,9,-8.5,14.44,q2,"(150, 50)",0.0009122479826464233,0.06534631353927238,-2.441634919270305e-19,0.06387329254969684
sequences,0.75,30,9,-8.5,14.44,q3,"(50, 150)",-3.0525255511438745e-05,0.06442659086921344,-2.441634919270305e-19,0.06387329254969684
sequences,0.75,30,9,-8.5,14.44,q4,"(50, 50)",9.506076819518094e-05,0.0585685931658235,-2.441634919270305e-19,0.06387329254969684
sequences,0.75,31,9,-8.5,14.44,q1,"(150, 150)",0.00021484694127325054,0.06522997558906461,-5.3456559969809497e-20,0.06470586861321417
sequences,0.75,31,9,-8.5,14.44,q2,"(150, 50)",-0.0006119714339281993,0.06327814551638603,-5.3456559969809497e-20,0.06470586861321417
sequences,0.75,31,9,-8.5,14.44,q3,"(50, 150)",-0.0003822668028899687,0.0646716917159595,-5.3456559969809497e-20,0.06470586861321417
sequences,0.75,31,9,-8.5,14.44,q4,"(50, 50)",0.0011853921459330143,0.06450935677334849,-5.3456559969809497e-20,0.06470586861321417
sequences,0.75,32,9,-8.5,14.44,q1,"(150, 150)",0.00010132533537430757,0.06396482900941297,1.5332005278134486e-19,0.06410077030778949
sequences,0.75,32,9,-8.5,14.44,q2,"(150, 50)",-0.00030375063838410094,0.06429489379307618,1.5332005278134486e-19,0.06410077030778949
sequences,0.75,32,9,-8.5,14.44,q3,"(50, 150)",-0.001554150604606328,0.06373221718338286,1.5332005278134486e-19,0.06410077030778949
sequences,0.75,32,9,-8.5,14.44,q4,"(50, 50)",0.005029311398597303,0.06569283161377118,1.5332005278134486e-19,0.06410077030778949
sequences,0.75,33,9,-8.5,14.44,q1,"(150, 150)",0.0008281134094722442,0.06281204950442486,2.2761894647126643e-19,0.06318069103409692
sequences,0.75,33,9,-8.5,14.44,q2,"(150, 50)",-0.002569050912046232,0.06405457779657367,2.2761894647126643e-19,0.06318069103409692
sequences,0.75,33,9,-8.5,14.44,q3,"(50, 150)",0.0007908449260415122,0.06277826731040732,2.2761894647126643e-19,0.06318069103409692
sequences,0.75,33,9,-8.5,14.44,q4,"(50, 50)",-0.002444625404035803,0.06490203356294438,2.2761894647126643e-19,0.06318069103409692
sequences,0.75,34,9,-8.5,14.44,q1,"(150, 150)",-0.000318155057597336,0.06392139766904228,3.9544484199270157e-20,0.06421239213072266
sequences,0.75,34,9,-8.5,14.44,q2,"(150, 50)",0.0009524749266765653,0.06402963412474781,3.9544484199270157e-20,0.06421239213072266
sequences,0.75,34,9,-8.5,14.44,q3,"(50, 150)",-0.0005709953430409326,0.06593910860124137,3.9544484199270157e-20,0.06421239213072266
sequences,0.75,34,9,-8.5,14.44,q4,"(50, 50)",0.001840231817839958,0.06178204419728641,3.9544484199270157e-20,0.06421239213072266
sequences,0.75,35,9,-8.5,14.44,q1,"(150, 150)",0.000673636124224237,0.06474062368642768,-5.1153779303328816e-20,0.0648041281101538
sequences,0.75,35,9,-8.5,14.44,q2,"(150, 50)",-0.0021043375243376835,0.06409291436835335,-5.1153779303328816e-20,0.0648041281101538
sequences,0.75,35,9,-8.5,14.44,q3,"(50, 150)",-0.0009592584906640501,0.06485226282291882,-5.1153779303328816e-20,0.0648041281101538
sequences,0.75,35,9,-8.5,14.44,q4,"(50, 50)",0.0030782984333174055,0.0671510166322026,-5.1153779303328816e-20,0.0648041281101538
sequences,0.75,36,9,-8.5,14.44,q1,"(150, 150)",-0.00043682453526420556,0.06424317418303165,-1.161418345285334e-20,0.06433879705419338
sequences,0.75,36,9,-8.5,14.44,q2,"(150, 50)",0.0012699099608184544,0.06599249259533609,-1.161418345285334e-20,0.06433879705419338
sequences,0.75,36,9,-8.5,14.44,q3,"(50, 150)",-0.00036618374424254933,0.06310859583445629,-1.161418345285334e-20,0.06433879705419338
sequences,0.75,36,9,-8.5,14.44,q4,"(50, 50)",0.0011206400644849066,0.06372441081238658,-1.161418345285334e-20,0.06433879705419338
sequences,0.75,37,9,-8.5,14.44,q1,"(150, 150)",-0.00039265905955198125,0.06374845362524573,-7.899628084140156e-20,0.06377530786899811
sequences,0.75,37,9,-8.5,14.44,q2,"(150, 50)",0.0011643891544123525,0.06332184616275076,-7.899628084140156e-20,0.06377530786899811
sequences,0.75,37,9,-8.5,14.44,q3,"(50, 150)",-0.0007963414956801642,0.06439335534473095,-7.899628084140156e-20,0.06377530786899811
sequences,0.75,37,9,-8.5,14.44,q4,"(50, 50)",0.0025352234820749586,0.06335208077631722,-7.899628084140156e-20,0.06377530786899811
sequences,0.75,38,9,-8.5,14.44,q1,"(150, 150)",0.00028689604127512706,0.06429941753382817,2.2803876679507325e-19,0.06458778243876787
sequences,0.75,38,9,-8.5,14.44,q2,"(150, 50)",-0.0008517822600163971,0.06584993675606197,2.2803876679507325e-19,0.06458778243876787
sequences,0.75,38,9,-8.5,14.44,q3,"(50, 150)",0.00010737438635378924,0.06446004430390374,2.2803876679507325e-19,0.06458778243876787
sequences,0.75,38,9,-8.5,14.44,q4,"(50, 50)",-0.00031447379644513435,0.06368157575278709,2.2803876679507325e-19,0.06458778243876787
sequences,0.75,39,9,-8.5,14.44,q1,"(150, 150)",0.00030304029547701045,0.06340206203599653,-2.3263410959373828e-20,0.06339757927083167
sequences,0.75,39,9,-8.5,14.44,q2,"(150, 50)",-0.0009095272882577774,0.06253777595258538,-2.3263410959373828e-20,0.06339757927083167
sequences,0.75,39,9,-8.5,14.44,q3,"(50, 150)",-0.0003358986245260092,0.0642268063454885,-2.3263410959373828e-20,0.06339757927083167
sequences,0.75,39,9,-8.5,14.44,q4,"(50, 50)",0.0010640704679040697,0.06334426866444139,-2.3263410959373828e-20,0.06339757927083167
sequences,0.75,40,9,-8.5,14.44,q1,"(150, 150)",-0.0005468382720499668,0.06376344113425216,1.2540169705856436e-19,0.06389289559181717
sequences,0.75,40,9,-8.5,14.44,q2,"(150, 50)",0.001593520902145606,0.06385254803348396,1.2540169705856436e-19,0.06389289559181717
sequences,0.75,40,9,-8.5,14.44,q3,"(50, 150)",0.0003608470170487965,0.06472267808993343,1.2540169705856436e-19,0.06389289559181717
sequences,0.75,40,9,-8.5,14.44,q4,"(50, 50)",-0.001093445768694567,0.06257191376240381,1.2540169705856436e-19,0.06389289559181717
sequences,0.75,41,9,-8.5,14.44,q1,"(150, 150)",0.0005123576835406457,0.06359348865089694,1.8137859400293694e-19,0.06407444868427083
sequences,0.75,41,9,-8.5,14.44,q2,"(150, 50)",-0.0015501282084054932,0.0640432744456858,1.8137859400293694e-19,0.06407444868427083
sequences,0.75,41,9,-8.5,14.44,q3,"(50, 150)",-0.00018694144495249324,0.06492534700646335,1.8137859400293694e-19,0.06407444868427083
sequences,0.75,41,9,-8.5,14.44,q4,"(50, 50)",0.0005667385758944918,0.06592740189528513,1.8137859400293694e-19,0.06407444868427083
sequences,0.75,42,9,-8.5,14.44,q1,"(150, 150)",7.51603428865325e-05,0.06479574745840341,4.18601056624483e-20,0.06441136690888533
sequences,0.75,42,9,-8.5,14.44,q2,"(150, 50)",-0.00022544718789287697,0.06466075492535324,4.18601056624483e-20,0.06441136690888533
sequences,0.75,42,9,-8.5,14.44,q3,"(50, 150)",-6.716909964703108e-05,0.06348879040396316,4.18601056624483e-20,0.06441136690888533
sequences,0.75,42,9,-8.5,14.44,q4,"(50, 50)",0.00021994587531478843,0.06301910848053084,4.18601056624483e-20,0.06441136690888533
sequences,0.75,43,9,-8.5,14.44,q1,"(150, 150)",-0.00042056878901021466,0.06420575229468699,-1.1853411123740367e-19,0.0642872221140684
sequences,0.75,43,9,-8.5,14.44,q2,"(150, 50)",0.001226201430099408,0.06565799765104774,-1.1853411123740367e-19,0.0642872221140684
sequences,0.75,43,9,-8.5,14.44,q3,"(50, 150)",-0.0005985044550146336,0.06331504161899357,-1.1853411123740367e-19,0.0642872221140684
sequences,0.75,43,9,-8.5,14.44,q4,"(50, 50)",0.0017383617459974107,0.06350654027372166,-1.1853411123740367e-19,0.0642872221140684
sequences,0.75,44,9,-8.5,14.44,q1,"(150, 150)",0.0005326377319172881,0.06465253171461387,-1.5815142800928157e-19,0.06370938435552916
sequences,0.75,44,9,-8.5,14.44,q2,"(150, 50)",-0.0015752978829415777,0.06328177052909376,-1.5815142800928157e-19,0.06370938435552916
sequences,0.75,44,9,-8.5,14.44,q3,"(50, 150)",-2.4470414514230718e-05,0.062321664141937134,-1.5815142800928157e-19,0.06370938435552916
sequences,0.75,44,9,-8.5,14.44,q4,"(50, 50)",7.218124916234678e-05,0.060468247921925206,-1.5815142800928157e-19,0.06370938435552916
sequences,0.75,45,9,-8.5,14.44,q1,"(150, 150)",-0.00036824625726290556,0.06425952278556014,2.3232255474704038e-20,0.06423042027695539
sequences,0.75,45,9,-8.5,14.44,q2,"(150, 50)",0.0011019452928179598,0.06460093207712075,2.3232255474704038e-20,0.06423042027695539
sequences,0.75,45,9,-8.5,14.44,q3,"(50, 150)",0.0011478436915533757,0.06389313018357419,2.3232255474704038e-20,0.06423042027695539
sequences,0.75,45,9,-8.5,14.44,q4,"(50, 50)",-0.003524518689260907,0.06369990549339748,2.3232255474704038e-20,0.06423042027695539
sequences,0.75,46,9,-8.5,14.44,q1,"(150, 150)",-0.0007304527132888257,0.06398295619981124,-2.0909029927233633e-19,0.06380569863323196
sequences,0.75,46,9,-8.5,14.44,q2,"(150, 50)",0.0021080497861826254,0.06376659611473445,-2.0909029927233633e-19,0.06380569863323196
sequences,0.75,46,9,-8.5,14.44,q3,"(50, 150)",0.0008913054711246,0.06262463830865542,-2.0909029927233633e-19,0.06380569863323196
sequences,0.75,46,9,-8.5,14.44,q4,"(50, 50)",-0.002779643683052027,0.06569284975247142,-2.0909029927233633e-19,0.06380569863323196
sequences,0.75,47,9,-8.5,14.44,q1,"(150, 150)",0.00010806810532131457,0.06419697850288886,1.88433628770928e-19,0.06434783633076126
sequences,0.75,47,9,-8.5,14.44,q2,"(150, 50)",-0.00032951189003156586,0.06344373507286179,1.88433628770928e-19,0.06434783633076126
sequences,0.75,47,9,-8.5,14.44,q3,"(50, 150)",0.0002346891118921233,0.06496116057229083,1.88433628770928e-19,0.06434783633076126
sequences,0.75,47,9,-8.5,14.44,q4,"(50, 50)",-0.0007465318020546421,0.06646583341454713,1.88433628770928e-19,0.06434783633076126
sequences,0.75,48,9,-8.5,14.44,q1,"(150, 150)",0.00025244775800679247,0.06323055670108053,1.906161809448552e-19,0.06343307862584399
sequences,0.75,48,9,-8.5,14.44,q2,"(150, 50)",-0.000735152478930137,0.06421014278621139,1.906161809448552e-19,0.06343307862584399
sequences,0.75,48,9,-8.5,14.44,q3,"(50, 150)",-4.9111735411951806e-05,0.06259255994911493,1.906161809448552e-19,0.06343307862584399
sequences,0.75,48,9,-8.5,14.44,q4,"(50, 50)",0.00014773557364410443,0.06529665749589698,1.906161809448552e-19,0.06343307862584399
sequences,0.75,49,9,-8.5,14.44,q1,"(150, 150)",-0.0003273570372757617,0.06370130369731725,-6.044940241299646e-20,0.0638266081425312
sequences,0.75,49,9,-8.5,14.44,q2,"(150, 50)",0.0009423014069096493,0.06363569349849636,-6.044940241299646e-20,0.0638266081425312
sequences,0.75,49,9,-8.5,14.44,q3,"(50, 150)",0.0015962127088541538,0.06398359565854252,-6.044940241299646e-20,0.0638266081425312
sequences,0.75,49,9,-8.5,14.44,q4,"(50, 50)",-0.004726835498315774,0.06479221713916365,-6.044940241299646e-20,0.0638266081425312
sequences,0.75,0,10,-12.3,10.68,q1,"(150, 150)",-0.0005575311031312982,0.06407763269996901,-7.434944079190735e-20,0.06390442617519851
sequences,0.75,0,10,-12.3,10.68,q2,"(150, 50)",0.001595510864048992,0.06338276407817807,-7.434944079190735e-20,0.06390442617519851
sequences,0.75,0,10,-12.3,10.68,q3,"(50, 150)",-0.0008183218465852612,0.06367611266171419,-7.434944079190735e-20,0.06390442617519851
sequences,0.75,0,10,-12.3,10.68,q4,"(50, 50)",0.0025275037643838418,0.06452724426388844,-7.434944079190735e-20,0.06390442617519851
sequences,0.75,1,10,-12.3,10.68,q1,"(150, 150)",0.00017741718345560016,0.06438084271459704,1.1619045384975266e-19,0.06463620414946994
sequences,0.75,1,10,-12.3,10.68,q2,"(150, 50)",-0.0005372727914079971,0.06491459158018678,1.1619045384975266e-19,0.06463620414946994
sequences,0.75,1,10,-12.3,10.68,q3,"(50, 150)",-0.0007232499966754257,0.06496360638964002,1.1619045384975266e-19,0.06463620414946994
sequences,0.75,1,10,-12.3,10.68,q4,"(50, 50)",0.0021514031943829764,0.06506631049445503,1.1619045384975266e-19,0.06463620414946994
sequences,0.75,2,10,-12.3,10.68,q1,"(150, 150)",2.161477244838072e-06,0.06429121816795441,1.348486669212998e-19,0.06484922477101267
sequences,0.75,2,10,-12.3,10.68,q2,"(150, 50)",-6.325738579872904e-06,0.06436091724696916,1.348486669212998e-19,0.06484922477101267
sequences,0.75,2,10,-12.3,10.68,q3,"(50, 150)",0.00033359497807572625,0.06624949958159478,1.348486669212998e-19,0.06484922477101267
sequences,0.75,2,10,-12.3,10.68,q4,"(50, 50)",-0.0010256601922461397,0.06681689028062462,1.348486669212998e-19,0.06484922477101267
sequences,0.75,3,10,-12.3,10.68,q1,"(150, 150)",0.00011392120991579709,0.06357275324479787,-4.651122851383144e-21,0.06374577144376394
sequences,0.75,3,10,-12.3,10.68,q2,"(150, 50)",-0.00034105447148201904,0.06340168236871353,-4.651122851383144e-21,0.06374577144376394
sequences,0.75,3,10,-12.3,10.68,q3,"(50, 150)",-0.0008082684440718241,0.06458976798964326,-4.651122851383144e-21,0.06374577144376394
sequences,0.75,3,10,-12.3,10.68,q4,"(50, 50)",0.002558186725665971,0.06371476562677984,-4.651122851383144e-21,0.06374577144376394
sequences,0.75,4,10,-12.3,10.68,q1,"(150, 150)",0.00035357581611819826,0.06431516621715447,-1.6738432400747817e-19,0.06399878751182739
sequences,0.75,4,10,-12.3,10.68,q2,"(150, 50)",-0.0010379311128417114,0.0636029938291529,-1.6738432400747817e-19,0.06399878751182739
sequences,0.75,4,10,-12.3,10.68,q3,"(50, 150)",-0.00020280902658019998,0.063889722565432,-1.6738432400747817e-19,0.06399878751182739
sequences,0.75,4,10,-12.3,10.68,q4,"(50, 50)",0.0006338134669342273,0.0625825856987282,-1.6738432400747817e-19,0.06399878751182739
sequences,0.75,5,10,-12.3,10.68,q1,"(150, 150)",2.8498389928613463e-05,0.06497406305037605,4.644507298465347e-21,0.06442860663818226
sequences,0.75,5,10,-12.3,10.68,q2,"(150, 50)",-8.710877725211896e-05,0.06325355874467359,4.644507298465347e-21,0.06442860663818226
sequences,0.75,5,10,-12.3,10.68,q3,"(50, 150)",7.462572655039367e-07,0.06411134757588488,4.644507298465347e-21,0.06442860663818226
sequences,0.75,5,10,-12.3,10.68,q4,"(50, 50)",-2.3105081424592306e-06,0.06391506252409718,4.644507298465347e-21,0.06442860663818226
sequences,0.75,6,10,-12.3,10.68,q1,"(150, 150)",0.00010865899777882866,0.06342251137087367,-1.0924646628712493e-19,0.06376408046661107
sequences,0.75,6,10,-12.3,10.68,q2,"(150, 50)",-0.0003370018093816875,0.06390016321560063,-1.0924646628712493e-19,0.06376408046661107
sequences,0.75,6,10,-12.3,10.68,q3,"(50, 150)",-0.0005255788832586665,0.06401791097870005,-1.0924646628712493e-19,0.06376408046661107
sequences,0.75,6,10,-12.3,10.68,q4,"(50, 50)",0.0015760283224400707,0.06565761979104554,-1.0924646628712493e-19,0.06376408046661107
sequences,0.75,7,10,-12.3,10.68,q1,"(150, 150)",-0.0001709627649261494,0.06340392252253825,5.814877988692892e-20,0.06360468472371594
sequences,0.75,7,10,-12.3,10.68,q2,"(150, 50)",0.0005018728445350567,0.06312181391882753,5.814877988692892e-20,0.06360468472371594
sequences,0.75,7,10,-12.3,10.68,q3,"(50, 150)",-0.0002898431724338687,0.06385389115943715,5.814877988692892e-20,0.06360468472371594
sequences,0.75,7,10,-12.3,10.68,q4,"(50, 50)",0.0008651379540829093,0.06617487501254118,5.814877988692892e-20,0.06360468472371594
sequences,0.75,8,10,-12.3,10.68,q1,"(150, 150)",-0.000445535868943584,0.06303532613045561,1.953635287173478e-19,0.06313922349930826
sequences,0.75,8,10,-12.3,10.68,q2,"(150, 50)",0.0013093577065895548,0.06257497128826671,1.953635287173478e-19,0.06313922349930826
sequences,0.75,8,10,-12.3,10.68,q3,"(50, 150)",0.0007995565581189893,0.06400805700441094,1.953635287173478e-19,0.06313922349930826
sequences,0.75,8,10,-12.3,10.68,q4,"(50, 50)",-0.002445375342564198,0.06310249943573232,1.953635287173478e-19,0.06313922349930826
sequences,0.75,9,10,-12.3,10.68,q1,"(150, 150)",-2.8940806517804575e-05,0.06439168390138107,1.0226472342050512e-19,0.06437854532054409
sequences,0.75,9,10,-12.3,10.68,q2,"(150, 50)",8.609120236745831e-05,0.06465286769489942,1.0226472342050512e-19,0.06437854532054409
sequences,0.75,9,10,-12.3,10.68,q3,"(50, 150)",0.0015957649709464016,0.06317620770190133,1.0226472342050512e-19,0.06437854532054409
sequences,0.75,9,10,-12.3,10.68,q4,"(50, 50)",-0.004785150067448147,0.06671827092861833,1.0226472342050512e-19,0.06437854532054409
sequences,0.75,10,10,-12.3,10.68,q1,"(150, 150)",-0.0005244250645093217,0.06545894326582151,-9.29757159890425e-21,0.06466758150854222
sequences,0.75,10,10,-12.3,10.68,q2,"(150, 50)",0.001526141003611333,0.06272214543338231,-9.29757159890425e-21,0.06466758150854222
sequences,0.75,10,10,-12.3,10.68,q3,"(50, 150)",-0.00023678246346235782,0.0653629162239401,-9.29757159890425e-21,0.06466758150854222
sequences,0.75,10,10,-12.3,10.68,q4,"(50, 50)",0.0006816745139521782,0.061293576914218696,-9.29757159890425e-21,0.06466758150854222
sequences,0.75,11,10,-12.3,10.68,q1,"(150, 150)",-0.00030329428946896075,0.06439824086203316,2.3241982595569345e-19,0.06422942013599221
sequences,0.75,11,10,-12.3,10.68,q2,"(150, 50)",0.0008895836443085666,0.06508290926952709,2.3241982595569345e-19,0.06422942013599221
sequences,0.75,11,10,-12.3,10.68,q3,"(50, 150)",-8.453647461314363e-05,0.06241273765356386,2.3241982595569345e-19,0.06422942013599221
sequences,0.75,11,10,-12.3,10.68,q4,"(50, 50)",0.0002688164100658763,0.06549721702315625,2.3241982595569345e-19,0.06422942013599221
sequences,0.75,12,10,-12.3,10.68,q1,"(150, 150)",-0.00014747492511499148,0.06407849565948867,-8.830474492581202e-20,0.06386460728061728
sequences,0.75,12,10,-12.3,10.68,q2,"(150, 50)",0.00043596173081802346,0.06378105789080352,-8.830474492581202e-20,0.06386460728061728
sequences,0.75,12,10,-12.3,10.68,q3,"(50, 150)",0.0007108094136909782,0.06356397772810819,-8.830474492581202e-20,0.06386460728061728
sequences,0.75,12,10,-12.3,10.68,q4,"(50, 50)",-0.0021814827472951817,0.06304349117314136,-8.830474492581202e-20,0.06386460728061728
sequences,0.75,13,10,-12.3,10.68,q1,"(150, 150)",-5.4639731623313124e-05,0.0642353669879547,-2.5570463297480575e-19,0.06446104421922243
sequences,0.75,13,10,-12.3,10.68,q2,"(150, 50)",0.00016605279300783258,0.06464091056471946,-2.5570463297480575e-19,0.06446104421922243
sequences,0.75,13,10,-12.3,10.68,q3,"(50, 150)",0.0001221677145289924,0.06438743937786591,-2.5570463297480575e-19,0.06446104421922243
sequences,0.75,13,10,-12.3,10.68,q4,"(50, 50)",-0.0003666693581645678,0.06618587109965635,-2.5570463297480575e-19,0.06446104421922243
sequences,0.75,14,10,-12.3,10.68,q1,"(150, 150)",-0.0001241419272936104,0.06383116820224108,-1.7197627024671686e-19,0.06376093636269135
sequences,0.75,14,10,-12.3,10.68,q2,"(150, 50)",0.00036894206632648936,0.06458715824238151,-1.7197627024671686e-19,0.06376093636269135
sequences,0.75,14,10,-12.3,10.68,q3,"(50, 150)",0.00020105277165208686,0.06302565901583926,-1.7197627024671686e-19,0.06376093636269135
sequences,0.75,14,10,-12.3,10.68,q4,"(50, 50)",-0.0005973536417589572,0.06285327679665785,-1.7197627024671686e-19,0.06376093636269135
sequences,0.75,15,10,-12.3,10.68,q1,"(150, 150)",0.0007271315183783652,0.06429060162949199,-1.6381482468830795e-19,0.06442245828650214
sequences,0.75,15,10,-12.3,10.68,q2,"(150, 50)",-0.0021342980716690125,0.06618278052230087,-1.6381482468830795e-19,0.06442245828650214
sequences,0.75,15,10,-12.3,10.68,q3,"(50, 150)",-0.00016312680675389504,0.06374818373216677,-1.6381482468830795e-19,0.06442245828650214
sequences,0.75,15,10,-12.3,10.68,q4,"(50, 50)",0.0005201546972805049,0.06182210812402039,-1.6381482468830795e-19,0.06442245828650214
sequences,0.75,16,10,-12.3,10.68,q1,"(150, 150)",-0.0007970814674526824,0.06379774854941637,2.884421200417353e-19,0.06389109329182215
sequences,0.75,16,10,-12.3,10.68,q2,"(150, 50)",0.0024196473955600158,0.062424149062555855,2.884421200417353e-19,0.06389109329182215
sequences,0.75,16,10,-12.3,10.68,q3,"(50, 150)",0.000549610889616937,0.06545363050508174,2.884421200417353e-19,0.06389109329182215
sequences,0.75,16,10,-12.3,10.68,q4,"(50, 50)",-0.0016977706247756075,0.06405415383521686,2.884421200417353e-19,0.06389109329182215
sequences,0.75,17,10,-12.3,10.68,q1,"(150, 150)",-0.0006001614872978814,0.06396344649022952,-1.1158954933831878e-19,0.06417037256263255
sequences,0.75,17,10,-12.3,10.68,q2,"(150, 50)",0.0018159009579621335,0.06565225470223189,-1.1158954933831878e-19,0.06417037256263255
sequences,0.75,17,10,-12.3,10.68,q3,"(50, 150)",-0.000523358578324132,0.0635956655020163,-1.1158954933831878e-19,0.06417037256263255
sequences,0.75,17,10,-12.3,10.68,q4,"(50, 50)",0.00168621429589264,0.06314639501991591,-1.1158954933831878e-19,0.06417037256263255
sequences,0.75,18,10,-12.3,10.68,q1,"(150, 150)",0.00034171794734244994,0.06300689213512621,5.57994483812275e-20,0.0636617299075951
sequences,0.75,18,10,-12.3,10.68,q2,"(150, 50)",-0.0010036081337072562,0.06580526567030293,5.57994483812275e-20,0.0636617299075951
sequences,0.75,18,10,-12.3,10.68,q3,"(50, 150)",-0.00017695461959215493,0.06404689688496228,5.57994483812275e-20,0.0636617299075951
sequences,0.75,18,10,-12.3,10.68,q4,"(50, 50)",0.0005514399773336915,0.061560903157361055,5.57994483812275e-20,0.0636617299075951
sequences,0.75,19,10,-12.3,10.68,q1,"(150, 150)",0.0004666504587113994,0.06432853614765158,-6.507755126759417e-20,0.06373103447223843
sequences,0.75,19,10,-12.3,10.68,q2,"(150, 50)",-0.0014109512962851472,0.061736828036045806,-6.507755126759417e-20,0.06373103447223843
sequences,0.75,19,10,-12.3,10.68,q3,"(50, 150)",-0.0003205071816682515,0.06385808811110136,-6.507755126759417e-20,0.06373103447223843
sequences,0.75,19,10,-12.3,10.68,q4,"(50, 50)",0.0010002925750452686,0.06370078373336167,-6.507755126759417e-20,0.06373103447223843
sequences,0.75,20,10,-12.3,10.68,q1,"(150, 150)",0.0005288706677236075,0.06422794900216995,-8.835652788756796e-20,0.06442216260645646
sequences,0.75,20,10,-12.3,10.68,q2,"(150, 50)",-0.0015354086502555857,0.06601589589961158,-8.835652788756796e-20,0.06442216260645646
sequences,0.75,20,10,-12.3,10.68,q3,"(50, 150)",-0.0002681916025463953,0.06419188065745002,-8.835652788756796e-20,0.06442216260645646
sequences,0.75,20,10,-12.3,10.68,q4,"(50, 50)",0.0008413490024481779,0.06166266833678288,-8.835652788756796e-20,0.06442216260645646
sequences,0.75,21,10,-12.3,10.68,q1,"(150, 150)",-0.0007217931000376527,0.06365387456093527,1.3024235247823188e-19,0.06379373357939133
sequences,0.75,21,10,-12.3,10.68,q2,"(150, 50)",0.0021563164271080027,0.06306205411197588,1.3024235247823188e-19,0.06379373357939133
sequences,0.75,21,10,-12.3,10.68,q3,"(50, 150)",-0.00012541976734488765,0.06485586411220036,1.3024235247823188e-19,0.06379373357939133
sequences,0.75,21,10,-12.3,10.68,q4,"(50, 50)",0.00038328280900597694,0.06377869285653873,1.3024235247823188e-19,0.06379373357939133
sequences,0.75,22,10,-12.3,10.68,q1,"(150, 150)",0.0003299593956146997,0.06315610144237509,-1.0468534931718222e-19,0.06367291859228989
sequences,0.75,22,10,-12.3,10.68,q2,"(150, 50)",-0.0009773406148158243,0.06357167537162421,-1.0468534931718222e-19,0.06367291859228989
sequences,0.75,22,10,-12.3,10.68,q3,"(50, 150)",8.578280952515723e-05,0.0647512896951203,-1.0468534931718222e-19,0.06367291859228989
sequences,0.75,22,10,-12.3,10.68,q4,"(50, 50)",-0.00026234107886529567,0.06511109597209089,-1.0468534931718222e-19,0.06367291859228989
sequences,0.75,23,10,-12.3,10.68,q1,"(150, 150)",-0.0005422275819711495,0.06456371972358989,2.556832189698669e-20,0.06422852349149695
sequences,0.75,23,10,-12.3,10.68,q2,"(150, 50)",0.001630557529884659,0.06402202749107329,2.556832189698669e-20,0.06422852349149695
sequences,0.75,23,10,-12.3,10.68,q3,"(50, 150)",-0.0003081028588143583,0.06333189764798948,2.556832189698669e-20,0.06422852349149695
sequences,0.75,23,10,-12.3,10.68,q4,"(50, 50)",0.0009467083727629117,0.06439944241772078,2.556832189698669e-20,0.06422852349149695
sequences,0.75,24,10,-12.3,10.68,q1,"(150, 150)",0.00011473040149852787,0.06406984009038295,1.6276202505604624e-20,0.06456916809305056
sequences,0.75,24,10,-12.3,10.68,q2,"(150, 50)",-0.000349136924542219,0.06612838006017793,1.6276202505604624e-20,0.06456916809305056
sequences,0.75,24,10,-12.3,10.68,q3,"(50, 150)",0.0003113695528114297,0.06464684962122268,1.6276202505604624e-20,0.06456916809305056
sequences,0.75,24,10,-12.3,10.68,q4,"(50, 50)",-0.0009517658529920613,0.06411844991724232,1.6276202505604624e-20,0.06456916809305056
sequences,0.75,25,10,-12.3,10.68,q1,"(150, 150)",-4.372448912246187e-05,0.06423348701997528,5.577608764758385e-20,0.0642372340402694
sequences,0.75,25,10,-12.3,10.68,q2,"(150, 50)",0.0001323081520962908,0.0642368706226108,5.577608764758385e-20,0.0642372340402694
sequences,0.75,25,10,-12.3,10.68,q3,"(50, 150)",-0.0001399434789690973,0.0647109624322791,5.577608764758385e-20,0.0642372340402694
sequences,0.75,25,10,-12.3,10.68,q4,"(50, 50)",0.00041549256626539314,0.06284332720840674,5.577608764758385e-20,0.0642372340402694
sequences,0.75,26,10,-12.3,10.68,q1,"(150, 150)",0.00025034770564338297,0.06375697770915478,-6.975515359544838e-21,0.06386635536059242
sequences,0.75,26,10,-12.3,10.68,q2,"(150, 50)",-0.0007435005187982253,0.06361739632628992,-6.975515359544838e-21,0.06386635536059242
sequences,0.75,26,10,-12.3,10.68,q3,"(50, 150)",-0.0006242587913445265,0.06360706239542716,-6.975515359544838e-21,0.06386635536059242
sequences,0.75,26,10,-12.3,10.68,q4,"(50, 50)",0.0018905157984154938,0.06629891093070704,-6.975515359544838e-21,0.06386635536059242
sequences,0.75,27,10,-12.3,10.68,q1,"(150, 150)",-0.0003765768126931612,0.0635644726773681,-1.301660023846595e-19,0.06388495187956608
sequences,0.75,27,10,-12.3,10.68,q2,"(150, 50)",0.0011575233509069503,0.06467024082848019,-1.301660023846595e-19,0.06388495187956608
sequences,0.75,27,10,-12.3,10.68,q3,"(50, 150)",0.001601213857476652,0.06403909441836185,-1.301660023846595e-19,0.06388495187956608
sequences,0.75,27,10,-12.3,10.68,q4,"(50, 50)",-0.005068286640540682,0.06367605672408176,-1.301660023846595e-19,0.06388495187956608
sequences,0.75,28,10,-12.3,10.68,q1,"(150, 150)",-0.00019840365858030066,0.06410106971591403,-6.048486849437195e-20,0.06371492099203416
sequences,0.75,28,10,-12.3,10.68,q2,"(150, 50)",0.0005784456928573655,0.06234463266889312,-6.048486849437195e-20,0.06371492099203416
sequences,0.75,28,10,-12.3,10.68,q3,"(50, 150)",0.0022620869190573575,0.06355003745895312,-6.048486849437195e-20,0.06371492099203416
sequences,0.75,28,10,-12.3,10.68,q4,"(50, 50)",-0.006573358458907852,0.06439918356390589,-6.048486849437195e-20,0.06371492099203416
sequences,0.75,29,10,-12.3,10.68,q1,"(150, 150)",0.000137575995671685,0.06454568492609707,7.674352704782188e-20,0.06431693550159773
sequences,0.75,29,10,-12.3,10.68,q2,"(150, 50)",-0.0004166129210030948,0.06474135678718915,7.674352704782188e-20,0.06431693550159773
sequences,0.75,29,10,-12.3,10.68,q3,"(50, 150)",0.00015264412517243723,0.06344899135337016,7.674352704782188e-20,0.06431693550159773
sequences,0.75,29,10,-12.3,10.68,q4,"(50, 50)",-0.00045381797861239486,0.06350041323787807,7.674352704782188e-20,0.06431693550159773
sequences,0.75,30,10,-12.3,10.68,q1,"(150, 150)",2.4859320624591073e-05,0.0631839272453049,-3.4839634663969347e-20,0.06329424400929369
sequences,0.75,30,10,-12.3,10.68,q2,"(150, 50)",-7.33553723348591e-05,0.06291409918420374,-3.4839634663969347e-20,0.06329424400929369
sequences,0.75,30,10,-12.3,10.68,q3,"(50, 150)",-0.0005756434703297616,0.06340592419892127,-3.4839634663969347e-20,0.06329424400929369
sequences,0.75,30,10,-12.3,10.68,q4,"(50, 50)",0.0017096008300762152,0.06498902311040403,-3.4839634663969347e-20,0.06329424400929369
sequences,0.75,31,10,-12.3,10.68,q1,"(150, 150)",-0.00020273569097737404,0.06345946433817014,2.673051834684972e-19,0.06368439260705865
sequences,0.75,31,10,-12.3,10.68,q2,"(150, 50)",0.0005997933179864843,0.06445189921533624,2.673051834684972e-19,0.06368439260705865
sequences,0.75,31,10,-12.3,10.68,q3,"(50, 150)",0.00033835366672801297,0.06407469897160935,2.673051834684972e-19,0.06368439260705865
sequences,0.75,31,10,-12.3,10.68,q4,"(50, 50)",-0.0010367858940859738,0.062108628932168175,2.673051834684972e-19,0.06368439260705865
sequences,0.75,32,10,-12.3,10.68,q1,"(150, 150)",3.0264726185895793e-05,0.06440134881022215,-1.1270474023426007e-19,0.06455547793865841
sequences,0.75,32,10,-12.3,10.68,q2,"(150, 50)",-9.240793259742436e-05,0.06569156883334863,-1.1270474023426007e-19,0.06455547793865841
sequences,0.75,32,10,-12.3,10.68,q3,"(50, 150)",-0.0005175828189800331,0.06403525607080637,-1.1270474023426007e-19,0.06455547793865841
sequences,0.75,32,10,-12.3,10.68,q4,"(50, 50)",0.0015458103494470693,0.0640706485756301,-1.1270474023426007e-19,0.06455547793865841
sequences,0.75,33,10,-12.3,10.68,q1,"(150, 150)",-0.0004579500179459664,0.06434743026006573,1.5338424103085558e-19,0.0639480610954458
sequences,0.75,33,10,-12.3,10.68,q2,"(150, 50)",0.0013481968362024155,0.06467393452229128,1.5338424103085558e-19,0.0639480610954458
sequences,0.75,33,10,-12.3,10.68,q3,"(50, 150)",-0.00010449174709946953,0.061193622109620434,1.5338424103085558e-19,0.0639480610954458
sequences,0.75,33,10,-12.3,10.68,q4,"(50, 50)",0.00032626115128104547,0.06612737651374195,1.5338424103085558e-19,0.0639480610954458
sequences,0.75,34,10,-12.3,10.68,q1,"(150, 150)",0.00028524498717288357,0.06382829423905376,-1.0699375499194921e-19,0.06349090626763726
sequences,0.75,34,10,-12.3,10.68,q2,"(150, 50)",-0.0008286279836617683,0.0631849404841443,-1.0699375499194921e-19,0.06349090626763726
sequences,0.75,34,10,-12.3,10.68,q3,"(50, 150)",-0.0010425840320352627,0.06314224823774647,-1.0699375499194921e-19,0.06349090626763726
sequences,0.75,34,10,-12.3,10.68,q4,"(50, 50)",0.0030172163544894826,0.06233411111306042,-1.0699375499194921e-19,0.06349090626763726
sequences,0.75,35,10,-12.3,10.68,q1,"(150, 150)",0.0008808054548999516,0.063521490605332,-1.744755821953037e-19,0.06349095077306006
sequences,0.75,35,10,-12.3,10.68,q2,"(150, 50)",-0.0026971898177709083,0.06422036574788184,-1.744755821953037e-19,0.06349095077306006
sequences,0.75,35,10,-12.3,10.68,q3,"(50, 150)",-0.00031261793423075586,0.06279827710168115,-1.744755821953037e-19,0.06349095077306006
sequences,0.75,35,10,-12.3,10.68,q4,"(50, 50)",0.0009958255350015419,0.06295974374469773,-1.744755821953037e-19,0.06349095077306006
sequences,0.75,36,10,-12.3,10.68,q1,"(150, 150)",0.0008130849841150496,0.06267821478215482,-2.0459797739783416e-19,0.06304867964627694
sequences,0.75,36,10,-12.3,10.68,q2,"(150, 50)",-0.0024115647516477325,0.06288404498582761,-2.0459797739783416e-19,0.06304867964627694
sequences,0.75,36,10,-12.3,10.68,q3,"(50, 150)",0.00029087380185631933,0.06431345987981582,-2.0459797739783416e-19,0.06304867964627694
sequences,0.75,36,10,-12.3,10.68,q4,"(50, 50)",-0.0009245777668006801,0.06278927836454319,-2.0459797739783416e-19,0.06304867964627694
sequences,0.75,37,10,-12.3,10.68,q1,"(150, 150)",0.00013594659391572697,0.06483032090466935,-5.581347421659773e-20,0.06457836489138474
sequences,0.75,37,10,-12.3,10.68,q2,"(150, 50)",-0.00040053784679013613,0.06457448974238865,-5.581347421659773e-20,0.06457836489138474
sequences,0.75,37,10,-12.3,10.68,q3,"(50, 150)",0.0001169142778330519,0.06499248065452556,-5.581347421659773e-20,0.06457836489138474
sequences,0.75,37,10,-12.3,10.68,q4,"(50, 50)",-0.00036436068972402826,0.06075700920778589,-5.581347421659773e-20,0.06457836489138474
sequences,0.75,38,10,-12.3,10.68,q1,"(150, 150)",-0.00010453655542511548,0.06347119867047925,1.6266663538965372e-19,0.06354032049607466
sequences,0.75,38,10,-12.3,10.68,q2,"(150, 50)",0.0002978076288273627,0.06311713933932102,1.6266663538965372e-19,0.06354032049607466
sequences,0.75,38,10,-12.3,10.68,q3,"(50, 150)",-0.0006095527838445244,0.06489362636404865,1.6266663538965372e-19,0.06354032049607466
sequences,0.75,38,10,-12.3,10.68,q4,"(50, 50)",0.001918619934804422,0.061129557334068024,1.6266663538965372e-19,0.06354032049607466
sequences,0.75,39,10,-12.3,10.68,q1,"(150, 150)",-0.0004083629429152865,0.06380683354428361,0.0,0.0636677583236133
sequences,0.75,39,10,-12.3,10.68,q2,"(150, 50)",0.0011722377144772723,0.06336745468469655,0.0,0.0636677583236133
sequences,0.75,39,10,-12.3,10.68,q3,"(50, 150)",0.0011972969691281194,0.06334821987957182,0.0,0.0636677583236133
sequences,0.75,39,10,-12.3,10.68,q4,"(50, 50)",-0.003617848565251635,0.0641323701795661,0.0,0.0636677583236133
sequences,0.75,40,10,-12.3,10.68,q1,"(150, 150)",0.0003092704798390801,0.06323318167253728,-3.371216673032495e-19,0.06390157893712095
sequences,0.75,40,10,-12.3,10.68,q2,"(150, 50)",-0.000906501044482539,0.06487841979549128,-3.371216673032495e-19,0.06390157893712095
sequences,0.75,40,10,-12.3,10.68,q3,"(50, 150)",-0.0003946454928287568,0.06416860889572051,-3.371216673032495e-19,0.06390157893712095
sequences,0.75,40,10,-12.3,10.68,q4,"(50, 50)",0.0012215217635175811,0.06609044289825595,-3.371216673032495e-19,0.06390157893712095
sequences,0.75,41,10,-12.3,10.68,q1,"(150, 150)",-7.887235957389e-05,0.06428304936925022,2.1139583035003609e-19,0.06439863054932461
sequences,0.75,41,10,-12.3,10.68,q2,"(150, 50)",0.000235390720398665,0.06333073498262147,2.1139583035003609e-19,0.06439863054932461
sequences,0.75,41,10,-12.3,10.68,q3,"(50, 150)",-2.174625461248816e-05,0.06463224018156277,2.1139583035003609e-19,0.06439863054932461
sequences,0.75,41,10,-12.3,10.68,q4,"(50, 50)",6.520957423395793e-05,0.06784407702468265,2.1139583035003609e-19,0.06439863054932461
sequences,0.75,42,10,-12.3,10.68,q1,"(150, 150)",-5.723209719195646e-05,0.0640543453913688,9.301466359124971e-21,0.06381714783979953
sequences,0.75,42,10,-12.3,10.68,q2,"(150, 50)",0.000172105274851917,0.0635419430201877,9.301466359124971e-21,0.06381714783979953
sequences,0.75,42,10,-12.3,10.68,q3,"(50, 150)",-0.00039282431666634387,0.06403628745757953,9.301466359124971e-21,0.06381714783979953
sequences,0.75,42,10,-12.3,10.68,q4,"(50, 50)",0.0011805963246837156,0.061778044237941,9.301466359124971e-21,0.06381714783979953
sequences,0.75,43,10,-12.3,10.68,q1,"(150, 150)",0.00026362560412399516,0.06392590628285204,2.3249770158844793e-21,0.06389662262183624
sequences,0.75,43,10,-12.3,10.68,q2,"(150, 50)",-0.0007716977009608484,0.06411726245225179,2.3249770158844793e-21,0.06389662262183624
sequences,0.75,43,10,-12.3,10.68,q3,"(50, 150)",0.00025343447741870366,0.06385552313818235,2.3249770158844793e-21,0.06389662262183624
sequences,0.75,43,10,-12.3,10.68,q4,"(50, 50)",-0.0007790385078717404,0.0630569226413999,2.3249770158844793e-21,0.06389662262183624
sequences,0.75,44,10,-12.3,10.68,q1,"(150, 150)",-0.0006847185835089516,0.06403570886630394,1.0221336852089656e-19,0.06418442454006815
sequences,0.75,44,10,-12.3,10.68,q2,"(150, 50)",0.0019917472748808983,0.0648166715897578,1.0221336852089656e-19,0.06418442454006815
sequences,0.75,44,10,-12.3,10.68,q3,"(50, 150)",-0.00023842136311346586,0.06467679490087422,1.0221336852089656e-19,0.06418442454006815
sequences,0.75,44,10,-12.3,10.68,q4,"(50, 50)",0.0007162520231654552,0.061869794905241984,1.0221336852089656e-19,0.06418442454006815
sequences,0.75,45,10,-12.3,10.68,q1,"(150, 150)",0.00017544643395504247,0.06396203473916517,-2.7906737108298866e-20,0.0638506246654351
sequences,0.75,45,10,-12.3,10.68,q2,"(150, 50)",-0.0005198758957318529,0.06422454340959421,-2.7906737108298866e-20,0.0638506246654351
sequences,0.75,45,10,-12.3,10.68,q3,"(50, 150)",0.00032402076745257513,0.06327869153582713,-2.7906737108298866e-20,0.0638506246654351
sequences,0.75,45,10,-12.3,10.68,q4,"(50, 50)",-0.0010029634654662813,0.0634272273952299,-2.7906737108298866e-20,0.0638506246654351
sequences,0.75,46,10,-12.3,10.68,q1,"(150, 150)",-0.0006015528653538168,0.06408371907682281,2.673947554492188e-19,0.0639861706148062
sequences,0.75,46,10,-12.3,10.68,q2,"(150, 50)",0.001800359870806577,0.0627696640422856,2.673947554492188e-19,0.0639861706148062
sequences,0.75,46,10,-12.3,10.68,q3,"(50, 150)",-0.00016108766020976292,0.06452251399478094,2.673947554492188e-19,0.0639861706148062
sequences,0.75,46,10,-12.3,10.68,q4,"(50, 50)",0.000492200185052295,0.06499318793644641,2.673947554492188e-19,0.0639861706148062
sequences,0.75,47,10,-12.3,10.68,q1,"(150, 150)",-0.000202788647376457,0.06377813078458967,-5.110668426044828e-20,0.06394842981985387
sequences,0.75,47,10,-12.3,10.68,q2,"(150, 50)",0.0005993969617058201,0.06410286543850488,-5.110668426044828e-20,0.06394842981985387
sequences,0.75,47,10,-12.3,10.68,q3,"(50, 150)",0.0011381053274889452,0.0637483677755616,-5.110668426044828e-20,0.06394842981985387
sequences,0.75,47,10,-12.3,10.68,q4,"(50, 50)",-0.0033193502185042633,0.06541352410491907,-5.110668426044828e-20,0.06394842981985387
sequences,0.75,48,10,-12.3,10.68,q1,"(150, 150)",-0.00011983176646278339,0.06500476211728376,-4.186361329657453e-20,0.0647043850094997
sequences,0.75,48,10,-12.3,10.68,q2,"(150, 50)",0.0003582096657740868,0.06430078349980144,-4.186361329657453e-20,0.0647043850094997
sequences,0.75,48,10,-12.3,10.68,q3,"(50, 150)",-0.00030658436322157905,0.06339290750026576,-4.186361329657453e-20,0.0647043850094997
sequences,0.75,48,10,-12.3,10.68,q4,"(50, 50)",0.0009076510753270428,0.06702874643617451,-4.186361329657453e-20,0.0647043850094997
sequences,0.75,49,10,-12.3,10.68,q1,"(150, 150)",-0.00028891688429465964,0.06384521348646326,-1.4879852901660668e-19,0.06408926669783586
sequences,0.75,49,10,-12.3,10.68,q2,"(150, 50)",0.0008672714584437701,0.06395675987011287,-1.4879852901660668e-19,0.06408926669783586
sequences,0.75,49,10,-12.3,10.68,q3,"(50, 150)",0.0005886410412830741,0.06429695843706468,-1.4879852901660668e-19,0.06408926669783586
sequences,0.75,49,10,-12.3,10.68,q4,"(50, 50)",-0.0016530330611374002,0.06581763605709061,-1.4879852901660668e-19,0.06408926669783586
sequences,0.75,0,11,-17.0,8.65,q1,"(150, 150)",0.0002146295053874103,0.06369129045252263,5.1140926594961144e-20,0.06363416851680057
sequences,0.75,0,11,-17.0,8.65,q2,"(150, 50)",-0.000627465678019132,0.06326028445298396,5.1140926594961144e-20,0.06363416851680057
sequences,0.75,0,11,-17.0,8.65,q3,"(50, 150)",-0.00032889464533350895,0.06448754629615376,5.1140926594961144e-20,0.06363416851680057
sequences,0.75,0,11,-17.0,8.65,q4,"(50, 50)",0.0009788840629886657,0.061639826933772124,5.1140926594961144e-20,0.06363416851680057
sequences,0.75,1,11,-17.0,8.65,q1,"(150, 150)",-0.0007281917025563306,0.06365703771347135,-1.2087855376990816e-19,0.06368900162110215
sequences,0.75,1,11,-17.0,8.65,q2,"(150, 50)",0.002210593716670326,0.06197619197629184,-1.2087855376990816e-19,0.06368900162110215
sequences,0.75,1,11,-17.0,8.65,q3,"(50, 150)",-0.0001394742938508768,0.06464815471618311,-1.2087855376990816e-19,0.06368900162110215
sequences,0.75,1,11,-17.0,8.65,q4,"(50, 50)",0.00044822674602076445,0.06590291388964883,-1.2087855376990816e-19,0.06368900162110215
sequences,0.75,2,11,-17.0,8.65,q1,"(150, 150)",-7.542623660962899e-05,0.06477489942396567,1.1151482627857938e-19,0.06450485685912648
sequences,0.75,2,11,-17.0,8.65,q2,"(150, 50)",0.0002159962720512159,0.06408860781071997,1.1151482627857938e-19,0.06450485685912648
sequences,0.75,2,11,-17.0,8.65,q3,"(50, 150)",-0.0004373654253360861,0.06447692106677154,1.1151482627857938e-19,0.06450485685912648
sequences,0.75,2,11,-17.0,8.65,q4,"(50, 50)",0.0012998988338674099,0.06345197754572506,1.1151482627857938e-19,0.06450485685912648
sequences,0.75,3,11,-17.0,8.65,q1,"(150, 150)",0.0007242379713365423,0.06296596926427758,6.974346833644923e-20,0.06352602312281629
sequences,0.75,3,11,-17.0,8.65,q2,"(150, 50)",-0.0021649646000051334,0.06355023021162728,6.974346833644923e-20,0.06352602312281629
sequences,0.75,3,11,-17.0,8.65,q3,"(50, 150)",-0.0007699089371317012,0.06389236601323486,6.974346833644923e-20,0.06352602312281629
sequences,0.75,3,11,-17.0,8.65,q4,"(50, 50)",0.002288255247411349,0.06702861364508486,6.974346833644923e-20,0.06352602312281629
sequences,0.75,4,11,-17.0,8.65,q1,"(150, 150)",4.983572160660721e-05,0.06352093969799534,3.2536051127757243e-20,0.06315746208980624
sequences,0.75,4,11,-17.0,8.65,q2,"(150, 50)",-0.00015382008861994094,0.06393340996448789,3.2536051127757243e-20,0.06315746208980624
sequences,0.75,4,11,-17.0,8.65,q3,"(50, 150)",0.00042701026537315544,0.061643470148429386,3.2536051127757243e-20,0.06315746208980624
sequences,0.75,4,11,-17.0,8.65,q4,"(50, 50)",-0.0013877833624627545,0.061871513168206965,3.2536051127757243e-20,0.06315746208980624
sequences,0.75,5,11,-17.0,8.65,q1,"(150, 150)",-0.0002217413447722754,0.06342076788444093,1.5098438488709343e-19,0.0638444642778213
sequences,0.75,5,11,-17.0,8.65,q2,"(150, 50)",0.0006469151159411345,0.06366798709347829,1.5098438488709343e-19,0.0638444642778213
sequences,0.75,5,11,-17.0,8.65,q3,"(50, 150)",-0.0003497745283374961,0.06538412345299452,1.5098438488709343e-19,0.0638444642778213
sequences,0.75,5,11,-17.0,8.65,q4,"(50, 50)",0.0011574908524463372,0.06331567289700436,1.5098438488709343e-19,0.0638444642778213
sequences,0.75,6,11,-17.0,8.65,q1,"(150, 150)",-0.0005205305134503639,0.06332054554505862,1.3007885467195742e-19,0.06357214406879297
sequences,0.75,6,11,-17.0,8.65,q2,"(150, 50)",0.0015380255783573333,0.06447505736873187,1.3007885467195742e-19,0.06357214406879297
sequences,0.75,6,11,-17.0,8.65,q3,"(50, 150)",-1.519107887391308e-05,0.06383116926510299,1.3007885467195742e-19,0.06357214406879297
sequences,0.75,6,11,-17.0,8.65,q4,"(50, 50)",4.499886727709447e-05,0.062224140412813836,1.3007885467195742e-19,0.06357214406879297
sequences,0.75,7,11,-17.0,8.65,q1,"(150, 150)",0.0006201411652263844,0.06369398248647308,-7.438680231994349e-20,0.06418121843607003
sequences,0.75,7,11,-17.0,8.65,q2,"(150, 50)",-0.001882020451682062,0.06437143374204826,-7.438680231994349e-20,0.06418121843607003
sequences,0.75,7,11,-17.0,8.65,q3,"(50, 150)",0.0012389928993682285,0.06534735482515087,-7.438680231994349e-20,0.06418121843607003
sequences,0.75,7,11,-17.0,8.65,q4,"(50, 50)",-0.003695729479513938,0.06416321999252585,-7.438680231994349e-20,0.06418121843607003
sequences,0.75,8,11,-17.0,8.65,q1,"(150, 150)",-0.00017509544874113884,0.06425044717492776,7.200191163886999e-20,0.06431627256058017
sequences,0.75,8,11,-17.0,8.65,q2,"(150, 50)",0.0005151135472648648,0.06552518314571822,7.200191163886999e-20,0.06431627256058017
sequences,0.75,8,11,-17.0,8.65,q3,"(50, 150)",-0.0010638672892145757,0.06323360683582045,7.200191163886999e-20,0.06431627256058017
sequences,0.75,8,11,-17.0,8.65,q4,"(50, 50)",0.003263875460661023,0.06432208247923181,7.200191163886999e-20,0.06431627256058017
sequences,0.75,9,11,-17.0,8.65,q1,"(150, 150)",-6.179385694575711e-05,0.06333691946731482,-1.8130264617863288e-19,0.06321695858434527
sequences,0.75,9,11,-17.0,8.65,q2,"(150, 50)",0.00018253580110950588,0.06344921736995676,-1.8130264617863288e-19,0.06321695858434527
sequences,0.75,9,11,-17.0,8.65,q3,"(50, 150)",0.0001778459792201349,0.06273162132976398,-1.8130264617863288e-19,0.06321695858434527
sequences,0.75,9,11,-17.0,8.65,q4,"(50, 50)",-0.0005320821724826143,0.06283111368910703,-1.8130264617863288e-19,0.06321695858434527
sequences,0.75,10,11,-17.0,8.65,q1,"(150, 150)",0.000773687906802185,0.06274460253507214,7.663437042467823e-20,0.06322662595006763
sequences,0.75,10,11,-17.0,8.65,q2,"(150, 50)",-0.0023579889424331347,0.06353605781385317,7.663437042467823e-20,0.06322662595006763
sequences,0.75,10,11,-17.0,8.65,q3,"(50, 150)",0.0009707329109762062,0.06434363342746509,7.663437042467823e-20,0.06322662595006763
sequences,0.75,10,11,-17.0,8.65,q4,"(50, 50)",-0.0030847126211980135,0.06297614580574097,7.663437042467823e-20,0.06322662595006763
sequences,0.75,11,11,-17.0,8.65,q1,"(150, 150)",0.00020503504802315748,0.06349012660581382,-1.4423314794811774e-19,0.06411223066533024
sequences,0.75,11,11,-17.0,8.65,q2,"(150, 50)",-0.0006247132468658256,0.06537078308629725,-1.4423314794811774e-19,0.06411223066533024
sequences,0.75,11,11,-17.0,8.65,q3,"(50, 150)",0.0007282542288941862,0.0641174354670773,-1.4423314794811774e-19,0.06411223066533024
sequences,0.75,11,11,-17.0,8.65,q4,"(50, 50)",-0.0021963222776173875,0.06580153992211009,-1.4423314794811774e-19,0.06411223066533024
sequences,0.75,12,11,-17.0,8.65,q1,"(150, 150)",-2.3153642543511453e-05,0.06355175397559056,-1.2900380593479647e-19,0.06427335398541496
sequences,0.75,12,11,-17.0,8.65,q2,"(150, 50)",6.849194259016586e-05,0.06574805177549627,-1.2900380593479647e-19,0.06427335398541496
sequences,0.75,12,11,-17.0,8.65,q3,"(50, 150)",0.0013512983752394661,0.0642820588829884,-1.2900380593479647e-19,0.06427335398541496
sequences,0.75,12,11,-17.0,8.65,q4,"(50, 50)",-0.004165881178915039,0.06602219229027614,-1.2900380593479647e-19,0.06427335398541496
sequences,0.75,13,11,-17.0,8.65,q1,"(150, 150)",-8.156831590757071e-05,0.06484006921018827,6.039375395483737e-20,0.06431738456456675
sequences,0.75,13,11,-17.0,8.65,q2,"(150, 50)",0.00024546965068434506,0.06354596465292138,6.039375395483737e-20,0.06431738456456675
sequences,0.75,13,11,-17.0,8.65,q3,"(50, 150)",-0.00043483956058618225,0.06307544929518348,6.039375395483737e-20,0.06431738456456675
sequences,0.75,13,11,-17.0,8.65,q4,"(50, 50)",0.0013676797352515121,0.06560970780880822,6.039375395483737e-20,0.06431738456456675
sequences,0.75,14,11,-17.0,8.65,q1,"(150, 150)",-0.00022292641386370158,0.0644283014855758,6.273759243382007e-20,0.06413826580256467
sequences,0.75,14,11,-17.0,8.65,q2,"(150, 50)",0.0006468631324758772,0.06420555051317833,6.273759243382007e-20,0.06413826580256467
sequences,0.75,14,11,-17.0,8.65,q3,"(50, 150)",-0.0003430127062145468,0.0632180008318764,6.273759243382007e-20,0.06413826580256467
sequences,0.75,14,11,-17.0,8.65,q4,"(50, 50)",0.0010309099478726434,0.06399007779032902,6.273759243382007e-20,0.06413826580256467
sequences,0.75,15,11,-17.0,8.65,q1,"(150, 150)",5.985782255888769e-05,0.06393095815405289,-1.0229898869891708e-19,0.06389242769419469
sequences,0.75,15,11,-17.0,8.65,q2,"(150, 50)",-0.00017518143939576093,0.06321311596318634,-1.0229898869891708e-19,0.06389242769419469
sequences,0.75,15,11,-17.0,8.65,q3,"(50, 150)",-8.91095932615173e-05,0.0639195941611392,-1.0229898869891708e-19,0.06389242769419469
sequences,0.75,15,11,-17.0,8.65,q4,"(50, 50)",0.0002717782466545603,0.06551613349700684,-1.0229898869891708e-19,0.06389242769419469
sequences,0.75,16,11,-17.0,8.65,q1,"(150, 150)",-7.591256201432917e-05,0.06497466113026514,1.6265301742101497e-19,0.06452300575020226
sequences,0.75,16,11,-17.0,8.65,q2,"(150, 50)",0.00022736506748780795,0.06479599193997164,1.6265301742101497e-19,0.06452300575020226
sequences,0.75,16,11,-17.0,8.65,q3,"(50, 150)",-0.00033221277611381836,0.0633083440396773,1.6265301742101497e-19,0.06452300575020226
sequences,0.75,16,11,-17.0,8.65,q4,"(50, 50)",0.0010002009318386554,0.063220820744372,1.6265301742101497e-19,0.06452300575020226
sequences,0.75,17,11,-17.0,8.65,q1,"(150, 150)",0.0001680096678324007,0.0641464184839394,-6.739046323285654e-20,0.0639671823962012
sequences,0.75,17,11,-17.0,8.65,q2,"(150, 50)",-0.000498453461423118,0.06429954447251386,-6.739046323285654e-20,0.0639671823962012
sequences,0.75,17,11,-17.0,8.65,q3,"(50, 150)",0.00013874813540063947,0.06325450938789183,-6.739046323285654e-20,0.0639671823962012
sequences,0.75,17,11,-17.0,8.65,q4,"(50, 50)",-0.00042514094421532915,0.06345758579487126,-6.739046323285654e-20,0.0639671823962012
sequences,0.75,18,11,-17.0,8.65,q1,"(150, 150)",-1.6499893857355377e-05,0.06506114620174228,-2.4426581507342518e-20,0.06463918036688683
sequences,0.75,18,11,-17.0,8.65,q2,"(150, 50)",5.0521600857081666e-05,0.06292973600931054,-2.4426581507342518e-20,0.06463918036688683
sequences,0.75,18,11,-17.0,8.65,q3,"(50, 150)",0.00021997402325523585,0.06481375194636425,-2.4426581507342518e-20,0.06463918036688683
sequences,0.75,18,11,-17.0,8.65,q4,"(50, 50)",-0.000707126795786145,0.06530470038347912,-2.4426581507342518e-20,0.06463918036688683
sequences,0.75,19,11,-17.0,8.65,q1,"(150, 150)",0.00016813510774719065,0.06396411546037277,-1.5344848304837562e-19,0.06367629763270415
sequences,0.75,19,11,-17.0,8.65,q2,"(150, 50)",-0.000496203610668539,0.06154659248133344,-1.5344848304837562e-19,0.06367629763270415
sequences,0.75,19,11,-17.0,8.65,q3,"(50, 150)",-8.159847877925795e-05,0.06453519049717177,-1.5344848304837562e-19,0.06367629763270415
sequences,0.75,19,11,-17.0,8.65,q4,"(50, 50)",0.00025094552356743705,0.06477090958040145,-1.5344848304837562e-19,0.06367629763270415
sequences,0.75,20,11,-17.0,8.65,q1,"(150, 150)",0.0005765286549947884,0.06426650722521472,-2.5557620272218155e-19,0.06381919549152168
sequences,0.75,20,11,-17.0,8.65,q2,"(150, 50)",-0.0016822836580461078,0.0627266799214409,-2.5557620272218155e-19,0.06381919549152168
sequences,0.75,20,11,-17.0,8.65,q3,"(50, 150)",0.0009557422356241884,0.06325439079753206,-2.5557620272218155e-19,0.06381919549152168
sequences,0.75,20,11,-17.0,8.65,q4,"(50, 50)",-0.002922925592127486,0.06467440270189313,-2.5557620272218155e-19,0.06381919549152168
sequences,0.75,21,11,-17.0,8.65,q1,"(150, 150)",-0.0009000237539593176,0.0642228211046304,-1.8593586076455478e-19,0.06394854194013068
sequences,0.75,21,11,-17.0,8.65,q2,"(150, 50)",0.002774012054079083,0.06436606387252766,-1.8593586076455478e-19,0.06394854194013068
sequences,0.75,21,11,-17.0,8.65,q3,"(50, 150)",-0.000284046377485691,0.06326380482862437,-1.8593586076455478e-19,0.06394854194013068
sequences,0.75,21,11,-17.0,8.65,q4,"(50, 50)",0.000929017781634113,0.06193537480230474,-1.8593586076455478e-19,0.06394854194013068
sequences,0.75,22,11,-17.0,8.65,q1,"(150, 150)",-0.0005134339219062318,0.06303949725668433,-2.930698506301218e-19,0.06335407625063684
sequences,0.75,22,11,-17.0,8.65,q2,"(150, 50)",0.0015790955895859829,0.06300311986629903,-2.930698506301218e-19,0.06335407625063684
sequences,0.75,22,11,-17.0,8.65,q3,"(50, 150)",0.00021880172759531936,0.0640596624596992,-2.930698506301218e-19,0.06335407625063684
sequences,0.75,22,11,-17.0,8.65,q4,"(50, 50)",-0.0006244199367079865,0.06496812408136127,-2.930698506301218e-19,0.06335407625063684
sequences,0.75,23,11,-17.0,8.65,q1,"(150, 150)",0.0009544368334362589,0.06303608826555178,-5.582282869145177e-20,0.06347741783020458
sequences,0.75,23,11,-17.0,8.65,q2,"(150, 50)",-0.002752445785158539,0.06460165223998585,-5.582282869145177e-20,0.06347741783020458
sequences,0.75,23,11,-17.0,8.65,q3,"(50, 150)",-1.7557708290945018e-05,0.0633382666930982,-5.582282869145177e-20,0.06347741783020458
sequences,0.75,23,11,-17.0,8.65,q4,"(50, 50)",5.415986630069666e-05,0.06406881894840313,-5.582282869145177e-20,0.06347741783020458
sequences,0.75,24,11,-17.0,8.65,q1,"(150, 150)",0.0009059385235355244,0.06416626757102828,-2.186210916598892e-19,0.0636018671579615
sequences,0.75,24,11,-17.0,8.65,q2,"(150, 50)",-0.002697425956881812,0.0632752541872632,-2.186210916598892e-19,0.0636018671579615
sequences,0.75,24,11,-17.0,8.65,q3,"(50, 150)",-0.0001272970924890123,0.0627524613829291,-2.186210916598892e-19,0.0636018671579615
sequences,0.75,24,11,-17.0,8.65,q4,"(50, 50)",0.0003862868953016017,0.06162744302275845,-2.186210916598892e-19,0.0636018671579615
sequences,0.75,25,11,-17.0,8.65,q1,"(150, 150)",0.00022167559529631236,0.06386021591754366,1.3256810877248602e-19,0.06407613423226477
sequences,0.75,25,11,-17.0,8.65,q2,"(150, 50)",-0.0006722932063903424,0.06423954417958601,1.3256810877248602e-19,0.06407613423226477
sequences,0.75,25,11,-17.0,8.65,q3,"(50, 150)",-0.0008732784442459575,0.06426085448634555,1.3256810877248602e-19,0.06407613423226477
sequences,0.75,25,11,-17.0,8.65,q4,"(50, 50)",0.0027537134627277603,0.06492963509163344,1.3256810877248602e-19,0.06407613423226477
sequences,0.75,26,11,-17.0,8.65,q1,"(150, 150)",-0.00020090012023837324,0.06444637021228194,-1.1151482627857938e-19,0.06433622772001939
sequences,0.75,26,11,-17.0,8.65,q2,"(150, 50)",0.000587848514730256,0.06495887463065797,-1.1151482627857938e-19,0.06433622772001939
sequences,0.75,26,11,-17.0,8.65,q3,"(50, 150)",-0.00011269332939550753,0.06369325724383897,-1.1151482627857938e-19,0.06433622772001939
sequences,0.75,26,11,-17.0,8.65,q4,"(50, 50)",0.00034795749116142656,0.06344873507694208,-1.1151482627857938e-19,0.06433622772001939
sequences,0.75,27,11,-17.0,8.65,q1,"(150, 150)",0.0003991329784663657,0.06360956553106435,2.323031102747649e-19,0.0634840547587315
sequences,0.75,27,11,-17.0,8.65,q2,"(150, 50)",-0.001176696653439083,0.06414152762975087,2.323031102747649e-19,0.0634840547587315
sequences,0.75,27,11,-17.0,8.65,q3,"(50, 150)",-0.0001564770939278747,0.06277757669386184,2.323031102747649e-19,0.0634840547587315
sequences,0.75,27,11,-17.0,8.65,q4,"(50, 50)",0.00046151366584586346,0.06237598373243948,2.323031102747649e-19,0.0634840547587315
sequences,0.75,28,11,-17.0,8.65,q1,"(150, 150)",-0.0006072175211555218,0.0644325391718592,-8.145607467273285e-20,0.06381635591096058
sequences,0.75,28,11,-17.0,8.65,q2,"(150, 50)",0.00176540391792503,0.06322250861563042,-8.145607467273285e-20,0.06381635591096058
sequences,0.75,28,11,-17.0,8.65,q3,"(50, 150)",0.00012654903670343174,0.06308642344882674,-8.145607467273285e-20,0.06381635591096058
sequences,0.75,28,11,-17.0,8.65,q4,"(50, 50)",-0.0003829686071366326,0.062298504581693726,-8.145607467273285e-20,0.06381635591096058
sequences,0.75,29,11,-17.0,8.65,q1,"(150, 150)",-2.1075551917898002e-05,0.06428079914822438,2.3240036519826605e-21,0.06443062714247194
sequences,0.75,29,11,-17.0,8.65,q2,"(150, 50)",6.272419226426029e-05,0.0637587994350575,2.3240036519826605e-21,0.06443062714247194
sequences,0.75,29,11,-17.0,8.65,q3,"(50, 150)",-0.0006293079241171598,0.0655297594098198,2.3240036519826605e-21,0.06443062714247194
sequences,0.75,29,11,-17.0,8.65,q4,"(50, 50)",0.0019849457861121182,0.06446179104856414,2.3240036519826605e-21,0.06443062714247194
sequences,0.75,30,11,-17.0,8.65,q1,"(150, 150)",0.00015269217591087244,0.06485085529269331,-2.0247652847222166e-19,0.06440487224926478
sequences,0.75,30,11,-17.0,8.65,q2,"(150, 50)",-0.0004385430533641399,0.0642896937581102,-2.0247652847222166e-19,0.06440487224926478
sequences,0.75,30,11,-17.0,8.65,q3,"(50, 150)",-9.956098924158516e-05,0.06430867712528211,-2.0247652847222166e-19,0.06440487224926478
sequences,0.75,30,11,-17.0,8.65,q4,"(50, 50)",0.00032069856675423166,0.060805476814109936,-2.0247652847222166e-19,0.06440487224926478
sequences,0.75,31,11,-17.0,8.65,q1,"(150, 150)",0.0008309565277129999,0.0627973147107442,9.306144380764095e-20,0.06392129393824192
sequences,0.75,31,11,-17.0,8.65,q2,"(150, 50)",-0.0024742799516465405,0.06458763247057264,9.306144380764095e-20,0.06392129393824192
sequences,0.75,31,11,-17.0,8.65,q3,"(50, 150)",0.0005114437502397227,0.06536060709408201,9.306144380764095e-20,0.06392129393824192
sequences,0.75,31,11,-17.0,8.65,q4,"(50, 50)",-0.0016154905872825152,0.06711624747024718,9.306144380764095e-20,0.06392129393824192
sequences,0.75,32,11,-17.0,8.65,q1,"(150, 150)",0.0006934347034000884,0.06397849875909987,6.281647457015765e-20,0.0638348222614194
sequences,0.75,32,11,-17.0,8.65,q2,"(150, 50)",-0.001995018573015465,0.06279725439143274,6.281647457015765e-20,0.0638348222614194
sequences,0.75,32,11,-17.0,8.65,q3,"(50, 150)",-0.00030157107306593854,0.06345985293951904,6.281647457015765e-20,0.0638348222614194
sequences,0.75,32,11,-17.0,8.65,q4,"(50, 50)",0.0009448950792079731,0.06674281905184218,6.281647457015765e-20,0.0638348222614194
sequences,0.75,33,11,-17.0,8.65,q1,"(150, 150)",0.00019583102786058904,0.06302953643278764,7.896983857166385e-20,0.0635148309437161
sequences,0.75,33,11,-17.0,8.65,q2,"(150, 50)",-0.0005827952268494384,0.06339270069788981,7.896983857166385e-20,0.0635148309437161
sequences,0.75,33,11,-17.0,8.65,q3,"(50, 150)",-0.0014797378192268834,0.06415784871853408,7.896983857166385e-20,0.0635148309437161
sequences,0.75,33,11,-17.0,8.65,q4,"(50, 50)",0.00434600162654825,0.06596993114071154,7.896983857166385e-20,0.0635148309437161
sequences,0.75,34,11,-17.0,8.65,q1,"(150, 150)",9.262470091045137e-05,0.06396310497359162,3.7187172152910955e-20,0.06438474899449322
sequences,0.75,34,11,-17.0,8.65,q2,"(150, 50)",-0.00027250455485248754,0.06422925590167151,3.7187172152910955e-20,0.06438474899449322
sequences,0.75,34,11,-17.0,8.65,q3,"(50, 150)",-0.0002959162406277606,0.06541308608796086,3.7187172152910955e-20,0.06438474899449322
sequences,0.75,34,11,-17.0,8.65,q4,"(50, 50)",0.0009247896977615818,0.06553140306648765,3.7187172152910955e-20,0.06438474899449322
sequences,0.75,35,11,-17.0,8.65,q1,"(150, 150)",-4.6372983844590584e-05,0.06361096046003611,-1.8587360197976837e-20,0.06426114592778176
sequences,0.75,35,11,-17.0,8.65,q2,"(150, 50)",0.0001366255605998624,0.06591385588231818,-1.8587360197976837e-20,0.06426114592778176
sequences,0.75,35,11,-17.0,8.65,q3,"(50, 150)",-4.542305431290972e-05,0.06440640117905062,-1.8587360197976837e-20,0.06426114592778176
sequences,0.75,35,11,-17.0,8.65,q4,"(50, 50)",0.0001547327314076005,0.0645393651185235,-1.8587360197976837e-20,0.06426114592778176
sequences,0.75,36,11,-17.0,8.65,q1,"(150, 150)",0.00019937975713978597,0.06413559308539472,-9.296014607930642e-20,0.0640586811560545
sequences,0.75,36,11,-17.0,8.65,q2,"(150, 50)",-0.0005922021853178625,0.06365127285942612,-9.296014607930642e-20,0.0640586811560545
sequences,0.75,36,11,-17.0,8.65,q3,"(50, 150)",-0.0020102318835095085,0.06440305206499293,-9.296014607930642e-20,0.0640586811560545
sequences,0.75,36,11,-17.0,8.65,q4,"(50, 50)",0.006324200581178674,0.06309253844461984,-9.296014607930642e-20,0.0640586811560545
sequences,0.75,37,11,-17.0,8.65,q1,"(150, 150)",-4.3237609304726515e-07,0.06466688611797494,-1.4873623372689027e-19,0.06395064399916932
sequences,0.75,37,11,-17.0,8.65,q2,"(150, 50)",1.3115148937480849e-06,0.0636852940559923,-1.4873623372689027e-19,0.06395064399916932
sequences,0.75,37,11,-17.0,8.65,q3,"(50, 150)",-0.00042173748142778375,0.06254363185465114,-1.4873623372689027e-19,0.06395064399916932
sequences,0.75,37,11,-17.0,8.65,q4,"(50, 50)",0.0013076770458615972,0.0623378037950884,-1.4873623372689027e-19,0.06395064399916932
sequences,0.75,38,11,-17.0,8.65,q1,"(150, 150)",-4.739786194929025e-05,0.06442124379516212,-1.2086843078575525e-19,0.06461068129367313
sequences,0.75,38,11,-17.0,8.65,q2,"(150, 50)",0.00014501079089113627,0.06568638390405614,-1.2086843078575525e-19,0.06461068129367313
sequences,0.75,38,11,-17.0,8.65,q3,"(50, 150)",0.0006893927603887712,0.06455306622498223,-1.2086843078575525e-19,0.06461068129367313
sequences,0.75,38,11,-17.0,8.65,q4,"(50, 50)",-0.0022424849734237026,0.06314593107915852,-1.2086843078575525e-19,0.06461068129367313
sequences,0.75,39,11,-17.0,8.65,q1,"(150, 150)",0.00038170439570189873,0.064598874999553,-1.5119949840897415e-19,0.06435024193845701
sequences,0.75,39,11,-17.0,8.65,q2,"(150, 50)",-0.001154045963242735,0.06413393275065887,-1.5119949840897415e-19,0.06435024193845701
sequences,0.75,39,11,-17.0,8.65,q3,"(50, 150)",0.0004591660380955221,0.06373639439573595,-1.5119949840897415e-19,0.06435024193845701
sequences,0.75,39,11,-17.0,8.65,q4,"(50, 50)",-0.0014099833305872016,0.06453973613074633,-1.5119949840897415e-19,0.06435024193845701
sequences,0.75,40,11,-17.0,8.65,q1,"(150, 150)",0.00012965961662603968,0.06414898332663013,1.115521752951677e-19,0.06431318408385167
sequences,0.75,40,11,-17.0,8.65,q2,"(150, 50)",-0.00038465306811184255,0.06427876753431919,1.115521752951677e-19,0.06431318408385167
sequences,0.75,40,11,-17.0,8.65,q3,"(50, 150)",0.0005675491293402685,0.06483587006991297,1.115521752951677e-19,0.06431318408385167
sequences,0.75,40,11,-17.0,8.65,q4,"(50, 50)",-0.001759482350197332,0.06432309526181927,1.115521752951677e-19,0.06431318408385167
sequences,0.75,41,11,-17.0,8.65,q1,"(150, 150)",0.00028319307337017907,0.06573862911098731,0.0,0.06480321615641216
sequences,0.75,41,11,-17.0,8.65,q2,"(150, 50)",-0.000828565329899742,0.06378720621047868,0.0,0.06480321615641216
sequences,0.75,41,11,-17.0,8.65,q3,"(50, 150)",0.00044011115117387423,0.06203815944332048,0.0,0.06480321615641216
sequences,0.75,41,11,-17.0,8.65,q4,"(50, 50)",-0.00133359707725563,0.06742197148262914,0.0,0.06480321615641216
sequences,0.75,42,11,-17.0,8.65,q1,"(150, 150)",0.00023447862879863291,0.06462691603811391,3.138718971444047e-19,0.06472730492514937
sequences,0.75,42,11,-17.0,8.65,q2,"(150, 50)",-0.0006964474219254761,0.06615783897186103,3.138718971444047e-19,0.06472730492514937
sequences,0.75,42,11,-17.0,8.65,q3,"(50, 150)",0.0008648707022443999,0.06445047547894697,3.138718971444047e-19,0.06472730492514937
sequences,0.75,42,11,-17.0,8.65,q4,"(50, 50)",-0.0027146010365775458,0.06189572692168441,3.138718971444047e-19,0.06472730492514937
sequences,0.75,43,11,-17.0,8.65,q1,"(150, 150)",5.278128260860409e-05,0.06374250750616615,9.300687146059786e-21,0.06410474834381187
sequences,0.75,43,11,-17.0,8.65,q2,"(150, 50)",-0.00015447785037158565,0.06455905227563995,9.300687146059786e-21,0.06410474834381187
sequences,0.75,43,11,-17.0,8.65,q3,"(50, 150)",0.0002707240272489335,0.0647984958959551,9.300687146059786e-21,0.06410474834381187
sequences,0.75,43,11,-17.0,8.65,q4,"(50, 50)",-0.0007950286077257592,0.06385717682152964,9.300687146059786e-21,0.06410474834381187
sequences,0.75,44,11,-17.0,8.65,q1,"(150, 150)",0.000635771383634915,0.0654208198051838,2.3222536492326735e-19,0.06487811586993068
sequences,0.75,44,11,-17.0,8.65,q2,"(150, 50)",-0.001865789806342534,0.06469420043851187,2.3222536492326735e-19,0.06487811586993068
sequences,0.75,44,11,-17.0,8.65,q3,"(50, 150)",0.0003725557843044213,0.06479029358428383,2.3222536492326735e-19,0.06487811586993068
sequences,0.75,44,11,-17.0,8.65,q4,"(50, 50)",-0.00120276366019171,0.060411740798964136,2.3222536492326735e-19,0.06487811586993068
sequences,0.75,45,11,-17.0,8.65,q1,"(150, 150)",-0.0006570081135264784,0.06281707746671328,-7.443667613980266e-20,0.0635808264630552
sequences,0.75,45,11,-17.0,8.65,q2,"(150, 50)",0.0019521029726666213,0.06339936448604143,-7.443667613980266e-20,0.0635808264630552
sequences,0.75,45,11,-17.0,8.65,q3,"(50, 150)",-0.0005820503699818069,0.06551935154347147,-7.443667613980266e-20,0.0635808264630552
sequences,0.75,45,11,-17.0,8.65,q4,"(50, 50)",0.0018484806405329388,0.06489009623848405,-7.443667613980266e-20,0.0635808264630552
sequences,0.75,46,11,-17.0,8.65,q1,"(150, 150)",0.00044224363136807136,0.0638381602651312,-1.2099001861117475e-19,0.06397410503813829
sequences,0.75,46,11,-17.0,8.65,q2,"(150, 50)",-0.0013079453239222072,0.06382577087620599,-1.2099001861117475e-19,0.06397410503813829
sequences,0.75,46,11,-17.0,8.65,q3,"(50, 150)",0.0007961606560168196,0.06509610507176104,-1.2099001861117475e-19,0.06397410503813829
sequences,0.75,46,11,-17.0,8.65,q4,"(50, 50)",-0.0024593729853670237,0.06203248154681444,-1.2099001861117475e-19,0.06397410503813829
sequences,0.75,47,11,-17.0,8.65,q1,"(150, 150)",0.00028895250337384703,0.06412026094037354,3.486297389335402e-20,0.06405212694869143
sequences,0.75,47,11,-17.0,8.65,q2,"(150, 50)",-0.0008701758692592269,0.06338785855150618,3.486297389335402e-20,0.06405212694869143
sequences,0.75,47,11,-17.0,8.65,q3,"(50, 150)",-0.0006573592520489693,0.0647870466447485,3.486297389335402e-20,0.06405212694869143
sequences,0.75,47,11,-17.0,8.65,q4,"(50, 50)",0.002016961460411987,0.06317785020570012,3.486297389335402e-20,0.06405212694869143
sequences,0.75,48,11,-17.0,8.65,q1,"(150, 150)",-0.00010447148374691337,0.06385413531504382,-2.0688829395234282e-19,0.06391574909872857
sequences,0.75,48,11,-17.0,8.65,q2,"(150, 50)",0.0002984196153130549,0.06463065932286477,-2.0688829395234282e-19,0.06391574909872857
sequences,0.75,48,11,-17.0,8.65,q3,"(50, 150)",-0.00038681020629800056,0.06342368618492066,-2.0688829395234282e-19,0.06391574909872857
sequences,0.75,48,11,-17.0,8.65,q4,"(50, 50)",0.0012234379471153466,0.06365191881286617,-2.0688829395234282e-19,0.06391574909872857
sequences,0.75,49,11,-17.0,8.65,q1,"(150, 150)",0.00021223642711784134,0.06433948368128554,5.114949434945854e-20,0.06415539291937698
sequences,0.75,49,11,-17.0,8.65,q2,"(150, 50)",-0.0006266564713926537,0.06507919511496259,5.114949434945854e-20,0.06415539291937698
sequences,0.75,49,11,-17.0,8.65,q3,"(50, 150)",-0.0005958474820858387,0.06318721280127858,5.114949434945854e-20,0.06415539291937698
sequences,0.75,49,11,-17.0,8.65,q4,"(50, 50)",0.001901234793117907,0.06251034837628079,5.114949434945854e-20,0.06415539291937698
sequences,0.75,0,12,-22.0,7.18,q1,"(150, 150)",-0.00021640212690090838,0.06381318410082526,1.231515703330542e-19,0.06372399958116964
sequences,0.75,0,12,-22.0,7.18,q2,"(150, 50)",0.0006293804295778362,0.06381346054179489,1.231515703330542e-19,0.06372399958116964
sequences,0.75,0,12,-22.0,7.18,q3,"(50, 150)",0.0002552326654666326,0.06379578187113584,1.231515703330542e-19,0.06372399958116964
sequences,0.75,0,12,-22.0,7.18,q4,"(50, 50)",-0.0007507863053468194,0.062381997901112575,1.231515703330542e-19,0.06372399958116964
sequences,0.75,1,12,-22.0,7.18,q1,"(150, 150)",-0.00024129449820370547,0.06382865352072653,-9.767357987904603e-20,0.06357869213313408
sequences,0.75,1,12,-22.0,7.18,q2,"(150, 50)",0.0007013935021827214,0.06357773536918618,-9.767357987904603e-20,0.06357869213313408
sequences,0.75,1,12,-22.0,7.18,q3,"(50, 150)",-0.0009481311592231777,0.06337875124217121,-9.767357987904603e-20,0.06357869213313408
sequences,0.75,1,12,-22.0,7.18,q4,"(50, 50)",0.002950910293060765,0.06175140593794947,-9.767357987904603e-20,0.06357869213313408
sequences,0.75,2,12,-22.0,7.18,q1,"(150, 150)",-4.75068008820799e-05,0.06454197063922627,-2.1971032800108327e-19,0.06422588998472015
sequences,0.75,2,12,-22.0,7.18,q2,"(150, 50)",0.00013917456058936477,0.06384902526497219,-2.1971032800108327e-19,0.06422588998472015
sequences,0.75,2,12,-22.0,7.18,q3,"(50, 150)",0.0008380037789130146,0.06342671576854468,-2.1971032800108327e-19,0.06422588998472015
sequences,0.75,2,12,-22.0,7.18,q4,"(50, 50)",-0.0025449213121907536,0.06484175136435173,-2.1971032800108327e-19,0.06422588998472015
sequences,0.75,3,12,-22.0,7.18,q1,"(150, 150)",0.0008423668522770679,0.06333122366231062,-1.0692207338739888e-19,0.06359253351940783
sequences,0.75,3,12,-22.0,7.18,q2,"(150, 50)",-0.0025252244613918353,0.06235144323861551,-1.0692207338739888e-19,0.06359253351940783
sequences,0.75,3,12,-22.0,7.18,q3,"(50, 150)",0.0012291143255593353,0.06508175075512604,-1.0692207338739888e-19,0.06359253351940783
sequences,0.75,3,12,-22.0,7.18,q4,"(50, 50)",-0.0036186956340270846,0.06481025939318712,-1.0692207338739888e-19,0.06359253351940783
sequences,0.75,4,12,-22.0,7.18,q1,"(150, 150)",-0.0005862795978141235,0.06406840400728142,9.992379031078728e-20,0.06418323339664246
sequences,0.75,4,12,-22.0,7.18,q2,"(150, 50)",0.0017520246362929886,0.06337473798587417,9.992379031078728e-20,0.06418323339664246
sequences,0.75,4,12,-22.0,7.18,q3,"(50, 150)",0.00048099126657091845,0.06483152999076065,9.992379031078728e-20,0.06418323339664246
sequences,0.75,4,12,-22.0,7.18,q4,"(50, 50)",-0.0016164915726459867,0.06554957776411274,9.992379031078728e-20,0.06418323339664246
sequences,0.75,5,12,-22.0,7.18,q1,"(150, 150)",9.482771063019574e-06,0.06442390428779948,8.138783064234349e-20,0.0643472653318144
sequences,0.75,5,12,-22.0,7.18,q2,"(150, 50)",-2.896147815336017e-05,0.06490673226409693,8.138783064234349e-20,0.0643472653318144
sequences,0.75,5,12,-22.0,7.18,q3,"(50, 150)",0.0005611094318600392,0.06354553621993932,8.138783064234349e-20,0.0643472653318144
sequences,0.75,5,12,-22.0,7.18,q4,"(50, 50)",-0.0017514575444689884,0.06441436595056857,8.138783064234349e-20,0.0643472653318144
sequences,0.75,6,12,-22.0,7.18,q1,"(150, 150)",-0.0004688331058392919,0.06373670788081644,-6.511571991936402e-20,0.0639900488011256
sequences,0.75,6,12,-22.0,7.18,q2,"(150, 50)",0.0013994115782566328,0.06370710289511508,-6.511571991936402e-20,0.0639900488011256
sequences,0.75,6,12,-22.0,7.18,q3,"(50, 150)",0.0011583550805941657,0.06412036757271947,-6.511571991936402e-20,0.0639900488011256
sequences,0.75,6,12,-22.0,7.18,q4,"(50, 50)",-0.0034150707555365848,0.06647155843765785,-6.511571991936402e-20,0.0639900488011256
sequences,0.75,7,12,-22.0,7.18,q1,"(150, 150)",-0.0007396164470823637,0.0641042383289351,4.182506162254671e-20,0.06436203963287047
sequences,0.75,7,12,-22.0,7.18,q2,"(150, 50)",0.0022437690328603777,0.0643942946496809,4.182506162254671e-20,0.06436203963287047
sequences,0.75,7,12,-22.0,7.18,q3,"(50, 150)",0.0007353737190777777,0.06499867732255761,4.182506162254671e-20,0.06436203963287047
sequences,0.75,7,12,-22.0,7.18,q4,"(50, 50)",-0.002256558312176939,0.0644722770837942,4.182506162254671e-20,0.06436203963287047
sequences,0.75,8,12,-22.0,7.18,q1,"(150, 150)",-0.0003725097128294694,0.06453869430401211,8.369216200373908e-20,0.06437034254218259
sequences,0.75,8,12,-22.0,7.18,q2,"(150, 50)",0.0011084916289138078,0.06424190291465516,8.369216200373908e-20,0.06437034254218259
sequences,0.75,8,12,-22.0,7.18,q3,"(50, 150)",-0.0007949638220956289,0.06360777178244494,8.369216200373908e-20,0.06437034254218259
sequences,0.75,8,12,-22.0,7.18,q4,"(50, 50)",0.002444679831736974,0.06541260161002747,8.369216200373908e-20,0.06437034254218259
sequences,0.75,9,12,-22.0,7.18,q1,"(150, 150)",0.0002364378415784932,0.06396287946217172,-3.022470120649823e-20,0.06397758325309877
sequences,0.75,9,12,-22.0,7.18,q2,"(150, 50)",-0.0006917195861323803,0.06268098589789788,-3.022470120649823e-20,0.06397758325309877
sequences,0.75,9,12,-22.0,7.18,q3,"(50, 150)",1.550733821292607e-05,0.0654428153894894,-3.022470120649823e-20,0.06397758325309877
sequences,0.75,9,12,-22.0,7.18,q4,"(50, 50)",-4.6036750994020956e-05,0.06370890504749582,-3.022470120649823e-20,0.06397758325309877
sequences,0.75,10,12,-22.0,7.18,q1,"(150, 150)",-1.1658589270620735e-05,0.06431846481720707,4.184257630496821e-20,0.06424347884386328
sequences,0.75,10,12,-22.0,7.18,q2,"(150, 50)",3.50126287535493e-05,0.06486114740261309,4.184257630496821e-20,0.06424347884386328
sequences,0.75,10,12,-22.0,7.18,q3,"(50, 150)",0.001061505402631427,0.0644660899002518,4.184257630496821e-20,0.06424347884386328
sequences,0.75,10,12,-22.0,7.18,q4,"(50, 50)",-0.003388429371070073,0.060768558030081146,4.184257630496821e-20,0.06424347884386328
sequences,0.75,11,12,-22.0,7.18,q1,"(150, 150)",-1.7710579754515494e-05,0.06381082239224427,-1.3952199538687457e-20,0.06387678149897447
sequences,0.75,11,12,-22.0,7.18,q2,"(150, 50)",5.4163190635253856e-05,0.063164156762443,-1.3952199538687457e-20,0.06387678149897447
sequences,0.75,11,12,-22.0,7.18,q3,"(50, 150)",-0.0001879430122178025,0.06431705083799316,-1.3952199538687457e-20,0.06387678149897447
sequences,0.75,11,12,-22.0,7.18,q4,"(50, 50)",0.0005910556614894598,0.06530356192379068,-1.3952199538687457e-20,0.06387678149897447
sequences,0.75,12,12,-22.0,7.18,q1,"(150, 150)",-0.0003683315264602241,0.06344267088184796,-3.835569494622086e-20,0.06346684577297164
sequences,0.75,12,12,-22.0,7.18,q2,"(150, 50)",0.0011121033117136123,0.06374422765414287,-3.835569494622086e-20,0.06346684577297164
sequences,0.75,12,12,-22.0,7.18,q3,"(50, 150)",-0.00028595630626891585,0.06272251801634554,-3.835569494622086e-20,0.06346684577297164
sequences,0.75,12,12,-22.0,7.18,q4,"(50, 50)",0.0008675296048293443,0.06502834109787929,-3.835569494622086e-20,0.06346684577297164
sequences,0.75,13,12,-22.0,7.18,q1,"(150, 150)",4.88855277789969e-05,0.06402849248561655,1.7903822756165086e-19,0.06426741887519485
sequences,0.75,13,12,-22.0,7.18,q2,"(150, 50)",-0.00014309852772008088,0.06307017368188217,1.7903822756165086e-19,0.06426741887519485
sequences,0.75,13,12,-22.0,7.18,q3,"(50, 150)",-0.00048410955107909765,0.06639478075427763,1.7903822756165086e-19,0.06426741887519485
sequences,0.75,13,12,-22.0,7.18,q4,"(50, 50)",0.001490068376305287,0.06332180808329868,1.7903822756165086e-19,0.06426741887519485
sequences,0.75,14,12,-22.0,7.18,q1,"(150, 150)",0.0007422478357369798,0.06438508262264935,-2.0919536097534563e-19,0.06480744653466394
sequences,0.75,14,12,-22.0,7.18,q2,"(150, 50)",-0.0022330337431070166,0.06466004850239686,-2.0919536097534563e-19,0.06480744653466394
sequences,0.75,14,12,-22.0,7.18,q3,"(50, 150)",0.0006749416464285471,0.06575134802035548,-2.0919536097534563e-19,0.06480744653466394
sequences,0.75,14,12,-22.0,7.18,q4,"(50, 50)",-0.0020012699288062563,0.06603565105361377,-2.0919536097534563e-19,0.06480744653466394
sequences,0.75,15,12,-22.0,7.18,q1,"(150, 150)",-0.00020104864816764445,0.06434234914878663,-9.304584517475332e-21,0.06401712615580439
sequences,0.75,15,12,-22.0,7.18,q2,"(150, 50)",0.0006169892394748045,0.063690559763476,-9.304584517475332e-21,0.06401712615580439
sequences,0.75,15,12,-22.0,7.18,q3,"(50, 150)",0.0002992427411980324,0.06338899140080359,-9.304584517475332e-21,0.06401712615580439
sequences,0.75,15,12,-22.0,7.18,q4,"(50, 50)",-0.0009308411498742085,0.06391879616828683,-9.304584517475332e-21,0.06401712615580439
sequences,0.75,16,12,-22.0,7.18,q1,"(150, 150)",0.0008307618471487703,0.06415361699933535,1.30122413936812e-19,0.0643895125576692
sequences,0.75,16,12,-22.0,7.18,q2,"(150, 50)",-0.002475248071553824,0.065294962017648,1.30122413936812e-19,0.0643895125576692
sequences,0.75,16,12,-22.0,7.18,q3,"(50, 150)",-0.0004421933409160414,0.06384482472619521,1.30122413936812e-19,0.0643895125576692
sequences,0.75,16,12,-22.0,7.18,q4,"(50, 50)",0.001374108286601685,0.06521474113477706,1.30122413936812e-19,0.0643895125576692
sequences,0.75,17,12,-22.0,7.18,q1,"(150, 150)",0.0006602862351299056,0.06521092936710327,-1.0696686312993717e-19,0.06453653616425943
sequences,0.75,17,12,-22.0,7.18,q2,"(150, 50)",-0.0020236411846029376,0.06365691045041995,-1.0696686312993717e-19,0.06453653616425943
sequences,0.75,17,12,-22.0,7.18,q3,"(50, 150)",0.0004258208700357082,0.06362394472054204,-1.0696686312993717e-19,0.06453653616425943
sequences,0.75,17,12,-22.0,7.18,q4,"(50, 50)",-0.0012332578154516441,0.06352315616010207,-1.0696686312993717e-19,0.06453653616425943
sequences,0.75,18,12,-22.0,7.18,q1,"(150, 150)",-0.0003648183892913786,0.0640495591618899,-1.3945189557341608e-19,0.06421043876049233
sequences,0.75,18,12,-22.0,7.18,q2,"(150, 50)",0.0010788108779708353,0.06436456766670942,-1.3945189557341608e-19,0.06421043876049233
sequences,0.75,18,12,-22.0,7.18,q3,"(50, 150)",-0.00023739363227215417,0.06479535384159206,-1.3945189557341608e-19,0.06421043876049233
sequences,0.75,18,12,-22.0,7.18,q4,"(50, 50)",0.0006871432871627592,0.06340894921868089,-1.3945189557341608e-19,0.06421043876049233
sequences,0.75,19,12,-22.0,7.18,q1,"(150, 150)",0.00014344456284799036,0.06414842711908703,-4.6483965191138694e-21,0.06372850479198357
sequences,0.75,19,12,-22.0,7.18,q2,"(150, 50)",-0.00043020503871182033,0.062280264241696935,-4.6483965191138694e-21,0.06372850479198357
sequences,0.75,19,12,-22.0,7.18,q3,"(50, 150)",2.9986085114248342e-05,0.06426918818724063,-4.6483965191138694e-21,0.06372850479198357
sequences,0.75,19,12,-22.0,7.18,q4,"(50, 50)",-8.948416704054062e-05,0.06258647016312163,-4.6483965191138694e-21,0.06372850479198357
sequences,0.75,20,12,-22.0,7.18,q1,"(150, 150)",-0.0003167827068119407,0.0643978077541704,-1.9295692906417622e-19,0.06464261783993622
sequences,0.75,20,12,-22.0,7.18,q2,"(150, 50)",0.0009277109248292172,0.06432216012449453,-1.9295692906417622e-19,0.06464261783993622
sequences,0.75,20,12,-22.0,7.18,q3,"(50, 150)",0.0012834772324030325,0.06600137703213318,-1.9295692906417622e-19,0.06464261783993622
sequences,0.75,20,12,-22.0,7.18,q4,"(50, 50)",-0.004130092681470075,0.06343900372763982,-1.9295692906417622e-19,0.06464261783993622
sequences,0.75,21,12,-22.0,7.18,q1,"(150, 150)",-0.0003395065278684204,0.06435730056743616,1.929246106772632e-19,0.06436174852721166
sequences,0.75,21,12,-22.0,7.18,q2,"(150, 50)",0.001012335768570785,0.06533564048811685,1.929246106772632e-19,0.06436174852721166
sequences,0.75,21,12,-22.0,7.18,q3,"(50, 150)",0.0005914378566123581,0.06351300832931767,1.929246106772632e-19,0.06436174852721166
sequences,0.75,21,12,-22.0,7.18,q4,"(50, 50)",-0.001821304522828192,0.0639047461880181,1.929246106772632e-19,0.06436174852721166
sequences,0.75,22,12,-22.0,7.18,q1,"(150, 150)",-9.796043960972656e-05,0.06402993014837835,1.6508719684256118e-19,0.06424648771959487
sequences,0.75,22,12,-22.0,7.18,q2,"(150, 50)",0.00029243943903117754,0.06436639921268766,1.6508719684256118e-19,0.06424648771959487
sequences,0.75,22,12,-22.0,7.18,q3,"(50, 150)",-0.0007405295190397662,0.06370450723694436,1.6508719684256118e-19,0.06424648771959487
sequences,0.75,22,12,-22.0,7.18,q4,"(50, 50)",0.0021279474050342716,0.067199247883468,1.6508719684256118e-19,0.06424648771959487
sequences,0.75,23,12,-22.0,7.18,q1,"(150, 150)",-3.0135054311214216e-05,0.06443383007944546,6.041903600187138e-20,0.06407923575530604
sequences,0.75,23,12,-22.0,7.18,q2,"(150, 50)",8.960263152721893e-05,0.06393269765234814,6.041903600187138e-20,0.06407923575530604
sequences,0.75,23,12,-22.0,7.18,q3,"(50, 150)",0.0009228415010360554,0.0630551160371084,6.041903600187138e-20,0.06407923575530604
sequences,0.75,23,12,-22.0,7.18,q4,"(50, 50)",-0.0026537670107513503,0.06426780217225857,6.041903600187138e-20,0.06407923575530604
sequences,0.75,24,12,-22.0,7.18,q1,"(150, 150)",-0.0003656261171376158,0.06348548666358847,1.8137859400293694e-19,0.06372189631104441
sequences,0.75,24,12,-22.0,7.18,q2,"(150, 50)",0.0010836005207639186,0.06327905365535615,1.8137859400293694e-19,0.06372189631104441
sequences,0.75,24,12,-22.0,7.18,q3,"(50, 150)",-1.5100102482666953e-05,0.0632795054241473,1.8137859400293694e-19,0.06372189631104441
sequences,0.75,24,12,-22.0,7.18,q4,"(50, 50)",4.4227405429495574e-05,0.06820755030316977,1.8137859400293694e-19,0.06372189631104441
sequences,0.75,25,12,-22.0,7.18,q1,"(150, 150)",-0.00013183849290269203,0.06469862929308402,4.8844975105020297e-20,0.0645753189187888
sequences,0.75,25,12,-22.0,7.18,q2,"(150, 50)",0.00040675752073853833,0.06316404078075524,4.8844975105020297e-20,0.0645753189187888
sequences,0.75,25,12,-22.0,7.18,q3,"(50, 150)",0.0013618965239337987,0.06548503867078362,4.8844975105020297e-20,0.0645753189187888
sequences,0.75,25,12,-22.0,7.18,q4,"(50, 50)",-0.0042870299226200614,0.06460339309022829,4.8844975105020297e-20,0.0645753189187888
sequences,0.75,26,12,-22.0,7.18,q1,"(150, 150)",9.493688101834084e-05,0.06395981641698784,-4.647618153990106e-20,0.06389406502958225
sequences,0.75,26,12,-22.0,7.18,q2,"(150, 50)",-0.0002856187975081363,0.06497335227897483,-4.647618153990106e-20,0.06389406502958225
sequences,0.75,26,12,-22.0,7.18,q3,"(50, 150)",-0.00036222229020080836,0.06370930155052114,-4.647618153990106e-20,0.06389406502958225
sequences,0.75,26,12,-22.0,7.18,q4,"(50, 50)",0.0011476250028893491,0.06037220670238422,-4.647618153990106e-20,0.06389406502958225
sequences,0.75,27,12,-22.0,7.18,q1,"(150, 150)",-0.00011858105257104764,0.06381477685818798,2.8836961678575495e-19,0.06322130794297032
sequences,0.75,27,12,-22.0,7.18,q2,"(150, 50)",0.0003514215371305541,0.06121723675600762,2.8836961678575495e-19,0.06322130794297032
sequences,0.75,27,12,-22.0,7.18,q3,"(50, 150)",0.0005231141869961879,0.0631291432337637,2.8836961678575495e-19,0.06322130794297032
sequences,0.75,27,12,-22.0,7.18,q4,"(50, 50)",-0.0015238838702898018,0.06405467168318048,2.8836961678575495e-19,0.06322130794297032
sequences,0.75,28,12,-22.0,7.18,q1,"(150, 150)",0.0001717385605573408,0.06396798839328141,7.909559726187101e-20,0.06383453516356356
sequences,0.75,28,12,-22.0,7.18,q2,"(150, 50)",-0.0004893992587459079,0.06344933131141853,7.909559726187101e-20,0.06383453516356356
sequences,0.75,28,12,-22.0,7.18,q3,"(50, 150)",-0.00019574803204151079,0.06382008345311842,7.909559726187101e-20,0.06383453516356356
sequences,0.75,28,12,-22.0,7.18,q4,"(50, 50)",0.0005838869399021833,0.06387653575425002,7.909559726187101e-20,0.06383453516356356
sequences,0.75,29,12,-22.0,7.18,q1,"(150, 150)",0.0002951039386439634,0.06337035139042001,0.0,0.06336606066194991
sequences,0.75,29,12,-22.0,7.18,q2,"(150, 50)",-0.0008820211832529887,0.06519090519808209,0.0,0.06336606066194991
sequences,0.75,29,12,-22.0,7.18,q3,"(50, 150)",-7.506940244652269e-05,0.06236907522352946,0.0,0.06336606066194991
sequences,0.75,29,12,-22.0,7.18,q4,"(50, 50)",0.00022183653008305194,0.060687222118356456,0.0,0.06336606066194991
sequences,0.75,30,12,-22.0,7.18,q1,"(150, 150)",-0.0008695486150797966,0.06445337761283484,-8.021170704801453e-20,0.06424261127322603
sequences,0.75,30,12,-22.0,7.18,q2,"(150, 50)",0.0025622341194234855,0.06449936125524608,-8.021170704801453e-20,0.06424261127322603
sequences,0.75,30,12,-22.0,7.18,q3,"(50, 150)",-0.0004109655523406092,0.06291802476787718,-8.021170704801453e-20,0.06424261127322603
sequences,0.75,30,12,-22.0,7.18,q4,"(50, 50)",0.0013400287027174552,0.06542729002201515,-8.021170704801453e-20,0.06424261127322603
sequences,0.75,31,12,-22.0,7.18,q1,"(150, 150)",3.043205696785114e-05,0.06454102750942094,3.486297389335402e-19,0.0643091559055142
sequences,0.75,31,12,-22.0,7.18,q2,"(150, 50)",-9.212936456380289e-05,0.0626034030789996,3.486297389335402e-19,0.0643091559055142
sequences,0.75,31,12,-22.0,7.18,q3,"(50, 150)",-0.0005499222209728172,0.06478584790388758,3.486297389335402e-19,0.0643091559055142
sequences,0.75,31,12,-22.0,7.18,q4,"(50, 50)",0.001802698923217809,0.06583521201664119,3.486297389335402e-19,0.0643091559055142
sequences,0.75,32,12,-22.0,7.18,q1,"(150, 150)",-5.903646691656729e-05,0.06389199398676448,3.720274858423914e-20,0.06366696202285282
sequences,0.75,32,12,-22.0,7.18,q2,"(150, 50)",0.00017131346611757965,0.06373439223257926,3.720274858423914e-20,0.06366696202285282
sequences,0.75,32,12,-22.0,7.18,q3,"(50, 150)",-0.0012519594928364177,0.06333938388961557,3.720274858423914e-20,0.06366696202285282
sequences,0.75,32,12,-22.0,7.18,q4,"(50, 50)",0.003958660649884165,0.06218004479551577,3.720274858423914e-20,0.06366696202285282
sequences,0.75,33,12,-22.0,7.18,q1,"(150, 150)",-1.499509055000426e-05,0.06487651850668755,2.0471801644248968e-19,0.06489141084364383
sequences,0.75,33,12,-22.0,7.18,q2,"(150, 50)",4.4747149347498083e-05,0.06468198399935174,2.0471801644248968e-19,0.06489141084364383
sequences,0.75,33,12,-22.0,7.18,q3,"(50, 150)",-0.0006165767614610284,0.06364695062939653,2.0471801644248968e-19,0.06489141084364383
sequences,0.75,33,12,-22.0,7.18,q4,"(50, 50)",0.0018353519511254235,0.06917267676107906,2.0471801644248968e-19,0.06489141084364383
sequences,0.75,34,12,-22.0,7.18,q1,"(150, 150)",-0.00042587691574408,0.06402019951449563,3.020446032171236e-20,0.06435135275352977
sequences,0.75,34,12,-22.0,7.18,q2,"(150, 50)",0.0012875838257125505,0.06486962272607238,3.020446032171236e-20,0.06435135275352977
sequences,0.75,34,12,-22.0,7.18,q3,"(50, 150)",-0.0010670717357312684,0.06479780237388012,3.020446032171236e-20,0.06435135275352977
sequences,0.75,34,12,-22.0,7.18,q4,"(50, 50)",0.0033334968273257813,0.06425098879724354,3.020446032171236e-20,0.06435135275352977
sequences,0.75,35,12,-22.0,7.18,q1,"(150, 150)",-0.0003032628766260713,0.06470879285103302,7.439303289221251e-20,0.06499659155092934
sequences,0.75,35,12,-22.0,7.18,q2,"(150, 50)",0.0009054504930646096,0.0644960184441353,7.439303289221251e-20,0.06499659155092934
sequences,0.75,35,12,-22.0,7.18,q3,"(50, 150)",-0.00029972944067204886,0.06649307369992166,7.439303289221251e-20,0.06499659155092934
sequences,0.75,35,12,-22.0,7.18,q4,"(50, 50)",0.0009414789143301469,0.06435934394781227,7.439303289221251e-20,0.06499659155092934
sequences,0.75,36,12,-22.0,7.18,q1,"(150, 150)",-0.00017176254090891087,0.06326128453360098,-3.4857136154925796e-20,0.06386802786185572
sequences,0.75,36,12,-22.0,7.18,q2,"(150, 50)",0.0005097024710624347,0.06327707028583292,-3.4857136154925796e-20,0.06386802786185572
sequences,0.75,36,12,-22.0,7.18,q3,"(50, 150)",0.0007109494294304706,0.06564495405279834,-3.4857136154925796e-20,0.06386802786185572
sequences,0.75,36,12,-22.0,7.18,q4,"(50, 50)",-0.0021151676087636916,0.06542814764209588,-3.4857136154925796e-20,0.06386802786185572
sequences,0.75,37,12,-22.0,7.18,q1,"(150, 150)",-0.0006392661524315018,0.06459838093314386,8.365712677182191e-20,0.06457018117489255
sequences,0.75,37,12,-22.0,7.18,q2,"(150, 50)",0.0019258215197185662,0.06587767012025836,8.365712677182191e-20,0.06457018117489255
sequences,0.75,37,12,-22.0,7.18,q3,"(50, 150)",-7.834182449837104e-05,0.06303253421595717,8.365712677182191e-20,0.06457018117489255
sequences,0.75,37,12,-22.0,7.18,q4,"(50, 50)",0.0002371342709244095,0.06483224437289378,8.365712677182191e-20,0.06457018117489255
sequences,0.75,38,12,-22.0,7.18,q1,"(150, 150)",3.329519878880806e-05,0.06420472939114388,1.4873623372689027e-19,0.06391718018269134
sequences,0.75,38,12,-22.0,7.18,q2,"(150, 50)",-0.00010028854139883032,0.062480106174170755,1.4873623372689027e-19,0.06391718018269134
sequences,0.75,38,12,-22.0,7.18,q3,"(50, 150)",0.00043978590762486577,0.06453791391273306,1.4873623372689027e-19,0.06391718018269134
sequences,0.75,38,12,-22.0,7.18,q4,"(50, 50)",-0.0013076768222736684,0.06368185607407602,1.4873623372689027e-19,0.06391718018269134
sequences,0.75,39,12,-22.0,7.18,q1,"(150, 150)",0.0007977351298329811,0.06422027205485517,1.674684860743553e-19,0.06432744214104989
sequences,0.75,39,12,-22.0,7.18,q2,"(150, 50)",-0.0023772648562651578,0.0643001118069875,1.674684860743553e-19,0.06432744214104989
sequences,0.75,39,12,-22.0,7.18,q3,"(50, 150)",-0.0001140675751867587,0.064235425747816,1.674684860743553e-19,0.06432744214104989
sequences,0.75,39,12,-22.0,7.18,q4,"(50, 50)",0.00036241723255539727,0.06551865985310669,1.674684860743553e-19,0.06432744214104989
sequences,0.75,40,12,-22.0,7.18,q1,"(150, 150)",-6.0590442814798624e-05,0.06443250899829536,5.3492394767845234e-20,0.06400364078478722
sequences,0.75,40,12,-22.0,7.18,q2,"(150, 50)",0.00017973196898738686,0.0640169199181395,5.3492394767845234e-20,0.06400364078478722
sequences,0.75,40,12,-22.0,7.18,q3,"(50, 150)",-0.001300886884237081,0.062464926725910995,5.3492394767845234e-20,0.06400364078478722
sequences,0.75,40,12,-22.0,7.18,q4,"(50, 50)",0.00399875899983683,0.06452406619564785,5.3492394767845234e-20,0.06400364078478722
sequences,0.75,41,12,-22.0,7.18,q1,"(150, 150)",0.00047366225527507323,0.06358606264229492,-1.2780949923472792e-19,0.06400860467022589
sequences,0.75,41,12,-22.0,7.18,q2,"(150, 50)",-0.0013786954930328028,0.06402941962959874,-1.2780949923472792e-19,0.06400860467022589
sequences,0.75,41,12,-22.0,7.18,q3,"(50, 150)",0.0002527718264459348,0.06593007990415575,-1.2780949923472792e-19,0.06400860467022589
sequences,0.75,41,12,-22.0,7.18,q4,"(50, 50)",-0.0007881565977376745,0.06165686420416114,-1.2780949923472792e-19,0.06400860467022589
sequences,0.75,42,12,-22.0,7.18,q1,"(150, 150)",0.0002777567025084004,0.06299849070378498,0.0,0.06374729440882239
sequences,0.75,42,12,-22.0,7.18,q2,"(150, 50)",-0.0008348763518012723,0.06344723680612982,0.0,0.06374729440882239
sequences,0.75,42,12,-22.0,7.18,q3,"(50, 150)",0.0007159505444080112,0.06517676737154575,0.0,0.06374729440882239
sequences,0.75,42,12,-22.0,7.18,q4,"(50, 50)",-0.0022520082802212453,0.06709212400008331,0.0,0.06374729440882239
sequences,0.75,43,12,-22.0,7.18,q1,"(150, 150)",-0.00010753030769896876,0.06388079191077566,-7.440549716847829e-20,0.06456388535697465
sequences,0.75,43,12,-22.0,7.18,q2,"(150, 50)",0.00032263890627749444,0.0666918659297383,-7.440549716847829e-20,0.06456388535697465
sequences,0.75,43,12,-22.0,7.18,q3,"(50, 150)",0.00025300795276969216,0.0640549380271721,-7.440549716847829e-20,0.06456388535697465
sequences,0.75,43,12,-22.0,7.18,q4,"(50, 50)",-0.0007603877825827679,0.06569292508563461,-7.440549716847829e-20,0.06456388535697465
sequences,0.75,44,12,-22.0,7.18,q1,"(150, 150)",0.00023194410052851164,0.06407585119197383,-2.7418651508113955e-19,0.06393829256767265
sequences,0.75,44,12,-22.0,7.18,q2,"(150, 50)",-0.0006922065563785247,0.06467971066583549,-2.7418651508113955e-19,0.06393829256767265
sequences,0.75,44,12,-22.0,7.18,q3,"(50, 150)",0.0009847241021973157,0.06260625066738015,-2.7418651508113955e-19,0.06393829256767265
sequences,0.75,44,12,-22.0,7.18,q4,"(50, 50)",-0.0029129273180182364,0.06434304330376187,-2.7418651508113955e-19,0.06393829256767265
sequences,0.75,45,12,-22.0,7.18,q1,"(150, 150)",0.0003019148957760366,0.06559867643194202,1.2792731575124363e-19,0.06565275345663646
sequences,0.75,45,12,-22.0,7.18,q2,"(150, 50)",-0.0009178751965333964,0.06449954199009275,1.2792731575124363e-19,0.06565275345663646
sequences,0.75,45,12,-22.0,7.18,q3,"(50, 150)",-0.0003950995858430383,0.0674931560986709,1.2792731575124363e-19,0.06565275345663646
sequences,0.75,45,12,-22.0,7.18,q4,"(50, 50)",0.0011913518152509414,0.06404371209647634,1.2792731575124363e-19,0.06565275345663646
sequences,0.75,46,12,-22.0,7.18,q1,"(150, 150)",0.00037807927558255756,0.06387908060335927,1.418473619766558e-19,0.06361418504101655
sequences,0.75,46,12,-22.0,7.18,q2,"(150, 50)",-0.0011029767264722312,0.06272991038374026,1.418473619766558e-19,0.06361418504101655
sequences,0.75,46,12,-22.0,7.18,q3,"(50, 150)",0.0001164144554212562,0.06320292027222768,1.418473619766558e-19,0.06361418504101655
sequences,0.75,46,12,-22.0,7.18,q4,"(50, 50)",-0.00034843828704232054,0.06511264906840727,1.418473619766558e-19,0.06361418504101655
sequences,0.75,47,12,-22.0,7.18,q1,"(150, 150)",-0.0007490428835075587,0.06325796738776027,-1.6962386102477278e-19,0.06390434778994322
sequences,0.75,47,12,-22.0,7.18,q2,"(150, 50)",0.0023015858148929098,0.06501571728701623,-1.6962386102477278e-19,0.06390434778994322
sequences,0.75,47,12,-22.0,7.18,q3,"(50, 150)",-0.00023515734193603466,0.06432088885523327,-1.6962386102477278e-19,0.06390434778994322
sequences,0.75,47,12,-22.0,7.18,q4,"(50, 50)",0.0006999316695844801,0.06493742378460057,-1.6962386102477278e-19,0.06390434778994322
sequences,0.75,48,12,-22.0,7.18,q1,"(150, 150)",-3.17309968991605e-05,0.0642146930401369,-1.674684860743553e-19,0.06392551379511101
sequences,0.75,48,12,-22.0,7.18,q2,"(150, 50)",9.524942644118833e-05,0.06358100704056036,-1.674684860743553e-19,0.06392551379511101
sequences,0.75,48,12,-22.0,7.18,q3,"(50, 150)",7.11795561443501e-05,0.06368033366672801,-1.674684860743553e-19,0.06392551379511101
sequences,0.75,48,12,-22.0,7.18,q4,"(50, 50)",-0.00022121489507607,0.06302062262254532,-1.674684860743553e-19,0.06392551379511101
sequences,0.75,49,12,-22.0,7.18,q1,"(150, 150)",0.0007962578470547355,0.06363983269005258,2.9071953678176757e-19,0.06430304026339376
sequences,0.75,49,12,-22.0,7.18,q2,"(150, 50)",-0.002375644512491735,0.06569670120946125,2.9071953678176757e-19,0.06430304026339376
sequences,0.75,49,12,-22.0,7.18,q3,"(50, 150)",-0.001226785572749619,0.06523674848075275,2.9071953678176757e-19,0.06430304026339376
sequences,0.75,49,12,-22.0,7.18,q4,"(50, 50)",0.003855127000397143,0.0627314203934664,2.9071953678176757e-19,0.06430304026339376
